remark: source/int4_decoder_blocks.cpp:61:2: Inlining function 'int4_block_unpack_fp32_lanes(ap_uint<512> const&, ap_uint<32>*)' into 'int4_rms_sumsq_pe(ap_uint<512> const*, hls::stream<float, 0>&)'
remark: source/int4_decoder_blocks.cpp:69:22: Inlining function 'int4_block_bits_to_float(ap_uint<32>)' into 'int4_rms_sumsq_pe(ap_uint<512> const*, hls::stream<float, 0>&)'
remark: source/int4_decoder_blocks.cpp:97:22: Inlining function 'hls::rsqrtf(float)' into 'int4_rms_merge_and_rsqrt(hls::stream<float, 0>&, hls::stream<float, 0>&, hls::stream<float, 0>&, hls::stream<float, 0>&, float&)'
remark: source/int4_decoder_blocks.cpp:130:2: Inlining function 'int4_block_unpack_fp32_lanes(ap_uint<512> const&, ap_uint<32>*)' into 'int4_rms_normalize_quantize_pe(ap_uint<512> const*, ap_uint<512> const*, float, hls::stream<ap_uint<480>, 0>&, hls::stream<float, 0>&)'
remark: source/int4_decoder_blocks.cpp:161:13: Inlining function 'int4_block_bits_to_float(ap_uint<32>)' into 'int4_rms_normalize_quantize_pe(ap_uint<512> const*, ap_uint<512> const*, float, hls::stream<ap_uint<480>, 0>&, hls::stream<float, 0>&)'
remark: source/int4_decoder_blocks.cpp:151:21: Inlining function 'int4_block_float_to_bits(float)' into 'int4_rms_normalize_quantize_pe(ap_uint<512> const*, ap_uint<512> const*, float, hls::stream<ap_uint<480>, 0>&, hls::stream<float, 0>&)'
remark: source/int4_decoder_blocks.cpp:145:38: Inlining function 'int4_block_bits_to_float(ap_uint<32>)' into 'int4_rms_normalize_quantize_pe(ap_uint<512> const*, ap_uint<512> const*, float, hls::stream<ap_uint<480>, 0>&, hls::stream<float, 0>&)'
remark: source/int4_decoder_blocks.cpp:143:33: Inlining function 'int4_block_bits_to_float(ap_uint<32>)' into 'int4_rms_normalize_quantize_pe(ap_uint<512> const*, ap_uint<512> const*, float, hls::stream<ap_uint<480>, 0>&, hls::stream<float, 0>&)'
remark: source/int4_decoder_blocks.cpp:132:13: Inlining function 'int4_block_unpack_fp32_lanes(ap_uint<512> const&, ap_uint<32>*)' into 'int4_rms_normalize_quantize_pe(ap_uint<512> const*, ap_uint<512> const*, float, hls::stream<ap_uint<480>, 0>&, hls::stream<float, 0>&)'
remark: C:\scratch\2023.2\hls_product\689\2023.2\src\shared\hls\clib\hlsmath\src\c++\expfloat.cpp:22:9: Inlining function 'exp_reduce_::exp(float)' into 'hls::expf(float)'
remark: source/int4_decoder_blocks.cpp:732:2: Inlining function 'int4_block_unpack_fp32_lanes(ap_uint<512> const&, ap_uint<32>*)' into 'void int4_swiglu_quantize_pe<88>(ap_uint<512> const*, ap_uint<512> const*, hls::stream<ap_uint<480>, 0>&, hls::stream<float, 0>&)'
remark: source/int4_decoder_blocks.cpp:765:13: Inlining function 'int4_block_bits_to_float(ap_uint<32>)' into 'void int4_swiglu_quantize_pe<88>(ap_uint<512> const*, ap_uint<512> const*, hls::stream<ap_uint<480>, 0>&, hls::stream<float, 0>&)'
remark: source/int4_decoder_blocks.cpp:755:21: Inlining function 'int4_block_float_to_bits(float)' into 'void int4_swiglu_quantize_pe<88>(ap_uint<512> const*, ap_uint<512> const*, hls::stream<ap_uint<480>, 0>&, hls::stream<float, 0>&)'
remark: source/int4_decoder_blocks.cpp:749:36: Inlining function 'hls::expf(float)' into 'void int4_swiglu_quantize_pe<88>(ap_uint<512> const*, ap_uint<512> const*, hls::stream<ap_uint<480>, 0>&, hls::stream<float, 0>&)'
remark: source/int4_decoder_blocks.cpp:746:40: Inlining function 'int4_block_bits_to_float(ap_uint<32>)' into 'void int4_swiglu_quantize_pe<88>(ap_uint<512> const*, ap_uint<512> const*, hls::stream<ap_uint<480>, 0>&, hls::stream<float, 0>&)'
remark: source/int4_decoder_blocks.cpp:744:42: Inlining function 'int4_block_bits_to_float(ap_uint<32>)' into 'void int4_swiglu_quantize_pe<88>(ap_uint<512> const*, ap_uint<512> const*, hls::stream<ap_uint<480>, 0>&, hls::stream<float, 0>&)'
remark: source/int4_decoder_blocks.cpp:734:13: Inlining function 'int4_block_unpack_fp32_lanes(ap_uint<512> const&, ap_uint<32>*)' into 'void int4_swiglu_quantize_pe<88>(ap_uint<512> const*, ap_uint<512> const*, hls::stream<ap_uint<480>, 0>&, hls::stream<float, 0>&)'
remark: source/int4_decoder_blocks.cpp:811:2: Inlining function 'void int4_swiglu_quantize_pe<88>(ap_uint<512> const*, ap_uint<512> const*, hls::stream<ap_uint<480>, 0>&, hls::stream<float, 0>&)' into 'int4_swiglu_quantize_pe0(ap_uint<512> const*, ap_uint<512> const*, hls::stream<ap_uint<480>, 0>&, hls::stream<float, 0>&)'
remark: source/int4_decoder_blocks.cpp:822:2: Inlining function 'void int4_swiglu_quantize_pe<88>(ap_uint<512> const*, ap_uint<512> const*, hls::stream<ap_uint<480>, 0>&, hls::stream<float, 0>&)' into 'int4_swiglu_quantize_pe1(ap_uint<512> const*, ap_uint<512> const*, hls::stream<ap_uint<480>, 0>&, hls::stream<float, 0>&)'
remark: source/int4_decoder_blocks.cpp:732:2: Inlining function 'int4_block_unpack_fp32_lanes(ap_uint<512> const&, ap_uint<32>*)' into 'void int4_swiglu_quantize_pe<84>(ap_uint<512> const*, ap_uint<512> const*, hls::stream<ap_uint<480>, 0>&, hls::stream<float, 0>&)'
remark: source/int4_decoder_blocks.cpp:765:13: Inlining function 'int4_block_bits_to_float(ap_uint<32>)' into 'void int4_swiglu_quantize_pe<84>(ap_uint<512> const*, ap_uint<512> const*, hls::stream<ap_uint<480>, 0>&, hls::stream<float, 0>&)'
remark: source/int4_decoder_blocks.cpp:755:21: Inlining function 'int4_block_float_to_bits(float)' into 'void int4_swiglu_quantize_pe<84>(ap_uint<512> const*, ap_uint<512> const*, hls::stream<ap_uint<480>, 0>&, hls::stream<float, 0>&)'
remark: source/int4_decoder_blocks.cpp:749:36: Inlining function 'hls::expf(float)' into 'void int4_swiglu_quantize_pe<84>(ap_uint<512> const*, ap_uint<512> const*, hls::stream<ap_uint<480>, 0>&, hls::stream<float, 0>&)'
remark: source/int4_decoder_blocks.cpp:746:40: Inlining function 'int4_block_bits_to_float(ap_uint<32>)' into 'void int4_swiglu_quantize_pe<84>(ap_uint<512> const*, ap_uint<512> const*, hls::stream<ap_uint<480>, 0>&, hls::stream<float, 0>&)'
remark: source/int4_decoder_blocks.cpp:744:42: Inlining function 'int4_block_bits_to_float(ap_uint<32>)' into 'void int4_swiglu_quantize_pe<84>(ap_uint<512> const*, ap_uint<512> const*, hls::stream<ap_uint<480>, 0>&, hls::stream<float, 0>&)'
remark: source/int4_decoder_blocks.cpp:734:13: Inlining function 'int4_block_unpack_fp32_lanes(ap_uint<512> const&, ap_uint<32>*)' into 'void int4_swiglu_quantize_pe<84>(ap_uint<512> const*, ap_uint<512> const*, hls::stream<ap_uint<480>, 0>&, hls::stream<float, 0>&)'
remark: source/int4_decoder_blocks.cpp:833:2: Inlining function 'void int4_swiglu_quantize_pe<84>(ap_uint<512> const*, ap_uint<512> const*, hls::stream<ap_uint<480>, 0>&, hls::stream<float, 0>&)' into 'int4_swiglu_quantize_pe2(ap_uint<512> const*, ap_uint<512> const*, hls::stream<ap_uint<480>, 0>&, hls::stream<float, 0>&)'
remark: source/int4_decoder_blocks.cpp:844:2: Inlining function 'void int4_swiglu_quantize_pe<84>(ap_uint<512> const*, ap_uint<512> const*, hls::stream<ap_uint<480>, 0>&, hls::stream<float, 0>&)' into 'int4_swiglu_quantize_pe3(ap_uint<512> const*, ap_uint<512> const*, hls::stream<ap_uint<480>, 0>&, hls::stream<float, 0>&)'
remark: source/int4_linear_controller.cpp:805:27: Inlining function 'int4_pack_linear_pe_command(int, int, bool, bool)' into 'int4_broadcast_linear_commands(hls::stream<ap_uint<14>, 0>&, hls::stream<ap_uint<14>, 0>&, hls::stream<ap_uint<14>, 0>&, hls::stream<ap_uint<14>, 0>&, int, int, int, int, int, bool, bool)'
remark: source/int4_linear_controller.cpp:811:30: Inlining function 'int4_pack_linear_pe_command(int, int, bool, bool)' into 'int4_broadcast_linear_commands(hls::stream<ap_uint<14>, 0>&, hls::stream<ap_uint<14>, 0>&, hls::stream<ap_uint<14>, 0>&, hls::stream<ap_uint<14>, 0>&, int, int, int, int, int, bool, bool)'
remark: source/int4_linear_controller.cpp:809:30: Inlining function 'int4_pack_linear_pe_command(int, int, bool, bool)' into 'int4_broadcast_linear_commands(hls::stream<ap_uint<14>, 0>&, hls::stream<ap_uint<14>, 0>&, hls::stream<ap_uint<14>, 0>&, hls::stream<ap_uint<14>, 0>&, int, int, int, int, int, bool, bool)'
remark: source/int4_linear_controller.cpp:807:30: Inlining function 'int4_pack_linear_pe_command(int, int, bool, bool)' into 'int4_broadcast_linear_commands(hls::stream<ap_uint<14>, 0>&, hls::stream<ap_uint<14>, 0>&, hls::stream<ap_uint<14>, 0>&, hls::stream<ap_uint<14>, 0>&, int, int, int, int, int, bool, bool)'
remark: source/int4_linear_controller.cpp:314:18: Inlining function 'int4_bits_to_float(ap_uint<32>)' into 'int4_broadcast_activation(ap_uint<480>*, ap_uint<512>*, hls::stream<ap_uint<480>, 0>&, hls::stream<float, 0>&, bool, hls::stream<ap_uint<480>, 0>&, hls::stream<ap_uint<480>, 0>&, hls::stream<ap_uint<480>, 0>&, hls::stream<ap_uint<480>, 0>&, hls::stream<float, 0>&, hls::stream<float, 0>&, hls::stream<float, 0>&, hls::stream<float, 0>&, int, int, int, int, int)'
remark: source/int4_linear_controller.cpp:301:17: Inlining function 'int4_float_to_bits(float)' into 'int4_broadcast_activation(ap_uint<480>*, ap_uint<512>*, hls::stream<ap_uint<480>, 0>&, hls::stream<float, 0>&, bool, hls::stream<ap_uint<480>, 0>&, hls::stream<ap_uint<480>, 0>&, hls::stream<ap_uint<480>, 0>&, hls::stream<ap_uint<480>, 0>&, hls::stream<float, 0>&, hls::stream<float, 0>&, hls::stream<float, 0>&, hls::stream<float, 0>&, int, int, int, int, int)'
remark: source/int4_linear_controller.cpp:516:29: Inlining function 'int4_unpack_pair_sum(ap_int<46>, ap_int<23>&, ap_int<23>&)' into 'int4_stream_integer_blocks(hls::stream<ap_uint<512>, 0>&, hls::stream<ap_uint<480>, 0>&, hls::stream<ap_uint<92>, 0>&, int, int)'
remark: source/int4_linear_controller.cpp:515:29: Inlining function 'int4_unpack_pair_sum(ap_int<46>, ap_int<23>&, ap_int<23>&)' into 'int4_stream_integer_blocks(hls::stream<ap_uint<512>, 0>&, hls::stream<ap_uint<480>, 0>&, hls::stream<ap_uint<92>, 0>&, int, int)'
remark: source/int4_linear_controller.cpp:507:41: Inlining function 'int4_pack_two_weights(ap_int<4>, ap_int<4>)' into 'int4_stream_integer_blocks(hls::stream<ap_uint<512>, 0>&, hls::stream<ap_uint<480>, 0>&, hls::stream<ap_uint<92>, 0>&, int, int)'
remark: source/int4_linear_controller.cpp:69:12: Inlining function 'int4_bits_to_float(ap_uint<32>)' into 'int4_half_bits_to_float(ap_uint<16>)'
remark: source/int4_linear_controller.cpp:643:29: Inlining function 'int4_float_to_bits(float)' into 'int4_dequantize_final_blocks(hls::stream<ap_uint<92>, 0>&, hls::stream<float, 0>&, hls::stream<ap_uint<128>, 0>&, ap_uint<512> const*, int, int)'
remark: source/int4_linear_controller.cpp:597:25: Inlining function 'int4_half_bits_to_float(ap_uint<16>)' into 'int4_dequantize_final_blocks(hls::stream<ap_uint<92>, 0>&, hls::stream<float, 0>&, hls::stream<ap_uint<128>, 0>&, ap_uint<512> const*, int, int)'
remark: source/int4_linear_controller.cpp:74:27: Inlining function 'int4_float_to_bits(float)' into 'int4_float_to_fxp_bits(float)'
remark: source/int4_linear_controller.cpp:679:19: Inlining function 'int4_float_to_fxp_bits(float)' into 'int4_pack_dequantized_outputs(hls::stream<ap_uint<128>, 0>&, hls::stream<ap_uint<512>, 0>&, int, bool)'
remark: source/int4_linear_controller.cpp:680:23: Inlining function 'int4_bits_to_float(ap_uint<32>)' into 'int4_pack_dequantized_outputs(hls::stream<ap_uint<128>, 0>&, hls::stream<ap_uint<512>, 0>&, int, bool)'
remark: source/int4_linear_controller.cpp:762:21: Inlining function 'int4_float_to_bits(float)' into 'int4_write_outputs(hls::stream<ap_uint<512>, 0>&, ap_uint<512>*, int, bool)'
remark: source/int4_linear_controller.cpp:741:21: Inlining function 'int4_bits_to_float(ap_uint<32>)' into 'int4_write_outputs(hls::stream<ap_uint<512>, 0>&, ap_uint<512>*, int, bool)'
remark: source/int4_linear_controller.cpp:737:21: Inlining function 'int4_bits_to_float(ap_uint<32>)' into 'int4_write_outputs(hls::stream<ap_uint<512>, 0>&, ap_uint<512>*, int, bool)'
remark: source/int4_linear_controller.cpp:1491:5: Inlining function 'int4_advance_controller_after_linear(Int4Controller&)' into 'int4_linear_4pe_from_stream(ap_uint<512> const*, ap_uint<512> const*, ap_uint<512> const*, ap_uint<512> const*, ap_uint<512> const*, ap_uint<512> const*, ap_uint<512> const*, ap_uint<512> const*, ap_uint<480>*, ap_uint<512>*, hls::stream<ap_uint<480>, 0>&, hls::stream<float, 0>&, bool, ap_uint<512>*, ap_uint<512>*, ap_uint<512>*, ap_uint<512>*, Int4Controller&)'
remark: source/int4_linear_controller.cpp:1490:5: Inlining function 'int4_advance_model_offsets_after_linear(Int4Controller&)' into 'int4_linear_4pe_from_stream(ap_uint<512> const*, ap_uint<512> const*, ap_uint<512> const*, ap_uint<512> const*, ap_uint<512> const*, ap_uint<512> const*, ap_uint<512> const*, ap_uint<512> const*, ap_uint<480>*, ap_uint<512>*, hls::stream<ap_uint<480>, 0>&, hls::stream<float, 0>&, bool, ap_uint<512>*, ap_uint<512>*, ap_uint<512>*, ap_uint<512>*, Int4Controller&)'
remark: source/int4_linear_controller.cpp:1457:9: Inlining function 'int4_linear_shape_from_controller(Int4Controller const&)' into 'int4_linear_4pe_from_stream(ap_uint<512> const*, ap_uint<512> const*, ap_uint<512> const*, ap_uint<512> const*, ap_uint<512> const*, ap_uint<512> const*, ap_uint<512> const*, ap_uint<512> const*, ap_uint<480>*, ap_uint<512>*, hls::stream<ap_uint<480>, 0>&, hls::stream<float, 0>&, bool, ap_uint<512>*, ap_uint<512>*, ap_uint<512>*, ap_uint<512>*, Int4Controller&)'
remark: source/int4_linear_controller.cpp:1477:9: Inlining function 'int4_local_tile_count(int, int)' into 'int4_linear_4pe_from_stream(ap_uint<512> const*, ap_uint<512> const*, ap_uint<512> const*, ap_uint<512> const*, ap_uint<512> const*, ap_uint<512> const*, ap_uint<512> const*, ap_uint<512> const*, ap_uint<480>*, ap_uint<512>*, hls::stream<ap_uint<480>, 0>&, hls::stream<float, 0>&, bool, ap_uint<512>*, ap_uint<512>*, ap_uint<512>*, ap_uint<512>*, Int4Controller&)'
remark: source/int4_linear_controller.cpp:1475:9: Inlining function 'int4_local_tile_count(int, int)' into 'int4_linear_4pe_from_stream(ap_uint<512> const*, ap_uint<512> const*, ap_uint<512> const*, ap_uint<512> const*, ap_uint<512> const*, ap_uint<512> const*, ap_uint<512> const*, ap_uint<512> const*, ap_uint<480>*, ap_uint<512>*, hls::stream<ap_uint<480>, 0>&, hls::stream<float, 0>&, bool, ap_uint<512>*, ap_uint<512>*, ap_uint<512>*, ap_uint<512>*, Int4Controller&)'
remark: source/int4_linear_controller.cpp:1473:9: Inlining function 'int4_local_tile_count(int, int)' into 'int4_linear_4pe_from_stream(ap_uint<512> const*, ap_uint<512> const*, ap_uint<512> const*, ap_uint<512> const*, ap_uint<512> const*, ap_uint<512> const*, ap_uint<512> const*, ap_uint<512> const*, ap_uint<480>*, ap_uint<512>*, hls::stream<ap_uint<480>, 0>&, hls::stream<float, 0>&, bool, ap_uint<512>*, ap_uint<512>*, ap_uint<512>*, ap_uint<512>*, Int4Controller&)'
remark: source/int4_linear_controller.cpp:1471:9: Inlining function 'int4_local_tile_count(int, int)' into 'int4_linear_4pe_from_stream(ap_uint<512> const*, ap_uint<512> const*, ap_uint<512> const*, ap_uint<512> const*, ap_uint<512> const*, ap_uint<512> const*, ap_uint<512> const*, ap_uint<512> const*, ap_uint<480>*, ap_uint<512>*, hls::stream<ap_uint<480>, 0>&, hls::stream<float, 0>&, bool, ap_uint<512>*, ap_uint<512>*, ap_uint<512>*, ap_uint<512>*, Int4Controller&)'
remark: source/swiftkv_attention.cpp:1791:9: Inlining function 'swiftkv_pack_pe_command(ap_uint<6>, ap_uint<12>)' into 'swiftkv_broadcast_pe_commands(hls::stream<ap_uint<18>, 0>&, hls::stream<ap_uint<18>, 0>&, hls::stream<ap_uint<18>, 0>&, hls::stream<ap_uint<18>, 0>&, ap_uint<6>, ap_uint<12>)'
remark: source/swiftkv_attention.cpp:358:32: Inlining function 'swiftkv_raw_magnitude(ap_int<32>)' into 'swiftkv_quantize_kv_raw(ap_int<32>, ap_uint<5>)'
remark: source/swiftkv_attention.cpp:515:21: Inlining function 'swiftkv_quantize_kv_raw(ap_int<32>, ap_uint<5>)' into 'swiftkv_quantize_kv_record(ap_uint<512> const*, ap_uint<512> const*, ap_uint<512>*)'
remark: source/swiftkv_attention.cpp:513:21: Inlining function 'swiftkv_quantize_kv_raw(ap_int<32>, ap_uint<5>)' into 'swiftkv_quantize_kv_record(ap_uint<512> const*, ap_uint<512> const*, ap_uint<512>*)'
remark: source/swiftkv_attention.cpp:487:13: Inlining function 'swiftkv_kv_power2_shift(ap_uint<32>)' into 'swiftkv_quantize_kv_record(ap_uint<512> const*, ap_uint<512> const*, ap_uint<512>*)'
remark: source/swiftkv_attention.cpp:485:13: Inlining function 'swiftkv_kv_power2_shift(ap_uint<32>)' into 'swiftkv_quantize_kv_record(ap_uint<512> const*, ap_uint<512> const*, ap_uint<512>*)'
remark: source/swiftkv_attention.cpp:458:21: Inlining function 'swiftkv_raw_magnitude(ap_int<32>)' into 'swiftkv_quantize_kv_record(ap_uint<512> const*, ap_uint<512> const*, ap_uint<512>*)'
remark: source/swiftkv_attention.cpp:456:21: Inlining function 'swiftkv_raw_magnitude(ap_int<32>)' into 'swiftkv_quantize_kv_record(ap_uint<512> const*, ap_uint<512> const*, ap_uint<512>*)'
remark: source/swiftkv_attention.cpp:614:5: Inlining function 'swiftkv_split_update_word(ap_uint<512>, ap_uint<128>&, ap_uint<128>&, ap_uint<128>&, ap_uint<128>&)' into 'swiftkv_write_split_update_word(ap_uint<512>, hls::stream<ap_uint<128>, 0>&, hls::stream<ap_uint<128>, 0>&, hls::stream<ap_uint<128>, 0>&, hls::stream<ap_uint<128>, 0>&)'
remark: source/swiftkv_attention.cpp:653:9: Inlining function 'swiftkv_write_split_update_word(ap_uint<512>, hls::stream<ap_uint<128>, 0>&, hls::stream<ap_uint<128>, 0>&, hls::stream<ap_uint<128>, 0>&, hls::stream<ap_uint<128>, 0>&)' into 'swiftkv_route_compressed_kv_word(int, ap_uint<512>, hls::stream<ap_uint<40>, 0>&, hls::stream<ap_uint<40>, 0>&, hls::stream<ap_uint<512>, 0>&, hls::stream<ap_uint<512>, 0>&, hls::stream<ap_uint<128>, 0>&, hls::stream<ap_uint<128>, 0>&, hls::stream<ap_uint<128>, 0>&, hls::stream<ap_uint<128>, 0>&, hls::stream<ap_uint<128>, 0>&, hls::stream<ap_uint<128>, 0>&, hls::stream<ap_uint<128>, 0>&, hls::stream<ap_uint<128>, 0>&)'
remark: source/swiftkv_attention.cpp:648:9: Inlining function 'swiftkv_write_split_update_word(ap_uint<512>, hls::stream<ap_uint<128>, 0>&, hls::stream<ap_uint<128>, 0>&, hls::stream<ap_uint<128>, 0>&, hls::stream<ap_uint<128>, 0>&)' into 'swiftkv_route_compressed_kv_word(int, ap_uint<512>, hls::stream<ap_uint<40>, 0>&, hls::stream<ap_uint<40>, 0>&, hls::stream<ap_uint<512>, 0>&, hls::stream<ap_uint<512>, 0>&, hls::stream<ap_uint<128>, 0>&, hls::stream<ap_uint<128>, 0>&, hls::stream<ap_uint<128>, 0>&, hls::stream<ap_uint<128>, 0>&, hls::stream<ap_uint<128>, 0>&, hls::stream<ap_uint<128>, 0>&, hls::stream<ap_uint<128>, 0>&, hls::stream<ap_uint<128>, 0>&)'
remark: source/swiftkv_attention.cpp:732:2: Inlining function 'swiftkv_route_compressed_kv_word(int, ap_uint<512>, hls::stream<ap_uint<40>, 0>&, hls::stream<ap_uint<40>, 0>&, hls::stream<ap_uint<512>, 0>&, hls::stream<ap_uint<512>, 0>&, hls::stream<ap_uint<128>, 0>&, hls::stream<ap_uint<128>, 0>&, hls::stream<ap_uint<128>, 0>&, hls::stream<ap_uint<128>, 0>&, hls::stream<ap_uint<128>, 0>&, hls::stream<ap_uint<128>, 0>&, hls::stream<ap_uint<128>, 0>&, hls::stream<ap_uint<128>, 0>&)' into 'swiftkv_route_compressed_kv_cache(ap_uint<12>, ap_uint<512> const*, hls::stream<ap_uint<512>, 0>&, hls::stream<ap_uint<40>, 0>&, hls::stream<ap_uint<40>, 0>&, hls::stream<ap_uint<512>, 0>&, hls::stream<ap_uint<512>, 0>&, hls::stream<ap_uint<128>, 0>&, hls::stream<ap_uint<128>, 0>&, hls::stream<ap_uint<128>, 0>&, hls::stream<ap_uint<128>, 0>&, hls::stream<ap_uint<128>, 0>&, hls::stream<ap_uint<128>, 0>&, hls::stream<ap_uint<128>, 0>&, hls::stream<ap_uint<128>, 0>&)'
remark: source/swiftkv_attention.cpp:717:9: Inlining function 'swiftkv_route_compressed_kv_word(int, ap_uint<512>, hls::stream<ap_uint<40>, 0>&, hls::stream<ap_uint<40>, 0>&, hls::stream<ap_uint<512>, 0>&, hls::stream<ap_uint<512>, 0>&, hls::stream<ap_uint<128>, 0>&, hls::stream<ap_uint<128>, 0>&, hls::stream<ap_uint<128>, 0>&, hls::stream<ap_uint<128>, 0>&, hls::stream<ap_uint<128>, 0>&, hls::stream<ap_uint<128>, 0>&, hls::stream<ap_uint<128>, 0>&, hls::stream<ap_uint<128>, 0>&)' into 'swiftkv_route_compressed_kv_cache(ap_uint<12>, ap_uint<512> const*, hls::stream<ap_uint<512>, 0>&, hls::stream<ap_uint<40>, 0>&, hls::stream<ap_uint<40>, 0>&, hls::stream<ap_uint<512>, 0>&, hls::stream<ap_uint<512>, 0>&, hls::stream<ap_uint<128>, 0>&, hls::stream<ap_uint<128>, 0>&, hls::stream<ap_uint<128>, 0>&, hls::stream<ap_uint<128>, 0>&, hls::stream<ap_uint<128>, 0>&, hls::stream<ap_uint<128>, 0>&, hls::stream<ap_uint<128>, 0>&, hls::stream<ap_uint<128>, 0>&)'
remark: source/swiftkv_attention.cpp:901:13: Inlining function 'swiftkv_dot16_int8(ap_fixed<32, 15, (ap_q_mode)4, (ap_o_mode)0, 0> const*, ap_uint<128>, ap_uint<5>)' into 'swiftkv_process_compressed_kv(ap_fixed<32, 15, (ap_q_mode)4, (ap_o_mode)0, 0> const*, hls::stream<ap_uint<40>, 0>&, hls::stream<ap_uint<512>, 0>&, hls::stream<ap_uint<512>, 0>&, ap_uint<12>, hls::stream<ap_fixed<32, 15, (ap_q_mode)4, (ap_o_mode)0, 0>, 0>&)'
remark: source/swiftkv_attention.cpp:1112:17: Inlining function 'swiftkv_exp_negative(ap_fixed<32, 15, (ap_q_mode)4, (ap_o_mode)0, 0>)' into 'swiftkv_coefficient_producer(hls::stream<ap_fixed<32, 15, (ap_q_mode)4, (ap_o_mode)0, 0>, 0>&, ap_uint<12>, hls::stream<ap_uint<19>, 0>&, hls::stream<ap_fixed<32, 15, (ap_q_mode)4, (ap_o_mode)0, 0>, 0>&)'
remark: source/swiftkv_attention.cpp:1105:17: Inlining function 'swiftkv_exp_negative(ap_fixed<32, 15, (ap_q_mode)4, (ap_o_mode)0, 0>)' into 'swiftkv_coefficient_producer(hls::stream<ap_fixed<32, 15, (ap_q_mode)4, (ap_o_mode)0, 0>, 0>&, ap_uint<12>, hls::stream<ap_uint<19>, 0>&, hls::stream<ap_fixed<32, 15, (ap_q_mode)4, (ap_o_mode)0, 0>, 0>&)'
remark: source/swiftkv_attention.cpp:1303:17: Inlining function 'swiftkv_dequantize_kv_raw(ap_int<8>, ap_uint<5>)' into 'void swiftkv_update_value_engine<0>(hls::stream<ap_uint<57>, 0>&, ap_uint<12>, ap_fixed<32, 15, (ap_q_mode)4, (ap_o_mode)0, 0>*)'
remark: source/swiftkv_attention.cpp:1303:17: Inlining function 'swiftkv_dequantize_kv_raw(ap_int<8>, ap_uint<5>)' into 'void swiftkv_update_value_engine<1>(hls::stream<ap_uint<57>, 0>&, ap_uint<12>, ap_fixed<32, 15, (ap_q_mode)4, (ap_o_mode)0, 0>*)'
remark: source/swiftkv_attention.cpp:1303:17: Inlining function 'swiftkv_dequantize_kv_raw(ap_int<8>, ap_uint<5>)' into 'void swiftkv_update_value_engine<2>(hls::stream<ap_uint<57>, 0>&, ap_uint<12>, ap_fixed<32, 15, (ap_q_mode)4, (ap_o_mode)0, 0>*)'
remark: source/swiftkv_attention.cpp:1303:17: Inlining function 'swiftkv_dequantize_kv_raw(ap_int<8>, ap_uint<5>)' into 'void swiftkv_update_value_engine<3>(hls::stream<ap_uint<57>, 0>&, ap_uint<12>, ap_fixed<32, 15, (ap_q_mode)4, (ap_o_mode)0, 0>*)'
remark: source/swiftkv_attention.cpp:1938:25: Inlining function 'swiftkv_fxp_to_bits(ap_fixed<32, 15, (ap_q_mode)4, (ap_o_mode)0, 0>)' into 'swiftkv_run_bank(ap_uint<512> const*, ap_uint<512> const*, ap_uint<512> const*, ap_uint<512>*, hls::stream<ap_int<19>, 0>&, hls::stream<ap_int<19>, 0>&, hls::stream<ap_uint<480>, 0>&, hls::stream<float, 0>&, ap_uint<6>, ap_uint<12>)'
remark: source/swiftkv_attention.cpp:1936:25: Inlining function 'swiftkv_fxp_to_bits(ap_fixed<32, 15, (ap_q_mode)4, (ap_o_mode)0, 0>)' into 'swiftkv_run_bank(ap_uint<512> const*, ap_uint<512> const*, ap_uint<512> const*, ap_uint<512>*, hls::stream<ap_int<19>, 0>&, hls::stream<ap_int<19>, 0>&, hls::stream<ap_uint<480>, 0>&, hls::stream<float, 0>&, ap_uint<6>, ap_uint<12>)'
remark: source/swiftkv_attention.cpp:1927:21: Inlining function 'swiftkv_q17_mul_add_rope_raw(ap_int<32>, ap_int<19>, ap_int<32>, ap_int<19>, bool)' into 'swiftkv_run_bank(ap_uint<512> const*, ap_uint<512> const*, ap_uint<512> const*, ap_uint<512>*, hls::stream<ap_int<19>, 0>&, hls::stream<ap_int<19>, 0>&, hls::stream<ap_uint<480>, 0>&, hls::stream<float, 0>&, ap_uint<6>, ap_uint<12>)'
remark: source/swiftkv_attention.cpp:1924:21: Inlining function 'swiftkv_q17_mul_add_rope_raw(ap_int<32>, ap_int<19>, ap_int<32>, ap_int<19>, bool)' into 'swiftkv_run_bank(ap_uint<512> const*, ap_uint<512> const*, ap_uint<512> const*, ap_uint<512>*, hls::stream<ap_int<19>, 0>&, hls::stream<ap_int<19>, 0>&, hls::stream<ap_uint<480>, 0>&, hls::stream<float, 0>&, ap_uint<6>, ap_uint<12>)'
remark: source/swiftkv_attention.cpp:2127:21: Inlining function 'swiftkv_float_to_bits(float)' into 'swiftkv_gather_attention_streams(hls::stream<ap_uint<480>, 0>&, hls::stream<ap_uint<480>, 0>&, hls::stream<ap_uint<480>, 0>&, hls::stream<ap_uint<480>, 0>&, hls::stream<float, 0>&, hls::stream<float, 0>&, hls::stream<float, 0>&, hls::stream<float, 0>&, ap_uint<480>*, ap_uint<512>*)'
remark: source/swiftkv_attention.cpp:1290:9: Loop 'update_value_engine_lane_loop' is marked as complete unroll implied by the pipeline pragma
remark: source/swiftkv_attention.cpp:1252:9: Loop 'initialize_weighted_value_engine_lane_loop' is marked as complete unroll implied by the pipeline pragma
remark: source/swiftkv_attention.cpp:1290:9: Loop 'update_value_engine_lane_loop' is marked as complete unroll implied by the pipeline pragma
remark: source/swiftkv_attention.cpp:1252:9: Loop 'initialize_weighted_value_engine_lane_loop' is marked as complete unroll implied by the pipeline pragma
remark: source/swiftkv_attention.cpp:1290:9: Loop 'update_value_engine_lane_loop' is marked as complete unroll implied by the pipeline pragma
remark: source/swiftkv_attention.cpp:1252:9: Loop 'initialize_weighted_value_engine_lane_loop' is marked as complete unroll implied by the pipeline pragma
remark: source/swiftkv_attention.cpp:1290:9: Loop 'update_value_engine_lane_loop' is marked as complete unroll implied by the pipeline pragma
remark: source/swiftkv_attention.cpp:1252:9: Loop 'initialize_weighted_value_engine_lane_loop' is marked as complete unroll implied by the pipeline pragma
remark: source/swiftkv_attention.cpp:1199:13: Loop 'extract_prepare_engine_value_shift_loop' is marked as complete unroll implied by the pipeline pragma
remark: source/swiftkv_attention.cpp:1199:13: Loop 'extract_prepare_engine_value_shift_loop' is marked as complete unroll implied by the pipeline pragma
remark: source/swiftkv_attention.cpp:1199:13: Loop 'extract_prepare_engine_value_shift_loop' is marked as complete unroll implied by the pipeline pragma
remark: source/swiftkv_attention.cpp:1199:13: Loop 'extract_prepare_engine_value_shift_loop' is marked as complete unroll implied by the pipeline pragma
remark: source/swiftkv_attention.cpp:868:13: Loop 'split_compressed_key_loop' is marked as complete unroll implied by the pipeline pragma
remark: source/swiftkv_attention.cpp:878:13: Loop 'extract_key_shift_loop' is marked as complete unroll implied by the pipeline pragma
remark: source/swiftkv_attention.cpp:894:9: Loop 'load_compressed_dot_query_loop' is marked as complete unroll implied by the pipeline pragma
remark: source/swiftkv_attention.cpp:785:5: Loop 'dot_int8_lane_loop' is marked as complete unroll implied by the pipeline pragma
remark: source/swiftkv_attention.cpp:794:5: Loop 'dot_int8_reduce_8_loop' is marked as complete unroll implied by the pipeline pragma
remark: source/swiftkv_attention.cpp:801:5: Loop 'dot_int8_reduce_4_loop' is marked as complete unroll implied by the pipeline pragma
remark: source/swiftkv_attention.cpp:808:5: Loop 'dot_int8_reduce_2_loop' is marked as complete unroll implied by the pipeline pragma
remark: source/swiftkv_attention.cpp:555:5: Loop 'split_update_word_phase_loop' is marked as complete unroll implied by the pipeline pragma
remark: source/swiftkv_attention.cpp:561:9: Loop 'split_update_word_engine_loop' is marked as complete unroll implied by the pipeline pragma
remark: source/swiftkv_attention.cpp:555:5: Loop 'split_update_word_phase_loop' is marked as complete unroll implied by the pipeline pragma
remark: source/swiftkv_attention.cpp:561:9: Loop 'split_update_word_engine_loop' is marked as complete unroll implied by the pipeline pragma
remark: source/swiftkv_attention.cpp:555:5: Loop 'split_update_word_phase_loop' is marked as complete unroll implied by the pipeline pragma
remark: source/swiftkv_attention.cpp:561:9: Loop 'split_update_word_engine_loop' is marked as complete unroll implied by the pipeline pragma
remark: source/swiftkv_attention.cpp:555:5: Loop 'split_update_word_phase_loop' is marked as complete unroll implied by the pipeline pragma
remark: source/swiftkv_attention.cpp:561:9: Loop 'split_update_word_engine_loop' is marked as complete unroll implied by the pipeline pragma
remark: source/swiftkv_attention.cpp:452:13: Loop 'find_kv_group_max_lane_loop' is marked as complete unroll implied by the pipeline pragma
remark: source/swiftkv_attention.cpp:509:13: Loop 'quantize_kv_group_lane_loop' is marked as complete unroll implied by the pipeline pragma
remark: source/int4_linear_controller.cpp:45:13: Loop 'half_normalize_loop' is marked as complete unroll implied by the pipeline pragma
remark: source/int4_linear_controller.cpp:620:13: Loop 'dequant_lane_loop' is marked as complete unroll implied by the pipeline pragma
remark: source/int4_linear_controller.cpp:486:29: Loop 'integer_mac_lane_loop' is marked as complete unroll implied by the pipeline pragma
remark: source/int4_linear_controller.cpp:496:33: Loop 'integer_mac_pair_loop' is marked as complete unroll implied by the pipeline pragma
remark: source/swiftkv_attention.cpp:1245:0: Unrolling loop 'update_value_engine_lane_loop' (source/swiftkv_attention.cpp:1290:9) in function 'swiftkv_update_value_engine<3>' completely with a factor of 4
remark: source/swiftkv_attention.cpp:1245:0: Unrolling loop 'initialize_weighted_value_engine_lane_loop' (source/swiftkv_attention.cpp:1252:9) in function 'swiftkv_update_value_engine<3>' completely with a factor of 4
remark: source/swiftkv_attention.cpp:1245:0: Unrolling loop 'update_value_engine_lane_loop' (source/swiftkv_attention.cpp:1290:9) in function 'swiftkv_update_value_engine<2>' completely with a factor of 4
remark: source/swiftkv_attention.cpp:1245:0: Unrolling loop 'initialize_weighted_value_engine_lane_loop' (source/swiftkv_attention.cpp:1252:9) in function 'swiftkv_update_value_engine<2>' completely with a factor of 4
remark: source/swiftkv_attention.cpp:1245:0: Unrolling loop 'update_value_engine_lane_loop' (source/swiftkv_attention.cpp:1290:9) in function 'swiftkv_update_value_engine<1>' completely with a factor of 4
remark: source/swiftkv_attention.cpp:1245:0: Unrolling loop 'initialize_weighted_value_engine_lane_loop' (source/swiftkv_attention.cpp:1252:9) in function 'swiftkv_update_value_engine<1>' completely with a factor of 4
remark: source/swiftkv_attention.cpp:1245:0: Unrolling loop 'update_value_engine_lane_loop' (source/swiftkv_attention.cpp:1290:9) in function 'swiftkv_update_value_engine<0>' completely with a factor of 4
remark: source/swiftkv_attention.cpp:1245:0: Unrolling loop 'initialize_weighted_value_engine_lane_loop' (source/swiftkv_attention.cpp:1252:9) in function 'swiftkv_update_value_engine<0>' completely with a factor of 4
remark: source/swiftkv_attention.cpp:1169:0: Unrolling loop 'extract_prepare_engine_value_shift_loop' (source/swiftkv_attention.cpp:1199:13) in function 'swiftkv_prepare_update_engine_phases<3>' completely with a factor of 4
remark: source/swiftkv_attention.cpp:1169:0: Unrolling loop 'extract_prepare_engine_value_shift_loop' (source/swiftkv_attention.cpp:1199:13) in function 'swiftkv_prepare_update_engine_phases<2>' completely with a factor of 4
remark: source/swiftkv_attention.cpp:1169:0: Unrolling loop 'extract_prepare_engine_value_shift_loop' (source/swiftkv_attention.cpp:1199:13) in function 'swiftkv_prepare_update_engine_phases<1>' completely with a factor of 4
remark: source/swiftkv_attention.cpp:1169:0: Unrolling loop 'extract_prepare_engine_value_shift_loop' (source/swiftkv_attention.cpp:1199:13) in function 'swiftkv_prepare_update_engine_phases<0>' completely with a factor of 4
remark: source/swiftkv_attention.cpp:841:0: Unrolling loop 'split_compressed_key_loop' (source/swiftkv_attention.cpp:868:13) in function 'swiftkv_process_compressed_kv' completely with a factor of 4
remark: source/swiftkv_attention.cpp:841:0: Unrolling loop 'extract_key_shift_loop' (source/swiftkv_attention.cpp:878:13) in function 'swiftkv_process_compressed_kv' completely with a factor of 4
remark: source/swiftkv_attention.cpp:841:0: Unrolling loop 'load_compressed_dot_query_loop' (source/swiftkv_attention.cpp:894:9) in function 'swiftkv_process_compressed_kv' completely with a factor of 16
remark: source/swiftkv_attention.cpp:841:0: Unrolling loop 'dot_int8_lane_loop' (source/swiftkv_attention.cpp:785:5) in function 'swiftkv_process_compressed_kv' completely with a factor of 16
remark: source/swiftkv_attention.cpp:841:0: Unrolling loop 'dot_int8_reduce_8_loop' (source/swiftkv_attention.cpp:794:5) in function 'swiftkv_process_compressed_kv' completely with a factor of 8
remark: source/swiftkv_attention.cpp:841:0: Unrolling loop 'dot_int8_reduce_4_loop' (source/swiftkv_attention.cpp:801:5) in function 'swiftkv_process_compressed_kv' completely with a factor of 4
remark: source/swiftkv_attention.cpp:841:0: Unrolling loop 'dot_int8_reduce_2_loop' (source/swiftkv_attention.cpp:808:5) in function 'swiftkv_process_compressed_kv' completely with a factor of 2
remark: source/swiftkv_attention.cpp:705:0: Unrolling loop 'split_update_word_phase_loop' (source/swiftkv_attention.cpp:555:5) in function 'swiftkv_route_compressed_kv_cache' completely with a factor of 4
remark: source/swiftkv_attention.cpp:705:0: Unrolling loop 'split_update_word_engine_loop' (source/swiftkv_attention.cpp:561:9) in function 'swiftkv_route_compressed_kv_cache' completely with a factor of 4
remark: source/swiftkv_attention.cpp:705:0: Unrolling loop 'split_update_word_engine_loop' (source/swiftkv_attention.cpp:561:9) in function 'swiftkv_route_compressed_kv_cache' completely with a factor of 4
remark: source/swiftkv_attention.cpp:705:0: Unrolling loop 'split_update_word_engine_loop' (source/swiftkv_attention.cpp:561:9) in function 'swiftkv_route_compressed_kv_cache' completely with a factor of 4
remark: source/swiftkv_attention.cpp:705:0: Unrolling loop 'split_update_word_engine_loop' (source/swiftkv_attention.cpp:561:9) in function 'swiftkv_route_compressed_kv_cache' completely with a factor of 4
remark: source/swiftkv_attention.cpp:705:0: Unrolling loop 'split_update_word_phase_loop' (source/swiftkv_attention.cpp:555:5) in function 'swiftkv_route_compressed_kv_cache' completely with a factor of 4
remark: source/swiftkv_attention.cpp:705:0: Unrolling loop 'split_update_word_engine_loop' (source/swiftkv_attention.cpp:561:9) in function 'swiftkv_route_compressed_kv_cache' completely with a factor of 4
remark: source/swiftkv_attention.cpp:705:0: Unrolling loop 'split_update_word_engine_loop' (source/swiftkv_attention.cpp:561:9) in function 'swiftkv_route_compressed_kv_cache' completely with a factor of 4
remark: source/swiftkv_attention.cpp:705:0: Unrolling loop 'split_update_word_engine_loop' (source/swiftkv_attention.cpp:561:9) in function 'swiftkv_route_compressed_kv_cache' completely with a factor of 4
remark: source/swiftkv_attention.cpp:705:0: Unrolling loop 'split_update_word_engine_loop' (source/swiftkv_attention.cpp:561:9) in function 'swiftkv_route_compressed_kv_cache' completely with a factor of 4
remark: source/swiftkv_attention.cpp:705:0: Unrolling loop 'split_update_word_phase_loop' (source/swiftkv_attention.cpp:555:5) in function 'swiftkv_route_compressed_kv_cache' completely with a factor of 4
remark: source/swiftkv_attention.cpp:705:0: Unrolling loop 'split_update_word_engine_loop' (source/swiftkv_attention.cpp:561:9) in function 'swiftkv_route_compressed_kv_cache' completely with a factor of 4
remark: source/swiftkv_attention.cpp:705:0: Unrolling loop 'split_update_word_engine_loop' (source/swiftkv_attention.cpp:561:9) in function 'swiftkv_route_compressed_kv_cache' completely with a factor of 4
remark: source/swiftkv_attention.cpp:705:0: Unrolling loop 'split_update_word_engine_loop' (source/swiftkv_attention.cpp:561:9) in function 'swiftkv_route_compressed_kv_cache' completely with a factor of 4
remark: source/swiftkv_attention.cpp:705:0: Unrolling loop 'split_update_word_engine_loop' (source/swiftkv_attention.cpp:561:9) in function 'swiftkv_route_compressed_kv_cache' completely with a factor of 4
remark: source/swiftkv_attention.cpp:705:0: Unrolling loop 'split_update_word_phase_loop' (source/swiftkv_attention.cpp:555:5) in function 'swiftkv_route_compressed_kv_cache' completely with a factor of 4
remark: source/swiftkv_attention.cpp:705:0: Unrolling loop 'split_update_word_engine_loop' (source/swiftkv_attention.cpp:561:9) in function 'swiftkv_route_compressed_kv_cache' completely with a factor of 4
remark: source/swiftkv_attention.cpp:705:0: Unrolling loop 'split_update_word_engine_loop' (source/swiftkv_attention.cpp:561:9) in function 'swiftkv_route_compressed_kv_cache' completely with a factor of 4
remark: source/swiftkv_attention.cpp:705:0: Unrolling loop 'split_update_word_engine_loop' (source/swiftkv_attention.cpp:561:9) in function 'swiftkv_route_compressed_kv_cache' completely with a factor of 4
remark: source/swiftkv_attention.cpp:705:0: Unrolling loop 'split_update_word_engine_loop' (source/swiftkv_attention.cpp:561:9) in function 'swiftkv_route_compressed_kv_cache' completely with a factor of 4
remark: source/swiftkv_attention.cpp:391:0: Unrolling loop 'unpack_kv_group_loop' (source/swiftkv_attention.cpp:419:9) in function 'swiftkv_quantize_kv_record' completely with a factor of 32
remark: source/swiftkv_attention.cpp:391:0: Unrolling loop 'find_kv_group_max_lane_loop' (source/swiftkv_attention.cpp:452:13) in function 'swiftkv_quantize_kv_record' completely with a factor of 4
remark: source/swiftkv_attention.cpp:391:0: Unrolling loop 'quantize_kv_group_lane_loop' (source/swiftkv_attention.cpp:509:13) in function 'swiftkv_quantize_kv_record' completely with a factor of 4
remark: source/swiftkv_attention.cpp:391:0: Unrolling loop 'pack_quantized_kv_group_loop' (source/swiftkv_attention.cpp:520:9) in function 'swiftkv_quantize_kv_record' completely with a factor of 32
remark: source/int4_linear_controller.cpp:697:0: Unrolling loop 'fused_residual_unpack_loop' (source/int4_linear_controller.cpp:732:13) in function 'int4_write_outputs' completely with a factor of 16
remark: source/int4_linear_controller.cpp:697:0: Unrolling loop 'fused_residual_pack_loop' (source/int4_linear_controller.cpp:757:13) in function 'int4_write_outputs' completely with a factor of 16
remark: source/int4_linear_controller.cpp:548:0: Unrolling loop 'half_normalize_loop' (source/int4_linear_controller.cpp:45:13) in function 'int4_dequantize_final_blocks' completely with a factor of 10
remark: source/int4_linear_controller.cpp:548:0: Unrolling loop 'dequant_lane_loop' (source/int4_linear_controller.cpp:620:13) in function 'int4_dequantize_final_blocks' completely with a factor of 4
remark: source/int4_linear_controller.cpp:453:0: Unrolling loop 'integer_mac_lane_loop' (source/int4_linear_controller.cpp:486:29) in function 'int4_stream_integer_blocks' completely with a factor of 32
remark: source/int4_linear_controller.cpp:453:0: Unrolling loop 'integer_mac_pair_loop' (source/int4_linear_controller.cpp:496:33) in function 'int4_stream_integer_blocks' completely with a factor of 2
remark: source/int4_linear_controller.cpp:453:0: Unrolling loop 'integer_mac_pair_loop' (source/int4_linear_controller.cpp:496:33) in function 'int4_stream_integer_blocks' completely with a factor of 2
remark: source/int4_linear_controller.cpp:453:0: Unrolling loop 'integer_mac_pair_loop' (source/int4_linear_controller.cpp:496:33) in function 'int4_stream_integer_blocks' completely with a factor of 2
remark: source/int4_linear_controller.cpp:453:0: Unrolling loop 'integer_mac_pair_loop' (source/int4_linear_controller.cpp:496:33) in function 'int4_stream_integer_blocks' completely with a factor of 2
remark: source/int4_linear_controller.cpp:453:0: Unrolling loop 'integer_mac_pair_loop' (source/int4_linear_controller.cpp:496:33) in function 'int4_stream_integer_blocks' completely with a factor of 2
remark: source/int4_linear_controller.cpp:453:0: Unrolling loop 'integer_mac_pair_loop' (source/int4_linear_controller.cpp:496:33) in function 'int4_stream_integer_blocks' completely with a factor of 2
remark: source/int4_linear_controller.cpp:453:0: Unrolling loop 'integer_mac_pair_loop' (source/int4_linear_controller.cpp:496:33) in function 'int4_stream_integer_blocks' completely with a factor of 2
remark: source/int4_linear_controller.cpp:453:0: Unrolling loop 'integer_mac_pair_loop' (source/int4_linear_controller.cpp:496:33) in function 'int4_stream_integer_blocks' completely with a factor of 2
remark: source/int4_linear_controller.cpp:453:0: Unrolling loop 'integer_mac_pair_loop' (source/int4_linear_controller.cpp:496:33) in function 'int4_stream_integer_blocks' completely with a factor of 2
remark: source/int4_linear_controller.cpp:453:0: Unrolling loop 'integer_mac_pair_loop' (source/int4_linear_controller.cpp:496:33) in function 'int4_stream_integer_blocks' completely with a factor of 2
remark: source/int4_linear_controller.cpp:453:0: Unrolling loop 'integer_mac_pair_loop' (source/int4_linear_controller.cpp:496:33) in function 'int4_stream_integer_blocks' completely with a factor of 2
remark: source/int4_linear_controller.cpp:453:0: Unrolling loop 'integer_mac_pair_loop' (source/int4_linear_controller.cpp:496:33) in function 'int4_stream_integer_blocks' completely with a factor of 2
remark: source/int4_linear_controller.cpp:453:0: Unrolling loop 'integer_mac_pair_loop' (source/int4_linear_controller.cpp:496:33) in function 'int4_stream_integer_blocks' completely with a factor of 2
remark: source/int4_linear_controller.cpp:453:0: Unrolling loop 'integer_mac_pair_loop' (source/int4_linear_controller.cpp:496:33) in function 'int4_stream_integer_blocks' completely with a factor of 2
remark: source/int4_linear_controller.cpp:453:0: Unrolling loop 'integer_mac_pair_loop' (source/int4_linear_controller.cpp:496:33) in function 'int4_stream_integer_blocks' completely with a factor of 2
remark: source/int4_linear_controller.cpp:453:0: Unrolling loop 'integer_mac_pair_loop' (source/int4_linear_controller.cpp:496:33) in function 'int4_stream_integer_blocks' completely with a factor of 2
remark: source/int4_linear_controller.cpp:453:0: Unrolling loop 'integer_mac_pair_loop' (source/int4_linear_controller.cpp:496:33) in function 'int4_stream_integer_blocks' completely with a factor of 2
remark: source/int4_linear_controller.cpp:453:0: Unrolling loop 'integer_mac_pair_loop' (source/int4_linear_controller.cpp:496:33) in function 'int4_stream_integer_blocks' completely with a factor of 2
remark: source/int4_linear_controller.cpp:453:0: Unrolling loop 'integer_mac_pair_loop' (source/int4_linear_controller.cpp:496:33) in function 'int4_stream_integer_blocks' completely with a factor of 2
remark: source/int4_linear_controller.cpp:453:0: Unrolling loop 'integer_mac_pair_loop' (source/int4_linear_controller.cpp:496:33) in function 'int4_stream_integer_blocks' completely with a factor of 2
remark: source/int4_linear_controller.cpp:453:0: Unrolling loop 'integer_mac_pair_loop' (source/int4_linear_controller.cpp:496:33) in function 'int4_stream_integer_blocks' completely with a factor of 2
remark: source/int4_linear_controller.cpp:453:0: Unrolling loop 'integer_mac_pair_loop' (source/int4_linear_controller.cpp:496:33) in function 'int4_stream_integer_blocks' completely with a factor of 2
remark: source/int4_linear_controller.cpp:453:0: Unrolling loop 'integer_mac_pair_loop' (source/int4_linear_controller.cpp:496:33) in function 'int4_stream_integer_blocks' completely with a factor of 2
remark: source/int4_linear_controller.cpp:453:0: Unrolling loop 'integer_mac_pair_loop' (source/int4_linear_controller.cpp:496:33) in function 'int4_stream_integer_blocks' completely with a factor of 2
remark: source/int4_linear_controller.cpp:453:0: Unrolling loop 'integer_mac_pair_loop' (source/int4_linear_controller.cpp:496:33) in function 'int4_stream_integer_blocks' completely with a factor of 2
remark: source/int4_linear_controller.cpp:453:0: Unrolling loop 'integer_mac_pair_loop' (source/int4_linear_controller.cpp:496:33) in function 'int4_stream_integer_blocks' completely with a factor of 2
remark: source/int4_linear_controller.cpp:453:0: Unrolling loop 'integer_mac_pair_loop' (source/int4_linear_controller.cpp:496:33) in function 'int4_stream_integer_blocks' completely with a factor of 2
remark: source/int4_linear_controller.cpp:453:0: Unrolling loop 'integer_mac_pair_loop' (source/int4_linear_controller.cpp:496:33) in function 'int4_stream_integer_blocks' completely with a factor of 2
remark: source/int4_linear_controller.cpp:453:0: Unrolling loop 'integer_mac_pair_loop' (source/int4_linear_controller.cpp:496:33) in function 'int4_stream_integer_blocks' completely with a factor of 2
remark: source/int4_linear_controller.cpp:453:0: Unrolling loop 'integer_mac_pair_loop' (source/int4_linear_controller.cpp:496:33) in function 'int4_stream_integer_blocks' completely with a factor of 2
remark: source/int4_linear_controller.cpp:453:0: Unrolling loop 'integer_mac_pair_loop' (source/int4_linear_controller.cpp:496:33) in function 'int4_stream_integer_blocks' completely with a factor of 2
remark: source/int4_linear_controller.cpp:453:0: Unrolling loop 'integer_mac_pair_loop' (source/int4_linear_controller.cpp:496:33) in function 'int4_stream_integer_blocks' completely with a factor of 2
remark: source/int4_decoder_blocks.cpp:842:0: Unrolling loop 'unpack_fp32_lane_loop' (source/int4_decoder_blocks.cpp:34:5) in function 'int4_swiglu_quantize_pe3' completely with a factor of 16
remark: source/int4_decoder_blocks.cpp:842:0: Unrolling loop 'unpack_fp32_lane_loop' (source/int4_decoder_blocks.cpp:34:5) in function 'int4_swiglu_quantize_pe3' completely with a factor of 16
remark: source/int4_decoder_blocks.cpp:831:0: Unrolling loop 'unpack_fp32_lane_loop' (source/int4_decoder_blocks.cpp:34:5) in function 'int4_swiglu_quantize_pe2' completely with a factor of 16
remark: source/int4_decoder_blocks.cpp:831:0: Unrolling loop 'unpack_fp32_lane_loop' (source/int4_decoder_blocks.cpp:34:5) in function 'int4_swiglu_quantize_pe2' completely with a factor of 16
remark: source/int4_decoder_blocks.cpp:820:0: Unrolling loop 'unpack_fp32_lane_loop' (source/int4_decoder_blocks.cpp:34:5) in function 'int4_swiglu_quantize_pe1' completely with a factor of 16
remark: source/int4_decoder_blocks.cpp:820:0: Unrolling loop 'unpack_fp32_lane_loop' (source/int4_decoder_blocks.cpp:34:5) in function 'int4_swiglu_quantize_pe1' completely with a factor of 16
remark: source/int4_decoder_blocks.cpp:809:0: Unrolling loop 'unpack_fp32_lane_loop' (source/int4_decoder_blocks.cpp:34:5) in function 'int4_swiglu_quantize_pe0' completely with a factor of 16
remark: source/int4_decoder_blocks.cpp:809:0: Unrolling loop 'unpack_fp32_lane_loop' (source/int4_decoder_blocks.cpp:34:5) in function 'int4_swiglu_quantize_pe0' completely with a factor of 16
remark: source/int4_decoder_blocks.cpp:106:0: Unrolling loop 'unpack_fp32_lane_loop' (source/int4_decoder_blocks.cpp:34:5) in function 'int4_rms_normalize_quantize_pe' completely with a factor of 16
remark: source/int4_decoder_blocks.cpp:106:0: Unrolling loop 'unpack_fp32_lane_loop' (source/int4_decoder_blocks.cpp:34:5) in function 'int4_rms_normalize_quantize_pe' completely with a factor of 16
remark: source/int4_decoder_blocks.cpp:43:0: Unrolling loop 'unpack_fp32_lane_loop' (source/int4_decoder_blocks.cpp:34:5) in function 'int4_rms_sumsq_pe' completely with a factor of 16
remark: source/int4_decoder_blocks.cpp:43:0: Unrolling loop 'initialize_sumsq_lane_loop' (source/int4_decoder_blocks.cpp:50:5) in function 'int4_rms_sumsq_pe' completely with a factor of 16
remark: C:\scratch\2023.2\hls_product\689\2023.2\src\shared\hls\clib/hlsmath/include/FloatingPoint\hls_case_IEEE754.h:12:0: Inlining function 'fp_struct<float>::fp_struct(float)' into 'int generic_cast_IEEE754<int, (ap_q_mode)6, float>(float, bool, hls::enable_if<std::numeric_limits<int>::is_signed, bool>::type)'
remark: C:\scratch\2023.2\hls_product\689\2023.2\src\shared\hls\clib/hlsmath/include/FloatingPoint\hls_case_IEEE754.h:12:0: Inlining function 'fp_struct<float>::mantissa() const' into 'int generic_cast_IEEE754<int, (ap_q_mode)6, float>(float, bool, hls::enable_if<std::numeric_limits<int>::is_signed, bool>::type)'
remark: C:\scratch\2023.2\hls_product\689\2023.2\src\shared\hls\clib/hlsmath/include/FloatingPoint\hls_case_IEEE754.h:12:0: Inlining function 'fp_struct<float>::expv() const' into 'int generic_cast_IEEE754<int, (ap_q_mode)6, float>(float, bool, hls::enable_if<std::numeric_limits<int>::is_signed, bool>::type)'
remark: C:\scratch\2023.2\hls_product\689\2023.2\src\shared\hls\clib/hlsmath/include/FloatingPoint\hls_case_IEEE754.h:12:0: Inlining function 'fp_struct<float>::__signbit() const' into 'int generic_cast_IEEE754<int, (ap_q_mode)6, float>(float, bool, hls::enable_if<std::numeric_limits<int>::is_signed, bool>::type)'
remark: C:\scratch\2023.2\hls_product\689\2023.2\src\shared\hls\clib/hlsmath/include/FloatingPoint\hls_case_IEEE754.h:116:0: Inlining function 'int generic_cast_IEEE754<int, (ap_q_mode)6, float>(float, bool, hls::enable_if<std::numeric_limits<int>::is_signed, bool>::type)' into 'int generic_cast_IEEE754<int, float>(float, bool)'
remark: C:\scratch\2023.2\hls_product\689\2023.2\src\shared\hls\clib\hlsmath\src\lib_floatconversion.cpp:51:0: Inlining function 'int generic_cast_IEEE754<int, float>(float, bool)' into '__hls_fptosi_float_i32'
remark: source/int4_decoder_blocks.cpp:106:0: Inlining function '__hls_fptosi_float_i32' into 'int4_rms_normalize_quantize_pe(ap_uint<512> const*, ap_uint<512> const*, float, hls::stream<ap_uint<480>, 0>&, hls::stream<float, 0>&)'
remark: source/int4_decoder_blocks.cpp:809:0: Inlining function '__hls_fptosi_float_i32' into 'int4_swiglu_quantize_pe0(ap_uint<512> const*, ap_uint<512> const*, hls::stream<ap_uint<480>, 0>&, hls::stream<float, 0>&)'
remark: source/int4_decoder_blocks.cpp:820:0: Inlining function '__hls_fptosi_float_i32' into 'int4_swiglu_quantize_pe1(ap_uint<512> const*, ap_uint<512> const*, hls::stream<ap_uint<480>, 0>&, hls::stream<float, 0>&)'
remark: source/int4_decoder_blocks.cpp:831:0: Inlining function '__hls_fptosi_float_i32' into 'int4_swiglu_quantize_pe2(ap_uint<512> const*, ap_uint<512> const*, hls::stream<ap_uint<480>, 0>&, hls::stream<float, 0>&)'
remark: source/int4_decoder_blocks.cpp:842:0: Inlining function '__hls_fptosi_float_i32' into 'int4_swiglu_quantize_pe3(ap_uint<512> const*, ap_uint<512> const*, hls::stream<ap_uint<480>, 0>&, hls::stream<float, 0>&)'
remark: source/swiftkv_attention.cpp:1442:0: Inlining function '__hls_fptosi_float_i32' into 'swiftkv_update_values_and_quantize(hls::stream<ap_uint<40>, 0>&, hls::stream<ap_uint<128>, 0>&, hls::stream<ap_uint<128>, 0>&, hls::stream<ap_uint<128>, 0>&, hls::stream<ap_uint<128>, 0>&, hls::stream<ap_uint<128>, 0>&, hls::stream<ap_uint<128>, 0>&, hls::stream<ap_uint<128>, 0>&, hls::stream<ap_uint<128>, 0>&, hls::stream<ap_uint<19>, 0>&, hls::stream<ap_fixed<32, 15, (ap_q_mode)4, (ap_o_mode)0, 0>, 0>&, ap_uint<12>, hls::stream<ap_uint<480>, 0>&, hls::stream<float, 0>&) (.426.445)'
remark: source/int4_decoder_controller.cpp:528:0: Inlining function 'int4_model_weight_base(ap_uint<512> const*)' into 'int4_decoder_token_controller(ap_uint<12>, ap_uint<512> const*, ap_uint<512> const*, ap_uint<512> const*, ap_uint<512> const*, ap_uint<512> const*, ap_uint<512>*, ap_uint<512>*, ap_uint<512>*, ap_uint<512>*, ap_uint<512>*, ap_uint<512>*, ap_uint<512>*, ap_uint<512>*, ap_uint<512>*, ap_uint<512>*, ap_uint<512>*, ap_uint<512>*)'
remark: source/int4_decoder_controller.cpp:528:0: Inlining function 'Int4Controller::Int4Controller()' into 'int4_decoder_token_controller(ap_uint<12>, ap_uint<512> const*, ap_uint<512> const*, ap_uint<512> const*, ap_uint<512> const*, ap_uint<512> const*, ap_uint<512>*, ap_uint<512>*, ap_uint<512>*, ap_uint<512>*, ap_uint<512>*, ap_uint<512>*, ap_uint<512>*, ap_uint<512>*, ap_uint<512>*, ap_uint<512>*, ap_uint<512>*, ap_uint<512>*)'
remark: source/int4_decoder_controller.cpp:528:0: Inlining function 'int4_norm_offset(int, int)' into 'int4_decoder_token_controller(ap_uint<12>, ap_uint<512> const*, ap_uint<512> const*, ap_uint<512> const*, ap_uint<512> const*, ap_uint<512> const*, ap_uint<512>*, ap_uint<512>*, ap_uint<512>*, ap_uint<512>*, ap_uint<512>*, ap_uint<512>*, ap_uint<512>*, ap_uint<512>*, ap_uint<512>*, ap_uint<512>*, ap_uint<512>*, ap_uint<512>*)'
remark: source/int4_decoder_controller.cpp:528:0: Inlining function 'int4_swiftkv_attention_4pe(ap_uint<512> const*, ap_uint<512> const*, ap_uint<512> const*, ap_uint<512> const*, ap_uint<512> const*, ap_uint<512> const*, ap_uint<512> const*, ap_uint<512> const*, ap_uint<512> const*, ap_uint<512> const*, ap_uint<512> const*, ap_uint<512> const*, ap_uint<512>*, ap_uint<512>*, ap_uint<512>*, ap_uint<512>*, ap_int<19> const*, ap_int<19> const*, ap_uint<480>*, ap_uint<512>*, Int4Controller&)' into 'int4_decoder_token_controller(ap_uint<12>, ap_uint<512> const*, ap_uint<512> const*, ap_uint<512> const*, ap_uint<512> const*, ap_uint<512> const*, ap_uint<512>*, ap_uint<512>*, ap_uint<512>*, ap_uint<512>*, ap_uint<512>*, ap_uint<512>*, ap_uint<512>*, ap_uint<512>*, ap_uint<512>*, ap_uint<512>*, ap_uint<512>*, ap_uint<512>*)'
remark: source/int4_decoder_blocks.cpp:46:8: Applying array_partition to 'lane_accumulator': Complete partitioning on dimension 1.
remark: source/int4_decoder_blocks.cpp:59:21: Applying array_partition to 'packed_lanes': Complete partitioning on dimension 1.
remark: source/int4_decoder_blocks.cpp:46:8: Applying array_partition to 'lane_accumulator': Complete partitioning on dimension 1.
remark: source/int4_decoder_blocks.cpp:59:21: Applying array_partition to 'packed_lanes': Complete partitioning on dimension 1.
remark: source/int4_decoder_blocks.cpp:46:8: Applying array_partition to 'lane_accumulator': Complete partitioning on dimension 1.
remark: source/int4_decoder_blocks.cpp:59:21: Applying array_partition to 'packed_lanes': Complete partitioning on dimension 1.
remark: source/int4_decoder_blocks.cpp:46:8: Applying array_partition to 'lane_accumulator': Complete partitioning on dimension 1.
remark: source/int4_decoder_blocks.cpp:59:21: Applying array_partition to 'packed_lanes': Complete partitioning on dimension 1.
remark: source/int4_decoder_blocks.cpp:126:25: Applying array_partition to 'input_lanes': Complete partitioning on dimension 1.
remark: source/int4_decoder_blocks.cpp:127:25: Applying array_partition to 'gamma_lanes': Complete partitioning on dimension 1.
remark: source/int4_decoder_blocks.cpp:126:25: Applying array_partition to 'input_lanes': Complete partitioning on dimension 1.
remark: source/int4_decoder_blocks.cpp:127:25: Applying array_partition to 'gamma_lanes': Complete partitioning on dimension 1.
remark: source/int4_decoder_blocks.cpp:126:25: Applying array_partition to 'input_lanes': Complete partitioning on dimension 1.
remark: source/int4_decoder_blocks.cpp:127:25: Applying array_partition to 'gamma_lanes': Complete partitioning on dimension 1.
remark: source/int4_decoder_blocks.cpp:126:25: Applying array_partition to 'input_lanes': Complete partitioning on dimension 1.
remark: source/int4_decoder_blocks.cpp:127:25: Applying array_partition to 'gamma_lanes': Complete partitioning on dimension 1.
remark: source/int4_decoder_blocks.cpp:728:25: Applying array_partition to 'gate_lanes.i': Complete partitioning on dimension 1.
remark: source/int4_decoder_blocks.cpp:729:25: Applying array_partition to 'up_lanes.i': Complete partitioning on dimension 1.
remark: source/int4_decoder_blocks.cpp:728:25: Applying array_partition to 'gate_lanes.i': Complete partitioning on dimension 1.
remark: source/int4_decoder_blocks.cpp:729:25: Applying array_partition to 'up_lanes.i': Complete partitioning on dimension 1.
remark: source/int4_decoder_blocks.cpp:728:25: Applying array_partition to 'gate_lanes.i': Complete partitioning on dimension 1.
remark: source/int4_decoder_blocks.cpp:729:25: Applying array_partition to 'up_lanes.i': Complete partitioning on dimension 1.
remark: source/int4_decoder_blocks.cpp:728:25: Applying array_partition to 'gate_lanes.i': Complete partitioning on dimension 1.
remark: source/int4_decoder_blocks.cpp:729:25: Applying array_partition to 'up_lanes.i': Complete partitioning on dimension 1.
remark: source/int4_linear_controller.cpp:551:8: Applying array_partition to 'partial': Cyclic partitioning with factor 4 on dimension 1.
remark: source/int4_linear_controller.cpp:724:19: Applying array_partition to 'branch_values': Complete partitioning on dimension 1.
remark: source/int4_linear_controller.cpp:725:19: Applying array_partition to 'residual_values': Complete partitioning on dimension 1.
remark: source/int4_linear_controller.cpp:726:19: Applying array_partition to 'sums': Complete partitioning on dimension 1.
remark: source/int4_linear_controller.cpp:551:8: Applying array_partition to 'partial': Cyclic partitioning with factor 4 on dimension 1.
remark: source/int4_linear_controller.cpp:724:19: Applying array_partition to 'branch_values': Complete partitioning on dimension 1.
remark: source/int4_linear_controller.cpp:725:19: Applying array_partition to 'residual_values': Complete partitioning on dimension 1.
remark: source/int4_linear_controller.cpp:726:19: Applying array_partition to 'sums': Complete partitioning on dimension 1.
remark: source/int4_linear_controller.cpp:551:8: Applying array_partition to 'partial': Cyclic partitioning with factor 4 on dimension 1.
remark: source/int4_linear_controller.cpp:724:19: Applying array_partition to 'branch_values': Complete partitioning on dimension 1.
remark: source/int4_linear_controller.cpp:725:19: Applying array_partition to 'residual_values': Complete partitioning on dimension 1.
remark: source/int4_linear_controller.cpp:726:19: Applying array_partition to 'sums': Complete partitioning on dimension 1.
remark: source/int4_linear_controller.cpp:551:8: Applying array_partition to 'partial': Cyclic partitioning with factor 4 on dimension 1.
remark: source/int4_linear_controller.cpp:724:19: Applying array_partition to 'branch_values': Complete partitioning on dimension 1.
remark: source/int4_linear_controller.cpp:725:19: Applying array_partition to 'residual_values': Complete partitioning on dimension 1.
remark: source/int4_linear_controller.cpp:726:19: Applying array_partition to 'sums': Complete partitioning on dimension 1.
remark: source/swiftkv_attention.cpp:394:18: Applying array_partition to 'packed_k_group_all': Complete partitioning on dimension 1.
remark: source/swiftkv_attention.cpp:395:18: Applying array_partition to 'packed_v_group_all': Complete partitioning on dimension 1.
remark: source/swiftkv_attention.cpp:405:20: Applying array_partition to 'raw_k': Complete partitioning on dimension 1.
remark: source/swiftkv_attention.cpp:406:20: Applying array_partition to 'raw_v': Complete partitioning on dimension 1.
remark: source/swiftkv_attention.cpp:407:19: Applying array_partition to 'quantized_k_group': Complete partitioning on dimension 1.
remark: source/swiftkv_attention.cpp:408:19: Applying array_partition to 'quantized_v_group': Complete partitioning on dimension 1.
remark: source/swiftkv_attention.cpp:447:14: Applying array_partition to 'magnitude_k': Complete partitioning on dimension 1.
remark: source/swiftkv_attention.cpp:448:25: Applying array_partition to 'magnitude_v': Complete partitioning on dimension 1.
remark: source/swiftkv_attention.cpp:846:18: Applying array_partition to 'key_chunk': Complete partitioning on dimension 1.
remark: source/swiftkv_attention.cpp:847:24: Applying array_partition to 'key_shift': Complete partitioning on dimension 1.
remark: source/swiftkv_attention.cpp:1176:24: Applying array_partition to 'value_shift': Complete partitioning on dimension 1.
remark: source/swiftkv_attention.cpp:1176:24: Applying array_partition to 'value_shift': Complete partitioning on dimension 1.
remark: source/swiftkv_attention.cpp:1176:24: Applying array_partition to 'value_shift': Complete partitioning on dimension 1.
remark: source/swiftkv_attention.cpp:1176:24: Applying array_partition to 'value_shift': Complete partitioning on dimension 1.
remark: source/swiftkv_attention.cpp:1449:9: Applying array_partition to 'weighted_value_engine0': Cyclic partitioning with factor 4 on dimension 1.
remark: source/swiftkv_attention.cpp:1451:9: Applying array_partition to 'weighted_value_engine1': Cyclic partitioning with factor 4 on dimension 1.
remark: source/swiftkv_attention.cpp:1453:9: Applying array_partition to 'weighted_value_engine2': Cyclic partitioning with factor 4 on dimension 1.
remark: source/swiftkv_attention.cpp:1455:9: Applying array_partition to 'weighted_value_engine3': Cyclic partitioning with factor 4 on dimension 1.
remark: source/swiftkv_attention.cpp:1828:22: Applying array_partition to 'query': Cyclic partitioning with factor 16 on dimension 1.
remark: source/swiftkv_attention.cpp:1834:13: Applying array_partition to 'compressed_kv_record': Complete partitioning on dimension 1.
remark: <unknown>:0:0: Aggregating maxi variable 'model_bank3' with compact=none mode in 512-bits
remark: <unknown>:0:0: Aggregating maxi variable 'model_bank2' with compact=none mode in 512-bits
remark: <unknown>:0:0: Aggregating maxi variable 'model_bank1' with compact=none mode in 512-bits
remark: <unknown>:0:0: Aggregating maxi variable 'model_bank0' with compact=none mode in 512-bits
remark: source/int4_decoder_controller.cpp:764:5: Could not analyze the loop bounds _XLX_SEP_ anonymous source/int4_decoder_controller.cpp:764:5 int4_decoder_token_controller(ap_uint<12>, ap_uint<512> const*, ap_uint<512> const*, ap_uint<512> const*, ap_uint<512> const*, ap_uint<512> const*, ap_uint<512>*, ap_uint<512>*, ap_uint<512>*, ap_uint<512>*, ap_uint<512>*, ap_uint<512>*, ap_uint<512>*, ap_uint<512>*, ap_uint<512>*, ap_uint<512>*, ap_uint<512>*, ap_uint<512>*) 
remark: source/swiftkv_attention.cpp:1673:5: Sequential read of length 32768 has been inferred _XLX_SEP_ rope_lut_ddr3seqrope_lut_ddr gmem0 preload_rope_lut_loop source/swiftkv_attention.cpp:1673:5 swiftkv_preload_rope_lut(ap_uint<512> const*, ap_uint<608>*)  _XLX_SEP_ loadreadfor.inc.load.8loadreadfor.inc.load.12
remark: source/int4_decoder_controller.cpp:433:5: Sequential read of length 5760 has been inferred _XLX_SEP_ model_bank01seqmodel_bank0 gmem0 preload_model_prefix_word_loop source/int4_decoder_controller.cpp:433:5 int4_preload_model_prefix_4ddr(ap_uint<512> const*, ap_uint<512> const*, ap_uint<512> const*, ap_uint<512> const*, ap_uint<512>*, ap_uint<512>*, ap_uint<512>*, ap_uint<512>*, ap_uint<512>*, ap_uint<512>*, ap_uint<512>*, ap_uint<512>*)  _XLX_SEP_ loadreadfor.body.load.4
remark: source/int4_decoder_controller.cpp:433:5: Sequential read of length 5760 has been inferred _XLX_SEP_ model_bank12seqmodel_bank1 gmem1 preload_model_prefix_word_loop source/int4_decoder_controller.cpp:433:5 int4_preload_model_prefix_4ddr(ap_uint<512> const*, ap_uint<512> const*, ap_uint<512> const*, ap_uint<512> const*, ap_uint<512>*, ap_uint<512>*, ap_uint<512>*, ap_uint<512>*, ap_uint<512>*, ap_uint<512>*, ap_uint<512>*, ap_uint<512>*)  _XLX_SEP_ loadreadfor.body.load.8
remark: source/int4_decoder_controller.cpp:433:5: Sequential read of length 5760 has been inferred _XLX_SEP_ model_bank23seqmodel_bank2 gmem2 preload_model_prefix_word_loop source/int4_decoder_controller.cpp:433:5 int4_preload_model_prefix_4ddr(ap_uint<512> const*, ap_uint<512> const*, ap_uint<512> const*, ap_uint<512> const*, ap_uint<512>*, ap_uint<512>*, ap_uint<512>*, ap_uint<512>*, ap_uint<512>*, ap_uint<512>*, ap_uint<512>*, ap_uint<512>*)  _XLX_SEP_ loadreadfor.body.load.12
remark: source/int4_decoder_controller.cpp:433:5: Sequential read of length 5760 has been inferred _XLX_SEP_ model_bank34seqmodel_bank3 gmem3 preload_model_prefix_word_loop source/int4_decoder_controller.cpp:433:5 int4_preload_model_prefix_4ddr(ap_uint<512> const*, ap_uint<512> const*, ap_uint<512> const*, ap_uint<512> const*, ap_uint<512>*, ap_uint<512>*, ap_uint<512>*, ap_uint<512>*, ap_uint<512>*, ap_uint<512>*, ap_uint<512>*, ap_uint<512>*)  _XLX_SEP_ loadreadfor.body.load.16
remark: source/int4_decoder_controller.cpp:470:5: Sequential read of length 64 has been inferred _XLX_SEP_ residual_pe09seqresidual_pe0 gmem0 load_residual_word_loop source/int4_decoder_controller.cpp:470:5 int4_load_residual_4ddr(ap_uint<512> const*, ap_uint<512> const*, ap_uint<512> const*, ap_uint<512> const*, ap_uint<512>*, ap_uint<512>*, ap_uint<512>*, ap_uint<512>*)  _XLX_SEP_ loadreadfor.inc.load.5
remark: source/int4_decoder_controller.cpp:470:5: Sequential read of length 64 has been inferred _XLX_SEP_ residual_pe110seqresidual_pe1 gmem1 load_residual_word_loop source/int4_decoder_controller.cpp:470:5 int4_load_residual_4ddr(ap_uint<512> const*, ap_uint<512> const*, ap_uint<512> const*, ap_uint<512> const*, ap_uint<512>*, ap_uint<512>*, ap_uint<512>*, ap_uint<512>*)  _XLX_SEP_ loadreadfor.inc.load.10
remark: source/int4_decoder_controller.cpp:470:5: Sequential read of length 64 has been inferred _XLX_SEP_ residual_pe211seqresidual_pe2 gmem2 load_residual_word_loop source/int4_decoder_controller.cpp:470:5 int4_load_residual_4ddr(ap_uint<512> const*, ap_uint<512> const*, ap_uint<512> const*, ap_uint<512> const*, ap_uint<512>*, ap_uint<512>*, ap_uint<512>*, ap_uint<512>*)  _XLX_SEP_ loadreadfor.inc.load.15
remark: source/int4_decoder_controller.cpp:470:5: Sequential read of length 64 has been inferred _XLX_SEP_ residual_pe312seqresidual_pe3 gmem3 load_residual_word_loop source/int4_decoder_controller.cpp:470:5 int4_load_residual_4ddr(ap_uint<512> const*, ap_uint<512> const*, ap_uint<512> const*, ap_uint<512> const*, ap_uint<512>*, ap_uint<512>*, ap_uint<512>*, ap_uint<512>*)  _XLX_SEP_ loadreadfor.inc.load.20
remark: source/int4_decoder_controller.cpp:498:5: Sequential write of length 64 has been inferred _XLX_SEP_ residual_pe09seqresidual_pe0 gmem0 store_residual_word_loop source/int4_decoder_controller.cpp:498:5 int4_store_residual_4ddr(ap_uint<512> const*, ap_uint<512> const*, ap_uint<512> const*, ap_uint<512> const*, ap_uint<512>*, ap_uint<512>*, ap_uint<512>*, ap_uint<512>*)  _XLX_SEP_ storewritefor.inc.store.6
remark: source/int4_decoder_controller.cpp:498:5: Sequential write of length 64 has been inferred _XLX_SEP_ residual_pe110seqresidual_pe1 gmem1 store_residual_word_loop source/int4_decoder_controller.cpp:498:5 int4_store_residual_4ddr(ap_uint<512> const*, ap_uint<512> const*, ap_uint<512> const*, ap_uint<512> const*, ap_uint<512>*, ap_uint<512>*, ap_uint<512>*, ap_uint<512>*)  _XLX_SEP_ storewritefor.inc.store.11
remark: source/int4_decoder_controller.cpp:498:5: Sequential write of length 64 has been inferred _XLX_SEP_ residual_pe211seqresidual_pe2 gmem2 store_residual_word_loop source/int4_decoder_controller.cpp:498:5 int4_store_residual_4ddr(ap_uint<512> const*, ap_uint<512> const*, ap_uint<512> const*, ap_uint<512> const*, ap_uint<512>*, ap_uint<512>*, ap_uint<512>*, ap_uint<512>*)  _XLX_SEP_ storewritefor.inc.store.16
remark: source/int4_decoder_controller.cpp:498:5: Sequential write of length 64 has been inferred _XLX_SEP_ residual_pe312seqresidual_pe3 gmem3 store_residual_word_loop source/int4_decoder_controller.cpp:498:5 int4_store_residual_4ddr(ap_uint<512> const*, ap_uint<512> const*, ap_uint<512> const*, ap_uint<512> const*, ap_uint<512>*, ap_uint<512>*, ap_uint<512>*, ap_uint<512>*)  _XLX_SEP_ storewritefor.inc.store.21
remark: source/swiftkv_attention.cpp:1952:9: Sequential write of length 5 has been inferred _XLX_SEP_ scevgepseqkv_cache gmem3,gmem2,gmem1,gmem0 pe_write_kv_word_loop source/swiftkv_attention.cpp:1952:9 swiftkv_run_bank(ap_uint<512> const*, ap_uint<512> const*, ap_uint<512> const*, ap_uint<512>*, hls::stream<ap_int<19>, 0>&, hls::stream<ap_int<19>, 0>&, hls::stream<ap_uint<480>, 0>&, hls::stream<float, 0>&, ap_uint<6>, ap_uint<12>)  _XLX_SEP_ storewritefor.inc150.store.12
remark: source/swiftkv_attention.cpp:1952:9: Stride is incompatible _XLX_SEP_ callwritescevgepseqkv_cache gmem3,gmem2,gmem1,gmem0 pe_head_loop source/swiftkv_attention.cpp:1825:5 swiftkv_run_bank(ap_uint<512> const*, ap_uint<512> const*, ap_uint<512> const*, ap_uint<512>*, hls::stream<ap_int<19>, 0>&, hls::stream<ap_int<19>, 0>&, hls::stream<ap_uint<480>, 0>&, hls::stream<float, 0>&, ap_uint<6>, ap_uint<12>) 
remark: source/swiftkv_attention.cpp:681:5: Sequential read of variable length has been inferred _XLX_SEP_ scevgepseqkv_cache gmem3,gmem2,gmem1,gmem0 read_compressed_kv_loop source/swiftkv_attention.cpp:681:5 swiftkv_read_compressed_kv_cache(ap_uint<512> const*, int, ap_uint<12>, hls::stream<ap_uint<512>, 0>&) (.957)  _XLX_SEP_ loadreadfor.inc.load.5
remark: source/int4_decoder_controller.cpp:157:5: Sequential write of length 504 has been inferred _XLX_SEP_ output09seqoutput0 gmem0 route_linear_projection_loop source/int4_decoder_controller.cpp:157:5 void int4_route_linear_projection<7>(ap_uint<512> const*, ap_uint<512> const*, ap_uint<512> const*, ap_uint<512> const*, ap_uint<512>*, ap_uint<512>*, ap_uint<512>*, ap_uint<512>*)  _XLX_SEP_ storewritefor.inc.store.6
remark: source/int4_decoder_controller.cpp:157:5: Sequential write of length 504 has been inferred _XLX_SEP_ output110seqoutput1 gmem1 route_linear_projection_loop source/int4_decoder_controller.cpp:157:5 void int4_route_linear_projection<7>(ap_uint<512> const*, ap_uint<512> const*, ap_uint<512> const*, ap_uint<512> const*, ap_uint<512>*, ap_uint<512>*, ap_uint<512>*, ap_uint<512>*)  _XLX_SEP_ storewritefor.inc.store.11
remark: source/int4_decoder_controller.cpp:157:5: Sequential write of length 504 has been inferred _XLX_SEP_ output211seqoutput2 gmem2 route_linear_projection_loop source/int4_decoder_controller.cpp:157:5 void int4_route_linear_projection<7>(ap_uint<512> const*, ap_uint<512> const*, ap_uint<512> const*, ap_uint<512> const*, ap_uint<512>*, ap_uint<512>*, ap_uint<512>*, ap_uint<512>*)  _XLX_SEP_ storewritefor.inc.store.16
remark: source/int4_decoder_controller.cpp:157:5: Sequential write of length 504 has been inferred _XLX_SEP_ output312seqoutput3 gmem3 route_linear_projection_loop source/int4_decoder_controller.cpp:157:5 void int4_route_linear_projection<7>(ap_uint<512> const*, ap_uint<512> const*, ap_uint<512> const*, ap_uint<512> const*, ap_uint<512>*, ap_uint<512>*, ap_uint<512>*, ap_uint<512>*)  _XLX_SEP_ storewritefor.inc.store.21
remark: source/int4_linear_controller.cpp:440:5: Sequential read of variable length has been inferred _XLX_SEP_ scevgepseqweight_mem gmem3,gmem2,gmem1,gmem0 stream_weight_word_loop source/int4_linear_controller.cpp:440:5 int4_stream_pe_inputs(ap_uint<512> const*, hls::stream<ap_uint<512>, 0>&, int) (.1074)  _XLX_SEP_ loadreadfor.inc.load.7
remark: source/int4_linear_controller.cpp:440:5: Sequential read of variable length has been inferred _XLX_SEP_ scevgepseqweight_mem gmem3,gmem2,gmem1,gmem0 stream_weight_word_loop source/int4_linear_controller.cpp:440:5 int4_stream_pe_inputs(ap_uint<512> const*, hls::stream<ap_uint<512>, 0>&, int) (.1079)  _XLX_SEP_ loadreadfor.inc.load.7
remark: source/int4_linear_controller.cpp:440:5: Sequential read of variable length has been inferred _XLX_SEP_ scevgepseqweight_mem gmem3,gmem2,gmem1,gmem0 stream_weight_word_loop source/int4_linear_controller.cpp:440:5 int4_stream_pe_inputs(ap_uint<512> const*, hls::stream<ap_uint<512>, 0>&, int) (.1084)  _XLX_SEP_ loadreadfor.inc.load.7
remark: source/int4_linear_controller.cpp:440:5: Sequential read of variable length has been inferred _XLX_SEP_ scevgepseqweight_mem gmem3,gmem2,gmem1,gmem0 stream_weight_word_loop source/int4_linear_controller.cpp:440:5 int4_stream_pe_inputs(ap_uint<512> const*, hls::stream<ap_uint<512>, 0>&, int)  _XLX_SEP_ loadreadfor.inc.load.7
remark: source/swiftkv_attention.cpp:1673:5: Could not widen since type i512 size is greater than or equal to the max_widen_bitwidth threshold of 512 _XLX_SEP_ callreadrope_lut_ddr3seqrope_lut_ddr gmem0 preload_rope_lut_loop source/swiftkv_attention.cpp:1673:5 swiftkv_preload_rope_lut(ap_uint<512> const*, ap_uint<608>*) 
remark: source/int4_decoder_controller.cpp:433:5: Could not widen since type i512 size is greater than or equal to the max_widen_bitwidth threshold of 512 _XLX_SEP_ callreadmodel_bank01seqmodel_bank0 gmem0 preload_model_prefix_word_loop source/int4_decoder_controller.cpp:433:5 int4_preload_model_prefix_4ddr(ap_uint<512> const*, ap_uint<512> const*, ap_uint<512> const*, ap_uint<512> const*, ap_uint<512>*, ap_uint<512>*, ap_uint<512>*, ap_uint<512>*, ap_uint<512>*, ap_uint<512>*, ap_uint<512>*, ap_uint<512>*) 
remark: source/int4_decoder_controller.cpp:433:5: Could not widen since type i512 size is greater than or equal to the max_widen_bitwidth threshold of 512 _XLX_SEP_ callreadmodel_bank12seqmodel_bank1 gmem1 preload_model_prefix_word_loop source/int4_decoder_controller.cpp:433:5 int4_preload_model_prefix_4ddr(ap_uint<512> const*, ap_uint<512> const*, ap_uint<512> const*, ap_uint<512> const*, ap_uint<512>*, ap_uint<512>*, ap_uint<512>*, ap_uint<512>*, ap_uint<512>*, ap_uint<512>*, ap_uint<512>*, ap_uint<512>*) 
remark: source/int4_decoder_controller.cpp:433:5: Could not widen since type i512 size is greater than or equal to the max_widen_bitwidth threshold of 512 _XLX_SEP_ callreadmodel_bank23seqmodel_bank2 gmem2 preload_model_prefix_word_loop source/int4_decoder_controller.cpp:433:5 int4_preload_model_prefix_4ddr(ap_uint<512> const*, ap_uint<512> const*, ap_uint<512> const*, ap_uint<512> const*, ap_uint<512>*, ap_uint<512>*, ap_uint<512>*, ap_uint<512>*, ap_uint<512>*, ap_uint<512>*, ap_uint<512>*, ap_uint<512>*) 
remark: source/int4_decoder_controller.cpp:433:5: Could not widen since type i512 size is greater than or equal to the max_widen_bitwidth threshold of 512 _XLX_SEP_ callreadmodel_bank34seqmodel_bank3 gmem3 preload_model_prefix_word_loop source/int4_decoder_controller.cpp:433:5 int4_preload_model_prefix_4ddr(ap_uint<512> const*, ap_uint<512> const*, ap_uint<512> const*, ap_uint<512> const*, ap_uint<512>*, ap_uint<512>*, ap_uint<512>*, ap_uint<512>*, ap_uint<512>*, ap_uint<512>*, ap_uint<512>*, ap_uint<512>*) 
remark: source/int4_decoder_controller.cpp:470:5: Could not widen since type i512 size is greater than or equal to the max_widen_bitwidth threshold of 512 _XLX_SEP_ callreadresidual_pe09seqresidual_pe0 gmem0 load_residual_word_loop source/int4_decoder_controller.cpp:470:5 int4_load_residual_4ddr(ap_uint<512> const*, ap_uint<512> const*, ap_uint<512> const*, ap_uint<512> const*, ap_uint<512>*, ap_uint<512>*, ap_uint<512>*, ap_uint<512>*) 
remark: source/int4_decoder_controller.cpp:470:5: Could not widen since type i512 size is greater than or equal to the max_widen_bitwidth threshold of 512 _XLX_SEP_ callreadresidual_pe110seqresidual_pe1 gmem1 load_residual_word_loop source/int4_decoder_controller.cpp:470:5 int4_load_residual_4ddr(ap_uint<512> const*, ap_uint<512> const*, ap_uint<512> const*, ap_uint<512> const*, ap_uint<512>*, ap_uint<512>*, ap_uint<512>*, ap_uint<512>*) 
remark: source/int4_decoder_controller.cpp:470:5: Could not widen since type i512 size is greater than or equal to the max_widen_bitwidth threshold of 512 _XLX_SEP_ callreadresidual_pe211seqresidual_pe2 gmem2 load_residual_word_loop source/int4_decoder_controller.cpp:470:5 int4_load_residual_4ddr(ap_uint<512> const*, ap_uint<512> const*, ap_uint<512> const*, ap_uint<512> const*, ap_uint<512>*, ap_uint<512>*, ap_uint<512>*, ap_uint<512>*) 
remark: source/int4_decoder_controller.cpp:470:5: Could not widen since type i512 size is greater than or equal to the max_widen_bitwidth threshold of 512 _XLX_SEP_ callreadresidual_pe312seqresidual_pe3 gmem3 load_residual_word_loop source/int4_decoder_controller.cpp:470:5 int4_load_residual_4ddr(ap_uint<512> const*, ap_uint<512> const*, ap_uint<512> const*, ap_uint<512> const*, ap_uint<512>*, ap_uint<512>*, ap_uint<512>*, ap_uint<512>*) 
remark: source/int4_decoder_controller.cpp:498:5: Could not widen since type i512 size is greater than or equal to the max_widen_bitwidth threshold of 512 _XLX_SEP_ callwriteresidual_pe09seqresidual_pe0 gmem0 store_residual_word_loop source/int4_decoder_controller.cpp:498:5 int4_store_residual_4ddr(ap_uint<512> const*, ap_uint<512> const*, ap_uint<512> const*, ap_uint<512> const*, ap_uint<512>*, ap_uint<512>*, ap_uint<512>*, ap_uint<512>*) 
remark: source/int4_decoder_controller.cpp:498:5: Could not widen since type i512 size is greater than or equal to the max_widen_bitwidth threshold of 512 _XLX_SEP_ callwriteresidual_pe110seqresidual_pe1 gmem1 store_residual_word_loop source/int4_decoder_controller.cpp:498:5 int4_store_residual_4ddr(ap_uint<512> const*, ap_uint<512> const*, ap_uint<512> const*, ap_uint<512> const*, ap_uint<512>*, ap_uint<512>*, ap_uint<512>*, ap_uint<512>*) 
remark: source/int4_decoder_controller.cpp:498:5: Could not widen since type i512 size is greater than or equal to the max_widen_bitwidth threshold of 512 _XLX_SEP_ callwriteresidual_pe211seqresidual_pe2 gmem2 store_residual_word_loop source/int4_decoder_controller.cpp:498:5 int4_store_residual_4ddr(ap_uint<512> const*, ap_uint<512> const*, ap_uint<512> const*, ap_uint<512> const*, ap_uint<512>*, ap_uint<512>*, ap_uint<512>*, ap_uint<512>*) 
remark: source/int4_decoder_controller.cpp:498:5: Could not widen since type i512 size is greater than or equal to the max_widen_bitwidth threshold of 512 _XLX_SEP_ callwriteresidual_pe312seqresidual_pe3 gmem3 store_residual_word_loop source/int4_decoder_controller.cpp:498:5 int4_store_residual_4ddr(ap_uint<512> const*, ap_uint<512> const*, ap_uint<512> const*, ap_uint<512> const*, ap_uint<512>*, ap_uint<512>*, ap_uint<512>*, ap_uint<512>*) 
remark: source/swiftkv_attention.cpp:1952:9: Could not widen since type i512 size is greater than or equal to the max_widen_bitwidth threshold of 512 _XLX_SEP_ callwritescevgepseqkv_cache gmem3,gmem2,gmem1,gmem0 pe_write_kv_word_loop source/swiftkv_attention.cpp:1952:9 swiftkv_run_bank(ap_uint<512> const*, ap_uint<512> const*, ap_uint<512> const*, ap_uint<512>*, hls::stream<ap_int<19>, 0>&, hls::stream<ap_int<19>, 0>&, hls::stream<ap_uint<480>, 0>&, hls::stream<float, 0>&, ap_uint<6>, ap_uint<12>) 
remark: source/swiftkv_attention.cpp:681:5: Could not widen since type i512 size is greater than or equal to the max_widen_bitwidth threshold of 512 _XLX_SEP_ callreadscevgepseqkv_cache gmem3,gmem2,gmem1,gmem0 read_compressed_kv_loop source/swiftkv_attention.cpp:681:5 swiftkv_read_compressed_kv_cache(ap_uint<512> const*, int, ap_uint<12>, hls::stream<ap_uint<512>, 0>&) (.957) 
remark: source/int4_decoder_controller.cpp:157:5: Could not widen since type i512 size is greater than or equal to the max_widen_bitwidth threshold of 512 _XLX_SEP_ callwriteoutput09seqoutput0 gmem0 route_linear_projection_loop source/int4_decoder_controller.cpp:157:5 void int4_route_linear_projection<7>(ap_uint<512> const*, ap_uint<512> const*, ap_uint<512> const*, ap_uint<512> const*, ap_uint<512>*, ap_uint<512>*, ap_uint<512>*, ap_uint<512>*) 
remark: source/int4_decoder_controller.cpp:157:5: Could not widen since type i512 size is greater than or equal to the max_widen_bitwidth threshold of 512 _XLX_SEP_ callwriteoutput110seqoutput1 gmem1 route_linear_projection_loop source/int4_decoder_controller.cpp:157:5 void int4_route_linear_projection<7>(ap_uint<512> const*, ap_uint<512> const*, ap_uint<512> const*, ap_uint<512> const*, ap_uint<512>*, ap_uint<512>*, ap_uint<512>*, ap_uint<512>*) 
remark: source/int4_decoder_controller.cpp:157:5: Could not widen since type i512 size is greater than or equal to the max_widen_bitwidth threshold of 512 _XLX_SEP_ callwriteoutput211seqoutput2 gmem2 route_linear_projection_loop source/int4_decoder_controller.cpp:157:5 void int4_route_linear_projection<7>(ap_uint<512> const*, ap_uint<512> const*, ap_uint<512> const*, ap_uint<512> const*, ap_uint<512>*, ap_uint<512>*, ap_uint<512>*, ap_uint<512>*) 
remark: source/int4_decoder_controller.cpp:157:5: Could not widen since type i512 size is greater than or equal to the max_widen_bitwidth threshold of 512 _XLX_SEP_ callwriteoutput312seqoutput3 gmem3 route_linear_projection_loop source/int4_decoder_controller.cpp:157:5 void int4_route_linear_projection<7>(ap_uint<512> const*, ap_uint<512> const*, ap_uint<512> const*, ap_uint<512> const*, ap_uint<512>*, ap_uint<512>*, ap_uint<512>*, ap_uint<512>*) 
remark: source/int4_linear_controller.cpp:440:5: Could not widen since type i512 size is greater than or equal to the max_widen_bitwidth threshold of 512 _XLX_SEP_ callreadscevgepseqweight_mem gmem3,gmem2,gmem1,gmem0 stream_weight_word_loop source/int4_linear_controller.cpp:440:5 int4_stream_pe_inputs(ap_uint<512> const*, hls::stream<ap_uint<512>, 0>&, int) (.1074) 
remark: source/int4_linear_controller.cpp:440:5: Could not widen since type i512 size is greater than or equal to the max_widen_bitwidth threshold of 512 _XLX_SEP_ callreadscevgepseqweight_mem gmem3,gmem2,gmem1,gmem0 stream_weight_word_loop source/int4_linear_controller.cpp:440:5 int4_stream_pe_inputs(ap_uint<512> const*, hls::stream<ap_uint<512>, 0>&, int) (.1079) 
remark: source/int4_linear_controller.cpp:440:5: Could not widen since type i512 size is greater than or equal to the max_widen_bitwidth threshold of 512 _XLX_SEP_ callreadscevgepseqweight_mem gmem3,gmem2,gmem1,gmem0 stream_weight_word_loop source/int4_linear_controller.cpp:440:5 int4_stream_pe_inputs(ap_uint<512> const*, hls::stream<ap_uint<512>, 0>&, int) (.1084) 
remark: source/int4_linear_controller.cpp:440:5: Could not widen since type i512 size is greater than or equal to the max_widen_bitwidth threshold of 512 _XLX_SEP_ callreadscevgepseqweight_mem gmem3,gmem2,gmem1,gmem0 stream_weight_word_loop source/int4_linear_controller.cpp:440:5 int4_stream_pe_inputs(ap_uint<512> const*, hls::stream<ap_uint<512>, 0>&, int) 
remark: automatically set the pipeline for Loop< reciprocal_divide_bit_loop> at source/swiftkv_attention.cpp:247:5 
remark: automatically set the pipeline for Loop< coefficient_token_loop> at source/swiftkv_attention.cpp:1094:5 
remark: source/swiftkv_attention.cpp:1673:5: Multiple burst reads of length 32768 and bit width 512 has been inferred. These burst requests might be further partitioned into multiple requests during RTL generation, based on max_read_burst_length or max_write_burst_length settings. _XLX_SEP_ seq gmem0 preload_rope_lut_loop source/swiftkv_attention.cpp:1673:5 swiftkv_preload_rope_lut(ap_uint<512> const*, ap_uint<608>*) (.1) 
remark: source/swiftkv_attention.cpp:1673:5: Multiple burst reads of length 32768 and bit width 512 in loop 'preload_rope_lut_loop'(source/swiftkv_attention.cpp:1673:5) has been inferred on bundle 'gmem0'. These burst requests might be further partitioned into multiple requests during RTL generation, based on max_read_burst_length or max_write_burst_length settings.
remark: source/int4_decoder_controller.cpp:433:5: Multiple burst reads of length 5760 and bit width 512 has been inferred. These burst requests might be further partitioned into multiple requests during RTL generation, based on max_read_burst_length or max_write_burst_length settings. _XLX_SEP_ seq gmem0 preload_model_prefix_word_loop source/int4_decoder_controller.cpp:433:5 int4_preload_model_prefix_4ddr(ap_uint<512> const*, ap_uint<512> const*, ap_uint<512> const*, ap_uint<512> const*, ap_uint<512>*, ap_uint<512>*, ap_uint<512>*, ap_uint<512>*, ap_uint<512>*, ap_uint<512>*, ap_uint<512>*, ap_uint<512>*) (.1) 
remark: source/int4_decoder_controller.cpp:433:5: Multiple burst reads of length 5760 and bit width 512 in loop 'preload_model_prefix_word_loop'(source/int4_decoder_controller.cpp:433:5) has been inferred on bundle 'gmem0'. These burst requests might be further partitioned into multiple requests during RTL generation, based on max_read_burst_length or max_write_burst_length settings.
remark: source/int4_decoder_controller.cpp:433:5: Multiple burst reads of length 5760 and bit width 512 has been inferred. These burst requests might be further partitioned into multiple requests during RTL generation, based on max_read_burst_length or max_write_burst_length settings. _XLX_SEP_ seq1 gmem1 preload_model_prefix_word_loop source/int4_decoder_controller.cpp:433:5 int4_preload_model_prefix_4ddr(ap_uint<512> const*, ap_uint<512> const*, ap_uint<512> const*, ap_uint<512> const*, ap_uint<512>*, ap_uint<512>*, ap_uint<512>*, ap_uint<512>*, ap_uint<512>*, ap_uint<512>*, ap_uint<512>*, ap_uint<512>*) (.1) 
remark: source/int4_decoder_controller.cpp:433:5: Multiple burst reads of length 5760 and bit width 512 in loop 'preload_model_prefix_word_loop'(source/int4_decoder_controller.cpp:433:5) has been inferred on bundle 'gmem1'. These burst requests might be further partitioned into multiple requests during RTL generation, based on max_read_burst_length or max_write_burst_length settings.
remark: source/int4_decoder_controller.cpp:433:5: Multiple burst reads of length 5760 and bit width 512 has been inferred. These burst requests might be further partitioned into multiple requests during RTL generation, based on max_read_burst_length or max_write_burst_length settings. _XLX_SEP_ seq2 gmem2 preload_model_prefix_word_loop source/int4_decoder_controller.cpp:433:5 int4_preload_model_prefix_4ddr(ap_uint<512> const*, ap_uint<512> const*, ap_uint<512> const*, ap_uint<512> const*, ap_uint<512>*, ap_uint<512>*, ap_uint<512>*, ap_uint<512>*, ap_uint<512>*, ap_uint<512>*, ap_uint<512>*, ap_uint<512>*) (.1) 
remark: source/int4_decoder_controller.cpp:433:5: Multiple burst reads of length 5760 and bit width 512 in loop 'preload_model_prefix_word_loop'(source/int4_decoder_controller.cpp:433:5) has been inferred on bundle 'gmem2'. These burst requests might be further partitioned into multiple requests during RTL generation, based on max_read_burst_length or max_write_burst_length settings.
remark: source/int4_decoder_controller.cpp:433:5: Multiple burst reads of length 5760 and bit width 512 has been inferred. These burst requests might be further partitioned into multiple requests during RTL generation, based on max_read_burst_length or max_write_burst_length settings. _XLX_SEP_ seq3 gmem3 preload_model_prefix_word_loop source/int4_decoder_controller.cpp:433:5 int4_preload_model_prefix_4ddr(ap_uint<512> const*, ap_uint<512> const*, ap_uint<512> const*, ap_uint<512> const*, ap_uint<512>*, ap_uint<512>*, ap_uint<512>*, ap_uint<512>*, ap_uint<512>*, ap_uint<512>*, ap_uint<512>*, ap_uint<512>*) (.1) 
remark: source/int4_decoder_controller.cpp:433:5: Multiple burst reads of length 5760 and bit width 512 in loop 'preload_model_prefix_word_loop'(source/int4_decoder_controller.cpp:433:5) has been inferred on bundle 'gmem3'. These burst requests might be further partitioned into multiple requests during RTL generation, based on max_read_burst_length or max_write_burst_length settings.
remark: source/int4_decoder_controller.cpp:470:5: Multiple burst reads of length 64 and bit width 512 has been inferred. These burst requests might be further partitioned into multiple requests during RTL generation, based on max_read_burst_length or max_write_burst_length settings. _XLX_SEP_ seq gmem0 load_residual_word_loop source/int4_decoder_controller.cpp:470:5 int4_load_residual_4ddr(ap_uint<512> const*, ap_uint<512> const*, ap_uint<512> const*, ap_uint<512> const*, ap_uint<512>*, ap_uint<512>*, ap_uint<512>*, ap_uint<512>*) (.1) 
remark: source/int4_decoder_controller.cpp:470:5: Multiple burst reads of length 64 and bit width 512 in loop 'load_residual_word_loop'(source/int4_decoder_controller.cpp:470:5) has been inferred on bundle 'gmem0'. These burst requests might be further partitioned into multiple requests during RTL generation, based on max_read_burst_length or max_write_burst_length settings.
remark: source/int4_decoder_controller.cpp:470:5: Multiple burst reads of length 64 and bit width 512 has been inferred. These burst requests might be further partitioned into multiple requests during RTL generation, based on max_read_burst_length or max_write_burst_length settings. _XLX_SEP_ seq1 gmem1 load_residual_word_loop source/int4_decoder_controller.cpp:470:5 int4_load_residual_4ddr(ap_uint<512> const*, ap_uint<512> const*, ap_uint<512> const*, ap_uint<512> const*, ap_uint<512>*, ap_uint<512>*, ap_uint<512>*, ap_uint<512>*) (.1) 
remark: source/int4_decoder_controller.cpp:470:5: Multiple burst reads of length 64 and bit width 512 in loop 'load_residual_word_loop'(source/int4_decoder_controller.cpp:470:5) has been inferred on bundle 'gmem1'. These burst requests might be further partitioned into multiple requests during RTL generation, based on max_read_burst_length or max_write_burst_length settings.
remark: source/int4_decoder_controller.cpp:470:5: Multiple burst reads of length 64 and bit width 512 has been inferred. These burst requests might be further partitioned into multiple requests during RTL generation, based on max_read_burst_length or max_write_burst_length settings. _XLX_SEP_ seq2 gmem2 load_residual_word_loop source/int4_decoder_controller.cpp:470:5 int4_load_residual_4ddr(ap_uint<512> const*, ap_uint<512> const*, ap_uint<512> const*, ap_uint<512> const*, ap_uint<512>*, ap_uint<512>*, ap_uint<512>*, ap_uint<512>*) (.1) 
remark: source/int4_decoder_controller.cpp:470:5: Multiple burst reads of length 64 and bit width 512 in loop 'load_residual_word_loop'(source/int4_decoder_controller.cpp:470:5) has been inferred on bundle 'gmem2'. These burst requests might be further partitioned into multiple requests during RTL generation, based on max_read_burst_length or max_write_burst_length settings.
remark: source/int4_decoder_controller.cpp:470:5: Multiple burst reads of length 64 and bit width 512 has been inferred. These burst requests might be further partitioned into multiple requests during RTL generation, based on max_read_burst_length or max_write_burst_length settings. _XLX_SEP_ seq3 gmem3 load_residual_word_loop source/int4_decoder_controller.cpp:470:5 int4_load_residual_4ddr(ap_uint<512> const*, ap_uint<512> const*, ap_uint<512> const*, ap_uint<512> const*, ap_uint<512>*, ap_uint<512>*, ap_uint<512>*, ap_uint<512>*) (.1) 
remark: source/int4_decoder_controller.cpp:470:5: Multiple burst reads of length 64 and bit width 512 in loop 'load_residual_word_loop'(source/int4_decoder_controller.cpp:470:5) has been inferred on bundle 'gmem3'. These burst requests might be further partitioned into multiple requests during RTL generation, based on max_read_burst_length or max_write_burst_length settings.
remark: source/int4_linear_controller.cpp:440:5: Multiple burst reads of variable length and bit width 512 has been inferred. These burst requests might be further partitioned into multiple requests during RTL generation, based on max_read_burst_length or max_write_burst_length settings. _XLX_SEP_ seq gmem0 stream_weight_word_loop source/int4_linear_controller.cpp:440:5 int4_stream_pe_inputs(ap_uint<512> const*, hls::stream<ap_uint<512>, 0>&, int) (.1) 
remark: source/int4_linear_controller.cpp:440:5: Multiple burst reads of variable length and bit width 512 in loop 'stream_weight_word_loop'(source/int4_linear_controller.cpp:440:5) has been inferred on bundle 'gmem0'. These burst requests might be further partitioned into multiple requests during RTL generation, based on max_read_burst_length or max_write_burst_length settings.
remark: source/int4_linear_controller.cpp:440:5: Multiple burst reads of variable length and bit width 512 has been inferred. These burst requests might be further partitioned into multiple requests during RTL generation, based on max_read_burst_length or max_write_burst_length settings. _XLX_SEP_ seq gmem1 stream_weight_word_loop source/int4_linear_controller.cpp:440:5 int4_stream_pe_inputs(ap_uint<512> const*, hls::stream<ap_uint<512>, 0>&, int) (.1084.1) 
remark: source/int4_linear_controller.cpp:440:5: Multiple burst reads of variable length and bit width 512 in loop 'stream_weight_word_loop'(source/int4_linear_controller.cpp:440:5) has been inferred on bundle 'gmem1'. These burst requests might be further partitioned into multiple requests during RTL generation, based on max_read_burst_length or max_write_burst_length settings.
remark: source/int4_linear_controller.cpp:440:5: Multiple burst reads of variable length and bit width 512 has been inferred. These burst requests might be further partitioned into multiple requests during RTL generation, based on max_read_burst_length or max_write_burst_length settings. _XLX_SEP_ seq gmem2 stream_weight_word_loop source/int4_linear_controller.cpp:440:5 int4_stream_pe_inputs(ap_uint<512> const*, hls::stream<ap_uint<512>, 0>&, int) (.1079.1) 
remark: source/int4_linear_controller.cpp:440:5: Multiple burst reads of variable length and bit width 512 in loop 'stream_weight_word_loop'(source/int4_linear_controller.cpp:440:5) has been inferred on bundle 'gmem2'. These burst requests might be further partitioned into multiple requests during RTL generation, based on max_read_burst_length or max_write_burst_length settings.
remark: source/int4_linear_controller.cpp:440:5: Multiple burst reads of variable length and bit width 512 has been inferred. These burst requests might be further partitioned into multiple requests during RTL generation, based on max_read_burst_length or max_write_burst_length settings. _XLX_SEP_ seq gmem3 stream_weight_word_loop source/int4_linear_controller.cpp:440:5 int4_stream_pe_inputs(ap_uint<512> const*, hls::stream<ap_uint<512>, 0>&, int) (.1074.1) 
remark: source/int4_linear_controller.cpp:440:5: Multiple burst reads of variable length and bit width 512 in loop 'stream_weight_word_loop'(source/int4_linear_controller.cpp:440:5) has been inferred on bundle 'gmem3'. These burst requests might be further partitioned into multiple requests during RTL generation, based on max_read_burst_length or max_write_burst_length settings.
remark: source/int4_decoder_controller.cpp:157:5: Multiple burst writes of length 504 and bit width 512 has been inferred. These burst requests might be further partitioned into multiple requests during RTL generation, based on max_read_burst_length or max_write_burst_length settings. _XLX_SEP_ seq gmem0 route_linear_projection_loop source/int4_decoder_controller.cpp:157:5 void int4_route_linear_projection<7>(ap_uint<512> const*, ap_uint<512> const*, ap_uint<512> const*, ap_uint<512> const*, ap_uint<512>*, ap_uint<512>*, ap_uint<512>*, ap_uint<512>*) (.1) 
remark: source/int4_decoder_controller.cpp:157:5: Multiple burst writes of length 504 and bit width 512 in loop 'route_linear_projection_loop'(source/int4_decoder_controller.cpp:157:5) has been inferred on bundle 'gmem0'. These burst requests might be further partitioned into multiple requests during RTL generation, based on max_read_burst_length or max_write_burst_length settings.
remark: source/int4_decoder_controller.cpp:157:5: Multiple burst writes of length 504 and bit width 512 has been inferred. These burst requests might be further partitioned into multiple requests during RTL generation, based on max_read_burst_length or max_write_burst_length settings. _XLX_SEP_ seq1 gmem1 route_linear_projection_loop source/int4_decoder_controller.cpp:157:5 void int4_route_linear_projection<7>(ap_uint<512> const*, ap_uint<512> const*, ap_uint<512> const*, ap_uint<512> const*, ap_uint<512>*, ap_uint<512>*, ap_uint<512>*, ap_uint<512>*) (.1) 
remark: source/int4_decoder_controller.cpp:157:5: Multiple burst writes of length 504 and bit width 512 in loop 'route_linear_projection_loop'(source/int4_decoder_controller.cpp:157:5) has been inferred on bundle 'gmem1'. These burst requests might be further partitioned into multiple requests during RTL generation, based on max_read_burst_length or max_write_burst_length settings.
remark: source/int4_decoder_controller.cpp:157:5: Multiple burst writes of length 504 and bit width 512 has been inferred. These burst requests might be further partitioned into multiple requests during RTL generation, based on max_read_burst_length or max_write_burst_length settings. _XLX_SEP_ seq2 gmem2 route_linear_projection_loop source/int4_decoder_controller.cpp:157:5 void int4_route_linear_projection<7>(ap_uint<512> const*, ap_uint<512> const*, ap_uint<512> const*, ap_uint<512> const*, ap_uint<512>*, ap_uint<512>*, ap_uint<512>*, ap_uint<512>*) (.1) 
remark: source/int4_decoder_controller.cpp:157:5: Multiple burst writes of length 504 and bit width 512 in loop 'route_linear_projection_loop'(source/int4_decoder_controller.cpp:157:5) has been inferred on bundle 'gmem2'. These burst requests might be further partitioned into multiple requests during RTL generation, based on max_read_burst_length or max_write_burst_length settings.
remark: source/int4_decoder_controller.cpp:157:5: Multiple burst writes of length 504 and bit width 512 has been inferred. These burst requests might be further partitioned into multiple requests during RTL generation, based on max_read_burst_length or max_write_burst_length settings. _XLX_SEP_ seq3 gmem3 route_linear_projection_loop source/int4_decoder_controller.cpp:157:5 void int4_route_linear_projection<7>(ap_uint<512> const*, ap_uint<512> const*, ap_uint<512> const*, ap_uint<512> const*, ap_uint<512>*, ap_uint<512>*, ap_uint<512>*, ap_uint<512>*) (.1) 
remark: source/int4_decoder_controller.cpp:157:5: Multiple burst writes of length 504 and bit width 512 in loop 'route_linear_projection_loop'(source/int4_decoder_controller.cpp:157:5) has been inferred on bundle 'gmem3'. These burst requests might be further partitioned into multiple requests during RTL generation, based on max_read_burst_length or max_write_burst_length settings.
remark: source/swiftkv_attention.cpp:681:5: Multiple burst reads of variable length and bit width 512 has been inferred. These burst requests might be further partitioned into multiple requests during RTL generation, based on max_read_burst_length or max_write_burst_length settings. _XLX_SEP_ seq gmem0 read_compressed_kv_loop source/swiftkv_attention.cpp:681:5 swiftkv_read_compressed_kv_cache(ap_uint<512> const*, int, ap_uint<12>, hls::stream<ap_uint<512>, 0>&) (.957.1) 
remark: source/swiftkv_attention.cpp:681:5: Multiple burst reads of variable length and bit width 512 in loop 'read_compressed_kv_loop'(source/swiftkv_attention.cpp:681:5) has been inferred on bundle 'gmem0'. These burst requests might be further partitioned into multiple requests during RTL generation, based on max_read_burst_length or max_write_burst_length settings.
remark: source/swiftkv_attention.cpp:1952:9: Multiple burst writes of length 5 and bit width 512 has been inferred. These burst requests might be further partitioned into multiple requests during RTL generation, based on max_read_burst_length or max_write_burst_length settings. _XLX_SEP_ seq gmem3 pe_write_kv_word_loop source/swiftkv_attention.cpp:1952:9 swiftkv_run_bank(ap_uint<512> const*, ap_uint<512> const*, ap_uint<512> const*, ap_uint<512>*, hls::stream<ap_int<19>, 0>&, hls::stream<ap_int<19>, 0>&, hls::stream<ap_uint<480>, 0>&, hls::stream<float, 0>&, ap_uint<6>, ap_uint<12>) (.1) 
remark: source/swiftkv_attention.cpp:1952:9: Multiple burst writes of length 5 and bit width 512 in loop 'pe_write_kv_word_loop'(source/swiftkv_attention.cpp:1952:9) has been inferred on bundle 'gmem3'. These burst requests might be further partitioned into multiple requests during RTL generation, based on max_read_burst_length or max_write_burst_length settings.
remark: source/int4_decoder_controller.cpp:498:5: Multiple burst writes of length 64 and bit width 512 has been inferred. These burst requests might be further partitioned into multiple requests during RTL generation, based on max_read_burst_length or max_write_burst_length settings. _XLX_SEP_ seq gmem0 store_residual_word_loop source/int4_decoder_controller.cpp:498:5 int4_store_residual_4ddr(ap_uint<512> const*, ap_uint<512> const*, ap_uint<512> const*, ap_uint<512> const*, ap_uint<512>*, ap_uint<512>*, ap_uint<512>*, ap_uint<512>*) (.1) 
remark: source/int4_decoder_controller.cpp:498:5: Multiple burst writes of length 64 and bit width 512 in loop 'store_residual_word_loop'(source/int4_decoder_controller.cpp:498:5) has been inferred on bundle 'gmem0'. These burst requests might be further partitioned into multiple requests during RTL generation, based on max_read_burst_length or max_write_burst_length settings.
remark: source/int4_decoder_controller.cpp:498:5: Multiple burst writes of length 64 and bit width 512 has been inferred. These burst requests might be further partitioned into multiple requests during RTL generation, based on max_read_burst_length or max_write_burst_length settings. _XLX_SEP_ seq1 gmem1 store_residual_word_loop source/int4_decoder_controller.cpp:498:5 int4_store_residual_4ddr(ap_uint<512> const*, ap_uint<512> const*, ap_uint<512> const*, ap_uint<512> const*, ap_uint<512>*, ap_uint<512>*, ap_uint<512>*, ap_uint<512>*) (.1) 
remark: source/int4_decoder_controller.cpp:498:5: Multiple burst writes of length 64 and bit width 512 in loop 'store_residual_word_loop'(source/int4_decoder_controller.cpp:498:5) has been inferred on bundle 'gmem1'. These burst requests might be further partitioned into multiple requests during RTL generation, based on max_read_burst_length or max_write_burst_length settings.
remark: source/int4_decoder_controller.cpp:498:5: Multiple burst writes of length 64 and bit width 512 has been inferred. These burst requests might be further partitioned into multiple requests during RTL generation, based on max_read_burst_length or max_write_burst_length settings. _XLX_SEP_ seq2 gmem2 store_residual_word_loop source/int4_decoder_controller.cpp:498:5 int4_store_residual_4ddr(ap_uint<512> const*, ap_uint<512> const*, ap_uint<512> const*, ap_uint<512> const*, ap_uint<512>*, ap_uint<512>*, ap_uint<512>*, ap_uint<512>*) (.1) 
remark: source/int4_decoder_controller.cpp:498:5: Multiple burst writes of length 64 and bit width 512 in loop 'store_residual_word_loop'(source/int4_decoder_controller.cpp:498:5) has been inferred on bundle 'gmem2'. These burst requests might be further partitioned into multiple requests during RTL generation, based on max_read_burst_length or max_write_burst_length settings.
remark: source/int4_decoder_controller.cpp:498:5: Multiple burst writes of length 64 and bit width 512 has been inferred. These burst requests might be further partitioned into multiple requests during RTL generation, based on max_read_burst_length or max_write_burst_length settings. _XLX_SEP_ seq3 gmem3 store_residual_word_loop source/int4_decoder_controller.cpp:498:5 int4_store_residual_4ddr(ap_uint<512> const*, ap_uint<512> const*, ap_uint<512> const*, ap_uint<512> const*, ap_uint<512>*, ap_uint<512>*, ap_uint<512>*, ap_uint<512>*) (.1) 
remark: source/int4_decoder_controller.cpp:498:5: Multiple burst writes of length 64 and bit width 512 in loop 'store_residual_word_loop'(source/int4_decoder_controller.cpp:498:5) has been inferred on bundle 'gmem3'. These burst requests might be further partitioned into multiple requests during RTL generation, based on max_read_burst_length or max_write_burst_length settings.
===-------------------------------------------------------------------------===
                         Miscellaneous Ungrouped Timers
===-------------------------------------------------------------------------===

   ---User Time---   --System Time--   --User+System--   ---Wall Time---  --- Name ---
   7.5625 (100.0%)   0.7656 (100.0%)   8.3281 (100.0%)   8.3687 (100.0%)  Code Generation Time
   7.5625 (100.0%)   0.7656 (100.0%)   8.3281 (100.0%)   8.3687 (100.0%)  Total

===-------------------------------------------------------------------------===
                      ... Pass execution timing report ...
===-------------------------------------------------------------------------===
  Total Execution Time: 8.6094 seconds (8.5924 wall clock)

   ---User Time---   --System Time--   --User+System--   ---Wall Time---  --- Name ---
   0.7656 (  9.7%)   0.0000 (  0.0%)   0.7656 (  8.9%)   0.7576 (  8.8%)  Loop Invariant Code Motion
   0.7344 (  9.3%)   0.0000 (  0.0%)   0.7344 (  8.5%)   0.7341 (  8.5%)  Loop Invariant Code Motion
   0.5000 (  6.3%)   0.0000 (  0.0%)   0.5000 (  5.8%)   0.5068 (  5.9%)  Generate HLS compatible IR
   0.3594 (  4.5%)   0.0000 (  0.0%)   0.3594 (  4.2%)   0.3562 (  4.1%)  Memory Summary
   0.1563 (  2.0%)   0.0781 ( 11.1%)   0.2344 (  2.7%)   0.2322 (  2.7%)  Automatic array partition transformation
   0.0938 (  1.2%)   0.1250 ( 17.8%)   0.2188 (  2.5%)   0.2234 (  2.6%)  Auto automatic array partition analysis
   0.0938 (  1.2%)   0.1250 ( 17.8%)   0.2188 (  2.5%)   0.2143 (  2.5%)  Auto automatic array partition analysis
   0.1094 (  1.4%)   0.0625 (  8.9%)   0.1719 (  2.0%)   0.2097 (  2.4%)  Auto automatic array partition analysis
   0.1719 (  2.2%)   0.0000 (  0.0%)   0.1719 (  2.0%)   0.1989 (  2.3%)  Loop Invariant Code Motion
   0.2031 (  2.6%)   0.0000 (  0.0%)   0.2031 (  2.4%)   0.1964 (  2.3%)  Loop Invariant Code Motion
   0.1875 (  2.4%)   0.0000 (  0.0%)   0.1875 (  2.2%)   0.1963 (  2.3%)  Loop Invariant Code Motion
   0.0938 (  1.2%)   0.0938 ( 13.3%)   0.1875 (  2.2%)   0.1835 (  2.1%)  Auto automatic array partition analysis
   0.1406 (  1.8%)   0.0000 (  0.0%)   0.1406 (  1.6%)   0.1503 (  1.7%)  Inliner for always_inline functions
   0.1094 (  1.4%)   0.0156 (  2.2%)   0.1250 (  1.5%)   0.1396 (  1.6%)  PredicateAnalyzer - Predidate Analysis
   0.1250 (  1.6%)   0.0000 (  0.0%)   0.1250 (  1.5%)   0.1390 (  1.6%)  PredicateAnalyzer - Predidate Analysis
   0.1250 (  1.6%)   0.0000 (  0.0%)   0.1250 (  1.5%)   0.1291 (  1.5%)  Lower intermediate type generated by HLSGen
   0.1250 (  1.6%)   0.0000 (  0.0%)   0.1250 (  1.5%)   0.1204 (  1.4%)  Object Decomposition
   0.1250 (  1.6%)   0.0000 (  0.0%)   0.1250 (  1.5%)   0.1134 (  1.3%)  ReflowCheckPragmaConflicts - check pragma conflicts in reflow
   0.0781 (  1.0%)   0.0000 (  0.0%)   0.0781 (  0.9%)   0.0871 (  1.0%)  MemSSAOpt - Memory SSA based optimizations
   0.0469 (  0.6%)   0.0000 (  0.0%)   0.0469 (  0.5%)   0.0625 (  0.7%)  ROM inference pass
   0.0000 (  0.0%)   0.0781 ( 11.1%)   0.0781 (  0.9%)   0.0534 (  0.6%)  Achieval II estimation - estimate acheival II lower bound according to constraint
   0.0625 (  0.8%)   0.0000 (  0.0%)   0.0625 (  0.7%)   0.0508 (  0.6%)  Detach IR Wrapper
   0.0313 (  0.4%)   0.0000 (  0.0%)   0.0313 (  0.4%)   0.0478 (  0.6%)  Undecay arrays
   0.0313 (  0.4%)   0.0000 (  0.0%)   0.0313 (  0.4%)   0.0410 (  0.5%)  Reflow pragma unroll loops
   0.0469 (  0.6%)   0.0000 (  0.0%)   0.0469 (  0.5%)   0.0362 (  0.4%)  Deduce function attributes
   0.0469 (  0.6%)   0.0000 (  0.0%)   0.0469 (  0.5%)   0.0334 (  0.4%)  Bitcode for HLS
   0.0313 (  0.4%)   0.0000 (  0.0%)   0.0313 (  0.4%)   0.0305 (  0.4%)  Global Value Numbering
   0.0156 (  0.2%)   0.0000 (  0.0%)   0.0156 (  0.2%)   0.0303 (  0.4%)  AnnotateNoAlias - Annotate NoAlias Attribute on Arguments
   0.0313 (  0.4%)   0.0000 (  0.0%)   0.0313 (  0.4%)   0.0298 (  0.3%)  Lower HLS related loops
   0.0313 (  0.4%)   0.0000 (  0.0%)   0.0313 (  0.4%)   0.0298 (  0.3%)  ArrayPartition - Partition Arrays into Banks
   0.0313 (  0.4%)   0.0000 (  0.0%)   0.0313 (  0.4%)   0.0268 (  0.3%)  AnnotateNoAlias - Annotate NoAlias Attribute on Arguments
   0.0156 (  0.2%)   0.0000 (  0.0%)   0.0156 (  0.2%)   0.0258 (  0.3%)  AnnotateNoAlias - Annotate NoAlias Attribute on Arguments
   0.0313 (  0.4%)   0.0000 (  0.0%)   0.0313 (  0.4%)   0.0232 (  0.3%)  AnnotateNoAlias - Annotate NoAlias Attribute on Arguments
   0.0313 (  0.4%)   0.0000 (  0.0%)   0.0313 (  0.4%)   0.0216 (  0.3%)  Generate IR Wrapper
   0.0156 (  0.2%)   0.0000 (  0.0%)   0.0156 (  0.2%)   0.0215 (  0.3%)  Combine redundant instructions
   0.0313 (  0.4%)   0.0000 (  0.0%)   0.0313 (  0.4%)   0.0201 (  0.2%)  Combine redundant instructions
   0.0156 (  0.2%)   0.0000 (  0.0%)   0.0156 (  0.2%)   0.0195 (  0.2%)  Global Value Numbering
   0.0156 (  0.2%)   0.0000 (  0.0%)   0.0156 (  0.2%)   0.0193 (  0.2%)  Global Value Numbering
   0.0156 (  0.2%)   0.0000 (  0.0%)   0.0156 (  0.2%)   0.0189 (  0.2%)  Global Value Numbering
   0.0156 (  0.2%)   0.0000 (  0.0%)   0.0156 (  0.2%)   0.0188 (  0.2%)  Global Value Numbering
   0.0156 (  0.2%)   0.0000 (  0.0%)   0.0156 (  0.2%)   0.0186 (  0.2%)  Dead Store Elimination
   0.0000 (  0.0%)   0.0000 (  0.0%)   0.0000 (  0.0%)   0.0179 (  0.2%)  Global Value Numbering
   0.0156 (  0.2%)   0.0000 (  0.0%)   0.0156 (  0.2%)   0.0177 (  0.2%)  Induction Variable Simplification
   0.0313 (  0.4%)   0.0000 (  0.0%)   0.0313 (  0.4%)   0.0174 (  0.2%)  Memory SSA
   0.0313 (  0.4%)   0.0000 (  0.0%)   0.0313 (  0.4%)   0.0166 (  0.2%)  Global Value Numbering
   0.0156 (  0.2%)   0.0000 (  0.0%)   0.0156 (  0.2%)   0.0159 (  0.2%)  Global Value Numbering
   0.0313 (  0.4%)   0.0000 (  0.0%)   0.0313 (  0.4%)   0.0158 (  0.2%)  Dead Store Elimination
   0.0156 (  0.2%)   0.0000 (  0.0%)   0.0156 (  0.2%)   0.0156 (  0.2%)  Global Value Numbering
   0.0156 (  0.2%)   0.0000 (  0.0%)   0.0156 (  0.2%)   0.0155 (  0.2%)  AccessGroup - Group the memory access for the same object
   0.0000 (  0.0%)   0.0000 (  0.0%)   0.0000 (  0.0%)   0.0150 (  0.2%)  Global Value Numbering
   0.0156 (  0.2%)   0.0000 (  0.0%)   0.0156 (  0.2%)   0.0143 (  0.2%)  AlignMemory - Align memory accesses
   0.0000 (  0.0%)   0.0000 (  0.0%)   0.0000 (  0.0%)   0.0135 (  0.2%)  Inliner for always_inline functions
   0.0000 (  0.0%)   0.0000 (  0.0%)   0.0000 (  0.0%)   0.0134 (  0.2%)  Induction Variable Simplification
   0.0000 (  0.0%)   0.0156 (  2.2%)   0.0156 (  0.2%)   0.0134 (  0.2%)  AlignMemory - Align memory accesses
   0.0000 (  0.0%)   0.0000 (  0.0%)   0.0000 (  0.0%)   0.0134 (  0.2%)  Induction Variable Simplification
   0.0156 (  0.2%)   0.0000 (  0.0%)   0.0156 (  0.2%)   0.0134 (  0.2%)  Global Value Numbering
   0.0156 (  0.2%)   0.0000 (  0.0%)   0.0156 (  0.2%)   0.0131 (  0.2%)  Dataflow Process Duplication
   0.0313 (  0.4%)   0.0000 (  0.0%)   0.0313 (  0.4%)   0.0129 (  0.2%)  Induction Variable Simplification
   0.0156 (  0.2%)   0.0000 (  0.0%)   0.0156 (  0.2%)   0.0125 (  0.1%)  Interprocedural Sparse Conditional Constant Propagation
   0.0156 (  0.2%)   0.0000 (  0.0%)   0.0156 (  0.2%)   0.0125 (  0.1%)  Induction Variable Simplification
   0.0156 (  0.2%)   0.0000 (  0.0%)   0.0156 (  0.2%)   0.0124 (  0.1%)  Analyze sequential accesses
   0.0156 (  0.2%)   0.0000 (  0.0%)   0.0156 (  0.2%)   0.0124 (  0.1%)  AlignMemory - Align memory accesses
   0.0156 (  0.2%)   0.0000 (  0.0%)   0.0156 (  0.2%)   0.0123 (  0.1%)  AlignMemory - Align memory accesses
   0.0156 (  0.2%)   0.0000 (  0.0%)   0.0156 (  0.2%)   0.0122 (  0.1%)  AlignMemory - Align memory accesses
   0.0156 (  0.2%)   0.0000 (  0.0%)   0.0156 (  0.2%)   0.0121 (  0.1%)  Induction Variable Simplification
   0.0469 (  0.6%)   0.0000 (  0.0%)   0.0469 (  0.5%)   0.0120 (  0.1%)  Induction Variable Simplification
   0.0156 (  0.2%)   0.0000 (  0.0%)   0.0156 (  0.2%)   0.0119 (  0.1%)  AlignMemory - Align memory accesses
   0.0000 (  0.0%)   0.0000 (  0.0%)   0.0000 (  0.0%)   0.0118 (  0.1%)  Value Propagation
   0.0156 (  0.2%)   0.0000 (  0.0%)   0.0156 (  0.2%)   0.0116 (  0.1%)  AlignMemory - Align memory accesses
   0.0156 (  0.2%)   0.0000 (  0.0%)   0.0156 (  0.2%)   0.0115 (  0.1%)  AlignMemory - Align memory accesses
   0.0156 (  0.2%)   0.0000 (  0.0%)   0.0156 (  0.2%)   0.0114 (  0.1%)  Global Value Numbering
   0.0000 (  0.0%)   0.0000 (  0.0%)   0.0000 (  0.0%)   0.0114 (  0.1%)  Global Value Numbering
   0.0156 (  0.2%)   0.0000 (  0.0%)   0.0156 (  0.2%)   0.0114 (  0.1%)  Produce message if basic block has too many instructions
   0.0156 (  0.2%)   0.0000 (  0.0%)   0.0156 (  0.2%)   0.0113 (  0.1%)  AlignMemory - Align memory accesses
   0.0000 (  0.0%)   0.0000 (  0.0%)   0.0000 (  0.0%)   0.0112 (  0.1%)  Combine redundant instructions
   0.0156 (  0.2%)   0.0000 (  0.0%)   0.0156 (  0.2%)   0.0112 (  0.1%)  Global Value Numbering
   0.0000 (  0.0%)   0.0000 (  0.0%)   0.0000 (  0.0%)   0.0110 (  0.1%)  Dead Store Elimination
   0.0000 (  0.0%)   0.0000 (  0.0%)   0.0000 (  0.0%)   0.0108 (  0.1%)  Global Value Numbering
   0.0156 (  0.2%)   0.0000 (  0.0%)   0.0156 (  0.2%)   0.0107 (  0.1%)  Global Value Numbering
   0.0156 (  0.2%)   0.0000 (  0.0%)   0.0156 (  0.2%)   0.0107 (  0.1%)  Produce message if basic block has too many instructions
   0.0156 (  0.2%)   0.0000 (  0.0%)   0.0156 (  0.2%)   0.0107 (  0.1%)  Global Value Numbering
   0.0156 (  0.2%)   0.0000 (  0.0%)   0.0156 (  0.2%)   0.0106 (  0.1%)  dump pragma info via xml format
   0.0000 (  0.0%)   0.0000 (  0.0%)   0.0000 (  0.0%)   0.0105 (  0.1%)  Synthesis checker
   0.0000 (  0.0%)   0.0000 (  0.0%)   0.0000 (  0.0%)   0.0104 (  0.1%)  Global Value Numbering
   0.0000 (  0.0%)   0.0000 (  0.0%)   0.0000 (  0.0%)   0.0104 (  0.1%)  Dead Store Elimination
   0.0000 (  0.0%)   0.0000 (  0.0%)   0.0000 (  0.0%)   0.0103 (  0.1%)   automatic function inline driven by performance to break up circuit dependence
   0.0000 (  0.0%)   0.0000 (  0.0%)   0.0000 (  0.0%)   0.0102 (  0.1%)  Combine redundant instructions
   0.0156 (  0.2%)   0.0000 (  0.0%)   0.0156 (  0.2%)   0.0102 (  0.1%)  Loop Invariant Code Motion
   0.0000 (  0.0%)   0.0000 (  0.0%)   0.0000 (  0.0%)   0.0100 (  0.1%)  Global Value Numbering
   0.0156 (  0.2%)   0.0000 (  0.0%)   0.0156 (  0.2%)   0.0100 (  0.1%)  Global Value Numbering
   0.0000 (  0.0%)   0.0000 (  0.0%)   0.0000 (  0.0%)   0.0099 (  0.1%)  Global Value Numbering
   0.0000 (  0.0%)   0.0000 (  0.0%)   0.0000 (  0.0%)   0.0099 (  0.1%)   automatic function inline driven by performance to break up circuit dependence
   0.0000 (  0.0%)   0.0000 (  0.0%)   0.0000 (  0.0%)   0.0098 (  0.1%)  Global Value Numbering
   0.0156 (  0.2%)   0.0000 (  0.0%)   0.0156 (  0.2%)   0.0098 (  0.1%)  Automatic inliner in reflow
   0.0156 (  0.2%)   0.0000 (  0.0%)   0.0156 (  0.2%)   0.0098 (  0.1%)  Global Value Numbering
   0.0156 (  0.2%)   0.0000 (  0.0%)   0.0156 (  0.2%)   0.0098 (  0.1%)  Global Value Numbering
   0.0156 (  0.2%)   0.0000 (  0.0%)   0.0156 (  0.2%)   0.0097 (  0.1%)  Global Value Numbering
   0.0156 (  0.2%)   0.0000 (  0.0%)   0.0156 (  0.2%)   0.0097 (  0.1%)  Global Value Numbering
   0.0156 (  0.2%)   0.0000 (  0.0%)   0.0156 (  0.2%)   0.0097 (  0.1%)  Global Value Numbering
   0.0156 (  0.2%)   0.0000 (  0.0%)   0.0156 (  0.2%)   0.0097 (  0.1%)  Collect complexity metrics for FE reflow
   0.0156 (  0.2%)   0.0000 (  0.0%)   0.0156 (  0.2%)   0.0096 (  0.1%)  Function Alias Analysis Results
   0.0000 (  0.0%)   0.0000 (  0.0%)   0.0000 (  0.0%)   0.0096 (  0.1%)  Global Value Numbering
   0.0156 (  0.2%)   0.0000 (  0.0%)   0.0156 (  0.2%)   0.0095 (  0.1%)  Global Value Numbering
   0.0156 (  0.2%)   0.0000 (  0.0%)   0.0156 (  0.2%)   0.0095 (  0.1%)  Global Value Numbering
   0.0313 (  0.4%)   0.0000 (  0.0%)   0.0313 (  0.4%)   0.0094 (  0.1%)  Global Value Numbering
   0.0156 (  0.2%)   0.0000 (  0.0%)   0.0156 (  0.2%)   0.0094 (  0.1%)  Global Value Numbering
   0.0156 (  0.2%)   0.0000 (  0.0%)   0.0156 (  0.2%)   0.0094 (  0.1%)  Induction Variable Simplification
   0.0156 (  0.2%)   0.0000 (  0.0%)   0.0156 (  0.2%)   0.0094 (  0.1%)  Lower HLS related attributes
   0.0000 (  0.0%)   0.0000 (  0.0%)   0.0000 (  0.0%)   0.0093 (  0.1%)  Function Alias Analysis Results
   0.0000 (  0.0%)   0.0000 (  0.0%)   0.0000 (  0.0%)   0.0093 (  0.1%)  Global Value Numbering
   0.0156 (  0.2%)   0.0000 (  0.0%)   0.0156 (  0.2%)   0.0093 (  0.1%)  Combine redundant instructions
   0.0156 (  0.2%)   0.0000 (  0.0%)   0.0156 (  0.2%)   0.0092 (  0.1%)  Global Value Numbering
   0.0156 (  0.2%)   0.0000 (  0.0%)   0.0156 (  0.2%)   0.0091 (  0.1%)  Global Value Numbering
   0.0156 (  0.2%)   0.0000 (  0.0%)   0.0156 (  0.2%)   0.0091 (  0.1%)  Global Value Numbering
   0.0000 (  0.0%)   0.0156 (  2.2%)   0.0156 (  0.2%)   0.0090 (  0.1%)  Reflow pipeline loop automatically
   0.0156 (  0.2%)   0.0000 (  0.0%)   0.0156 (  0.2%)   0.0089 (  0.1%)  Global Value Numbering
   0.0313 (  0.4%)   0.0000 (  0.0%)   0.0313 (  0.4%)   0.0088 (  0.1%)  Global Value Numbering
   0.0000 (  0.0%)   0.0000 (  0.0%)   0.0000 (  0.0%)   0.0088 (  0.1%)  Value Propagation
   0.0000 (  0.0%)   0.0000 (  0.0%)   0.0000 (  0.0%)   0.0088 (  0.1%)  Global Value Numbering
   0.0000 (  0.0%)   0.0000 (  0.0%)   0.0000 (  0.0%)   0.0087 (  0.1%)  Straight line strength reduction
   0.0000 (  0.0%)   0.0000 (  0.0%)   0.0000 (  0.0%)   0.0087 (  0.1%)  Merge accesses
   0.0000 (  0.0%)   0.0000 (  0.0%)   0.0000 (  0.0%)   0.0085 (  0.1%)  LoopDepAnalysis - Reflow Loop Dependence Annotation
   0.0000 (  0.0%)   0.0000 (  0.0%)   0.0000 (  0.0%)   0.0084 (  0.1%)  Simplify the CFG
   0.0000 (  0.0%)   0.0000 (  0.0%)   0.0000 (  0.0%)   0.0083 (  0.1%)  Global Value Numbering
   0.0156 (  0.2%)   0.0000 (  0.0%)   0.0156 (  0.2%)   0.0082 (  0.1%)  Automatically infer occurrence information
   0.0000 (  0.0%)   0.0000 (  0.0%)   0.0000 (  0.0%)   0.0082 (  0.1%)  Automatic data reuse optimization
   0.0000 (  0.0%)   0.0000 (  0.0%)   0.0000 (  0.0%)   0.0081 (  0.1%)  Combine redundant instructions
   0.0000 (  0.0%)   0.0000 (  0.0%)   0.0000 (  0.0%)   0.0079 (  0.1%)  Promote Memory to Register
   0.0000 (  0.0%)   0.0000 (  0.0%)   0.0000 (  0.0%)   0.0077 (  0.1%)  Loop Invariant Code Motion
   0.0000 (  0.0%)   0.0000 (  0.0%)   0.0000 (  0.0%)   0.0077 (  0.1%)  Reflow pragma unroll loops
   0.0000 (  0.0%)   0.0000 (  0.0%)   0.0000 (  0.0%)   0.0077 (  0.1%)  Combine redundant instructions
   0.0156 (  0.2%)   0.0000 (  0.0%)   0.0156 (  0.2%)   0.0076 (  0.1%)  Memory Summary
   0.0000 (  0.0%)   0.0000 (  0.0%)   0.0000 (  0.0%)   0.0075 (  0.1%)  Dead Store Elimination
   0.0156 (  0.2%)   0.0000 (  0.0%)   0.0156 (  0.2%)   0.0074 (  0.1%)  Combine redundant instructions
   0.0000 (  0.0%)   0.0000 (  0.0%)   0.0000 (  0.0%)   0.0074 (  0.1%)  Reflow pragma unroll loops
   0.0156 (  0.2%)   0.0000 (  0.0%)   0.0156 (  0.2%)   0.0074 (  0.1%)  Dead Store Elimination
   0.0156 (  0.2%)   0.0000 (  0.0%)   0.0156 (  0.2%)   0.0074 (  0.1%)  Combine redundant instructions
   0.0000 (  0.0%)   0.0000 (  0.0%)   0.0000 (  0.0%)   0.0073 (  0.1%)  Dead Store Elimination
   0.0000 (  0.0%)   0.0000 (  0.0%)   0.0000 (  0.0%)   0.0073 (  0.1%)  Dead Store Elimination
   0.0156 (  0.2%)   0.0000 (  0.0%)   0.0156 (  0.2%)   0.0073 (  0.1%)  Dead Store Elimination
   0.0000 (  0.0%)   0.0000 (  0.0%)   0.0000 (  0.0%)   0.0073 (  0.1%)  Reflow pragma unroll loops
   0.0156 (  0.2%)   0.0000 (  0.0%)   0.0156 (  0.2%)   0.0073 (  0.1%)  Reflow pragma unroll loops
   0.0000 (  0.0%)   0.0000 (  0.0%)   0.0000 (  0.0%)   0.0073 (  0.1%)  Combine redundant instructions
   0.0000 (  0.0%)   0.0000 (  0.0%)   0.0000 (  0.0%)   0.0072 (  0.1%)  Combine redundant instructions
   0.0000 (  0.0%)   0.0000 (  0.0%)   0.0000 (  0.0%)   0.0072 (  0.1%)  Memory Summary
   0.0156 (  0.2%)   0.0000 (  0.0%)   0.0156 (  0.2%)   0.0072 (  0.1%)  Merge accesses
   0.0156 (  0.2%)   0.0000 (  0.0%)   0.0156 (  0.2%)   0.0072 (  0.1%)  Combine redundant instructions
   0.0000 (  0.0%)   0.0156 (  2.2%)   0.0156 (  0.2%)   0.0071 (  0.1%)  Combine redundant instructions
   0.0000 (  0.0%)   0.0000 (  0.0%)   0.0000 (  0.0%)   0.0071 (  0.1%)  Dead Store Elimination
   0.0000 (  0.0%)   0.0000 (  0.0%)   0.0000 (  0.0%)   0.0071 (  0.1%)  Dead Store Elimination
   0.0000 (  0.0%)   0.0000 (  0.0%)   0.0000 (  0.0%)   0.0070 (  0.1%)  Combine redundant instructions
   0.0156 (  0.2%)   0.0000 (  0.0%)   0.0156 (  0.2%)   0.0070 (  0.1%)  Collect complexity metrics for FE reflow
   0.0156 (  0.2%)   0.0000 (  0.0%)   0.0156 (  0.2%)   0.0070 (  0.1%)  Reflow pragma unroll loops
   0.0000 (  0.0%)   0.0000 (  0.0%)   0.0000 (  0.0%)   0.0070 (  0.1%)  Dead Store Elimination
   0.0000 (  0.0%)   0.0000 (  0.0%)   0.0000 (  0.0%)   0.0069 (  0.1%)  Merge accesses
   0.0000 (  0.0%)   0.0000 (  0.0%)   0.0000 (  0.0%)   0.0069 (  0.1%)  Combine redundant instructions
   0.0156 (  0.2%)   0.0000 (  0.0%)   0.0156 (  0.2%)   0.0068 (  0.1%)  Combine redundant instructions
   0.0000 (  0.0%)   0.0000 (  0.0%)   0.0000 (  0.0%)   0.0068 (  0.1%)  Value Propagation
   0.0156 (  0.2%)   0.0000 (  0.0%)   0.0156 (  0.2%)   0.0068 (  0.1%)  Combine redundant instructions
   0.0469 (  0.6%)   0.0000 (  0.0%)   0.0469 (  0.5%)   0.0068 (  0.1%)  Combine redundant instructions
   0.0000 (  0.0%)   0.0000 (  0.0%)   0.0000 (  0.0%)   0.0067 (  0.1%)  Combine redundant instructions
   0.0000 (  0.0%)   0.0000 (  0.0%)   0.0000 (  0.0%)   0.0067 (  0.1%)  Rotate Loops
   0.0156 (  0.2%)   0.0000 (  0.0%)   0.0156 (  0.2%)   0.0067 (  0.1%)  Value Propagation
   0.0156 (  0.2%)   0.0000 (  0.0%)   0.0156 (  0.2%)   0.0067 (  0.1%)  Early GVN Hoisting of Expressions
   0.0000 (  0.0%)   0.0000 (  0.0%)   0.0000 (  0.0%)   0.0066 (  0.1%)  Value Propagation
   0.0156 (  0.2%)   0.0000 (  0.0%)   0.0156 (  0.2%)   0.0066 (  0.1%)  Value Propagation
   0.0000 (  0.0%)   0.0000 (  0.0%)   0.0000 (  0.0%)   0.0066 (  0.1%)  Combine redundant instructions
   0.0000 (  0.0%)   0.0000 (  0.0%)   0.0000 (  0.0%)   0.0066 (  0.1%)  Value Propagation
   0.0000 (  0.0%)   0.0000 (  0.0%)   0.0000 (  0.0%)   0.0066 (  0.1%)  Value Propagation
   0.0156 (  0.2%)   0.0000 (  0.0%)   0.0156 (  0.2%)   0.0066 (  0.1%)  Value Propagation
   0.0000 (  0.0%)   0.0000 (  0.0%)   0.0000 (  0.0%)   0.0066 (  0.1%)  Early GVN Hoisting of Expressions
   0.0000 (  0.0%)   0.0000 (  0.0%)   0.0000 (  0.0%)   0.0065 (  0.1%)  Dead Store Elimination
   0.0000 (  0.0%)   0.0000 (  0.0%)   0.0000 (  0.0%)   0.0065 (  0.1%)  Memory Summary
   0.0000 (  0.0%)   0.0000 (  0.0%)   0.0000 (  0.0%)   0.0065 (  0.1%)  Combine redundant instructions
   0.0156 (  0.2%)   0.0000 (  0.0%)   0.0156 (  0.2%)   0.0065 (  0.1%)  Combine redundant instructions
   0.0000 (  0.0%)   0.0000 (  0.0%)   0.0000 (  0.0%)   0.0064 (  0.1%)  Value Propagation
   0.0313 (  0.4%)   0.0000 (  0.0%)   0.0313 (  0.4%)   0.0064 (  0.1%)  Value Propagation
   0.0156 (  0.2%)   0.0000 (  0.0%)   0.0156 (  0.2%)   0.0064 (  0.1%)  Deduce function attributes
   0.0156 (  0.2%)   0.0000 (  0.0%)   0.0156 (  0.2%)   0.0063 (  0.1%)  Value Propagation
   0.0156 (  0.2%)   0.0000 (  0.0%)   0.0156 (  0.2%)   0.0063 (  0.1%)  Synthesis checker
   0.0000 (  0.0%)   0.0000 (  0.0%)   0.0000 (  0.0%)   0.0063 (  0.1%)  LegacyShiftRegisterRecognize - Recognize shift registers and memory
   0.0000 (  0.0%)   0.0000 (  0.0%)   0.0000 (  0.0%)   0.0063 (  0.1%)  Combine redundant instructions
   0.0156 (  0.2%)   0.0000 (  0.0%)   0.0156 (  0.2%)   0.0063 (  0.1%)  Aggressive Dead Code Elimination
   0.0000 (  0.0%)   0.0000 (  0.0%)   0.0000 (  0.0%)   0.0063 (  0.1%)  Value Propagation
   0.0313 (  0.4%)   0.0000 (  0.0%)   0.0313 (  0.4%)   0.0063 (  0.1%)  Early GVN Hoisting of Expressions
   0.0156 (  0.2%)   0.0000 (  0.0%)   0.0156 (  0.2%)   0.0063 (  0.1%)  Value Propagation
   0.0000 (  0.0%)   0.0000 (  0.0%)   0.0000 (  0.0%)   0.0062 (  0.1%)  Dead Store Elimination
   0.0000 (  0.0%)   0.0000 (  0.0%)   0.0000 (  0.0%)   0.0062 (  0.1%)  Combine redundant instructions
   0.0000 (  0.0%)   0.0000 (  0.0%)   0.0000 (  0.0%)   0.0061 (  0.1%)  Collect complexity metrics for FE reflow
   0.0000 (  0.0%)   0.0000 (  0.0%)   0.0000 (  0.0%)   0.0061 (  0.1%)  Remove redundant instructions
   0.0000 (  0.0%)   0.0000 (  0.0%)   0.0000 (  0.0%)   0.0061 (  0.1%)  Aggressive Dead Code Elimination
   0.0000 (  0.0%)   0.0000 (  0.0%)   0.0000 (  0.0%)   0.0060 (  0.1%)  Combine redundant instructions
   0.0000 (  0.0%)   0.0000 (  0.0%)   0.0000 (  0.0%)   0.0060 (  0.1%)  Early GVN Hoisting of Expressions
   0.0000 (  0.0%)   0.0000 (  0.0%)   0.0000 (  0.0%)   0.0059 (  0.1%)  Simple constant propagation
   0.0000 (  0.0%)   0.0000 (  0.0%)   0.0000 (  0.0%)   0.0059 (  0.1%)  Interprocedural Sparse Conditional Constant Propagation
   0.0000 (  0.0%)   0.0000 (  0.0%)   0.0000 (  0.0%)   0.0058 (  0.1%)  Jump Threading
   0.0000 (  0.0%)   0.0000 (  0.0%)   0.0000 (  0.0%)   0.0058 (  0.1%)  Combine redundant instructions
   0.0000 (  0.0%)   0.0000 (  0.0%)   0.0000 (  0.0%)   0.0058 (  0.1%)  Array out of bound check
   0.0156 (  0.2%)   0.0000 (  0.0%)   0.0156 (  0.2%)   0.0058 (  0.1%)  Combine redundant instructions
   0.0000 (  0.0%)   0.0000 (  0.0%)   0.0000 (  0.0%)   0.0058 (  0.1%)  Early GVN Hoisting of Expressions
   0.0000 (  0.0%)   0.0000 (  0.0%)   0.0000 (  0.0%)   0.0057 (  0.1%)  Early GVN Hoisting of Expressions
   0.0000 (  0.0%)   0.0000 (  0.0%)   0.0000 (  0.0%)   0.0057 (  0.1%)  Array out of bound check
   0.0000 (  0.0%)   0.0000 (  0.0%)   0.0000 (  0.0%)   0.0057 (  0.1%)  Early GVN Hoisting of Expressions
   0.0156 (  0.2%)   0.0000 (  0.0%)   0.0156 (  0.2%)   0.0057 (  0.1%)  Infer complete unroll based on pipeline pragma
   0.0000 (  0.0%)   0.0000 (  0.0%)   0.0000 (  0.0%)   0.0057 (  0.1%)  Early GVN Hoisting of Expressions
   0.0156 (  0.2%)   0.0000 (  0.0%)   0.0156 (  0.2%)   0.0057 (  0.1%)  Array out of bound check
   0.0156 (  0.2%)   0.0000 (  0.0%)   0.0156 (  0.2%)   0.0057 (  0.1%)  Array out of bound check
   0.0000 (  0.0%)   0.0000 (  0.0%)   0.0000 (  0.0%)   0.0056 (  0.1%)  Deduce function attributes
   0.0156 (  0.2%)   0.0000 (  0.0%)   0.0156 (  0.2%)   0.0056 (  0.1%)  Array out of bound check
   0.0156 (  0.2%)   0.0000 (  0.0%)   0.0156 (  0.2%)   0.0056 (  0.1%)  Aggressive Dead Code Elimination
   0.0313 (  0.4%)   0.0000 (  0.0%)   0.0313 (  0.4%)   0.0056 (  0.1%)  Merge accesses
   0.0000 (  0.0%)   0.0000 (  0.0%)   0.0000 (  0.0%)   0.0055 (  0.1%)  Early GVN Hoisting of Expressions
   0.0000 (  0.0%)   0.0000 (  0.0%)   0.0000 (  0.0%)   0.0055 (  0.1%)  Remove redundant instructions
   0.0000 (  0.0%)   0.0000 (  0.0%)   0.0000 (  0.0%)   0.0054 (  0.1%)  Interprocedural Sparse Conditional Constant Propagation
   0.0313 (  0.4%)   0.0000 (  0.0%)   0.0313 (  0.4%)   0.0054 (  0.1%)  Collect complexity metrics for FE reflow
   0.0156 (  0.2%)   0.0000 (  0.0%)   0.0156 (  0.2%)   0.0053 (  0.1%)  Early GVN Hoisting of Expressions
   0.0156 (  0.2%)   0.0000 (  0.0%)   0.0156 (  0.2%)   0.0053 (  0.1%)  ProduceBurstMessages - Produce Burst Messages
   0.0000 (  0.0%)   0.0000 (  0.0%)   0.0000 (  0.0%)   0.0053 (  0.1%)  Remove redundant instructions
   0.0000 (  0.0%)   0.0000 (  0.0%)   0.0000 (  0.0%)   0.0053 (  0.1%)  Memory SSA
   0.0000 (  0.0%)   0.0000 (  0.0%)   0.0000 (  0.0%)   0.0053 (  0.1%)  Remove redundant instructions
   0.0156 (  0.2%)   0.0000 (  0.0%)   0.0156 (  0.2%)   0.0052 (  0.1%)  Remove redundant instructions
   0.0156 (  0.2%)   0.0000 (  0.0%)   0.0156 (  0.2%)   0.0052 (  0.1%)  Remove redundant instructions
   0.0156 (  0.2%)   0.0000 (  0.0%)   0.0156 (  0.2%)   0.0051 (  0.1%)  Combine redundant instructions
   0.0000 (  0.0%)   0.0000 (  0.0%)   0.0000 (  0.0%)   0.0051 (  0.1%)  LoopDepAnalysis - Reflow Loop Dependence Annotation
   0.0000 (  0.0%)   0.0000 (  0.0%)   0.0000 (  0.0%)   0.0051 (  0.1%)  Collect complexity metrics for FE reflow
   0.0000 (  0.0%)   0.0000 (  0.0%)   0.0000 (  0.0%)   0.0051 (  0.1%)  Remove redundant instructions
   0.0000 (  0.0%)   0.0000 (  0.0%)   0.0000 (  0.0%)   0.0051 (  0.1%)  Remove redundant instructions
   0.0000 (  0.0%)   0.0000 (  0.0%)   0.0000 (  0.0%)   0.0051 (  0.1%)  SeqAccessesInference - Infer Sequential accesses for HLS C/C++
   0.0000 (  0.0%)   0.0000 (  0.0%)   0.0000 (  0.0%)   0.0050 (  0.1%)  Aggressive Dead Code Elimination
   0.0000 (  0.0%)   0.0000 (  0.0%)   0.0000 (  0.0%)   0.0050 (  0.1%)  Pragma preprocessing after clang
   0.0156 (  0.2%)   0.0000 (  0.0%)   0.0156 (  0.2%)   0.0050 (  0.1%)  Value Propagation
   0.0000 (  0.0%)   0.0000 (  0.0%)   0.0000 (  0.0%)   0.0050 (  0.1%)  Remove redundant instructions
   0.0156 (  0.2%)   0.0000 (  0.0%)   0.0156 (  0.2%)   0.0049 (  0.1%)  Remove redundant instructions
   0.0313 (  0.4%)   0.0000 (  0.0%)   0.0313 (  0.4%)   0.0049 (  0.1%)  Remove redundant instructions
   0.0000 (  0.0%)   0.0000 (  0.0%)   0.0000 (  0.0%)   0.0049 (  0.1%)  Aggressive Dead Code Elimination
   0.0156 (  0.2%)   0.0000 (  0.0%)   0.0156 (  0.2%)   0.0049 (  0.1%)  Merge accesses
   0.0000 (  0.0%)   0.0000 (  0.0%)   0.0000 (  0.0%)   0.0049 (  0.1%)  Deduce function attributes
   0.0000 (  0.0%)   0.0000 (  0.0%)   0.0000 (  0.0%)   0.0049 (  0.1%)  Infer nuw/nsw flags for instructions
   0.0000 (  0.0%)   0.0000 (  0.0%)   0.0000 (  0.0%)   0.0049 (  0.1%)  Infer nuw/nsw flags for instructions
   0.0000 (  0.0%)   0.0000 (  0.0%)   0.0000 (  0.0%)   0.0048 (  0.1%)  Remove redundant instructions
   0.0000 (  0.0%)   0.0000 (  0.0%)   0.0000 (  0.0%)   0.0048 (  0.1%)  Remove redundant instructions
   0.0000 (  0.0%)   0.0000 (  0.0%)   0.0000 (  0.0%)   0.0048 (  0.1%)  Remove redundant instructions
   0.0000 (  0.0%)   0.0000 (  0.0%)   0.0000 (  0.0%)   0.0048 (  0.1%)  Remove redundant instructions
   0.0000 (  0.0%)   0.0000 (  0.0%)   0.0000 (  0.0%)   0.0048 (  0.1%)  Remove redundant instructions
   0.0156 (  0.2%)   0.0000 (  0.0%)   0.0156 (  0.2%)   0.0047 (  0.1%)  Aggressive Dead Code Elimination
   0.0000 (  0.0%)   0.0000 (  0.0%)   0.0000 (  0.0%)   0.0047 (  0.1%)  Value Propagation
   0.0000 (  0.0%)   0.0000 (  0.0%)   0.0000 (  0.0%)   0.0046 (  0.1%)  Collect complexity metrics for FE reflow
   0.0000 (  0.0%)   0.0000 (  0.0%)   0.0000 (  0.0%)   0.0046 (  0.1%)  ROM inference pass
   0.0000 (  0.0%)   0.0000 (  0.0%)   0.0000 (  0.0%)   0.0045 (  0.1%)  Remove redundant instructions
   0.0000 (  0.0%)   0.0000 (  0.0%)   0.0000 (  0.0%)   0.0045 (  0.1%)  Collect complexity metrics for FE reflow
   0.0000 (  0.0%)   0.0000 (  0.0%)   0.0000 (  0.0%)   0.0045 (  0.1%)  Remove redundant instructions
   0.0000 (  0.0%)   0.0000 (  0.0%)   0.0000 (  0.0%)   0.0045 (  0.1%)  Aggressive Dead Code Elimination
   0.0156 (  0.2%)   0.0000 (  0.0%)   0.0156 (  0.2%)   0.0045 (  0.1%)  Collect complexity metrics for FE reflow
   0.0000 (  0.0%)   0.0000 (  0.0%)   0.0000 (  0.0%)   0.0044 (  0.1%)  Promote Memory to Register
   0.0000 (  0.0%)   0.0000 (  0.0%)   0.0000 (  0.0%)   0.0044 (  0.1%)  Lower HLS related intrinsics
   0.0000 (  0.0%)   0.0000 (  0.0%)   0.0000 (  0.0%)   0.0044 (  0.1%)  Value Propagation
   0.0000 (  0.0%)   0.0000 (  0.0%)   0.0000 (  0.0%)   0.0044 (  0.1%)  Memory SSA
   0.0000 (  0.0%)   0.0000 (  0.0%)   0.0000 (  0.0%)   0.0044 (  0.1%)  Value Propagation
   0.0000 (  0.0%)   0.0000 (  0.0%)   0.0000 (  0.0%)   0.0044 (  0.1%)  Loop Load Elimination
   0.0000 (  0.0%)   0.0000 (  0.0%)   0.0000 (  0.0%)   0.0044 (  0.1%)  Remove redundant instructions
   0.0000 (  0.0%)   0.0000 (  0.0%)   0.0000 (  0.0%)   0.0043 (  0.1%)  Remove redundant instructions
   0.0000 (  0.0%)   0.0000 (  0.0%)   0.0000 (  0.0%)   0.0043 (  0.1%)  Collect complexity metrics for FE reflow
   0.0000 (  0.0%)   0.0000 (  0.0%)   0.0000 (  0.0%)   0.0043 (  0.1%)  WidenBurst - Widen bursts
   0.0156 (  0.2%)   0.0000 (  0.0%)   0.0156 (  0.2%)   0.0043 (  0.1%)  Remove redundant instructions
   0.0000 (  0.0%)   0.0000 (  0.0%)   0.0000 (  0.0%)   0.0042 (  0.0%)  Remove redundant instructions
   0.0000 (  0.0%)   0.0000 (  0.0%)   0.0000 (  0.0%)   0.0042 (  0.0%)  Aggressive Dead Code Elimination
   0.0000 (  0.0%)   0.0000 (  0.0%)   0.0000 (  0.0%)   0.0042 (  0.0%)  Memory SSA
   0.0156 (  0.2%)   0.0000 (  0.0%)   0.0156 (  0.2%)   0.0042 (  0.0%)  Array out of bound check
   0.0000 (  0.0%)   0.0000 (  0.0%)   0.0000 (  0.0%)   0.0042 (  0.0%)  Aggressive Dead Code Elimination
   0.0000 (  0.0%)   0.0000 (  0.0%)   0.0000 (  0.0%)   0.0042 (  0.0%)  Remove redundant instructions
   0.0000 (  0.0%)   0.0000 (  0.0%)   0.0000 (  0.0%)   0.0041 (  0.0%)  Collect complexity metrics for FE reflow
   0.0000 (  0.0%)   0.0000 (  0.0%)   0.0000 (  0.0%)   0.0041 (  0.0%)  Infer nuw/nsw flags for instructions
   0.0000 (  0.0%)   0.0000 (  0.0%)   0.0000 (  0.0%)   0.0041 (  0.0%)  Infer nuw/nsw flags for instructions
   0.0000 (  0.0%)   0.0000 (  0.0%)   0.0000 (  0.0%)   0.0040 (  0.0%)  Collect complexity metrics for FE reflow
   0.0000 (  0.0%)   0.0000 (  0.0%)   0.0000 (  0.0%)   0.0040 (  0.0%)  Infer nuw/nsw flags for instructions
   0.0000 (  0.0%)   0.0000 (  0.0%)   0.0000 (  0.0%)   0.0039 (  0.0%)  Infer nuw/nsw flags for instructions
   0.0000 (  0.0%)   0.0000 (  0.0%)   0.0000 (  0.0%)   0.0039 (  0.0%)  Memory SSA
   0.0156 (  0.2%)   0.0000 (  0.0%)   0.0156 (  0.2%)   0.0038 (  0.0%)  Collect complexity metrics for FE reflow
   0.0000 (  0.0%)   0.0000 (  0.0%)   0.0000 (  0.0%)   0.0038 (  0.0%)  AttrPropagation - Propagate Pointer Parameter Attribute
   0.0000 (  0.0%)   0.0000 (  0.0%)   0.0000 (  0.0%)   0.0038 (  0.0%)  Collect complexity metrics for FE reflow
   0.0000 (  0.0%)   0.0000 (  0.0%)   0.0000 (  0.0%)   0.0038 (  0.0%)  Collect complexity metrics for FE reflow
   0.0000 (  0.0%)   0.0000 (  0.0%)   0.0000 (  0.0%)   0.0038 (  0.0%)  Aggressive Dead Code Elimination
   0.0000 (  0.0%)   0.0000 (  0.0%)   0.0000 (  0.0%)   0.0038 (  0.0%)  Memory SSA
   0.0000 (  0.0%)   0.0000 (  0.0%)   0.0000 (  0.0%)   0.0037 (  0.0%)  Memory SSA
   0.0000 (  0.0%)   0.0000 (  0.0%)   0.0000 (  0.0%)   0.0037 (  0.0%)  Global Variable Optimizer
   0.0000 (  0.0%)   0.0000 (  0.0%)   0.0000 (  0.0%)   0.0036 (  0.0%)  LegacyShiftRegisterRecognize - Recognize shift registers and memory
   0.0000 (  0.0%)   0.0000 (  0.0%)   0.0000 (  0.0%)   0.0036 (  0.0%)  Value Propagation
   0.0156 (  0.2%)   0.0000 (  0.0%)   0.0156 (  0.2%)   0.0035 (  0.0%)  Infer nuw/nsw flags for instructions
   0.0156 (  0.2%)   0.0000 (  0.0%)   0.0156 (  0.2%)   0.0035 (  0.0%)  Memory SSA
   0.0000 (  0.0%)   0.0000 (  0.0%)   0.0000 (  0.0%)   0.0035 (  0.0%)  Infer complete unroll based on pipeline pragma
   0.0000 (  0.0%)   0.0000 (  0.0%)   0.0000 (  0.0%)   0.0034 (  0.0%)  Memory SSA
   0.0000 (  0.0%)   0.0000 (  0.0%)   0.0000 (  0.0%)   0.0034 (  0.0%)  Infer PPPO for array-to-streams
   0.0156 (  0.2%)   0.0000 (  0.0%)   0.0156 (  0.2%)   0.0034 (  0.0%)  Infer nuw/nsw flags for instructions
   0.0156 (  0.2%)   0.0000 (  0.0%)   0.0156 (  0.2%)   0.0033 (  0.0%)  Remove redundant instructions
   0.0156 (  0.2%)   0.0000 (  0.0%)   0.0156 (  0.2%)   0.0033 (  0.0%)  Value Propagation
   0.0156 (  0.2%)   0.0000 (  0.0%)   0.0156 (  0.2%)   0.0033 (  0.0%)  Infer nuw/nsw flags for instructions
   0.0156 (  0.2%)   0.0000 (  0.0%)   0.0156 (  0.2%)   0.0033 (  0.0%)  Remove redundant instructions
   0.0156 (  0.2%)   0.0000 (  0.0%)   0.0156 (  0.2%)   0.0033 (  0.0%)  Remove redundant instructions
   0.0000 (  0.0%)   0.0000 (  0.0%)   0.0000 (  0.0%)   0.0032 (  0.0%)  Memory SSA
   0.0000 (  0.0%)   0.0000 (  0.0%)   0.0000 (  0.0%)   0.0032 (  0.0%)  Infer nuw/nsw flags for instructions
   0.0000 (  0.0%)   0.0000 (  0.0%)   0.0000 (  0.0%)   0.0032 (  0.0%)  Memory SSA
   0.0000 (  0.0%)   0.0000 (  0.0%)   0.0000 (  0.0%)   0.0032 (  0.0%)  Infer nuw/nsw flags for instructions
   0.0000 (  0.0%)   0.0000 (  0.0%)   0.0000 (  0.0%)   0.0032 (  0.0%)  Infer nuw/nsw flags for instructions
   0.0000 (  0.0%)   0.0000 (  0.0%)   0.0000 (  0.0%)   0.0032 (  0.0%)  Infer nuw/nsw flags for instructions
   0.0000 (  0.0%)   0.0000 (  0.0%)   0.0000 (  0.0%)   0.0032 (  0.0%)  Lower directive scopes
   0.0000 (  0.0%)   0.0000 (  0.0%)   0.0000 (  0.0%)   0.0032 (  0.0%)  Infer nuw/nsw flags for instructions
   0.0156 (  0.2%)   0.0000 (  0.0%)   0.0156 (  0.2%)   0.0032 (  0.0%)  Infer nuw/nsw flags for instructions
   0.0000 (  0.0%)   0.0000 (  0.0%)   0.0000 (  0.0%)   0.0032 (  0.0%)  Collect complexity metrics for FE reflow
   0.0000 (  0.0%)   0.0000 (  0.0%)   0.0000 (  0.0%)   0.0032 (  0.0%)  Infer nuw/nsw flags for instructions
   0.0000 (  0.0%)   0.0000 (  0.0%)   0.0000 (  0.0%)   0.0032 (  0.0%)  Infer nuw/nsw flags for instructions
   0.0000 (  0.0%)   0.0000 (  0.0%)   0.0000 (  0.0%)   0.0032 (  0.0%)  Infer nuw/nsw flags for instructions
   0.0000 (  0.0%)   0.0000 (  0.0%)   0.0000 (  0.0%)   0.0032 (  0.0%)  Infer nuw/nsw flags for instructions
   0.0000 (  0.0%)   0.0000 (  0.0%)   0.0000 (  0.0%)   0.0032 (  0.0%)  Struct object aggregation
   0.0000 (  0.0%)   0.0000 (  0.0%)   0.0000 (  0.0%)   0.0031 (  0.0%)  Memory SSA
   0.0156 (  0.2%)   0.0000 (  0.0%)   0.0156 (  0.2%)   0.0031 (  0.0%)  Jump Threading
   0.0000 (  0.0%)   0.0000 (  0.0%)   0.0000 (  0.0%)   0.0031 (  0.0%)  Simple constant propagation
   0.0000 (  0.0%)   0.0000 (  0.0%)   0.0000 (  0.0%)   0.0031 (  0.0%)  Infer nuw/nsw flags for instructions
   0.0156 (  0.2%)   0.0000 (  0.0%)   0.0156 (  0.2%)   0.0031 (  0.0%)  Infer nuw/nsw flags for instructions
   0.0000 (  0.0%)   0.0000 (  0.0%)   0.0000 (  0.0%)   0.0031 (  0.0%)  Memory SSA
   0.0000 (  0.0%)   0.0000 (  0.0%)   0.0000 (  0.0%)   0.0031 (  0.0%)  Infer loop trip count
   0.0156 (  0.2%)   0.0000 (  0.0%)   0.0156 (  0.2%)   0.0031 (  0.0%)  Infer nuw/nsw flags for instructions
   0.0000 (  0.0%)   0.0000 (  0.0%)   0.0000 (  0.0%)   0.0031 (  0.0%)  Infer nuw/nsw flags for instructions
   0.0000 (  0.0%)   0.0000 (  0.0%)   0.0000 (  0.0%)   0.0031 (  0.0%)  Infer nuw/nsw flags for instructions
   0.0000 (  0.0%)   0.0000 (  0.0%)   0.0000 (  0.0%)   0.0031 (  0.0%)  Aggressive Dead Code Elimination
   0.0000 (  0.0%)   0.0000 (  0.0%)   0.0000 (  0.0%)   0.0030 (  0.0%)  Remove redundant instructions
   0.0000 (  0.0%)   0.0000 (  0.0%)   0.0000 (  0.0%)   0.0030 (  0.0%)  Collect complexity metrics for FE reflow
   0.0000 (  0.0%)   0.0000 (  0.0%)   0.0000 (  0.0%)   0.0030 (  0.0%)  Remove redundant instructions
   0.0000 (  0.0%)   0.0000 (  0.0%)   0.0000 (  0.0%)   0.0030 (  0.0%)  Dead Instruction Elimination
   0.0156 (  0.2%)   0.0000 (  0.0%)   0.0156 (  0.2%)   0.0029 (  0.0%)  Collect complexity metrics for FE reflow
   0.0000 (  0.0%)   0.0000 (  0.0%)   0.0000 (  0.0%)   0.0029 (  0.0%)  Aggressive Dead Code Elimination
   0.0000 (  0.0%)   0.0000 (  0.0%)   0.0000 (  0.0%)   0.0029 (  0.0%)  Aggressive Dead Code Elimination
   0.0156 (  0.2%)   0.0000 (  0.0%)   0.0156 (  0.2%)   0.0029 (  0.0%)  Remove redundant instructions
   0.0000 (  0.0%)   0.0000 (  0.0%)   0.0000 (  0.0%)   0.0029 (  0.0%)  Aggressive Dead Code Elimination
   0.0000 (  0.0%)   0.0000 (  0.0%)   0.0000 (  0.0%)   0.0029 (  0.0%)  Infer nuw/nsw flags for instructions
   0.0156 (  0.2%)   0.0000 (  0.0%)   0.0156 (  0.2%)   0.0028 (  0.0%)  Aggressive Dead Code Elimination
   0.0000 (  0.0%)   0.0000 (  0.0%)   0.0000 (  0.0%)   0.0028 (  0.0%)  Assign names to anonymous instructions (structure based)
   0.0000 (  0.0%)   0.0000 (  0.0%)   0.0000 (  0.0%)   0.0028 (  0.0%)  Aggressive Dead Code Elimination
   0.0000 (  0.0%)   0.0000 (  0.0%)   0.0000 (  0.0%)   0.0028 (  0.0%)  Memory SSA
   0.0000 (  0.0%)   0.0000 (  0.0%)   0.0000 (  0.0%)   0.0028 (  0.0%)  InferXCLAttributes - Infer XCL attributes
   0.0156 (  0.2%)   0.0000 (  0.0%)   0.0156 (  0.2%)   0.0028 (  0.0%)  Assign names to anonymous instructions (structure based)
   0.0156 (  0.2%)   0.0000 (  0.0%)   0.0156 (  0.2%)   0.0028 (  0.0%)  Aggressive Dead Code Elimination
   0.0000 (  0.0%)   0.0000 (  0.0%)   0.0000 (  0.0%)   0.0028 (  0.0%)  Aggressive Dead Code Elimination
   0.0000 (  0.0%)   0.0000 (  0.0%)   0.0000 (  0.0%)   0.0028 (  0.0%)  Aggressive Dead Code Elimination
   0.0313 (  0.4%)   0.0000 (  0.0%)   0.0313 (  0.4%)   0.0027 (  0.0%)  Remove redundant instructions
   0.0000 (  0.0%)   0.0000 (  0.0%)   0.0000 (  0.0%)   0.0027 (  0.0%)  Dead Argument Elimination
   0.0000 (  0.0%)   0.0000 (  0.0%)   0.0000 (  0.0%)   0.0027 (  0.0%)  Memory SSA
   0.0000 (  0.0%)   0.0000 (  0.0%)   0.0000 (  0.0%)   0.0027 (  0.0%)  Aggressive Dead Code Elimination
   0.0000 (  0.0%)   0.0000 (  0.0%)   0.0000 (  0.0%)   0.0027 (  0.0%)  Loop-Closed SSA Form Pass
   0.0156 (  0.2%)   0.0000 (  0.0%)   0.0156 (  0.2%)   0.0027 (  0.0%)  Pragma preprocessing after clang
   0.0000 (  0.0%)   0.0000 (  0.0%)   0.0000 (  0.0%)   0.0027 (  0.0%)  Aggressive Dead Code Elimination
   0.0000 (  0.0%)   0.0000 (  0.0%)   0.0000 (  0.0%)   0.0027 (  0.0%)  Aggressive Dead Code Elimination
   0.0000 (  0.0%)   0.0000 (  0.0%)   0.0000 (  0.0%)   0.0027 (  0.0%)  Aggressive Dead Code Elimination
   0.0000 (  0.0%)   0.0000 (  0.0%)   0.0000 (  0.0%)   0.0027 (  0.0%)  Remove redundant instructions
   0.0000 (  0.0%)   0.0000 (  0.0%)   0.0000 (  0.0%)   0.0027 (  0.0%)  Dead Store Elimination
   0.0000 (  0.0%)   0.0000 (  0.0%)   0.0000 (  0.0%)   0.0027 (  0.0%)  Aggressive Dead Code Elimination
   0.0000 (  0.0%)   0.0000 (  0.0%)   0.0000 (  0.0%)   0.0027 (  0.0%)  Aggressive Dead Code Elimination
   0.0000 (  0.0%)   0.0000 (  0.0%)   0.0000 (  0.0%)   0.0026 (  0.0%)  Aggressive Dead Code Elimination
   0.0000 (  0.0%)   0.0000 (  0.0%)   0.0000 (  0.0%)   0.0026 (  0.0%)  Memory SSA
   0.0000 (  0.0%)   0.0000 (  0.0%)   0.0000 (  0.0%)   0.0026 (  0.0%)  Dead Store Elimination
   0.0000 (  0.0%)   0.0000 (  0.0%)   0.0000 (  0.0%)   0.0026 (  0.0%)  Divergence Analysis
   0.0000 (  0.0%)   0.0000 (  0.0%)   0.0000 (  0.0%)   0.0026 (  0.0%)  Simplify the CFG
   0.0000 (  0.0%)   0.0000 (  0.0%)   0.0000 (  0.0%)   0.0026 (  0.0%)  Simplify the CFG
   0.0000 (  0.0%)   0.0000 (  0.0%)   0.0000 (  0.0%)   0.0025 (  0.0%)  Aggressive Dead Code Elimination
   0.0000 (  0.0%)   0.0000 (  0.0%)   0.0000 (  0.0%)   0.0025 (  0.0%)  Simplify the CFG
   0.0000 (  0.0%)   0.0000 (  0.0%)   0.0000 (  0.0%)   0.0025 (  0.0%)  Dead Store Elimination
   0.0000 (  0.0%)   0.0000 (  0.0%)   0.0000 (  0.0%)   0.0025 (  0.0%)  Simplify the CFG
   0.0000 (  0.0%)   0.0000 (  0.0%)   0.0000 (  0.0%)   0.0025 (  0.0%)  Resolve full load/store
   0.0000 (  0.0%)   0.0000 (  0.0%)   0.0000 (  0.0%)   0.0025 (  0.0%)  Remove redundant instructions
   0.0000 (  0.0%)   0.0000 (  0.0%)   0.0000 (  0.0%)   0.0025 (  0.0%)  Recursively inline barriers caller to kernel
   0.0000 (  0.0%)   0.0000 (  0.0%)   0.0000 (  0.0%)   0.0025 (  0.0%)  Reduce the height of tree
   0.0000 (  0.0%)   0.0000 (  0.0%)   0.0000 (  0.0%)   0.0025 (  0.0%)  Dead Store Elimination
   0.0000 (  0.0%)   0.0000 (  0.0%)   0.0000 (  0.0%)   0.0025 (  0.0%)  Interleave memory accesses
   0.0000 (  0.0%)   0.0000 (  0.0%)   0.0000 (  0.0%)   0.0025 (  0.0%)  Aggressive Dead Code Elimination
   0.0156 (  0.2%)   0.0000 (  0.0%)   0.0156 (  0.2%)   0.0024 (  0.0%)  Memory SSA
   0.0000 (  0.0%)   0.0000 (  0.0%)   0.0000 (  0.0%)   0.0024 (  0.0%)  Dead Store Elimination
   0.0000 (  0.0%)   0.0000 (  0.0%)   0.0000 (  0.0%)   0.0024 (  0.0%)  Simplify the CFG
   0.0000 (  0.0%)   0.0000 (  0.0%)   0.0000 (  0.0%)   0.0024 (  0.0%)  Jump Threading
   0.0000 (  0.0%)   0.0000 (  0.0%)   0.0000 (  0.0%)   0.0024 (  0.0%)  Memory SSA
   0.0156 (  0.2%)   0.0000 (  0.0%)   0.0156 (  0.2%)   0.0024 (  0.0%)  Aggressive Dead Code Elimination
   0.0000 (  0.0%)   0.0000 (  0.0%)   0.0000 (  0.0%)   0.0024 (  0.0%)  Infer nuw/nsw flags for instructions
   0.0000 (  0.0%)   0.0000 (  0.0%)   0.0000 (  0.0%)   0.0024 (  0.0%)  Dead Store Elimination
   0.0156 (  0.2%)   0.0000 (  0.0%)   0.0156 (  0.2%)   0.0024 (  0.0%)  CallGraph Construction
   0.0000 (  0.0%)   0.0000 (  0.0%)   0.0000 (  0.0%)   0.0024 (  0.0%)  Aggressive Dead Code Elimination
   0.0000 (  0.0%)   0.0000 (  0.0%)   0.0000 (  0.0%)   0.0024 (  0.0%)  Aggressive Dead Code Elimination
   0.0000 (  0.0%)   0.0000 (  0.0%)   0.0000 (  0.0%)   0.0024 (  0.0%)  Simplify the CFG
   0.0000 (  0.0%)   0.0000 (  0.0%)   0.0000 (  0.0%)   0.0023 (  0.0%)  Aggressive Dead Code Elimination
   0.0000 (  0.0%)   0.0000 (  0.0%)   0.0000 (  0.0%)   0.0023 (  0.0%)  Aggressive Dead Code Elimination
   0.0000 (  0.0%)   0.0000 (  0.0%)   0.0000 (  0.0%)   0.0023 (  0.0%)  Aggressive Dead Code Elimination
   0.0000 (  0.0%)   0.0000 (  0.0%)   0.0000 (  0.0%)   0.0023 (  0.0%)  Dead Global Elimination
   0.0156 (  0.2%)   0.0000 (  0.0%)   0.0156 (  0.2%)   0.0023 (  0.0%)  Aggressive Dead Code Elimination
   0.0000 (  0.0%)   0.0000 (  0.0%)   0.0000 (  0.0%)   0.0023 (  0.0%)  CallGraph Construction
   0.0000 (  0.0%)   0.0000 (  0.0%)   0.0000 (  0.0%)   0.0023 (  0.0%)  Infer complete unroll based on pipeline pragma
   0.0156 (  0.2%)   0.0000 (  0.0%)   0.0156 (  0.2%)   0.0023 (  0.0%)  Dead Store Elimination
   0.0156 (  0.2%)   0.0000 (  0.0%)   0.0156 (  0.2%)   0.0023 (  0.0%)  Remove redundant instructions
   0.0000 (  0.0%)   0.0000 (  0.0%)   0.0000 (  0.0%)   0.0023 (  0.0%)  Simplify types in the LLVM IR, redundant type hierarchy
   0.0000 (  0.0%)   0.0000 (  0.0%)   0.0000 (  0.0%)   0.0023 (  0.0%)  Memory SSA
   0.0156 (  0.2%)   0.0000 (  0.0%)   0.0156 (  0.2%)   0.0023 (  0.0%)  Aggressive Dead Code Elimination
   0.0000 (  0.0%)   0.0000 (  0.0%)   0.0000 (  0.0%)   0.0023 (  0.0%)  Aggressive Dead Code Elimination
   0.0000 (  0.0%)   0.0000 (  0.0%)   0.0000 (  0.0%)   0.0023 (  0.0%)  Dead Store Elimination
   0.0000 (  0.0%)   0.0000 (  0.0%)   0.0000 (  0.0%)   0.0023 (  0.0%)  Dead Store Elimination
   0.0000 (  0.0%)   0.0000 (  0.0%)   0.0000 (  0.0%)   0.0023 (  0.0%)  CallGraph Construction
   0.0000 (  0.0%)   0.0000 (  0.0%)   0.0000 (  0.0%)   0.0023 (  0.0%)  Dead Store Elimination
   0.0000 (  0.0%)   0.0000 (  0.0%)   0.0000 (  0.0%)   0.0022 (  0.0%)  Aggressive Dead Code Elimination
   0.0000 (  0.0%)   0.0000 (  0.0%)   0.0000 (  0.0%)   0.0022 (  0.0%)  Dead Store Elimination
   0.0000 (  0.0%)   0.0000 (  0.0%)   0.0000 (  0.0%)   0.0022 (  0.0%)  Dead Store Elimination
   0.0000 (  0.0%)   0.0000 (  0.0%)   0.0000 (  0.0%)   0.0022 (  0.0%)  Dead Store Elimination
   0.0000 (  0.0%)   0.0000 (  0.0%)   0.0000 (  0.0%)   0.0022 (  0.0%)  Dead Store Elimination
   0.0000 (  0.0%)   0.0000 (  0.0%)   0.0000 (  0.0%)   0.0022 (  0.0%)  Dead Store Elimination
   0.0000 (  0.0%)   0.0000 (  0.0%)   0.0000 (  0.0%)   0.0022 (  0.0%)  Memory SSA
   0.0000 (  0.0%)   0.0000 (  0.0%)   0.0000 (  0.0%)   0.0022 (  0.0%)  Dead Store Elimination
   0.0000 (  0.0%)   0.0000 (  0.0%)   0.0000 (  0.0%)   0.0021 (  0.0%)  CallGraph Construction
   0.0000 (  0.0%)   0.0000 (  0.0%)   0.0000 (  0.0%)   0.0021 (  0.0%)  Simplify the CFG
   0.0000 (  0.0%)   0.0000 (  0.0%)   0.0000 (  0.0%)   0.0021 (  0.0%)  Dead Store Elimination
   0.0000 (  0.0%)   0.0000 (  0.0%)   0.0000 (  0.0%)   0.0021 (  0.0%)  Dead Store Elimination
   0.0000 (  0.0%)   0.0000 (  0.0%)   0.0000 (  0.0%)   0.0021 (  0.0%)  Memory SSA
   0.0000 (  0.0%)   0.0000 (  0.0%)   0.0000 (  0.0%)   0.0021 (  0.0%)  Aggressive Dead Code Elimination
   0.0000 (  0.0%)   0.0000 (  0.0%)   0.0000 (  0.0%)   0.0020 (  0.0%)  Lower black box
   0.0000 (  0.0%)   0.0000 (  0.0%)   0.0000 (  0.0%)   0.0020 (  0.0%)  Infer complete unroll based on pipeline pragma
   0.0000 (  0.0%)   0.0000 (  0.0%)   0.0000 (  0.0%)   0.0020 (  0.0%)  Aggressive Dead Code Elimination
   0.0000 (  0.0%)   0.0000 (  0.0%)   0.0000 (  0.0%)   0.0020 (  0.0%)  Infer nuw/nsw flags for instructions
   0.0000 (  0.0%)   0.0000 (  0.0%)   0.0000 (  0.0%)   0.0020 (  0.0%)  Dominator Tree Construction
   0.0156 (  0.2%)   0.0000 (  0.0%)   0.0156 (  0.2%)   0.0020 (  0.0%)  Dead Global Elimination
   0.0000 (  0.0%)   0.0000 (  0.0%)   0.0000 (  0.0%)   0.0020 (  0.0%)  RemoveConflictingBurst - Remove port conflicting bursts
   0.0156 (  0.2%)   0.0000 (  0.0%)   0.0156 (  0.2%)   0.0020 (  0.0%)  Simplify the CFG
   0.0000 (  0.0%)   0.0000 (  0.0%)   0.0000 (  0.0%)   0.0019 (  0.0%)  Simplify the CFG
   0.0000 (  0.0%)   0.0000 (  0.0%)   0.0000 (  0.0%)   0.0019 (  0.0%)  Simplify the CFG
   0.0000 (  0.0%)   0.0000 (  0.0%)   0.0000 (  0.0%)   0.0019 (  0.0%)  Loop-Closed SSA Form Pass
   0.0000 (  0.0%)   0.0000 (  0.0%)   0.0000 (  0.0%)   0.0019 (  0.0%)  Print module to file
   0.0000 (  0.0%)   0.0000 (  0.0%)   0.0000 (  0.0%)   0.0019 (  0.0%)  Scalar Evolution Analysis
   0.0000 (  0.0%)   0.0000 (  0.0%)   0.0000 (  0.0%)   0.0019 (  0.0%)  Promote 'by reference' arguments to scalars
   0.0000 (  0.0%)   0.0000 (  0.0%)   0.0000 (  0.0%)   0.0019 (  0.0%)  Aggressive Dead Code Elimination
   0.0156 (  0.2%)   0.0000 (  0.0%)   0.0156 (  0.2%)   0.0019 (  0.0%)  Dead Code Elimination
   0.0000 (  0.0%)   0.0000 (  0.0%)   0.0000 (  0.0%)   0.0018 (  0.0%)  Lower BINDOP scope bundle
   0.0000 (  0.0%)   0.0000 (  0.0%)   0.0000 (  0.0%)   0.0018 (  0.0%)  CallGraph Construction
   0.0000 (  0.0%)   0.0000 (  0.0%)   0.0000 (  0.0%)   0.0018 (  0.0%)  Simple constant propagation
   0.0000 (  0.0%)   0.0000 (  0.0%)   0.0000 (  0.0%)   0.0018 (  0.0%)  Simplify the CFG
   0.0000 (  0.0%)   0.0000 (  0.0%)   0.0000 (  0.0%)   0.0018 (  0.0%)  Dominator Tree Construction
   0.0000 (  0.0%)   0.0000 (  0.0%)   0.0000 (  0.0%)   0.0018 (  0.0%)  Loop-Closed SSA Form Pass
   0.0000 (  0.0%)   0.0000 (  0.0%)   0.0000 (  0.0%)   0.0018 (  0.0%)  Simplify the CFG
   0.0000 (  0.0%)   0.0000 (  0.0%)   0.0000 (  0.0%)   0.0018 (  0.0%)  Simplify the CFG
   0.0000 (  0.0%)   0.0000 (  0.0%)   0.0000 (  0.0%)   0.0018 (  0.0%)  Basic Alias Analysis (stateless AA impl)
   0.0000 (  0.0%)   0.0000 (  0.0%)   0.0000 (  0.0%)   0.0018 (  0.0%)  Simplify types in the LLVM IR, redundant type hierarchy
   0.0000 (  0.0%)   0.0000 (  0.0%)   0.0000 (  0.0%)   0.0018 (  0.0%)  Dominator Tree Construction
   0.0000 (  0.0%)   0.0000 (  0.0%)   0.0000 (  0.0%)   0.0018 (  0.0%)  Extract dataflow loop
   0.0000 (  0.0%)   0.0000 (  0.0%)   0.0000 (  0.0%)   0.0018 (  0.0%)   automatic parallel and pipeline insertion based performance constraint
   0.0000 (  0.0%)   0.0000 (  0.0%)   0.0000 (  0.0%)   0.0018 (  0.0%)  Promote Memory to Register
   0.0000 (  0.0%)   0.0000 (  0.0%)   0.0000 (  0.0%)   0.0018 (  0.0%)  Aggressive Dead Code Elimination
   0.0000 (  0.0%)   0.0000 (  0.0%)   0.0000 (  0.0%)   0.0017 (  0.0%)   automatic parallel and pipeline insertion based performance constraint
   0.0000 (  0.0%)   0.0000 (  0.0%)   0.0000 (  0.0%)   0.0017 (  0.0%)  Reduce the height of tree
   0.0000 (  0.0%)   0.0000 (  0.0%)   0.0000 (  0.0%)   0.0017 (  0.0%)  Eliminate pointer selection
   0.0000 (  0.0%)   0.0000 (  0.0%)   0.0000 (  0.0%)   0.0017 (  0.0%)  Aggressive Dead Code Elimination
   0.0000 (  0.0%)   0.0000 (  0.0%)   0.0000 (  0.0%)   0.0017 (  0.0%)  Dominator Tree Construction
   0.0156 (  0.2%)   0.0000 (  0.0%)   0.0156 (  0.2%)   0.0017 (  0.0%)  Canonicalize natural loops
   0.0000 (  0.0%)   0.0000 (  0.0%)   0.0000 (  0.0%)   0.0017 (  0.0%)  Structure stription
   0.0000 (  0.0%)   0.0000 (  0.0%)   0.0000 (  0.0%)   0.0017 (  0.0%)  Dominator Tree Construction
   0.0000 (  0.0%)   0.0000 (  0.0%)   0.0000 (  0.0%)   0.0017 (  0.0%)  Assign names to anonymous instructions (structure based)
   0.0000 (  0.0%)   0.0000 (  0.0%)   0.0000 (  0.0%)   0.0017 (  0.0%)  Build loop flatten cost model
   0.0000 (  0.0%)   0.0000 (  0.0%)   0.0000 (  0.0%)   0.0017 (  0.0%)  Aggressive Dead Code Elimination
   0.0000 (  0.0%)   0.0000 (  0.0%)   0.0000 (  0.0%)   0.0016 (  0.0%)  Function Alias Analysis Results
   0.0000 (  0.0%)   0.0000 (  0.0%)   0.0000 (  0.0%)   0.0016 (  0.0%)  Dominator Tree Construction
   0.0000 (  0.0%)   0.0000 (  0.0%)   0.0000 (  0.0%)   0.0016 (  0.0%)  Aggressive Dead Code Elimination
   0.0000 (  0.0%)   0.0000 (  0.0%)   0.0000 (  0.0%)   0.0016 (  0.0%)  Assign names to anonymous instructions (structure based)
   0.0000 (  0.0%)   0.0000 (  0.0%)   0.0000 (  0.0%)   0.0016 (  0.0%)  Aggressive Dead Code Elimination
   0.0000 (  0.0%)   0.0000 (  0.0%)   0.0000 (  0.0%)   0.0016 (  0.0%)  CallGraph Construction
   0.0000 (  0.0%)   0.0000 (  0.0%)   0.0000 (  0.0%)   0.0016 (  0.0%)  Dominator Tree Construction
   0.0000 (  0.0%)   0.0000 (  0.0%)   0.0000 (  0.0%)   0.0016 (  0.0%)  Function Alias Analysis Results
   0.0000 (  0.0%)   0.0000 (  0.0%)   0.0000 (  0.0%)   0.0016 (  0.0%)  Loop-Closed SSA Form Pass
   0.0000 (  0.0%)   0.0000 (  0.0%)   0.0000 (  0.0%)   0.0016 (  0.0%)  Simplify the CFG
   0.0000 (  0.0%)   0.0000 (  0.0%)   0.0000 (  0.0%)   0.0016 (  0.0%)  Loop-Closed SSA Form Pass
   0.0000 (  0.0%)   0.0000 (  0.0%)   0.0000 (  0.0%)   0.0015 (  0.0%)  Aggressive Dead Code Elimination
   0.0156 (  0.2%)   0.0000 (  0.0%)   0.0156 (  0.2%)   0.0015 (  0.0%)  Loop-Closed SSA Form Pass
   0.0000 (  0.0%)   0.0000 (  0.0%)   0.0000 (  0.0%)   0.0015 (  0.0%)  Aggressive Dead Code Elimination
   0.0000 (  0.0%)   0.0000 (  0.0%)   0.0000 (  0.0%)   0.0015 (  0.0%)  Loop-Closed SSA Form Pass
   0.0000 (  0.0%)   0.0000 (  0.0%)   0.0000 (  0.0%)   0.0015 (  0.0%)  Natural Loop Information
   0.0000 (  0.0%)   0.0000 (  0.0%)   0.0000 (  0.0%)   0.0015 (  0.0%)  Simplify the CFG
   0.0000 (  0.0%)   0.0000 (  0.0%)   0.0000 (  0.0%)   0.0015 (  0.0%)  Canonicalize natural loops
   0.0156 (  0.2%)   0.0000 (  0.0%)   0.0156 (  0.2%)   0.0015 (  0.0%)  Natural Loop Information
   0.0000 (  0.0%)   0.0000 (  0.0%)   0.0000 (  0.0%)   0.0015 (  0.0%)  Stream object marker
   0.0000 (  0.0%)   0.0000 (  0.0%)   0.0000 (  0.0%)   0.0015 (  0.0%)  Simplify the CFG
   0.0000 (  0.0%)   0.0000 (  0.0%)   0.0000 (  0.0%)   0.0015 (  0.0%)  Aggressive Dead Code Elimination
   0.0000 (  0.0%)   0.0000 (  0.0%)   0.0000 (  0.0%)   0.0015 (  0.0%)  Change xcl attribute to call sideeffect
   0.0000 (  0.0%)   0.0000 (  0.0%)   0.0000 (  0.0%)   0.0015 (  0.0%)  Natural Loop Information
   0.0156 (  0.2%)   0.0000 (  0.0%)   0.0156 (  0.2%)   0.0015 (  0.0%)  Function Alias Analysis Results
   0.0000 (  0.0%)   0.0000 (  0.0%)   0.0000 (  0.0%)   0.0015 (  0.0%)  CallGraph Construction
   0.0156 (  0.2%)   0.0000 (  0.0%)   0.0156 (  0.2%)   0.0014 (  0.0%)  Dead Code Elimination
   0.0000 (  0.0%)   0.0000 (  0.0%)   0.0000 (  0.0%)   0.0014 (  0.0%)  Internalize Global Symbols
   0.0000 (  0.0%)   0.0000 (  0.0%)   0.0000 (  0.0%)   0.0014 (  0.0%)  Simplify the CFG
   0.0000 (  0.0%)   0.0000 (  0.0%)   0.0000 (  0.0%)   0.0014 (  0.0%)  Function Alias Analysis Results
   0.0000 (  0.0%)   0.0000 (  0.0%)   0.0000 (  0.0%)   0.0014 (  0.0%)  Simplify the CFG
   0.0000 (  0.0%)   0.0000 (  0.0%)   0.0000 (  0.0%)   0.0014 (  0.0%)  Loop-Closed SSA Form Pass
   0.0000 (  0.0%)   0.0000 (  0.0%)   0.0000 (  0.0%)   0.0014 (  0.0%)  Dead Code Elimination
   0.0000 (  0.0%)   0.0000 (  0.0%)   0.0000 (  0.0%)   0.0014 (  0.0%)  Simplify the CFG
   0.0000 (  0.0%)   0.0000 (  0.0%)   0.0000 (  0.0%)   0.0014 (  0.0%)  Function Alias Analysis Results
   0.0000 (  0.0%)   0.0000 (  0.0%)   0.0000 (  0.0%)   0.0014 (  0.0%)  Post-Dominator Tree Construction
   0.0000 (  0.0%)   0.0000 (  0.0%)   0.0000 (  0.0%)   0.0014 (  0.0%)  Post-Dominator Tree Construction
   0.0156 (  0.2%)   0.0000 (  0.0%)   0.0156 (  0.2%)   0.0013 (  0.0%)  Natural Loop Information
   0.0000 (  0.0%)   0.0000 (  0.0%)   0.0000 (  0.0%)   0.0013 (  0.0%)  Loop-Closed SSA Form Pass
   0.0000 (  0.0%)   0.0000 (  0.0%)   0.0000 (  0.0%)   0.0013 (  0.0%)  Function Alias Analysis Results
   0.0000 (  0.0%)   0.0000 (  0.0%)   0.0000 (  0.0%)   0.0013 (  0.0%)  Simplify the CFG
   0.0000 (  0.0%)   0.0000 (  0.0%)   0.0000 (  0.0%)   0.0013 (  0.0%)  CallGraph Construction
   0.0000 (  0.0%)   0.0000 (  0.0%)   0.0000 (  0.0%)   0.0013 (  0.0%)  Function Alias Analysis Results
   0.0000 (  0.0%)   0.0000 (  0.0%)   0.0000 (  0.0%)   0.0013 (  0.0%)  Dominator Tree Construction
   0.0000 (  0.0%)   0.0000 (  0.0%)   0.0000 (  0.0%)   0.0013 (  0.0%)  Aggressive Dead Code Elimination
   0.0000 (  0.0%)   0.0000 (  0.0%)   0.0000 (  0.0%)   0.0013 (  0.0%)  Dominator Tree Construction
   0.0000 (  0.0%)   0.0000 (  0.0%)   0.0000 (  0.0%)   0.0013 (  0.0%)  CallGraph Construction
   0.0000 (  0.0%)   0.0000 (  0.0%)   0.0000 (  0.0%)   0.0013 (  0.0%)  Unswitch loops
   0.0000 (  0.0%)   0.0000 (  0.0%)   0.0000 (  0.0%)   0.0013 (  0.0%)  Function Alias Analysis Results
   0.0000 (  0.0%)   0.0000 (  0.0%)   0.0000 (  0.0%)   0.0013 (  0.0%)  CallGraph Construction
   0.0000 (  0.0%)   0.0000 (  0.0%)   0.0000 (  0.0%)   0.0013 (  0.0%)  Canonicalize natural loops
   0.0000 (  0.0%)   0.0000 (  0.0%)   0.0000 (  0.0%)   0.0013 (  0.0%)  Dominator Tree Construction
   0.0000 (  0.0%)   0.0000 (  0.0%)   0.0000 (  0.0%)   0.0013 (  0.0%)  Function Alias Analysis Results
   0.0000 (  0.0%)   0.0000 (  0.0%)   0.0000 (  0.0%)   0.0013 (  0.0%)  Function Alias Analysis Results
   0.0000 (  0.0%)   0.0000 (  0.0%)   0.0000 (  0.0%)   0.0013 (  0.0%)  Function Alias Analysis Results
   0.0000 (  0.0%)   0.0000 (  0.0%)   0.0000 (  0.0%)   0.0013 (  0.0%)  Natural Loop Information
   0.0000 (  0.0%)   0.0000 (  0.0%)   0.0000 (  0.0%)   0.0013 (  0.0%)  Function Alias Analysis Results
   0.0000 (  0.0%)   0.0000 (  0.0%)   0.0000 (  0.0%)   0.0013 (  0.0%)  Function Alias Analysis Results
   0.0000 (  0.0%)   0.0000 (  0.0%)   0.0000 (  0.0%)   0.0013 (  0.0%)  Function Alias Analysis Results
   0.0000 (  0.0%)   0.0000 (  0.0%)   0.0000 (  0.0%)   0.0012 (  0.0%)  Function Alias Analysis Results
   0.0156 (  0.2%)   0.0000 (  0.0%)   0.0156 (  0.2%)   0.0012 (  0.0%)  Aggressive Dead Code Elimination
   0.0000 (  0.0%)   0.0000 (  0.0%)   0.0000 (  0.0%)   0.0012 (  0.0%)  Dominator Tree Construction
   0.0000 (  0.0%)   0.0000 (  0.0%)   0.0000 (  0.0%)   0.0012 (  0.0%)  Infer PPPO for array-to-streams
   0.0000 (  0.0%)   0.0000 (  0.0%)   0.0000 (  0.0%)   0.0012 (  0.0%)  Loop-Closed SSA Form Pass
   0.0000 (  0.0%)   0.0000 (  0.0%)   0.0000 (  0.0%)   0.0012 (  0.0%)  Loop-Closed SSA Form Pass
   0.0000 (  0.0%)   0.0000 (  0.0%)   0.0000 (  0.0%)   0.0012 (  0.0%)  Function Alias Analysis Results
   0.0000 (  0.0%)   0.0000 (  0.0%)   0.0000 (  0.0%)   0.0012 (  0.0%)  Special handling of axis with side-channels
   0.0000 (  0.0%)   0.0000 (  0.0%)   0.0000 (  0.0%)   0.0012 (  0.0%)  Function Alias Analysis Results
   0.0000 (  0.0%)   0.0000 (  0.0%)   0.0000 (  0.0%)   0.0012 (  0.0%)  Function Alias Analysis Results
   0.0000 (  0.0%)   0.0000 (  0.0%)   0.0000 (  0.0%)   0.0012 (  0.0%)  Simplify the CFG
   0.0000 (  0.0%)   0.0000 (  0.0%)   0.0000 (  0.0%)   0.0012 (  0.0%)  Dead Global Elimination
   0.0000 (  0.0%)   0.0000 (  0.0%)   0.0000 (  0.0%)   0.0012 (  0.0%)  Function Alias Analysis Results
   0.0000 (  0.0%)   0.0000 (  0.0%)   0.0000 (  0.0%)   0.0012 (  0.0%)  Function Alias Analysis Results
   0.0000 (  0.0%)   0.0000 (  0.0%)   0.0000 (  0.0%)   0.0012 (  0.0%)  Loop-Closed SSA Form Pass
   0.0000 (  0.0%)   0.0000 (  0.0%)   0.0000 (  0.0%)   0.0012 (  0.0%)  Function Alias Analysis Results
   0.0000 (  0.0%)   0.0000 (  0.0%)   0.0000 (  0.0%)   0.0012 (  0.0%)  Function Alias Analysis Results
   0.0000 (  0.0%)   0.0000 (  0.0%)   0.0000 (  0.0%)   0.0012 (  0.0%)  Function Alias Analysis Results
   0.0000 (  0.0%)   0.0000 (  0.0%)   0.0000 (  0.0%)   0.0012 (  0.0%)  Function Alias Analysis Results
   0.0000 (  0.0%)   0.0000 (  0.0%)   0.0000 (  0.0%)   0.0012 (  0.0%)  Function Alias Analysis Results
   0.0000 (  0.0%)   0.0000 (  0.0%)   0.0000 (  0.0%)   0.0012 (  0.0%)  Function Alias Analysis Results
   0.0000 (  0.0%)   0.0000 (  0.0%)   0.0000 (  0.0%)   0.0012 (  0.0%)  Function Alias Analysis Results
   0.0000 (  0.0%)   0.0000 (  0.0%)   0.0000 (  0.0%)   0.0012 (  0.0%)  Dead Code Elimination
   0.0000 (  0.0%)   0.0000 (  0.0%)   0.0000 (  0.0%)   0.0012 (  0.0%)  Function Alias Analysis Results
   0.0000 (  0.0%)   0.0000 (  0.0%)   0.0000 (  0.0%)   0.0012 (  0.0%)  Function Alias Analysis Results
   0.0000 (  0.0%)   0.0000 (  0.0%)   0.0000 (  0.0%)   0.0012 (  0.0%)  Function Alias Analysis Results
   0.0000 (  0.0%)   0.0000 (  0.0%)   0.0000 (  0.0%)   0.0012 (  0.0%)  Function Alias Analysis Results
   0.0000 (  0.0%)   0.0000 (  0.0%)   0.0000 (  0.0%)   0.0012 (  0.0%)  Function Alias Analysis Results
   0.0000 (  0.0%)   0.0000 (  0.0%)   0.0000 (  0.0%)   0.0012 (  0.0%)  Dominator Tree Construction
   0.0000 (  0.0%)   0.0000 (  0.0%)   0.0000 (  0.0%)   0.0012 (  0.0%)  Function Alias Analysis Results
   0.0000 (  0.0%)   0.0000 (  0.0%)   0.0000 (  0.0%)   0.0012 (  0.0%)  Function Alias Analysis Results
   0.0000 (  0.0%)   0.0000 (  0.0%)   0.0000 (  0.0%)   0.0012 (  0.0%)  Function Alias Analysis Results
   0.0000 (  0.0%)   0.0000 (  0.0%)   0.0000 (  0.0%)   0.0012 (  0.0%)  Loop-Closed SSA Form Pass
   0.0000 (  0.0%)   0.0000 (  0.0%)   0.0000 (  0.0%)   0.0012 (  0.0%)  Function Alias Analysis Results
   0.0000 (  0.0%)   0.0000 (  0.0%)   0.0000 (  0.0%)   0.0012 (  0.0%)  Function Alias Analysis Results
   0.0000 (  0.0%)   0.0000 (  0.0%)   0.0000 (  0.0%)   0.0012 (  0.0%)  Detect single entry single exit regions
   0.0000 (  0.0%)   0.0000 (  0.0%)   0.0000 (  0.0%)   0.0012 (  0.0%)  Function Alias Analysis Results
   0.0000 (  0.0%)   0.0000 (  0.0%)   0.0000 (  0.0%)   0.0012 (  0.0%)  Detect single entry single exit regions
   0.0000 (  0.0%)   0.0000 (  0.0%)   0.0000 (  0.0%)   0.0012 (  0.0%)  Function Alias Analysis Results
   0.0000 (  0.0%)   0.0000 (  0.0%)   0.0000 (  0.0%)   0.0012 (  0.0%)  Divergence Analysis
   0.0000 (  0.0%)   0.0000 (  0.0%)   0.0000 (  0.0%)   0.0012 (  0.0%)  Function Alias Analysis Results
   0.0000 (  0.0%)   0.0000 (  0.0%)   0.0000 (  0.0%)   0.0012 (  0.0%)  Function Alias Analysis Results
   0.0156 (  0.2%)   0.0000 (  0.0%)   0.0156 (  0.2%)   0.0012 (  0.0%)  Simplify the CFG
   0.0000 (  0.0%)   0.0000 (  0.0%)   0.0000 (  0.0%)   0.0011 (  0.0%)  Promote Memory to Register
   0.0000 (  0.0%)   0.0000 (  0.0%)   0.0000 (  0.0%)   0.0011 (  0.0%)  Function Alias Analysis Results
   0.0000 (  0.0%)   0.0000 (  0.0%)   0.0000 (  0.0%)   0.0011 (  0.0%)  Dead Global Elimination
   0.0156 (  0.2%)   0.0000 (  0.0%)   0.0156 (  0.2%)   0.0011 (  0.0%)  Dead Global Elimination
   0.0000 (  0.0%)   0.0000 (  0.0%)   0.0000 (  0.0%)   0.0011 (  0.0%)  Function Alias Analysis Results
   0.0000 (  0.0%)   0.0000 (  0.0%)   0.0000 (  0.0%)   0.0011 (  0.0%)  Function Alias Analysis Results
   0.0000 (  0.0%)   0.0000 (  0.0%)   0.0000 (  0.0%)   0.0011 (  0.0%)  Function Alias Analysis Results
   0.0000 (  0.0%)   0.0000 (  0.0%)   0.0000 (  0.0%)   0.0011 (  0.0%)  Function Alias Analysis Results
   0.0313 (  0.4%)   0.0000 (  0.0%)   0.0313 (  0.4%)   0.0011 (  0.0%)  Function Alias Analysis Results
   0.0000 (  0.0%)   0.0000 (  0.0%)   0.0000 (  0.0%)   0.0011 (  0.0%)  Canonicalize natural loops
   0.0000 (  0.0%)   0.0000 (  0.0%)   0.0000 (  0.0%)   0.0011 (  0.0%)  Function Alias Analysis Results
   0.0000 (  0.0%)   0.0000 (  0.0%)   0.0000 (  0.0%)   0.0011 (  0.0%)  Function Alias Analysis Results
   0.0000 (  0.0%)   0.0000 (  0.0%)   0.0000 (  0.0%)   0.0011 (  0.0%)  Function Alias Analysis Results
   0.0156 (  0.2%)   0.0000 (  0.0%)   0.0156 (  0.2%)   0.0011 (  0.0%)  Function Alias Analysis Results
   0.0000 (  0.0%)   0.0000 (  0.0%)   0.0000 (  0.0%)   0.0011 (  0.0%)  Function Alias Analysis Results
   0.0000 (  0.0%)   0.0000 (  0.0%)   0.0000 (  0.0%)   0.0011 (  0.0%)  Function Alias Analysis Results
   0.0000 (  0.0%)   0.0000 (  0.0%)   0.0000 (  0.0%)   0.0011 (  0.0%)  Function Alias Analysis Results
   0.0000 (  0.0%)   0.0000 (  0.0%)   0.0000 (  0.0%)   0.0011 (  0.0%)  Disaggregation preprocessing
   0.0000 (  0.0%)   0.0000 (  0.0%)   0.0000 (  0.0%)   0.0011 (  0.0%)  Dominator Tree Construction
   0.0000 (  0.0%)   0.0000 (  0.0%)   0.0000 (  0.0%)   0.0011 (  0.0%)  Function Alias Analysis Results
   0.0000 (  0.0%)   0.0000 (  0.0%)   0.0000 (  0.0%)   0.0011 (  0.0%)  Function Alias Analysis Results
   0.0000 (  0.0%)   0.0000 (  0.0%)   0.0000 (  0.0%)   0.0011 (  0.0%)  Function Alias Analysis Results
   0.0000 (  0.0%)   0.0000 (  0.0%)   0.0000 (  0.0%)   0.0011 (  0.0%)  Dead Argument Elimination
   0.0000 (  0.0%)   0.0000 (  0.0%)   0.0000 (  0.0%)   0.0011 (  0.0%)  CallGraph Construction
   0.0000 (  0.0%)   0.0000 (  0.0%)   0.0000 (  0.0%)   0.0011 (  0.0%)  Function Alias Analysis Results
   0.0156 (  0.2%)   0.0000 (  0.0%)   0.0156 (  0.2%)   0.0011 (  0.0%)  Function Alias Analysis Results
   0.0000 (  0.0%)   0.0000 (  0.0%)   0.0000 (  0.0%)   0.0011 (  0.0%)  Function Alias Analysis Results
   0.0000 (  0.0%)   0.0000 (  0.0%)   0.0000 (  0.0%)   0.0011 (  0.0%)  Function Alias Analysis Results
   0.0000 (  0.0%)   0.0000 (  0.0%)   0.0000 (  0.0%)   0.0011 (  0.0%)  Function Alias Analysis Results
   0.0000 (  0.0%)   0.0000 (  0.0%)   0.0000 (  0.0%)   0.0011 (  0.0%)  Dominator Tree Construction
   0.0156 (  0.2%)   0.0000 (  0.0%)   0.0156 (  0.2%)   0.0011 (  0.0%)  Function Alias Analysis Results
   0.0156 (  0.2%)   0.0000 (  0.0%)   0.0156 (  0.2%)   0.0011 (  0.0%)  Natural Loop Information
   0.0000 (  0.0%)   0.0000 (  0.0%)   0.0000 (  0.0%)   0.0011 (  0.0%)  Auto automatic array partition filter analysis
   0.0000 (  0.0%)   0.0000 (  0.0%)   0.0000 (  0.0%)   0.0011 (  0.0%)  Function Alias Analysis Results
   0.0000 (  0.0%)   0.0000 (  0.0%)   0.0000 (  0.0%)   0.0011 (  0.0%)  Function Alias Analysis Results
   0.0156 (  0.2%)   0.0000 (  0.0%)   0.0156 (  0.2%)   0.0011 (  0.0%)  Function Alias Analysis Results
   0.0000 (  0.0%)   0.0000 (  0.0%)   0.0000 (  0.0%)   0.0011 (  0.0%)  Eliminate pointer selection
   0.0000 (  0.0%)   0.0000 (  0.0%)   0.0000 (  0.0%)   0.0011 (  0.0%)  Function Alias Analysis Results
   0.0000 (  0.0%)   0.0000 (  0.0%)   0.0000 (  0.0%)   0.0011 (  0.0%)  Function Alias Analysis Results
   0.0000 (  0.0%)   0.0000 (  0.0%)   0.0000 (  0.0%)   0.0011 (  0.0%)  Function Alias Analysis Results
   0.0000 (  0.0%)   0.0000 (  0.0%)   0.0000 (  0.0%)   0.0011 (  0.0%)  Function Alias Analysis Results
   0.0000 (  0.0%)   0.0156 (  2.2%)   0.0156 (  0.2%)   0.0011 (  0.0%)  Function Alias Analysis Results
   0.0000 (  0.0%)   0.0000 (  0.0%)   0.0000 (  0.0%)   0.0011 (  0.0%)  CallGraph Construction
   0.0000 (  0.0%)   0.0000 (  0.0%)   0.0000 (  0.0%)   0.0011 (  0.0%)  Function Alias Analysis Results
   0.0156 (  0.2%)   0.0000 (  0.0%)   0.0156 (  0.2%)   0.0011 (  0.0%)  Dominator Tree Construction
   0.0000 (  0.0%)   0.0000 (  0.0%)   0.0000 (  0.0%)   0.0011 (  0.0%)  Post-Dominator Tree Construction
   0.0000 (  0.0%)   0.0000 (  0.0%)   0.0000 (  0.0%)   0.0011 (  0.0%)  Natural Loop Information
   0.0000 (  0.0%)   0.0000 (  0.0%)   0.0000 (  0.0%)   0.0011 (  0.0%)  Function Alias Analysis Results
   0.0000 (  0.0%)   0.0000 (  0.0%)   0.0000 (  0.0%)   0.0011 (  0.0%)  Function Alias Analysis Results
   0.0000 (  0.0%)   0.0000 (  0.0%)   0.0000 (  0.0%)   0.0011 (  0.0%)  CallGraph Construction
   0.0000 (  0.0%)   0.0000 (  0.0%)   0.0000 (  0.0%)   0.0011 (  0.0%)  Function Alias Analysis Results
   0.0000 (  0.0%)   0.0000 (  0.0%)   0.0000 (  0.0%)   0.0011 (  0.0%)  CallGraph Construction
   0.0000 (  0.0%)   0.0000 (  0.0%)   0.0000 (  0.0%)   0.0011 (  0.0%)  CallGraph Construction
   0.0000 (  0.0%)   0.0000 (  0.0%)   0.0000 (  0.0%)   0.0011 (  0.0%)  Canonicalize natural loops
   0.0000 (  0.0%)   0.0000 (  0.0%)   0.0000 (  0.0%)   0.0011 (  0.0%)  Function Alias Analysis Results
   0.0000 (  0.0%)   0.0000 (  0.0%)   0.0000 (  0.0%)   0.0011 (  0.0%)  Function Alias Analysis Results
   0.0000 (  0.0%)   0.0000 (  0.0%)   0.0000 (  0.0%)   0.0011 (  0.0%)  Function Alias Analysis Results
   0.0000 (  0.0%)   0.0000 (  0.0%)   0.0000 (  0.0%)   0.0011 (  0.0%)  Function Alias Analysis Results
   0.0000 (  0.0%)   0.0000 (  0.0%)   0.0000 (  0.0%)   0.0011 (  0.0%)  CallGraph Construction
   0.0000 (  0.0%)   0.0000 (  0.0%)   0.0000 (  0.0%)   0.0011 (  0.0%)  clean some traps produced by clang
   0.0000 (  0.0%)   0.0000 (  0.0%)   0.0000 (  0.0%)   0.0011 (  0.0%)  Function Alias Analysis Results
   0.0000 (  0.0%)   0.0000 (  0.0%)   0.0000 (  0.0%)   0.0011 (  0.0%)  Dominator Tree Construction
   0.0000 (  0.0%)   0.0000 (  0.0%)   0.0000 (  0.0%)   0.0011 (  0.0%)  Function Alias Analysis Results
   0.0000 (  0.0%)   0.0000 (  0.0%)   0.0000 (  0.0%)   0.0010 (  0.0%)  Function Alias Analysis Results
   0.0000 (  0.0%)   0.0000 (  0.0%)   0.0000 (  0.0%)   0.0010 (  0.0%)  Function Alias Analysis Results
   0.0000 (  0.0%)   0.0000 (  0.0%)   0.0000 (  0.0%)   0.0010 (  0.0%)  Function Alias Analysis Results
   0.0000 (  0.0%)   0.0000 (  0.0%)   0.0000 (  0.0%)   0.0010 (  0.0%)  Function Alias Analysis Results
   0.0000 (  0.0%)   0.0000 (  0.0%)   0.0000 (  0.0%)   0.0010 (  0.0%)  Natural Loop Information
   0.0000 (  0.0%)   0.0000 (  0.0%)   0.0000 (  0.0%)   0.0010 (  0.0%)  Canonicalize natural loops
   0.0000 (  0.0%)   0.0000 (  0.0%)   0.0000 (  0.0%)   0.0010 (  0.0%)  CallGraph Construction
   0.0000 (  0.0%)   0.0000 (  0.0%)   0.0000 (  0.0%)   0.0010 (  0.0%)  Function Alias Analysis Results
   0.0000 (  0.0%)   0.0000 (  0.0%)   0.0000 (  0.0%)   0.0010 (  0.0%)  Natural Loop Information
   0.0000 (  0.0%)   0.0000 (  0.0%)   0.0000 (  0.0%)   0.0010 (  0.0%)  Function Alias Analysis Results
   0.0000 (  0.0%)   0.0000 (  0.0%)   0.0000 (  0.0%)   0.0010 (  0.0%)  CallGraph Construction
   0.0000 (  0.0%)   0.0000 (  0.0%)   0.0000 (  0.0%)   0.0010 (  0.0%)  Function Alias Analysis Results
   0.0000 (  0.0%)   0.0000 (  0.0%)   0.0000 (  0.0%)   0.0010 (  0.0%)  Function Alias Analysis Results
   0.0000 (  0.0%)   0.0000 (  0.0%)   0.0000 (  0.0%)   0.0010 (  0.0%)  Function Alias Analysis Results
   0.0000 (  0.0%)   0.0000 (  0.0%)   0.0000 (  0.0%)   0.0010 (  0.0%)  Function Alias Analysis Results
   0.0000 (  0.0%)   0.0000 (  0.0%)   0.0000 (  0.0%)   0.0010 (  0.0%)  Function Alias Analysis Results
   0.0000 (  0.0%)   0.0000 (  0.0%)   0.0000 (  0.0%)   0.0010 (  0.0%)  Function Alias Analysis Results
   0.0000 (  0.0%)   0.0000 (  0.0%)   0.0000 (  0.0%)   0.0010 (  0.0%)  Function Alias Analysis Results
   0.0000 (  0.0%)   0.0000 (  0.0%)   0.0000 (  0.0%)   0.0010 (  0.0%)  Infer PPPO for array-to-streams
   0.0000 (  0.0%)   0.0000 (  0.0%)   0.0000 (  0.0%)   0.0010 (  0.0%)  Function Alias Analysis Results
   0.0000 (  0.0%)   0.0000 (  0.0%)   0.0000 (  0.0%)   0.0010 (  0.0%)  Function Alias Analysis Results
   0.0000 (  0.0%)   0.0000 (  0.0%)   0.0000 (  0.0%)   0.0010 (  0.0%)  Function Alias Analysis Results
   0.0000 (  0.0%)   0.0000 (  0.0%)   0.0000 (  0.0%)   0.0010 (  0.0%)  Function Alias Analysis Results
   0.0000 (  0.0%)   0.0000 (  0.0%)   0.0000 (  0.0%)   0.0010 (  0.0%)  Function Alias Analysis Results
   0.0000 (  0.0%)   0.0000 (  0.0%)   0.0000 (  0.0%)   0.0010 (  0.0%)  Loop-Closed SSA Form Pass
   0.0000 (  0.0%)   0.0000 (  0.0%)   0.0000 (  0.0%)   0.0010 (  0.0%)  Function Alias Analysis Results
   0.0000 (  0.0%)   0.0000 (  0.0%)   0.0000 (  0.0%)   0.0010 (  0.0%)  CallGraph Construction
   0.0000 (  0.0%)   0.0000 (  0.0%)   0.0000 (  0.0%)   0.0010 (  0.0%)  Function Alias Analysis Results
   0.0156 (  0.2%)   0.0000 (  0.0%)   0.0156 (  0.2%)   0.0010 (  0.0%)  Function Alias Analysis Results
   0.0156 (  0.2%)   0.0000 (  0.0%)   0.0156 (  0.2%)   0.0010 (  0.0%)  Object Decomposition
   0.0000 (  0.0%)   0.0000 (  0.0%)   0.0000 (  0.0%)   0.0010 (  0.0%)  Function Alias Analysis Results
   0.0000 (  0.0%)   0.0000 (  0.0%)   0.0000 (  0.0%)   0.0010 (  0.0%)  Function Alias Analysis Results
   0.0000 (  0.0%)   0.0000 (  0.0%)   0.0000 (  0.0%)   0.0010 (  0.0%)  Function Alias Analysis Results
   0.0000 (  0.0%)   0.0000 (  0.0%)   0.0000 (  0.0%)   0.0010 (  0.0%)  Resolve full load/store
   0.0000 (  0.0%)   0.0000 (  0.0%)   0.0000 (  0.0%)   0.0010 (  0.0%)  Function Alias Analysis Results
   0.0000 (  0.0%)   0.0000 (  0.0%)   0.0000 (  0.0%)   0.0010 (  0.0%)  CallGraph Construction
   0.0000 (  0.0%)   0.0000 (  0.0%)   0.0000 (  0.0%)   0.0010 (  0.0%)  Dominance Frontier Construction
   0.0000 (  0.0%)   0.0000 (  0.0%)   0.0000 (  0.0%)   0.0010 (  0.0%)  Simplify the CFG
   0.0000 (  0.0%)   0.0000 (  0.0%)   0.0000 (  0.0%)   0.0010 (  0.0%)  Function Alias Analysis Results
   0.0000 (  0.0%)   0.0000 (  0.0%)   0.0000 (  0.0%)   0.0010 (  0.0%)  CallGraph Construction
   0.0000 (  0.0%)   0.0000 (  0.0%)   0.0000 (  0.0%)   0.0010 (  0.0%)  Function Alias Analysis Results
   0.0000 (  0.0%)   0.0000 (  0.0%)   0.0000 (  0.0%)   0.0010 (  0.0%)  Function Alias Analysis Results
   0.0000 (  0.0%)   0.0000 (  0.0%)   0.0000 (  0.0%)   0.0010 (  0.0%)  Function Alias Analysis Results
   0.0000 (  0.0%)   0.0000 (  0.0%)   0.0000 (  0.0%)   0.0010 (  0.0%)  Function Alias Analysis Results
   0.0000 (  0.0%)   0.0000 (  0.0%)   0.0000 (  0.0%)   0.0010 (  0.0%)  Dominance Frontier Construction
   0.0000 (  0.0%)   0.0000 (  0.0%)   0.0000 (  0.0%)   0.0010 (  0.0%)  Function Alias Analysis Results
   0.0000 (  0.0%)   0.0000 (  0.0%)   0.0000 (  0.0%)   0.0010 (  0.0%)  Dominator Tree Construction
   0.0000 (  0.0%)   0.0000 (  0.0%)   0.0000 (  0.0%)   0.0010 (  0.0%)  Function Alias Analysis Results
   0.0000 (  0.0%)   0.0000 (  0.0%)   0.0000 (  0.0%)   0.0010 (  0.0%)  Function Alias Analysis Results
   0.0000 (  0.0%)   0.0000 (  0.0%)   0.0000 (  0.0%)   0.0010 (  0.0%)  Dominator Tree Construction
   0.0000 (  0.0%)   0.0000 (  0.0%)   0.0000 (  0.0%)   0.0010 (  0.0%)  Dead Argument Elimination
   0.0000 (  0.0%)   0.0000 (  0.0%)   0.0000 (  0.0%)   0.0010 (  0.0%)  Function Alias Analysis Results
   0.0000 (  0.0%)   0.0000 (  0.0%)   0.0000 (  0.0%)   0.0010 (  0.0%)  Function Alias Analysis Results
   0.0000 (  0.0%)   0.0000 (  0.0%)   0.0000 (  0.0%)   0.0010 (  0.0%)  Function Alias Analysis Results
   0.0000 (  0.0%)   0.0000 (  0.0%)   0.0000 (  0.0%)   0.0010 (  0.0%)  Dominator Tree Construction
   0.0000 (  0.0%)   0.0000 (  0.0%)   0.0000 (  0.0%)   0.0010 (  0.0%)  Canonicalize natural loops
   0.0000 (  0.0%)   0.0000 (  0.0%)   0.0000 (  0.0%)   0.0010 (  0.0%)  Dominator Tree Construction
   0.0000 (  0.0%)   0.0000 (  0.0%)   0.0000 (  0.0%)   0.0010 (  0.0%)  Dump HBM driver helper code
   0.0000 (  0.0%)   0.0000 (  0.0%)   0.0000 (  0.0%)   0.0009 (  0.0%)  Function Alias Analysis Results
   0.0000 (  0.0%)   0.0000 (  0.0%)   0.0000 (  0.0%)   0.0009 (  0.0%)  Function Alias Analysis Results
   0.0000 (  0.0%)   0.0000 (  0.0%)   0.0000 (  0.0%)   0.0009 (  0.0%)  Dominator Tree Construction
   0.0000 (  0.0%)   0.0000 (  0.0%)   0.0000 (  0.0%)   0.0009 (  0.0%)  CallGraph Construction
   0.0000 (  0.0%)   0.0000 (  0.0%)   0.0000 (  0.0%)   0.0009 (  0.0%)  ReflowCheckVarPragmaConflicts - check variable pragma conflicts in reflow
   0.0000 (  0.0%)   0.0000 (  0.0%)   0.0000 (  0.0%)   0.0009 (  0.0%)  Function Alias Analysis Results
   0.0000 (  0.0%)   0.0000 (  0.0%)   0.0000 (  0.0%)   0.0009 (  0.0%)  Canonicalize natural loops
   0.0000 (  0.0%)   0.0000 (  0.0%)   0.0000 (  0.0%)   0.0009 (  0.0%)  Function Alias Analysis Results
   0.0000 (  0.0%)   0.0000 (  0.0%)   0.0000 (  0.0%)   0.0009 (  0.0%)  Natural Loop Information
   0.0000 (  0.0%)   0.0000 (  0.0%)   0.0000 (  0.0%)   0.0009 (  0.0%)  Function Alias Analysis Results
   0.0000 (  0.0%)   0.0000 (  0.0%)   0.0000 (  0.0%)   0.0009 (  0.0%)  Function Alias Analysis Results
   0.0000 (  0.0%)   0.0000 (  0.0%)   0.0000 (  0.0%)   0.0009 (  0.0%)  Function Alias Analysis Results
   0.0156 (  0.2%)   0.0000 (  0.0%)   0.0156 (  0.2%)   0.0009 (  0.0%)  Function Alias Analysis Results
   0.0000 (  0.0%)   0.0000 (  0.0%)   0.0000 (  0.0%)   0.0009 (  0.0%)  Dominator Tree Construction
   0.0000 (  0.0%)   0.0000 (  0.0%)   0.0000 (  0.0%)   0.0009 (  0.0%)  Dominator Tree Construction
   0.0000 (  0.0%)   0.0000 (  0.0%)   0.0000 (  0.0%)   0.0009 (  0.0%)  Function Alias Analysis Results
   0.0000 (  0.0%)   0.0000 (  0.0%)   0.0000 (  0.0%)   0.0009 (  0.0%)  Dominator Tree Construction
   0.0000 (  0.0%)   0.0000 (  0.0%)   0.0000 (  0.0%)   0.0009 (  0.0%)  Natural Loop Information
   0.0000 (  0.0%)   0.0000 (  0.0%)   0.0000 (  0.0%)   0.0009 (  0.0%)  Dominator Tree Construction
   0.0000 (  0.0%)   0.0000 (  0.0%)   0.0000 (  0.0%)   0.0009 (  0.0%)  Function Alias Analysis Results
   0.0000 (  0.0%)   0.0000 (  0.0%)   0.0000 (  0.0%)   0.0009 (  0.0%)  Function Alias Analysis Results
   0.0000 (  0.0%)   0.0000 (  0.0%)   0.0000 (  0.0%)   0.0009 (  0.0%)  Canonicalize natural loops
   0.0000 (  0.0%)   0.0000 (  0.0%)   0.0000 (  0.0%)   0.0009 (  0.0%)  Function Alias Analysis Results
   0.0000 (  0.0%)   0.0000 (  0.0%)   0.0000 (  0.0%)   0.0009 (  0.0%)  Divergence Analysis
   0.0000 (  0.0%)   0.0000 (  0.0%)   0.0000 (  0.0%)   0.0009 (  0.0%)  Function Alias Analysis Results
   0.0000 (  0.0%)   0.0000 (  0.0%)   0.0000 (  0.0%)   0.0009 (  0.0%)  Function Alias Analysis Results
   0.0000 (  0.0%)   0.0000 (  0.0%)   0.0000 (  0.0%)   0.0009 (  0.0%)  Function Alias Analysis Results
   0.0000 (  0.0%)   0.0000 (  0.0%)   0.0000 (  0.0%)   0.0009 (  0.0%)  Dominator Tree Construction
   0.0000 (  0.0%)   0.0000 (  0.0%)   0.0000 (  0.0%)   0.0009 (  0.0%)  Dominator Tree Construction
   0.0000 (  0.0%)   0.0000 (  0.0%)   0.0000 (  0.0%)   0.0009 (  0.0%)  Function Alias Analysis Results
   0.0000 (  0.0%)   0.0000 (  0.0%)   0.0000 (  0.0%)   0.0009 (  0.0%)  Dominator Tree Construction
   0.0000 (  0.0%)   0.0000 (  0.0%)   0.0000 (  0.0%)   0.0009 (  0.0%)  Function Alias Analysis Results
   0.0000 (  0.0%)   0.0000 (  0.0%)   0.0000 (  0.0%)   0.0009 (  0.0%)  Dominator Tree Construction
   0.0000 (  0.0%)   0.0000 (  0.0%)   0.0000 (  0.0%)   0.0009 (  0.0%)  Dominator Tree Construction
   0.0000 (  0.0%)   0.0000 (  0.0%)   0.0000 (  0.0%)   0.0009 (  0.0%)  Natural Loop Information
   0.0000 (  0.0%)   0.0000 (  0.0%)   0.0000 (  0.0%)   0.0009 (  0.0%)  Natural Loop Information
   0.0000 (  0.0%)   0.0000 (  0.0%)   0.0000 (  0.0%)   0.0009 (  0.0%)  Dominator Tree Construction
   0.0000 (  0.0%)   0.0000 (  0.0%)   0.0000 (  0.0%)   0.0009 (  0.0%)  Natural Loop Information
   0.0000 (  0.0%)   0.0000 (  0.0%)   0.0000 (  0.0%)   0.0009 (  0.0%)  Dominator Tree Construction
   0.0000 (  0.0%)   0.0000 (  0.0%)   0.0000 (  0.0%)   0.0009 (  0.0%)  Natural Loop Information
   0.0000 (  0.0%)   0.0000 (  0.0%)   0.0000 (  0.0%)   0.0009 (  0.0%)  Function Alias Analysis Results
   0.0000 (  0.0%)   0.0000 (  0.0%)   0.0000 (  0.0%)   0.0009 (  0.0%)  Natural Loop Information
   0.0000 (  0.0%)   0.0000 (  0.0%)   0.0000 (  0.0%)   0.0009 (  0.0%)  Natural Loop Information
   0.0000 (  0.0%)   0.0000 (  0.0%)   0.0000 (  0.0%)   0.0009 (  0.0%)  Canonicalize natural loops
   0.0000 (  0.0%)   0.0000 (  0.0%)   0.0000 (  0.0%)   0.0009 (  0.0%)  Function Alias Analysis Results
   0.0000 (  0.0%)   0.0000 (  0.0%)   0.0000 (  0.0%)   0.0009 (  0.0%)  Loop-Closed SSA Form Pass
   0.0000 (  0.0%)   0.0000 (  0.0%)   0.0000 (  0.0%)   0.0009 (  0.0%)  Function Alias Analysis Results
   0.0000 (  0.0%)   0.0000 (  0.0%)   0.0000 (  0.0%)   0.0009 (  0.0%)  Function Alias Analysis Results
   0.0000 (  0.0%)   0.0000 (  0.0%)   0.0000 (  0.0%)   0.0009 (  0.0%)  Auto automatic array partition filter analysis
   0.0000 (  0.0%)   0.0000 (  0.0%)   0.0000 (  0.0%)   0.0009 (  0.0%)  Dominator Tree Construction
   0.0000 (  0.0%)   0.0000 (  0.0%)   0.0000 (  0.0%)   0.0009 (  0.0%)  Dominator Tree Construction
   0.0000 (  0.0%)   0.0000 (  0.0%)   0.0000 (  0.0%)   0.0009 (  0.0%)  Natural Loop Information
   0.0000 (  0.0%)   0.0000 (  0.0%)   0.0000 (  0.0%)   0.0009 (  0.0%)  Loop-Closed SSA Form Pass
   0.0000 (  0.0%)   0.0000 (  0.0%)   0.0000 (  0.0%)   0.0009 (  0.0%)  CallGraph Construction
   0.0000 (  0.0%)   0.0000 (  0.0%)   0.0000 (  0.0%)   0.0009 (  0.0%)  Function Alias Analysis Results
   0.0000 (  0.0%)   0.0000 (  0.0%)   0.0000 (  0.0%)   0.0009 (  0.0%)  Function Alias Analysis Results
   0.0000 (  0.0%)   0.0000 (  0.0%)   0.0000 (  0.0%)   0.0009 (  0.0%)  Function Alias Analysis Results
   0.0156 (  0.2%)   0.0000 (  0.0%)   0.0156 (  0.2%)   0.0009 (  0.0%)  Natural Loop Information
   0.0156 (  0.2%)   0.0000 (  0.0%)   0.0156 (  0.2%)   0.0009 (  0.0%)  Dominator Tree Construction
   0.0000 (  0.0%)   0.0000 (  0.0%)   0.0000 (  0.0%)   0.0008 (  0.0%)  Global Variable Optimizer
   0.0000 (  0.0%)   0.0000 (  0.0%)   0.0000 (  0.0%)   0.0008 (  0.0%)  Canonicalize natural loops
   0.0000 (  0.0%)   0.0000 (  0.0%)   0.0000 (  0.0%)   0.0008 (  0.0%)  Function Alias Analysis Results
   0.0000 (  0.0%)   0.0000 (  0.0%)   0.0000 (  0.0%)   0.0008 (  0.0%)  Function Alias Analysis Results
   0.0000 (  0.0%)   0.0000 (  0.0%)   0.0000 (  0.0%)   0.0008 (  0.0%)  Natural Loop Information
   0.0000 (  0.0%)   0.0000 (  0.0%)   0.0000 (  0.0%)   0.0008 (  0.0%)  Eliminate pointer selection
   0.0000 (  0.0%)   0.0000 (  0.0%)   0.0000 (  0.0%)   0.0008 (  0.0%)  Function Alias Analysis Results
   0.0000 (  0.0%)   0.0000 (  0.0%)   0.0000 (  0.0%)   0.0008 (  0.0%)  Function duplication
   0.0000 (  0.0%)   0.0000 (  0.0%)   0.0000 (  0.0%)   0.0008 (  0.0%)  Divergence Analysis
   0.0000 (  0.0%)   0.0000 (  0.0%)   0.0000 (  0.0%)   0.0008 (  0.0%)  CallGraph Construction
   0.0000 (  0.0%)   0.0000 (  0.0%)   0.0000 (  0.0%)   0.0008 (  0.0%)  Auto automatic array partition filter analysis
   0.0000 (  0.0%)   0.0000 (  0.0%)   0.0000 (  0.0%)   0.0008 (  0.0%)  Auto automatic array partition filter analysis
   0.0000 (  0.0%)   0.0000 (  0.0%)   0.0000 (  0.0%)   0.0008 (  0.0%)  Auto automatic array partition filter analysis
   0.0000 (  0.0%)   0.0000 (  0.0%)   0.0000 (  0.0%)   0.0008 (  0.0%)  Loop-Closed SSA Form Pass
   0.0000 (  0.0%)   0.0000 (  0.0%)   0.0000 (  0.0%)   0.0008 (  0.0%)  Post-Dominator Tree Construction
   0.0000 (  0.0%)   0.0000 (  0.0%)   0.0000 (  0.0%)   0.0008 (  0.0%)  Function Alias Analysis Results
   0.0000 (  0.0%)   0.0000 (  0.0%)   0.0000 (  0.0%)   0.0008 (  0.0%)  Canonicalize natural loops
   0.0000 (  0.0%)   0.0000 (  0.0%)   0.0000 (  0.0%)   0.0008 (  0.0%)  Dominator Tree Construction
   0.0000 (  0.0%)   0.0000 (  0.0%)   0.0000 (  0.0%)   0.0008 (  0.0%)  Divergence Analysis
   0.0000 (  0.0%)   0.0000 (  0.0%)   0.0000 (  0.0%)   0.0008 (  0.0%)  Dominator Tree Construction
   0.0000 (  0.0%)   0.0000 (  0.0%)   0.0000 (  0.0%)   0.0008 (  0.0%)  Auto automatic array partition filter analysis
   0.0156 (  0.2%)   0.0000 (  0.0%)   0.0156 (  0.2%)   0.0008 (  0.0%)  Dominator Tree Construction
   0.0000 (  0.0%)   0.0000 (  0.0%)   0.0000 (  0.0%)   0.0008 (  0.0%)  Transform SSA value on top function to variable with pointer type
   0.0000 (  0.0%)   0.0000 (  0.0%)   0.0000 (  0.0%)   0.0008 (  0.0%)  Dominator Tree Construction
   0.0000 (  0.0%)   0.0000 (  0.0%)   0.0000 (  0.0%)   0.0008 (  0.0%)  Function Alias Analysis Results
   0.0000 (  0.0%)   0.0000 (  0.0%)   0.0000 (  0.0%)   0.0008 (  0.0%)  CallGraph Construction
   0.0000 (  0.0%)   0.0000 (  0.0%)   0.0000 (  0.0%)   0.0008 (  0.0%)  Function Alias Analysis Results
   0.0000 (  0.0%)   0.0000 (  0.0%)   0.0000 (  0.0%)   0.0008 (  0.0%)  Dominator Tree Construction
   0.0000 (  0.0%)   0.0000 (  0.0%)   0.0000 (  0.0%)   0.0008 (  0.0%)  Dominator Tree Construction
   0.0000 (  0.0%)   0.0000 (  0.0%)   0.0000 (  0.0%)   0.0008 (  0.0%)  Natural Loop Information
   0.0000 (  0.0%)   0.0000 (  0.0%)   0.0000 (  0.0%)   0.0008 (  0.0%)  Infer PPPO for array-to-streams
   0.0000 (  0.0%)   0.0156 (  2.2%)   0.0156 (  0.2%)   0.0008 (  0.0%)  Natural Loop Information
   0.0156 (  0.2%)   0.0000 (  0.0%)   0.0156 (  0.2%)   0.0008 (  0.0%)  Array abnormal access check
   0.0000 (  0.0%)   0.0000 (  0.0%)   0.0000 (  0.0%)   0.0008 (  0.0%)  Canonicalize natural loops
   0.0000 (  0.0%)   0.0000 (  0.0%)   0.0000 (  0.0%)   0.0008 (  0.0%)  Function Alias Analysis Results
   0.0000 (  0.0%)   0.0000 (  0.0%)   0.0000 (  0.0%)   0.0008 (  0.0%)  Function Alias Analysis Results
   0.0000 (  0.0%)   0.0000 (  0.0%)   0.0000 (  0.0%)   0.0008 (  0.0%)  Function Alias Analysis Results
   0.0000 (  0.0%)   0.0000 (  0.0%)   0.0000 (  0.0%)   0.0008 (  0.0%)  Natural Loop Information
   0.0000 (  0.0%)   0.0000 (  0.0%)   0.0000 (  0.0%)   0.0008 (  0.0%)  Post-Dominator Tree Construction
   0.0000 (  0.0%)   0.0000 (  0.0%)   0.0000 (  0.0%)   0.0008 (  0.0%)  Loop-Closed SSA Form Pass
   0.0000 (  0.0%)   0.0000 (  0.0%)   0.0000 (  0.0%)   0.0008 (  0.0%)  Disaggregation preprocessing
   0.0000 (  0.0%)   0.0000 (  0.0%)   0.0000 (  0.0%)   0.0008 (  0.0%)  Dominator Tree Construction
   0.0000 (  0.0%)   0.0000 (  0.0%)   0.0000 (  0.0%)   0.0008 (  0.0%)  Natural Loop Information
   0.0000 (  0.0%)   0.0000 (  0.0%)   0.0000 (  0.0%)   0.0008 (  0.0%)  Canonicalize natural loops
   0.0000 (  0.0%)   0.0000 (  0.0%)   0.0000 (  0.0%)   0.0008 (  0.0%)  Natural Loop Information
   0.0000 (  0.0%)   0.0000 (  0.0%)   0.0000 (  0.0%)   0.0008 (  0.0%)  CallGraph Construction
   0.0000 (  0.0%)   0.0000 (  0.0%)   0.0000 (  0.0%)   0.0008 (  0.0%)  Dominator Tree Construction
   0.0000 (  0.0%)   0.0000 (  0.0%)   0.0000 (  0.0%)   0.0008 (  0.0%)  Loop-Closed SSA Form Pass
   0.0000 (  0.0%)   0.0000 (  0.0%)   0.0000 (  0.0%)   0.0008 (  0.0%)  Natural Loop Information
   0.0000 (  0.0%)   0.0000 (  0.0%)   0.0000 (  0.0%)   0.0008 (  0.0%)  Post-Dominator Tree Construction
   0.0000 (  0.0%)   0.0000 (  0.0%)   0.0000 (  0.0%)   0.0008 (  0.0%)  Dominator Tree Construction
   0.0000 (  0.0%)   0.0000 (  0.0%)   0.0000 (  0.0%)   0.0008 (  0.0%)  Simplify types in the LLVM IR, redundant type hierarchy
   0.0000 (  0.0%)   0.0000 (  0.0%)   0.0000 (  0.0%)   0.0008 (  0.0%)  Dominator Tree Construction
   0.0000 (  0.0%)   0.0000 (  0.0%)   0.0000 (  0.0%)   0.0007 (  0.0%)  Natural Loop Information
   0.0000 (  0.0%)   0.0000 (  0.0%)   0.0000 (  0.0%)   0.0007 (  0.0%)  Dead Argument Elimination
   0.0000 (  0.0%)   0.0000 (  0.0%)   0.0000 (  0.0%)   0.0007 (  0.0%)  Dominator Tree Construction
   0.0000 (  0.0%)   0.0000 (  0.0%)   0.0000 (  0.0%)   0.0007 (  0.0%)  Natural Loop Information
   0.0000 (  0.0%)   0.0000 (  0.0%)   0.0000 (  0.0%)   0.0007 (  0.0%)  Divergence Analysis
   0.0000 (  0.0%)   0.0000 (  0.0%)   0.0000 (  0.0%)   0.0007 (  0.0%)  Dominator Tree Construction
   0.0000 (  0.0%)   0.0000 (  0.0%)   0.0000 (  0.0%)   0.0007 (  0.0%)  Canonicalize natural loops
   0.0000 (  0.0%)   0.0000 (  0.0%)   0.0000 (  0.0%)   0.0007 (  0.0%)  Dominator Tree Construction
   0.0000 (  0.0%)   0.0000 (  0.0%)   0.0000 (  0.0%)   0.0007 (  0.0%)  Canonicalize natural loops
   0.0000 (  0.0%)   0.0000 (  0.0%)   0.0000 (  0.0%)   0.0007 (  0.0%)  Natural Loop Information
   0.0156 (  0.2%)   0.0000 (  0.0%)   0.0156 (  0.2%)   0.0007 (  0.0%)  Natural Loop Information
   0.0000 (  0.0%)   0.0000 (  0.0%)   0.0000 (  0.0%)   0.0007 (  0.0%)  Dominator Tree Construction
   0.0000 (  0.0%)   0.0000 (  0.0%)   0.0000 (  0.0%)   0.0007 (  0.0%)  Dominator Tree Construction
   0.0000 (  0.0%)   0.0000 (  0.0%)   0.0000 (  0.0%)   0.0007 (  0.0%)  Natural Loop Information
   0.0000 (  0.0%)   0.0000 (  0.0%)   0.0000 (  0.0%)   0.0007 (  0.0%)  Dominator Tree Construction
   0.0000 (  0.0%)   0.0000 (  0.0%)   0.0000 (  0.0%)   0.0007 (  0.0%)  Canonicalize natural loops
   0.0000 (  0.0%)   0.0000 (  0.0%)   0.0000 (  0.0%)   0.0007 (  0.0%)  Canonicalize natural loops
   0.0000 (  0.0%)   0.0000 (  0.0%)   0.0000 (  0.0%)   0.0007 (  0.0%)  Canonicalize natural loops
   0.0000 (  0.0%)   0.0000 (  0.0%)   0.0000 (  0.0%)   0.0007 (  0.0%)  Post-Dominator Tree Construction
   0.0000 (  0.0%)   0.0000 (  0.0%)   0.0000 (  0.0%)   0.0007 (  0.0%)  CallGraph Construction
   0.0000 (  0.0%)   0.0000 (  0.0%)   0.0000 (  0.0%)   0.0007 (  0.0%)  Post-Dominator Tree Construction
   0.0000 (  0.0%)   0.0000 (  0.0%)   0.0000 (  0.0%)   0.0007 (  0.0%)  Natural Loop Information
   0.0156 (  0.2%)   0.0000 (  0.0%)   0.0156 (  0.2%)   0.0007 (  0.0%)  Post-Dominator Tree Construction
   0.0000 (  0.0%)   0.0000 (  0.0%)   0.0000 (  0.0%)   0.0007 (  0.0%)  Dead Argument Elimination
   0.0000 (  0.0%)   0.0000 (  0.0%)   0.0000 (  0.0%)   0.0007 (  0.0%)  Dead Code Elimination
   0.0000 (  0.0%)   0.0000 (  0.0%)   0.0000 (  0.0%)   0.0007 (  0.0%)  DefaultInterfaceBuilderNew - Build Default Top Interface
   0.0000 (  0.0%)   0.0000 (  0.0%)   0.0000 (  0.0%)   0.0007 (  0.0%)  Post-Dominator Tree Construction
   0.0000 (  0.0%)   0.0000 (  0.0%)   0.0000 (  0.0%)   0.0007 (  0.0%)  Dominator Tree Construction
   0.0000 (  0.0%)   0.0000 (  0.0%)   0.0000 (  0.0%)   0.0007 (  0.0%)  Post-Dominator Tree Construction
   0.0000 (  0.0%)   0.0000 (  0.0%)   0.0000 (  0.0%)   0.0007 (  0.0%)  Dominator Tree Construction
   0.0000 (  0.0%)   0.0000 (  0.0%)   0.0000 (  0.0%)   0.0007 (  0.0%)  Post-Dominator Tree Construction
   0.0000 (  0.0%)   0.0000 (  0.0%)   0.0000 (  0.0%)   0.0007 (  0.0%)  Detect single entry single exit regions
   0.0000 (  0.0%)   0.0156 (  2.2%)   0.0156 (  0.2%)   0.0007 (  0.0%)  Post-Dominator Tree Construction
   0.0000 (  0.0%)   0.0000 (  0.0%)   0.0000 (  0.0%)   0.0007 (  0.0%)  Natural Loop Information
   0.0000 (  0.0%)   0.0000 (  0.0%)   0.0000 (  0.0%)   0.0007 (  0.0%)  Eliminate dead debug information intrinsic
   0.0000 (  0.0%)   0.0000 (  0.0%)   0.0000 (  0.0%)   0.0007 (  0.0%)  Natural Loop Information
   0.0000 (  0.0%)   0.0000 (  0.0%)   0.0000 (  0.0%)   0.0007 (  0.0%)  Post-Dominator Tree Construction
   0.0000 (  0.0%)   0.0000 (  0.0%)   0.0000 (  0.0%)   0.0007 (  0.0%)  Post-Dominator Tree Construction
   0.0000 (  0.0%)   0.0000 (  0.0%)   0.0000 (  0.0%)   0.0007 (  0.0%)  Dominator Tree Construction
   0.0156 (  0.2%)   0.0000 (  0.0%)   0.0156 (  0.2%)   0.0007 (  0.0%)  Dominator Tree Construction
   0.0000 (  0.0%)   0.0000 (  0.0%)   0.0000 (  0.0%)   0.0007 (  0.0%)  Canonicalize natural loops
   0.0000 (  0.0%)   0.0000 (  0.0%)   0.0000 (  0.0%)   0.0007 (  0.0%)  Post-Dominator Tree Construction
   0.0000 (  0.0%)   0.0000 (  0.0%)   0.0000 (  0.0%)   0.0007 (  0.0%)  Post-Dominator Tree Construction
   0.0000 (  0.0%)   0.0000 (  0.0%)   0.0000 (  0.0%)   0.0007 (  0.0%)  Post-Dominator Tree Construction
   0.0000 (  0.0%)   0.0000 (  0.0%)   0.0000 (  0.0%)   0.0007 (  0.0%)  Dominator Tree Construction
   0.0000 (  0.0%)   0.0000 (  0.0%)   0.0000 (  0.0%)   0.0007 (  0.0%)  Natural Loop Information
   0.0000 (  0.0%)   0.0000 (  0.0%)   0.0000 (  0.0%)   0.0007 (  0.0%)  CallGraph Construction
   0.0000 (  0.0%)   0.0000 (  0.0%)   0.0000 (  0.0%)   0.0007 (  0.0%)  Control Dependence Analysis
   0.0000 (  0.0%)   0.0000 (  0.0%)   0.0000 (  0.0%)   0.0007 (  0.0%)  Post-Dominator Tree Construction
   0.0000 (  0.0%)   0.0000 (  0.0%)   0.0000 (  0.0%)   0.0007 (  0.0%)  Canonicalize natural loops
   0.0156 (  0.2%)   0.0000 (  0.0%)   0.0156 (  0.2%)   0.0007 (  0.0%)  Canonicalize natural loops
   0.0000 (  0.0%)   0.0000 (  0.0%)   0.0000 (  0.0%)   0.0007 (  0.0%)  Dominator Tree Construction
   0.0000 (  0.0%)   0.0000 (  0.0%)   0.0000 (  0.0%)   0.0007 (  0.0%)  Post-Dominator Tree Construction
   0.0000 (  0.0%)   0.0000 (  0.0%)   0.0000 (  0.0%)   0.0007 (  0.0%)  Array abnormal access check
   0.0000 (  0.0%)   0.0000 (  0.0%)   0.0000 (  0.0%)   0.0007 (  0.0%)  Canonicalize natural loops
   0.0000 (  0.0%)   0.0000 (  0.0%)   0.0000 (  0.0%)   0.0007 (  0.0%)  Dominator Tree Construction
   0.0000 (  0.0%)   0.0000 (  0.0%)   0.0000 (  0.0%)   0.0007 (  0.0%)  Infer PPPO for array-to-streams
   0.0000 (  0.0%)   0.0000 (  0.0%)   0.0000 (  0.0%)   0.0007 (  0.0%)  Post-Dominator Tree Construction
   0.0000 (  0.0%)   0.0000 (  0.0%)   0.0000 (  0.0%)   0.0007 (  0.0%)  Eliminate dead debug information intrinsic
   0.0000 (  0.0%)   0.0000 (  0.0%)   0.0000 (  0.0%)   0.0007 (  0.0%)  Post-Dominator Tree Construction
   0.0000 (  0.0%)   0.0000 (  0.0%)   0.0000 (  0.0%)   0.0007 (  0.0%)  Detect single entry single exit regions
   0.0000 (  0.0%)   0.0000 (  0.0%)   0.0000 (  0.0%)   0.0007 (  0.0%)  Natural Loop Information
   0.0000 (  0.0%)   0.0000 (  0.0%)   0.0000 (  0.0%)   0.0007 (  0.0%)  Loop-Closed SSA Form Pass
   0.0000 (  0.0%)   0.0000 (  0.0%)   0.0000 (  0.0%)   0.0007 (  0.0%)  Post-Dominator Tree Construction
   0.0000 (  0.0%)   0.0000 (  0.0%)   0.0000 (  0.0%)   0.0007 (  0.0%)  Basic Alias Analysis (stateless AA impl)
   0.0000 (  0.0%)   0.0000 (  0.0%)   0.0000 (  0.0%)   0.0007 (  0.0%)  Post-Dominator Tree Construction
   0.0000 (  0.0%)   0.0000 (  0.0%)   0.0000 (  0.0%)   0.0007 (  0.0%)  Control Dependence Analysis
   0.0000 (  0.0%)   0.0000 (  0.0%)   0.0000 (  0.0%)   0.0007 (  0.0%)  Post-Dominator Tree Construction
   0.0000 (  0.0%)   0.0000 (  0.0%)   0.0000 (  0.0%)   0.0007 (  0.0%)  Post-Dominator Tree Construction
   0.0000 (  0.0%)   0.0000 (  0.0%)   0.0000 (  0.0%)   0.0007 (  0.0%)  Canonicalize natural loops
   0.0000 (  0.0%)   0.0000 (  0.0%)   0.0000 (  0.0%)   0.0007 (  0.0%)  Dominator Tree Construction
   0.0000 (  0.0%)   0.0000 (  0.0%)   0.0000 (  0.0%)   0.0007 (  0.0%)  Dominator Tree Construction
   0.0000 (  0.0%)   0.0000 (  0.0%)   0.0000 (  0.0%)   0.0007 (  0.0%)  Post-Dominator Tree Construction
   0.0000 (  0.0%)   0.0000 (  0.0%)   0.0000 (  0.0%)   0.0007 (  0.0%)  Post-Dominator Tree Construction
   0.0000 (  0.0%)   0.0000 (  0.0%)   0.0000 (  0.0%)   0.0007 (  0.0%)  Canonicalize natural loops
   0.0000 (  0.0%)   0.0000 (  0.0%)   0.0000 (  0.0%)   0.0007 (  0.0%)  Post-Dominator Tree Construction
   0.0000 (  0.0%)   0.0000 (  0.0%)   0.0000 (  0.0%)   0.0006 (  0.0%)  Post-Dominator Tree Construction
   0.0000 (  0.0%)   0.0000 (  0.0%)   0.0000 (  0.0%)   0.0006 (  0.0%)  Canonicalize natural loops
   0.0000 (  0.0%)   0.0000 (  0.0%)   0.0000 (  0.0%)   0.0006 (  0.0%)  Dominator Tree Construction
   0.0000 (  0.0%)   0.0000 (  0.0%)   0.0000 (  0.0%)   0.0006 (  0.0%)  Post-Dominator Tree Construction
   0.0000 (  0.0%)   0.0000 (  0.0%)   0.0000 (  0.0%)   0.0006 (  0.0%)  Post-Dominator Tree Construction
   0.0000 (  0.0%)   0.0000 (  0.0%)   0.0000 (  0.0%)   0.0006 (  0.0%)  Natural Loop Information
   0.0000 (  0.0%)   0.0000 (  0.0%)   0.0000 (  0.0%)   0.0006 (  0.0%)  Resolve full load/store
   0.0000 (  0.0%)   0.0000 (  0.0%)   0.0000 (  0.0%)   0.0006 (  0.0%)  CallGraph Construction
   0.0000 (  0.0%)   0.0000 (  0.0%)   0.0000 (  0.0%)   0.0006 (  0.0%)  Post-Dominator Tree Construction
   0.0000 (  0.0%)   0.0000 (  0.0%)   0.0000 (  0.0%)   0.0006 (  0.0%)  CallGraph Construction
   0.0000 (  0.0%)   0.0000 (  0.0%)   0.0000 (  0.0%)   0.0006 (  0.0%)  Post-Dominator Tree Construction
   0.0000 (  0.0%)   0.0000 (  0.0%)   0.0000 (  0.0%)   0.0006 (  0.0%)  Post-Dominator Tree Construction
   0.0156 (  0.2%)   0.0000 (  0.0%)   0.0156 (  0.2%)   0.0006 (  0.0%)  Post-Dominator Tree Construction
   0.0000 (  0.0%)   0.0000 (  0.0%)   0.0000 (  0.0%)   0.0006 (  0.0%)  Canonicalize natural loops
   0.0000 (  0.0%)   0.0000 (  0.0%)   0.0000 (  0.0%)   0.0006 (  0.0%)  Post-Dominator Tree Construction
   0.0000 (  0.0%)   0.0000 (  0.0%)   0.0000 (  0.0%)   0.0006 (  0.0%)  Post-Dominator Tree Construction
   0.0000 (  0.0%)   0.0000 (  0.0%)   0.0000 (  0.0%)   0.0006 (  0.0%)  LayoutTransform - Layout Transform Pragma Analysis
   0.0000 (  0.0%)   0.0000 (  0.0%)   0.0000 (  0.0%)   0.0006 (  0.0%)  Dominator Tree Construction
   0.0000 (  0.0%)   0.0000 (  0.0%)   0.0000 (  0.0%)   0.0006 (  0.0%)  Post-Dominator Tree Construction
   0.0000 (  0.0%)   0.0000 (  0.0%)   0.0000 (  0.0%)   0.0006 (  0.0%)  Array abnormal access check
   0.0000 (  0.0%)   0.0000 (  0.0%)   0.0000 (  0.0%)   0.0006 (  0.0%)  Post-Dominator Tree Construction
   0.0000 (  0.0%)   0.0000 (  0.0%)   0.0000 (  0.0%)   0.0006 (  0.0%)  demangle Name to normal Name
   0.0000 (  0.0%)   0.0000 (  0.0%)   0.0000 (  0.0%)   0.0006 (  0.0%)  Post-Dominator Tree Construction
   0.0000 (  0.0%)   0.0000 (  0.0%)   0.0000 (  0.0%)   0.0006 (  0.0%)  Natural Loop Information
   0.0156 (  0.2%)   0.0000 (  0.0%)   0.0156 (  0.2%)   0.0006 (  0.0%)  CallGraph Construction
   0.0000 (  0.0%)   0.0000 (  0.0%)   0.0000 (  0.0%)   0.0006 (  0.0%)  Dominator Tree Construction
   0.0000 (  0.0%)   0.0000 (  0.0%)   0.0000 (  0.0%)   0.0006 (  0.0%)  Post-Dominator Tree Construction
   0.0000 (  0.0%)   0.0000 (  0.0%)   0.0000 (  0.0%)   0.0006 (  0.0%)  LowerPredicate - Lower predicates to control-flow
   0.0000 (  0.0%)   0.0000 (  0.0%)   0.0000 (  0.0%)   0.0006 (  0.0%)  Loop Access Analysis
   0.0000 (  0.0%)   0.0000 (  0.0%)   0.0000 (  0.0%)   0.0006 (  0.0%)  Dominator Tree Construction
   0.0000 (  0.0%)   0.0000 (  0.0%)   0.0000 (  0.0%)   0.0006 (  0.0%)  Dominance Frontier Construction
   0.0000 (  0.0%)   0.0000 (  0.0%)   0.0000 (  0.0%)   0.0006 (  0.0%)  Dominator Tree Construction
   0.0000 (  0.0%)   0.0000 (  0.0%)   0.0000 (  0.0%)   0.0006 (  0.0%)  Dominator Tree Construction
   0.0000 (  0.0%)   0.0000 (  0.0%)   0.0000 (  0.0%)   0.0006 (  0.0%)  Natural Loop Information
   0.0000 (  0.0%)   0.0000 (  0.0%)   0.0000 (  0.0%)   0.0006 (  0.0%)  Post-Dominator Tree Construction
   0.0000 (  0.0%)   0.0000 (  0.0%)   0.0000 (  0.0%)   0.0006 (  0.0%)  Dominator Tree Construction
   0.0000 (  0.0%)   0.0000 (  0.0%)   0.0000 (  0.0%)   0.0006 (  0.0%)  Post-Dominator Tree Construction
   0.0000 (  0.0%)   0.0000 (  0.0%)   0.0000 (  0.0%)   0.0006 (  0.0%)  Dominator Tree Construction
   0.0000 (  0.0%)   0.0000 (  0.0%)   0.0000 (  0.0%)   0.0006 (  0.0%)  Dominator Tree Construction
   0.0000 (  0.0%)   0.0000 (  0.0%)   0.0000 (  0.0%)   0.0006 (  0.0%)  Natural Loop Information
   0.0000 (  0.0%)   0.0000 (  0.0%)   0.0000 (  0.0%)   0.0006 (  0.0%)  Canonicalize natural loops
   0.0000 (  0.0%)   0.0000 (  0.0%)   0.0000 (  0.0%)   0.0006 (  0.0%)  Dead Global Elimination
   0.0000 (  0.0%)   0.0000 (  0.0%)   0.0000 (  0.0%)   0.0006 (  0.0%)  Post-Dominator Tree Construction
   0.0000 (  0.0%)   0.0000 (  0.0%)   0.0000 (  0.0%)   0.0006 (  0.0%)  Memory Dependence Analysis
   0.0000 (  0.0%)   0.0000 (  0.0%)   0.0000 (  0.0%)   0.0006 (  0.0%)  Dominator Tree Construction
   0.0000 (  0.0%)   0.0000 (  0.0%)   0.0000 (  0.0%)   0.0006 (  0.0%)  LegalizeName - Check interface name in terms of HDL syntax
   0.0000 (  0.0%)   0.0000 (  0.0%)   0.0000 (  0.0%)   0.0006 (  0.0%)  Dominator Tree Construction
   0.0000 (  0.0%)   0.0000 (  0.0%)   0.0000 (  0.0%)   0.0006 (  0.0%)  Post-Dominator Tree Construction
   0.0000 (  0.0%)   0.0000 (  0.0%)   0.0000 (  0.0%)   0.0006 (  0.0%)  Natural Loop Information
   0.0000 (  0.0%)   0.0000 (  0.0%)   0.0000 (  0.0%)   0.0006 (  0.0%)  Post-Dominator Tree Construction
   0.0000 (  0.0%)   0.0000 (  0.0%)   0.0000 (  0.0%)   0.0006 (  0.0%)  Post-Dominator Tree Construction
   0.0000 (  0.0%)   0.0000 (  0.0%)   0.0000 (  0.0%)   0.0006 (  0.0%)  Canonicalize natural loops
   0.0000 (  0.0%)   0.0000 (  0.0%)   0.0000 (  0.0%)   0.0006 (  0.0%)  Canonicalize natural loops
   0.0000 (  0.0%)   0.0000 (  0.0%)   0.0000 (  0.0%)   0.0006 (  0.0%)  CallGraph Construction
   0.0000 (  0.0%)   0.0000 (  0.0%)   0.0000 (  0.0%)   0.0006 (  0.0%)  Post-Dominator Tree Construction
   0.0000 (  0.0%)   0.0000 (  0.0%)   0.0000 (  0.0%)   0.0006 (  0.0%)  Canonicalize natural loops
   0.0000 (  0.0%)   0.0000 (  0.0%)   0.0000 (  0.0%)   0.0006 (  0.0%)  Dominance Frontier Construction
   0.0000 (  0.0%)   0.0000 (  0.0%)   0.0000 (  0.0%)   0.0006 (  0.0%)  Detect single entry single exit regions
   0.0000 (  0.0%)   0.0000 (  0.0%)   0.0000 (  0.0%)   0.0006 (  0.0%)  Dead Global Elimination
   0.0000 (  0.0%)   0.0000 (  0.0%)   0.0000 (  0.0%)   0.0006 (  0.0%)  Canonicalize natural loops
   0.0000 (  0.0%)   0.0000 (  0.0%)   0.0000 (  0.0%)   0.0006 (  0.0%)  Natural Loop Information
   0.0000 (  0.0%)   0.0000 (  0.0%)   0.0000 (  0.0%)   0.0006 (  0.0%)  Dominator Tree Construction
   0.0000 (  0.0%)   0.0000 (  0.0%)   0.0000 (  0.0%)   0.0006 (  0.0%)  Eliminate dead debug information intrinsic
   0.0000 (  0.0%)   0.0000 (  0.0%)   0.0000 (  0.0%)   0.0006 (  0.0%)  Dead Global Elimination
   0.0000 (  0.0%)   0.0000 (  0.0%)   0.0000 (  0.0%)   0.0006 (  0.0%)  Dominator Tree Construction
   0.0000 (  0.0%)   0.0000 (  0.0%)   0.0000 (  0.0%)   0.0006 (  0.0%)  CallGraph Construction
   0.0000 (  0.0%)   0.0000 (  0.0%)   0.0000 (  0.0%)   0.0006 (  0.0%)  Canonicalize natural loops
   0.0000 (  0.0%)   0.0000 (  0.0%)   0.0000 (  0.0%)   0.0006 (  0.0%)  Basic Alias Analysis (stateless AA impl)
   0.0000 (  0.0%)   0.0000 (  0.0%)   0.0000 (  0.0%)   0.0006 (  0.0%)  Natural Loop Information
   0.0000 (  0.0%)   0.0000 (  0.0%)   0.0000 (  0.0%)   0.0006 (  0.0%)  Dominator Tree Construction
   0.0000 (  0.0%)   0.0000 (  0.0%)   0.0000 (  0.0%)   0.0006 (  0.0%)  Canonicalize natural loops
   0.0000 (  0.0%)   0.0000 (  0.0%)   0.0000 (  0.0%)   0.0006 (  0.0%)  Dominator Tree Construction
   0.0000 (  0.0%)   0.0000 (  0.0%)   0.0000 (  0.0%)   0.0006 (  0.0%)  Dominator Tree Construction
   0.0000 (  0.0%)   0.0000 (  0.0%)   0.0000 (  0.0%)   0.0006 (  0.0%)  Dominator Tree Construction
   0.0000 (  0.0%)   0.0000 (  0.0%)   0.0000 (  0.0%)   0.0006 (  0.0%)  Rotate Loops
   0.0000 (  0.0%)   0.0000 (  0.0%)   0.0000 (  0.0%)   0.0006 (  0.0%)  Dominator Tree Construction
   0.0000 (  0.0%)   0.0000 (  0.0%)   0.0000 (  0.0%)   0.0006 (  0.0%)  Dominator Tree Construction
   0.0000 (  0.0%)   0.0000 (  0.0%)   0.0000 (  0.0%)   0.0006 (  0.0%)  Post-Dominator Tree Construction
   0.0000 (  0.0%)   0.0000 (  0.0%)   0.0000 (  0.0%)   0.0006 (  0.0%)  Simplify loop CFG
   0.0000 (  0.0%)   0.0000 (  0.0%)   0.0000 (  0.0%)   0.0006 (  0.0%)  Natural Loop Information
   0.0000 (  0.0%)   0.0000 (  0.0%)   0.0000 (  0.0%)   0.0006 (  0.0%)  Dominator Tree Construction
   0.0000 (  0.0%)   0.0000 (  0.0%)   0.0000 (  0.0%)   0.0006 (  0.0%)  Loop-Closed SSA Form Pass
   0.0000 (  0.0%)   0.0000 (  0.0%)   0.0000 (  0.0%)   0.0006 (  0.0%)  Eliminate dead debug information intrinsic
   0.0000 (  0.0%)   0.0000 (  0.0%)   0.0000 (  0.0%)   0.0006 (  0.0%)  Lazy Value Information Analysis
   0.0000 (  0.0%)   0.0000 (  0.0%)   0.0000 (  0.0%)   0.0006 (  0.0%)  Post-Dominator Tree Construction
   0.0000 (  0.0%)   0.0000 (  0.0%)   0.0000 (  0.0%)   0.0006 (  0.0%)  Dead Code Elimination
   0.0000 (  0.0%)   0.0000 (  0.0%)   0.0000 (  0.0%)   0.0006 (  0.0%)  Natural Loop Information
   0.0000 (  0.0%)   0.0000 (  0.0%)   0.0000 (  0.0%)   0.0006 (  0.0%)  Canonicalize natural loops
   0.0000 (  0.0%)   0.0000 (  0.0%)   0.0000 (  0.0%)   0.0006 (  0.0%)  Natural Loop Information
   0.0000 (  0.0%)   0.0000 (  0.0%)   0.0000 (  0.0%)   0.0006 (  0.0%)  Array abnormal access check
   0.0000 (  0.0%)   0.0000 (  0.0%)   0.0000 (  0.0%)   0.0006 (  0.0%)  Natural Loop Information
   0.0000 (  0.0%)   0.0000 (  0.0%)   0.0000 (  0.0%)   0.0006 (  0.0%)  Natural Loop Information
   0.0000 (  0.0%)   0.0000 (  0.0%)   0.0000 (  0.0%)   0.0006 (  0.0%)  Dead Argument Elimination
   0.0000 (  0.0%)   0.0000 (  0.0%)   0.0000 (  0.0%)   0.0006 (  0.0%)  Dominance Frontier Construction
   0.0156 (  0.2%)   0.0000 (  0.0%)   0.0156 (  0.2%)   0.0006 (  0.0%)  Natural Loop Information
   0.0156 (  0.2%)   0.0000 (  0.0%)   0.0156 (  0.2%)   0.0006 (  0.0%)  Dominator Tree Construction
   0.0000 (  0.0%)   0.0000 (  0.0%)   0.0000 (  0.0%)   0.0006 (  0.0%)  Dominator Tree Construction
   0.0000 (  0.0%)   0.0000 (  0.0%)   0.0000 (  0.0%)   0.0006 (  0.0%)  Dead Argument Elimination
   0.0000 (  0.0%)   0.0000 (  0.0%)   0.0000 (  0.0%)   0.0006 (  0.0%)  Canonicalize natural loops
   0.0000 (  0.0%)   0.0000 (  0.0%)   0.0000 (  0.0%)   0.0006 (  0.0%)  Canonicalize natural loops
   0.0000 (  0.0%)   0.0000 (  0.0%)   0.0000 (  0.0%)   0.0006 (  0.0%)  Dominator Tree Construction
   0.0000 (  0.0%)   0.0000 (  0.0%)   0.0000 (  0.0%)   0.0006 (  0.0%)  LowerPredicate - Lower predicates to control-flow
   0.0000 (  0.0%)   0.0000 (  0.0%)   0.0000 (  0.0%)   0.0006 (  0.0%)  Natural Loop Information
   0.0000 (  0.0%)   0.0000 (  0.0%)   0.0000 (  0.0%)   0.0006 (  0.0%)  Dead Argument Elimination
   0.0000 (  0.0%)   0.0000 (  0.0%)   0.0000 (  0.0%)   0.0006 (  0.0%)  Lazy Branch Probability Analysis
   0.0000 (  0.0%)   0.0000 (  0.0%)   0.0000 (  0.0%)   0.0006 (  0.0%)  Post-Dominator Tree Construction
   0.0000 (  0.0%)   0.0000 (  0.0%)   0.0000 (  0.0%)   0.0006 (  0.0%)  Dominator Tree Construction
   0.0000 (  0.0%)   0.0000 (  0.0%)   0.0000 (  0.0%)   0.0006 (  0.0%)  Dominator Tree Construction
   0.0000 (  0.0%)   0.0000 (  0.0%)   0.0000 (  0.0%)   0.0006 (  0.0%)  Post-Dominator Tree Construction
   0.0000 (  0.0%)   0.0000 (  0.0%)   0.0000 (  0.0%)   0.0006 (  0.0%)  CallGraph Construction
   0.0000 (  0.0%)   0.0000 (  0.0%)   0.0000 (  0.0%)   0.0006 (  0.0%)  CallGraph Construction
   0.0000 (  0.0%)   0.0000 (  0.0%)   0.0000 (  0.0%)   0.0006 (  0.0%)  Canonicalize natural loops
   0.0000 (  0.0%)   0.0000 (  0.0%)   0.0000 (  0.0%)   0.0006 (  0.0%)  Eliminate dead debug information intrinsic
   0.0000 (  0.0%)   0.0000 (  0.0%)   0.0000 (  0.0%)   0.0006 (  0.0%)  Post-Dominator Tree Construction
   0.0000 (  0.0%)   0.0000 (  0.0%)   0.0000 (  0.0%)   0.0006 (  0.0%)  Post-Dominator Tree Construction
   0.0000 (  0.0%)   0.0000 (  0.0%)   0.0000 (  0.0%)   0.0006 (  0.0%)  Natural Loop Information
   0.0000 (  0.0%)   0.0000 (  0.0%)   0.0000 (  0.0%)   0.0006 (  0.0%)  Dominator Tree Construction
   0.0000 (  0.0%)   0.0000 (  0.0%)   0.0000 (  0.0%)   0.0006 (  0.0%)  Canonicalize natural loops
   0.0000 (  0.0%)   0.0000 (  0.0%)   0.0000 (  0.0%)   0.0006 (  0.0%)  Dominator Tree Construction
   0.0000 (  0.0%)   0.0000 (  0.0%)   0.0000 (  0.0%)   0.0006 (  0.0%)  Natural Loop Information
   0.0000 (  0.0%)   0.0000 (  0.0%)   0.0000 (  0.0%)   0.0006 (  0.0%)  CallGraph Construction
   0.0000 (  0.0%)   0.0000 (  0.0%)   0.0000 (  0.0%)   0.0006 (  0.0%)  Dominator Tree Construction
   0.0000 (  0.0%)   0.0000 (  0.0%)   0.0000 (  0.0%)   0.0006 (  0.0%)  Infer workgroup size for opencl Kernel
   0.0000 (  0.0%)   0.0000 (  0.0%)   0.0000 (  0.0%)   0.0006 (  0.0%)  Array abnormal access check
   0.0156 (  0.2%)   0.0000 (  0.0%)   0.0156 (  0.2%)   0.0006 (  0.0%)  Natural Loop Information
   0.0000 (  0.0%)   0.0000 (  0.0%)   0.0000 (  0.0%)   0.0006 (  0.0%)  Natural Loop Information
   0.0000 (  0.0%)   0.0000 (  0.0%)   0.0000 (  0.0%)   0.0006 (  0.0%)  Natural Loop Information
   0.0000 (  0.0%)   0.0000 (  0.0%)   0.0000 (  0.0%)   0.0005 (  0.0%)  Scalar Evolution Analysis
   0.0000 (  0.0%)   0.0000 (  0.0%)   0.0000 (  0.0%)   0.0005 (  0.0%)  Dominator Tree Construction
   0.0000 (  0.0%)   0.0000 (  0.0%)   0.0000 (  0.0%)   0.0005 (  0.0%)  Dominator Tree Construction
   0.0000 (  0.0%)   0.0000 (  0.0%)   0.0000 (  0.0%)   0.0005 (  0.0%)  Post-Dominator Tree Construction
   0.0000 (  0.0%)   0.0000 (  0.0%)   0.0000 (  0.0%)   0.0005 (  0.0%)  Natural Loop Information
   0.0000 (  0.0%)   0.0000 (  0.0%)   0.0000 (  0.0%)   0.0005 (  0.0%)  Post-Dominator Tree Construction
   0.0000 (  0.0%)   0.0000 (  0.0%)   0.0000 (  0.0%)   0.0005 (  0.0%)  Natural Loop Information
   0.0000 (  0.0%)   0.0000 (  0.0%)   0.0000 (  0.0%)   0.0005 (  0.0%)  Eliminate dead debug information intrinsic
   0.0000 (  0.0%)   0.0000 (  0.0%)   0.0000 (  0.0%)   0.0005 (  0.0%)  Post-Dominator Tree Construction
   0.0000 (  0.0%)   0.0000 (  0.0%)   0.0000 (  0.0%)   0.0005 (  0.0%)  Dominator Tree Construction
   0.0000 (  0.0%)   0.0000 (  0.0%)   0.0000 (  0.0%)   0.0005 (  0.0%)  Post-Dominator Tree Construction
   0.0000 (  0.0%)   0.0000 (  0.0%)   0.0000 (  0.0%)   0.0005 (  0.0%)  Merge accesses in the same region
   0.0000 (  0.0%)   0.0000 (  0.0%)   0.0000 (  0.0%)   0.0005 (  0.0%)  SROA
   0.0000 (  0.0%)   0.0000 (  0.0%)   0.0000 (  0.0%)   0.0005 (  0.0%)  Natural Loop Information
   0.0000 (  0.0%)   0.0000 (  0.0%)   0.0000 (  0.0%)   0.0005 (  0.0%)  Natural Loop Information
   0.0000 (  0.0%)   0.0000 (  0.0%)   0.0000 (  0.0%)   0.0005 (  0.0%)  Eliminate dead debug information intrinsic
   0.0000 (  0.0%)   0.0000 (  0.0%)   0.0000 (  0.0%)   0.0005 (  0.0%)  Dominator Tree Construction
   0.0000 (  0.0%)   0.0000 (  0.0%)   0.0000 (  0.0%)   0.0005 (  0.0%)  Natural Loop Information
   0.0000 (  0.0%)   0.0000 (  0.0%)   0.0000 (  0.0%)   0.0005 (  0.0%)  Dominator Tree Construction
   0.0000 (  0.0%)   0.0000 (  0.0%)   0.0000 (  0.0%)   0.0005 (  0.0%)  CallGraph Construction
   0.0000 (  0.0%)   0.0000 (  0.0%)   0.0000 (  0.0%)   0.0005 (  0.0%)  Post-Dominator Tree Construction
   0.0000 (  0.0%)   0.0000 (  0.0%)   0.0000 (  0.0%)   0.0005 (  0.0%)  Post-Dominator Tree Construction
   0.0000 (  0.0%)   0.0000 (  0.0%)   0.0000 (  0.0%)   0.0005 (  0.0%)  Scalar Evolution Analysis
   0.0000 (  0.0%)   0.0000 (  0.0%)   0.0000 (  0.0%)   0.0005 (  0.0%)  Natural Loop Information
   0.0000 (  0.0%)   0.0000 (  0.0%)   0.0000 (  0.0%)   0.0005 (  0.0%)  Lazy Branch Probability Analysis
   0.0000 (  0.0%)   0.0000 (  0.0%)   0.0000 (  0.0%)   0.0005 (  0.0%)  Loop-Closed SSA Form Pass
   0.0000 (  0.0%)   0.0000 (  0.0%)   0.0000 (  0.0%)   0.0005 (  0.0%)  Natural Loop Information
   0.0000 (  0.0%)   0.0000 (  0.0%)   0.0000 (  0.0%)   0.0005 (  0.0%)  Natural Loop Information
   0.0000 (  0.0%)   0.0000 (  0.0%)   0.0000 (  0.0%)   0.0005 (  0.0%)  Dead Global Elimination
   0.0000 (  0.0%)   0.0000 (  0.0%)   0.0000 (  0.0%)   0.0005 (  0.0%)  Post-Dominator Tree Construction
   0.0000 (  0.0%)   0.0000 (  0.0%)   0.0000 (  0.0%)   0.0005 (  0.0%)  Dominator Tree Construction
   0.0000 (  0.0%)   0.0000 (  0.0%)   0.0000 (  0.0%)   0.0005 (  0.0%)  Natural Loop Information
   0.0000 (  0.0%)   0.0000 (  0.0%)   0.0000 (  0.0%)   0.0005 (  0.0%)  Dominator Tree Construction
   0.0000 (  0.0%)   0.0000 (  0.0%)   0.0000 (  0.0%)   0.0005 (  0.0%)  Natural Loop Information
   0.0000 (  0.0%)   0.0000 (  0.0%)   0.0000 (  0.0%)   0.0005 (  0.0%)  Dominator Tree Construction
   0.0000 (  0.0%)   0.0000 (  0.0%)   0.0000 (  0.0%)   0.0005 (  0.0%)  Rotate Loops
   0.0000 (  0.0%)   0.0000 (  0.0%)   0.0000 (  0.0%)   0.0005 (  0.0%)  Eliminate dead debug information intrinsic
   0.0000 (  0.0%)   0.0000 (  0.0%)   0.0000 (  0.0%)   0.0005 (  0.0%)  Post-Dominator Tree Construction
   0.0000 (  0.0%)   0.0000 (  0.0%)   0.0000 (  0.0%)   0.0005 (  0.0%)  Dominator Tree Construction
   0.0000 (  0.0%)   0.0000 (  0.0%)   0.0000 (  0.0%)   0.0005 (  0.0%)  Dominator Tree Construction
   0.0000 (  0.0%)   0.0000 (  0.0%)   0.0000 (  0.0%)   0.0005 (  0.0%)  Natural Loop Information
   0.0000 (  0.0%)   0.0000 (  0.0%)   0.0000 (  0.0%)   0.0005 (  0.0%)  Natural Loop Information
   0.0000 (  0.0%)   0.0000 (  0.0%)   0.0000 (  0.0%)   0.0005 (  0.0%)  Natural Loop Information
   0.0000 (  0.0%)   0.0000 (  0.0%)   0.0000 (  0.0%)   0.0005 (  0.0%)  Eliminate dead debug information intrinsic
   0.0000 (  0.0%)   0.0000 (  0.0%)   0.0000 (  0.0%)   0.0005 (  0.0%)  Natural Loop Information
   0.0000 (  0.0%)   0.0000 (  0.0%)   0.0000 (  0.0%)   0.0005 (  0.0%)  Canonicalize natural loops
   0.0000 (  0.0%)   0.0000 (  0.0%)   0.0000 (  0.0%)   0.0005 (  0.0%)  Natural Loop Information
   0.0000 (  0.0%)   0.0000 (  0.0%)   0.0000 (  0.0%)   0.0005 (  0.0%)  Basic Alias Analysis (stateless AA impl)
   0.0000 (  0.0%)   0.0000 (  0.0%)   0.0000 (  0.0%)   0.0005 (  0.0%)  Post-Dominator Tree Construction
   0.0000 (  0.0%)   0.0000 (  0.0%)   0.0000 (  0.0%)   0.0005 (  0.0%)  CallGraph Construction
   0.0000 (  0.0%)   0.0000 (  0.0%)   0.0000 (  0.0%)   0.0005 (  0.0%)  Natural Loop Information
   0.0000 (  0.0%)   0.0000 (  0.0%)   0.0000 (  0.0%)   0.0005 (  0.0%)  Scalar Evolution Analysis
   0.0000 (  0.0%)   0.0000 (  0.0%)   0.0000 (  0.0%)   0.0005 (  0.0%)  Natural Loop Information
   0.0000 (  0.0%)   0.0000 (  0.0%)   0.0000 (  0.0%)   0.0005 (  0.0%)  Natural Loop Information
   0.0000 (  0.0%)   0.0000 (  0.0%)   0.0000 (  0.0%)   0.0005 (  0.0%)  Scalar Evolution Analysis
   0.0000 (  0.0%)   0.0000 (  0.0%)   0.0000 (  0.0%)   0.0005 (  0.0%)  Dominator Tree Construction
   0.0000 (  0.0%)   0.0000 (  0.0%)   0.0000 (  0.0%)   0.0005 (  0.0%)  Natural Loop Information
   0.0000 (  0.0%)   0.0000 (  0.0%)   0.0000 (  0.0%)   0.0005 (  0.0%)  Dominator Tree Construction
   0.0000 (  0.0%)   0.0000 (  0.0%)   0.0000 (  0.0%)   0.0005 (  0.0%)  Eliminate dead debug information intrinsic
   0.0000 (  0.0%)   0.0000 (  0.0%)   0.0000 (  0.0%)   0.0005 (  0.0%)  Dominator Tree Construction
   0.0000 (  0.0%)   0.0000 (  0.0%)   0.0000 (  0.0%)   0.0005 (  0.0%)  Natural Loop Information
   0.0000 (  0.0%)   0.0000 (  0.0%)   0.0000 (  0.0%)   0.0005 (  0.0%)  Detect single entry single exit regions
   0.0000 (  0.0%)   0.0000 (  0.0%)   0.0000 (  0.0%)   0.0005 (  0.0%)  Natural Loop Information
   0.0156 (  0.2%)   0.0000 (  0.0%)   0.0156 (  0.2%)   0.0005 (  0.0%)  Natural Loop Information
   0.0000 (  0.0%)   0.0000 (  0.0%)   0.0000 (  0.0%)   0.0005 (  0.0%)  Dominator Tree Construction
   0.0000 (  0.0%)   0.0000 (  0.0%)   0.0000 (  0.0%)   0.0005 (  0.0%)  Post-Dominator Tree Construction
   0.0000 (  0.0%)   0.0000 (  0.0%)   0.0000 (  0.0%)   0.0005 (  0.0%)  Natural Loop Information
   0.0000 (  0.0%)   0.0000 (  0.0%)   0.0000 (  0.0%)   0.0005 (  0.0%)  Dominator Tree Construction
   0.0000 (  0.0%)   0.0000 (  0.0%)   0.0000 (  0.0%)   0.0005 (  0.0%)  Eliminate dead debug information intrinsic
   0.0000 (  0.0%)   0.0000 (  0.0%)   0.0000 (  0.0%)   0.0005 (  0.0%)  Post-Dominator Tree Construction
   0.0000 (  0.0%)   0.0000 (  0.0%)   0.0000 (  0.0%)   0.0005 (  0.0%)  InterfaceEncodingChange - Change Interface Encoding format
   0.0000 (  0.0%)   0.0000 (  0.0%)   0.0000 (  0.0%)   0.0005 (  0.0%)  Natural Loop Information
   0.0000 (  0.0%)   0.0000 (  0.0%)   0.0000 (  0.0%)   0.0005 (  0.0%)  Dominator Tree Construction
   0.0000 (  0.0%)   0.0000 (  0.0%)   0.0000 (  0.0%)   0.0005 (  0.0%)  Scalar Evolution Analysis
   0.0000 (  0.0%)   0.0000 (  0.0%)   0.0000 (  0.0%)   0.0005 (  0.0%)  Dominator Tree Construction
   0.0000 (  0.0%)   0.0000 (  0.0%)   0.0000 (  0.0%)   0.0005 (  0.0%)  Natural Loop Information
   0.0000 (  0.0%)   0.0000 (  0.0%)   0.0000 (  0.0%)   0.0005 (  0.0%)  Natural Loop Information
   0.0000 (  0.0%)   0.0000 (  0.0%)   0.0000 (  0.0%)   0.0005 (  0.0%)  Natural Loop Information
   0.0000 (  0.0%)   0.0000 (  0.0%)   0.0000 (  0.0%)   0.0005 (  0.0%)  Eliminate dead debug information intrinsic
   0.0000 (  0.0%)   0.0000 (  0.0%)   0.0000 (  0.0%)   0.0005 (  0.0%)  Dominator Tree Construction
   0.0000 (  0.0%)   0.0000 (  0.0%)   0.0000 (  0.0%)   0.0005 (  0.0%)  Scalar Evolution Analysis
   0.0000 (  0.0%)   0.0000 (  0.0%)   0.0000 (  0.0%)   0.0005 (  0.0%)  Loop-Closed SSA Form Pass
   0.0000 (  0.0%)   0.0000 (  0.0%)   0.0000 (  0.0%)   0.0005 (  0.0%)  Dominator Tree Construction
   0.0000 (  0.0%)   0.0000 (  0.0%)   0.0000 (  0.0%)   0.0005 (  0.0%)  Loop-Closed SSA Form Pass
   0.0000 (  0.0%)   0.0000 (  0.0%)   0.0000 (  0.0%)   0.0005 (  0.0%)  Lower tasks into dataflow form
   0.0000 (  0.0%)   0.0000 (  0.0%)   0.0000 (  0.0%)   0.0005 (  0.0%)  Natural Loop Information
   0.0000 (  0.0%)   0.0000 (  0.0%)   0.0000 (  0.0%)   0.0005 (  0.0%)  Natural Loop Information
   0.0000 (  0.0%)   0.0000 (  0.0%)   0.0000 (  0.0%)   0.0005 (  0.0%)  Dominator Tree Construction
   0.0000 (  0.0%)   0.0000 (  0.0%)   0.0000 (  0.0%)   0.0005 (  0.0%)  Dominator Tree Construction
   0.0000 (  0.0%)   0.0000 (  0.0%)   0.0000 (  0.0%)   0.0005 (  0.0%)  Canonicalize natural loops
   0.0000 (  0.0%)   0.0000 (  0.0%)   0.0000 (  0.0%)   0.0005 (  0.0%)  Dominator Tree Construction
   0.0000 (  0.0%)   0.0000 (  0.0%)   0.0000 (  0.0%)   0.0005 (  0.0%)  Dominator Tree Construction
   0.0000 (  0.0%)   0.0000 (  0.0%)   0.0000 (  0.0%)   0.0005 (  0.0%)  Natural Loop Information
   0.0000 (  0.0%)   0.0000 (  0.0%)   0.0000 (  0.0%)   0.0005 (  0.0%)  Dominator Tree Construction
   0.0000 (  0.0%)   0.0000 (  0.0%)   0.0000 (  0.0%)   0.0005 (  0.0%)  CallGraph Construction
   0.0000 (  0.0%)   0.0000 (  0.0%)   0.0000 (  0.0%)   0.0005 (  0.0%)  Natural Loop Information
   0.0000 (  0.0%)   0.0000 (  0.0%)   0.0000 (  0.0%)   0.0005 (  0.0%)  Natural Loop Information
   0.0000 (  0.0%)   0.0000 (  0.0%)   0.0000 (  0.0%)   0.0005 (  0.0%)  Natural Loop Information
   0.0000 (  0.0%)   0.0000 (  0.0%)   0.0000 (  0.0%)   0.0005 (  0.0%)  Post-Dominator Tree Construction
   0.0000 (  0.0%)   0.0000 (  0.0%)   0.0000 (  0.0%)   0.0005 (  0.0%)  Dominator Tree Construction
   0.0000 (  0.0%)   0.0000 (  0.0%)   0.0000 (  0.0%)   0.0005 (  0.0%)  Dominator Tree Construction
   0.0000 (  0.0%)   0.0000 (  0.0%)   0.0000 (  0.0%)   0.0005 (  0.0%)  Dominator Tree Construction
   0.0000 (  0.0%)   0.0000 (  0.0%)   0.0000 (  0.0%)   0.0005 (  0.0%)  Dominator Tree Construction
   0.0000 (  0.0%)   0.0000 (  0.0%)   0.0000 (  0.0%)   0.0005 (  0.0%)  Detect single entry single exit regions
   0.0000 (  0.0%)   0.0000 (  0.0%)   0.0000 (  0.0%)   0.0005 (  0.0%)  Array abnormal access check
   0.0000 (  0.0%)   0.0000 (  0.0%)   0.0000 (  0.0%)   0.0005 (  0.0%)  Dominator Tree Construction
   0.0000 (  0.0%)   0.0000 (  0.0%)   0.0000 (  0.0%)   0.0005 (  0.0%)  Natural Loop Information
   0.0000 (  0.0%)   0.0000 (  0.0%)   0.0000 (  0.0%)   0.0005 (  0.0%)  Eliminate dead debug information intrinsic
   0.0000 (  0.0%)   0.0000 (  0.0%)   0.0000 (  0.0%)   0.0005 (  0.0%)  Dominator Tree Construction
   0.0000 (  0.0%)   0.0000 (  0.0%)   0.0000 (  0.0%)   0.0005 (  0.0%)  Loop-Closed SSA Form Pass
   0.0000 (  0.0%)   0.0000 (  0.0%)   0.0000 (  0.0%)   0.0005 (  0.0%)  Dominator Tree Construction
   0.0000 (  0.0%)   0.0000 (  0.0%)   0.0000 (  0.0%)   0.0005 (  0.0%)  Eliminate dead debug information intrinsic
   0.0000 (  0.0%)   0.0000 (  0.0%)   0.0000 (  0.0%)   0.0005 (  0.0%)  CallGraph Construction
   0.0000 (  0.0%)   0.0000 (  0.0%)   0.0000 (  0.0%)   0.0005 (  0.0%)  Natural Loop Information
   0.0000 (  0.0%)   0.0000 (  0.0%)   0.0000 (  0.0%)   0.0005 (  0.0%)  Natural Loop Information
   0.0000 (  0.0%)   0.0000 (  0.0%)   0.0000 (  0.0%)   0.0005 (  0.0%)  Natural Loop Information
   0.0000 (  0.0%)   0.0000 (  0.0%)   0.0000 (  0.0%)   0.0005 (  0.0%)  Dominator Tree Construction
   0.0000 (  0.0%)   0.0000 (  0.0%)   0.0000 (  0.0%)   0.0005 (  0.0%)  Natural Loop Information
   0.0000 (  0.0%)   0.0000 (  0.0%)   0.0000 (  0.0%)   0.0005 (  0.0%)  Natural Loop Information
   0.0000 (  0.0%)   0.0000 (  0.0%)   0.0000 (  0.0%)   0.0005 (  0.0%)  Scalar Evolution Analysis
   0.0000 (  0.0%)   0.0000 (  0.0%)   0.0000 (  0.0%)   0.0005 (  0.0%)  InferXCLAttrImplications - Infer XCL attribute implications
   0.0000 (  0.0%)   0.0000 (  0.0%)   0.0000 (  0.0%)   0.0005 (  0.0%)  Post-Dominator Tree Construction
   0.0000 (  0.0%)   0.0000 (  0.0%)   0.0000 (  0.0%)   0.0005 (  0.0%)  Optimization Remark Emitter
   0.0000 (  0.0%)   0.0000 (  0.0%)   0.0000 (  0.0%)   0.0005 (  0.0%)  Dominator Tree Construction
   0.0000 (  0.0%)   0.0000 (  0.0%)   0.0000 (  0.0%)   0.0005 (  0.0%)  Loop-Closed SSA Form Pass
   0.0000 (  0.0%)   0.0000 (  0.0%)   0.0000 (  0.0%)   0.0005 (  0.0%)  Natural Loop Information
   0.0000 (  0.0%)   0.0000 (  0.0%)   0.0000 (  0.0%)   0.0005 (  0.0%)  Dominator Tree Construction
   0.0000 (  0.0%)   0.0000 (  0.0%)   0.0000 (  0.0%)   0.0005 (  0.0%)  Eliminate dead debug information intrinsic
   0.0000 (  0.0%)   0.0000 (  0.0%)   0.0000 (  0.0%)   0.0005 (  0.0%)  Dominator Tree Construction
   0.0000 (  0.0%)   0.0000 (  0.0%)   0.0000 (  0.0%)   0.0005 (  0.0%)  Natural Loop Information
   0.0000 (  0.0%)   0.0000 (  0.0%)   0.0000 (  0.0%)   0.0005 (  0.0%)  Dominator Tree Construction
   0.0000 (  0.0%)   0.0000 (  0.0%)   0.0000 (  0.0%)   0.0005 (  0.0%)  Eliminate dead debug information intrinsic
   0.0000 (  0.0%)   0.0000 (  0.0%)   0.0000 (  0.0%)   0.0005 (  0.0%)  Dominator Tree Construction
   0.0000 (  0.0%)   0.0000 (  0.0%)   0.0000 (  0.0%)   0.0005 (  0.0%)  Natural Loop Information
   0.0000 (  0.0%)   0.0000 (  0.0%)   0.0000 (  0.0%)   0.0005 (  0.0%)  CallGraph Construction
   0.0000 (  0.0%)   0.0000 (  0.0%)   0.0000 (  0.0%)   0.0005 (  0.0%)  Loop-Closed SSA Form Pass
   0.0000 (  0.0%)   0.0000 (  0.0%)   0.0000 (  0.0%)   0.0005 (  0.0%)  Dominator Tree Construction
   0.0000 (  0.0%)   0.0000 (  0.0%)   0.0000 (  0.0%)   0.0005 (  0.0%)  Scalar Evolution Analysis
   0.0000 (  0.0%)   0.0000 (  0.0%)   0.0000 (  0.0%)   0.0005 (  0.0%)  Dominator Tree Construction
   0.0000 (  0.0%)   0.0000 (  0.0%)   0.0000 (  0.0%)   0.0005 (  0.0%)  Natural Loop Information
   0.0000 (  0.0%)   0.0000 (  0.0%)   0.0000 (  0.0%)   0.0005 (  0.0%)  Dominator Tree Construction
   0.0000 (  0.0%)   0.0000 (  0.0%)   0.0000 (  0.0%)   0.0005 (  0.0%)  Natural Loop Information
   0.0000 (  0.0%)   0.0000 (  0.0%)   0.0000 (  0.0%)   0.0005 (  0.0%)  AccessGroup - Group the memory access for the same object
   0.0000 (  0.0%)   0.0000 (  0.0%)   0.0000 (  0.0%)   0.0005 (  0.0%)  Dominator Tree Construction
   0.0000 (  0.0%)   0.0000 (  0.0%)   0.0000 (  0.0%)   0.0005 (  0.0%)  Dominator Tree Construction
   0.0000 (  0.0%)   0.0000 (  0.0%)   0.0000 (  0.0%)   0.0005 (  0.0%)  Natural Loop Information
   0.0000 (  0.0%)   0.0000 (  0.0%)   0.0000 (  0.0%)   0.0005 (  0.0%)  Dominator Tree Construction
   0.0000 (  0.0%)   0.0000 (  0.0%)   0.0000 (  0.0%)   0.0005 (  0.0%)  Dominator Tree Construction
   0.0000 (  0.0%)   0.0000 (  0.0%)   0.0000 (  0.0%)   0.0005 (  0.0%)  Dominator Tree Construction
   0.0000 (  0.0%)   0.0000 (  0.0%)   0.0000 (  0.0%)   0.0005 (  0.0%)  Natural Loop Information
   0.0000 (  0.0%)   0.0000 (  0.0%)   0.0000 (  0.0%)   0.0005 (  0.0%)  Canonicalize natural loops
   0.0000 (  0.0%)   0.0000 (  0.0%)   0.0000 (  0.0%)   0.0005 (  0.0%)  Eliminate dead debug information intrinsic
   0.0000 (  0.0%)   0.0000 (  0.0%)   0.0000 (  0.0%)   0.0005 (  0.0%)  Post-Dominator Tree Construction
   0.0000 (  0.0%)   0.0000 (  0.0%)   0.0000 (  0.0%)   0.0005 (  0.0%)  Eliminate dead debug information intrinsic
   0.0000 (  0.0%)   0.0000 (  0.0%)   0.0000 (  0.0%)   0.0005 (  0.0%)  Post-Dominator Tree Construction
   0.0000 (  0.0%)   0.0000 (  0.0%)   0.0000 (  0.0%)   0.0005 (  0.0%)  Natural Loop Information
   0.0000 (  0.0%)   0.0000 (  0.0%)   0.0000 (  0.0%)   0.0005 (  0.0%)  Optimization Remark Emitter
   0.0000 (  0.0%)   0.0000 (  0.0%)   0.0000 (  0.0%)   0.0005 (  0.0%)  Natural Loop Information
   0.0000 (  0.0%)   0.0000 (  0.0%)   0.0000 (  0.0%)   0.0005 (  0.0%)  Eliminate pointer selection
   0.0156 (  0.2%)   0.0000 (  0.0%)   0.0156 (  0.2%)   0.0005 (  0.0%)  Natural Loop Information
   0.0000 (  0.0%)   0.0000 (  0.0%)   0.0000 (  0.0%)   0.0005 (  0.0%)  Post-Dominator Tree Construction
   0.0000 (  0.0%)   0.0000 (  0.0%)   0.0000 (  0.0%)   0.0005 (  0.0%)  Natural Loop Information
   0.0000 (  0.0%)   0.0000 (  0.0%)   0.0000 (  0.0%)   0.0005 (  0.0%)  Post-Dominator Tree Construction
   0.0000 (  0.0%)   0.0000 (  0.0%)   0.0000 (  0.0%)   0.0005 (  0.0%)  Natural Loop Information
   0.0000 (  0.0%)   0.0000 (  0.0%)   0.0000 (  0.0%)   0.0005 (  0.0%)  Struct object aggregation
   0.0000 (  0.0%)   0.0000 (  0.0%)   0.0000 (  0.0%)   0.0005 (  0.0%)  CallGraph Construction
   0.0000 (  0.0%)   0.0000 (  0.0%)   0.0000 (  0.0%)   0.0005 (  0.0%)  Post-Dominator Tree Construction
   0.0000 (  0.0%)   0.0000 (  0.0%)   0.0000 (  0.0%)   0.0005 (  0.0%)  Dominance Frontier Construction
   0.0000 (  0.0%)   0.0000 (  0.0%)   0.0000 (  0.0%)   0.0005 (  0.0%)  Dominator Tree Construction
   0.0000 (  0.0%)   0.0000 (  0.0%)   0.0000 (  0.0%)   0.0005 (  0.0%)  CallGraph Construction
   0.0000 (  0.0%)   0.0000 (  0.0%)   0.0000 (  0.0%)   0.0005 (  0.0%)  Natural Loop Information
   0.0000 (  0.0%)   0.0000 (  0.0%)   0.0000 (  0.0%)   0.0004 (  0.0%)  Natural Loop Information
   0.0000 (  0.0%)   0.0000 (  0.0%)   0.0000 (  0.0%)   0.0004 (  0.0%)  Dominator Tree Construction
   0.0000 (  0.0%)   0.0000 (  0.0%)   0.0000 (  0.0%)   0.0004 (  0.0%)  Dominator Tree Construction
   0.0000 (  0.0%)   0.0000 (  0.0%)   0.0000 (  0.0%)   0.0004 (  0.0%)  SROA
   0.0000 (  0.0%)   0.0000 (  0.0%)   0.0000 (  0.0%)   0.0004 (  0.0%)  Natural Loop Information
   0.0000 (  0.0%)   0.0000 (  0.0%)   0.0000 (  0.0%)   0.0004 (  0.0%)  Scalar Evolution Analysis
   0.0000 (  0.0%)   0.0000 (  0.0%)   0.0000 (  0.0%)   0.0004 (  0.0%)  Dominator Tree Construction
   0.0000 (  0.0%)   0.0000 (  0.0%)   0.0000 (  0.0%)   0.0004 (  0.0%)  Post-Dominator Tree Construction
   0.0000 (  0.0%)   0.0000 (  0.0%)   0.0000 (  0.0%)   0.0004 (  0.0%)  Natural Loop Information
   0.0000 (  0.0%)   0.0000 (  0.0%)   0.0000 (  0.0%)   0.0004 (  0.0%)  Dominator Tree Construction
   0.0000 (  0.0%)   0.0000 (  0.0%)   0.0000 (  0.0%)   0.0004 (  0.0%)  Loop-Closed SSA Form Pass
   0.0000 (  0.0%)   0.0000 (  0.0%)   0.0000 (  0.0%)   0.0004 (  0.0%)  Dominator Tree Construction
   0.0000 (  0.0%)   0.0000 (  0.0%)   0.0000 (  0.0%)   0.0004 (  0.0%)  Lazy Block Frequency Analysis
   0.0000 (  0.0%)   0.0000 (  0.0%)   0.0000 (  0.0%)   0.0004 (  0.0%)  Scalar Evolution Analysis
   0.0000 (  0.0%)   0.0000 (  0.0%)   0.0000 (  0.0%)   0.0004 (  0.0%)  Natural Loop Information
   0.0000 (  0.0%)   0.0000 (  0.0%)   0.0000 (  0.0%)   0.0004 (  0.0%)  Eliminate pointer selection
   0.0000 (  0.0%)   0.0000 (  0.0%)   0.0000 (  0.0%)   0.0004 (  0.0%)  Eliminate dead debug information intrinsic
   0.0000 (  0.0%)   0.0000 (  0.0%)   0.0000 (  0.0%)   0.0004 (  0.0%)  Natural Loop Information
   0.0000 (  0.0%)   0.0000 (  0.0%)   0.0000 (  0.0%)   0.0004 (  0.0%)  Eliminate dead debug information intrinsic
   0.0000 (  0.0%)   0.0000 (  0.0%)   0.0000 (  0.0%)   0.0004 (  0.0%)  Dominator Tree Construction
   0.0000 (  0.0%)   0.0000 (  0.0%)   0.0000 (  0.0%)   0.0004 (  0.0%)  Natural Loop Information
   0.0000 (  0.0%)   0.0000 (  0.0%)   0.0000 (  0.0%)   0.0004 (  0.0%)  Natural Loop Information
   0.0000 (  0.0%)   0.0000 (  0.0%)   0.0000 (  0.0%)   0.0004 (  0.0%)  Dominator Tree Construction
   0.0000 (  0.0%)   0.0000 (  0.0%)   0.0000 (  0.0%)   0.0004 (  0.0%)  Natural Loop Information
   0.0000 (  0.0%)   0.0000 (  0.0%)   0.0000 (  0.0%)   0.0004 (  0.0%)  Lazy Block Frequency Analysis
   0.0000 (  0.0%)   0.0000 (  0.0%)   0.0000 (  0.0%)   0.0004 (  0.0%)  Dominator Tree Construction
   0.0000 (  0.0%)   0.0000 (  0.0%)   0.0000 (  0.0%)   0.0004 (  0.0%)  Post-Dominator Tree Construction
   0.0000 (  0.0%)   0.0000 (  0.0%)   0.0000 (  0.0%)   0.0004 (  0.0%)  Eliminate pointer selection
   0.0000 (  0.0%)   0.0000 (  0.0%)   0.0000 (  0.0%)   0.0004 (  0.0%)  Natural Loop Information
   0.0000 (  0.0%)   0.0000 (  0.0%)   0.0000 (  0.0%)   0.0004 (  0.0%)  Dominator Tree Construction
   0.0000 (  0.0%)   0.0000 (  0.0%)   0.0000 (  0.0%)   0.0004 (  0.0%)  Natural Loop Information
   0.0000 (  0.0%)   0.0000 (  0.0%)   0.0000 (  0.0%)   0.0004 (  0.0%)  Natural Loop Information
   0.0000 (  0.0%)   0.0000 (  0.0%)   0.0000 (  0.0%)   0.0004 (  0.0%)  Natural Loop Information
   0.0000 (  0.0%)   0.0000 (  0.0%)   0.0000 (  0.0%)   0.0004 (  0.0%)  CallGraph Construction
   0.0000 (  0.0%)   0.0000 (  0.0%)   0.0000 (  0.0%)   0.0004 (  0.0%)  Natural Loop Information
   0.0156 (  0.2%)   0.0000 (  0.0%)   0.0156 (  0.2%)   0.0004 (  0.0%)  Natural Loop Information
   0.0000 (  0.0%)   0.0000 (  0.0%)   0.0000 (  0.0%)   0.0004 (  0.0%)  Natural Loop Information
   0.0000 (  0.0%)   0.0000 (  0.0%)   0.0000 (  0.0%)   0.0004 (  0.0%)  Natural Loop Information
   0.0000 (  0.0%)   0.0000 (  0.0%)   0.0000 (  0.0%)   0.0004 (  0.0%)  Dominator Tree Construction
   0.0000 (  0.0%)   0.0000 (  0.0%)   0.0000 (  0.0%)   0.0004 (  0.0%)  Dominator Tree Construction
   0.0000 (  0.0%)   0.0000 (  0.0%)   0.0000 (  0.0%)   0.0004 (  0.0%)  Eliminate pointer selection
   0.0000 (  0.0%)   0.0000 (  0.0%)   0.0000 (  0.0%)   0.0004 (  0.0%)  Post-Dominator Tree Construction
   0.0000 (  0.0%)   0.0000 (  0.0%)   0.0000 (  0.0%)   0.0004 (  0.0%)  Dominator Tree Construction
   0.0000 (  0.0%)   0.0000 (  0.0%)   0.0000 (  0.0%)   0.0004 (  0.0%)  Dominator Tree Construction
   0.0000 (  0.0%)   0.0000 (  0.0%)   0.0000 (  0.0%)   0.0004 (  0.0%)  Dominator Tree Construction
   0.0000 (  0.0%)   0.0000 (  0.0%)   0.0000 (  0.0%)   0.0004 (  0.0%)  Dominator Tree Construction
   0.0000 (  0.0%)   0.0000 (  0.0%)   0.0000 (  0.0%)   0.0004 (  0.0%)  Post-Dominator Tree Construction
   0.0000 (  0.0%)   0.0000 (  0.0%)   0.0000 (  0.0%)   0.0004 (  0.0%)  Natural Loop Information
   0.0000 (  0.0%)   0.0000 (  0.0%)   0.0000 (  0.0%)   0.0004 (  0.0%)  Eliminate pointer selection
   0.0000 (  0.0%)   0.0000 (  0.0%)   0.0000 (  0.0%)   0.0004 (  0.0%)  Natural Loop Information
   0.0000 (  0.0%)   0.0000 (  0.0%)   0.0000 (  0.0%)   0.0004 (  0.0%)  Natural Loop Information
   0.0000 (  0.0%)   0.0000 (  0.0%)   0.0000 (  0.0%)   0.0004 (  0.0%)  Dominance Frontier Construction
   0.0000 (  0.0%)   0.0000 (  0.0%)   0.0000 (  0.0%)   0.0004 (  0.0%)  Post-Dominator Tree Construction
   0.0156 (  0.2%)   0.0000 (  0.0%)   0.0156 (  0.2%)   0.0004 (  0.0%)  Natural Loop Information
   0.0000 (  0.0%)   0.0000 (  0.0%)   0.0000 (  0.0%)   0.0004 (  0.0%)  CallGraph Construction
   0.0000 (  0.0%)   0.0000 (  0.0%)   0.0000 (  0.0%)   0.0004 (  0.0%)  Dominator Tree Construction
   0.0000 (  0.0%)   0.0000 (  0.0%)   0.0000 (  0.0%)   0.0004 (  0.0%)  Natural Loop Information
   0.0000 (  0.0%)   0.0000 (  0.0%)   0.0000 (  0.0%)   0.0004 (  0.0%)  Dominator Tree Construction
   0.0000 (  0.0%)   0.0000 (  0.0%)   0.0000 (  0.0%)   0.0004 (  0.0%)  Post-Dominator Tree Construction
   0.0000 (  0.0%)   0.0000 (  0.0%)   0.0000 (  0.0%)   0.0004 (  0.0%)  Basic Alias Analysis (stateless AA impl)
   0.0000 (  0.0%)   0.0000 (  0.0%)   0.0000 (  0.0%)   0.0004 (  0.0%)  Natural Loop Information
   0.0000 (  0.0%)   0.0000 (  0.0%)   0.0000 (  0.0%)   0.0004 (  0.0%)  Natural Loop Information
   0.0000 (  0.0%)   0.0000 (  0.0%)   0.0000 (  0.0%)   0.0004 (  0.0%)  Eliminate dead debug information intrinsic
   0.0000 (  0.0%)   0.0000 (  0.0%)   0.0000 (  0.0%)   0.0004 (  0.0%)  CallGraph Construction
   0.0000 (  0.0%)   0.0000 (  0.0%)   0.0000 (  0.0%)   0.0004 (  0.0%)  Dominator Tree Construction
   0.0000 (  0.0%)   0.0000 (  0.0%)   0.0000 (  0.0%)   0.0004 (  0.0%)  Dominator Tree Construction
   0.0000 (  0.0%)   0.0000 (  0.0%)   0.0000 (  0.0%)   0.0004 (  0.0%)  Natural Loop Information
   0.0000 (  0.0%)   0.0000 (  0.0%)   0.0000 (  0.0%)   0.0004 (  0.0%)  Post-Dominator Tree Construction
   0.0000 (  0.0%)   0.0000 (  0.0%)   0.0000 (  0.0%)   0.0004 (  0.0%)  Natural Loop Information
   0.0000 (  0.0%)   0.0000 (  0.0%)   0.0000 (  0.0%)   0.0004 (  0.0%)  Dominator Tree Construction
   0.0000 (  0.0%)   0.0000 (  0.0%)   0.0000 (  0.0%)   0.0004 (  0.0%)  Scalar Evolution Analysis
   0.0000 (  0.0%)   0.0000 (  0.0%)   0.0000 (  0.0%)   0.0004 (  0.0%)  Dominator Tree Construction
   0.0000 (  0.0%)   0.0000 (  0.0%)   0.0000 (  0.0%)   0.0004 (  0.0%)  Scalar Evolution Analysis
   0.0000 (  0.0%)   0.0000 (  0.0%)   0.0000 (  0.0%)   0.0004 (  0.0%)  Natural Loop Information
   0.0000 (  0.0%)   0.0000 (  0.0%)   0.0000 (  0.0%)   0.0004 (  0.0%)  Natural Loop Information
   0.0000 (  0.0%)   0.0000 (  0.0%)   0.0000 (  0.0%)   0.0004 (  0.0%)  Dominator Tree Construction
   0.0000 (  0.0%)   0.0000 (  0.0%)   0.0000 (  0.0%)   0.0004 (  0.0%)  Dominator Tree Construction
   0.0000 (  0.0%)   0.0000 (  0.0%)   0.0000 (  0.0%)   0.0004 (  0.0%)  Natural Loop Information
   0.0000 (  0.0%)   0.0000 (  0.0%)   0.0000 (  0.0%)   0.0004 (  0.0%)  Dominator Tree Construction
   0.0000 (  0.0%)   0.0000 (  0.0%)   0.0000 (  0.0%)   0.0004 (  0.0%)  Eliminate pointer selection
   0.0000 (  0.0%)   0.0000 (  0.0%)   0.0000 (  0.0%)   0.0004 (  0.0%)  Natural Loop Information
   0.0000 (  0.0%)   0.0000 (  0.0%)   0.0000 (  0.0%)   0.0004 (  0.0%)  Dominator Tree Construction
   0.0000 (  0.0%)   0.0000 (  0.0%)   0.0000 (  0.0%)   0.0004 (  0.0%)  Dominator Tree Construction
   0.0000 (  0.0%)   0.0000 (  0.0%)   0.0000 (  0.0%)   0.0004 (  0.0%)  CallGraph Construction
   0.0000 (  0.0%)   0.0000 (  0.0%)   0.0000 (  0.0%)   0.0004 (  0.0%)  Natural Loop Information
   0.0000 (  0.0%)   0.0000 (  0.0%)   0.0000 (  0.0%)   0.0004 (  0.0%)  Dominator Tree Construction
   0.0000 (  0.0%)   0.0000 (  0.0%)   0.0000 (  0.0%)   0.0004 (  0.0%)  Eliminate pointer selection
   0.0000 (  0.0%)   0.0000 (  0.0%)   0.0000 (  0.0%)   0.0004 (  0.0%)  Dominator Tree Construction
   0.0000 (  0.0%)   0.0000 (  0.0%)   0.0000 (  0.0%)   0.0004 (  0.0%)  Post-Dominator Tree Construction
   0.0000 (  0.0%)   0.0000 (  0.0%)   0.0000 (  0.0%)   0.0004 (  0.0%)  Dominator Tree Construction
   0.0156 (  0.2%)   0.0000 (  0.0%)   0.0156 (  0.2%)   0.0004 (  0.0%)  Dominator Tree Construction
   0.0000 (  0.0%)   0.0000 (  0.0%)   0.0000 (  0.0%)   0.0004 (  0.0%)  Dominator Tree Construction
   0.0000 (  0.0%)   0.0000 (  0.0%)   0.0000 (  0.0%)   0.0004 (  0.0%)  Dominator Tree Construction
   0.0000 (  0.0%)   0.0000 (  0.0%)   0.0000 (  0.0%)   0.0004 (  0.0%)  Post-Dominator Tree Construction
   0.0000 (  0.0%)   0.0000 (  0.0%)   0.0000 (  0.0%)   0.0004 (  0.0%)  Dominator Tree Construction
   0.0000 (  0.0%)   0.0000 (  0.0%)   0.0000 (  0.0%)   0.0004 (  0.0%)  Natural Loop Information
   0.0000 (  0.0%)   0.0000 (  0.0%)   0.0000 (  0.0%)   0.0004 (  0.0%)  Natural Loop Information
   0.0000 (  0.0%)   0.0000 (  0.0%)   0.0000 (  0.0%)   0.0004 (  0.0%)  Dominator Tree Construction
   0.0000 (  0.0%)   0.0000 (  0.0%)   0.0000 (  0.0%)   0.0004 (  0.0%)  Natural Loop Information
   0.0000 (  0.0%)   0.0000 (  0.0%)   0.0000 (  0.0%)   0.0004 (  0.0%)  Dominator Tree Construction
   0.0000 (  0.0%)   0.0000 (  0.0%)   0.0000 (  0.0%)   0.0004 (  0.0%)  Dominator Tree Construction
   0.0000 (  0.0%)   0.0000 (  0.0%)   0.0000 (  0.0%)   0.0004 (  0.0%)  Lazy Value Information Analysis
   0.0000 (  0.0%)   0.0000 (  0.0%)   0.0000 (  0.0%)   0.0004 (  0.0%)  Natural Loop Information
   0.0000 (  0.0%)   0.0000 (  0.0%)   0.0000 (  0.0%)   0.0004 (  0.0%)  Scalar Evolution Analysis
   0.0000 (  0.0%)   0.0000 (  0.0%)   0.0000 (  0.0%)   0.0004 (  0.0%)  Dominator Tree Construction
   0.0000 (  0.0%)   0.0000 (  0.0%)   0.0000 (  0.0%)   0.0004 (  0.0%)  Dominator Tree Construction
   0.0000 (  0.0%)   0.0000 (  0.0%)   0.0000 (  0.0%)   0.0004 (  0.0%)  Post-Dominator Tree Construction
   0.0000 (  0.0%)   0.0000 (  0.0%)   0.0000 (  0.0%)   0.0004 (  0.0%)  Dominator Tree Construction
   0.0000 (  0.0%)   0.0000 (  0.0%)   0.0000 (  0.0%)   0.0004 (  0.0%)  Loop-Closed SSA Form Pass
   0.0000 (  0.0%)   0.0000 (  0.0%)   0.0000 (  0.0%)   0.0004 (  0.0%)  Scalar Evolution Analysis
   0.0000 (  0.0%)   0.0000 (  0.0%)   0.0000 (  0.0%)   0.0004 (  0.0%)  Natural Loop Information
   0.0000 (  0.0%)   0.0000 (  0.0%)   0.0000 (  0.0%)   0.0004 (  0.0%)  Dominator Tree Construction
   0.0000 (  0.0%)   0.0000 (  0.0%)   0.0000 (  0.0%)   0.0004 (  0.0%)  Basic Alias Analysis (stateless AA impl)
   0.0000 (  0.0%)   0.0000 (  0.0%)   0.0000 (  0.0%)   0.0004 (  0.0%)  CallGraph Construction
   0.0000 (  0.0%)   0.0000 (  0.0%)   0.0000 (  0.0%)   0.0004 (  0.0%)  Dominator Tree Construction
   0.0000 (  0.0%)   0.0000 (  0.0%)   0.0000 (  0.0%)   0.0004 (  0.0%)  Dominator Tree Construction
   0.0000 (  0.0%)   0.0000 (  0.0%)   0.0000 (  0.0%)   0.0004 (  0.0%)  Scalar Evolution Analysis
   0.0000 (  0.0%)   0.0000 (  0.0%)   0.0000 (  0.0%)   0.0004 (  0.0%)  Dominator Tree Construction
   0.0000 (  0.0%)   0.0000 (  0.0%)   0.0000 (  0.0%)   0.0004 (  0.0%)  Dominator Tree Construction
   0.0000 (  0.0%)   0.0000 (  0.0%)   0.0000 (  0.0%)   0.0004 (  0.0%)  Loop-Closed SSA Form Pass
   0.0000 (  0.0%)   0.0000 (  0.0%)   0.0000 (  0.0%)   0.0004 (  0.0%)  Natural Loop Information
   0.0000 (  0.0%)   0.0000 (  0.0%)   0.0000 (  0.0%)   0.0004 (  0.0%)  CallGraph Construction
   0.0000 (  0.0%)   0.0000 (  0.0%)   0.0000 (  0.0%)   0.0004 (  0.0%)  Dominator Tree Construction
   0.0000 (  0.0%)   0.0000 (  0.0%)   0.0000 (  0.0%)   0.0004 (  0.0%)  Natural Loop Information
   0.0000 (  0.0%)   0.0000 (  0.0%)   0.0000 (  0.0%)   0.0004 (  0.0%)  Scalar Evolution Analysis
   0.0156 (  0.2%)   0.0000 (  0.0%)   0.0156 (  0.2%)   0.0004 (  0.0%)  Dominator Tree Construction
   0.0000 (  0.0%)   0.0000 (  0.0%)   0.0000 (  0.0%)   0.0004 (  0.0%)  Dominator Tree Construction
   0.0000 (  0.0%)   0.0000 (  0.0%)   0.0000 (  0.0%)   0.0004 (  0.0%)  Scalar Evolution Analysis
   0.0000 (  0.0%)   0.0000 (  0.0%)   0.0000 (  0.0%)   0.0003 (  0.0%)  Natural Loop Information
   0.0000 (  0.0%)   0.0000 (  0.0%)   0.0000 (  0.0%)   0.0003 (  0.0%)  Inline sub function calls recursively
   0.0000 (  0.0%)   0.0000 (  0.0%)   0.0000 (  0.0%)   0.0003 (  0.0%)  Dominator Tree Construction
   0.0000 (  0.0%)   0.0000 (  0.0%)   0.0000 (  0.0%)   0.0003 (  0.0%)  Basic Alias Analysis (stateless AA impl)
   0.0000 (  0.0%)   0.0000 (  0.0%)   0.0000 (  0.0%)   0.0003 (  0.0%)  Dominator Tree Construction
   0.0000 (  0.0%)   0.0000 (  0.0%)   0.0000 (  0.0%)   0.0003 (  0.0%)  Dominator Tree Construction
   0.0000 (  0.0%)   0.0000 (  0.0%)   0.0000 (  0.0%)   0.0003 (  0.0%)  Scalar Evolution Analysis
   0.0000 (  0.0%)   0.0000 (  0.0%)   0.0000 (  0.0%)   0.0003 (  0.0%)  Dominator Tree Construction
   0.0000 (  0.0%)   0.0000 (  0.0%)   0.0000 (  0.0%)   0.0003 (  0.0%)  SROA
   0.0000 (  0.0%)   0.0000 (  0.0%)   0.0000 (  0.0%)   0.0003 (  0.0%)  Natural Loop Information
   0.0000 (  0.0%)   0.0000 (  0.0%)   0.0000 (  0.0%)   0.0003 (  0.0%)  Post-Dominator Tree Construction
   0.0000 (  0.0%)   0.0000 (  0.0%)   0.0000 (  0.0%)   0.0003 (  0.0%)  Dominator Tree Construction
   0.0000 (  0.0%)   0.0000 (  0.0%)   0.0000 (  0.0%)   0.0003 (  0.0%)  Scalar Evolution Analysis
   0.0000 (  0.0%)   0.0000 (  0.0%)   0.0000 (  0.0%)   0.0003 (  0.0%)  CallGraph Construction
   0.0000 (  0.0%)   0.0000 (  0.0%)   0.0000 (  0.0%)   0.0003 (  0.0%)  Dominator Tree Construction
   0.0000 (  0.0%)   0.0000 (  0.0%)   0.0000 (  0.0%)   0.0003 (  0.0%)  Basic Alias Analysis (stateless AA impl)
   0.0000 (  0.0%)   0.0000 (  0.0%)   0.0000 (  0.0%)   0.0003 (  0.0%)  Post-Dominator Tree Construction
   0.0000 (  0.0%)   0.0000 (  0.0%)   0.0000 (  0.0%)   0.0003 (  0.0%)  Scalar Evolution Analysis
   0.0000 (  0.0%)   0.0000 (  0.0%)   0.0000 (  0.0%)   0.0003 (  0.0%)  Natural Loop Information
   0.0000 (  0.0%)   0.0000 (  0.0%)   0.0000 (  0.0%)   0.0003 (  0.0%)  CallGraph Construction
   0.0000 (  0.0%)   0.0000 (  0.0%)   0.0000 (  0.0%)   0.0003 (  0.0%)  Natural Loop Information
   0.0000 (  0.0%)   0.0000 (  0.0%)   0.0000 (  0.0%)   0.0003 (  0.0%)  Basic Alias Analysis (stateless AA impl)
   0.0000 (  0.0%)   0.0000 (  0.0%)   0.0000 (  0.0%)   0.0003 (  0.0%)  Natural Loop Information
   0.0000 (  0.0%)   0.0000 (  0.0%)   0.0000 (  0.0%)   0.0003 (  0.0%)  Basic Alias Analysis (stateless AA impl)
   0.0000 (  0.0%)   0.0000 (  0.0%)   0.0000 (  0.0%)   0.0003 (  0.0%)  Natural Loop Information
   0.0000 (  0.0%)   0.0000 (  0.0%)   0.0000 (  0.0%)   0.0003 (  0.0%)  Rotate Loops
   0.0156 (  0.2%)   0.0000 (  0.0%)   0.0156 (  0.2%)   0.0003 (  0.0%)  Scalar Evolution Analysis
   0.0000 (  0.0%)   0.0000 (  0.0%)   0.0000 (  0.0%)   0.0003 (  0.0%)  Dominator Tree Construction
   0.0000 (  0.0%)   0.0000 (  0.0%)   0.0000 (  0.0%)   0.0003 (  0.0%)  Dead Global Elimination
   0.0000 (  0.0%)   0.0000 (  0.0%)   0.0000 (  0.0%)   0.0003 (  0.0%)  Remove unreachable basic blocks under switch
   0.0000 (  0.0%)   0.0000 (  0.0%)   0.0000 (  0.0%)   0.0003 (  0.0%)  SROA
   0.0000 (  0.0%)   0.0000 (  0.0%)   0.0000 (  0.0%)   0.0003 (  0.0%)  Eliminate dead debug information intrinsic
   0.0000 (  0.0%)   0.0000 (  0.0%)   0.0000 (  0.0%)   0.0003 (  0.0%)  Loop-Closed SSA Form Pass
   0.0000 (  0.0%)   0.0000 (  0.0%)   0.0000 (  0.0%)   0.0003 (  0.0%)  Eliminate dead debug information intrinsic
   0.0000 (  0.0%)   0.0000 (  0.0%)   0.0000 (  0.0%)   0.0003 (  0.0%)  Scalar Evolution Analysis
   0.0000 (  0.0%)   0.0000 (  0.0%)   0.0000 (  0.0%)   0.0003 (  0.0%)  Basic Alias Analysis (stateless AA impl)
   0.0000 (  0.0%)   0.0000 (  0.0%)   0.0000 (  0.0%)   0.0003 (  0.0%)  Natural Loop Information
   0.0000 (  0.0%)   0.0000 (  0.0%)   0.0000 (  0.0%)   0.0003 (  0.0%)  Natural Loop Information
   0.0000 (  0.0%)   0.0000 (  0.0%)   0.0000 (  0.0%)   0.0003 (  0.0%)  Natural Loop Information
   0.0000 (  0.0%)   0.0000 (  0.0%)   0.0000 (  0.0%)   0.0003 (  0.0%)  Basic Alias Analysis (stateless AA impl)
   0.0000 (  0.0%)   0.0000 (  0.0%)   0.0000 (  0.0%)   0.0003 (  0.0%)  Natural Loop Information
   0.0000 (  0.0%)   0.0000 (  0.0%)   0.0000 (  0.0%)   0.0003 (  0.0%)  Scalar Evolution Analysis
   0.0000 (  0.0%)   0.0000 (  0.0%)   0.0000 (  0.0%)   0.0003 (  0.0%)  Scalar Evolution Analysis
   0.0000 (  0.0%)   0.0000 (  0.0%)   0.0000 (  0.0%)   0.0003 (  0.0%)  Eliminate dead debug information intrinsic
   0.0000 (  0.0%)   0.0000 (  0.0%)   0.0000 (  0.0%)   0.0003 (  0.0%)  LayoutTransform - Layout Transform Pragma Analysis
   0.0000 (  0.0%)   0.0000 (  0.0%)   0.0000 (  0.0%)   0.0003 (  0.0%)  Dominator Tree Construction
   0.0000 (  0.0%)   0.0000 (  0.0%)   0.0000 (  0.0%)   0.0003 (  0.0%)  Basic Alias Analysis (stateless AA impl)
   0.0000 (  0.0%)   0.0000 (  0.0%)   0.0000 (  0.0%)   0.0003 (  0.0%)  Dominator Tree Construction
   0.0000 (  0.0%)   0.0000 (  0.0%)   0.0000 (  0.0%)   0.0003 (  0.0%)  Scalar Evolution Analysis
   0.0000 (  0.0%)   0.0000 (  0.0%)   0.0000 (  0.0%)   0.0003 (  0.0%)  Scalar Evolution Analysis
   0.0000 (  0.0%)   0.0000 (  0.0%)   0.0000 (  0.0%)   0.0003 (  0.0%)  Eliminate dead debug information intrinsic
   0.0000 (  0.0%)   0.0000 (  0.0%)   0.0000 (  0.0%)   0.0003 (  0.0%)  Dominator Tree Construction
   0.0000 (  0.0%)   0.0000 (  0.0%)   0.0000 (  0.0%)   0.0003 (  0.0%)  Basic Alias Analysis (stateless AA impl)
   0.0000 (  0.0%)   0.0000 (  0.0%)   0.0000 (  0.0%)   0.0003 (  0.0%)  Basic Alias Analysis (stateless AA impl)
   0.0000 (  0.0%)   0.0000 (  0.0%)   0.0000 (  0.0%)   0.0003 (  0.0%)  Basic Alias Analysis (stateless AA impl)
   0.0000 (  0.0%)   0.0000 (  0.0%)   0.0000 (  0.0%)   0.0003 (  0.0%)  Scalar Evolution Analysis
   0.0000 (  0.0%)   0.0000 (  0.0%)   0.0000 (  0.0%)   0.0003 (  0.0%)  Scalar Evolution Analysis
   0.0000 (  0.0%)   0.0000 (  0.0%)   0.0000 (  0.0%)   0.0003 (  0.0%)  Eliminate dead debug information intrinsic
   0.0000 (  0.0%)   0.0000 (  0.0%)   0.0000 (  0.0%)   0.0003 (  0.0%)  Natural Loop Information
   0.0000 (  0.0%)   0.0000 (  0.0%)   0.0000 (  0.0%)   0.0003 (  0.0%)  Natural Loop Information
   0.0000 (  0.0%)   0.0000 (  0.0%)   0.0000 (  0.0%)   0.0003 (  0.0%)  CallGraph Construction
   0.0000 (  0.0%)   0.0000 (  0.0%)   0.0000 (  0.0%)   0.0003 (  0.0%)  Basic Alias Analysis (stateless AA impl)
   0.0000 (  0.0%)   0.0000 (  0.0%)   0.0000 (  0.0%)   0.0003 (  0.0%)  Dominator Tree Construction
   0.0000 (  0.0%)   0.0000 (  0.0%)   0.0000 (  0.0%)   0.0003 (  0.0%)  Scalar Evolution Analysis
   0.0000 (  0.0%)   0.0000 (  0.0%)   0.0000 (  0.0%)   0.0003 (  0.0%)  Basic Alias Analysis (stateless AA impl)
   0.0000 (  0.0%)   0.0000 (  0.0%)   0.0000 (  0.0%)   0.0003 (  0.0%)  Basic Alias Analysis (stateless AA impl)
   0.0000 (  0.0%)   0.0000 (  0.0%)   0.0000 (  0.0%)   0.0003 (  0.0%)  Basic Alias Analysis (stateless AA impl)
   0.0000 (  0.0%)   0.0000 (  0.0%)   0.0000 (  0.0%)   0.0003 (  0.0%)  Scalar Evolution Analysis
   0.0000 (  0.0%)   0.0000 (  0.0%)   0.0000 (  0.0%)   0.0003 (  0.0%)  Lazy Value Information Analysis
   0.0000 (  0.0%)   0.0000 (  0.0%)   0.0000 (  0.0%)   0.0003 (  0.0%)  Basic Alias Analysis (stateless AA impl)
   0.0000 (  0.0%)   0.0000 (  0.0%)   0.0000 (  0.0%)   0.0003 (  0.0%)  Eliminate dead debug information intrinsic
   0.0000 (  0.0%)   0.0000 (  0.0%)   0.0000 (  0.0%)   0.0003 (  0.0%)  Dominator Tree Construction
   0.0000 (  0.0%)   0.0000 (  0.0%)   0.0000 (  0.0%)   0.0003 (  0.0%)  Scalar Evolution Analysis
   0.0000 (  0.0%)   0.0000 (  0.0%)   0.0000 (  0.0%)   0.0003 (  0.0%)  Dominator Tree Construction
   0.0000 (  0.0%)   0.0000 (  0.0%)   0.0000 (  0.0%)   0.0003 (  0.0%)  Basic Alias Analysis (stateless AA impl)
   0.0000 (  0.0%)   0.0000 (  0.0%)   0.0000 (  0.0%)   0.0003 (  0.0%)  Scalar Evolution Analysis
   0.0000 (  0.0%)   0.0000 (  0.0%)   0.0000 (  0.0%)   0.0003 (  0.0%)  Basic Alias Analysis (stateless AA impl)
   0.0000 (  0.0%)   0.0000 (  0.0%)   0.0000 (  0.0%)   0.0003 (  0.0%)  Basic Alias Analysis (stateless AA impl)
   0.0000 (  0.0%)   0.0000 (  0.0%)   0.0000 (  0.0%)   0.0003 (  0.0%)  Preprocessing before loop rotation
   0.0000 (  0.0%)   0.0000 (  0.0%)   0.0000 (  0.0%)   0.0003 (  0.0%)  Scalar Evolution Analysis
   0.0000 (  0.0%)   0.0000 (  0.0%)   0.0000 (  0.0%)   0.0003 (  0.0%)  Outline pipeline stages
   0.0000 (  0.0%)   0.0000 (  0.0%)   0.0000 (  0.0%)   0.0003 (  0.0%)  Basic Alias Analysis (stateless AA impl)
   0.0000 (  0.0%)   0.0000 (  0.0%)   0.0000 (  0.0%)   0.0003 (  0.0%)  Lazy Value Information Analysis
   0.0156 (  0.2%)   0.0000 (  0.0%)   0.0156 (  0.2%)   0.0003 (  0.0%)  Scalar Evolution Analysis
   0.0000 (  0.0%)   0.0000 (  0.0%)   0.0000 (  0.0%)   0.0003 (  0.0%)  Dominator Tree Construction
   0.0000 (  0.0%)   0.0000 (  0.0%)   0.0000 (  0.0%)   0.0003 (  0.0%)  Infer direct input/output accesses
   0.0000 (  0.0%)   0.0000 (  0.0%)   0.0000 (  0.0%)   0.0003 (  0.0%)  Scalar Evolution Analysis
   0.0000 (  0.0%)   0.0000 (  0.0%)   0.0000 (  0.0%)   0.0003 (  0.0%)  Basic Alias Analysis (stateless AA impl)
   0.0000 (  0.0%)   0.0000 (  0.0%)   0.0000 (  0.0%)   0.0003 (  0.0%)  SimplifyPredicate - Simplify predicate
   0.0000 (  0.0%)   0.0000 (  0.0%)   0.0000 (  0.0%)   0.0003 (  0.0%)  Scalar Evolution Analysis
   0.0000 (  0.0%)   0.0000 (  0.0%)   0.0000 (  0.0%)   0.0003 (  0.0%)  Scalar Evolution Analysis
   0.0000 (  0.0%)   0.0000 (  0.0%)   0.0000 (  0.0%)   0.0003 (  0.0%)  Natural Loop Information
   0.0000 (  0.0%)   0.0000 (  0.0%)   0.0000 (  0.0%)   0.0003 (  0.0%)  Eliminate dead debug information intrinsic
   0.0000 (  0.0%)   0.0000 (  0.0%)   0.0000 (  0.0%)   0.0003 (  0.0%)  Lazy Value Information Analysis
   0.0000 (  0.0%)   0.0000 (  0.0%)   0.0000 (  0.0%)   0.0003 (  0.0%)  Scalar Evolution Analysis
   0.0000 (  0.0%)   0.0000 (  0.0%)   0.0000 (  0.0%)   0.0003 (  0.0%)  Lazy Value Information Analysis
   0.0000 (  0.0%)   0.0000 (  0.0%)   0.0000 (  0.0%)   0.0003 (  0.0%)  Basic Alias Analysis (stateless AA impl)
   0.0000 (  0.0%)   0.0000 (  0.0%)   0.0000 (  0.0%)   0.0003 (  0.0%)  ShiftRegInference - Automatic Shift Register Inference
   0.0000 (  0.0%)   0.0000 (  0.0%)   0.0000 (  0.0%)   0.0003 (  0.0%)  Basic Alias Analysis (stateless AA impl)
   0.0156 (  0.2%)   0.0000 (  0.0%)   0.0156 (  0.2%)   0.0003 (  0.0%)  Scalar Evolution Analysis
   0.0000 (  0.0%)   0.0000 (  0.0%)   0.0000 (  0.0%)   0.0003 (  0.0%)  Dominator Tree Construction
   0.0000 (  0.0%)   0.0000 (  0.0%)   0.0000 (  0.0%)   0.0003 (  0.0%)  Lazy Value Information Analysis
   0.0000 (  0.0%)   0.0000 (  0.0%)   0.0000 (  0.0%)   0.0003 (  0.0%)  Basic Alias Analysis (stateless AA impl)
   0.0000 (  0.0%)   0.0000 (  0.0%)   0.0000 (  0.0%)   0.0003 (  0.0%)  Basic Alias Analysis (stateless AA impl)
   0.0000 (  0.0%)   0.0000 (  0.0%)   0.0000 (  0.0%)   0.0003 (  0.0%)  Scalar Evolution Analysis
   0.0000 (  0.0%)   0.0000 (  0.0%)   0.0000 (  0.0%)   0.0003 (  0.0%)  Dominator Tree Construction
   0.0000 (  0.0%)   0.0000 (  0.0%)   0.0000 (  0.0%)   0.0003 (  0.0%)  CallGraph Construction
   0.0000 (  0.0%)   0.0000 (  0.0%)   0.0000 (  0.0%)   0.0003 (  0.0%)  Dead Global Elimination
   0.0000 (  0.0%)   0.0000 (  0.0%)   0.0000 (  0.0%)   0.0003 (  0.0%)  SimplifyPredicate - Simplify predicate
   0.0000 (  0.0%)   0.0000 (  0.0%)   0.0000 (  0.0%)   0.0003 (  0.0%)  Basic Alias Analysis (stateless AA impl)
   0.0000 (  0.0%)   0.0000 (  0.0%)   0.0000 (  0.0%)   0.0003 (  0.0%)  Scalar Evolution Analysis
   0.0000 (  0.0%)   0.0000 (  0.0%)   0.0000 (  0.0%)   0.0003 (  0.0%)  Scalar Evolution Analysis
   0.0000 (  0.0%)   0.0000 (  0.0%)   0.0000 (  0.0%)   0.0003 (  0.0%)  Scalar Evolution Analysis
   0.0000 (  0.0%)   0.0000 (  0.0%)   0.0000 (  0.0%)   0.0003 (  0.0%)  Scalar Evolution Analysis
   0.0000 (  0.0%)   0.0000 (  0.0%)   0.0000 (  0.0%)   0.0003 (  0.0%)  Dominator Tree Construction
   0.0000 (  0.0%)   0.0000 (  0.0%)   0.0000 (  0.0%)   0.0003 (  0.0%)  CallGraph Construction
   0.0000 (  0.0%)   0.0000 (  0.0%)   0.0000 (  0.0%)   0.0003 (  0.0%)  CallGraph Construction
   0.0000 (  0.0%)   0.0000 (  0.0%)   0.0000 (  0.0%)   0.0003 (  0.0%)  Basic Alias Analysis (stateless AA impl)
   0.0000 (  0.0%)   0.0000 (  0.0%)   0.0000 (  0.0%)   0.0003 (  0.0%)  Basic Alias Analysis (stateless AA impl)
   0.0000 (  0.0%)   0.0000 (  0.0%)   0.0000 (  0.0%)   0.0003 (  0.0%)  Basic Alias Analysis (stateless AA impl)
   0.0000 (  0.0%)   0.0000 (  0.0%)   0.0000 (  0.0%)   0.0003 (  0.0%)  Scalar Evolution Analysis
   0.0156 (  0.2%)   0.0000 (  0.0%)   0.0156 (  0.2%)   0.0003 (  0.0%)  Scalar Evolution Analysis
   0.0000 (  0.0%)   0.0000 (  0.0%)   0.0000 (  0.0%)   0.0003 (  0.0%)  CallGraph Construction
   0.0000 (  0.0%)   0.0000 (  0.0%)   0.0000 (  0.0%)   0.0003 (  0.0%)  Lazy Value Information Analysis
   0.0000 (  0.0%)   0.0000 (  0.0%)   0.0000 (  0.0%)   0.0003 (  0.0%)  Scalar Evolution Analysis
   0.0000 (  0.0%)   0.0000 (  0.0%)   0.0000 (  0.0%)   0.0003 (  0.0%)  Natural Loop Information
   0.0000 (  0.0%)   0.0000 (  0.0%)   0.0000 (  0.0%)   0.0002 (  0.0%)  Basic Alias Analysis (stateless AA impl)
   0.0000 (  0.0%)   0.0000 (  0.0%)   0.0000 (  0.0%)   0.0002 (  0.0%)  Remove unreachable basic blocks under switch
   0.0000 (  0.0%)   0.0000 (  0.0%)   0.0000 (  0.0%)   0.0002 (  0.0%)  Delete dead loops
   0.0000 (  0.0%)   0.0000 (  0.0%)   0.0000 (  0.0%)   0.0002 (  0.0%)  Lazy Value Information Analysis
   0.0000 (  0.0%)   0.0000 (  0.0%)   0.0000 (  0.0%)   0.0002 (  0.0%)  Basic Alias Analysis (stateless AA impl)
   0.0000 (  0.0%)   0.0000 (  0.0%)   0.0000 (  0.0%)   0.0002 (  0.0%)  Scalar Evolution Analysis
   0.0000 (  0.0%)   0.0000 (  0.0%)   0.0000 (  0.0%)   0.0002 (  0.0%)  Scalar Evolution Analysis
   0.0000 (  0.0%)   0.0000 (  0.0%)   0.0000 (  0.0%)   0.0002 (  0.0%)  ArrayReshape - Reshape Arrays into Wider Arrays
   0.0156 (  0.2%)   0.0000 (  0.0%)   0.0156 (  0.2%)   0.0002 (  0.0%)  Scalar Evolution Analysis
   0.0000 (  0.0%)   0.0000 (  0.0%)   0.0000 (  0.0%)   0.0002 (  0.0%)  Lazy Value Information Analysis
   0.0000 (  0.0%)   0.0000 (  0.0%)   0.0000 (  0.0%)   0.0002 (  0.0%)  Basic Alias Analysis (stateless AA impl)
   0.0000 (  0.0%)   0.0000 (  0.0%)   0.0000 (  0.0%)   0.0002 (  0.0%)  Basic Alias Analysis (stateless AA impl)
   0.0000 (  0.0%)   0.0000 (  0.0%)   0.0000 (  0.0%)   0.0002 (  0.0%)  Eliminate dead debug information intrinsic
   0.0000 (  0.0%)   0.0000 (  0.0%)   0.0000 (  0.0%)   0.0002 (  0.0%)  Basic Alias Analysis (stateless AA impl)
   0.0000 (  0.0%)   0.0000 (  0.0%)   0.0000 (  0.0%)   0.0002 (  0.0%)  Promote Memory to Register
   0.0000 (  0.0%)   0.0000 (  0.0%)   0.0000 (  0.0%)   0.0002 (  0.0%)  Dominator Tree Construction
   0.0000 (  0.0%)   0.0000 (  0.0%)   0.0000 (  0.0%)   0.0002 (  0.0%)  Basic Alias Analysis (stateless AA impl)
   0.0000 (  0.0%)   0.0000 (  0.0%)   0.0000 (  0.0%)   0.0002 (  0.0%)  Lazy Value Information Analysis
   0.0000 (  0.0%)   0.0000 (  0.0%)   0.0000 (  0.0%)   0.0002 (  0.0%)  Lazy Value Information Analysis
   0.0000 (  0.0%)   0.0000 (  0.0%)   0.0000 (  0.0%)   0.0002 (  0.0%)  Lazy Value Information Analysis
   0.0000 (  0.0%)   0.0000 (  0.0%)   0.0000 (  0.0%)   0.0002 (  0.0%)  Scalar Evolution Analysis
   0.0000 (  0.0%)   0.0000 (  0.0%)   0.0000 (  0.0%)   0.0002 (  0.0%)  Lazy Value Information Analysis
   0.0000 (  0.0%)   0.0000 (  0.0%)   0.0000 (  0.0%)   0.0002 (  0.0%)  Lazy Value Information Analysis
   0.0000 (  0.0%)   0.0000 (  0.0%)   0.0000 (  0.0%)   0.0002 (  0.0%)  Scalar Evolution Analysis
   0.0000 (  0.0%)   0.0000 (  0.0%)   0.0000 (  0.0%)   0.0002 (  0.0%)  Scalar Evolution Analysis
   0.0000 (  0.0%)   0.0000 (  0.0%)   0.0000 (  0.0%)   0.0002 (  0.0%)  Scalarize vector operations
   0.0000 (  0.0%)   0.0000 (  0.0%)   0.0000 (  0.0%)   0.0002 (  0.0%)  Scalar Evolution Analysis
   0.0000 (  0.0%)   0.0000 (  0.0%)   0.0000 (  0.0%)   0.0002 (  0.0%)  Scalar Evolution Analysis
   0.0000 (  0.0%)   0.0000 (  0.0%)   0.0000 (  0.0%)   0.0002 (  0.0%)  Lazy Value Information Analysis
   0.0000 (  0.0%)   0.0000 (  0.0%)   0.0000 (  0.0%)   0.0002 (  0.0%)  Scalar Evolution Analysis
   0.0000 (  0.0%)   0.0000 (  0.0%)   0.0000 (  0.0%)   0.0002 (  0.0%)  Lazy Value Information Analysis
   0.0000 (  0.0%)   0.0000 (  0.0%)   0.0000 (  0.0%)   0.0002 (  0.0%)  Scalar Evolution Analysis
   0.0000 (  0.0%)   0.0000 (  0.0%)   0.0000 (  0.0%)   0.0002 (  0.0%)  CallGraph Construction
   0.0000 (  0.0%)   0.0000 (  0.0%)   0.0000 (  0.0%)   0.0002 (  0.0%)  Basic Alias Analysis (stateless AA impl)
   0.0000 (  0.0%)   0.0000 (  0.0%)   0.0000 (  0.0%)   0.0002 (  0.0%)  Basic Alias Analysis (stateless AA impl)
   0.0000 (  0.0%)   0.0000 (  0.0%)   0.0000 (  0.0%)   0.0002 (  0.0%)  CallGraph Construction
   0.0000 (  0.0%)   0.0000 (  0.0%)   0.0000 (  0.0%)   0.0002 (  0.0%)  Scalar Evolution Analysis
   0.0000 (  0.0%)   0.0156 (  2.2%)   0.0156 (  0.2%)   0.0002 (  0.0%)  Basic Alias Analysis (stateless AA impl)
   0.0000 (  0.0%)   0.0000 (  0.0%)   0.0000 (  0.0%)   0.0002 (  0.0%)  Lazy Value Information Analysis
   0.0000 (  0.0%)   0.0000 (  0.0%)   0.0000 (  0.0%)   0.0002 (  0.0%)  CallGraph Construction
   0.0000 (  0.0%)   0.0000 (  0.0%)   0.0000 (  0.0%)   0.0002 (  0.0%)  Basic Alias Analysis (stateless AA impl)
   0.0000 (  0.0%)   0.0000 (  0.0%)   0.0000 (  0.0%)   0.0002 (  0.0%)  Lazy Value Information Analysis
   0.0000 (  0.0%)   0.0000 (  0.0%)   0.0000 (  0.0%)   0.0002 (  0.0%)  Lazy Value Information Analysis
   0.0000 (  0.0%)   0.0000 (  0.0%)   0.0000 (  0.0%)   0.0002 (  0.0%)  Lazy Value Information Analysis
   0.0000 (  0.0%)   0.0000 (  0.0%)   0.0000 (  0.0%)   0.0002 (  0.0%)  Scalar Evolution Analysis
   0.0000 (  0.0%)   0.0000 (  0.0%)   0.0000 (  0.0%)   0.0002 (  0.0%)  Scalar Evolution Analysis
   0.0000 (  0.0%)   0.0000 (  0.0%)   0.0000 (  0.0%)   0.0002 (  0.0%)  Scalar Evolution Analysis
   0.0000 (  0.0%)   0.0000 (  0.0%)   0.0000 (  0.0%)   0.0002 (  0.0%)  Basic Alias Analysis (stateless AA impl)
   0.0000 (  0.0%)   0.0000 (  0.0%)   0.0000 (  0.0%)   0.0002 (  0.0%)  Lazy Value Information Analysis
   0.0000 (  0.0%)   0.0000 (  0.0%)   0.0000 (  0.0%)   0.0002 (  0.0%)  Scalar Evolution Analysis
   0.0000 (  0.0%)   0.0000 (  0.0%)   0.0000 (  0.0%)   0.0002 (  0.0%)  Scalar Evolution Analysis
   0.0000 (  0.0%)   0.0000 (  0.0%)   0.0000 (  0.0%)   0.0002 (  0.0%)  Scalar Evolution Analysis
   0.0000 (  0.0%)   0.0000 (  0.0%)   0.0000 (  0.0%)   0.0002 (  0.0%)  Scalar Evolution Analysis
   0.0000 (  0.0%)   0.0000 (  0.0%)   0.0000 (  0.0%)   0.0002 (  0.0%)  CallGraph Construction
   0.0000 (  0.0%)   0.0000 (  0.0%)   0.0000 (  0.0%)   0.0002 (  0.0%)  Scalar Evolution Analysis
   0.0000 (  0.0%)   0.0000 (  0.0%)   0.0000 (  0.0%)   0.0002 (  0.0%)  Scalar Evolution Analysis
   0.0000 (  0.0%)   0.0000 (  0.0%)   0.0000 (  0.0%)   0.0002 (  0.0%)  Delete dead loops
   0.0000 (  0.0%)   0.0000 (  0.0%)   0.0000 (  0.0%)   0.0002 (  0.0%)  Scalar Evolution Analysis
   0.0000 (  0.0%)   0.0000 (  0.0%)   0.0000 (  0.0%)   0.0002 (  0.0%)  Lazy Value Information Analysis
   0.0000 (  0.0%)   0.0000 (  0.0%)   0.0000 (  0.0%)   0.0002 (  0.0%)  Scalar Evolution Analysis
   0.0000 (  0.0%)   0.0000 (  0.0%)   0.0000 (  0.0%)   0.0002 (  0.0%)  Scalar Evolution Analysis
   0.0000 (  0.0%)   0.0000 (  0.0%)   0.0000 (  0.0%)   0.0002 (  0.0%)  Scalar Evolution Analysis
   0.0000 (  0.0%)   0.0000 (  0.0%)   0.0000 (  0.0%)   0.0002 (  0.0%)  Scalar Evolution Analysis
   0.0000 (  0.0%)   0.0000 (  0.0%)   0.0000 (  0.0%)   0.0002 (  0.0%)  Scalar Evolution Analysis
   0.0000 (  0.0%)   0.0000 (  0.0%)   0.0000 (  0.0%)   0.0002 (  0.0%)  CallGraph Construction
   0.0000 (  0.0%)   0.0000 (  0.0%)   0.0000 (  0.0%)   0.0002 (  0.0%)  Scalar Evolution Analysis
   0.0000 (  0.0%)   0.0000 (  0.0%)   0.0000 (  0.0%)   0.0002 (  0.0%)  Lazy Value Information Analysis
   0.0000 (  0.0%)   0.0000 (  0.0%)   0.0000 (  0.0%)   0.0002 (  0.0%)  Lazy Value Information Analysis
   0.0000 (  0.0%)   0.0000 (  0.0%)   0.0000 (  0.0%)   0.0002 (  0.0%)  Delete dead loops
   0.0000 (  0.0%)   0.0000 (  0.0%)   0.0000 (  0.0%)   0.0002 (  0.0%)  Scalar Evolution Analysis
   0.0000 (  0.0%)   0.0000 (  0.0%)   0.0000 (  0.0%)   0.0002 (  0.0%)  Scalar Evolution Analysis
   0.0000 (  0.0%)   0.0000 (  0.0%)   0.0000 (  0.0%)   0.0002 (  0.0%)  Basic Alias Analysis (stateless AA impl)
   0.0000 (  0.0%)   0.0000 (  0.0%)   0.0000 (  0.0%)   0.0002 (  0.0%)  Basic Alias Analysis (stateless AA impl)
   0.0000 (  0.0%)   0.0000 (  0.0%)   0.0000 (  0.0%)   0.0002 (  0.0%)  Basic Alias Analysis (stateless AA impl)
   0.0000 (  0.0%)   0.0000 (  0.0%)   0.0000 (  0.0%)   0.0002 (  0.0%)  Scalar Evolution Analysis
   0.0000 (  0.0%)   0.0000 (  0.0%)   0.0000 (  0.0%)   0.0002 (  0.0%)  Scalar Evolution Analysis
   0.0000 (  0.0%)   0.0000 (  0.0%)   0.0000 (  0.0%)   0.0002 (  0.0%)  Scalar Evolution Analysis
   0.0156 (  0.2%)   0.0000 (  0.0%)   0.0156 (  0.2%)   0.0002 (  0.0%)  Scalar Evolution Analysis
   0.0000 (  0.0%)   0.0000 (  0.0%)   0.0000 (  0.0%)   0.0002 (  0.0%)  ShiftRegInference - Automatic Shift Register Inference
   0.0000 (  0.0%)   0.0000 (  0.0%)   0.0000 (  0.0%)   0.0002 (  0.0%)  Scalar Evolution Analysis
   0.0000 (  0.0%)   0.0000 (  0.0%)   0.0000 (  0.0%)   0.0002 (  0.0%)  Scalar Evolution Analysis
   0.0000 (  0.0%)   0.0000 (  0.0%)   0.0000 (  0.0%)   0.0002 (  0.0%)  Scalar Evolution Analysis
   0.0000 (  0.0%)   0.0000 (  0.0%)   0.0000 (  0.0%)   0.0002 (  0.0%)  Scalar Evolution Analysis
   0.0000 (  0.0%)   0.0000 (  0.0%)   0.0000 (  0.0%)   0.0002 (  0.0%)  Scalar Evolution Analysis
   0.0000 (  0.0%)   0.0000 (  0.0%)   0.0000 (  0.0%)   0.0002 (  0.0%)  Lazy Value Information Analysis
   0.0000 (  0.0%)   0.0000 (  0.0%)   0.0000 (  0.0%)   0.0002 (  0.0%)  Dominator Tree Construction
   0.0000 (  0.0%)   0.0000 (  0.0%)   0.0000 (  0.0%)   0.0002 (  0.0%)  Scalar Evolution Analysis
   0.0000 (  0.0%)   0.0000 (  0.0%)   0.0000 (  0.0%)   0.0002 (  0.0%)  Scalar Evolution Analysis
   0.0156 (  0.2%)   0.0000 (  0.0%)   0.0156 (  0.2%)   0.0002 (  0.0%)  Scalar Evolution Analysis
   0.0000 (  0.0%)   0.0000 (  0.0%)   0.0000 (  0.0%)   0.0002 (  0.0%)  Remove unreachable basic blocks under switch
   0.0000 (  0.0%)   0.0000 (  0.0%)   0.0000 (  0.0%)   0.0002 (  0.0%)  Scalar Evolution Analysis
   0.0000 (  0.0%)   0.0000 (  0.0%)   0.0000 (  0.0%)   0.0002 (  0.0%)  Basic Alias Analysis (stateless AA impl)
   0.0000 (  0.0%)   0.0000 (  0.0%)   0.0000 (  0.0%)   0.0002 (  0.0%)  Basic Alias Analysis (stateless AA impl)
   0.0000 (  0.0%)   0.0000 (  0.0%)   0.0000 (  0.0%)   0.0002 (  0.0%)  Basic Alias Analysis (stateless AA impl)
   0.0000 (  0.0%)   0.0000 (  0.0%)   0.0000 (  0.0%)   0.0002 (  0.0%)  Remove unreachable basic blocks under switch
   0.0000 (  0.0%)   0.0000 (  0.0%)   0.0000 (  0.0%)   0.0002 (  0.0%)  Scalar Evolution Analysis
   0.0000 (  0.0%)   0.0000 (  0.0%)   0.0000 (  0.0%)   0.0002 (  0.0%)  Scalar Evolution Analysis
   0.0000 (  0.0%)   0.0000 (  0.0%)   0.0000 (  0.0%)   0.0002 (  0.0%)  SROA
   0.0000 (  0.0%)   0.0000 (  0.0%)   0.0000 (  0.0%)   0.0002 (  0.0%)  Basic Alias Analysis (stateless AA impl)
   0.0000 (  0.0%)   0.0000 (  0.0%)   0.0000 (  0.0%)   0.0002 (  0.0%)  Scalar Evolution Analysis
   0.0000 (  0.0%)   0.0000 (  0.0%)   0.0000 (  0.0%)   0.0002 (  0.0%)  Scalar Evolution Analysis
   0.0000 (  0.0%)   0.0000 (  0.0%)   0.0000 (  0.0%)   0.0002 (  0.0%)  Scalar Evolution Analysis
   0.0000 (  0.0%)   0.0000 (  0.0%)   0.0000 (  0.0%)   0.0002 (  0.0%)  Simplify loop CFG
   0.0000 (  0.0%)   0.0000 (  0.0%)   0.0000 (  0.0%)   0.0002 (  0.0%)  Scalar Evolution Analysis
   0.0000 (  0.0%)   0.0000 (  0.0%)   0.0000 (  0.0%)   0.0002 (  0.0%)  Critical Path Aanlysis
   0.0000 (  0.0%)   0.0000 (  0.0%)   0.0000 (  0.0%)   0.0002 (  0.0%)  Scalar Evolution Analysis
   0.0000 (  0.0%)   0.0000 (  0.0%)   0.0000 (  0.0%)   0.0002 (  0.0%)  Lazy Value Information Analysis
   0.0000 (  0.0%)   0.0000 (  0.0%)   0.0000 (  0.0%)   0.0002 (  0.0%)  Scalar Evolution Analysis
   0.0000 (  0.0%)   0.0000 (  0.0%)   0.0000 (  0.0%)   0.0002 (  0.0%)  Basic Alias Analysis (stateless AA impl)
   0.0000 (  0.0%)   0.0000 (  0.0%)   0.0000 (  0.0%)   0.0002 (  0.0%)  Scalar Evolution Analysis
   0.0000 (  0.0%)   0.0000 (  0.0%)   0.0000 (  0.0%)   0.0002 (  0.0%)  Scalar Evolution Analysis
   0.0000 (  0.0%)   0.0000 (  0.0%)   0.0000 (  0.0%)   0.0002 (  0.0%)  Scalar Evolution Analysis
   0.0000 (  0.0%)   0.0000 (  0.0%)   0.0000 (  0.0%)   0.0002 (  0.0%)  Scalar Evolution Analysis
   0.0000 (  0.0%)   0.0000 (  0.0%)   0.0000 (  0.0%)   0.0002 (  0.0%)  Scalar Evolution Analysis
   0.0000 (  0.0%)   0.0000 (  0.0%)   0.0000 (  0.0%)   0.0002 (  0.0%)  Scalar Evolution Analysis
   0.0000 (  0.0%)   0.0000 (  0.0%)   0.0000 (  0.0%)   0.0002 (  0.0%)  Remove unreachable basic blocks under switch
   0.0000 (  0.0%)   0.0000 (  0.0%)   0.0000 (  0.0%)   0.0002 (  0.0%)  Scalar Evolution Analysis
   0.0000 (  0.0%)   0.0000 (  0.0%)   0.0000 (  0.0%)   0.0002 (  0.0%)  Scalar Evolution Analysis
   0.0000 (  0.0%)   0.0000 (  0.0%)   0.0000 (  0.0%)   0.0002 (  0.0%)  Simplify loop CFG
   0.0000 (  0.0%)   0.0000 (  0.0%)   0.0000 (  0.0%)   0.0002 (  0.0%)  Basic Alias Analysis (stateless AA impl)
   0.0000 (  0.0%)   0.0000 (  0.0%)   0.0000 (  0.0%)   0.0002 (  0.0%)  Scalar Evolution Analysis
   0.0000 (  0.0%)   0.0000 (  0.0%)   0.0000 (  0.0%)   0.0002 (  0.0%)  Scalar Evolution Analysis
   0.0000 (  0.0%)   0.0000 (  0.0%)   0.0000 (  0.0%)   0.0002 (  0.0%)  Scalar Evolution Analysis
   0.0000 (  0.0%)   0.0000 (  0.0%)   0.0000 (  0.0%)   0.0002 (  0.0%)  Promote Memory to Register
   0.0000 (  0.0%)   0.0000 (  0.0%)   0.0000 (  0.0%)   0.0002 (  0.0%)  Remove unreachable basic blocks under switch
   0.0000 (  0.0%)   0.0000 (  0.0%)   0.0000 (  0.0%)   0.0002 (  0.0%)  Scalar Evolution Analysis
   0.0000 (  0.0%)   0.0000 (  0.0%)   0.0000 (  0.0%)   0.0002 (  0.0%)  Remove unreachable basic blocks under switch
   0.0000 (  0.0%)   0.0000 (  0.0%)   0.0000 (  0.0%)   0.0002 (  0.0%)  Scalar Evolution Analysis
   0.0000 (  0.0%)   0.0000 (  0.0%)   0.0000 (  0.0%)   0.0002 (  0.0%)  Scalar Evolution Analysis
   0.0000 (  0.0%)   0.0000 (  0.0%)   0.0000 (  0.0%)   0.0002 (  0.0%)  Scalar Evolution Analysis
   0.0000 (  0.0%)   0.0000 (  0.0%)   0.0000 (  0.0%)   0.0002 (  0.0%)  Scalar Evolution Analysis
   0.0000 (  0.0%)   0.0000 (  0.0%)   0.0000 (  0.0%)   0.0002 (  0.0%)  Scalar Evolution Analysis
   0.0000 (  0.0%)   0.0000 (  0.0%)   0.0000 (  0.0%)   0.0002 (  0.0%)  Scalar Evolution Analysis
   0.0000 (  0.0%)   0.0000 (  0.0%)   0.0000 (  0.0%)   0.0002 (  0.0%)  Scalar Evolution Analysis
   0.0000 (  0.0%)   0.0000 (  0.0%)   0.0000 (  0.0%)   0.0002 (  0.0%)  Scalar Evolution Analysis
   0.0000 (  0.0%)   0.0000 (  0.0%)   0.0000 (  0.0%)   0.0002 (  0.0%)  Remove unreachable basic blocks under switch
   0.0000 (  0.0%)   0.0000 (  0.0%)   0.0000 (  0.0%)   0.0002 (  0.0%)  Scalar Evolution Analysis
   0.0000 (  0.0%)   0.0000 (  0.0%)   0.0000 (  0.0%)   0.0002 (  0.0%)  Scalar Evolution Analysis
   0.0000 (  0.0%)   0.0000 (  0.0%)   0.0000 (  0.0%)   0.0002 (  0.0%)  Remove unreachable basic blocks under switch
   0.0000 (  0.0%)   0.0000 (  0.0%)   0.0000 (  0.0%)   0.0002 (  0.0%)  Remove unreachable basic blocks under switch
   0.0000 (  0.0%)   0.0000 (  0.0%)   0.0000 (  0.0%)   0.0002 (  0.0%)  Scalar Evolution Analysis
   0.0000 (  0.0%)   0.0000 (  0.0%)   0.0000 (  0.0%)   0.0002 (  0.0%)  Remove unreachable basic blocks under switch
   0.0000 (  0.0%)   0.0000 (  0.0%)   0.0000 (  0.0%)   0.0002 (  0.0%)  Simplify loop CFG
   0.0000 (  0.0%)   0.0000 (  0.0%)   0.0000 (  0.0%)   0.0002 (  0.0%)  Basic Alias Analysis (stateless AA impl)
   0.0000 (  0.0%)   0.0000 (  0.0%)   0.0000 (  0.0%)   0.0002 (  0.0%)  Lazy Value Information Analysis
   0.0000 (  0.0%)   0.0000 (  0.0%)   0.0000 (  0.0%)   0.0002 (  0.0%)  Scalar Evolution Analysis
   0.0000 (  0.0%)   0.0000 (  0.0%)   0.0000 (  0.0%)   0.0002 (  0.0%)  Scalar Evolution Analysis
   0.0000 (  0.0%)   0.0000 (  0.0%)   0.0000 (  0.0%)   0.0002 (  0.0%)  Scalar Evolution Analysis
   0.0000 (  0.0%)   0.0000 (  0.0%)   0.0000 (  0.0%)   0.0002 (  0.0%)  Critical Path Aanlysis
   0.0000 (  0.0%)   0.0000 (  0.0%)   0.0000 (  0.0%)   0.0002 (  0.0%)  Simplify loop CFG
   0.0000 (  0.0%)   0.0000 (  0.0%)   0.0000 (  0.0%)   0.0002 (  0.0%)  Scalar Evolution Analysis
   0.0000 (  0.0%)   0.0000 (  0.0%)   0.0000 (  0.0%)   0.0002 (  0.0%)  Scalar Evolution Analysis
   0.0000 (  0.0%)   0.0000 (  0.0%)   0.0000 (  0.0%)   0.0002 (  0.0%)  Scalar Evolution Analysis
   0.0000 (  0.0%)   0.0000 (  0.0%)   0.0000 (  0.0%)   0.0002 (  0.0%)  Reflow auto unroll loops
   0.0000 (  0.0%)   0.0000 (  0.0%)   0.0000 (  0.0%)   0.0002 (  0.0%)  Scalar Evolution Analysis
   0.0000 (  0.0%)   0.0000 (  0.0%)   0.0000 (  0.0%)   0.0002 (  0.0%)  Scalar Evolution Analysis
   0.0000 (  0.0%)   0.0000 (  0.0%)   0.0000 (  0.0%)   0.0002 (  0.0%)  Scalar Evolution Analysis
   0.0000 (  0.0%)   0.0000 (  0.0%)   0.0000 (  0.0%)   0.0002 (  0.0%)  Infer set function attributes
   0.0000 (  0.0%)   0.0000 (  0.0%)   0.0000 (  0.0%)   0.0002 (  0.0%)  Scalar Evolution Analysis
   0.0000 (  0.0%)   0.0000 (  0.0%)   0.0000 (  0.0%)   0.0002 (  0.0%)  Remove unreachable basic blocks under switch
   0.0000 (  0.0%)   0.0000 (  0.0%)   0.0000 (  0.0%)   0.0002 (  0.0%)  Simplify loop CFG
   0.0000 (  0.0%)   0.0000 (  0.0%)   0.0000 (  0.0%)   0.0002 (  0.0%)  Remove unreachable basic blocks under switch
   0.0000 (  0.0%)   0.0000 (  0.0%)   0.0000 (  0.0%)   0.0002 (  0.0%)  Scalar Evolution Analysis
   0.0000 (  0.0%)   0.0000 (  0.0%)   0.0000 (  0.0%)   0.0002 (  0.0%)  SROA
   0.0000 (  0.0%)   0.0000 (  0.0%)   0.0000 (  0.0%)   0.0002 (  0.0%)  Scalar Evolution Analysis
   0.0000 (  0.0%)   0.0000 (  0.0%)   0.0000 (  0.0%)   0.0002 (  0.0%)  Scalar Evolution Analysis
   0.0000 (  0.0%)   0.0000 (  0.0%)   0.0000 (  0.0%)   0.0002 (  0.0%)  Scalar Evolution Analysis
   0.0000 (  0.0%)   0.0000 (  0.0%)   0.0000 (  0.0%)   0.0002 (  0.0%)  Lazy Value Information Analysis
   0.0000 (  0.0%)   0.0000 (  0.0%)   0.0000 (  0.0%)   0.0002 (  0.0%)  Eliminate dead stores globally
   0.0000 (  0.0%)   0.0000 (  0.0%)   0.0000 (  0.0%)   0.0002 (  0.0%)  Delete dead loops
   0.0000 (  0.0%)   0.0000 (  0.0%)   0.0000 (  0.0%)   0.0002 (  0.0%)  Scalar Evolution Analysis
   0.0000 (  0.0%)   0.0000 (  0.0%)   0.0000 (  0.0%)   0.0002 (  0.0%)  Eliminate pointer selection for FIFO
   0.0000 (  0.0%)   0.0000 (  0.0%)   0.0000 (  0.0%)   0.0002 (  0.0%)  Remove unreachable basic blocks under switch
   0.0000 (  0.0%)   0.0000 (  0.0%)   0.0000 (  0.0%)   0.0002 (  0.0%)  Remove unreachable basic blocks under switch
   0.0000 (  0.0%)   0.0000 (  0.0%)   0.0000 (  0.0%)   0.0002 (  0.0%)  Scalar Evolution Analysis
   0.0000 (  0.0%)   0.0000 (  0.0%)   0.0000 (  0.0%)   0.0002 (  0.0%)  Remove unreachable basic blocks under switch
   0.0000 (  0.0%)   0.0000 (  0.0%)   0.0000 (  0.0%)   0.0002 (  0.0%)  Scalar Evolution Analysis
   0.0000 (  0.0%)   0.0000 (  0.0%)   0.0000 (  0.0%)   0.0002 (  0.0%)  Lower printf for the fpga target
   0.0000 (  0.0%)   0.0000 (  0.0%)   0.0000 (  0.0%)   0.0002 (  0.0%)  Scalar Evolution Analysis
   0.0000 (  0.0%)   0.0000 (  0.0%)   0.0000 (  0.0%)   0.0002 (  0.0%)  Scalar Evolution Analysis
   0.0000 (  0.0%)   0.0000 (  0.0%)   0.0000 (  0.0%)   0.0002 (  0.0%)  Basic Alias Analysis (stateless AA impl)
   0.0000 (  0.0%)   0.0000 (  0.0%)   0.0000 (  0.0%)   0.0002 (  0.0%)  LayoutTransform - Layout Transform Pragma Analysis
   0.0000 (  0.0%)   0.0000 (  0.0%)   0.0000 (  0.0%)   0.0002 (  0.0%)  Lower HLS related intrinsics
   0.0000 (  0.0%)   0.0000 (  0.0%)   0.0000 (  0.0%)   0.0002 (  0.0%)  Scalar Evolution Analysis
   0.0000 (  0.0%)   0.0000 (  0.0%)   0.0000 (  0.0%)   0.0002 (  0.0%)  Scalar Evolution Analysis
   0.0000 (  0.0%)   0.0000 (  0.0%)   0.0000 (  0.0%)   0.0002 (  0.0%)  Scalar Evolution Analysis
   0.0000 (  0.0%)   0.0000 (  0.0%)   0.0000 (  0.0%)   0.0002 (  0.0%)  Scalar Evolution Analysis
   0.0000 (  0.0%)   0.0000 (  0.0%)   0.0000 (  0.0%)   0.0002 (  0.0%)  Scalar Evolution Analysis
   0.0000 (  0.0%)   0.0000 (  0.0%)   0.0000 (  0.0%)   0.0002 (  0.0%)  Scalar Evolution Analysis
   0.0000 (  0.0%)   0.0000 (  0.0%)   0.0000 (  0.0%)   0.0002 (  0.0%)  Scalar Evolution Analysis
   0.0000 (  0.0%)   0.0000 (  0.0%)   0.0000 (  0.0%)   0.0002 (  0.0%)  Lazy Value Information Analysis
   0.0000 (  0.0%)   0.0000 (  0.0%)   0.0000 (  0.0%)   0.0002 (  0.0%)  Scalar Evolution Analysis
   0.0000 (  0.0%)   0.0000 (  0.0%)   0.0000 (  0.0%)   0.0002 (  0.0%)  Lazy Value Information Analysis
   0.0000 (  0.0%)   0.0000 (  0.0%)   0.0000 (  0.0%)   0.0002 (  0.0%)  Function Alias Analysis Results
   0.0000 (  0.0%)   0.0000 (  0.0%)   0.0000 (  0.0%)   0.0002 (  0.0%)  SROA
   0.0000 (  0.0%)   0.0000 (  0.0%)   0.0000 (  0.0%)   0.0002 (  0.0%)  Lazy Value Information Analysis
   0.0000 (  0.0%)   0.0000 (  0.0%)   0.0000 (  0.0%)   0.0002 (  0.0%)  Function Alias Analysis Results
   0.0000 (  0.0%)   0.0000 (  0.0%)   0.0000 (  0.0%)   0.0002 (  0.0%)  LayoutTransform - Layout Transform Pragma Analysis
   0.0000 (  0.0%)   0.0000 (  0.0%)   0.0000 (  0.0%)   0.0002 (  0.0%)  Basic Alias Analysis (stateless AA impl)
   0.0000 (  0.0%)   0.0000 (  0.0%)   0.0000 (  0.0%)   0.0002 (  0.0%)  Lazy Value Information Analysis
   0.0000 (  0.0%)   0.0000 (  0.0%)   0.0000 (  0.0%)   0.0002 (  0.0%)  Lazy Value Information Analysis
   0.0000 (  0.0%)   0.0000 (  0.0%)   0.0000 (  0.0%)   0.0002 (  0.0%)  Basic Alias Analysis (stateless AA impl)
   0.0000 (  0.0%)   0.0000 (  0.0%)   0.0000 (  0.0%)   0.0002 (  0.0%)  Scalar Evolution Analysis
   0.0000 (  0.0%)   0.0000 (  0.0%)   0.0000 (  0.0%)   0.0002 (  0.0%)  Lazy Value Information Analysis
   0.0000 (  0.0%)   0.0000 (  0.0%)   0.0000 (  0.0%)   0.0002 (  0.0%)  Scalar Evolution Analysis
   0.0000 (  0.0%)   0.0000 (  0.0%)   0.0000 (  0.0%)   0.0002 (  0.0%)  Remove unreachable basic blocks under switch
   0.0000 (  0.0%)   0.0000 (  0.0%)   0.0000 (  0.0%)   0.0002 (  0.0%)  Scalar Evolution Analysis
   0.0000 (  0.0%)   0.0000 (  0.0%)   0.0000 (  0.0%)   0.0002 (  0.0%)  Lazy Value Information Analysis
   0.0000 (  0.0%)   0.0000 (  0.0%)   0.0000 (  0.0%)   0.0002 (  0.0%)  Lazy Value Information Analysis
   0.0000 (  0.0%)   0.0000 (  0.0%)   0.0000 (  0.0%)   0.0001 (  0.0%)  Lazy Value Information Analysis
   0.0000 (  0.0%)   0.0000 (  0.0%)   0.0000 (  0.0%)   0.0001 (  0.0%)  Lazy Value Information Analysis
   0.0000 (  0.0%)   0.0000 (  0.0%)   0.0000 (  0.0%)   0.0001 (  0.0%)  Critical Path Aanlysis
   0.0000 (  0.0%)   0.0000 (  0.0%)   0.0000 (  0.0%)   0.0001 (  0.0%)  Scalar Evolution Analysis
   0.0000 (  0.0%)   0.0000 (  0.0%)   0.0000 (  0.0%)   0.0001 (  0.0%)  Basic Alias Analysis (stateless AA impl)
   0.0000 (  0.0%)   0.0000 (  0.0%)   0.0000 (  0.0%)   0.0001 (  0.0%)  Remove unreachable basic blocks under switch
   0.0000 (  0.0%)   0.0000 (  0.0%)   0.0000 (  0.0%)   0.0001 (  0.0%)  Remove unreachable basic blocks under switch
   0.0000 (  0.0%)   0.0000 (  0.0%)   0.0000 (  0.0%)   0.0001 (  0.0%)  Scalar Evolution Analysis
   0.0000 (  0.0%)   0.0000 (  0.0%)   0.0000 (  0.0%)   0.0001 (  0.0%)  Scalar Evolution Analysis
   0.0000 (  0.0%)   0.0000 (  0.0%)   0.0000 (  0.0%)   0.0001 (  0.0%)  Scalar Evolution Analysis
   0.0000 (  0.0%)   0.0000 (  0.0%)   0.0000 (  0.0%)   0.0001 (  0.0%)  LayoutTransform - Layout Transform Pragma Analysis
   0.0000 (  0.0%)   0.0000 (  0.0%)   0.0000 (  0.0%)   0.0001 (  0.0%)  Undecay arrays
   0.0000 (  0.0%)   0.0000 (  0.0%)   0.0000 (  0.0%)   0.0001 (  0.0%)  Lazy Value Information Analysis
   0.0000 (  0.0%)   0.0000 (  0.0%)   0.0000 (  0.0%)   0.0001 (  0.0%)  Eliminate dead stores globally
   0.0000 (  0.0%)   0.0000 (  0.0%)   0.0000 (  0.0%)   0.0001 (  0.0%)  Delete dead loops
   0.0000 (  0.0%)   0.0000 (  0.0%)   0.0000 (  0.0%)   0.0001 (  0.0%)  Lazy Value Information Analysis
   0.0000 (  0.0%)   0.0000 (  0.0%)   0.0000 (  0.0%)   0.0001 (  0.0%)  Delete dead loops
   0.0000 (  0.0%)   0.0000 (  0.0%)   0.0000 (  0.0%)   0.0001 (  0.0%)  Lazy Value Information Analysis
   0.0000 (  0.0%)   0.0000 (  0.0%)   0.0000 (  0.0%)   0.0001 (  0.0%)  Scalar Evolution Analysis
   0.0000 (  0.0%)   0.0000 (  0.0%)   0.0000 (  0.0%)   0.0001 (  0.0%)  Lazy Value Information Analysis
   0.0000 (  0.0%)   0.0000 (  0.0%)   0.0000 (  0.0%)   0.0001 (  0.0%)  Remove unreachable basic blocks under switch
   0.0000 (  0.0%)   0.0000 (  0.0%)   0.0000 (  0.0%)   0.0001 (  0.0%)  Lazy Value Information Analysis
   0.0000 (  0.0%)   0.0000 (  0.0%)   0.0000 (  0.0%)   0.0001 (  0.0%)  Generate Loops to iterate over workitems
   0.0000 (  0.0%)   0.0000 (  0.0%)   0.0000 (  0.0%)   0.0001 (  0.0%)  Lazy Value Information Analysis
   0.0000 (  0.0%)   0.0000 (  0.0%)   0.0000 (  0.0%)   0.0001 (  0.0%)  Critical Path Aanlysis
   0.0000 (  0.0%)   0.0000 (  0.0%)   0.0000 (  0.0%)   0.0001 (  0.0%)  Lazy Value Information Analysis
   0.0000 (  0.0%)   0.0000 (  0.0%)   0.0000 (  0.0%)   0.0001 (  0.0%)  Function Alias Analysis Results
   0.0000 (  0.0%)   0.0000 (  0.0%)   0.0000 (  0.0%)   0.0001 (  0.0%)  Eliminate dead stores globally
   0.0000 (  0.0%)   0.0000 (  0.0%)   0.0000 (  0.0%)   0.0001 (  0.0%)  Function Alias Analysis Results
   0.0000 (  0.0%)   0.0000 (  0.0%)   0.0000 (  0.0%)   0.0001 (  0.0%)  Function Alias Analysis Results
   0.0000 (  0.0%)   0.0000 (  0.0%)   0.0000 (  0.0%)   0.0001 (  0.0%)  Function Alias Analysis Results
   0.0000 (  0.0%)   0.0000 (  0.0%)   0.0000 (  0.0%)   0.0001 (  0.0%)  Function Alias Analysis Results
   0.0000 (  0.0%)   0.0000 (  0.0%)   0.0000 (  0.0%)   0.0001 (  0.0%)  Remove unreachable basic blocks under switch
   0.0000 (  0.0%)   0.0000 (  0.0%)   0.0000 (  0.0%)   0.0001 (  0.0%)  Function Alias Analysis Results
   0.0000 (  0.0%)   0.0000 (  0.0%)   0.0000 (  0.0%)   0.0001 (  0.0%)  Lazy Value Information Analysis
   0.0000 (  0.0%)   0.0000 (  0.0%)   0.0000 (  0.0%)   0.0001 (  0.0%)  Lower stream depth
   0.0000 (  0.0%)   0.0000 (  0.0%)   0.0000 (  0.0%)   0.0001 (  0.0%)  Simplify loop CFG
   0.0000 (  0.0%)   0.0000 (  0.0%)   0.0000 (  0.0%)   0.0001 (  0.0%)  Memory Dependence Analysis
   0.0000 (  0.0%)   0.0000 (  0.0%)   0.0000 (  0.0%)   0.0001 (  0.0%)  Memory Dependence Analysis
   0.0000 (  0.0%)   0.0000 (  0.0%)   0.0000 (  0.0%)   0.0001 (  0.0%)  Memory Dependence Analysis
   0.0000 (  0.0%)   0.0000 (  0.0%)   0.0000 (  0.0%)   0.0001 (  0.0%)  Memory Dependence Analysis
   0.0000 (  0.0%)   0.0000 (  0.0%)   0.0000 (  0.0%)   0.0001 (  0.0%)  Scalar Evolution Canonicalization
   0.0000 (  0.0%)   0.0000 (  0.0%)   0.0000 (  0.0%)   0.0001 (  0.0%)  Lazy Value Information Analysis
   0.0000 (  0.0%)   0.0000 (  0.0%)   0.0000 (  0.0%)   0.0001 (  0.0%)  Remove unreachable basic blocks under switch
   0.0000 (  0.0%)   0.0000 (  0.0%)   0.0000 (  0.0%)   0.0001 (  0.0%)  Memory Dependence Analysis
   0.0000 (  0.0%)   0.0000 (  0.0%)   0.0000 (  0.0%)   0.0001 (  0.0%)  Memory Dependence Analysis
   0.0000 (  0.0%)   0.0000 (  0.0%)   0.0000 (  0.0%)   0.0001 (  0.0%)  Promote Memory to Register
   0.0000 (  0.0%)   0.0000 (  0.0%)   0.0000 (  0.0%)   0.0001 (  0.0%)  Basic Alias Analysis (stateless AA impl)
   0.0000 (  0.0%)   0.0000 (  0.0%)   0.0000 (  0.0%)   0.0001 (  0.0%)  Aggressive Dead Code Elimination
   0.0000 (  0.0%)   0.0000 (  0.0%)   0.0000 (  0.0%)   0.0001 (  0.0%)  Memory Dependence Analysis
   0.0000 (  0.0%)   0.0000 (  0.0%)   0.0000 (  0.0%)   0.0001 (  0.0%)  Basic Alias Analysis (stateless AA impl)
   0.0000 (  0.0%)   0.0000 (  0.0%)   0.0000 (  0.0%)   0.0001 (  0.0%)  Basic Alias Analysis (stateless AA impl)
   0.0000 (  0.0%)   0.0000 (  0.0%)   0.0000 (  0.0%)   0.0001 (  0.0%)  Memory Dependence Analysis
   0.0000 (  0.0%)   0.0000 (  0.0%)   0.0000 (  0.0%)   0.0001 (  0.0%)  Scalar Evolution Canonicalization
   0.0000 (  0.0%)   0.0000 (  0.0%)   0.0000 (  0.0%)   0.0001 (  0.0%)  Memory Dependence Analysis
   0.0000 (  0.0%)   0.0000 (  0.0%)   0.0000 (  0.0%)   0.0001 (  0.0%)  Basic Alias Analysis (stateless AA impl)
   0.0000 (  0.0%)   0.0000 (  0.0%)   0.0000 (  0.0%)   0.0001 (  0.0%)  Lazy Value Information Analysis
   0.0000 (  0.0%)   0.0000 (  0.0%)   0.0000 (  0.0%)   0.0001 (  0.0%)  Basic Alias Analysis (stateless AA impl)
   0.0000 (  0.0%)   0.0000 (  0.0%)   0.0000 (  0.0%)   0.0001 (  0.0%)  Predicate analysis under a loop context
   0.0000 (  0.0%)   0.0000 (  0.0%)   0.0000 (  0.0%)   0.0001 (  0.0%)  Memory Dependence Analysis
   0.0000 (  0.0%)   0.0000 (  0.0%)   0.0000 (  0.0%)   0.0001 (  0.0%)  Memory Dependence Analysis
   0.0000 (  0.0%)   0.0000 (  0.0%)   0.0000 (  0.0%)   0.0001 (  0.0%)  Basic Alias Analysis (stateless AA impl)
   0.0000 (  0.0%)   0.0000 (  0.0%)   0.0000 (  0.0%)   0.0001 (  0.0%)  Predicate analysis under a loop context
   0.0000 (  0.0%)   0.0000 (  0.0%)   0.0000 (  0.0%)   0.0001 (  0.0%)  Lazy Value Information Analysis
   0.0000 (  0.0%)   0.0000 (  0.0%)   0.0000 (  0.0%)   0.0001 (  0.0%)  Basic Alias Analysis (stateless AA impl)
   0.0000 (  0.0%)   0.0000 (  0.0%)   0.0000 (  0.0%)   0.0001 (  0.0%)  Memory Dependence Analysis
   0.0000 (  0.0%)   0.0000 (  0.0%)   0.0000 (  0.0%)   0.0001 (  0.0%)  Memory Dependence Analysis
   0.0000 (  0.0%)   0.0000 (  0.0%)   0.0000 (  0.0%)   0.0001 (  0.0%)  Dependence Analysis
   0.0000 (  0.0%)   0.0000 (  0.0%)   0.0000 (  0.0%)   0.0001 (  0.0%)  Scalar Evolution Canonicalization
   0.0000 (  0.0%)   0.0000 (  0.0%)   0.0000 (  0.0%)   0.0001 (  0.0%)  Memory Dependence Analysis
   0.0000 (  0.0%)   0.0000 (  0.0%)   0.0000 (  0.0%)   0.0001 (  0.0%)  Memory Dependence Analysis
   0.0000 (  0.0%)   0.0000 (  0.0%)   0.0000 (  0.0%)   0.0001 (  0.0%)  Dependence Analysis
   0.0000 (  0.0%)   0.0000 (  0.0%)   0.0000 (  0.0%)   0.0001 (  0.0%)  Lazy Branch Probability Analysis
   0.0000 (  0.0%)   0.0000 (  0.0%)   0.0000 (  0.0%)   0.0001 (  0.0%)  Basic Alias Analysis (stateless AA impl)
   0.0000 (  0.0%)   0.0000 (  0.0%)   0.0000 (  0.0%)   0.0001 (  0.0%)  Basic Alias Analysis (stateless AA impl)
   0.0000 (  0.0%)   0.0000 (  0.0%)   0.0000 (  0.0%)   0.0001 (  0.0%)  Memory Dependence Analysis
   0.0000 (  0.0%)   0.0000 (  0.0%)   0.0000 (  0.0%)   0.0001 (  0.0%)  Basic Alias Analysis (stateless AA impl)
   0.0000 (  0.0%)   0.0000 (  0.0%)   0.0000 (  0.0%)   0.0001 (  0.0%)  Memory Dependence Analysis
   0.0000 (  0.0%)   0.0000 (  0.0%)   0.0000 (  0.0%)   0.0001 (  0.0%)  Basic Alias Analysis (stateless AA impl)
   0.0000 (  0.0%)   0.0000 (  0.0%)   0.0000 (  0.0%)   0.0001 (  0.0%)  Basic Alias Analysis (stateless AA impl)
   0.0000 (  0.0%)   0.0000 (  0.0%)   0.0000 (  0.0%)   0.0001 (  0.0%)  Scalar Evolution Canonicalization
   0.0000 (  0.0%)   0.0000 (  0.0%)   0.0000 (  0.0%)   0.0001 (  0.0%)  Lazy Branch Probability Analysis
   0.0000 (  0.0%)   0.0000 (  0.0%)   0.0000 (  0.0%)   0.0001 (  0.0%)  Memory Dependence Analysis
   0.0000 (  0.0%)   0.0000 (  0.0%)   0.0000 (  0.0%)   0.0001 (  0.0%)  Memory Dependence Analysis
   0.0000 (  0.0%)   0.0000 (  0.0%)   0.0000 (  0.0%)   0.0001 (  0.0%)  Memory Dependence Analysis
   0.0000 (  0.0%)   0.0000 (  0.0%)   0.0000 (  0.0%)   0.0001 (  0.0%)  Memory Dependence Analysis
   0.0000 (  0.0%)   0.0000 (  0.0%)   0.0000 (  0.0%)   0.0001 (  0.0%)  Lazy Branch Probability Analysis
   0.0000 (  0.0%)   0.0000 (  0.0%)   0.0000 (  0.0%)   0.0001 (  0.0%)  Lazy Branch Probability Analysis
   0.0000 (  0.0%)   0.0000 (  0.0%)   0.0000 (  0.0%)   0.0001 (  0.0%)  Basic Alias Analysis (stateless AA impl)
   0.0000 (  0.0%)   0.0000 (  0.0%)   0.0000 (  0.0%)   0.0001 (  0.0%)  Lazy Branch Probability Analysis
   0.0000 (  0.0%)   0.0000 (  0.0%)   0.0000 (  0.0%)   0.0001 (  0.0%)  Memory Dependence Analysis
   0.0000 (  0.0%)   0.0000 (  0.0%)   0.0000 (  0.0%)   0.0001 (  0.0%)  Scalar Evolution Canonicalization
   0.0000 (  0.0%)   0.0000 (  0.0%)   0.0000 (  0.0%)   0.0001 (  0.0%)  Memory Dependence Analysis
   0.0000 (  0.0%)   0.0000 (  0.0%)   0.0000 (  0.0%)   0.0001 (  0.0%)  InterfaceCheck - Check Interface
   0.0000 (  0.0%)   0.0000 (  0.0%)   0.0000 (  0.0%)   0.0001 (  0.0%)  Memory Dependence Analysis
   0.0000 (  0.0%)   0.0000 (  0.0%)   0.0000 (  0.0%)   0.0001 (  0.0%)  Basic Alias Analysis (stateless AA impl)
   0.0000 (  0.0%)   0.0000 (  0.0%)   0.0000 (  0.0%)   0.0001 (  0.0%)  Memory Dependence Analysis
   0.0000 (  0.0%)   0.0000 (  0.0%)   0.0000 (  0.0%)   0.0001 (  0.0%)  Basic Alias Analysis (stateless AA impl)
   0.0156 (  0.2%)   0.0000 (  0.0%)   0.0156 (  0.2%)   0.0001 (  0.0%)  Lazy Branch Probability Analysis
   0.0000 (  0.0%)   0.0000 (  0.0%)   0.0000 (  0.0%)   0.0001 (  0.0%)  Memory Dependence Analysis
   0.0000 (  0.0%)   0.0000 (  0.0%)   0.0000 (  0.0%)   0.0001 (  0.0%)  Lazy Branch Probability Analysis
   0.0000 (  0.0%)   0.0000 (  0.0%)   0.0000 (  0.0%)   0.0001 (  0.0%)  Lazy Block Frequency Analysis
   0.0000 (  0.0%)   0.0000 (  0.0%)   0.0000 (  0.0%)   0.0001 (  0.0%)  Lazy Branch Probability Analysis
   0.0000 (  0.0%)   0.0000 (  0.0%)   0.0000 (  0.0%)   0.0001 (  0.0%)  Memory Dependence Analysis
   0.0000 (  0.0%)   0.0000 (  0.0%)   0.0000 (  0.0%)   0.0001 (  0.0%)  Memory Dependence Analysis
   0.0000 (  0.0%)   0.0000 (  0.0%)   0.0000 (  0.0%)   0.0001 (  0.0%)  Lazy Branch Probability Analysis
   0.0000 (  0.0%)   0.0000 (  0.0%)   0.0000 (  0.0%)   0.0001 (  0.0%)  Scalar Evolution Canonicalization
   0.0000 (  0.0%)   0.0000 (  0.0%)   0.0000 (  0.0%)   0.0001 (  0.0%)  Lazy Branch Probability Analysis
   0.0000 (  0.0%)   0.0000 (  0.0%)   0.0000 (  0.0%)   0.0001 (  0.0%)  Memory Dependence Analysis
   0.0000 (  0.0%)   0.0000 (  0.0%)   0.0000 (  0.0%)   0.0001 (  0.0%)  Memory Dependence Analysis
   0.0000 (  0.0%)   0.0000 (  0.0%)   0.0000 (  0.0%)   0.0001 (  0.0%)  Lazy Branch Probability Analysis
   0.0000 (  0.0%)   0.0000 (  0.0%)   0.0000 (  0.0%)   0.0001 (  0.0%)  Lazy Branch Probability Analysis
   0.0000 (  0.0%)   0.0000 (  0.0%)   0.0000 (  0.0%)   0.0001 (  0.0%)  Lazy Branch Probability Analysis
   0.0000 (  0.0%)   0.0000 (  0.0%)   0.0000 (  0.0%)   0.0001 (  0.0%)  Basic Alias Analysis (stateless AA impl)
   0.0000 (  0.0%)   0.0000 (  0.0%)   0.0000 (  0.0%)   0.0001 (  0.0%)  Promote Memory to Register
   0.0000 (  0.0%)   0.0000 (  0.0%)   0.0000 (  0.0%)   0.0001 (  0.0%)  Memory Dependence Analysis
   0.0000 (  0.0%)   0.0000 (  0.0%)   0.0000 (  0.0%)   0.0001 (  0.0%)  Lazy Branch Probability Analysis
   0.0000 (  0.0%)   0.0000 (  0.0%)   0.0000 (  0.0%)   0.0001 (  0.0%)  Memory Dependence Analysis
   0.0000 (  0.0%)   0.0000 (  0.0%)   0.0000 (  0.0%)   0.0001 (  0.0%)  Basic Alias Analysis (stateless AA impl)
   0.0000 (  0.0%)   0.0000 (  0.0%)   0.0000 (  0.0%)   0.0001 (  0.0%)  Optimization Remark Emitter
   0.0000 (  0.0%)   0.0000 (  0.0%)   0.0000 (  0.0%)   0.0001 (  0.0%)  Lazy Branch Probability Analysis
   0.0000 (  0.0%)   0.0000 (  0.0%)   0.0000 (  0.0%)   0.0001 (  0.0%)  Memory Dependence Analysis
   0.0000 (  0.0%)   0.0000 (  0.0%)   0.0000 (  0.0%)   0.0001 (  0.0%)  Memory Dependence Analysis
   0.0000 (  0.0%)   0.0000 (  0.0%)   0.0000 (  0.0%)   0.0001 (  0.0%)  Memory Dependence Analysis
   0.0000 (  0.0%)   0.0000 (  0.0%)   0.0000 (  0.0%)   0.0001 (  0.0%)  Dominator Tree Construction
   0.0000 (  0.0%)   0.0000 (  0.0%)   0.0000 (  0.0%)   0.0001 (  0.0%)  Memory Dependence Analysis
   0.0000 (  0.0%)   0.0000 (  0.0%)   0.0000 (  0.0%)   0.0001 (  0.0%)  Memory Dependence Analysis
   0.0000 (  0.0%)   0.0000 (  0.0%)   0.0000 (  0.0%)   0.0001 (  0.0%)  Memory Dependence Analysis
   0.0000 (  0.0%)   0.0000 (  0.0%)   0.0000 (  0.0%)   0.0001 (  0.0%)  Basic Alias Analysis (stateless AA impl)
   0.0000 (  0.0%)   0.0000 (  0.0%)   0.0000 (  0.0%)   0.0001 (  0.0%)  Memory Dependence Analysis
   0.0000 (  0.0%)   0.0000 (  0.0%)   0.0000 (  0.0%)   0.0001 (  0.0%)  Memory Dependence Analysis
   0.0000 (  0.0%)   0.0000 (  0.0%)   0.0000 (  0.0%)   0.0001 (  0.0%)  Basic Alias Analysis (stateless AA impl)
   0.0000 (  0.0%)   0.0000 (  0.0%)   0.0000 (  0.0%)   0.0001 (  0.0%)  Basic Alias Analysis (stateless AA impl)
   0.0000 (  0.0%)   0.0000 (  0.0%)   0.0000 (  0.0%)   0.0001 (  0.0%)  Scalar Evolution Canonicalization
   0.0000 (  0.0%)   0.0000 (  0.0%)   0.0000 (  0.0%)   0.0001 (  0.0%)  Lazy Branch Probability Analysis
   0.0000 (  0.0%)   0.0000 (  0.0%)   0.0000 (  0.0%)   0.0001 (  0.0%)  Memory Dependence Analysis
   0.0000 (  0.0%)   0.0000 (  0.0%)   0.0000 (  0.0%)   0.0001 (  0.0%)  Memory Dependence Analysis
   0.0000 (  0.0%)   0.0000 (  0.0%)   0.0000 (  0.0%)   0.0001 (  0.0%)  Memory Dependence Analysis
   0.0000 (  0.0%)   0.0000 (  0.0%)   0.0000 (  0.0%)   0.0001 (  0.0%)  Memory Dependence Analysis
   0.0000 (  0.0%)   0.0000 (  0.0%)   0.0000 (  0.0%)   0.0001 (  0.0%)  Memory Dependence Analysis
   0.0000 (  0.0%)   0.0000 (  0.0%)   0.0000 (  0.0%)   0.0001 (  0.0%)  Memory Dependence Analysis
   0.0000 (  0.0%)   0.0000 (  0.0%)   0.0000 (  0.0%)   0.0001 (  0.0%)  Memory Dependence Analysis
   0.0000 (  0.0%)   0.0000 (  0.0%)   0.0000 (  0.0%)   0.0001 (  0.0%)  Memory Dependence Analysis
   0.0000 (  0.0%)   0.0000 (  0.0%)   0.0000 (  0.0%)   0.0001 (  0.0%)  Memory Dependence Analysis
   0.0000 (  0.0%)   0.0000 (  0.0%)   0.0000 (  0.0%)   0.0001 (  0.0%)  Lazy Branch Probability Analysis
   0.0000 (  0.0%)   0.0000 (  0.0%)   0.0000 (  0.0%)   0.0001 (  0.0%)  Basic Alias Analysis (stateless AA impl)
   0.0000 (  0.0%)   0.0000 (  0.0%)   0.0000 (  0.0%)   0.0001 (  0.0%)  Basic Alias Analysis (stateless AA impl)
   0.0000 (  0.0%)   0.0000 (  0.0%)   0.0000 (  0.0%)   0.0001 (  0.0%)  Scalar Evolution Canonicalization
   0.0000 (  0.0%)   0.0000 (  0.0%)   0.0000 (  0.0%)   0.0001 (  0.0%)  Memory Dependence Analysis
   0.0000 (  0.0%)   0.0000 (  0.0%)   0.0000 (  0.0%)   0.0001 (  0.0%)  Basic Alias Analysis (stateless AA impl)
   0.0000 (  0.0%)   0.0000 (  0.0%)   0.0000 (  0.0%)   0.0001 (  0.0%)  Lazy Branch Probability Analysis
   0.0000 (  0.0%)   0.0000 (  0.0%)   0.0000 (  0.0%)   0.0001 (  0.0%)  Lazy Branch Probability Analysis
   0.0000 (  0.0%)   0.0000 (  0.0%)   0.0000 (  0.0%)   0.0001 (  0.0%)  Lazy Branch Probability Analysis
   0.0000 (  0.0%)   0.0000 (  0.0%)   0.0000 (  0.0%)   0.0001 (  0.0%)  Basic Alias Analysis (stateless AA impl)
   0.0000 (  0.0%)   0.0000 (  0.0%)   0.0000 (  0.0%)   0.0001 (  0.0%)  Promote Memory to Register
   0.0000 (  0.0%)   0.0000 (  0.0%)   0.0000 (  0.0%)   0.0001 (  0.0%)  Memory Dependence Analysis
   0.0000 (  0.0%)   0.0000 (  0.0%)   0.0000 (  0.0%)   0.0001 (  0.0%)  Memory Dependence Analysis
   0.0000 (  0.0%)   0.0000 (  0.0%)   0.0000 (  0.0%)   0.0001 (  0.0%)  Memory Dependence Analysis
   0.0000 (  0.0%)   0.0000 (  0.0%)   0.0000 (  0.0%)   0.0001 (  0.0%)  Lazy Branch Probability Analysis
   0.0000 (  0.0%)   0.0000 (  0.0%)   0.0000 (  0.0%)   0.0001 (  0.0%)  Function Alias Analysis Results
   0.0000 (  0.0%)   0.0000 (  0.0%)   0.0000 (  0.0%)   0.0001 (  0.0%)  Basic Alias Analysis (stateless AA impl)
   0.0000 (  0.0%)   0.0000 (  0.0%)   0.0000 (  0.0%)   0.0001 (  0.0%)  Memory Dependence Analysis
   0.0000 (  0.0%)   0.0000 (  0.0%)   0.0000 (  0.0%)   0.0001 (  0.0%)  Lazy Branch Probability Analysis
   0.0000 (  0.0%)   0.0000 (  0.0%)   0.0000 (  0.0%)   0.0001 (  0.0%)  Memory Dependence Analysis
   0.0000 (  0.0%)   0.0000 (  0.0%)   0.0000 (  0.0%)   0.0001 (  0.0%)  Memory Dependence Analysis
   0.0000 (  0.0%)   0.0000 (  0.0%)   0.0000 (  0.0%)   0.0001 (  0.0%)  Lazy Branch Probability Analysis
   0.0000 (  0.0%)   0.0000 (  0.0%)   0.0000 (  0.0%)   0.0001 (  0.0%)  Lazy Branch Probability Analysis
   0.0000 (  0.0%)   0.0000 (  0.0%)   0.0000 (  0.0%)   0.0001 (  0.0%)  Basic Alias Analysis (stateless AA impl)
   0.0000 (  0.0%)   0.0000 (  0.0%)   0.0000 (  0.0%)   0.0001 (  0.0%)  Lazy Branch Probability Analysis
   0.0000 (  0.0%)   0.0000 (  0.0%)   0.0000 (  0.0%)   0.0001 (  0.0%)  Basic Alias Analysis (stateless AA impl)
   0.0000 (  0.0%)   0.0000 (  0.0%)   0.0000 (  0.0%)   0.0001 (  0.0%)  Lazy Branch Probability Analysis
   0.0000 (  0.0%)   0.0000 (  0.0%)   0.0000 (  0.0%)   0.0001 (  0.0%)  Lazy Branch Probability Analysis
   0.0000 (  0.0%)   0.0000 (  0.0%)   0.0000 (  0.0%)   0.0001 (  0.0%)  Memory Dependence Analysis
   0.0000 (  0.0%)   0.0000 (  0.0%)   0.0000 (  0.0%)   0.0001 (  0.0%)  Memory Dependence Analysis
   0.0000 (  0.0%)   0.0000 (  0.0%)   0.0000 (  0.0%)   0.0001 (  0.0%)  Basic Alias Analysis (stateless AA impl)
   0.0000 (  0.0%)   0.0000 (  0.0%)   0.0000 (  0.0%)   0.0001 (  0.0%)  Lazy Branch Probability Analysis
   0.0000 (  0.0%)   0.0000 (  0.0%)   0.0000 (  0.0%)   0.0001 (  0.0%)  Lazy Branch Probability Analysis
   0.0000 (  0.0%)   0.0000 (  0.0%)   0.0000 (  0.0%)   0.0001 (  0.0%)  Basic Alias Analysis (stateless AA impl)
   0.0000 (  0.0%)   0.0000 (  0.0%)   0.0000 (  0.0%)   0.0001 (  0.0%)  Unify function exit nodes
   0.0000 (  0.0%)   0.0000 (  0.0%)   0.0000 (  0.0%)   0.0001 (  0.0%)  Memory Dependence Analysis
   0.0000 (  0.0%)   0.0000 (  0.0%)   0.0000 (  0.0%)   0.0001 (  0.0%)  Memory Dependence Analysis
   0.0000 (  0.0%)   0.0000 (  0.0%)   0.0000 (  0.0%)   0.0001 (  0.0%)  Basic Alias Analysis (stateless AA impl)
   0.0000 (  0.0%)   0.0000 (  0.0%)   0.0000 (  0.0%)   0.0001 (  0.0%)  Memory Dependence Analysis
   0.0000 (  0.0%)   0.0000 (  0.0%)   0.0000 (  0.0%)   0.0001 (  0.0%)  Scalar Evolution Canonicalization
   0.0000 (  0.0%)   0.0000 (  0.0%)   0.0000 (  0.0%)   0.0001 (  0.0%)  Lazy Branch Probability Analysis
   0.0000 (  0.0%)   0.0000 (  0.0%)   0.0000 (  0.0%)   0.0001 (  0.0%)  Lazy Branch Probability Analysis
   0.0000 (  0.0%)   0.0000 (  0.0%)   0.0000 (  0.0%)   0.0001 (  0.0%)  Lazy Branch Probability Analysis
   0.0000 (  0.0%)   0.0000 (  0.0%)   0.0000 (  0.0%)   0.0001 (  0.0%)  Basic Alias Analysis (stateless AA impl)
   0.0000 (  0.0%)   0.0000 (  0.0%)   0.0000 (  0.0%)   0.0001 (  0.0%)  Memory Dependence Analysis
   0.0000 (  0.0%)   0.0000 (  0.0%)   0.0000 (  0.0%)   0.0001 (  0.0%)  Memory Dependence Analysis
   0.0000 (  0.0%)   0.0000 (  0.0%)   0.0000 (  0.0%)   0.0001 (  0.0%)  Basic Alias Analysis (stateless AA impl)
   0.0000 (  0.0%)   0.0000 (  0.0%)   0.0000 (  0.0%)   0.0001 (  0.0%)  Basic Alias Analysis (stateless AA impl)
   0.0000 (  0.0%)   0.0000 (  0.0%)   0.0000 (  0.0%)   0.0001 (  0.0%)  Basic Alias Analysis (stateless AA impl)
   0.0000 (  0.0%)   0.0000 (  0.0%)   0.0000 (  0.0%)   0.0001 (  0.0%)  Lazy Branch Probability Analysis
   0.0000 (  0.0%)   0.0000 (  0.0%)   0.0000 (  0.0%)   0.0001 (  0.0%)  Basic Alias Analysis (stateless AA impl)
   0.0000 (  0.0%)   0.0000 (  0.0%)   0.0000 (  0.0%)   0.0001 (  0.0%)  ScalarEvolution-based Alias Analysis
   0.0000 (  0.0%)   0.0000 (  0.0%)   0.0000 (  0.0%)   0.0001 (  0.0%)  Basic Alias Analysis (stateless AA impl)
   0.0000 (  0.0%)   0.0000 (  0.0%)   0.0000 (  0.0%)   0.0001 (  0.0%)  Basic Alias Analysis (stateless AA impl)
   0.0000 (  0.0%)   0.0000 (  0.0%)   0.0000 (  0.0%)   0.0001 (  0.0%)  Basic Alias Analysis (stateless AA impl)
   0.0000 (  0.0%)   0.0000 (  0.0%)   0.0000 (  0.0%)   0.0001 (  0.0%)  Basic Alias Analysis (stateless AA impl)
   0.0000 (  0.0%)   0.0000 (  0.0%)   0.0000 (  0.0%)   0.0001 (  0.0%)  Memory Dependence Analysis
   0.0000 (  0.0%)   0.0000 (  0.0%)   0.0000 (  0.0%)   0.0001 (  0.0%)  Memory Dependence Analysis
   0.0000 (  0.0%)   0.0000 (  0.0%)   0.0000 (  0.0%)   0.0001 (  0.0%)  Basic Alias Analysis (stateless AA impl)
   0.0000 (  0.0%)   0.0000 (  0.0%)   0.0000 (  0.0%)   0.0001 (  0.0%)  Memory Dependence Analysis
   0.0000 (  0.0%)   0.0000 (  0.0%)   0.0000 (  0.0%)   0.0001 (  0.0%)  Optimization Remark Emitter
   0.0000 (  0.0%)   0.0000 (  0.0%)   0.0000 (  0.0%)   0.0001 (  0.0%)  Basic Alias Analysis (stateless AA impl)
   0.0000 (  0.0%)   0.0000 (  0.0%)   0.0000 (  0.0%)   0.0001 (  0.0%)  Lazy Branch Probability Analysis
   0.0000 (  0.0%)   0.0000 (  0.0%)   0.0000 (  0.0%)   0.0001 (  0.0%)  Optimization Remark Emitter
   0.0000 (  0.0%)   0.0000 (  0.0%)   0.0000 (  0.0%)   0.0001 (  0.0%)  Memory Dependence Analysis
   0.0000 (  0.0%)   0.0000 (  0.0%)   0.0000 (  0.0%)   0.0001 (  0.0%)  Basic Alias Analysis (stateless AA impl)
   0.0000 (  0.0%)   0.0000 (  0.0%)   0.0000 (  0.0%)   0.0001 (  0.0%)  Basic Alias Analysis (stateless AA impl)
   0.0000 (  0.0%)   0.0000 (  0.0%)   0.0000 (  0.0%)   0.0001 (  0.0%)  Lazy Branch Probability Analysis
   0.0000 (  0.0%)   0.0000 (  0.0%)   0.0000 (  0.0%)   0.0001 (  0.0%)  Basic Alias Analysis (stateless AA impl)
   0.0000 (  0.0%)   0.0000 (  0.0%)   0.0000 (  0.0%)   0.0001 (  0.0%)  Lazy Branch Probability Analysis
   0.0000 (  0.0%)   0.0000 (  0.0%)   0.0000 (  0.0%)   0.0001 (  0.0%)  Memory Dependence Analysis
   0.0000 (  0.0%)   0.0000 (  0.0%)   0.0000 (  0.0%)   0.0001 (  0.0%)  Basic Alias Analysis (stateless AA impl)
   0.0000 (  0.0%)   0.0000 (  0.0%)   0.0000 (  0.0%)   0.0001 (  0.0%)  Basic Alias Analysis (stateless AA impl)
   0.0000 (  0.0%)   0.0000 (  0.0%)   0.0000 (  0.0%)   0.0001 (  0.0%)  Memory Dependence Analysis
   0.0000 (  0.0%)   0.0000 (  0.0%)   0.0000 (  0.0%)   0.0001 (  0.0%)  Scalar Evolution Canonicalization
   0.0000 (  0.0%)   0.0000 (  0.0%)   0.0000 (  0.0%)   0.0001 (  0.0%)  Memory Dependence Analysis
   0.0000 (  0.0%)   0.0000 (  0.0%)   0.0000 (  0.0%)   0.0001 (  0.0%)  Memory Dependence Analysis
   0.0000 (  0.0%)   0.0000 (  0.0%)   0.0000 (  0.0%)   0.0001 (  0.0%)  Basic Alias Analysis (stateless AA impl)
   0.0000 (  0.0%)   0.0000 (  0.0%)   0.0000 (  0.0%)   0.0001 (  0.0%)  Basic Alias Analysis (stateless AA impl)
   0.0000 (  0.0%)   0.0000 (  0.0%)   0.0000 (  0.0%)   0.0001 (  0.0%)  Memory Dependence Analysis
   0.0000 (  0.0%)   0.0000 (  0.0%)   0.0000 (  0.0%)   0.0001 (  0.0%)  Analyze occurrence information
   0.0000 (  0.0%)   0.0000 (  0.0%)   0.0000 (  0.0%)   0.0001 (  0.0%)  Basic Alias Analysis (stateless AA impl)
   0.0000 (  0.0%)   0.0000 (  0.0%)   0.0000 (  0.0%)   0.0001 (  0.0%)  Basic Alias Analysis (stateless AA impl)
   0.0000 (  0.0%)   0.0000 (  0.0%)   0.0000 (  0.0%)   0.0001 (  0.0%)  Promote Memory to Register
   0.0000 (  0.0%)   0.0000 (  0.0%)   0.0000 (  0.0%)   0.0001 (  0.0%)  Basic Alias Analysis (stateless AA impl)
   0.0000 (  0.0%)   0.0000 (  0.0%)   0.0000 (  0.0%)   0.0001 (  0.0%)  Memory Dependence Analysis
   0.0000 (  0.0%)   0.0000 (  0.0%)   0.0000 (  0.0%)   0.0001 (  0.0%)  Optimization Remark Emitter
   0.0000 (  0.0%)   0.0000 (  0.0%)   0.0000 (  0.0%)   0.0001 (  0.0%)  Lazy Branch Probability Analysis
   0.0000 (  0.0%)   0.0000 (  0.0%)   0.0000 (  0.0%)   0.0001 (  0.0%)  Basic Alias Analysis (stateless AA impl)
   0.0000 (  0.0%)   0.0000 (  0.0%)   0.0000 (  0.0%)   0.0001 (  0.0%)  Basic Alias Analysis (stateless AA impl)
   0.0000 (  0.0%)   0.0000 (  0.0%)   0.0000 (  0.0%)   0.0001 (  0.0%)  Lazy Branch Probability Analysis
   0.0000 (  0.0%)   0.0000 (  0.0%)   0.0000 (  0.0%)   0.0001 (  0.0%)  Lazy Branch Probability Analysis
   0.0000 (  0.0%)   0.0000 (  0.0%)   0.0000 (  0.0%)   0.0001 (  0.0%)  Lazy Branch Probability Analysis
   0.0000 (  0.0%)   0.0000 (  0.0%)   0.0000 (  0.0%)   0.0001 (  0.0%)  Lazy Branch Probability Analysis
   0.0000 (  0.0%)   0.0000 (  0.0%)   0.0000 (  0.0%)   0.0001 (  0.0%)  Basic Alias Analysis (stateless AA impl)
   0.0000 (  0.0%)   0.0000 (  0.0%)   0.0000 (  0.0%)   0.0001 (  0.0%)  Basic Alias Analysis (stateless AA impl)
   0.0000 (  0.0%)   0.0000 (  0.0%)   0.0000 (  0.0%)   0.0001 (  0.0%)  Memory Dependence Analysis
   0.0000 (  0.0%)   0.0000 (  0.0%)   0.0000 (  0.0%)   0.0001 (  0.0%)  Basic Alias Analysis (stateless AA impl)
   0.0000 (  0.0%)   0.0000 (  0.0%)   0.0000 (  0.0%)   0.0001 (  0.0%)  Basic Alias Analysis (stateless AA impl)
   0.0000 (  0.0%)   0.0000 (  0.0%)   0.0000 (  0.0%)   0.0001 (  0.0%)  Lazy Branch Probability Analysis
   0.0000 (  0.0%)   0.0000 (  0.0%)   0.0000 (  0.0%)   0.0001 (  0.0%)  Lazy Branch Probability Analysis
   0.0000 (  0.0%)   0.0000 (  0.0%)   0.0000 (  0.0%)   0.0001 (  0.0%)  Promote Memory to Register
   0.0000 (  0.0%)   0.0000 (  0.0%)   0.0000 (  0.0%)   0.0001 (  0.0%)  Post-Dominator Tree Construction
   0.0000 (  0.0%)   0.0000 (  0.0%)   0.0000 (  0.0%)   0.0001 (  0.0%)  Basic Alias Analysis (stateless AA impl)
   0.0000 (  0.0%)   0.0000 (  0.0%)   0.0000 (  0.0%)   0.0001 (  0.0%)  Lazy Branch Probability Analysis
   0.0000 (  0.0%)   0.0000 (  0.0%)   0.0000 (  0.0%)   0.0001 (  0.0%)  Memory Dependence Analysis
   0.0000 (  0.0%)   0.0000 (  0.0%)   0.0000 (  0.0%)   0.0001 (  0.0%)  Memory Dependence Analysis
   0.0000 (  0.0%)   0.0000 (  0.0%)   0.0000 (  0.0%)   0.0001 (  0.0%)  Optimization Remark Emitter
   0.0000 (  0.0%)   0.0000 (  0.0%)   0.0000 (  0.0%)   0.0001 (  0.0%)  Basic Alias Analysis (stateless AA impl)
   0.0000 (  0.0%)   0.0000 (  0.0%)   0.0000 (  0.0%)   0.0001 (  0.0%)  Lazy Branch Probability Analysis
   0.0000 (  0.0%)   0.0000 (  0.0%)   0.0000 (  0.0%)   0.0001 (  0.0%)  Scalar Evolution Canonicalization
   0.0000 (  0.0%)   0.0000 (  0.0%)   0.0000 (  0.0%)   0.0001 (  0.0%)  Lazy Branch Probability Analysis
   0.0000 (  0.0%)   0.0000 (  0.0%)   0.0000 (  0.0%)   0.0001 (  0.0%)  Lazy Branch Probability Analysis
   0.0000 (  0.0%)   0.0000 (  0.0%)   0.0000 (  0.0%)   0.0001 (  0.0%)  Lazy Branch Probability Analysis
   0.0000 (  0.0%)   0.0000 (  0.0%)   0.0000 (  0.0%)   0.0001 (  0.0%)  Basic Alias Analysis (stateless AA impl)
   0.0000 (  0.0%)   0.0000 (  0.0%)   0.0000 (  0.0%)   0.0001 (  0.0%)  Scalar Evolution Canonicalization
   0.0000 (  0.0%)   0.0000 (  0.0%)   0.0000 (  0.0%)   0.0001 (  0.0%)  Basic Alias Analysis (stateless AA impl)
   0.0000 (  0.0%)   0.0000 (  0.0%)   0.0000 (  0.0%)   0.0001 (  0.0%)  Lazy Branch Probability Analysis
   0.0000 (  0.0%)   0.0000 (  0.0%)   0.0000 (  0.0%)   0.0001 (  0.0%)  Memory Dependence Analysis
   0.0000 (  0.0%)   0.0000 (  0.0%)   0.0000 (  0.0%)   0.0001 (  0.0%)  Lazy Branch Probability Analysis
   0.0000 (  0.0%)   0.0000 (  0.0%)   0.0000 (  0.0%)   0.0001 (  0.0%)  Lazy Branch Probability Analysis
   0.0000 (  0.0%)   0.0000 (  0.0%)   0.0000 (  0.0%)   0.0001 (  0.0%)  Basic Alias Analysis (stateless AA impl)
   0.0000 (  0.0%)   0.0000 (  0.0%)   0.0000 (  0.0%)   0.0001 (  0.0%)  Memory Dependence Analysis
   0.0000 (  0.0%)   0.0000 (  0.0%)   0.0000 (  0.0%)   0.0001 (  0.0%)  Lazy Branch Probability Analysis
   0.0000 (  0.0%)   0.0000 (  0.0%)   0.0000 (  0.0%)   0.0001 (  0.0%)  Memory Dependence Analysis
   0.0000 (  0.0%)   0.0000 (  0.0%)   0.0000 (  0.0%)   0.0001 (  0.0%)  Basic Alias Analysis (stateless AA impl)
   0.0000 (  0.0%)   0.0000 (  0.0%)   0.0000 (  0.0%)   0.0001 (  0.0%)  Optimization Remark Emitter
   0.0000 (  0.0%)   0.0000 (  0.0%)   0.0000 (  0.0%)   0.0001 (  0.0%)  Lazy Branch Probability Analysis
   0.0000 (  0.0%)   0.0000 (  0.0%)   0.0000 (  0.0%)   0.0001 (  0.0%)  Lazy Block Frequency Analysis
   0.0000 (  0.0%)   0.0000 (  0.0%)   0.0000 (  0.0%)   0.0001 (  0.0%)  Basic Alias Analysis (stateless AA impl)
   0.0000 (  0.0%)   0.0000 (  0.0%)   0.0000 (  0.0%)   0.0001 (  0.0%)  Lazy Branch Probability Analysis
   0.0000 (  0.0%)   0.0000 (  0.0%)   0.0000 (  0.0%)   0.0001 (  0.0%)  LCSSA Verifier
   0.0000 (  0.0%)   0.0000 (  0.0%)   0.0000 (  0.0%)   0.0001 (  0.0%)  Lazy Branch Probability Analysis
   0.0000 (  0.0%)   0.0000 (  0.0%)   0.0000 (  0.0%)   0.0001 (  0.0%)  Basic Alias Analysis (stateless AA impl)
   0.0000 (  0.0%)   0.0000 (  0.0%)   0.0000 (  0.0%)   0.0001 (  0.0%)  Lazy Branch Probability Analysis
   0.0000 (  0.0%)   0.0000 (  0.0%)   0.0000 (  0.0%)   0.0001 (  0.0%)  Lazy Block Frequency Analysis
   0.0000 (  0.0%)   0.0000 (  0.0%)   0.0000 (  0.0%)   0.0001 (  0.0%)  Lazy Branch Probability Analysis
   0.0000 (  0.0%)   0.0000 (  0.0%)   0.0000 (  0.0%)   0.0001 (  0.0%)  Basic Alias Analysis (stateless AA impl)
   0.0000 (  0.0%)   0.0000 (  0.0%)   0.0000 (  0.0%)   0.0001 (  0.0%)  Optimization Remark Emitter
   0.0000 (  0.0%)   0.0000 (  0.0%)   0.0000 (  0.0%)   0.0001 (  0.0%)  Optimization Remark Emitter
   0.0000 (  0.0%)   0.0000 (  0.0%)   0.0000 (  0.0%)   0.0001 (  0.0%)  Basic Alias Analysis (stateless AA impl)
   0.0000 (  0.0%)   0.0000 (  0.0%)   0.0000 (  0.0%)   0.0001 (  0.0%)  ScalarEvolution-based Alias Analysis
   0.0000 (  0.0%)   0.0000 (  0.0%)   0.0000 (  0.0%)   0.0001 (  0.0%)  ScalarEvolution-based Alias Analysis
   0.0000 (  0.0%)   0.0000 (  0.0%)   0.0000 (  0.0%)   0.0001 (  0.0%)  Optimization Remark Emitter
   0.0000 (  0.0%)   0.0000 (  0.0%)   0.0000 (  0.0%)   0.0001 (  0.0%)  Memory Dependence Analysis
   0.0000 (  0.0%)   0.0000 (  0.0%)   0.0000 (  0.0%)   0.0001 (  0.0%)  Memory Dependence Analysis
   0.0000 (  0.0%)   0.0000 (  0.0%)   0.0000 (  0.0%)   0.0001 (  0.0%)  ScalarEvolution-based Alias Analysis
   0.0000 (  0.0%)   0.0000 (  0.0%)   0.0000 (  0.0%)   0.0001 (  0.0%)  ScalarEvolution-based Alias Analysis
   0.0000 (  0.0%)   0.0000 (  0.0%)   0.0000 (  0.0%)   0.0001 (  0.0%)  Optimization Remark Emitter
   0.0000 (  0.0%)   0.0000 (  0.0%)   0.0000 (  0.0%)   0.0001 (  0.0%)  Basic Alias Analysis (stateless AA impl)
   0.0000 (  0.0%)   0.0000 (  0.0%)   0.0000 (  0.0%)   0.0001 (  0.0%)  Optimization Remark Emitter
   0.0000 (  0.0%)   0.0000 (  0.0%)   0.0000 (  0.0%)   0.0001 (  0.0%)  Optimization Remark Emitter
   0.0000 (  0.0%)   0.0000 (  0.0%)   0.0000 (  0.0%)   0.0001 (  0.0%)  Optimization Remark Emitter
   0.0000 (  0.0%)   0.0000 (  0.0%)   0.0000 (  0.0%)   0.0001 (  0.0%)  ScalarEvolution-based Alias Analysis
   0.0000 (  0.0%)   0.0000 (  0.0%)   0.0000 (  0.0%)   0.0001 (  0.0%)  Lazy Branch Probability Analysis
   0.0000 (  0.0%)   0.0000 (  0.0%)   0.0000 (  0.0%)   0.0001 (  0.0%)  Memory Dependence Analysis
   0.0000 (  0.0%)   0.0000 (  0.0%)   0.0000 (  0.0%)   0.0001 (  0.0%)  Optimization Remark Emitter
   0.0000 (  0.0%)   0.0000 (  0.0%)   0.0000 (  0.0%)   0.0001 (  0.0%)  Memory Dependence Analysis
   0.0000 (  0.0%)   0.0000 (  0.0%)   0.0000 (  0.0%)   0.0001 (  0.0%)  Basic Alias Analysis (stateless AA impl)
   0.0000 (  0.0%)   0.0000 (  0.0%)   0.0000 (  0.0%)   0.0001 (  0.0%)  Lazy Branch Probability Analysis
   0.0000 (  0.0%)   0.0000 (  0.0%)   0.0000 (  0.0%)   0.0001 (  0.0%)  Lazy Branch Probability Analysis
   0.0000 (  0.0%)   0.0000 (  0.0%)   0.0000 (  0.0%)   0.0001 (  0.0%)  Optimization Remark Emitter
   0.0000 (  0.0%)   0.0000 (  0.0%)   0.0000 (  0.0%)   0.0001 (  0.0%)  ScalarEvolution-based Alias Analysis
   0.0000 (  0.0%)   0.0000 (  0.0%)   0.0000 (  0.0%)   0.0001 (  0.0%)  ScalarEvolution-based Alias Analysis
   0.0000 (  0.0%)   0.0000 (  0.0%)   0.0000 (  0.0%)   0.0001 (  0.0%)  Memory Dependence Analysis
   0.0000 (  0.0%)   0.0000 (  0.0%)   0.0000 (  0.0%)   0.0001 (  0.0%)  Lazy Branch Probability Analysis
   0.0000 (  0.0%)   0.0000 (  0.0%)   0.0000 (  0.0%)   0.0001 (  0.0%)  Memory Dependence Analysis
   0.0000 (  0.0%)   0.0000 (  0.0%)   0.0000 (  0.0%)   0.0001 (  0.0%)  Basic Alias Analysis (stateless AA impl)
   0.0000 (  0.0%)   0.0000 (  0.0%)   0.0000 (  0.0%)   0.0001 (  0.0%)  Optimization Remark Emitter
   0.0000 (  0.0%)   0.0000 (  0.0%)   0.0000 (  0.0%)   0.0001 (  0.0%)  Lazy Branch Probability Analysis
   0.0000 (  0.0%)   0.0000 (  0.0%)   0.0000 (  0.0%)   0.0001 (  0.0%)  LCSSA Verifier
   0.0000 (  0.0%)   0.0000 (  0.0%)   0.0000 (  0.0%)   0.0001 (  0.0%)  Optimization Remark Emitter
   0.0000 (  0.0%)   0.0000 (  0.0%)   0.0000 (  0.0%)   0.0001 (  0.0%)  Optimization Remark Emitter
   0.0000 (  0.0%)   0.0000 (  0.0%)   0.0000 (  0.0%)   0.0001 (  0.0%)  Optimization Remark Emitter
   0.0000 (  0.0%)   0.0000 (  0.0%)   0.0000 (  0.0%)   0.0001 (  0.0%)  ScalarEvolution-based Alias Analysis
   0.0000 (  0.0%)   0.0000 (  0.0%)   0.0000 (  0.0%)   0.0001 (  0.0%)  Basic Alias Analysis (stateless AA impl)
   0.0000 (  0.0%)   0.0000 (  0.0%)   0.0000 (  0.0%)   0.0001 (  0.0%)  ScalarEvolution-based Alias Analysis
   0.0000 (  0.0%)   0.0000 (  0.0%)   0.0000 (  0.0%)   0.0001 (  0.0%)  Lazy Branch Probability Analysis
   0.0000 (  0.0%)   0.0000 (  0.0%)   0.0000 (  0.0%)   0.0001 (  0.0%)  Lazy Block Frequency Analysis
   0.0000 (  0.0%)   0.0000 (  0.0%)   0.0000 (  0.0%)   0.0001 (  0.0%)  Lazy Branch Probability Analysis
   0.0000 (  0.0%)   0.0000 (  0.0%)   0.0000 (  0.0%)   0.0001 (  0.0%)  Optimization Remark Emitter
   0.0000 (  0.0%)   0.0000 (  0.0%)   0.0000 (  0.0%)   0.0001 (  0.0%)  ScalarEvolution-based Alias Analysis
   0.0000 (  0.0%)   0.0000 (  0.0%)   0.0000 (  0.0%)   0.0001 (  0.0%)  Lazy Branch Probability Analysis
   0.0000 (  0.0%)   0.0000 (  0.0%)   0.0000 (  0.0%)   0.0001 (  0.0%)  Lazy Branch Probability Analysis
   0.0000 (  0.0%)   0.0000 (  0.0%)   0.0000 (  0.0%)   0.0001 (  0.0%)  Optimization Remark Emitter
   0.0000 (  0.0%)   0.0000 (  0.0%)   0.0000 (  0.0%)   0.0001 (  0.0%)  Optimization Remark Emitter
   0.0000 (  0.0%)   0.0000 (  0.0%)   0.0000 (  0.0%)   0.0001 (  0.0%)  Optimization Remark Emitter
   0.0000 (  0.0%)   0.0000 (  0.0%)   0.0000 (  0.0%)   0.0001 (  0.0%)  Optimization Remark Emitter
   0.0000 (  0.0%)   0.0000 (  0.0%)   0.0000 (  0.0%)   0.0001 (  0.0%)  ScalarEvolution-based Alias Analysis
   0.0000 (  0.0%)   0.0000 (  0.0%)   0.0000 (  0.0%)   0.0001 (  0.0%)  Memory Dependence Analysis
   0.0000 (  0.0%)   0.0000 (  0.0%)   0.0000 (  0.0%)   0.0001 (  0.0%)  Optimization Remark Emitter
   0.0000 (  0.0%)   0.0000 (  0.0%)   0.0000 (  0.0%)   0.0001 (  0.0%)  Optimization Remark Emitter
   0.0000 (  0.0%)   0.0000 (  0.0%)   0.0000 (  0.0%)   0.0001 (  0.0%)  Optimization Remark Emitter
   0.0000 (  0.0%)   0.0000 (  0.0%)   0.0000 (  0.0%)   0.0001 (  0.0%)  ScalarEvolution-based Alias Analysis
   0.0000 (  0.0%)   0.0000 (  0.0%)   0.0000 (  0.0%)   0.0001 (  0.0%)  ScalarEvolution-based Alias Analysis
   0.0000 (  0.0%)   0.0000 (  0.0%)   0.0000 (  0.0%)   0.0001 (  0.0%)  Optimization Remark Emitter
   0.0000 (  0.0%)   0.0000 (  0.0%)   0.0000 (  0.0%)   0.0001 (  0.0%)  Memory Dependence Analysis
   0.0000 (  0.0%)   0.0000 (  0.0%)   0.0000 (  0.0%)   0.0001 (  0.0%)  Interprocedural constant propagation
   0.0000 (  0.0%)   0.0000 (  0.0%)   0.0000 (  0.0%)   0.0001 (  0.0%)  Optimization Remark Emitter
   0.0000 (  0.0%)   0.0000 (  0.0%)   0.0000 (  0.0%)   0.0001 (  0.0%)  Lazy Branch Probability Analysis
   0.0000 (  0.0%)   0.0000 (  0.0%)   0.0000 (  0.0%)   0.0001 (  0.0%)  Optimization Remark Emitter
   0.0000 (  0.0%)   0.0000 (  0.0%)   0.0000 (  0.0%)   0.0001 (  0.0%)  Lazy Block Frequency Analysis
   0.0000 (  0.0%)   0.0000 (  0.0%)   0.0000 (  0.0%)   0.0001 (  0.0%)  Memory Dependence Analysis
   0.0000 (  0.0%)   0.0000 (  0.0%)   0.0000 (  0.0%)   0.0001 (  0.0%)  Optimization Remark Emitter
   0.0000 (  0.0%)   0.0000 (  0.0%)   0.0000 (  0.0%)   0.0001 (  0.0%)  ScalarEvolution-based Alias Analysis
   0.0000 (  0.0%)   0.0000 (  0.0%)   0.0000 (  0.0%)   0.0001 (  0.0%)  Lazy Branch Probability Analysis
   0.0000 (  0.0%)   0.0000 (  0.0%)   0.0000 (  0.0%)   0.0001 (  0.0%)  Basic Alias Analysis (stateless AA impl)
   0.0000 (  0.0%)   0.0000 (  0.0%)   0.0000 (  0.0%)   0.0001 (  0.0%)  Basic Alias Analysis (stateless AA impl)
   0.0000 (  0.0%)   0.0000 (  0.0%)   0.0000 (  0.0%)   0.0001 (  0.0%)  Lazy Branch Probability Analysis
   0.0000 (  0.0%)   0.0000 (  0.0%)   0.0000 (  0.0%)   0.0001 (  0.0%)  Basic Alias Analysis (stateless AA impl)
   0.0000 (  0.0%)   0.0000 (  0.0%)   0.0000 (  0.0%)   0.0001 (  0.0%)  Optimization Remark Emitter
   0.0000 (  0.0%)   0.0000 (  0.0%)   0.0000 (  0.0%)   0.0001 (  0.0%)  ScalarEvolution-based Alias Analysis
   0.0000 (  0.0%)   0.0000 (  0.0%)   0.0000 (  0.0%)   0.0001 (  0.0%)  Optimization Remark Emitter
   0.0000 (  0.0%)   0.0000 (  0.0%)   0.0000 (  0.0%)   0.0001 (  0.0%)  Optimization Remark Emitter
   0.0000 (  0.0%)   0.0000 (  0.0%)   0.0000 (  0.0%)   0.0001 (  0.0%)  Optimization Remark Emitter
   0.0000 (  0.0%)   0.0000 (  0.0%)   0.0000 (  0.0%)   0.0001 (  0.0%)  Optimization Remark Emitter
   0.0000 (  0.0%)   0.0000 (  0.0%)   0.0000 (  0.0%)   0.0001 (  0.0%)  Optimization Remark Emitter
   0.0000 (  0.0%)   0.0000 (  0.0%)   0.0000 (  0.0%)   0.0001 (  0.0%)  Lazy Branch Probability Analysis
   0.0000 (  0.0%)   0.0000 (  0.0%)   0.0000 (  0.0%)   0.0001 (  0.0%)  Lazy Branch Probability Analysis
   0.0000 (  0.0%)   0.0000 (  0.0%)   0.0000 (  0.0%)   0.0001 (  0.0%)  LCSSA Verifier
   0.0000 (  0.0%)   0.0000 (  0.0%)   0.0000 (  0.0%)   0.0001 (  0.0%)  Lazy Block Frequency Analysis
   0.0000 (  0.0%)   0.0000 (  0.0%)   0.0000 (  0.0%)   0.0001 (  0.0%)  Optimization Remark Emitter
   0.0000 (  0.0%)   0.0000 (  0.0%)   0.0000 (  0.0%)   0.0001 (  0.0%)  ScalarEvolution-based Alias Analysis
   0.0000 (  0.0%)   0.0000 (  0.0%)   0.0000 (  0.0%)   0.0001 (  0.0%)  LCSSA Verifier
   0.0000 (  0.0%)   0.0000 (  0.0%)   0.0000 (  0.0%)   0.0001 (  0.0%)  ScalarEvolution-based Alias Analysis
   0.0000 (  0.0%)   0.0000 (  0.0%)   0.0000 (  0.0%)   0.0001 (  0.0%)  Lazy Block Frequency Analysis
   0.0000 (  0.0%)   0.0000 (  0.0%)   0.0000 (  0.0%)   0.0001 (  0.0%)  Memory Dependence Analysis
   0.0000 (  0.0%)   0.0000 (  0.0%)   0.0000 (  0.0%)   0.0001 (  0.0%)  Optimization Remark Emitter
   0.0000 (  0.0%)   0.0000 (  0.0%)   0.0000 (  0.0%)   0.0001 (  0.0%)  Lazy Branch Probability Analysis
   0.0000 (  0.0%)   0.0000 (  0.0%)   0.0000 (  0.0%)   0.0001 (  0.0%)  Basic Alias Analysis (stateless AA impl)
   0.0000 (  0.0%)   0.0000 (  0.0%)   0.0000 (  0.0%)   0.0001 (  0.0%)  Basic Alias Analysis (stateless AA impl)
   0.0000 (  0.0%)   0.0000 (  0.0%)   0.0000 (  0.0%)   0.0001 (  0.0%)  Lazy Block Frequency Analysis
   0.0000 (  0.0%)   0.0000 (  0.0%)   0.0000 (  0.0%)   0.0001 (  0.0%)  Optimization Remark Emitter
   0.0000 (  0.0%)   0.0000 (  0.0%)   0.0000 (  0.0%)   0.0001 (  0.0%)  DeSPMD - Insert barriers into uniform loops
   0.0000 (  0.0%)   0.0000 (  0.0%)   0.0000 (  0.0%)   0.0001 (  0.0%)  ScalarEvolution-based Alias Analysis
   0.0000 (  0.0%)   0.0000 (  0.0%)   0.0000 (  0.0%)   0.0001 (  0.0%)  Lazy Block Frequency Analysis
   0.0000 (  0.0%)   0.0000 (  0.0%)   0.0000 (  0.0%)   0.0001 (  0.0%)  Optimization Remark Emitter
   0.0000 (  0.0%)   0.0000 (  0.0%)   0.0000 (  0.0%)   0.0001 (  0.0%)  Lazy Branch Probability Analysis
   0.0000 (  0.0%)   0.0000 (  0.0%)   0.0000 (  0.0%)   0.0001 (  0.0%)  Optimization Remark Emitter
   0.0000 (  0.0%)   0.0000 (  0.0%)   0.0000 (  0.0%)   0.0001 (  0.0%)  LCSSA Verifier
   0.0000 (  0.0%)   0.0000 (  0.0%)   0.0000 (  0.0%)   0.0001 (  0.0%)  Lazy Branch Probability Analysis
   0.0000 (  0.0%)   0.0000 (  0.0%)   0.0000 (  0.0%)   0.0001 (  0.0%)  Lazy Branch Probability Analysis
   0.0000 (  0.0%)   0.0000 (  0.0%)   0.0000 (  0.0%)   0.0001 (  0.0%)  LCSSA Verifier
   0.0000 (  0.0%)   0.0000 (  0.0%)   0.0000 (  0.0%)   0.0001 (  0.0%)  ScalarEvolution-based Alias Analysis
   0.0000 (  0.0%)   0.0000 (  0.0%)   0.0000 (  0.0%)   0.0001 (  0.0%)  Entirety access check on array-to-stream
   0.0000 (  0.0%)   0.0000 (  0.0%)   0.0000 (  0.0%)   0.0001 (  0.0%)  Optimization Remark Emitter
   0.0000 (  0.0%)   0.0000 (  0.0%)   0.0000 (  0.0%)   0.0001 (  0.0%)  Basic Alias Analysis (stateless AA impl)
   0.0000 (  0.0%)   0.0000 (  0.0%)   0.0000 (  0.0%)   0.0001 (  0.0%)  Optimization Remark Emitter
   0.0000 (  0.0%)   0.0000 (  0.0%)   0.0000 (  0.0%)   0.0001 (  0.0%)  Optimization Remark Emitter
   0.0000 (  0.0%)   0.0000 (  0.0%)   0.0000 (  0.0%)   0.0001 (  0.0%)  Optimization Remark Emitter
   0.0000 (  0.0%)   0.0000 (  0.0%)   0.0000 (  0.0%)   0.0001 (  0.0%)  LCSSA Verifier
   0.0000 (  0.0%)   0.0000 (  0.0%)   0.0000 (  0.0%)   0.0001 (  0.0%)  Lazy Block Frequency Analysis
   0.0000 (  0.0%)   0.0000 (  0.0%)   0.0000 (  0.0%)   0.0001 (  0.0%)  Optimization Remark Emitter
   0.0000 (  0.0%)   0.0000 (  0.0%)   0.0000 (  0.0%)   0.0001 (  0.0%)  Optimization Remark Emitter
   0.0000 (  0.0%)   0.0000 (  0.0%)   0.0000 (  0.0%)   0.0001 (  0.0%)  Optimization Remark Emitter
   0.0000 (  0.0%)   0.0000 (  0.0%)   0.0000 (  0.0%)   0.0001 (  0.0%)  Basic Alias Analysis (stateless AA impl)
   0.0000 (  0.0%)   0.0000 (  0.0%)   0.0000 (  0.0%)   0.0001 (  0.0%)  Lazy Block Frequency Analysis
   0.0000 (  0.0%)   0.0000 (  0.0%)   0.0000 (  0.0%)   0.0001 (  0.0%)  Lazy Block Frequency Analysis
   0.0000 (  0.0%)   0.0000 (  0.0%)   0.0000 (  0.0%)   0.0001 (  0.0%)  Optimization Remark Emitter
   0.0000 (  0.0%)   0.0000 (  0.0%)   0.0000 (  0.0%)   0.0001 (  0.0%)  Lazy Block Frequency Analysis
   0.0000 (  0.0%)   0.0000 (  0.0%)   0.0000 (  0.0%)   0.0001 (  0.0%)  ScalarEvolution-based Alias Analysis
   0.0000 (  0.0%)   0.0000 (  0.0%)   0.0000 (  0.0%)   0.0001 (  0.0%)  ScalarEvolution-based Alias Analysis
   0.0000 (  0.0%)   0.0000 (  0.0%)   0.0000 (  0.0%)   0.0001 (  0.0%)  ScalarEvolution-based Alias Analysis
   0.0000 (  0.0%)   0.0000 (  0.0%)   0.0000 (  0.0%)   0.0001 (  0.0%)  ScalarEvolution-based Alias Analysis
   0.0000 (  0.0%)   0.0000 (  0.0%)   0.0000 (  0.0%)   0.0001 (  0.0%)  Basic Alias Analysis (stateless AA impl)
   0.0000 (  0.0%)   0.0000 (  0.0%)   0.0000 (  0.0%)   0.0001 (  0.0%)  ScalarEvolution-based Alias Analysis
   0.0000 (  0.0%)   0.0000 (  0.0%)   0.0000 (  0.0%)   0.0001 (  0.0%)  Lazy Block Frequency Analysis
   0.0000 (  0.0%)   0.0000 (  0.0%)   0.0000 (  0.0%)   0.0001 (  0.0%)  Lazy Block Frequency Analysis
   0.0000 (  0.0%)   0.0000 (  0.0%)   0.0000 (  0.0%)   0.0001 (  0.0%)  LCSSA Verifier
   0.0000 (  0.0%)   0.0000 (  0.0%)   0.0000 (  0.0%)   0.0001 (  0.0%)  Lazy Block Frequency Analysis
   0.0000 (  0.0%)   0.0000 (  0.0%)   0.0000 (  0.0%)   0.0001 (  0.0%)  ScalarEvolution-based Alias Analysis
   0.0000 (  0.0%)   0.0000 (  0.0%)   0.0000 (  0.0%)   0.0001 (  0.0%)  Basic Alias Analysis (stateless AA impl)
   0.0000 (  0.0%)   0.0000 (  0.0%)   0.0000 (  0.0%)   0.0001 (  0.0%)  Optimization Remark Emitter
   0.0000 (  0.0%)   0.0000 (  0.0%)   0.0000 (  0.0%)   0.0001 (  0.0%)  Memory Dependence Analysis
   0.0000 (  0.0%)   0.0000 (  0.0%)   0.0000 (  0.0%)   0.0001 (  0.0%)  Basic Alias Analysis (stateless AA impl)
   0.0000 (  0.0%)   0.0000 (  0.0%)   0.0000 (  0.0%)   0.0001 (  0.0%)  Lazy Block Frequency Analysis
   0.0000 (  0.0%)   0.0000 (  0.0%)   0.0000 (  0.0%)   0.0001 (  0.0%)  ScalarEvolution-based Alias Analysis
   0.0000 (  0.0%)   0.0000 (  0.0%)   0.0000 (  0.0%)   0.0001 (  0.0%)  Optimization Remark Emitter
   0.0000 (  0.0%)   0.0000 (  0.0%)   0.0000 (  0.0%)   0.0001 (  0.0%)  Lazy Block Frequency Analysis
   0.0000 (  0.0%)   0.0000 (  0.0%)   0.0000 (  0.0%)   0.0001 (  0.0%)  ScalarEvolution-based Alias Analysis
   0.0000 (  0.0%)   0.0000 (  0.0%)   0.0000 (  0.0%)   0.0001 (  0.0%)  Lazy Block Frequency Analysis
   0.0000 (  0.0%)   0.0000 (  0.0%)   0.0000 (  0.0%)   0.0000 (  0.0%)  Optimization Remark Emitter
   0.0000 (  0.0%)   0.0000 (  0.0%)   0.0000 (  0.0%)   0.0000 (  0.0%)  Optimization Remark Emitter
   0.0000 (  0.0%)   0.0000 (  0.0%)   0.0000 (  0.0%)   0.0000 (  0.0%)  Optimization Remark Emitter
   0.0000 (  0.0%)   0.0000 (  0.0%)   0.0000 (  0.0%)   0.0000 (  0.0%)  Optimization Remark Emitter
   0.0000 (  0.0%)   0.0000 (  0.0%)   0.0000 (  0.0%)   0.0000 (  0.0%)  Optimization Remark Emitter
   0.0000 (  0.0%)   0.0000 (  0.0%)   0.0000 (  0.0%)   0.0000 (  0.0%)  Lazy Block Frequency Analysis
   0.0000 (  0.0%)   0.0000 (  0.0%)   0.0000 (  0.0%)   0.0000 (  0.0%)  Memory Dependence Analysis
   0.0000 (  0.0%)   0.0000 (  0.0%)   0.0000 (  0.0%)   0.0000 (  0.0%)  Dominator Tree Construction
   0.0000 (  0.0%)   0.0000 (  0.0%)   0.0000 (  0.0%)   0.0000 (  0.0%)  Optimization Remark Emitter
   0.0000 (  0.0%)   0.0000 (  0.0%)   0.0000 (  0.0%)   0.0000 (  0.0%)  Optimization Remark Emitter
   0.0000 (  0.0%)   0.0000 (  0.0%)   0.0000 (  0.0%)   0.0000 (  0.0%)  Optimization Remark Emitter
   0.0000 (  0.0%)   0.0000 (  0.0%)   0.0000 (  0.0%)   0.0000 (  0.0%)  ScalarEvolution-based Alias Analysis
   0.0000 (  0.0%)   0.0000 (  0.0%)   0.0000 (  0.0%)   0.0000 (  0.0%)  Optimization Remark Emitter
   0.0000 (  0.0%)   0.0000 (  0.0%)   0.0000 (  0.0%)   0.0000 (  0.0%)  Lazy Block Frequency Analysis
   0.0000 (  0.0%)   0.0000 (  0.0%)   0.0000 (  0.0%)   0.0000 (  0.0%)  Optimization Remark Emitter
   0.0000 (  0.0%)   0.0000 (  0.0%)   0.0000 (  0.0%)   0.0000 (  0.0%)  Memory Dependence Analysis
   0.0000 (  0.0%)   0.0000 (  0.0%)   0.0000 (  0.0%)   0.0000 (  0.0%)  Optimization Remark Emitter
   0.0000 (  0.0%)   0.0000 (  0.0%)   0.0000 (  0.0%)   0.0000 (  0.0%)  Lazy Branch Probability Analysis
   0.0000 (  0.0%)   0.0000 (  0.0%)   0.0000 (  0.0%)   0.0000 (  0.0%)  Lazy Branch Probability Analysis
   0.0000 (  0.0%)   0.0000 (  0.0%)   0.0000 (  0.0%)   0.0000 (  0.0%)  Lazy Block Frequency Analysis
   0.0000 (  0.0%)   0.0000 (  0.0%)   0.0000 (  0.0%)   0.0000 (  0.0%)  Optimization Remark Emitter
   0.0000 (  0.0%)   0.0000 (  0.0%)   0.0000 (  0.0%)   0.0000 (  0.0%)  Lazy Block Frequency Analysis
   0.0000 (  0.0%)   0.0000 (  0.0%)   0.0000 (  0.0%)   0.0000 (  0.0%)  Memory Dependence Analysis
   0.0000 (  0.0%)   0.0000 (  0.0%)   0.0000 (  0.0%)   0.0000 (  0.0%)  ScalarEvolution-based Alias Analysis
   0.0000 (  0.0%)   0.0000 (  0.0%)   0.0000 (  0.0%)   0.0000 (  0.0%)  Optimization Remark Emitter
   0.0000 (  0.0%)   0.0000 (  0.0%)   0.0000 (  0.0%)   0.0000 (  0.0%)  ScalarEvolution-based Alias Analysis
   0.0000 (  0.0%)   0.0000 (  0.0%)   0.0000 (  0.0%)   0.0000 (  0.0%)  Memory Dependence Analysis
   0.0000 (  0.0%)   0.0000 (  0.0%)   0.0000 (  0.0%)   0.0000 (  0.0%)  Optimization Remark Emitter
   0.0000 (  0.0%)   0.0000 (  0.0%)   0.0000 (  0.0%)   0.0000 (  0.0%)  Lazy Block Frequency Analysis
   0.0000 (  0.0%)   0.0000 (  0.0%)   0.0000 (  0.0%)   0.0000 (  0.0%)  Optimization Remark Emitter
   0.0000 (  0.0%)   0.0000 (  0.0%)   0.0000 (  0.0%)   0.0000 (  0.0%)  LCSSA Verifier
   0.0000 (  0.0%)   0.0000 (  0.0%)   0.0000 (  0.0%)   0.0000 (  0.0%)  Optimization Remark Emitter
   0.0000 (  0.0%)   0.0000 (  0.0%)   0.0000 (  0.0%)   0.0000 (  0.0%)  Lazy Block Frequency Analysis
   0.0000 (  0.0%)   0.0000 (  0.0%)   0.0000 (  0.0%)   0.0000 (  0.0%)  LCSSA Verifier
   0.0000 (  0.0%)   0.0000 (  0.0%)   0.0000 (  0.0%)   0.0000 (  0.0%)  Lazy Block Frequency Analysis
   0.0000 (  0.0%)   0.0000 (  0.0%)   0.0000 (  0.0%)   0.0000 (  0.0%)  Lazy Block Frequency Analysis
   0.0000 (  0.0%)   0.0000 (  0.0%)   0.0000 (  0.0%)   0.0000 (  0.0%)  Lazy Block Frequency Analysis
   0.0000 (  0.0%)   0.0000 (  0.0%)   0.0000 (  0.0%)   0.0000 (  0.0%)  Lazy Block Frequency Analysis
   0.0000 (  0.0%)   0.0000 (  0.0%)   0.0000 (  0.0%)   0.0000 (  0.0%)  Lazy Block Frequency Analysis
   0.0000 (  0.0%)   0.0000 (  0.0%)   0.0000 (  0.0%)   0.0000 (  0.0%)  Optimization Remark Emitter
   0.0000 (  0.0%)   0.0000 (  0.0%)   0.0000 (  0.0%)   0.0000 (  0.0%)  Optimization Remark Emitter
   0.0000 (  0.0%)   0.0000 (  0.0%)   0.0000 (  0.0%)   0.0000 (  0.0%)  ScalarEvolution-based Alias Analysis
   0.0000 (  0.0%)   0.0000 (  0.0%)   0.0000 (  0.0%)   0.0000 (  0.0%)  Lazy Block Frequency Analysis
   0.0000 (  0.0%)   0.0000 (  0.0%)   0.0000 (  0.0%)   0.0000 (  0.0%)  Lazy Block Frequency Analysis
   0.0000 (  0.0%)   0.0000 (  0.0%)   0.0000 (  0.0%)   0.0000 (  0.0%)  Optimization Remark Emitter
   0.0000 (  0.0%)   0.0000 (  0.0%)   0.0000 (  0.0%)   0.0000 (  0.0%)  Optimization Remark Emitter
   0.0000 (  0.0%)   0.0000 (  0.0%)   0.0000 (  0.0%)   0.0000 (  0.0%)  LCSSA Verifier
   0.0000 (  0.0%)   0.0000 (  0.0%)   0.0000 (  0.0%)   0.0000 (  0.0%)  Lazy Block Frequency Analysis
   0.0000 (  0.0%)   0.0000 (  0.0%)   0.0000 (  0.0%)   0.0000 (  0.0%)  Lazy Branch Probability Analysis
   0.0000 (  0.0%)   0.0000 (  0.0%)   0.0000 (  0.0%)   0.0000 (  0.0%)  Optimization Remark Emitter
   0.0000 (  0.0%)   0.0000 (  0.0%)   0.0000 (  0.0%)   0.0000 (  0.0%)  ScalarEvolution-based Alias Analysis
   0.0000 (  0.0%)   0.0000 (  0.0%)   0.0000 (  0.0%)   0.0000 (  0.0%)  Lazy Block Frequency Analysis
   0.0000 (  0.0%)   0.0000 (  0.0%)   0.0000 (  0.0%)   0.0000 (  0.0%)  LCSSA Verifier
   0.0000 (  0.0%)   0.0000 (  0.0%)   0.0000 (  0.0%)   0.0000 (  0.0%)  Lazy Block Frequency Analysis
   0.0000 (  0.0%)   0.0000 (  0.0%)   0.0000 (  0.0%)   0.0000 (  0.0%)  Optimization Remark Emitter
   0.0000 (  0.0%)   0.0000 (  0.0%)   0.0000 (  0.0%)   0.0000 (  0.0%)  Optimization Remark Emitter
   0.0000 (  0.0%)   0.0000 (  0.0%)   0.0000 (  0.0%)   0.0000 (  0.0%)  Lazy Block Frequency Analysis
   0.0000 (  0.0%)   0.0000 (  0.0%)   0.0000 (  0.0%)   0.0000 (  0.0%)  Optimization Remark Emitter
   0.0000 (  0.0%)   0.0000 (  0.0%)   0.0000 (  0.0%)   0.0000 (  0.0%)  ScalarEvolution-based Alias Analysis
   0.0000 (  0.0%)   0.0000 (  0.0%)   0.0000 (  0.0%)   0.0000 (  0.0%)  Optimization Remark Emitter
   0.0000 (  0.0%)   0.0000 (  0.0%)   0.0000 (  0.0%)   0.0000 (  0.0%)  Optimization Remark Emitter
   0.0000 (  0.0%)   0.0000 (  0.0%)   0.0000 (  0.0%)   0.0000 (  0.0%)  Optimization Remark Emitter
   0.0000 (  0.0%)   0.0000 (  0.0%)   0.0000 (  0.0%)   0.0000 (  0.0%)  Lazy Block Frequency Analysis
   0.0000 (  0.0%)   0.0000 (  0.0%)   0.0000 (  0.0%)   0.0000 (  0.0%)  Memory Dependence Analysis
   0.0000 (  0.0%)   0.0000 (  0.0%)   0.0000 (  0.0%)   0.0000 (  0.0%)  Lazy Block Frequency Analysis
   0.0000 (  0.0%)   0.0000 (  0.0%)   0.0000 (  0.0%)   0.0000 (  0.0%)  SPIRUpdateIntrRange - Update SPIR Intrinsics Metadata
   0.0000 (  0.0%)   0.0000 (  0.0%)   0.0000 (  0.0%)   0.0000 (  0.0%)  Lazy Block Frequency Analysis
   0.0000 (  0.0%)   0.0000 (  0.0%)   0.0000 (  0.0%)   0.0000 (  0.0%)  Basic Alias Analysis (stateless AA impl)
   0.0000 (  0.0%)   0.0000 (  0.0%)   0.0000 (  0.0%)   0.0000 (  0.0%)  ScalarEvolution-based Alias Analysis
   0.0000 (  0.0%)   0.0000 (  0.0%)   0.0000 (  0.0%)   0.0000 (  0.0%)  Optimization Remark Emitter
   0.0000 (  0.0%)   0.0000 (  0.0%)   0.0000 (  0.0%)   0.0000 (  0.0%)  Optimization Remark Emitter
   0.0000 (  0.0%)   0.0000 (  0.0%)   0.0000 (  0.0%)   0.0000 (  0.0%)  Optimization Remark Emitter
   0.0000 (  0.0%)   0.0000 (  0.0%)   0.0000 (  0.0%)   0.0000 (  0.0%)  Optimization Remark Emitter
   0.0000 (  0.0%)   0.0000 (  0.0%)   0.0000 (  0.0%)   0.0000 (  0.0%)  Optimization Remark Emitter
   0.0000 (  0.0%)   0.0000 (  0.0%)   0.0000 (  0.0%)   0.0000 (  0.0%)  LCSSA Verifier
   0.0000 (  0.0%)   0.0000 (  0.0%)   0.0000 (  0.0%)   0.0000 (  0.0%)  Optimization Remark Emitter
   0.0000 (  0.0%)   0.0000 (  0.0%)   0.0000 (  0.0%)   0.0000 (  0.0%)  Shrink Synchronization Regions in SPMD program to reduce CFG complexity
   0.0000 (  0.0%)   0.0000 (  0.0%)   0.0000 (  0.0%)   0.0000 (  0.0%)  Lazy Block Frequency Analysis
   0.0000 (  0.0%)   0.0000 (  0.0%)   0.0000 (  0.0%)   0.0000 (  0.0%)  Optimization Remark Emitter
   0.0000 (  0.0%)   0.0000 (  0.0%)   0.0000 (  0.0%)   0.0000 (  0.0%)  ScalarEvolution-based Alias Analysis
   0.0000 (  0.0%)   0.0000 (  0.0%)   0.0000 (  0.0%)   0.0000 (  0.0%)  LCSSA Verifier
   0.0000 (  0.0%)   0.0000 (  0.0%)   0.0000 (  0.0%)   0.0000 (  0.0%)  LCSSA Verifier
   0.0000 (  0.0%)   0.0000 (  0.0%)   0.0000 (  0.0%)   0.0000 (  0.0%)  Optimization Remark Emitter
   0.0000 (  0.0%)   0.0000 (  0.0%)   0.0000 (  0.0%)   0.0000 (  0.0%)  Lazy Block Frequency Analysis
   0.0000 (  0.0%)   0.0000 (  0.0%)   0.0000 (  0.0%)   0.0000 (  0.0%)  Optimization Remark Emitter
   0.0000 (  0.0%)   0.0000 (  0.0%)   0.0000 (  0.0%)   0.0000 (  0.0%)  Optimization Remark Emitter
   0.0000 (  0.0%)   0.0156 (  2.2%)   0.0156 (  0.2%)   0.0000 (  0.0%)  Lazy Block Frequency Analysis
   0.0000 (  0.0%)   0.0000 (  0.0%)   0.0000 (  0.0%)   0.0000 (  0.0%)  Lazy Block Frequency Analysis
   0.0000 (  0.0%)   0.0000 (  0.0%)   0.0000 (  0.0%)   0.0000 (  0.0%)  Lazy Block Frequency Analysis
   0.0000 (  0.0%)   0.0000 (  0.0%)   0.0000 (  0.0%)   0.0000 (  0.0%)  Lazy Block Frequency Analysis
   0.0000 (  0.0%)   0.0000 (  0.0%)   0.0000 (  0.0%)   0.0000 (  0.0%)  Lazy Block Frequency Analysis
   0.0000 (  0.0%)   0.0000 (  0.0%)   0.0000 (  0.0%)   0.0000 (  0.0%)  Lazy Block Frequency Analysis
   0.0000 (  0.0%)   0.0000 (  0.0%)   0.0000 (  0.0%)   0.0000 (  0.0%)  LCSSA Verifier
   0.0000 (  0.0%)   0.0000 (  0.0%)   0.0000 (  0.0%)   0.0000 (  0.0%)  Optimization Remark Emitter
   0.0000 (  0.0%)   0.0000 (  0.0%)   0.0000 (  0.0%)   0.0000 (  0.0%)  Optimization Remark Emitter
   0.0000 (  0.0%)   0.0000 (  0.0%)   0.0000 (  0.0%)   0.0000 (  0.0%)  Optimization Remark Emitter
   0.0000 (  0.0%)   0.0000 (  0.0%)   0.0000 (  0.0%)   0.0000 (  0.0%)  Lazy Block Frequency Analysis
   0.0000 (  0.0%)   0.0000 (  0.0%)   0.0000 (  0.0%)   0.0000 (  0.0%)  Optimization Remark Emitter
   0.0000 (  0.0%)   0.0000 (  0.0%)   0.0000 (  0.0%)   0.0000 (  0.0%)  Lazy Block Frequency Analysis
   0.0000 (  0.0%)   0.0000 (  0.0%)   0.0000 (  0.0%)   0.0000 (  0.0%)  Delinearization
   0.0000 (  0.0%)   0.0000 (  0.0%)   0.0000 (  0.0%)   0.0000 (  0.0%)  Lazy Block Frequency Analysis
   0.0000 (  0.0%)   0.0000 (  0.0%)   0.0000 (  0.0%)   0.0000 (  0.0%)  LCSSA Verifier
   0.0000 (  0.0%)   0.0000 (  0.0%)   0.0000 (  0.0%)   0.0000 (  0.0%)  Lazy Block Frequency Analysis
   0.0000 (  0.0%)   0.0000 (  0.0%)   0.0000 (  0.0%)   0.0000 (  0.0%)  Vectorize the SPMD regions
   0.0000 (  0.0%)   0.0000 (  0.0%)   0.0000 (  0.0%)   0.0000 (  0.0%)  Optimization Remark Emitter
   0.0000 (  0.0%)   0.0000 (  0.0%)   0.0000 (  0.0%)   0.0000 (  0.0%)  Lazy Block Frequency Analysis
   0.0000 (  0.0%)   0.0000 (  0.0%)   0.0000 (  0.0%)   0.0000 (  0.0%)  Lazy Block Frequency Analysis
   0.0000 (  0.0%)   0.0000 (  0.0%)   0.0000 (  0.0%)   0.0000 (  0.0%)  Lazy Block Frequency Analysis
   0.0000 (  0.0%)   0.0000 (  0.0%)   0.0000 (  0.0%)   0.0000 (  0.0%)  Predicate SPIR Kernels
   0.0000 (  0.0%)   0.0000 (  0.0%)   0.0000 (  0.0%)   0.0000 (  0.0%)  ScalarEvolution-based Alias Analysis
   0.0000 (  0.0%)   0.0000 (  0.0%)   0.0000 (  0.0%)   0.0000 (  0.0%)  Lazy Block Frequency Analysis
   0.0000 (  0.0%)   0.0000 (  0.0%)   0.0000 (  0.0%)   0.0000 (  0.0%)  Optimization Remark Emitter
   0.0000 (  0.0%)   0.0000 (  0.0%)   0.0000 (  0.0%)   0.0000 (  0.0%)  Lazy Block Frequency Analysis
   0.0000 (  0.0%)   0.0000 (  0.0%)   0.0000 (  0.0%)   0.0000 (  0.0%)  Lazy Block Frequency Analysis
   0.0000 (  0.0%)   0.0000 (  0.0%)   0.0000 (  0.0%)   0.0000 (  0.0%)  Lazy Block Frequency Analysis
   0.0000 (  0.0%)   0.0000 (  0.0%)   0.0000 (  0.0%)   0.0000 (  0.0%)  Lazy Block Frequency Analysis
   0.0000 (  0.0%)   0.0000 (  0.0%)   0.0000 (  0.0%)   0.0000 (  0.0%)  ScalarEvolution-based Alias Analysis
   0.0000 (  0.0%)   0.0000 (  0.0%)   0.0000 (  0.0%)   0.0000 (  0.0%)  Optimization Remark Emitter
   0.0000 (  0.0%)   0.0000 (  0.0%)   0.0000 (  0.0%)   0.0000 (  0.0%)  LCSSA Verifier
   0.0000 (  0.0%)   0.0000 (  0.0%)   0.0000 (  0.0%)   0.0000 (  0.0%)  Optimization Remark Emitter
   0.0000 (  0.0%)   0.0000 (  0.0%)   0.0000 (  0.0%)   0.0000 (  0.0%)  ScalarEvolution-based Alias Analysis
   0.0000 (  0.0%)   0.0000 (  0.0%)   0.0000 (  0.0%)   0.0000 (  0.0%)  Optimization Remark Emitter
   0.0000 (  0.0%)   0.0000 (  0.0%)   0.0000 (  0.0%)   0.0000 (  0.0%)  ScalarEvolution-based Alias Analysis
   0.0000 (  0.0%)   0.0000 (  0.0%)   0.0000 (  0.0%)   0.0000 (  0.0%)  Optimization Remark Emitter
   0.0000 (  0.0%)   0.0000 (  0.0%)   0.0000 (  0.0%)   0.0000 (  0.0%)  Optimization Remark Emitter
   0.0000 (  0.0%)   0.0000 (  0.0%)   0.0000 (  0.0%)   0.0000 (  0.0%)  Optimization Remark Emitter
   0.0000 (  0.0%)   0.0000 (  0.0%)   0.0000 (  0.0%)   0.0000 (  0.0%)  Lazy Block Frequency Analysis
   0.0000 (  0.0%)   0.0000 (  0.0%)   0.0000 (  0.0%)   0.0000 (  0.0%)  ScalarEvolution-based Alias Analysis
   0.0000 (  0.0%)   0.0000 (  0.0%)   0.0000 (  0.0%)   0.0000 (  0.0%)  Optimization Remark Emitter
   0.0000 (  0.0%)   0.0000 (  0.0%)   0.0000 (  0.0%)   0.0000 (  0.0%)  Lazy Block Frequency Analysis
   0.0000 (  0.0%)   0.0000 (  0.0%)   0.0000 (  0.0%)   0.0000 (  0.0%)  Optimization Remark Emitter
   0.0000 (  0.0%)   0.0000 (  0.0%)   0.0000 (  0.0%)   0.0000 (  0.0%)  LCSSA Verifier
   0.0000 (  0.0%)   0.0000 (  0.0%)   0.0000 (  0.0%)   0.0000 (  0.0%)  Optimization Remark Emitter
   0.0000 (  0.0%)   0.0000 (  0.0%)   0.0000 (  0.0%)   0.0000 (  0.0%)  Lazy Block Frequency Analysis
   0.0000 (  0.0%)   0.0000 (  0.0%)   0.0000 (  0.0%)   0.0000 (  0.0%)  Optimization Remark Emitter
   0.0000 (  0.0%)   0.0000 (  0.0%)   0.0000 (  0.0%)   0.0000 (  0.0%)  Lazy Block Frequency Analysis
   0.0000 (  0.0%)   0.0000 (  0.0%)   0.0000 (  0.0%)   0.0000 (  0.0%)  Optimization Remark Emitter
   0.0000 (  0.0%)   0.0000 (  0.0%)   0.0000 (  0.0%)   0.0000 (  0.0%)  Function duplication
   0.0000 (  0.0%)   0.0000 (  0.0%)   0.0000 (  0.0%)   0.0000 (  0.0%)  SPIRUpdateIntrRange - Update SPIR Intrinsics Metadata
   0.0000 (  0.0%)   0.0000 (  0.0%)   0.0000 (  0.0%)   0.0000 (  0.0%)  LCSSA Verifier
   0.0000 (  0.0%)   0.0000 (  0.0%)   0.0000 (  0.0%)   0.0000 (  0.0%)  LCSSA Verifier
   0.0000 (  0.0%)   0.0000 (  0.0%)   0.0000 (  0.0%)   0.0000 (  0.0%)  Expand private memory for each workitem in SPMD program
   0.0000 (  0.0%)   0.0000 (  0.0%)   0.0000 (  0.0%)   0.0000 (  0.0%)  Lazy Block Frequency Analysis
   0.0000 (  0.0%)   0.0000 (  0.0%)   0.0000 (  0.0%)   0.0000 (  0.0%)  Lazy Block Frequency Analysis
   0.0000 (  0.0%)   0.0000 (  0.0%)   0.0000 (  0.0%)   0.0000 (  0.0%)  LCSSA Verifier
   0.0000 (  0.0%)   0.0000 (  0.0%)   0.0000 (  0.0%)   0.0000 (  0.0%)  Lazy Block Frequency Analysis
   0.0000 (  0.0%)   0.0000 (  0.0%)   0.0000 (  0.0%)   0.0000 (  0.0%)  LCSSA Verifier
   0.0000 (  0.0%)   0.0000 (  0.0%)   0.0000 (  0.0%)   0.0000 (  0.0%)  Optimization Remark Emitter
   0.0000 (  0.0%)   0.0000 (  0.0%)   0.0000 (  0.0%)   0.0000 (  0.0%)  LCSSA Verifier
   0.0000 (  0.0%)   0.0000 (  0.0%)   0.0000 (  0.0%)   0.0000 (  0.0%)  Optimization Remark Emitter
   0.0000 (  0.0%)   0.0000 (  0.0%)   0.0000 (  0.0%)   0.0000 (  0.0%)  Build Synchronization Regions in SPMD program
   0.0000 (  0.0%)   0.0000 (  0.0%)   0.0000 (  0.0%)   0.0000 (  0.0%)  ScalarEvolution-based Alias Analysis
   0.0000 (  0.0%)   0.0000 (  0.0%)   0.0000 (  0.0%)   0.0000 (  0.0%)  Lazy Branch Probability Analysis
   0.0000 (  0.0%)   0.0000 (  0.0%)   0.0000 (  0.0%)   0.0000 (  0.0%)  Memory Dependence Analysis
   0.0000 (  0.0%)   0.0000 (  0.0%)   0.0000 (  0.0%)   0.0000 (  0.0%)  Lazy Block Frequency Analysis
   0.0000 (  0.0%)   0.0000 (  0.0%)   0.0000 (  0.0%)   0.0000 (  0.0%)  LCSSA Verifier
   0.0000 (  0.0%)   0.0000 (  0.0%)   0.0000 (  0.0%)   0.0000 (  0.0%)  Lazy Block Frequency Analysis
   0.0000 (  0.0%)   0.0000 (  0.0%)   0.0000 (  0.0%)   0.0000 (  0.0%)  Lazy Block Frequency Analysis
   0.0000 (  0.0%)   0.0000 (  0.0%)   0.0000 (  0.0%)   0.0000 (  0.0%)  Lazy Block Frequency Analysis
   0.0000 (  0.0%)   0.0000 (  0.0%)   0.0000 (  0.0%)   0.0000 (  0.0%)  LCSSA Verifier
   0.0000 (  0.0%)   0.0000 (  0.0%)   0.0000 (  0.0%)   0.0000 (  0.0%)  Lazy Block Frequency Analysis
   0.0000 (  0.0%)   0.0000 (  0.0%)   0.0000 (  0.0%)   0.0000 (  0.0%)  Optimization Remark Emitter
   0.0000 (  0.0%)   0.0000 (  0.0%)   0.0000 (  0.0%)   0.0000 (  0.0%)  Lazy Block Frequency Analysis
   0.0000 (  0.0%)   0.0000 (  0.0%)   0.0000 (  0.0%)   0.0000 (  0.0%)  Lazy Block Frequency Analysis
   0.0000 (  0.0%)   0.0000 (  0.0%)   0.0000 (  0.0%)   0.0000 (  0.0%)  Optimization Remark Emitter
   0.0000 (  0.0%)   0.0000 (  0.0%)   0.0000 (  0.0%)   0.0000 (  0.0%)  LCSSA Verifier
   0.0000 (  0.0%)   0.0000 (  0.0%)   0.0000 (  0.0%)   0.0000 (  0.0%)  Lazy Block Frequency Analysis
   0.0000 (  0.0%)   0.0000 (  0.0%)   0.0000 (  0.0%)   0.0000 (  0.0%)  Optimization Remark Emitter
   0.0000 (  0.0%)   0.0000 (  0.0%)   0.0000 (  0.0%)   0.0000 (  0.0%)  Optimization Remark Emitter
   0.0000 (  0.0%)   0.0000 (  0.0%)   0.0000 (  0.0%)   0.0000 (  0.0%)  LCSSA Verifier
   0.0000 (  0.0%)   0.0000 (  0.0%)   0.0000 (  0.0%)   0.0000 (  0.0%)  Lazy Block Frequency Analysis
   0.0000 (  0.0%)   0.0000 (  0.0%)   0.0000 (  0.0%)   0.0000 (  0.0%)  Lazy Block Frequency Analysis
   0.0000 (  0.0%)   0.0000 (  0.0%)   0.0000 (  0.0%)   0.0000 (  0.0%)  LCSSA Verifier
   0.0000 (  0.0%)   0.0000 (  0.0%)   0.0000 (  0.0%)   0.0000 (  0.0%)  LCSSA Verifier
   0.0000 (  0.0%)   0.0000 (  0.0%)   0.0000 (  0.0%)   0.0000 (  0.0%)  Optimization Remark Emitter
   0.0000 (  0.0%)   0.0000 (  0.0%)   0.0000 (  0.0%)   0.0000 (  0.0%)  LCSSA Verifier
   0.0000 (  0.0%)   0.0000 (  0.0%)   0.0000 (  0.0%)   0.0000 (  0.0%)  LCSSA Verifier
   0.0000 (  0.0%)   0.0000 (  0.0%)   0.0000 (  0.0%)   0.0000 (  0.0%)  Lazy Block Frequency Analysis
   0.0000 (  0.0%)   0.0000 (  0.0%)   0.0000 (  0.0%)   0.0000 (  0.0%)  LCSSA Verifier
   0.0000 (  0.0%)   0.0000 (  0.0%)   0.0000 (  0.0%)   0.0000 (  0.0%)  Interprocedural constant propagation
   0.0000 (  0.0%)   0.0000 (  0.0%)   0.0000 (  0.0%)   0.0000 (  0.0%)  LCSSA Verifier
   0.0000 (  0.0%)   0.0000 (  0.0%)   0.0000 (  0.0%)   0.0000 (  0.0%)  LCSSA Verifier
   0.0000 (  0.0%)   0.0000 (  0.0%)   0.0000 (  0.0%)   0.0000 (  0.0%)  Interface Analysis
   0.0000 (  0.0%)   0.0000 (  0.0%)   0.0000 (  0.0%)   0.0000 (  0.0%)  LCSSA Verifier
   0.0000 (  0.0%)   0.0000 (  0.0%)   0.0000 (  0.0%)   0.0000 (  0.0%)  Interprocedural constant propagation
   0.0000 (  0.0%)   0.0000 (  0.0%)   0.0000 (  0.0%)   0.0000 (  0.0%)  LCSSA Verifier
   0.0000 (  0.0%)   0.0000 (  0.0%)   0.0000 (  0.0%)   0.0000 (  0.0%)  Lazy Block Frequency Analysis
   0.0000 (  0.0%)   0.0000 (  0.0%)   0.0000 (  0.0%)   0.0000 (  0.0%)  Lazy Block Frequency Analysis
   0.0000 (  0.0%)   0.0000 (  0.0%)   0.0000 (  0.0%)   0.0000 (  0.0%)  Interprocedural constant propagation
   0.0000 (  0.0%)   0.0000 (  0.0%)   0.0000 (  0.0%)   0.0000 (  0.0%)  Performance Evaluation
   0.0000 (  0.0%)   0.0000 (  0.0%)   0.0000 (  0.0%)   0.0000 (  0.0%)  Achieval II estimation - estimate acheival II lower bound according to constraint
   0.0000 (  0.0%)   0.0000 (  0.0%)   0.0000 (  0.0%)   0.0000 (  0.0%)  Performance Evaluation
   0.0000 (  0.0%)   0.0000 (  0.0%)   0.0000 (  0.0%)   0.0000 (  0.0%)  ArrayPartition - Partition Arrays into Banks
   0.0000 (  0.0%)   0.0000 (  0.0%)   0.0000 (  0.0%)   0.0000 (  0.0%)  Dominator Tree Construction
   0.0000 (  0.0%)   0.0000 (  0.0%)   0.0000 (  0.0%)   0.0000 (  0.0%)  Scalar Evolution Analysis
   0.0000 (  0.0%)   0.0000 (  0.0%)   0.0000 (  0.0%)   0.0000 (  0.0%)  Achieval II estimation - estimate acheival II lower bound according to constraint
   0.0000 (  0.0%)   0.0000 (  0.0%)   0.0000 (  0.0%)   0.0000 (  0.0%)  Achieval II estimation - estimate acheival II lower bound according to constraint
   0.0000 (  0.0%)   0.0000 (  0.0%)   0.0000 (  0.0%)   0.0000 (  0.0%)  Dead Global Elimination
   0.0000 (  0.0%)   0.0000 (  0.0%)   0.0000 (  0.0%)   0.0000 (  0.0%)  Natural Loop Information
   0.0000 (  0.0%)   0.0000 (  0.0%)   0.0000 (  0.0%)   0.0000 (  0.0%)  Assumption Cache Tracker
   0.0000 (  0.0%)   0.0000 (  0.0%)   0.0000 (  0.0%)   0.0000 (  0.0%)  Eliminate dead stores globally
   0.0000 (  0.0%)   0.0000 (  0.0%)   0.0000 (  0.0%)   0.0000 (  0.0%)  Lower llvm.assume to _ssdm_AssertFail
   0.0000 (  0.0%)   0.0000 (  0.0%)   0.0000 (  0.0%)   0.0000 (  0.0%)  Revert PPPO for array-to-stream
   0.0000 (  0.0%)   0.0000 (  0.0%)   0.0000 (  0.0%)   0.0000 (  0.0%)  Lower HLS related intrinsics
   0.0000 (  0.0%)   0.0000 (  0.0%)   0.0000 (  0.0%)   0.0000 (  0.0%)  Interface Analysis
   0.0000 (  0.0%)   0.0000 (  0.0%)   0.0000 (  0.0%)   0.0000 (  0.0%)  Interface Analysis
   0.0000 (  0.0%)   0.0000 (  0.0%)   0.0000 (  0.0%)   0.0000 (  0.0%)  Lower intrinsics for FPGAs
   0.0000 (  0.0%)   0.0000 (  0.0%)   0.0000 (  0.0%)   0.0000 (  0.0%)  Interface Analysis
   0.0000 (  0.0%)   0.0000 (  0.0%)   0.0000 (  0.0%)   0.0000 (  0.0%)  Interface Analysis
   0.0000 (  0.0%)   0.0000 (  0.0%)   0.0000 (  0.0%)   0.0000 (  0.0%)  Interface Analysis
   0.0000 (  0.0%)   0.0000 (  0.0%)   0.0000 (  0.0%)   0.0000 (  0.0%)  Lower intrinsics for FPGAs
   0.0000 (  0.0%)   0.0000 (  0.0%)   0.0000 (  0.0%)   0.0000 (  0.0%)  Lower intrinsics for FPGAs
   0.0000 (  0.0%)   0.0000 (  0.0%)   0.0000 (  0.0%)   0.0000 (  0.0%)  Interface Analysis
   0.0000 (  0.0%)   0.0000 (  0.0%)   0.0000 (  0.0%)   0.0000 (  0.0%)  Interface Analysis
   0.0000 (  0.0%)   0.0000 (  0.0%)   0.0000 (  0.0%)   0.0000 (  0.0%)  Interface Analysis
   0.0000 (  0.0%)   0.0000 (  0.0%)   0.0000 (  0.0%)   0.0000 (  0.0%)  Interface Analysis
   0.0000 (  0.0%)   0.0000 (  0.0%)   0.0000 (  0.0%)   0.0000 (  0.0%)  Lower HLS related intrinsics
   0.0000 (  0.0%)   0.0000 (  0.0%)   0.0000 (  0.0%)   0.0000 (  0.0%)  Revert PPPO for array-to-stream
   0.0000 (  0.0%)   0.0000 (  0.0%)   0.0000 (  0.0%)   0.0000 (  0.0%)  Lower memory intrinsic
   0.0000 (  0.0%)   0.0000 (  0.0%)   0.0000 (  0.0%)   0.0000 (  0.0%)  Revert PPPO for array-to-stream
   0.0000 (  0.0%)   0.0000 (  0.0%)   0.0000 (  0.0%)   0.0000 (  0.0%)  Revert PPPO for array-to-stream
   0.0000 (  0.0%)   0.0000 (  0.0%)   0.0000 (  0.0%)   0.0000 (  0.0%)  Interface Analysis
   0.0000 (  0.0%)   0.0000 (  0.0%)   0.0000 (  0.0%)   0.0000 (  0.0%)  Evaluate _ssdm_string2bits
   0.0000 (  0.0%)   0.0000 (  0.0%)   0.0000 (  0.0%)   0.0000 (  0.0%)  Structure Decomposition
   0.0000 (  0.0%)   0.0000 (  0.0%)   0.0000 (  0.0%)   0.0000 (  0.0%)  Interface Analysis
   0.0000 (  0.0%)   0.0000 (  0.0%)   0.0000 (  0.0%)   0.0000 (  0.0%)  Lower intrinsics for FPGAs
   0.0000 (  0.0%)   0.0000 (  0.0%)   0.0000 (  0.0%)   0.0000 (  0.0%)  Interface Analysis
   0.0000 (  0.0%)   0.0000 (  0.0%)   0.0000 (  0.0%)   0.0000 (  0.0%)  Interface Analysis
   0.0000 (  0.0%)   0.0000 (  0.0%)   0.0000 (  0.0%)   0.0000 (  0.0%)  Interface Analysis
   0.0000 (  0.0%)   0.0000 (  0.0%)   0.0000 (  0.0%)   0.0000 (  0.0%)  Eliminate guard varible
   0.0000 (  0.0%)   0.0000 (  0.0%)   0.0000 (  0.0%)   0.0000 (  0.0%)  Eliminate guard varible
   0.0000 (  0.0%)   0.0000 (  0.0%)   0.0000 (  0.0%)   0.0000 (  0.0%)  Interface Analysis
   0.0000 (  0.0%)   0.0000 (  0.0%)   0.0000 (  0.0%)   0.0000 (  0.0%)  Interface Analysis
   0.0000 (  0.0%)   0.0000 (  0.0%)   0.0000 (  0.0%)   0.0000 (  0.0%)  Interface Analysis
   0.0000 (  0.0%)   0.0000 (  0.0%)   0.0000 (  0.0%)   0.0000 (  0.0%)  Interface Analysis
   0.0000 (  0.0%)   0.0000 (  0.0%)   0.0000 (  0.0%)   0.0000 (  0.0%)  Interface Analysis
   0.0000 (  0.0%)   0.0000 (  0.0%)   0.0000 (  0.0%)   0.0000 (  0.0%)  Interface Analysis
   0.0000 (  0.0%)   0.0000 (  0.0%)   0.0000 (  0.0%)   0.0000 (  0.0%)  Interface Analysis
   0.0000 (  0.0%)   0.0000 (  0.0%)   0.0000 (  0.0%)   0.0000 (  0.0%)  Interface Analysis
   0.0000 (  0.0%)   0.0000 (  0.0%)   0.0000 (  0.0%)   0.0000 (  0.0%)  Interface Analysis
   0.0000 (  0.0%)   0.0000 (  0.0%)   0.0000 (  0.0%)   0.0000 (  0.0%)  Interface Analysis
   0.0000 (  0.0%)   0.0000 (  0.0%)   0.0000 (  0.0%)   0.0000 (  0.0%)  Interface Analysis
   0.0000 (  0.0%)   0.0000 (  0.0%)   0.0000 (  0.0%)   0.0000 (  0.0%)  Interface Analysis
   0.0000 (  0.0%)   0.0000 (  0.0%)   0.0000 (  0.0%)   0.0000 (  0.0%)  Interface Analysis
   0.0000 (  0.0%)   0.0000 (  0.0%)   0.0000 (  0.0%)   0.0000 (  0.0%)  Interface Analysis
   0.0000 (  0.0%)   0.0000 (  0.0%)   0.0000 (  0.0%)   0.0000 (  0.0%)  Interface Analysis
   0.0000 (  0.0%)   0.0000 (  0.0%)   0.0000 (  0.0%)   0.0000 (  0.0%)  Interface Analysis
   0.0000 (  0.0%)   0.0000 (  0.0%)   0.0000 (  0.0%)   0.0000 (  0.0%)  Interface Analysis
   0.0000 (  0.0%)   0.0000 (  0.0%)   0.0000 (  0.0%)   0.0000 (  0.0%)  Interface Analysis
   0.0000 (  0.0%)   0.0000 (  0.0%)   0.0000 (  0.0%)   0.0000 (  0.0%)  Interface Analysis
   0.0000 (  0.0%)   0.0000 (  0.0%)   0.0000 (  0.0%)   0.0000 (  0.0%)  Interface Analysis
   0.0000 (  0.0%)   0.0000 (  0.0%)   0.0000 (  0.0%)   0.0000 (  0.0%)  Interface Analysis
   0.0000 (  0.0%)   0.0000 (  0.0%)   0.0000 (  0.0%)   0.0000 (  0.0%)  Collect basic metrics for FE reflow
   0.0000 (  0.0%)   0.0000 (  0.0%)   0.0000 (  0.0%)   0.0000 (  0.0%)  Entirety access check on array-to-stream
   0.0000 (  0.0%)   0.0000 (  0.0%)   0.0000 (  0.0%)   0.0000 (  0.0%)  Interface Analysis
   0.0000 (  0.0%)   0.0000 (  0.0%)   0.0000 (  0.0%)   0.0000 (  0.0%)  A No-Op Barrier Pass
   0.0000 (  0.0%)   0.0000 (  0.0%)   0.0000 (  0.0%)   0.0000 (  0.0%)  Interface Analysis
   0.0000 (  0.0%)   0.0000 (  0.0%)   0.0000 (  0.0%)   0.0000 (  0.0%)  Interface Analysis
   0.0000 (  0.0%)   0.0000 (  0.0%)   0.0000 (  0.0%)   0.0000 (  0.0%)  A No-Op Barrier Pass
   0.0000 (  0.0%)   0.0000 (  0.0%)   0.0000 (  0.0%)   0.0000 (  0.0%)  A No-Op Barrier Pass
   0.0000 (  0.0%)   0.0000 (  0.0%)   0.0000 (  0.0%)   0.0000 (  0.0%)  A No-Op Barrier Pass
   0.0000 (  0.0%)   0.0000 (  0.0%)   0.0000 (  0.0%)   0.0000 (  0.0%)  Profile summary info
   0.0000 (  0.0%)   0.0000 (  0.0%)   0.0000 (  0.0%)   0.0000 (  0.0%)  Target Library Information
   0.0000 (  0.0%)   0.0000 (  0.0%)   0.0000 (  0.0%)   0.0000 (  0.0%)  Target Transform Information
   7.9063 (100.0%)   0.7031 (100.0%)   8.6094 (100.0%)   8.5924 (100.0%)  Total

===-------------------------------------------------------------------------===
                                LLVM IR Parsing
===-------------------------------------------------------------------------===
  Total Execution Time: 0.0469 seconds (0.0513 wall clock)

   ---User Time---   --System Time--   --User+System--   ---Wall Time---  --- Name ---
   0.0313 (100.0%)   0.0156 (100.0%)   0.0469 (100.0%)   0.0513 (100.0%)  Parse IR
   0.0313 (100.0%)   0.0156 (100.0%)   0.0469 (100.0%)   0.0513 (100.0%)  Total

===-------------------------------------------------------------------------===
                          Clang front-end time report
===-------------------------------------------------------------------------===
  Total Execution Time: 8.3750 seconds (8.4212 wall clock)

   ---User Time---   --System Time--   --User+System--   ---Wall Time---  --- Name ---
   7.5938 (100.0%)   0.7813 (100.0%)   8.3750 (100.0%)   8.4212 (100.0%)  Clang front-end timer
   7.5938 (100.0%)   0.7813 (100.0%)   8.3750 (100.0%)   8.4212 (100.0%)  Total

