

================================================================
== Vitis HLS Report for 'int4_dispatch_linear_registered'
================================================================
* Date:           Tue Aug 11 09:19:46 2026

* Version:        2023.2 (Build 4023990 on Oct 11 2023)
* Project:        proj_int4_decoder_xo
* Solution:       solution1 (Vitis Kernel Flow Target)
* Product family: virtexuplus
* Target device:  xcu250-figd2104-2L-e


================================================================
== Performance Estimates
================================================================
+ Timing: 
    * Summary: 
    +--------+---------+----------+------------+
    |  Clock |  Target | Estimated| Uncertainty|
    +--------+---------+----------+------------+
    |ap_clk  |  3.33 ns|  2.608 ns|     0.90 ns|
    +--------+---------+----------+------------+

+ Latency: 
    * Summary: 
    +---------+---------+----------+----------+-----+--------+----------+
    |  Latency (cycles) |  Latency (absolute) |   Interval   | Pipeline |
    |   min   |   max   |    min   |    max   | min |   max  |   Type   |
    +---------+---------+----------+----------+-----+--------+----------+
    |       80|   694274|  0.267 us|  2.314 ms|   80|  694274|  dataflow|
    +---------+---------+----------+----------+-----+--------+----------+

    + Detail: 
        * Instance: 
        +--------------------------------------------------------+-----------------------------------------------------+---------+---------+----------+----------+-----+--------+---------+
        |                                                        |                                                     |  Latency (cycles) |  Latency (absolute) |   Interval   | Pipeline|
        |                        Instance                        |                        Module                       |   min   |   max   |    min   |    max   | min |   max  |   Type  |
        +--------------------------------------------------------+-----------------------------------------------------+---------+---------+----------+----------+-----+--------+---------+
        |entry_proc58_U0                                         |entry_proc58                                         |        0|        0|      0 ns|      0 ns|    0|       0|       no|
        |int4_dispatch_linear_registered_Block_entry1_proc24_U0  |int4_dispatch_linear_registered_Block_entry1_proc24  |        0|        0|      0 ns|      0 ns|    0|       0|       no|
        |int4_execute_dispatch_linear_U0                         |int4_execute_dispatch_linear                         |       79|   694273|  0.263 us|  2.314 ms|   79|  694273|       no|
        +--------------------------------------------------------+-----------------------------------------------------+---------+---------+----------+----------+-----+--------+---------+

        * Loop: 
        N/A



================================================================
== Utilization Estimates
================================================================
* Summary: 
+---------------------+---------+-------+---------+---------+------+
|         Name        | BRAM_18K|  DSP  |    FF   |   LUT   | URAM |
+---------------------+---------+-------+---------+---------+------+
|DSP                  |        -|      -|        -|        -|     -|
|Expression           |        -|      -|        0|       16|     -|
|FIFO                 |        -|      -|       68|      412|     -|
|Instance             |      383|    482|   159900|   108374|   128|
|Memory               |        -|      -|        -|        -|     -|
|Multiplexer          |        -|      -|        -|       27|     -|
|Register             |        -|      -|        3|        -|     -|
+---------------------+---------+-------+---------+---------+------+
|Total                |      383|    482|   159971|   108829|   128|
+---------------------+---------+-------+---------+---------+------+
|Available SLR        |     1344|   3072|   864000|   432000|   320|
+---------------------+---------+-------+---------+---------+------+
|Utilization SLR (%)  |       28|     15|       18|       25|    40|
+---------------------+---------+-------+---------+---------+------+
|Available            |     5376|  12288|  3456000|  1728000|  1280|
+---------------------+---------+-------+---------+---------+------+
|Utilization (%)      |        7|      3|        4|        6|    10|
+---------------------+---------+-------+---------+---------+------+

+ Detail: 
    * Instance: 
    +--------------------------------------------------------+-----------------------------------------------------+---------+-----+--------+--------+-----+
    |                        Instance                        |                        Module                       | BRAM_18K| DSP |   FF   |   LUT  | URAM|
    +--------------------------------------------------------+-----------------------------------------------------+---------+-----+--------+--------+-----+
    |entry_proc58_U0                                         |entry_proc58                                         |        0|    0|       2|     119|    0|
    |int4_dispatch_linear_registered_Block_entry1_proc24_U0  |int4_dispatch_linear_registered_Block_entry1_proc24  |        0|    0|       2|      20|    0|
    |int4_execute_dispatch_linear_U0                         |int4_execute_dispatch_linear                         |      383|  482|  159896|  108235|  128|
    +--------------------------------------------------------+-----------------------------------------------------+---------+-----+--------+--------+-----+
    |Total                                                   |                                                     |      383|  482|  159900|  108374|  128|
    +--------------------------------------------------------+-----------------------------------------------------+---------+-----+--------+--------+-----+

    * DSP: 
    N/A

    * Memory: 
    N/A

    * FIFO: 
    +-------------------------------+---------+---+----+-----+------+-----+---------+
    |              Name             | BRAM_18K| FF| LUT| URAM| Depth| Bits| Size:D*B|
    +-------------------------------+---------+---+----+-----+------+-----+---------+
    |command_stream_U               |        0|  8|   0|    -|     2|    2|        4|
    |controller_layer_index_in_c_U  |        0|  5|   0|    -|     3|    6|       18|
    |controller_linear_mode_in_c_U  |        0|  5|   0|    -|     3|    3|        9|
    |controller_run_linear_in_c_U   |        0|  5|   0|    -|     3|    1|        3|
    |idx_c_U                        |        0|  5|   0|    -|     3|   13|       39|
    |logits_pe0_c_U                 |        0|  5|   0|    -|     3|   64|      192|
    |logits_pe1_c_U                 |        0|  5|   0|    -|     3|   64|      192|
    |logits_pe2_c_U                 |        0|  5|   0|    -|     3|   64|      192|
    |logits_pe3_c_U                 |        0|  5|   0|    -|     3|   64|      192|
    |weight_bank0_c_U               |        0|  5|   0|    -|     3|   64|      192|
    |weight_bank1_c_U               |        0|  5|   0|    -|     3|   64|      192|
    |weight_bank2_c_U               |        0|  5|   0|    -|     3|   64|      192|
    |weight_bank3_c_U               |        0|  5|   0|    -|     3|   64|      192|
    +-------------------------------+---------+---+----+-----+------+-----+---------+
    |Total                          |        0| 68|   0|    0|    38|  537|     1609|
    +-------------------------------+---------+---+----+-----+------+-----+---------+

    * Expression: 
    +-------------------------------------------------------------------------+----------+----+---+----+------------+------------+
    |                              Variable Name                              | Operation| DSP| FF| LUT| Bitwidth P0| Bitwidth P1|
    +-------------------------------------------------------------------------+----------+----+---+----+------------+------------+
    |ap_idle                                                                  |       and|   0|  0|   2|           1|           1|
    |ap_sync_ready                                                            |       and|   0|  0|   2|           1|           1|
    |entry_proc58_U0_ap_start                                                 |       and|   0|  0|   2|           1|           1|
    |int4_dispatch_linear_registered_Block_entry1_proc24_U0_ap_start          |       and|   0|  0|   2|           1|           1|
    |int4_execute_dispatch_linear_U0_ap_start                                 |       and|   0|  0|   2|           1|           1|
    |ap_sync_entry_proc58_U0_ap_ready                                         |        or|   0|  0|   2|           1|           1|
    |ap_sync_int4_dispatch_linear_registered_Block_entry1_proc24_U0_ap_ready  |        or|   0|  0|   2|           1|           1|
    |ap_sync_int4_execute_dispatch_linear_U0_ap_ready                         |        or|   0|  0|   2|           1|           1|
    +-------------------------------------------------------------------------+----------+----+---+----+------------+------------+
    |Total                                                                    |          |   0|  0|  16|           8|           8|
    +-------------------------------------------------------------------------+----------+----+---+----+------------+------------+

    * Multiplexer: 
    +-----------------------------------------------------------------------------+----+-----------+-----+-----------+
    |                                     Name                                    | LUT| Input Size| Bits| Total Bits|
    +-----------------------------------------------------------------------------+----+-----------+-----+-----------+
    |ap_sync_reg_entry_proc58_U0_ap_ready                                         |   9|          2|    1|          2|
    |ap_sync_reg_int4_dispatch_linear_registered_Block_entry1_proc24_U0_ap_ready  |   9|          2|    1|          2|
    |ap_sync_reg_int4_execute_dispatch_linear_U0_ap_ready                         |   9|          2|    1|          2|
    +-----------------------------------------------------------------------------+----+-----------+-----+-----------+
    |Total                                                                        |  27|          6|    3|          6|
    +-----------------------------------------------------------------------------+----+-----------+-----+-----------+

    * Register: 
    +-----------------------------------------------------------------------------+---+----+-----+-----------+
    |                                     Name                                    | FF| LUT| Bits| Const Bits|
    +-----------------------------------------------------------------------------+---+----+-----+-----------+
    |ap_sync_reg_entry_proc58_U0_ap_ready                                         |  1|   0|    1|          0|
    |ap_sync_reg_int4_dispatch_linear_registered_Block_entry1_proc24_U0_ap_ready  |  1|   0|    1|          0|
    |ap_sync_reg_int4_execute_dispatch_linear_U0_ap_ready                         |  1|   0|    1|          0|
    +-----------------------------------------------------------------------------+---+----+-----+-----------+
    |Total                                                                        |  3|   0|    3|          0|
    +-----------------------------------------------------------------------------+---+----+-----+-----------+



================================================================
== Interface
================================================================
* Summary: 
+--------------------------------------------------------+-----+-----+------------+-----------------------------------------------+--------------+
|                        RTL Ports                       | Dir | Bits|  Protocol  |                 Source Object                 |    C Type    |
+--------------------------------------------------------+-----+-----+------------+-----------------------------------------------+--------------+
|m_axi_gmem0_AWVALID                                     |  out|    1|       m_axi|                                          gmem0|       pointer|
|m_axi_gmem0_AWREADY                                     |   in|    1|       m_axi|                                          gmem0|       pointer|
|m_axi_gmem0_AWADDR                                      |  out|   64|       m_axi|                                          gmem0|       pointer|
|m_axi_gmem0_AWID                                        |  out|    1|       m_axi|                                          gmem0|       pointer|
|m_axi_gmem0_AWLEN                                       |  out|   32|       m_axi|                                          gmem0|       pointer|
|m_axi_gmem0_AWSIZE                                      |  out|    3|       m_axi|                                          gmem0|       pointer|
|m_axi_gmem0_AWBURST                                     |  out|    2|       m_axi|                                          gmem0|       pointer|
|m_axi_gmem0_AWLOCK                                      |  out|    2|       m_axi|                                          gmem0|       pointer|
|m_axi_gmem0_AWCACHE                                     |  out|    4|       m_axi|                                          gmem0|       pointer|
|m_axi_gmem0_AWPROT                                      |  out|    3|       m_axi|                                          gmem0|       pointer|
|m_axi_gmem0_AWQOS                                       |  out|    4|       m_axi|                                          gmem0|       pointer|
|m_axi_gmem0_AWREGION                                    |  out|    4|       m_axi|                                          gmem0|       pointer|
|m_axi_gmem0_AWUSER                                      |  out|    1|       m_axi|                                          gmem0|       pointer|
|m_axi_gmem0_WVALID                                      |  out|    1|       m_axi|                                          gmem0|       pointer|
|m_axi_gmem0_WREADY                                      |   in|    1|       m_axi|                                          gmem0|       pointer|
|m_axi_gmem0_WDATA                                       |  out|  512|       m_axi|                                          gmem0|       pointer|
|m_axi_gmem0_WSTRB                                       |  out|   64|       m_axi|                                          gmem0|       pointer|
|m_axi_gmem0_WLAST                                       |  out|    1|       m_axi|                                          gmem0|       pointer|
|m_axi_gmem0_WID                                         |  out|    1|       m_axi|                                          gmem0|       pointer|
|m_axi_gmem0_WUSER                                       |  out|    1|       m_axi|                                          gmem0|       pointer|
|m_axi_gmem0_ARVALID                                     |  out|    1|       m_axi|                                          gmem0|       pointer|
|m_axi_gmem0_ARREADY                                     |   in|    1|       m_axi|                                          gmem0|       pointer|
|m_axi_gmem0_ARADDR                                      |  out|   64|       m_axi|                                          gmem0|       pointer|
|m_axi_gmem0_ARID                                        |  out|    1|       m_axi|                                          gmem0|       pointer|
|m_axi_gmem0_ARLEN                                       |  out|   32|       m_axi|                                          gmem0|       pointer|
|m_axi_gmem0_ARSIZE                                      |  out|    3|       m_axi|                                          gmem0|       pointer|
|m_axi_gmem0_ARBURST                                     |  out|    2|       m_axi|                                          gmem0|       pointer|
|m_axi_gmem0_ARLOCK                                      |  out|    2|       m_axi|                                          gmem0|       pointer|
|m_axi_gmem0_ARCACHE                                     |  out|    4|       m_axi|                                          gmem0|       pointer|
|m_axi_gmem0_ARPROT                                      |  out|    3|       m_axi|                                          gmem0|       pointer|
|m_axi_gmem0_ARQOS                                       |  out|    4|       m_axi|                                          gmem0|       pointer|
|m_axi_gmem0_ARREGION                                    |  out|    4|       m_axi|                                          gmem0|       pointer|
|m_axi_gmem0_ARUSER                                      |  out|    1|       m_axi|                                          gmem0|       pointer|
|m_axi_gmem0_RVALID                                      |   in|    1|       m_axi|                                          gmem0|       pointer|
|m_axi_gmem0_RREADY                                      |  out|    1|       m_axi|                                          gmem0|       pointer|
|m_axi_gmem0_RDATA                                       |   in|  512|       m_axi|                                          gmem0|       pointer|
|m_axi_gmem0_RLAST                                       |   in|    1|       m_axi|                                          gmem0|       pointer|
|m_axi_gmem0_RID                                         |   in|    1|       m_axi|                                          gmem0|       pointer|
|m_axi_gmem0_RFIFONUM                                    |   in|   12|       m_axi|                                          gmem0|       pointer|
|m_axi_gmem0_RUSER                                       |   in|    1|       m_axi|                                          gmem0|       pointer|
|m_axi_gmem0_RRESP                                       |   in|    2|       m_axi|                                          gmem0|       pointer|
|m_axi_gmem0_BVALID                                      |   in|    1|       m_axi|                                          gmem0|       pointer|
|m_axi_gmem0_BREADY                                      |  out|    1|       m_axi|                                          gmem0|       pointer|
|m_axi_gmem0_BRESP                                       |   in|    2|       m_axi|                                          gmem0|       pointer|
|m_axi_gmem0_BID                                         |   in|    1|       m_axi|                                          gmem0|       pointer|
|m_axi_gmem0_BUSER                                       |   in|    1|       m_axi|                                          gmem0|       pointer|
|weight_bank0                                            |   in|   64|     ap_none|                                   weight_bank0|        scalar|
|weight_bank0_ap_vld                                     |   in|    1|     ap_none|                                   weight_bank0|        scalar|
|m_axi_gmem1_AWVALID                                     |  out|    1|       m_axi|                                          gmem1|       pointer|
|m_axi_gmem1_AWREADY                                     |   in|    1|       m_axi|                                          gmem1|       pointer|
|m_axi_gmem1_AWADDR                                      |  out|   64|       m_axi|                                          gmem1|       pointer|
|m_axi_gmem1_AWID                                        |  out|    1|       m_axi|                                          gmem1|       pointer|
|m_axi_gmem1_AWLEN                                       |  out|   32|       m_axi|                                          gmem1|       pointer|
|m_axi_gmem1_AWSIZE                                      |  out|    3|       m_axi|                                          gmem1|       pointer|
|m_axi_gmem1_AWBURST                                     |  out|    2|       m_axi|                                          gmem1|       pointer|
|m_axi_gmem1_AWLOCK                                      |  out|    2|       m_axi|                                          gmem1|       pointer|
|m_axi_gmem1_AWCACHE                                     |  out|    4|       m_axi|                                          gmem1|       pointer|
|m_axi_gmem1_AWPROT                                      |  out|    3|       m_axi|                                          gmem1|       pointer|
|m_axi_gmem1_AWQOS                                       |  out|    4|       m_axi|                                          gmem1|       pointer|
|m_axi_gmem1_AWREGION                                    |  out|    4|       m_axi|                                          gmem1|       pointer|
|m_axi_gmem1_AWUSER                                      |  out|    1|       m_axi|                                          gmem1|       pointer|
|m_axi_gmem1_WVALID                                      |  out|    1|       m_axi|                                          gmem1|       pointer|
|m_axi_gmem1_WREADY                                      |   in|    1|       m_axi|                                          gmem1|       pointer|
|m_axi_gmem1_WDATA                                       |  out|  512|       m_axi|                                          gmem1|       pointer|
|m_axi_gmem1_WSTRB                                       |  out|   64|       m_axi|                                          gmem1|       pointer|
|m_axi_gmem1_WLAST                                       |  out|    1|       m_axi|                                          gmem1|       pointer|
|m_axi_gmem1_WID                                         |  out|    1|       m_axi|                                          gmem1|       pointer|
|m_axi_gmem1_WUSER                                       |  out|    1|       m_axi|                                          gmem1|       pointer|
|m_axi_gmem1_ARVALID                                     |  out|    1|       m_axi|                                          gmem1|       pointer|
|m_axi_gmem1_ARREADY                                     |   in|    1|       m_axi|                                          gmem1|       pointer|
|m_axi_gmem1_ARADDR                                      |  out|   64|       m_axi|                                          gmem1|       pointer|
|m_axi_gmem1_ARID                                        |  out|    1|       m_axi|                                          gmem1|       pointer|
|m_axi_gmem1_ARLEN                                       |  out|   32|       m_axi|                                          gmem1|       pointer|
|m_axi_gmem1_ARSIZE                                      |  out|    3|       m_axi|                                          gmem1|       pointer|
|m_axi_gmem1_ARBURST                                     |  out|    2|       m_axi|                                          gmem1|       pointer|
|m_axi_gmem1_ARLOCK                                      |  out|    2|       m_axi|                                          gmem1|       pointer|
|m_axi_gmem1_ARCACHE                                     |  out|    4|       m_axi|                                          gmem1|       pointer|
|m_axi_gmem1_ARPROT                                      |  out|    3|       m_axi|                                          gmem1|       pointer|
|m_axi_gmem1_ARQOS                                       |  out|    4|       m_axi|                                          gmem1|       pointer|
|m_axi_gmem1_ARREGION                                    |  out|    4|       m_axi|                                          gmem1|       pointer|
|m_axi_gmem1_ARUSER                                      |  out|    1|       m_axi|                                          gmem1|       pointer|
|m_axi_gmem1_RVALID                                      |   in|    1|       m_axi|                                          gmem1|       pointer|
|m_axi_gmem1_RREADY                                      |  out|    1|       m_axi|                                          gmem1|       pointer|
|m_axi_gmem1_RDATA                                       |   in|  512|       m_axi|                                          gmem1|       pointer|
|m_axi_gmem1_RLAST                                       |   in|    1|       m_axi|                                          gmem1|       pointer|
|m_axi_gmem1_RID                                         |   in|    1|       m_axi|                                          gmem1|       pointer|
|m_axi_gmem1_RFIFONUM                                    |   in|   12|       m_axi|                                          gmem1|       pointer|
|m_axi_gmem1_RUSER                                       |   in|    1|       m_axi|                                          gmem1|       pointer|
|m_axi_gmem1_RRESP                                       |   in|    2|       m_axi|                                          gmem1|       pointer|
|m_axi_gmem1_BVALID                                      |   in|    1|       m_axi|                                          gmem1|       pointer|
|m_axi_gmem1_BREADY                                      |  out|    1|       m_axi|                                          gmem1|       pointer|
|m_axi_gmem1_BRESP                                       |   in|    2|       m_axi|                                          gmem1|       pointer|
|m_axi_gmem1_BID                                         |   in|    1|       m_axi|                                          gmem1|       pointer|
|m_axi_gmem1_BUSER                                       |   in|    1|       m_axi|                                          gmem1|       pointer|
|weight_bank1                                            |   in|   64|     ap_none|                                   weight_bank1|        scalar|
|weight_bank1_ap_vld                                     |   in|    1|     ap_none|                                   weight_bank1|        scalar|
|m_axi_gmem2_AWVALID                                     |  out|    1|       m_axi|                                          gmem2|       pointer|
|m_axi_gmem2_AWREADY                                     |   in|    1|       m_axi|                                          gmem2|       pointer|
|m_axi_gmem2_AWADDR                                      |  out|   64|       m_axi|                                          gmem2|       pointer|
|m_axi_gmem2_AWID                                        |  out|    1|       m_axi|                                          gmem2|       pointer|
|m_axi_gmem2_AWLEN                                       |  out|   32|       m_axi|                                          gmem2|       pointer|
|m_axi_gmem2_AWSIZE                                      |  out|    3|       m_axi|                                          gmem2|       pointer|
|m_axi_gmem2_AWBURST                                     |  out|    2|       m_axi|                                          gmem2|       pointer|
|m_axi_gmem2_AWLOCK                                      |  out|    2|       m_axi|                                          gmem2|       pointer|
|m_axi_gmem2_AWCACHE                                     |  out|    4|       m_axi|                                          gmem2|       pointer|
|m_axi_gmem2_AWPROT                                      |  out|    3|       m_axi|                                          gmem2|       pointer|
|m_axi_gmem2_AWQOS                                       |  out|    4|       m_axi|                                          gmem2|       pointer|
|m_axi_gmem2_AWREGION                                    |  out|    4|       m_axi|                                          gmem2|       pointer|
|m_axi_gmem2_AWUSER                                      |  out|    1|       m_axi|                                          gmem2|       pointer|
|m_axi_gmem2_WVALID                                      |  out|    1|       m_axi|                                          gmem2|       pointer|
|m_axi_gmem2_WREADY                                      |   in|    1|       m_axi|                                          gmem2|       pointer|
|m_axi_gmem2_WDATA                                       |  out|  512|       m_axi|                                          gmem2|       pointer|
|m_axi_gmem2_WSTRB                                       |  out|   64|       m_axi|                                          gmem2|       pointer|
|m_axi_gmem2_WLAST                                       |  out|    1|       m_axi|                                          gmem2|       pointer|
|m_axi_gmem2_WID                                         |  out|    1|       m_axi|                                          gmem2|       pointer|
|m_axi_gmem2_WUSER                                       |  out|    1|       m_axi|                                          gmem2|       pointer|
|m_axi_gmem2_ARVALID                                     |  out|    1|       m_axi|                                          gmem2|       pointer|
|m_axi_gmem2_ARREADY                                     |   in|    1|       m_axi|                                          gmem2|       pointer|
|m_axi_gmem2_ARADDR                                      |  out|   64|       m_axi|                                          gmem2|       pointer|
|m_axi_gmem2_ARID                                        |  out|    1|       m_axi|                                          gmem2|       pointer|
|m_axi_gmem2_ARLEN                                       |  out|   32|       m_axi|                                          gmem2|       pointer|
|m_axi_gmem2_ARSIZE                                      |  out|    3|       m_axi|                                          gmem2|       pointer|
|m_axi_gmem2_ARBURST                                     |  out|    2|       m_axi|                                          gmem2|       pointer|
|m_axi_gmem2_ARLOCK                                      |  out|    2|       m_axi|                                          gmem2|       pointer|
|m_axi_gmem2_ARCACHE                                     |  out|    4|       m_axi|                                          gmem2|       pointer|
|m_axi_gmem2_ARPROT                                      |  out|    3|       m_axi|                                          gmem2|       pointer|
|m_axi_gmem2_ARQOS                                       |  out|    4|       m_axi|                                          gmem2|       pointer|
|m_axi_gmem2_ARREGION                                    |  out|    4|       m_axi|                                          gmem2|       pointer|
|m_axi_gmem2_ARUSER                                      |  out|    1|       m_axi|                                          gmem2|       pointer|
|m_axi_gmem2_RVALID                                      |   in|    1|       m_axi|                                          gmem2|       pointer|
|m_axi_gmem2_RREADY                                      |  out|    1|       m_axi|                                          gmem2|       pointer|
|m_axi_gmem2_RDATA                                       |   in|  512|       m_axi|                                          gmem2|       pointer|
|m_axi_gmem2_RLAST                                       |   in|    1|       m_axi|                                          gmem2|       pointer|
|m_axi_gmem2_RID                                         |   in|    1|       m_axi|                                          gmem2|       pointer|
|m_axi_gmem2_RFIFONUM                                    |   in|   12|       m_axi|                                          gmem2|       pointer|
|m_axi_gmem2_RUSER                                       |   in|    1|       m_axi|                                          gmem2|       pointer|
|m_axi_gmem2_RRESP                                       |   in|    2|       m_axi|                                          gmem2|       pointer|
|m_axi_gmem2_BVALID                                      |   in|    1|       m_axi|                                          gmem2|       pointer|
|m_axi_gmem2_BREADY                                      |  out|    1|       m_axi|                                          gmem2|       pointer|
|m_axi_gmem2_BRESP                                       |   in|    2|       m_axi|                                          gmem2|       pointer|
|m_axi_gmem2_BID                                         |   in|    1|       m_axi|                                          gmem2|       pointer|
|m_axi_gmem2_BUSER                                       |   in|    1|       m_axi|                                          gmem2|       pointer|
|weight_bank2                                            |   in|   64|     ap_none|                                   weight_bank2|        scalar|
|weight_bank2_ap_vld                                     |   in|    1|     ap_none|                                   weight_bank2|        scalar|
|m_axi_gmem3_AWVALID                                     |  out|    1|       m_axi|                                          gmem3|       pointer|
|m_axi_gmem3_AWREADY                                     |   in|    1|       m_axi|                                          gmem3|       pointer|
|m_axi_gmem3_AWADDR                                      |  out|   64|       m_axi|                                          gmem3|       pointer|
|m_axi_gmem3_AWID                                        |  out|    1|       m_axi|                                          gmem3|       pointer|
|m_axi_gmem3_AWLEN                                       |  out|   32|       m_axi|                                          gmem3|       pointer|
|m_axi_gmem3_AWSIZE                                      |  out|    3|       m_axi|                                          gmem3|       pointer|
|m_axi_gmem3_AWBURST                                     |  out|    2|       m_axi|                                          gmem3|       pointer|
|m_axi_gmem3_AWLOCK                                      |  out|    2|       m_axi|                                          gmem3|       pointer|
|m_axi_gmem3_AWCACHE                                     |  out|    4|       m_axi|                                          gmem3|       pointer|
|m_axi_gmem3_AWPROT                                      |  out|    3|       m_axi|                                          gmem3|       pointer|
|m_axi_gmem3_AWQOS                                       |  out|    4|       m_axi|                                          gmem3|       pointer|
|m_axi_gmem3_AWREGION                                    |  out|    4|       m_axi|                                          gmem3|       pointer|
|m_axi_gmem3_AWUSER                                      |  out|    1|       m_axi|                                          gmem3|       pointer|
|m_axi_gmem3_WVALID                                      |  out|    1|       m_axi|                                          gmem3|       pointer|
|m_axi_gmem3_WREADY                                      |   in|    1|       m_axi|                                          gmem3|       pointer|
|m_axi_gmem3_WDATA                                       |  out|  512|       m_axi|                                          gmem3|       pointer|
|m_axi_gmem3_WSTRB                                       |  out|   64|       m_axi|                                          gmem3|       pointer|
|m_axi_gmem3_WLAST                                       |  out|    1|       m_axi|                                          gmem3|       pointer|
|m_axi_gmem3_WID                                         |  out|    1|       m_axi|                                          gmem3|       pointer|
|m_axi_gmem3_WUSER                                       |  out|    1|       m_axi|                                          gmem3|       pointer|
|m_axi_gmem3_ARVALID                                     |  out|    1|       m_axi|                                          gmem3|       pointer|
|m_axi_gmem3_ARREADY                                     |   in|    1|       m_axi|                                          gmem3|       pointer|
|m_axi_gmem3_ARADDR                                      |  out|   64|       m_axi|                                          gmem3|       pointer|
|m_axi_gmem3_ARID                                        |  out|    1|       m_axi|                                          gmem3|       pointer|
|m_axi_gmem3_ARLEN                                       |  out|   32|       m_axi|                                          gmem3|       pointer|
|m_axi_gmem3_ARSIZE                                      |  out|    3|       m_axi|                                          gmem3|       pointer|
|m_axi_gmem3_ARBURST                                     |  out|    2|       m_axi|                                          gmem3|       pointer|
|m_axi_gmem3_ARLOCK                                      |  out|    2|       m_axi|                                          gmem3|       pointer|
|m_axi_gmem3_ARCACHE                                     |  out|    4|       m_axi|                                          gmem3|       pointer|
|m_axi_gmem3_ARPROT                                      |  out|    3|       m_axi|                                          gmem3|       pointer|
|m_axi_gmem3_ARQOS                                       |  out|    4|       m_axi|                                          gmem3|       pointer|
|m_axi_gmem3_ARREGION                                    |  out|    4|       m_axi|                                          gmem3|       pointer|
|m_axi_gmem3_ARUSER                                      |  out|    1|       m_axi|                                          gmem3|       pointer|
|m_axi_gmem3_RVALID                                      |   in|    1|       m_axi|                                          gmem3|       pointer|
|m_axi_gmem3_RREADY                                      |  out|    1|       m_axi|                                          gmem3|       pointer|
|m_axi_gmem3_RDATA                                       |   in|  512|       m_axi|                                          gmem3|       pointer|
|m_axi_gmem3_RLAST                                       |   in|    1|       m_axi|                                          gmem3|       pointer|
|m_axi_gmem3_RID                                         |   in|    1|       m_axi|                                          gmem3|       pointer|
|m_axi_gmem3_RFIFONUM                                    |   in|   12|       m_axi|                                          gmem3|       pointer|
|m_axi_gmem3_RUSER                                       |   in|    1|       m_axi|                                          gmem3|       pointer|
|m_axi_gmem3_RRESP                                       |   in|    2|       m_axi|                                          gmem3|       pointer|
|m_axi_gmem3_BVALID                                      |   in|    1|       m_axi|                                          gmem3|       pointer|
|m_axi_gmem3_BREADY                                      |  out|    1|       m_axi|                                          gmem3|       pointer|
|m_axi_gmem3_BRESP                                       |   in|    2|       m_axi|                                          gmem3|       pointer|
|m_axi_gmem3_BID                                         |   in|    1|       m_axi|                                          gmem3|       pointer|
|m_axi_gmem3_BUSER                                       |   in|    1|       m_axi|                                          gmem3|       pointer|
|weight_bank3                                            |   in|   64|     ap_none|                                   weight_bank3|        scalar|
|weight_bank3_ap_vld                                     |   in|    1|     ap_none|                                   weight_bank3|        scalar|
|activation_q_address0                                   |  out|    9|   ap_memory|                                   activation_q|         array|
|activation_q_ce0                                        |  out|    1|   ap_memory|                                   activation_q|         array|
|activation_q_d0                                         |  out|  480|   ap_memory|                                   activation_q|         array|
|activation_q_q0                                         |   in|  480|   ap_memory|                                   activation_q|         array|
|activation_q_we0                                        |  out|    1|   ap_memory|                                   activation_q|         array|
|activation_scale_address0                               |  out|    5|   ap_memory|                               activation_scale|         array|
|activation_scale_ce0                                    |  out|    1|   ap_memory|                               activation_scale|         array|
|activation_scale_d0                                     |  out|  512|   ap_memory|                               activation_scale|         array|
|activation_scale_q0                                     |   in|  512|   ap_memory|                               activation_scale|         array|
|activation_scale_we0                                    |  out|    1|   ap_memory|                               activation_scale|         array|
|residual_pe0_address0                                   |  out|    6|   ap_memory|                                   residual_pe0|         array|
|residual_pe0_ce0                                        |  out|    1|   ap_memory|                                   residual_pe0|         array|
|residual_pe0_d0                                         |  out|  512|   ap_memory|                                   residual_pe0|         array|
|residual_pe0_q0                                         |   in|  512|   ap_memory|                                   residual_pe0|         array|
|residual_pe0_we0                                        |  out|    1|   ap_memory|                                   residual_pe0|         array|
|residual_pe0_address1                                   |  out|    6|   ap_memory|                                   residual_pe0|         array|
|residual_pe0_ce1                                        |  out|    1|   ap_memory|                                   residual_pe0|         array|
|residual_pe0_d1                                         |  out|  512|   ap_memory|                                   residual_pe0|         array|
|residual_pe0_q1                                         |   in|  512|   ap_memory|                                   residual_pe0|         array|
|residual_pe0_we1                                        |  out|    1|   ap_memory|                                   residual_pe0|         array|
|residual_pe1_address0                                   |  out|    6|   ap_memory|                                   residual_pe1|         array|
|residual_pe1_ce0                                        |  out|    1|   ap_memory|                                   residual_pe1|         array|
|residual_pe1_d0                                         |  out|  512|   ap_memory|                                   residual_pe1|         array|
|residual_pe1_q0                                         |   in|  512|   ap_memory|                                   residual_pe1|         array|
|residual_pe1_we0                                        |  out|    1|   ap_memory|                                   residual_pe1|         array|
|residual_pe1_address1                                   |  out|    6|   ap_memory|                                   residual_pe1|         array|
|residual_pe1_ce1                                        |  out|    1|   ap_memory|                                   residual_pe1|         array|
|residual_pe1_d1                                         |  out|  512|   ap_memory|                                   residual_pe1|         array|
|residual_pe1_q1                                         |   in|  512|   ap_memory|                                   residual_pe1|         array|
|residual_pe1_we1                                        |  out|    1|   ap_memory|                                   residual_pe1|         array|
|residual_pe2_address0                                   |  out|    6|   ap_memory|                                   residual_pe2|         array|
|residual_pe2_ce0                                        |  out|    1|   ap_memory|                                   residual_pe2|         array|
|residual_pe2_d0                                         |  out|  512|   ap_memory|                                   residual_pe2|         array|
|residual_pe2_q0                                         |   in|  512|   ap_memory|                                   residual_pe2|         array|
|residual_pe2_we0                                        |  out|    1|   ap_memory|                                   residual_pe2|         array|
|residual_pe2_address1                                   |  out|    6|   ap_memory|                                   residual_pe2|         array|
|residual_pe2_ce1                                        |  out|    1|   ap_memory|                                   residual_pe2|         array|
|residual_pe2_d1                                         |  out|  512|   ap_memory|                                   residual_pe2|         array|
|residual_pe2_q1                                         |   in|  512|   ap_memory|                                   residual_pe2|         array|
|residual_pe2_we1                                        |  out|    1|   ap_memory|                                   residual_pe2|         array|
|residual_pe3_address0                                   |  out|    6|   ap_memory|                                   residual_pe3|         array|
|residual_pe3_ce0                                        |  out|    1|   ap_memory|                                   residual_pe3|         array|
|residual_pe3_d0                                         |  out|  512|   ap_memory|                                   residual_pe3|         array|
|residual_pe3_q0                                         |   in|  512|   ap_memory|                                   residual_pe3|         array|
|residual_pe3_we0                                        |  out|    1|   ap_memory|                                   residual_pe3|         array|
|residual_pe3_address1                                   |  out|    6|   ap_memory|                                   residual_pe3|         array|
|residual_pe3_ce1                                        |  out|    1|   ap_memory|                                   residual_pe3|         array|
|residual_pe3_d1                                         |  out|  512|   ap_memory|                                   residual_pe3|         array|
|residual_pe3_q1                                         |   in|  512|   ap_memory|                                   residual_pe3|         array|
|residual_pe3_we1                                        |  out|    1|   ap_memory|                                   residual_pe3|         array|
|preprocess_mode                                         |   in|    2|     ap_none|                                preprocess_mode|        scalar|
|preprocess_mode_ap_vld                                  |   in|    1|     ap_none|                                preprocess_mode|        scalar|
|linear_stage0_address0                                  |  out|    9|   ap_memory|                                  linear_stage0|         array|
|linear_stage0_ce0                                       |  out|    1|   ap_memory|                                  linear_stage0|         array|
|linear_stage0_d0                                        |  out|  512|   ap_memory|                                  linear_stage0|         array|
|linear_stage0_q0                                        |   in|  512|   ap_memory|                                  linear_stage0|         array|
|linear_stage0_we0                                       |  out|    1|   ap_memory|                                  linear_stage0|         array|
|linear_stage0_address1                                  |  out|    9|   ap_memory|                                  linear_stage0|         array|
|linear_stage0_ce1                                       |  out|    1|   ap_memory|                                  linear_stage0|         array|
|linear_stage0_d1                                        |  out|  512|   ap_memory|                                  linear_stage0|         array|
|linear_stage0_q1                                        |   in|  512|   ap_memory|                                  linear_stage0|         array|
|linear_stage0_we1                                       |  out|    1|   ap_memory|                                  linear_stage0|         array|
|linear_stage1_address0                                  |  out|    9|   ap_memory|                                  linear_stage1|         array|
|linear_stage1_ce0                                       |  out|    1|   ap_memory|                                  linear_stage1|         array|
|linear_stage1_d0                                        |  out|  512|   ap_memory|                                  linear_stage1|         array|
|linear_stage1_q0                                        |   in|  512|   ap_memory|                                  linear_stage1|         array|
|linear_stage1_we0                                       |  out|    1|   ap_memory|                                  linear_stage1|         array|
|linear_stage1_address1                                  |  out|    9|   ap_memory|                                  linear_stage1|         array|
|linear_stage1_ce1                                       |  out|    1|   ap_memory|                                  linear_stage1|         array|
|linear_stage1_d1                                        |  out|  512|   ap_memory|                                  linear_stage1|         array|
|linear_stage1_q1                                        |   in|  512|   ap_memory|                                  linear_stage1|         array|
|linear_stage1_we1                                       |  out|    1|   ap_memory|                                  linear_stage1|         array|
|linear_stage2_address0                                  |  out|    9|   ap_memory|                                  linear_stage2|         array|
|linear_stage2_ce0                                       |  out|    1|   ap_memory|                                  linear_stage2|         array|
|linear_stage2_d0                                        |  out|  512|   ap_memory|                                  linear_stage2|         array|
|linear_stage2_q0                                        |   in|  512|   ap_memory|                                  linear_stage2|         array|
|linear_stage2_we0                                       |  out|    1|   ap_memory|                                  linear_stage2|         array|
|linear_stage2_address1                                  |  out|    9|   ap_memory|                                  linear_stage2|         array|
|linear_stage2_ce1                                       |  out|    1|   ap_memory|                                  linear_stage2|         array|
|linear_stage2_d1                                        |  out|  512|   ap_memory|                                  linear_stage2|         array|
|linear_stage2_q1                                        |   in|  512|   ap_memory|                                  linear_stage2|         array|
|linear_stage2_we1                                       |  out|    1|   ap_memory|                                  linear_stage2|         array|
|linear_stage3_address0                                  |  out|    9|   ap_memory|                                  linear_stage3|         array|
|linear_stage3_ce0                                       |  out|    1|   ap_memory|                                  linear_stage3|         array|
|linear_stage3_d0                                        |  out|  512|   ap_memory|                                  linear_stage3|         array|
|linear_stage3_q0                                        |   in|  512|   ap_memory|                                  linear_stage3|         array|
|linear_stage3_we0                                       |  out|    1|   ap_memory|                                  linear_stage3|         array|
|linear_stage3_address1                                  |  out|    9|   ap_memory|                                  linear_stage3|         array|
|linear_stage3_ce1                                       |  out|    1|   ap_memory|                                  linear_stage3|         array|
|linear_stage3_d1                                        |  out|  512|   ap_memory|                                  linear_stage3|         array|
|linear_stage3_q1                                        |   in|  512|   ap_memory|                                  linear_stage3|         array|
|linear_stage3_we1                                       |  out|    1|   ap_memory|                                  linear_stage3|         array|
|q_pe0_address0                                          |  out|    6|   ap_memory|                                          q_pe0|         array|
|q_pe0_ce0                                               |  out|    1|   ap_memory|                                          q_pe0|         array|
|q_pe0_d0                                                |  out|  512|   ap_memory|                                          q_pe0|         array|
|q_pe0_q0                                                |   in|  512|   ap_memory|                                          q_pe0|         array|
|q_pe0_we0                                               |  out|    1|   ap_memory|                                          q_pe0|         array|
|q_pe1_address0                                          |  out|    6|   ap_memory|                                          q_pe1|         array|
|q_pe1_ce0                                               |  out|    1|   ap_memory|                                          q_pe1|         array|
|q_pe1_d0                                                |  out|  512|   ap_memory|                                          q_pe1|         array|
|q_pe1_q0                                                |   in|  512|   ap_memory|                                          q_pe1|         array|
|q_pe1_we0                                               |  out|    1|   ap_memory|                                          q_pe1|         array|
|q_pe2_address0                                          |  out|    6|   ap_memory|                                          q_pe2|         array|
|q_pe2_ce0                                               |  out|    1|   ap_memory|                                          q_pe2|         array|
|q_pe2_d0                                                |  out|  512|   ap_memory|                                          q_pe2|         array|
|q_pe2_q0                                                |   in|  512|   ap_memory|                                          q_pe2|         array|
|q_pe2_we0                                               |  out|    1|   ap_memory|                                          q_pe2|         array|
|q_pe3_address0                                          |  out|    6|   ap_memory|                                          q_pe3|         array|
|q_pe3_ce0                                               |  out|    1|   ap_memory|                                          q_pe3|         array|
|q_pe3_d0                                                |  out|  512|   ap_memory|                                          q_pe3|         array|
|q_pe3_q0                                                |   in|  512|   ap_memory|                                          q_pe3|         array|
|q_pe3_we0                                               |  out|    1|   ap_memory|                                          q_pe3|         array|
|k_pe0_address0                                          |  out|    6|   ap_memory|                                          k_pe0|         array|
|k_pe0_ce0                                               |  out|    1|   ap_memory|                                          k_pe0|         array|
|k_pe0_d0                                                |  out|  512|   ap_memory|                                          k_pe0|         array|
|k_pe0_q0                                                |   in|  512|   ap_memory|                                          k_pe0|         array|
|k_pe0_we0                                               |  out|    1|   ap_memory|                                          k_pe0|         array|
|k_pe1_address0                                          |  out|    6|   ap_memory|                                          k_pe1|         array|
|k_pe1_ce0                                               |  out|    1|   ap_memory|                                          k_pe1|         array|
|k_pe1_d0                                                |  out|  512|   ap_memory|                                          k_pe1|         array|
|k_pe1_q0                                                |   in|  512|   ap_memory|                                          k_pe1|         array|
|k_pe1_we0                                               |  out|    1|   ap_memory|                                          k_pe1|         array|
|k_pe2_address0                                          |  out|    6|   ap_memory|                                          k_pe2|         array|
|k_pe2_ce0                                               |  out|    1|   ap_memory|                                          k_pe2|         array|
|k_pe2_d0                                                |  out|  512|   ap_memory|                                          k_pe2|         array|
|k_pe2_q0                                                |   in|  512|   ap_memory|                                          k_pe2|         array|
|k_pe2_we0                                               |  out|    1|   ap_memory|                                          k_pe2|         array|
|k_pe3_address0                                          |  out|    6|   ap_memory|                                          k_pe3|         array|
|k_pe3_ce0                                               |  out|    1|   ap_memory|                                          k_pe3|         array|
|k_pe3_d0                                                |  out|  512|   ap_memory|                                          k_pe3|         array|
|k_pe3_q0                                                |   in|  512|   ap_memory|                                          k_pe3|         array|
|k_pe3_we0                                               |  out|    1|   ap_memory|                                          k_pe3|         array|
|v_pe0_address0                                          |  out|    6|   ap_memory|                                          v_pe0|         array|
|v_pe0_ce0                                               |  out|    1|   ap_memory|                                          v_pe0|         array|
|v_pe0_d0                                                |  out|  512|   ap_memory|                                          v_pe0|         array|
|v_pe0_q0                                                |   in|  512|   ap_memory|                                          v_pe0|         array|
|v_pe0_we0                                               |  out|    1|   ap_memory|                                          v_pe0|         array|
|v_pe1_address0                                          |  out|    6|   ap_memory|                                          v_pe1|         array|
|v_pe1_ce0                                               |  out|    1|   ap_memory|                                          v_pe1|         array|
|v_pe1_d0                                                |  out|  512|   ap_memory|                                          v_pe1|         array|
|v_pe1_q0                                                |   in|  512|   ap_memory|                                          v_pe1|         array|
|v_pe1_we0                                               |  out|    1|   ap_memory|                                          v_pe1|         array|
|v_pe2_address0                                          |  out|    6|   ap_memory|                                          v_pe2|         array|
|v_pe2_ce0                                               |  out|    1|   ap_memory|                                          v_pe2|         array|
|v_pe2_d0                                                |  out|  512|   ap_memory|                                          v_pe2|         array|
|v_pe2_q0                                                |   in|  512|   ap_memory|                                          v_pe2|         array|
|v_pe2_we0                                               |  out|    1|   ap_memory|                                          v_pe2|         array|
|v_pe3_address0                                          |  out|    6|   ap_memory|                                          v_pe3|         array|
|v_pe3_ce0                                               |  out|    1|   ap_memory|                                          v_pe3|         array|
|v_pe3_d0                                                |  out|  512|   ap_memory|                                          v_pe3|         array|
|v_pe3_q0                                                |   in|  512|   ap_memory|                                          v_pe3|         array|
|v_pe3_we0                                               |  out|    1|   ap_memory|                                          v_pe3|         array|
|gate_pe0_address0                                       |  out|    8|   ap_memory|                                       gate_pe0|         array|
|gate_pe0_ce0                                            |  out|    1|   ap_memory|                                       gate_pe0|         array|
|gate_pe0_d0                                             |  out|  512|   ap_memory|                                       gate_pe0|         array|
|gate_pe0_q0                                             |   in|  512|   ap_memory|                                       gate_pe0|         array|
|gate_pe0_we0                                            |  out|    1|   ap_memory|                                       gate_pe0|         array|
|gate_pe1_address0                                       |  out|    8|   ap_memory|                                       gate_pe1|         array|
|gate_pe1_ce0                                            |  out|    1|   ap_memory|                                       gate_pe1|         array|
|gate_pe1_d0                                             |  out|  512|   ap_memory|                                       gate_pe1|         array|
|gate_pe1_q0                                             |   in|  512|   ap_memory|                                       gate_pe1|         array|
|gate_pe1_we0                                            |  out|    1|   ap_memory|                                       gate_pe1|         array|
|gate_pe2_address0                                       |  out|    8|   ap_memory|                                       gate_pe2|         array|
|gate_pe2_ce0                                            |  out|    1|   ap_memory|                                       gate_pe2|         array|
|gate_pe2_d0                                             |  out|  512|   ap_memory|                                       gate_pe2|         array|
|gate_pe2_q0                                             |   in|  512|   ap_memory|                                       gate_pe2|         array|
|gate_pe2_we0                                            |  out|    1|   ap_memory|                                       gate_pe2|         array|
|gate_pe3_address0                                       |  out|    8|   ap_memory|                                       gate_pe3|         array|
|gate_pe3_ce0                                            |  out|    1|   ap_memory|                                       gate_pe3|         array|
|gate_pe3_d0                                             |  out|  512|   ap_memory|                                       gate_pe3|         array|
|gate_pe3_q0                                             |   in|  512|   ap_memory|                                       gate_pe3|         array|
|gate_pe3_we0                                            |  out|    1|   ap_memory|                                       gate_pe3|         array|
|up_pe0_address0                                         |  out|    8|   ap_memory|                                         up_pe0|         array|
|up_pe0_ce0                                              |  out|    1|   ap_memory|                                         up_pe0|         array|
|up_pe0_d0                                               |  out|  512|   ap_memory|                                         up_pe0|         array|
|up_pe0_q0                                               |   in|  512|   ap_memory|                                         up_pe0|         array|
|up_pe0_we0                                              |  out|    1|   ap_memory|                                         up_pe0|         array|
|up_pe1_address0                                         |  out|    8|   ap_memory|                                         up_pe1|         array|
|up_pe1_ce0                                              |  out|    1|   ap_memory|                                         up_pe1|         array|
|up_pe1_d0                                               |  out|  512|   ap_memory|                                         up_pe1|         array|
|up_pe1_q0                                               |   in|  512|   ap_memory|                                         up_pe1|         array|
|up_pe1_we0                                              |  out|    1|   ap_memory|                                         up_pe1|         array|
|up_pe2_address0                                         |  out|    8|   ap_memory|                                         up_pe2|         array|
|up_pe2_ce0                                              |  out|    1|   ap_memory|                                         up_pe2|         array|
|up_pe2_d0                                               |  out|  512|   ap_memory|                                         up_pe2|         array|
|up_pe2_q0                                               |   in|  512|   ap_memory|                                         up_pe2|         array|
|up_pe2_we0                                              |  out|    1|   ap_memory|                                         up_pe2|         array|
|up_pe3_address0                                         |  out|    8|   ap_memory|                                         up_pe3|         array|
|up_pe3_ce0                                              |  out|    1|   ap_memory|                                         up_pe3|         array|
|up_pe3_d0                                               |  out|  512|   ap_memory|                                         up_pe3|         array|
|up_pe3_q0                                               |   in|  512|   ap_memory|                                         up_pe3|         array|
|up_pe3_we0                                              |  out|    1|   ap_memory|                                         up_pe3|         array|
|logits_pe0                                              |   in|   64|     ap_none|                                     logits_pe0|        scalar|
|logits_pe0_ap_vld                                       |   in|    1|     ap_none|                                     logits_pe0|        scalar|
|logits_pe1                                              |   in|   64|     ap_none|                                     logits_pe1|        scalar|
|logits_pe1_ap_vld                                       |   in|    1|     ap_none|                                     logits_pe1|        scalar|
|logits_pe2                                              |   in|   64|     ap_none|                                     logits_pe2|        scalar|
|logits_pe2_ap_vld                                       |   in|    1|     ap_none|                                     logits_pe2|        scalar|
|logits_pe3                                              |   in|   64|     ap_none|                                     logits_pe3|        scalar|
|logits_pe3_ap_vld                                       |   in|    1|     ap_none|                                     logits_pe3|        scalar|
|controller_run_rmsnorm                                  |  out|    1|      ap_vld|                         controller_run_rmsnorm|       pointer|
|controller_run_rmsnorm_ap_vld                           |  out|    1|      ap_vld|                         controller_run_rmsnorm|       pointer|
|controller_rmsnorm_mode                                 |  out|    2|      ap_vld|                        controller_rmsnorm_mode|       pointer|
|controller_rmsnorm_mode_ap_vld                          |  out|    1|      ap_vld|                        controller_rmsnorm_mode|       pointer|
|p_read                                                  |   in|    1|     ap_none|                                         p_read|        scalar|
|p_read_ap_vld                                           |   in|    1|     ap_none|                                         p_read|        scalar|
|controller_run_linear_out                               |  out|    1|      ap_vld|                      controller_run_linear_out|       pointer|
|controller_run_linear_out_ap_vld                        |  out|    1|      ap_vld|                      controller_run_linear_out|       pointer|
|p_read1                                                 |   in|    3|     ap_none|                                        p_read1|        scalar|
|p_read1_ap_vld                                          |   in|    1|     ap_none|                                        p_read1|        scalar|
|controller_linear_mode_out                              |  out|    3|      ap_vld|                     controller_linear_mode_out|       pointer|
|controller_linear_mode_out_ap_vld                       |  out|    1|      ap_vld|                     controller_linear_mode_out|       pointer|
|controller_run_rope                                     |  out|    1|      ap_vld|                            controller_run_rope|       pointer|
|controller_run_rope_ap_vld                              |  out|    1|      ap_vld|                            controller_run_rope|       pointer|
|controller_run_swiglu                                   |  out|    1|      ap_vld|                          controller_run_swiglu|       pointer|
|controller_run_swiglu_ap_vld                            |  out|    1|      ap_vld|                          controller_run_swiglu|       pointer|
|p_read2                                                 |   in|    6|     ap_none|                                        p_read2|        scalar|
|p_read2_ap_vld                                          |   in|    1|     ap_none|                                        p_read2|        scalar|
|controller_layer_index_out                              |  out|    6|      ap_vld|                     controller_layer_index_out|       pointer|
|controller_layer_index_out_ap_vld                       |  out|    1|      ap_vld|                     controller_layer_index_out|       pointer|
|controller_exit                                         |  out|    1|      ap_vld|                                controller_exit|       pointer|
|controller_exit_ap_vld                                  |  out|    1|      ap_vld|                                controller_exit|       pointer|
|idx                                                     |   in|   13|     ap_none|                                            idx|        scalar|
|idx_ap_vld                                              |   in|    1|     ap_none|                                            idx|        scalar|
|controller_weight_word_offset_constprop_i               |   in|   24|     ap_ovld|        controller_weight_word_offset_constprop|       pointer|
|controller_weight_word_offset_constprop_o               |  out|   24|     ap_ovld|        controller_weight_word_offset_constprop|       pointer|
|controller_weight_word_offset_constprop_i_ap_vld        |   in|    1|     ap_ovld|        controller_weight_word_offset_constprop|       pointer|
|controller_weight_word_offset_constprop_o_ap_vld        |  out|    1|     ap_ovld|        controller_weight_word_offset_constprop|       pointer|
|controller_weight_scale_word_offset_constprop_i         |   in|   11|     ap_ovld|  controller_weight_scale_word_offset_constprop|       pointer|
|controller_weight_scale_word_offset_constprop_o         |  out|   11|     ap_ovld|  controller_weight_scale_word_offset_constprop|       pointer|
|controller_weight_scale_word_offset_constprop_i_ap_vld  |   in|    1|     ap_ovld|  controller_weight_scale_word_offset_constprop|       pointer|
|controller_weight_scale_word_offset_constprop_o_ap_vld  |  out|    1|     ap_ovld|  controller_weight_scale_word_offset_constprop|       pointer|
|model_norm_cache0_address0                              |  out|   13|   ap_memory|                              model_norm_cache0|         array|
|model_norm_cache0_ce0                                   |  out|    1|   ap_memory|                              model_norm_cache0|         array|
|model_norm_cache0_d0                                    |  out|  512|   ap_memory|                              model_norm_cache0|         array|
|model_norm_cache0_q0                                    |   in|  512|   ap_memory|                              model_norm_cache0|         array|
|model_norm_cache0_we0                                   |  out|    1|   ap_memory|                              model_norm_cache0|         array|
|model_norm_cache1_address0                              |  out|   13|   ap_memory|                              model_norm_cache1|         array|
|model_norm_cache1_ce0                                   |  out|    1|   ap_memory|                              model_norm_cache1|         array|
|model_norm_cache1_d0                                    |  out|  512|   ap_memory|                              model_norm_cache1|         array|
|model_norm_cache1_q0                                    |   in|  512|   ap_memory|                              model_norm_cache1|         array|
|model_norm_cache1_we0                                   |  out|    1|   ap_memory|                              model_norm_cache1|         array|
|model_norm_cache2_address0                              |  out|   13|   ap_memory|                              model_norm_cache2|         array|
|model_norm_cache2_ce0                                   |  out|    1|   ap_memory|                              model_norm_cache2|         array|
|model_norm_cache2_d0                                    |  out|  512|   ap_memory|                              model_norm_cache2|         array|
|model_norm_cache2_q0                                    |   in|  512|   ap_memory|                              model_norm_cache2|         array|
|model_norm_cache2_we0                                   |  out|    1|   ap_memory|                              model_norm_cache2|         array|
|model_norm_cache3_address0                              |  out|   13|   ap_memory|                              model_norm_cache3|         array|
|model_norm_cache3_ce0                                   |  out|    1|   ap_memory|                              model_norm_cache3|         array|
|model_norm_cache3_d0                                    |  out|  512|   ap_memory|                              model_norm_cache3|         array|
|model_norm_cache3_q0                                    |   in|  512|   ap_memory|                              model_norm_cache3|         array|
|model_norm_cache3_we0                                   |  out|    1|   ap_memory|                              model_norm_cache3|         array|
|model_scale_cache0_address0                             |  out|   11|   ap_memory|                             model_scale_cache0|         array|
|model_scale_cache0_ce0                                  |  out|    1|   ap_memory|                             model_scale_cache0|         array|
|model_scale_cache0_d0                                   |  out|  512|   ap_memory|                             model_scale_cache0|         array|
|model_scale_cache0_q0                                   |   in|  512|   ap_memory|                             model_scale_cache0|         array|
|model_scale_cache0_we0                                  |  out|    1|   ap_memory|                             model_scale_cache0|         array|
|model_scale_cache1_address0                             |  out|   11|   ap_memory|                             model_scale_cache1|         array|
|model_scale_cache1_ce0                                  |  out|    1|   ap_memory|                             model_scale_cache1|         array|
|model_scale_cache1_d0                                   |  out|  512|   ap_memory|                             model_scale_cache1|         array|
|model_scale_cache1_q0                                   |   in|  512|   ap_memory|                             model_scale_cache1|         array|
|model_scale_cache1_we0                                  |  out|    1|   ap_memory|                             model_scale_cache1|         array|
|model_scale_cache2_address0                             |  out|   11|   ap_memory|                             model_scale_cache2|         array|
|model_scale_cache2_ce0                                  |  out|    1|   ap_memory|                             model_scale_cache2|         array|
|model_scale_cache2_d0                                   |  out|  512|   ap_memory|                             model_scale_cache2|         array|
|model_scale_cache2_q0                                   |   in|  512|   ap_memory|                             model_scale_cache2|         array|
|model_scale_cache2_we0                                  |  out|    1|   ap_memory|                             model_scale_cache2|         array|
|model_scale_cache3_address0                             |  out|   11|   ap_memory|                             model_scale_cache3|         array|
|model_scale_cache3_ce0                                  |  out|    1|   ap_memory|                             model_scale_cache3|         array|
|model_scale_cache3_d0                                   |  out|  512|   ap_memory|                             model_scale_cache3|         array|
|model_scale_cache3_q0                                   |   in|  512|   ap_memory|                             model_scale_cache3|         array|
|model_scale_cache3_we0                                  |  out|    1|   ap_memory|                             model_scale_cache3|         array|
|ap_clk                                                  |   in|    1|  ap_ctrl_hs|                int4_dispatch_linear_registered|  return value|
|ap_rst                                                  |   in|    1|  ap_ctrl_hs|                int4_dispatch_linear_registered|  return value|
|ap_start                                                |   in|    1|  ap_ctrl_hs|                int4_dispatch_linear_registered|  return value|
|ap_done                                                 |  out|    1|  ap_ctrl_hs|                int4_dispatch_linear_registered|  return value|
|ap_ready                                                |  out|    1|  ap_ctrl_hs|                int4_dispatch_linear_registered|  return value|
|ap_idle                                                 |  out|    1|  ap_ctrl_hs|                int4_dispatch_linear_registered|  return value|
|ap_continue                                             |   in|    1|  ap_ctrl_hs|                int4_dispatch_linear_registered|  return value|
+--------------------------------------------------------+-----+-----+------------+-----------------------------------------------+--------------+

============================================================
+ Verbose Summary: Synthesis Manager
============================================================
InlineROM: 1
ExposeGlobal: 0
============================================================
+ Verbose Summary: CDFG Model
============================================================
IsTopModel: 0
ResetActiveHigh: 1
IsCombinational: 2
IsDatapathOnly: 2
HasWiredReturn: 1
HasMFsm: 0
HasVarLatency: 1
IsPipeline: 0
IsRtlPipelined: 0
IsInstanceOverlapped: 0
IsDontTouch: 0
HasImplIP: 0
IsGatedGlobalClock: 0


============================================================
+ Verbose Summary: Schedule
============================================================
* Number of FSM states : 3
* Pipeline : 0
* Dataflow Pipeline: 1
  DF-Pipeline-0: Size = 3, States = { 1 2 3 }

* FSM state transitions: 
1 --> 2 
2 --> 3 
3 --> 

* FSM state operations: 

State 1 <SV = 0> <Delay = 1.21>
ST_1 : Operation 4 [1/1] (0.00ns)   --->   "%idx_read = read i13 @_ssdm_op_Read.ap_auto.i13, i13 %idx"   --->   Operation 4 'read' 'idx_read' <Predicate = true> <Delay = 0.00>
ST_1 : Operation 5 [1/1] (0.00ns)   --->   "%p_read212 = read i6 @_ssdm_op_Read.ap_auto.i6, i6 %p_read2"   --->   Operation 5 'read' 'p_read212' <Predicate = true> <Delay = 0.00>
ST_1 : Operation 6 [1/1] (0.00ns)   --->   "%p_read111 = read i3 @_ssdm_op_Read.ap_auto.i3, i3 %p_read1"   --->   Operation 6 'read' 'p_read111' <Predicate = true> <Delay = 0.00>
ST_1 : Operation 7 [1/1] (0.00ns)   --->   "%p_read_15 = read i1 @_ssdm_op_Read.ap_auto.i1, i1 %p_read"   --->   Operation 7 'read' 'p_read_15' <Predicate = true> <Delay = 0.00>
ST_1 : Operation 8 [1/1] (0.00ns)   --->   "%logits_pe3_read = read i64 @_ssdm_op_Read.ap_auto.i64, i64 %logits_pe3"   --->   Operation 8 'read' 'logits_pe3_read' <Predicate = true> <Delay = 0.00>
ST_1 : Operation 9 [1/1] (0.00ns)   --->   "%logits_pe2_read = read i64 @_ssdm_op_Read.ap_auto.i64, i64 %logits_pe2"   --->   Operation 9 'read' 'logits_pe2_read' <Predicate = true> <Delay = 0.00>
ST_1 : Operation 10 [1/1] (0.00ns)   --->   "%logits_pe1_read = read i64 @_ssdm_op_Read.ap_auto.i64, i64 %logits_pe1"   --->   Operation 10 'read' 'logits_pe1_read' <Predicate = true> <Delay = 0.00>
ST_1 : Operation 11 [1/1] (0.00ns)   --->   "%logits_pe0_read = read i64 @_ssdm_op_Read.ap_auto.i64, i64 %logits_pe0"   --->   Operation 11 'read' 'logits_pe0_read' <Predicate = true> <Delay = 0.00>
ST_1 : Operation 12 [1/1] (0.00ns)   --->   "%preprocess_mode_read = read i2 @_ssdm_op_Read.ap_auto.i2, i2 %preprocess_mode"   --->   Operation 12 'read' 'preprocess_mode_read' <Predicate = true> <Delay = 0.00>
ST_1 : Operation 13 [1/1] (0.00ns)   --->   "%weight_bank3_read = read i64 @_ssdm_op_Read.ap_auto.i64, i64 %weight_bank3"   --->   Operation 13 'read' 'weight_bank3_read' <Predicate = true> <Delay = 0.00>
ST_1 : Operation 14 [1/1] (0.00ns)   --->   "%weight_bank2_read = read i64 @_ssdm_op_Read.ap_auto.i64, i64 %weight_bank2"   --->   Operation 14 'read' 'weight_bank2_read' <Predicate = true> <Delay = 0.00>
ST_1 : Operation 15 [1/1] (0.00ns)   --->   "%weight_bank1_read = read i64 @_ssdm_op_Read.ap_auto.i64, i64 %weight_bank1"   --->   Operation 15 'read' 'weight_bank1_read' <Predicate = true> <Delay = 0.00>
ST_1 : Operation 16 [1/1] (0.00ns)   --->   "%weight_bank0_read = read i64 @_ssdm_op_Read.ap_auto.i64, i64 %weight_bank0"   --->   Operation 16 'read' 'weight_bank0_read' <Predicate = true> <Delay = 0.00>
ST_1 : Operation 17 [1/1] (0.00ns)   --->   "%idx_c = alloca i64 1"   --->   Operation 17 'alloca' 'idx_c' <Predicate = true> <Delay = 0.00> <CoreInst = "FIFO_SRL">   --->   Core 81 'FIFO_SRL' <Latency = 0> <II = 1> <Delay = 1.33> <Storage> <Opcode : 'read' 'write' 'nbread' 'nbwrite'> <Ports = 0> <Width = 13> <Depth = 3> <FIFO>
ST_1 : Operation 18 [1/1] (0.00ns)   --->   "%controller_layer_index_in_c = alloca i64 1"   --->   Operation 18 'alloca' 'controller_layer_index_in_c' <Predicate = true> <Delay = 0.00> <CoreInst = "FIFO_SRL">   --->   Core 81 'FIFO_SRL' <Latency = 0> <II = 1> <Delay = 1.36> <Storage> <Opcode : 'read' 'write' 'nbread' 'nbwrite'> <Ports = 0> <Width = 6> <Depth = 3> <FIFO>
ST_1 : Operation 19 [1/1] (0.00ns)   --->   "%controller_linear_mode_in_c = alloca i64 1"   --->   Operation 19 'alloca' 'controller_linear_mode_in_c' <Predicate = true> <Delay = 0.00> <CoreInst = "FIFO_SRL">   --->   Core 81 'FIFO_SRL' <Latency = 0> <II = 1> <Delay = 1.39> <Storage> <Opcode : 'read' 'write' 'nbread' 'nbwrite'> <Ports = 0> <Width = 3> <Depth = 3> <FIFO>
ST_1 : Operation 20 [1/1] (0.00ns)   --->   "%controller_run_linear_in_c = alloca i64 1"   --->   Operation 20 'alloca' 'controller_run_linear_in_c' <Predicate = true> <Delay = 0.00> <CoreInst = "FIFO_SRL">   --->   Core 81 'FIFO_SRL' <Latency = 0> <II = 1> <Delay = 1.35> <Storage> <Opcode : 'read' 'write' 'nbread' 'nbwrite'> <Ports = 0> <Width = 1> <Depth = 3> <FIFO>
ST_1 : Operation 21 [1/1] (0.00ns)   --->   "%logits_pe3_c = alloca i64 1"   --->   Operation 21 'alloca' 'logits_pe3_c' <Predicate = true> <Delay = 0.00> <CoreInst = "FIFO_SRL">   --->   Core 81 'FIFO_SRL' <Latency = 0> <II = 1> <Delay = 1.41> <Storage> <Opcode : 'read' 'write' 'nbread' 'nbwrite'> <Ports = 0> <Width = 64> <Depth = 3> <FIFO>
ST_1 : Operation 22 [1/1] (0.00ns)   --->   "%logits_pe2_c = alloca i64 1"   --->   Operation 22 'alloca' 'logits_pe2_c' <Predicate = true> <Delay = 0.00> <CoreInst = "FIFO_SRL">   --->   Core 81 'FIFO_SRL' <Latency = 0> <II = 1> <Delay = 1.41> <Storage> <Opcode : 'read' 'write' 'nbread' 'nbwrite'> <Ports = 0> <Width = 64> <Depth = 3> <FIFO>
ST_1 : Operation 23 [1/1] (0.00ns)   --->   "%logits_pe1_c = alloca i64 1"   --->   Operation 23 'alloca' 'logits_pe1_c' <Predicate = true> <Delay = 0.00> <CoreInst = "FIFO_SRL">   --->   Core 81 'FIFO_SRL' <Latency = 0> <II = 1> <Delay = 1.41> <Storage> <Opcode : 'read' 'write' 'nbread' 'nbwrite'> <Ports = 0> <Width = 64> <Depth = 3> <FIFO>
ST_1 : Operation 24 [1/1] (0.00ns)   --->   "%logits_pe0_c = alloca i64 1"   --->   Operation 24 'alloca' 'logits_pe0_c' <Predicate = true> <Delay = 0.00> <CoreInst = "FIFO_SRL">   --->   Core 81 'FIFO_SRL' <Latency = 0> <II = 1> <Delay = 1.41> <Storage> <Opcode : 'read' 'write' 'nbread' 'nbwrite'> <Ports = 0> <Width = 64> <Depth = 3> <FIFO>
ST_1 : Operation 25 [1/1] (0.00ns)   --->   "%weight_bank3_c = alloca i64 1"   --->   Operation 25 'alloca' 'weight_bank3_c' <Predicate = true> <Delay = 0.00> <CoreInst = "FIFO_SRL">   --->   Core 81 'FIFO_SRL' <Latency = 0> <II = 1> <Delay = 1.41> <Storage> <Opcode : 'read' 'write' 'nbread' 'nbwrite'> <Ports = 0> <Width = 64> <Depth = 3> <FIFO>
ST_1 : Operation 26 [1/1] (0.00ns)   --->   "%weight_bank2_c = alloca i64 1"   --->   Operation 26 'alloca' 'weight_bank2_c' <Predicate = true> <Delay = 0.00> <CoreInst = "FIFO_SRL">   --->   Core 81 'FIFO_SRL' <Latency = 0> <II = 1> <Delay = 1.41> <Storage> <Opcode : 'read' 'write' 'nbread' 'nbwrite'> <Ports = 0> <Width = 64> <Depth = 3> <FIFO>
ST_1 : Operation 27 [1/1] (0.00ns)   --->   "%weight_bank1_c = alloca i64 1"   --->   Operation 27 'alloca' 'weight_bank1_c' <Predicate = true> <Delay = 0.00> <CoreInst = "FIFO_SRL">   --->   Core 81 'FIFO_SRL' <Latency = 0> <II = 1> <Delay = 1.41> <Storage> <Opcode : 'read' 'write' 'nbread' 'nbwrite'> <Ports = 0> <Width = 64> <Depth = 3> <FIFO>
ST_1 : Operation 28 [1/1] (0.00ns)   --->   "%weight_bank0_c = alloca i64 1"   --->   Operation 28 'alloca' 'weight_bank0_c' <Predicate = true> <Delay = 0.00> <CoreInst = "FIFO_SRL">   --->   Core 81 'FIFO_SRL' <Latency = 0> <II = 1> <Delay = 1.41> <Storage> <Opcode : 'read' 'write' 'nbread' 'nbwrite'> <Ports = 0> <Width = 64> <Depth = 3> <FIFO>
ST_1 : Operation 29 [1/1] (0.00ns)   --->   "%command_stream = alloca i64 1"   --->   Operation 29 'alloca' 'command_stream' <Predicate = true> <Delay = 0.00> <CoreInst = "FIFO_SRL">   --->   Core 81 'FIFO_SRL' <Latency = 0> <II = 1> <Delay = 1.42> <Storage> <Opcode : 'read' 'write' 'nbread' 'nbwrite'> <Ports = 0> <Width = 2> <Depth = 2> <FIFO>
ST_1 : Operation 30 [1/1] (1.21ns)   --->   "%call_ln0 = call void @entry_proc58, i64 %weight_bank0_read, i64 %weight_bank0_c, i64 %weight_bank1_read, i64 %weight_bank1_c, i64 %weight_bank2_read, i64 %weight_bank2_c, i64 %weight_bank3_read, i64 %weight_bank3_c, i64 %logits_pe0_read, i64 %logits_pe0_c, i64 %logits_pe1_read, i64 %logits_pe1_c, i64 %logits_pe2_read, i64 %logits_pe2_c, i64 %logits_pe3_read, i64 %logits_pe3_c, i1 %p_read_15, i1 %controller_run_linear_in_c, i3 %p_read111, i3 %controller_linear_mode_in_c, i6 %p_read212, i6 %controller_layer_index_in_c, i13 %idx_read, i13 %idx_c"   --->   Operation 30 'call' 'call_ln0' <Predicate = true> <Delay = 1.21> <CoreType = "Generic">   --->   Core 0 '' <Latency = 0> <II = 1> <Delay = 1.00> <Generic> <Opcode : >
ST_1 : Operation 31 [1/1] (1.21ns)   --->   "%call_ln0 = call void @int4_dispatch_linear_registered_Block_entry1_proc24, i2 %preprocess_mode_read, i2 %command_stream"   --->   Operation 31 'call' 'call_ln0' <Predicate = true> <Delay = 1.21> <CoreType = "Generic">   --->   Core 0 '' <Latency = 0> <II = 1> <Delay = 1.00> <Generic> <Opcode : >

State 2 <SV = 1> <Delay = 0.00>
ST_2 : Operation 32 [2/2] (0.00ns)   --->   "%call_ln382 = call void @int4_execute_dispatch_linear, i512 %gmem0, i64 %weight_bank0_c, i512 %gmem1, i64 %weight_bank1_c, i512 %gmem2, i64 %weight_bank2_c, i512 %gmem3, i64 %weight_bank3_c, i480 %activation_q, i512 %activation_scale, i512 %residual_pe0, i512 %residual_pe1, i512 %residual_pe2, i512 %residual_pe3, i2 %command_stream, i512 %linear_stage0, i512 %linear_stage1, i512 %linear_stage2, i512 %linear_stage3, i512 %q_pe0, i512 %q_pe1, i512 %q_pe2, i512 %q_pe3, i512 %k_pe0, i512 %k_pe1, i512 %k_pe2, i512 %k_pe3, i512 %v_pe0, i512 %v_pe1, i512 %v_pe2, i512 %v_pe3, i512 %gate_pe0, i512 %gate_pe1, i512 %gate_pe2, i512 %gate_pe3, i512 %up_pe0, i512 %up_pe1, i512 %up_pe2, i512 %up_pe3, i64 %logits_pe0_c, i64 %logits_pe1_c, i64 %logits_pe2_c, i64 %logits_pe3_c, i1 %controller_run_rmsnorm, i2 %controller_rmsnorm_mode, i1 %controller_run_linear_in_c, i1 %controller_run_linear_out, i3 %controller_linear_mode_in_c, i3 %controller_linear_mode_out, i1 %controller_run_rope, i1 %controller_run_swiglu, i6 %controller_layer_index_in_c, i6 %controller_layer_index_out, i1 %controller_exit, i13 %idx_c, i24 %controller_weight_word_offset_constprop, i11 %controller_weight_scale_word_offset_constprop, i512 %model_norm_cache0, i512 %model_norm_cache1, i512 %model_norm_cache2, i512 %model_norm_cache3, i512 %model_scale_cache0, i512 %model_scale_cache1, i512 %model_scale_cache2, i512 %model_scale_cache3" [source/int4_decoder_controller.cpp:382]   --->   Operation 32 'call' 'call_ln382' <Predicate = true> <Delay = 0.00> <CoreType = "Generic">   --->   Core 0 '' <Latency = 0> <II = 1> <Delay = 1.00> <Generic> <Opcode : >

State 3 <SV = 2> <Delay = 0.00>
ST_3 : Operation 33 [1/1] (0.00ns)   --->   "%empty = specchannel i32 @_ssdm_op_SpecChannel, void @idx_c_str, i32 1, void @p_str, void @p_str, i32 3, i32 0, i13 %idx_c, i13 %idx_c"   --->   Operation 33 'specchannel' 'empty' <Predicate = true> <Delay = 0.00>
ST_3 : Operation 34 [1/1] (0.00ns)   --->   "%specinterface_ln0 = specinterface void @_ssdm_op_SpecInterface, i13 %idx_c, void @ap_fifo_str, i32 0, i32 0, void @p_str, i32 0, i32 0, void @p_str, void @p_str, void @p_str, i32 2, i32 2, i32 16, i32 16, void @p_str, void @p_str, i32 4294967295, i32 0"   --->   Operation 34 'specinterface' 'specinterface_ln0' <Predicate = true> <Delay = 0.00>
ST_3 : Operation 35 [1/1] (0.00ns)   --->   "%empty_945 = specchannel i32 @_ssdm_op_SpecChannel, void @controller_layer_index_in_c_str, i32 1, void @p_str, void @p_str, i32 3, i32 0, i6 %controller_layer_index_in_c, i6 %controller_layer_index_in_c"   --->   Operation 35 'specchannel' 'empty_945' <Predicate = true> <Delay = 0.00>
ST_3 : Operation 36 [1/1] (0.00ns)   --->   "%specinterface_ln0 = specinterface void @_ssdm_op_SpecInterface, i6 %controller_layer_index_in_c, void @ap_fifo_str, i32 0, i32 0, void @p_str, i32 0, i32 0, void @p_str, void @p_str, void @p_str, i32 2, i32 2, i32 16, i32 16, void @p_str, void @p_str, i32 4294967295, i32 0"   --->   Operation 36 'specinterface' 'specinterface_ln0' <Predicate = true> <Delay = 0.00>
ST_3 : Operation 37 [1/1] (0.00ns)   --->   "%empty_946 = specchannel i32 @_ssdm_op_SpecChannel, void @controller_linear_mode_in_c_str, i32 1, void @p_str, void @p_str, i32 3, i32 0, i3 %controller_linear_mode_in_c, i3 %controller_linear_mode_in_c"   --->   Operation 37 'specchannel' 'empty_946' <Predicate = true> <Delay = 0.00>
ST_3 : Operation 38 [1/1] (0.00ns)   --->   "%specinterface_ln0 = specinterface void @_ssdm_op_SpecInterface, i3 %controller_linear_mode_in_c, void @ap_fifo_str, i32 0, i32 0, void @p_str, i32 0, i32 0, void @p_str, void @p_str, void @p_str, i32 2, i32 2, i32 16, i32 16, void @p_str, void @p_str, i32 4294967295, i32 0"   --->   Operation 38 'specinterface' 'specinterface_ln0' <Predicate = true> <Delay = 0.00>
ST_3 : Operation 39 [1/1] (0.00ns)   --->   "%empty_947 = specchannel i32 @_ssdm_op_SpecChannel, void @controller_run_linear_in_c_str, i32 1, void @p_str, void @p_str, i32 3, i32 0, i1 %controller_run_linear_in_c, i1 %controller_run_linear_in_c"   --->   Operation 39 'specchannel' 'empty_947' <Predicate = true> <Delay = 0.00>
ST_3 : Operation 40 [1/1] (0.00ns)   --->   "%specinterface_ln0 = specinterface void @_ssdm_op_SpecInterface, i1 %controller_run_linear_in_c, void @ap_fifo_str, i32 0, i32 0, void @p_str, i32 0, i32 0, void @p_str, void @p_str, void @p_str, i32 2, i32 2, i32 16, i32 16, void @p_str, void @p_str, i32 4294967295, i32 0"   --->   Operation 40 'specinterface' 'specinterface_ln0' <Predicate = true> <Delay = 0.00>
ST_3 : Operation 41 [1/1] (0.00ns)   --->   "%empty_948 = specchannel i32 @_ssdm_op_SpecChannel, void @logits_pe3_c_str, i32 1, void @p_str, void @p_str, i32 3, i32 0, i64 %logits_pe3_c, i64 %logits_pe3_c"   --->   Operation 41 'specchannel' 'empty_948' <Predicate = true> <Delay = 0.00>
ST_3 : Operation 42 [1/1] (0.00ns)   --->   "%specinterface_ln0 = specinterface void @_ssdm_op_SpecInterface, i64 %logits_pe3_c, void @ap_fifo_str, i32 0, i32 0, void @p_str, i32 0, i32 0, void @p_str, void @p_str, void @p_str, i32 2, i32 2, i32 16, i32 16, void @p_str, void @p_str, i32 4294967295, i32 0"   --->   Operation 42 'specinterface' 'specinterface_ln0' <Predicate = true> <Delay = 0.00>
ST_3 : Operation 43 [1/1] (0.00ns)   --->   "%empty_949 = specchannel i32 @_ssdm_op_SpecChannel, void @logits_pe2_c_str, i32 1, void @p_str, void @p_str, i32 3, i32 0, i64 %logits_pe2_c, i64 %logits_pe2_c"   --->   Operation 43 'specchannel' 'empty_949' <Predicate = true> <Delay = 0.00>
ST_3 : Operation 44 [1/1] (0.00ns)   --->   "%specinterface_ln0 = specinterface void @_ssdm_op_SpecInterface, i64 %logits_pe2_c, void @ap_fifo_str, i32 0, i32 0, void @p_str, i32 0, i32 0, void @p_str, void @p_str, void @p_str, i32 2, i32 2, i32 16, i32 16, void @p_str, void @p_str, i32 4294967295, i32 0"   --->   Operation 44 'specinterface' 'specinterface_ln0' <Predicate = true> <Delay = 0.00>
ST_3 : Operation 45 [1/1] (0.00ns)   --->   "%empty_950 = specchannel i32 @_ssdm_op_SpecChannel, void @logits_pe1_c_str, i32 1, void @p_str, void @p_str, i32 3, i32 0, i64 %logits_pe1_c, i64 %logits_pe1_c"   --->   Operation 45 'specchannel' 'empty_950' <Predicate = true> <Delay = 0.00>
ST_3 : Operation 46 [1/1] (0.00ns)   --->   "%specinterface_ln0 = specinterface void @_ssdm_op_SpecInterface, i64 %logits_pe1_c, void @ap_fifo_str, i32 0, i32 0, void @p_str, i32 0, i32 0, void @p_str, void @p_str, void @p_str, i32 2, i32 2, i32 16, i32 16, void @p_str, void @p_str, i32 4294967295, i32 0"   --->   Operation 46 'specinterface' 'specinterface_ln0' <Predicate = true> <Delay = 0.00>
ST_3 : Operation 47 [1/1] (0.00ns)   --->   "%empty_951 = specchannel i32 @_ssdm_op_SpecChannel, void @logits_pe0_c_str, i32 1, void @p_str, void @p_str, i32 3, i32 0, i64 %logits_pe0_c, i64 %logits_pe0_c"   --->   Operation 47 'specchannel' 'empty_951' <Predicate = true> <Delay = 0.00>
ST_3 : Operation 48 [1/1] (0.00ns)   --->   "%specinterface_ln0 = specinterface void @_ssdm_op_SpecInterface, i64 %logits_pe0_c, void @ap_fifo_str, i32 0, i32 0, void @p_str, i32 0, i32 0, void @p_str, void @p_str, void @p_str, i32 2, i32 2, i32 16, i32 16, void @p_str, void @p_str, i32 4294967295, i32 0"   --->   Operation 48 'specinterface' 'specinterface_ln0' <Predicate = true> <Delay = 0.00>
ST_3 : Operation 49 [1/1] (0.00ns)   --->   "%empty_952 = specchannel i32 @_ssdm_op_SpecChannel, void @weight_bank3_c_str, i32 1, void @p_str, void @p_str, i32 3, i32 0, i64 %weight_bank3_c, i64 %weight_bank3_c"   --->   Operation 49 'specchannel' 'empty_952' <Predicate = true> <Delay = 0.00>
ST_3 : Operation 50 [1/1] (0.00ns)   --->   "%specinterface_ln0 = specinterface void @_ssdm_op_SpecInterface, i64 %weight_bank3_c, void @ap_fifo_str, i32 0, i32 0, void @p_str, i32 0, i32 0, void @p_str, void @p_str, void @p_str, i32 2, i32 2, i32 16, i32 16, void @p_str, void @p_str, i32 4294967295, i32 0"   --->   Operation 50 'specinterface' 'specinterface_ln0' <Predicate = true> <Delay = 0.00>
ST_3 : Operation 51 [1/1] (0.00ns)   --->   "%empty_953 = specchannel i32 @_ssdm_op_SpecChannel, void @weight_bank2_c_str, i32 1, void @p_str, void @p_str, i32 3, i32 0, i64 %weight_bank2_c, i64 %weight_bank2_c"   --->   Operation 51 'specchannel' 'empty_953' <Predicate = true> <Delay = 0.00>
ST_3 : Operation 52 [1/1] (0.00ns)   --->   "%specinterface_ln0 = specinterface void @_ssdm_op_SpecInterface, i64 %weight_bank2_c, void @ap_fifo_str, i32 0, i32 0, void @p_str, i32 0, i32 0, void @p_str, void @p_str, void @p_str, i32 2, i32 2, i32 16, i32 16, void @p_str, void @p_str, i32 4294967295, i32 0"   --->   Operation 52 'specinterface' 'specinterface_ln0' <Predicate = true> <Delay = 0.00>
ST_3 : Operation 53 [1/1] (0.00ns)   --->   "%empty_954 = specchannel i32 @_ssdm_op_SpecChannel, void @weight_bank1_c_str, i32 1, void @p_str, void @p_str, i32 3, i32 0, i64 %weight_bank1_c, i64 %weight_bank1_c"   --->   Operation 53 'specchannel' 'empty_954' <Predicate = true> <Delay = 0.00>
ST_3 : Operation 54 [1/1] (0.00ns)   --->   "%specinterface_ln0 = specinterface void @_ssdm_op_SpecInterface, i64 %weight_bank1_c, void @ap_fifo_str, i32 0, i32 0, void @p_str, i32 0, i32 0, void @p_str, void @p_str, void @p_str, i32 2, i32 2, i32 16, i32 16, void @p_str, void @p_str, i32 4294967295, i32 0"   --->   Operation 54 'specinterface' 'specinterface_ln0' <Predicate = true> <Delay = 0.00>
ST_3 : Operation 55 [1/1] (0.00ns)   --->   "%empty_955 = specchannel i32 @_ssdm_op_SpecChannel, void @weight_bank0_c_str, i32 1, void @p_str, void @p_str, i32 3, i32 0, i64 %weight_bank0_c, i64 %weight_bank0_c"   --->   Operation 55 'specchannel' 'empty_955' <Predicate = true> <Delay = 0.00>
ST_3 : Operation 56 [1/1] (0.00ns)   --->   "%specinterface_ln0 = specinterface void @_ssdm_op_SpecInterface, i64 %weight_bank0_c, void @ap_fifo_str, i32 0, i32 0, void @p_str, i32 0, i32 0, void @p_str, void @p_str, void @p_str, i32 2, i32 2, i32 16, i32 16, void @p_str, void @p_str, i32 4294967295, i32 0"   --->   Operation 56 'specinterface' 'specinterface_ln0' <Predicate = true> <Delay = 0.00>
ST_3 : Operation 57 [1/1] (0.00ns)   --->   "%specdataflowpipeline_ln0 = specdataflowpipeline void @_ssdm_op_SpecDataflowPipeline, i32 4294967295, i32 1, void @empty_418"   --->   Operation 57 'specdataflowpipeline' 'specdataflowpipeline_ln0' <Predicate = true> <Delay = 0.00>
ST_3 : Operation 58 [1/1] (0.00ns)   --->   "%specmemcore_ln0 = specmemcore void @_ssdm_op_SpecMemCore, i512 %activation_scale, i64 666, i64 18, i64 18446744073709551615"   --->   Operation 58 'specmemcore' 'specmemcore_ln0' <Predicate = true> <Delay = 0.00>
ST_3 : Operation 59 [1/1] (0.00ns)   --->   "%specmemcore_ln0 = specmemcore void @_ssdm_op_SpecMemCore, i480 %activation_q, i64 666, i64 18, i64 18446744073709551615"   --->   Operation 59 'specmemcore' 'specmemcore_ln0' <Predicate = true> <Delay = 0.00>
ST_3 : Operation 60 [1/1] (0.00ns)   --->   "%specmemcore_ln0 = specmemcore void @_ssdm_op_SpecMemCore, i512 %linear_stage3, i64 666, i64 24, i64 18446744073709551615"   --->   Operation 60 'specmemcore' 'specmemcore_ln0' <Predicate = true> <Delay = 0.00>
ST_3 : Operation 61 [1/1] (0.00ns)   --->   "%specmemcore_ln0 = specmemcore void @_ssdm_op_SpecMemCore, i512 %linear_stage2, i64 666, i64 24, i64 18446744073709551615"   --->   Operation 61 'specmemcore' 'specmemcore_ln0' <Predicate = true> <Delay = 0.00>
ST_3 : Operation 62 [1/1] (0.00ns)   --->   "%specmemcore_ln0 = specmemcore void @_ssdm_op_SpecMemCore, i512 %linear_stage1, i64 666, i64 24, i64 18446744073709551615"   --->   Operation 62 'specmemcore' 'specmemcore_ln0' <Predicate = true> <Delay = 0.00>
ST_3 : Operation 63 [1/1] (0.00ns)   --->   "%specmemcore_ln0 = specmemcore void @_ssdm_op_SpecMemCore, i512 %linear_stage0, i64 666, i64 24, i64 18446744073709551615"   --->   Operation 63 'specmemcore' 'specmemcore_ln0' <Predicate = true> <Delay = 0.00>
ST_3 : Operation 64 [1/1] (0.00ns)   --->   "%specmemcore_ln0 = specmemcore void @_ssdm_op_SpecMemCore, i512 %residual_pe3, i64 666, i64 22, i64 18446744073709551615"   --->   Operation 64 'specmemcore' 'specmemcore_ln0' <Predicate = true> <Delay = 0.00>
ST_3 : Operation 65 [1/1] (0.00ns)   --->   "%specmemcore_ln0 = specmemcore void @_ssdm_op_SpecMemCore, i512 %residual_pe3, i64 666, i64 22, i64 18446744073709551615"   --->   Operation 65 'specmemcore' 'specmemcore_ln0' <Predicate = true> <Delay = 0.00>
ST_3 : Operation 66 [1/1] (0.00ns)   --->   "%specmemcore_ln0 = specmemcore void @_ssdm_op_SpecMemCore, i512 %residual_pe2, i64 666, i64 22, i64 18446744073709551615"   --->   Operation 66 'specmemcore' 'specmemcore_ln0' <Predicate = true> <Delay = 0.00>
ST_3 : Operation 67 [1/1] (0.00ns)   --->   "%specmemcore_ln0 = specmemcore void @_ssdm_op_SpecMemCore, i512 %residual_pe2, i64 666, i64 22, i64 18446744073709551615"   --->   Operation 67 'specmemcore' 'specmemcore_ln0' <Predicate = true> <Delay = 0.00>
ST_3 : Operation 68 [1/1] (0.00ns)   --->   "%specmemcore_ln0 = specmemcore void @_ssdm_op_SpecMemCore, i512 %residual_pe1, i64 666, i64 22, i64 18446744073709551615"   --->   Operation 68 'specmemcore' 'specmemcore_ln0' <Predicate = true> <Delay = 0.00>
ST_3 : Operation 69 [1/1] (0.00ns)   --->   "%specmemcore_ln0 = specmemcore void @_ssdm_op_SpecMemCore, i512 %residual_pe1, i64 666, i64 22, i64 18446744073709551615"   --->   Operation 69 'specmemcore' 'specmemcore_ln0' <Predicate = true> <Delay = 0.00>
ST_3 : Operation 70 [1/1] (0.00ns)   --->   "%specmemcore_ln0 = specmemcore void @_ssdm_op_SpecMemCore, i512 %residual_pe0, i64 666, i64 22, i64 18446744073709551615"   --->   Operation 70 'specmemcore' 'specmemcore_ln0' <Predicate = true> <Delay = 0.00>
ST_3 : Operation 71 [1/1] (0.00ns)   --->   "%specmemcore_ln0 = specmemcore void @_ssdm_op_SpecMemCore, i512 %residual_pe0, i64 666, i64 22, i64 18446744073709551615"   --->   Operation 71 'specmemcore' 'specmemcore_ln0' <Predicate = true> <Delay = 0.00>
ST_3 : Operation 72 [1/1] (0.00ns)   --->   "%specmemcore_ln0 = specmemcore void @_ssdm_op_SpecMemCore, i512 %up_pe3, i64 666, i64 18, i64 18446744073709551615"   --->   Operation 72 'specmemcore' 'specmemcore_ln0' <Predicate = true> <Delay = 0.00>
ST_3 : Operation 73 [1/1] (0.00ns)   --->   "%specmemcore_ln0 = specmemcore void @_ssdm_op_SpecMemCore, i512 %up_pe2, i64 666, i64 18, i64 18446744073709551615"   --->   Operation 73 'specmemcore' 'specmemcore_ln0' <Predicate = true> <Delay = 0.00>
ST_3 : Operation 74 [1/1] (0.00ns)   --->   "%specmemcore_ln0 = specmemcore void @_ssdm_op_SpecMemCore, i512 %up_pe1, i64 666, i64 18, i64 18446744073709551615"   --->   Operation 74 'specmemcore' 'specmemcore_ln0' <Predicate = true> <Delay = 0.00>
ST_3 : Operation 75 [1/1] (0.00ns)   --->   "%specmemcore_ln0 = specmemcore void @_ssdm_op_SpecMemCore, i512 %up_pe0, i64 666, i64 18, i64 18446744073709551615"   --->   Operation 75 'specmemcore' 'specmemcore_ln0' <Predicate = true> <Delay = 0.00>
ST_3 : Operation 76 [1/1] (0.00ns)   --->   "%specmemcore_ln0 = specmemcore void @_ssdm_op_SpecMemCore, i512 %gate_pe3, i64 666, i64 18, i64 18446744073709551615"   --->   Operation 76 'specmemcore' 'specmemcore_ln0' <Predicate = true> <Delay = 0.00>
ST_3 : Operation 77 [1/1] (0.00ns)   --->   "%specmemcore_ln0 = specmemcore void @_ssdm_op_SpecMemCore, i512 %gate_pe2, i64 666, i64 18, i64 18446744073709551615"   --->   Operation 77 'specmemcore' 'specmemcore_ln0' <Predicate = true> <Delay = 0.00>
ST_3 : Operation 78 [1/1] (0.00ns)   --->   "%specmemcore_ln0 = specmemcore void @_ssdm_op_SpecMemCore, i512 %gate_pe1, i64 666, i64 18, i64 18446744073709551615"   --->   Operation 78 'specmemcore' 'specmemcore_ln0' <Predicate = true> <Delay = 0.00>
ST_3 : Operation 79 [1/1] (0.00ns)   --->   "%specmemcore_ln0 = specmemcore void @_ssdm_op_SpecMemCore, i512 %gate_pe0, i64 666, i64 18, i64 18446744073709551615"   --->   Operation 79 'specmemcore' 'specmemcore_ln0' <Predicate = true> <Delay = 0.00>
ST_3 : Operation 80 [1/1] (0.00ns)   --->   "%specmemcore_ln0 = specmemcore void @_ssdm_op_SpecMemCore, i512 %v_pe3, i64 666, i64 18, i64 18446744073709551615"   --->   Operation 80 'specmemcore' 'specmemcore_ln0' <Predicate = true> <Delay = 0.00>
ST_3 : Operation 81 [1/1] (0.00ns)   --->   "%specmemcore_ln0 = specmemcore void @_ssdm_op_SpecMemCore, i512 %v_pe2, i64 666, i64 18, i64 18446744073709551615"   --->   Operation 81 'specmemcore' 'specmemcore_ln0' <Predicate = true> <Delay = 0.00>
ST_3 : Operation 82 [1/1] (0.00ns)   --->   "%specmemcore_ln0 = specmemcore void @_ssdm_op_SpecMemCore, i512 %v_pe1, i64 666, i64 18, i64 18446744073709551615"   --->   Operation 82 'specmemcore' 'specmemcore_ln0' <Predicate = true> <Delay = 0.00>
ST_3 : Operation 83 [1/1] (0.00ns)   --->   "%specmemcore_ln0 = specmemcore void @_ssdm_op_SpecMemCore, i512 %v_pe0, i64 666, i64 18, i64 18446744073709551615"   --->   Operation 83 'specmemcore' 'specmemcore_ln0' <Predicate = true> <Delay = 0.00>
ST_3 : Operation 84 [1/1] (0.00ns)   --->   "%specmemcore_ln0 = specmemcore void @_ssdm_op_SpecMemCore, i512 %k_pe3, i64 666, i64 18, i64 18446744073709551615"   --->   Operation 84 'specmemcore' 'specmemcore_ln0' <Predicate = true> <Delay = 0.00>
ST_3 : Operation 85 [1/1] (0.00ns)   --->   "%specmemcore_ln0 = specmemcore void @_ssdm_op_SpecMemCore, i512 %k_pe2, i64 666, i64 18, i64 18446744073709551615"   --->   Operation 85 'specmemcore' 'specmemcore_ln0' <Predicate = true> <Delay = 0.00>
ST_3 : Operation 86 [1/1] (0.00ns)   --->   "%specmemcore_ln0 = specmemcore void @_ssdm_op_SpecMemCore, i512 %k_pe1, i64 666, i64 18, i64 18446744073709551615"   --->   Operation 86 'specmemcore' 'specmemcore_ln0' <Predicate = true> <Delay = 0.00>
ST_3 : Operation 87 [1/1] (0.00ns)   --->   "%specmemcore_ln0 = specmemcore void @_ssdm_op_SpecMemCore, i512 %k_pe0, i64 666, i64 18, i64 18446744073709551615"   --->   Operation 87 'specmemcore' 'specmemcore_ln0' <Predicate = true> <Delay = 0.00>
ST_3 : Operation 88 [1/1] (0.00ns)   --->   "%specmemcore_ln0 = specmemcore void @_ssdm_op_SpecMemCore, i512 %q_pe3, i64 666, i64 18, i64 18446744073709551615"   --->   Operation 88 'specmemcore' 'specmemcore_ln0' <Predicate = true> <Delay = 0.00>
ST_3 : Operation 89 [1/1] (0.00ns)   --->   "%specmemcore_ln0 = specmemcore void @_ssdm_op_SpecMemCore, i512 %q_pe2, i64 666, i64 18, i64 18446744073709551615"   --->   Operation 89 'specmemcore' 'specmemcore_ln0' <Predicate = true> <Delay = 0.00>
ST_3 : Operation 90 [1/1] (0.00ns)   --->   "%specmemcore_ln0 = specmemcore void @_ssdm_op_SpecMemCore, i512 %q_pe1, i64 666, i64 18, i64 18446744073709551615"   --->   Operation 90 'specmemcore' 'specmemcore_ln0' <Predicate = true> <Delay = 0.00>
ST_3 : Operation 91 [1/1] (0.00ns)   --->   "%specmemcore_ln0 = specmemcore void @_ssdm_op_SpecMemCore, i512 %q_pe0, i64 666, i64 18, i64 18446744073709551615"   --->   Operation 91 'specmemcore' 'specmemcore_ln0' <Predicate = true> <Delay = 0.00>
ST_3 : Operation 92 [1/1] (0.00ns)   --->   "%specinterface_ln0 = specinterface void @_ssdm_op_SpecInterface, i512 %gmem3, void @empty_417, i32 0, i32 0, void @empty_418, i32 64, i32 13043328, void @empty_423, void @empty_420, void @empty_418, i32 8, i32 2, i32 256, i32 64, void @empty_418, void @empty_418, i32 4294967295, i32 0"   --->   Operation 92 'specinterface' 'specinterface_ln0' <Predicate = true> <Delay = 0.00>
ST_3 : Operation 93 [1/1] (0.00ns)   --->   "%specinterface_ln0 = specinterface void @_ssdm_op_SpecInterface, i512 %gmem2, void @empty_417, i32 0, i32 0, void @empty_418, i32 64, i32 13043328, void @empty_422, void @empty_420, void @empty_418, i32 8, i32 2, i32 256, i32 64, void @empty_418, void @empty_418, i32 4294967295, i32 0"   --->   Operation 93 'specinterface' 'specinterface_ln0' <Predicate = true> <Delay = 0.00>
ST_3 : Operation 94 [1/1] (0.00ns)   --->   "%specinterface_ln0 = specinterface void @_ssdm_op_SpecInterface, i512 %gmem1, void @empty_417, i32 0, i32 0, void @empty_418, i32 64, i32 13043328, void @empty_421, void @empty_420, void @empty_418, i32 8, i32 2, i32 256, i32 64, void @empty_418, void @empty_418, i32 4294967295, i32 0"   --->   Operation 94 'specinterface' 'specinterface_ln0' <Predicate = true> <Delay = 0.00>
ST_3 : Operation 95 [1/1] (0.00ns)   --->   "%specinterface_ln0 = specinterface void @_ssdm_op_SpecInterface, i512 %gmem0, void @empty_417, i32 0, i32 0, void @empty_418, i32 64, i32 13043328, void @empty_419, void @empty_420, void @empty_418, i32 8, i32 2, i32 256, i32 64, void @empty_418, void @empty_418, i32 4294967295, i32 0"   --->   Operation 95 'specinterface' 'specinterface_ln0' <Predicate = true> <Delay = 0.00>
ST_3 : Operation 96 [1/1] (0.00ns)   --->   "%empty_956 = specchannel i32 @_ssdm_op_SpecChannel, void @command_stream_str, i32 1, void @p_str, void @p_str, i32 2, i32 2, i2 %command_stream, i2 %command_stream"   --->   Operation 96 'specchannel' 'empty_956' <Predicate = true> <Delay = 0.00>
ST_3 : Operation 97 [1/1] (0.00ns)   --->   "%specmemcore_ln376 = specmemcore void @_ssdm_op_SpecMemCore, i2 %command_stream, i64 666, i64 10, i64 18446744073709551615" [source/int4_decoder_controller.cpp:376]   --->   Operation 97 'specmemcore' 'specmemcore_ln376' <Predicate = true> <Delay = 0.00>
ST_3 : Operation 98 [1/1] (0.00ns)   --->   "%specinterface_ln0 = specinterface void @_ssdm_op_SpecInterface, i2 %command_stream, void @empty_447, i32 0, i32 0, void @empty_418, i32 0, i32 0, void @empty_418, void @empty_418, void @empty_418, i32 0, i32 0, i32 0, i32 0, void @empty_418, void @empty_418, i32 4294967295, i32 0"   --->   Operation 98 'specinterface' 'specinterface_ln0' <Predicate = true> <Delay = 0.00>
ST_3 : Operation 99 [1/2] (0.00ns)   --->   "%call_ln382 = call void @int4_execute_dispatch_linear, i512 %gmem0, i64 %weight_bank0_c, i512 %gmem1, i64 %weight_bank1_c, i512 %gmem2, i64 %weight_bank2_c, i512 %gmem3, i64 %weight_bank3_c, i480 %activation_q, i512 %activation_scale, i512 %residual_pe0, i512 %residual_pe1, i512 %residual_pe2, i512 %residual_pe3, i2 %command_stream, i512 %linear_stage0, i512 %linear_stage1, i512 %linear_stage2, i512 %linear_stage3, i512 %q_pe0, i512 %q_pe1, i512 %q_pe2, i512 %q_pe3, i512 %k_pe0, i512 %k_pe1, i512 %k_pe2, i512 %k_pe3, i512 %v_pe0, i512 %v_pe1, i512 %v_pe2, i512 %v_pe3, i512 %gate_pe0, i512 %gate_pe1, i512 %gate_pe2, i512 %gate_pe3, i512 %up_pe0, i512 %up_pe1, i512 %up_pe2, i512 %up_pe3, i64 %logits_pe0_c, i64 %logits_pe1_c, i64 %logits_pe2_c, i64 %logits_pe3_c, i1 %controller_run_rmsnorm, i2 %controller_rmsnorm_mode, i1 %controller_run_linear_in_c, i1 %controller_run_linear_out, i3 %controller_linear_mode_in_c, i3 %controller_linear_mode_out, i1 %controller_run_rope, i1 %controller_run_swiglu, i6 %controller_layer_index_in_c, i6 %controller_layer_index_out, i1 %controller_exit, i13 %idx_c, i24 %controller_weight_word_offset_constprop, i11 %controller_weight_scale_word_offset_constprop, i512 %model_norm_cache0, i512 %model_norm_cache1, i512 %model_norm_cache2, i512 %model_norm_cache3, i512 %model_scale_cache0, i512 %model_scale_cache1, i512 %model_scale_cache2, i512 %model_scale_cache3" [source/int4_decoder_controller.cpp:382]   --->   Operation 99 'call' 'call_ln382' <Predicate = true> <Delay = 0.00> <CoreType = "Generic">   --->   Core 0 '' <Latency = 0> <II = 1> <Delay = 1.00> <Generic> <Opcode : >
ST_3 : Operation 100 [1/1] (0.00ns)   --->   "%ret_ln403 = ret" [source/int4_decoder_controller.cpp:403]   --->   Operation 100 'ret' 'ret_ln403' <Predicate = true> <Delay = 0.00>


============================================================
+ Verbose Summary: Binding
============================================================
STG Binding: 
---------------- STG Properties BEGIN ----------------
- Is combinational: 0
- Is one-state seq: 0
- Is datapath-only: 0
- Is pipelined: 0
- Is top level: 0
Port [ Return ] is wired: 1; IO mode=ap_ctrl_hs:ce=0
Port [ gmem0]:  wired=1; compound=1; hidden=0; nouse=0; global=0; static=0; extern=0; dir=2; type=4; pingpong=0; private_global=0; IO mode=m_axi:ce=0
Port [ weight_bank0]:  wired=1; compound=0; hidden=0; nouse=0; global=0; static=0; extern=0; dir=0; type=0; pingpong=0; private_global=0; IO mode=ap_none:ce=0
Port [ gmem1]:  wired=1; compound=1; hidden=0; nouse=0; global=0; static=0; extern=0; dir=2; type=4; pingpong=0; private_global=0; IO mode=m_axi:ce=0
Port [ weight_bank1]:  wired=1; compound=0; hidden=0; nouse=0; global=0; static=0; extern=0; dir=0; type=0; pingpong=0; private_global=0; IO mode=ap_none:ce=0
Port [ gmem2]:  wired=1; compound=1; hidden=0; nouse=0; global=0; static=0; extern=0; dir=2; type=4; pingpong=0; private_global=0; IO mode=m_axi:ce=0
Port [ weight_bank2]:  wired=1; compound=0; hidden=0; nouse=0; global=0; static=0; extern=0; dir=0; type=0; pingpong=0; private_global=0; IO mode=ap_none:ce=0
Port [ gmem3]:  wired=1; compound=1; hidden=0; nouse=0; global=0; static=0; extern=0; dir=2; type=4; pingpong=0; private_global=0; IO mode=m_axi:ce=0
Port [ weight_bank3]:  wired=1; compound=0; hidden=0; nouse=0; global=0; static=0; extern=0; dir=0; type=0; pingpong=0; private_global=0; IO mode=ap_none:ce=0
Port [ activation_q]:  wired=1; compound=1; hidden=0; nouse=0; global=0; static=0; extern=0; dir=2; type=1; pingpong=0; private_global=0; MemPort=[2]; IO mode=ap_memory:ce=0
Port [ activation_scale]:  wired=1; compound=1; hidden=0; nouse=0; global=0; static=0; extern=0; dir=2; type=1; pingpong=0; private_global=0; MemPort=[2]; IO mode=ap_memory:ce=0
Port [ residual_pe0]:  wired=1; compound=1; hidden=0; nouse=0; global=0; static=0; extern=0; dir=2; type=1; pingpong=0; private_global=0; MemPort=[10]; IO mode=ap_memory:ce=0
Port [ residual_pe1]:  wired=1; compound=1; hidden=0; nouse=0; global=0; static=0; extern=0; dir=2; type=1; pingpong=0; private_global=0; MemPort=[10]; IO mode=ap_memory:ce=0
Port [ residual_pe2]:  wired=1; compound=1; hidden=0; nouse=0; global=0; static=0; extern=0; dir=2; type=1; pingpong=0; private_global=0; MemPort=[10]; IO mode=ap_memory:ce=0
Port [ residual_pe3]:  wired=1; compound=1; hidden=0; nouse=0; global=0; static=0; extern=0; dir=2; type=1; pingpong=0; private_global=0; MemPort=[10]; IO mode=ap_memory:ce=0
Port [ preprocess_mode]:  wired=1; compound=0; hidden=0; nouse=0; global=0; static=0; extern=0; dir=0; type=0; pingpong=0; private_global=0; IO mode=ap_none:ce=0
Port [ linear_stage0]:  wired=1; compound=1; hidden=0; nouse=0; global=0; static=0; extern=0; dir=2; type=1; pingpong=0; private_global=0; MemPort=[10]; IO mode=ap_memory:ce=0
Port [ linear_stage1]:  wired=1; compound=1; hidden=0; nouse=0; global=0; static=0; extern=0; dir=2; type=1; pingpong=0; private_global=0; MemPort=[10]; IO mode=ap_memory:ce=0
Port [ linear_stage2]:  wired=1; compound=1; hidden=0; nouse=0; global=0; static=0; extern=0; dir=2; type=1; pingpong=0; private_global=0; MemPort=[10]; IO mode=ap_memory:ce=0
Port [ linear_stage3]:  wired=1; compound=1; hidden=0; nouse=0; global=0; static=0; extern=0; dir=2; type=1; pingpong=0; private_global=0; MemPort=[10]; IO mode=ap_memory:ce=0
Port [ q_pe0]:  wired=1; compound=1; hidden=0; nouse=0; global=0; static=0; extern=0; dir=1; type=1; pingpong=0; private_global=0; MemPort=[0]; IO mode=ap_memory:ce=0
Port [ q_pe1]:  wired=1; compound=1; hidden=0; nouse=0; global=0; static=0; extern=0; dir=1; type=1; pingpong=0; private_global=0; MemPort=[0]; IO mode=ap_memory:ce=0
Port [ q_pe2]:  wired=1; compound=1; hidden=0; nouse=0; global=0; static=0; extern=0; dir=1; type=1; pingpong=0; private_global=0; MemPort=[0]; IO mode=ap_memory:ce=0
Port [ q_pe3]:  wired=1; compound=1; hidden=0; nouse=0; global=0; static=0; extern=0; dir=1; type=1; pingpong=0; private_global=0; MemPort=[0]; IO mode=ap_memory:ce=0
Port [ k_pe0]:  wired=1; compound=1; hidden=0; nouse=0; global=0; static=0; extern=0; dir=1; type=1; pingpong=0; private_global=0; MemPort=[0]; IO mode=ap_memory:ce=0
Port [ k_pe1]:  wired=1; compound=1; hidden=0; nouse=0; global=0; static=0; extern=0; dir=1; type=1; pingpong=0; private_global=0; MemPort=[0]; IO mode=ap_memory:ce=0
Port [ k_pe2]:  wired=1; compound=1; hidden=0; nouse=0; global=0; static=0; extern=0; dir=1; type=1; pingpong=0; private_global=0; MemPort=[0]; IO mode=ap_memory:ce=0
Port [ k_pe3]:  wired=1; compound=1; hidden=0; nouse=0; global=0; static=0; extern=0; dir=1; type=1; pingpong=0; private_global=0; MemPort=[0]; IO mode=ap_memory:ce=0
Port [ v_pe0]:  wired=1; compound=1; hidden=0; nouse=0; global=0; static=0; extern=0; dir=1; type=1; pingpong=0; private_global=0; MemPort=[0]; IO mode=ap_memory:ce=0
Port [ v_pe1]:  wired=1; compound=1; hidden=0; nouse=0; global=0; static=0; extern=0; dir=1; type=1; pingpong=0; private_global=0; MemPort=[0]; IO mode=ap_memory:ce=0
Port [ v_pe2]:  wired=1; compound=1; hidden=0; nouse=0; global=0; static=0; extern=0; dir=1; type=1; pingpong=0; private_global=0; MemPort=[0]; IO mode=ap_memory:ce=0
Port [ v_pe3]:  wired=1; compound=1; hidden=0; nouse=0; global=0; static=0; extern=0; dir=1; type=1; pingpong=0; private_global=0; MemPort=[0]; IO mode=ap_memory:ce=0
Port [ gate_pe0]:  wired=1; compound=1; hidden=0; nouse=0; global=0; static=0; extern=0; dir=2; type=1; pingpong=0; private_global=0; MemPort=[2]; IO mode=ap_memory:ce=0
Port [ gate_pe1]:  wired=1; compound=1; hidden=0; nouse=0; global=0; static=0; extern=0; dir=2; type=1; pingpong=0; private_global=0; MemPort=[2]; IO mode=ap_memory:ce=0
Port [ gate_pe2]:  wired=1; compound=1; hidden=0; nouse=0; global=0; static=0; extern=0; dir=2; type=1; pingpong=0; private_global=0; MemPort=[2]; IO mode=ap_memory:ce=0
Port [ gate_pe3]:  wired=1; compound=1; hidden=0; nouse=0; global=0; static=0; extern=0; dir=2; type=1; pingpong=0; private_global=0; MemPort=[2]; IO mode=ap_memory:ce=0
Port [ up_pe0]:  wired=1; compound=1; hidden=0; nouse=0; global=0; static=0; extern=0; dir=2; type=1; pingpong=0; private_global=0; MemPort=[2]; IO mode=ap_memory:ce=0
Port [ up_pe1]:  wired=1; compound=1; hidden=0; nouse=0; global=0; static=0; extern=0; dir=2; type=1; pingpong=0; private_global=0; MemPort=[2]; IO mode=ap_memory:ce=0
Port [ up_pe2]:  wired=1; compound=1; hidden=0; nouse=0; global=0; static=0; extern=0; dir=2; type=1; pingpong=0; private_global=0; MemPort=[2]; IO mode=ap_memory:ce=0
Port [ up_pe3]:  wired=1; compound=1; hidden=0; nouse=0; global=0; static=0; extern=0; dir=2; type=1; pingpong=0; private_global=0; MemPort=[2]; IO mode=ap_memory:ce=0
Port [ logits_pe0]:  wired=1; compound=0; hidden=0; nouse=0; global=0; static=0; extern=0; dir=0; type=0; pingpong=0; private_global=0; IO mode=ap_none:ce=0
Port [ logits_pe1]:  wired=1; compound=0; hidden=0; nouse=0; global=0; static=0; extern=0; dir=0; type=0; pingpong=0; private_global=0; IO mode=ap_none:ce=0
Port [ logits_pe2]:  wired=1; compound=0; hidden=0; nouse=0; global=0; static=0; extern=0; dir=0; type=0; pingpong=0; private_global=0; IO mode=ap_none:ce=0
Port [ logits_pe3]:  wired=1; compound=0; hidden=0; nouse=0; global=0; static=0; extern=0; dir=0; type=0; pingpong=0; private_global=0; IO mode=ap_none:ce=0
Port [ controller_run_rmsnorm]:  wired=1; compound=0; hidden=0; nouse=0; global=0; static=0; extern=0; dir=1; type=0; pingpong=0; private_global=0; IO mode=ap_vld:ce=0
Port [ controller_rmsnorm_mode]:  wired=1; compound=0; hidden=0; nouse=0; global=0; static=0; extern=0; dir=1; type=0; pingpong=0; private_global=0; IO mode=ap_vld:ce=0
Port [ p_read]:  wired=1; compound=0; hidden=0; nouse=0; global=0; static=0; extern=0; dir=0; type=0; pingpong=0; private_global=0; IO mode=ap_none:ce=0
Port [ controller_run_linear_out]:  wired=1; compound=0; hidden=0; nouse=0; global=0; static=0; extern=0; dir=1; type=0; pingpong=0; private_global=0; IO mode=ap_vld:ce=0
Port [ p_read1]:  wired=1; compound=0; hidden=0; nouse=0; global=0; static=0; extern=0; dir=0; type=0; pingpong=0; private_global=0; IO mode=ap_none:ce=0
Port [ controller_linear_mode_out]:  wired=1; compound=0; hidden=0; nouse=0; global=0; static=0; extern=0; dir=1; type=0; pingpong=0; private_global=0; IO mode=ap_vld:ce=0
Port [ controller_run_rope]:  wired=1; compound=0; hidden=0; nouse=0; global=0; static=0; extern=0; dir=1; type=0; pingpong=0; private_global=0; IO mode=ap_vld:ce=0
Port [ controller_run_swiglu]:  wired=1; compound=0; hidden=0; nouse=0; global=0; static=0; extern=0; dir=1; type=0; pingpong=0; private_global=0; IO mode=ap_vld:ce=0
Port [ p_read2]:  wired=1; compound=0; hidden=0; nouse=0; global=0; static=0; extern=0; dir=0; type=0; pingpong=0; private_global=0; IO mode=ap_none:ce=0
Port [ controller_layer_index_out]:  wired=1; compound=0; hidden=0; nouse=0; global=0; static=0; extern=0; dir=1; type=0; pingpong=0; private_global=0; IO mode=ap_vld:ce=0
Port [ controller_exit]:  wired=1; compound=0; hidden=0; nouse=0; global=0; static=0; extern=0; dir=1; type=0; pingpong=0; private_global=0; IO mode=ap_vld:ce=0
Port [ idx]:  wired=1; compound=0; hidden=0; nouse=0; global=0; static=0; extern=0; dir=0; type=0; pingpong=0; private_global=0; IO mode=ap_none:ce=0
Port [ controller_weight_word_offset_constprop]:  wired=1; compound=0; hidden=0; nouse=0; global=1; static=1; extern=0; dir=2; type=0; pingpong=0; private_global=0; IO mode=ap_ovld:ce=0
Port [ controller_weight_scale_word_offset_constprop]:  wired=1; compound=0; hidden=0; nouse=0; global=1; static=1; extern=0; dir=2; type=0; pingpong=0; private_global=0; IO mode=ap_ovld:ce=0
Port [ model_norm_cache0]:  wired=1; compound=1; hidden=0; nouse=0; global=1; static=1; extern=0; dir=0; type=1; pingpong=0; private_global=0; MemPort=[1]; IO mode=ap_memory:ce=0
Port [ model_norm_cache1]:  wired=1; compound=1; hidden=0; nouse=0; global=1; static=1; extern=0; dir=0; type=1; pingpong=0; private_global=0; MemPort=[1]; IO mode=ap_memory:ce=0
Port [ model_norm_cache2]:  wired=1; compound=1; hidden=0; nouse=0; global=1; static=1; extern=0; dir=0; type=1; pingpong=0; private_global=0; MemPort=[1]; IO mode=ap_memory:ce=0
Port [ model_norm_cache3]:  wired=1; compound=1; hidden=0; nouse=0; global=1; static=1; extern=0; dir=0; type=1; pingpong=0; private_global=0; MemPort=[1]; IO mode=ap_memory:ce=0
Port [ model_scale_cache0]:  wired=1; compound=1; hidden=0; nouse=0; global=1; static=1; extern=0; dir=0; type=1; pingpong=0; private_global=0; MemPort=[1]; IO mode=ap_memory:ce=0
Port [ model_scale_cache1]:  wired=1; compound=1; hidden=0; nouse=0; global=1; static=1; extern=0; dir=0; type=1; pingpong=0; private_global=0; MemPort=[1]; IO mode=ap_memory:ce=0
Port [ model_scale_cache2]:  wired=1; compound=1; hidden=0; nouse=0; global=1; static=1; extern=0; dir=0; type=1; pingpong=0; private_global=0; MemPort=[1]; IO mode=ap_memory:ce=0
Port [ model_scale_cache3]:  wired=1; compound=1; hidden=0; nouse=0; global=1; static=1; extern=0; dir=0; type=1; pingpong=0; private_global=0; MemPort=[1]; IO mode=ap_memory:ce=0
---------------- STG Properties END ------------------

---------------- Datapath Model BEGIN ----------------

<LifeTime>
<method=bitvector/>
idx_read                    (read                ) [ 0000]
p_read212                   (read                ) [ 0000]
p_read111                   (read                ) [ 0000]
p_read_15                   (read                ) [ 0000]
logits_pe3_read             (read                ) [ 0000]
logits_pe2_read             (read                ) [ 0000]
logits_pe1_read             (read                ) [ 0000]
logits_pe0_read             (read                ) [ 0000]
preprocess_mode_read        (read                ) [ 0000]
weight_bank3_read           (read                ) [ 0000]
weight_bank2_read           (read                ) [ 0000]
weight_bank1_read           (read                ) [ 0000]
weight_bank0_read           (read                ) [ 0000]
idx_c                       (alloca              ) [ 0111]
controller_layer_index_in_c (alloca              ) [ 0111]
controller_linear_mode_in_c (alloca              ) [ 0111]
controller_run_linear_in_c  (alloca              ) [ 0111]
logits_pe3_c                (alloca              ) [ 0111]
logits_pe2_c                (alloca              ) [ 0111]
logits_pe1_c                (alloca              ) [ 0111]
logits_pe0_c                (alloca              ) [ 0111]
weight_bank3_c              (alloca              ) [ 0111]
weight_bank2_c              (alloca              ) [ 0111]
weight_bank1_c              (alloca              ) [ 0111]
weight_bank0_c              (alloca              ) [ 0111]
command_stream              (alloca              ) [ 0111]
call_ln0                    (call                ) [ 0000]
call_ln0                    (call                ) [ 0000]
empty                       (specchannel         ) [ 0000]
specinterface_ln0           (specinterface       ) [ 0000]
empty_945                   (specchannel         ) [ 0000]
specinterface_ln0           (specinterface       ) [ 0000]
empty_946                   (specchannel         ) [ 0000]
specinterface_ln0           (specinterface       ) [ 0000]
empty_947                   (specchannel         ) [ 0000]
specinterface_ln0           (specinterface       ) [ 0000]
empty_948                   (specchannel         ) [ 0000]
specinterface_ln0           (specinterface       ) [ 0000]
empty_949                   (specchannel         ) [ 0000]
specinterface_ln0           (specinterface       ) [ 0000]
empty_950                   (specchannel         ) [ 0000]
specinterface_ln0           (specinterface       ) [ 0000]
empty_951                   (specchannel         ) [ 0000]
specinterface_ln0           (specinterface       ) [ 0000]
empty_952                   (specchannel         ) [ 0000]
specinterface_ln0           (specinterface       ) [ 0000]
empty_953                   (specchannel         ) [ 0000]
specinterface_ln0           (specinterface       ) [ 0000]
empty_954                   (specchannel         ) [ 0000]
specinterface_ln0           (specinterface       ) [ 0000]
empty_955                   (specchannel         ) [ 0000]
specinterface_ln0           (specinterface       ) [ 0000]
specdataflowpipeline_ln0    (specdataflowpipeline) [ 0000]
specmemcore_ln0             (specmemcore         ) [ 0000]
specmemcore_ln0             (specmemcore         ) [ 0000]
specmemcore_ln0             (specmemcore         ) [ 0000]
specmemcore_ln0             (specmemcore         ) [ 0000]
specmemcore_ln0             (specmemcore         ) [ 0000]
specmemcore_ln0             (specmemcore         ) [ 0000]
specmemcore_ln0             (specmemcore         ) [ 0000]
specmemcore_ln0             (specmemcore         ) [ 0000]
specmemcore_ln0             (specmemcore         ) [ 0000]
specmemcore_ln0             (specmemcore         ) [ 0000]
specmemcore_ln0             (specmemcore         ) [ 0000]
specmemcore_ln0             (specmemcore         ) [ 0000]
specmemcore_ln0             (specmemcore         ) [ 0000]
specmemcore_ln0             (specmemcore         ) [ 0000]
specmemcore_ln0             (specmemcore         ) [ 0000]
specmemcore_ln0             (specmemcore         ) [ 0000]
specmemcore_ln0             (specmemcore         ) [ 0000]
specmemcore_ln0             (specmemcore         ) [ 0000]
specmemcore_ln0             (specmemcore         ) [ 0000]
specmemcore_ln0             (specmemcore         ) [ 0000]
specmemcore_ln0             (specmemcore         ) [ 0000]
specmemcore_ln0             (specmemcore         ) [ 0000]
specmemcore_ln0             (specmemcore         ) [ 0000]
specmemcore_ln0             (specmemcore         ) [ 0000]
specmemcore_ln0             (specmemcore         ) [ 0000]
specmemcore_ln0             (specmemcore         ) [ 0000]
specmemcore_ln0             (specmemcore         ) [ 0000]
specmemcore_ln0             (specmemcore         ) [ 0000]
specmemcore_ln0             (specmemcore         ) [ 0000]
specmemcore_ln0             (specmemcore         ) [ 0000]
specmemcore_ln0             (specmemcore         ) [ 0000]
specmemcore_ln0             (specmemcore         ) [ 0000]
specmemcore_ln0             (specmemcore         ) [ 0000]
specmemcore_ln0             (specmemcore         ) [ 0000]
specinterface_ln0           (specinterface       ) [ 0000]
specinterface_ln0           (specinterface       ) [ 0000]
specinterface_ln0           (specinterface       ) [ 0000]
specinterface_ln0           (specinterface       ) [ 0000]
empty_956                   (specchannel         ) [ 0000]
specmemcore_ln376           (specmemcore         ) [ 0000]
specinterface_ln0           (specinterface       ) [ 0000]
call_ln382                  (call                ) [ 0000]
ret_ln403                   (ret                 ) [ 0000]
</LifeTime>

<model>

<comp_list>
<comp id="0" class="1000" name="gmem0">
<pin_list>
<pin id="1" dir="1" index="0" bw="1" slack="0"/>
</pin_list>
<bind>
<StgValue><ssdm name="gmem0"/></StgValue>
</bind>
</comp>

<comp id="2" class="1000" name="weight_bank0">
<pin_list>
<pin id="3" dir="1" index="0" bw="1" slack="0"/>
</pin_list>
<bind>
<StgValue><ssdm name="weight_bank0"/></StgValue>
</bind>
</comp>

<comp id="4" class="1000" name="gmem1">
<pin_list>
<pin id="5" dir="1" index="0" bw="1" slack="0"/>
</pin_list>
<bind>
<StgValue><ssdm name="gmem1"/></StgValue>
</bind>
</comp>

<comp id="6" class="1000" name="weight_bank1">
<pin_list>
<pin id="7" dir="1" index="0" bw="1" slack="0"/>
</pin_list>
<bind>
<StgValue><ssdm name="weight_bank1"/></StgValue>
</bind>
</comp>

<comp id="8" class="1000" name="gmem2">
<pin_list>
<pin id="9" dir="1" index="0" bw="1" slack="0"/>
</pin_list>
<bind>
<StgValue><ssdm name="gmem2"/></StgValue>
</bind>
</comp>

<comp id="10" class="1000" name="weight_bank2">
<pin_list>
<pin id="11" dir="1" index="0" bw="1" slack="0"/>
</pin_list>
<bind>
<StgValue><ssdm name="weight_bank2"/></StgValue>
</bind>
</comp>

<comp id="12" class="1000" name="gmem3">
<pin_list>
<pin id="13" dir="1" index="0" bw="1" slack="0"/>
</pin_list>
<bind>
<StgValue><ssdm name="gmem3"/></StgValue>
</bind>
</comp>

<comp id="14" class="1000" name="weight_bank3">
<pin_list>
<pin id="15" dir="1" index="0" bw="1" slack="0"/>
</pin_list>
<bind>
<StgValue><ssdm name="weight_bank3"/></StgValue>
</bind>
</comp>

<comp id="16" class="1000" name="activation_q">
<pin_list>
<pin id="17" dir="1" index="0" bw="1" slack="0"/>
</pin_list>
<bind>
<StgValue><ssdm name="activation_q"/><MemPortTyVec>2 </MemPortTyVec>
</StgValue>
</bind>
</comp>

<comp id="18" class="1000" name="activation_scale">
<pin_list>
<pin id="19" dir="1" index="0" bw="1" slack="0"/>
</pin_list>
<bind>
<StgValue><ssdm name="activation_scale"/><MemPortTyVec>2 </MemPortTyVec>
</StgValue>
</bind>
</comp>

<comp id="20" class="1000" name="residual_pe0">
<pin_list>
<pin id="21" dir="1" index="0" bw="1" slack="0"/>
</pin_list>
<bind>
<StgValue><ssdm name="residual_pe0"/><MemPortTyVec>1 0 </MemPortTyVec>
</StgValue>
</bind>
</comp>

<comp id="22" class="1000" name="residual_pe1">
<pin_list>
<pin id="23" dir="1" index="0" bw="1" slack="0"/>
</pin_list>
<bind>
<StgValue><ssdm name="residual_pe1"/><MemPortTyVec>1 0 </MemPortTyVec>
</StgValue>
</bind>
</comp>

<comp id="24" class="1000" name="residual_pe2">
<pin_list>
<pin id="25" dir="1" index="0" bw="1" slack="0"/>
</pin_list>
<bind>
<StgValue><ssdm name="residual_pe2"/><MemPortTyVec>1 0 </MemPortTyVec>
</StgValue>
</bind>
</comp>

<comp id="26" class="1000" name="residual_pe3">
<pin_list>
<pin id="27" dir="1" index="0" bw="1" slack="0"/>
</pin_list>
<bind>
<StgValue><ssdm name="residual_pe3"/><MemPortTyVec>1 0 </MemPortTyVec>
</StgValue>
</bind>
</comp>

<comp id="28" class="1000" name="preprocess_mode">
<pin_list>
<pin id="29" dir="1" index="0" bw="1" slack="0"/>
</pin_list>
<bind>
<StgValue><ssdm name="preprocess_mode"/></StgValue>
</bind>
</comp>

<comp id="30" class="1000" name="linear_stage0">
<pin_list>
<pin id="31" dir="1" index="0" bw="1" slack="0"/>
</pin_list>
<bind>
<StgValue><ssdm name="linear_stage0"/><MemPortTyVec>1 0 </MemPortTyVec>
</StgValue>
</bind>
</comp>

<comp id="32" class="1000" name="linear_stage1">
<pin_list>
<pin id="33" dir="1" index="0" bw="1" slack="0"/>
</pin_list>
<bind>
<StgValue><ssdm name="linear_stage1"/><MemPortTyVec>1 0 </MemPortTyVec>
</StgValue>
</bind>
</comp>

<comp id="34" class="1000" name="linear_stage2">
<pin_list>
<pin id="35" dir="1" index="0" bw="1" slack="0"/>
</pin_list>
<bind>
<StgValue><ssdm name="linear_stage2"/><MemPortTyVec>1 0 </MemPortTyVec>
</StgValue>
</bind>
</comp>

<comp id="36" class="1000" name="linear_stage3">
<pin_list>
<pin id="37" dir="1" index="0" bw="1" slack="0"/>
</pin_list>
<bind>
<StgValue><ssdm name="linear_stage3"/><MemPortTyVec>1 0 </MemPortTyVec>
</StgValue>
</bind>
</comp>

<comp id="38" class="1000" name="q_pe0">
<pin_list>
<pin id="39" dir="1" index="0" bw="1" slack="0"/>
</pin_list>
<bind>
<StgValue><ssdm name="q_pe0"/><MemPortTyVec>0 </MemPortTyVec>
</StgValue>
</bind>
</comp>

<comp id="40" class="1000" name="q_pe1">
<pin_list>
<pin id="41" dir="1" index="0" bw="1" slack="0"/>
</pin_list>
<bind>
<StgValue><ssdm name="q_pe1"/><MemPortTyVec>0 </MemPortTyVec>
</StgValue>
</bind>
</comp>

<comp id="42" class="1000" name="q_pe2">
<pin_list>
<pin id="43" dir="1" index="0" bw="1" slack="0"/>
</pin_list>
<bind>
<StgValue><ssdm name="q_pe2"/><MemPortTyVec>0 </MemPortTyVec>
</StgValue>
</bind>
</comp>

<comp id="44" class="1000" name="q_pe3">
<pin_list>
<pin id="45" dir="1" index="0" bw="1" slack="0"/>
</pin_list>
<bind>
<StgValue><ssdm name="q_pe3"/><MemPortTyVec>0 </MemPortTyVec>
</StgValue>
</bind>
</comp>

<comp id="46" class="1000" name="k_pe0">
<pin_list>
<pin id="47" dir="1" index="0" bw="1" slack="0"/>
</pin_list>
<bind>
<StgValue><ssdm name="k_pe0"/><MemPortTyVec>0 </MemPortTyVec>
</StgValue>
</bind>
</comp>

<comp id="48" class="1000" name="k_pe1">
<pin_list>
<pin id="49" dir="1" index="0" bw="1" slack="0"/>
</pin_list>
<bind>
<StgValue><ssdm name="k_pe1"/><MemPortTyVec>0 </MemPortTyVec>
</StgValue>
</bind>
</comp>

<comp id="50" class="1000" name="k_pe2">
<pin_list>
<pin id="51" dir="1" index="0" bw="1" slack="0"/>
</pin_list>
<bind>
<StgValue><ssdm name="k_pe2"/><MemPortTyVec>0 </MemPortTyVec>
</StgValue>
</bind>
</comp>

<comp id="52" class="1000" name="k_pe3">
<pin_list>
<pin id="53" dir="1" index="0" bw="1" slack="0"/>
</pin_list>
<bind>
<StgValue><ssdm name="k_pe3"/><MemPortTyVec>0 </MemPortTyVec>
</StgValue>
</bind>
</comp>

<comp id="54" class="1000" name="v_pe0">
<pin_list>
<pin id="55" dir="1" index="0" bw="1" slack="0"/>
</pin_list>
<bind>
<StgValue><ssdm name="v_pe0"/><MemPortTyVec>0 </MemPortTyVec>
</StgValue>
</bind>
</comp>

<comp id="56" class="1000" name="v_pe1">
<pin_list>
<pin id="57" dir="1" index="0" bw="1" slack="0"/>
</pin_list>
<bind>
<StgValue><ssdm name="v_pe1"/><MemPortTyVec>0 </MemPortTyVec>
</StgValue>
</bind>
</comp>

<comp id="58" class="1000" name="v_pe2">
<pin_list>
<pin id="59" dir="1" index="0" bw="1" slack="0"/>
</pin_list>
<bind>
<StgValue><ssdm name="v_pe2"/><MemPortTyVec>0 </MemPortTyVec>
</StgValue>
</bind>
</comp>

<comp id="60" class="1000" name="v_pe3">
<pin_list>
<pin id="61" dir="1" index="0" bw="1" slack="0"/>
</pin_list>
<bind>
<StgValue><ssdm name="v_pe3"/><MemPortTyVec>0 </MemPortTyVec>
</StgValue>
</bind>
</comp>

<comp id="62" class="1000" name="gate_pe0">
<pin_list>
<pin id="63" dir="1" index="0" bw="1" slack="0"/>
</pin_list>
<bind>
<StgValue><ssdm name="gate_pe0"/><MemPortTyVec>2 </MemPortTyVec>
</StgValue>
</bind>
</comp>

<comp id="64" class="1000" name="gate_pe1">
<pin_list>
<pin id="65" dir="1" index="0" bw="1" slack="0"/>
</pin_list>
<bind>
<StgValue><ssdm name="gate_pe1"/><MemPortTyVec>2 </MemPortTyVec>
</StgValue>
</bind>
</comp>

<comp id="66" class="1000" name="gate_pe2">
<pin_list>
<pin id="67" dir="1" index="0" bw="1" slack="0"/>
</pin_list>
<bind>
<StgValue><ssdm name="gate_pe2"/><MemPortTyVec>2 </MemPortTyVec>
</StgValue>
</bind>
</comp>

<comp id="68" class="1000" name="gate_pe3">
<pin_list>
<pin id="69" dir="1" index="0" bw="1" slack="0"/>
</pin_list>
<bind>
<StgValue><ssdm name="gate_pe3"/><MemPortTyVec>2 </MemPortTyVec>
</StgValue>
</bind>
</comp>

<comp id="70" class="1000" name="up_pe0">
<pin_list>
<pin id="71" dir="1" index="0" bw="1" slack="0"/>
</pin_list>
<bind>
<StgValue><ssdm name="up_pe0"/><MemPortTyVec>2 </MemPortTyVec>
</StgValue>
</bind>
</comp>

<comp id="72" class="1000" name="up_pe1">
<pin_list>
<pin id="73" dir="1" index="0" bw="1" slack="0"/>
</pin_list>
<bind>
<StgValue><ssdm name="up_pe1"/><MemPortTyVec>2 </MemPortTyVec>
</StgValue>
</bind>
</comp>

<comp id="74" class="1000" name="up_pe2">
<pin_list>
<pin id="75" dir="1" index="0" bw="1" slack="0"/>
</pin_list>
<bind>
<StgValue><ssdm name="up_pe2"/><MemPortTyVec>2 </MemPortTyVec>
</StgValue>
</bind>
</comp>

<comp id="76" class="1000" name="up_pe3">
<pin_list>
<pin id="77" dir="1" index="0" bw="1" slack="0"/>
</pin_list>
<bind>
<StgValue><ssdm name="up_pe3"/><MemPortTyVec>2 </MemPortTyVec>
</StgValue>
</bind>
</comp>

<comp id="78" class="1000" name="logits_pe0">
<pin_list>
<pin id="79" dir="1" index="0" bw="1" slack="0"/>
</pin_list>
<bind>
<StgValue><ssdm name="logits_pe0"/></StgValue>
</bind>
</comp>

<comp id="80" class="1000" name="logits_pe1">
<pin_list>
<pin id="81" dir="1" index="0" bw="1" slack="0"/>
</pin_list>
<bind>
<StgValue><ssdm name="logits_pe1"/></StgValue>
</bind>
</comp>

<comp id="82" class="1000" name="logits_pe2">
<pin_list>
<pin id="83" dir="1" index="0" bw="1" slack="0"/>
</pin_list>
<bind>
<StgValue><ssdm name="logits_pe2"/></StgValue>
</bind>
</comp>

<comp id="84" class="1000" name="logits_pe3">
<pin_list>
<pin id="85" dir="1" index="0" bw="1" slack="0"/>
</pin_list>
<bind>
<StgValue><ssdm name="logits_pe3"/></StgValue>
</bind>
</comp>

<comp id="86" class="1000" name="controller_run_rmsnorm">
<pin_list>
<pin id="87" dir="1" index="0" bw="1" slack="0"/>
</pin_list>
<bind>
<StgValue><ssdm name="controller_run_rmsnorm"/></StgValue>
</bind>
</comp>

<comp id="88" class="1000" name="controller_rmsnorm_mode">
<pin_list>
<pin id="89" dir="1" index="0" bw="1" slack="0"/>
</pin_list>
<bind>
<StgValue><ssdm name="controller_rmsnorm_mode"/></StgValue>
</bind>
</comp>

<comp id="90" class="1000" name="p_read">
<pin_list>
<pin id="91" dir="1" index="0" bw="1" slack="0"/>
</pin_list>
<bind>
<StgValue><ssdm name="p_read"/></StgValue>
</bind>
</comp>

<comp id="92" class="1000" name="controller_run_linear_out">
<pin_list>
<pin id="93" dir="1" index="0" bw="1" slack="0"/>
</pin_list>
<bind>
<StgValue><ssdm name="controller_run_linear_out"/></StgValue>
</bind>
</comp>

<comp id="94" class="1000" name="p_read1">
<pin_list>
<pin id="95" dir="1" index="0" bw="1" slack="0"/>
</pin_list>
<bind>
<StgValue><ssdm name="p_read1"/></StgValue>
</bind>
</comp>

<comp id="96" class="1000" name="controller_linear_mode_out">
<pin_list>
<pin id="97" dir="1" index="0" bw="1" slack="0"/>
</pin_list>
<bind>
<StgValue><ssdm name="controller_linear_mode_out"/></StgValue>
</bind>
</comp>

<comp id="98" class="1000" name="controller_run_rope">
<pin_list>
<pin id="99" dir="1" index="0" bw="1" slack="0"/>
</pin_list>
<bind>
<StgValue><ssdm name="controller_run_rope"/></StgValue>
</bind>
</comp>

<comp id="100" class="1000" name="controller_run_swiglu">
<pin_list>
<pin id="101" dir="1" index="0" bw="1" slack="0"/>
</pin_list>
<bind>
<StgValue><ssdm name="controller_run_swiglu"/></StgValue>
</bind>
</comp>

<comp id="102" class="1000" name="p_read2">
<pin_list>
<pin id="103" dir="1" index="0" bw="1" slack="0"/>
</pin_list>
<bind>
<StgValue><ssdm name="p_read2"/></StgValue>
</bind>
</comp>

<comp id="104" class="1000" name="controller_layer_index_out">
<pin_list>
<pin id="105" dir="1" index="0" bw="1" slack="0"/>
</pin_list>
<bind>
<StgValue><ssdm name="controller_layer_index_out"/></StgValue>
</bind>
</comp>

<comp id="106" class="1000" name="controller_exit">
<pin_list>
<pin id="107" dir="1" index="0" bw="1" slack="0"/>
</pin_list>
<bind>
<StgValue><ssdm name="controller_exit"/></StgValue>
</bind>
</comp>

<comp id="108" class="1000" name="idx">
<pin_list>
<pin id="109" dir="1" index="0" bw="1" slack="0"/>
</pin_list>
<bind>
<StgValue><ssdm name="idx"/></StgValue>
</bind>
</comp>

<comp id="110" class="1000" name="controller_weight_word_offset_constprop">
<pin_list>
<pin id="111" dir="1" index="0" bw="1" slack="0"/>
</pin_list>
<bind>
<StgValue><ssdm name="controller_weight_word_offset_constprop"/></StgValue>
</bind>
</comp>

<comp id="112" class="1000" name="controller_weight_scale_word_offset_constprop">
<pin_list>
<pin id="113" dir="1" index="0" bw="1" slack="0"/>
</pin_list>
<bind>
<StgValue><ssdm name="controller_weight_scale_word_offset_constprop"/></StgValue>
</bind>
</comp>

<comp id="114" class="1000" name="model_norm_cache0">
<pin_list>
<pin id="115" dir="1" index="0" bw="1" slack="0"/>
</pin_list>
<bind>
<StgValue><ssdm name="model_norm_cache0"/><MemPortTyVec>1 </MemPortTyVec>
</StgValue>
</bind>
</comp>

<comp id="116" class="1000" name="model_norm_cache1">
<pin_list>
<pin id="117" dir="1" index="0" bw="1" slack="0"/>
</pin_list>
<bind>
<StgValue><ssdm name="model_norm_cache1"/><MemPortTyVec>1 </MemPortTyVec>
</StgValue>
</bind>
</comp>

<comp id="118" class="1000" name="model_norm_cache2">
<pin_list>
<pin id="119" dir="1" index="0" bw="1" slack="0"/>
</pin_list>
<bind>
<StgValue><ssdm name="model_norm_cache2"/><MemPortTyVec>1 </MemPortTyVec>
</StgValue>
</bind>
</comp>

<comp id="120" class="1000" name="model_norm_cache3">
<pin_list>
<pin id="121" dir="1" index="0" bw="1" slack="0"/>
</pin_list>
<bind>
<StgValue><ssdm name="model_norm_cache3"/><MemPortTyVec>1 </MemPortTyVec>
</StgValue>
</bind>
</comp>

<comp id="122" class="1000" name="model_scale_cache0">
<pin_list>
<pin id="123" dir="1" index="0" bw="1" slack="0"/>
</pin_list>
<bind>
<StgValue><ssdm name="model_scale_cache0"/><MemPortTyVec>1 </MemPortTyVec>
</StgValue>
</bind>
</comp>

<comp id="124" class="1000" name="model_scale_cache1">
<pin_list>
<pin id="125" dir="1" index="0" bw="1" slack="0"/>
</pin_list>
<bind>
<StgValue><ssdm name="model_scale_cache1"/><MemPortTyVec>1 </MemPortTyVec>
</StgValue>
</bind>
</comp>

<comp id="126" class="1000" name="model_scale_cache2">
<pin_list>
<pin id="127" dir="1" index="0" bw="1" slack="0"/>
</pin_list>
<bind>
<StgValue><ssdm name="model_scale_cache2"/><MemPortTyVec>1 </MemPortTyVec>
</StgValue>
</bind>
</comp>

<comp id="128" class="1000" name="model_scale_cache3">
<pin_list>
<pin id="129" dir="1" index="0" bw="1" slack="0"/>
</pin_list>
<bind>
<StgValue><ssdm name="model_scale_cache3"/><MemPortTyVec>1 </MemPortTyVec>
</StgValue>
</bind>
</comp>

<comp id="130" class="1001" name="const_130">
<pin_list>
<pin id="131" dir="1" index="0" bw="1" slack="0"/>
</pin_list>
<bind>
<StgValue><ssdm name="_ssdm_op_Read.ap_auto.i13"/></StgValue>
</bind>
</comp>

<comp id="132" class="1001" name="const_132">
<pin_list>
<pin id="133" dir="1" index="0" bw="1" slack="0"/>
</pin_list>
<bind>
<StgValue><ssdm name="_ssdm_op_Read.ap_auto.i6"/></StgValue>
</bind>
</comp>

<comp id="134" class="1001" name="const_134">
<pin_list>
<pin id="135" dir="1" index="0" bw="1" slack="0"/>
</pin_list>
<bind>
<StgValue><ssdm name="_ssdm_op_Read.ap_auto.i3"/></StgValue>
</bind>
</comp>

<comp id="136" class="1001" name="const_136">
<pin_list>
<pin id="137" dir="1" index="0" bw="1" slack="0"/>
</pin_list>
<bind>
<StgValue><ssdm name="_ssdm_op_Read.ap_auto.i1"/></StgValue>
</bind>
</comp>

<comp id="138" class="1001" name="const_138">
<pin_list>
<pin id="139" dir="1" index="0" bw="1" slack="0"/>
</pin_list>
<bind>
<StgValue><ssdm name="_ssdm_op_Read.ap_auto.i64"/></StgValue>
</bind>
</comp>

<comp id="140" class="1001" name="const_140">
<pin_list>
<pin id="141" dir="1" index="0" bw="1" slack="0"/>
</pin_list>
<bind>
<StgValue><ssdm name="_ssdm_op_Read.ap_auto.i2"/></StgValue>
</bind>
</comp>

<comp id="142" class="1001" name="const_142">
<pin_list>
<pin id="143" dir="1" index="0" bw="1" slack="0"/>
</pin_list>
<bind>
<StgValue><ssdm name=""/></StgValue>
</bind>
</comp>

<comp id="144" class="1001" name="const_144">
<pin_list>
<pin id="145" dir="1" index="0" bw="1" slack="0"/>
</pin_list>
<bind>
<StgValue><ssdm name="entry_proc58"/></StgValue>
</bind>
</comp>

<comp id="146" class="1001" name="const_146">
<pin_list>
<pin id="147" dir="1" index="0" bw="1" slack="0"/>
</pin_list>
<bind>
<StgValue><ssdm name="int4_dispatch_linear_registered_Block_entry1_proc24"/></StgValue>
</bind>
</comp>

<comp id="148" class="1001" name="const_148">
<pin_list>
<pin id="149" dir="1" index="0" bw="1" slack="0"/>
</pin_list>
<bind>
<StgValue><ssdm name="int4_execute_dispatch_linear"/></StgValue>
</bind>
</comp>

<comp id="150" class="1001" name="const_150">
<pin_list>
<pin id="151" dir="1" index="0" bw="1" slack="2147483647"/>
</pin_list>
<bind>
<StgValue><ssdm name="_ssdm_op_SpecChannel"/></StgValue>
</bind>
</comp>

<comp id="152" class="1001" name="const_152">
<pin_list>
<pin id="153" dir="1" index="0" bw="1" slack="2147483647"/>
</pin_list>
<bind>
<StgValue><ssdm name="idx_c_str"/></StgValue>
</bind>
</comp>

<comp id="154" class="1001" name="const_154">
<pin_list>
<pin id="155" dir="1" index="0" bw="1" slack="2147483647"/>
</pin_list>
<bind>
<StgValue><ssdm name=""/></StgValue>
</bind>
</comp>

<comp id="156" class="1001" name="const_156">
<pin_list>
<pin id="157" dir="1" index="0" bw="1" slack="2147483647"/>
</pin_list>
<bind>
<StgValue><ssdm name="p_str"/></StgValue>
</bind>
</comp>

<comp id="158" class="1001" name="const_158">
<pin_list>
<pin id="159" dir="1" index="0" bw="1" slack="2147483647"/>
</pin_list>
<bind>
<StgValue><ssdm name=""/></StgValue>
</bind>
</comp>

<comp id="160" class="1001" name="const_160">
<pin_list>
<pin id="161" dir="1" index="0" bw="1" slack="2147483647"/>
</pin_list>
<bind>
<StgValue><ssdm name=""/></StgValue>
</bind>
</comp>

<comp id="162" class="1001" name="const_162">
<pin_list>
<pin id="163" dir="1" index="0" bw="1" slack="2147483647"/>
</pin_list>
<bind>
<StgValue><ssdm name="_ssdm_op_SpecInterface"/></StgValue>
</bind>
</comp>

<comp id="164" class="1001" name="const_164">
<pin_list>
<pin id="165" dir="1" index="0" bw="1" slack="2147483647"/>
</pin_list>
<bind>
<StgValue><ssdm name="ap_fifo_str"/></StgValue>
</bind>
</comp>

<comp id="166" class="1001" name="const_166">
<pin_list>
<pin id="167" dir="1" index="0" bw="1" slack="2147483647"/>
</pin_list>
<bind>
<StgValue><ssdm name=""/></StgValue>
</bind>
</comp>

<comp id="168" class="1001" name="const_168">
<pin_list>
<pin id="169" dir="1" index="0" bw="1" slack="2147483647"/>
</pin_list>
<bind>
<StgValue><ssdm name=""/></StgValue>
</bind>
</comp>

<comp id="170" class="1001" name="const_170">
<pin_list>
<pin id="171" dir="1" index="0" bw="1" slack="2147483647"/>
</pin_list>
<bind>
<StgValue><ssdm name=""/></StgValue>
</bind>
</comp>

<comp id="172" class="1001" name="const_172">
<pin_list>
<pin id="173" dir="1" index="0" bw="1" slack="2147483647"/>
</pin_list>
<bind>
<StgValue><ssdm name="controller_layer_index_in_c_str"/></StgValue>
</bind>
</comp>

<comp id="174" class="1001" name="const_174">
<pin_list>
<pin id="175" dir="1" index="0" bw="1" slack="2147483647"/>
</pin_list>
<bind>
<StgValue><ssdm name="controller_linear_mode_in_c_str"/></StgValue>
</bind>
</comp>

<comp id="176" class="1001" name="const_176">
<pin_list>
<pin id="177" dir="1" index="0" bw="1" slack="2147483647"/>
</pin_list>
<bind>
<StgValue><ssdm name="controller_run_linear_in_c_str"/></StgValue>
</bind>
</comp>

<comp id="178" class="1001" name="const_178">
<pin_list>
<pin id="179" dir="1" index="0" bw="1" slack="2147483647"/>
</pin_list>
<bind>
<StgValue><ssdm name="logits_pe3_c_str"/></StgValue>
</bind>
</comp>

<comp id="180" class="1001" name="const_180">
<pin_list>
<pin id="181" dir="1" index="0" bw="1" slack="2147483647"/>
</pin_list>
<bind>
<StgValue><ssdm name="logits_pe2_c_str"/></StgValue>
</bind>
</comp>

<comp id="182" class="1001" name="const_182">
<pin_list>
<pin id="183" dir="1" index="0" bw="1" slack="2147483647"/>
</pin_list>
<bind>
<StgValue><ssdm name="logits_pe1_c_str"/></StgValue>
</bind>
</comp>

<comp id="184" class="1001" name="const_184">
<pin_list>
<pin id="185" dir="1" index="0" bw="1" slack="2147483647"/>
</pin_list>
<bind>
<StgValue><ssdm name="logits_pe0_c_str"/></StgValue>
</bind>
</comp>

<comp id="186" class="1001" name="const_186">
<pin_list>
<pin id="187" dir="1" index="0" bw="1" slack="2147483647"/>
</pin_list>
<bind>
<StgValue><ssdm name="weight_bank3_c_str"/></StgValue>
</bind>
</comp>

<comp id="188" class="1001" name="const_188">
<pin_list>
<pin id="189" dir="1" index="0" bw="1" slack="2147483647"/>
</pin_list>
<bind>
<StgValue><ssdm name="weight_bank2_c_str"/></StgValue>
</bind>
</comp>

<comp id="190" class="1001" name="const_190">
<pin_list>
<pin id="191" dir="1" index="0" bw="1" slack="2147483647"/>
</pin_list>
<bind>
<StgValue><ssdm name="weight_bank1_c_str"/></StgValue>
</bind>
</comp>

<comp id="192" class="1001" name="const_192">
<pin_list>
<pin id="193" dir="1" index="0" bw="1" slack="2147483647"/>
</pin_list>
<bind>
<StgValue><ssdm name="weight_bank0_c_str"/></StgValue>
</bind>
</comp>

<comp id="194" class="1001" name="const_194">
<pin_list>
<pin id="195" dir="1" index="0" bw="1" slack="2147483647"/>
</pin_list>
<bind>
<StgValue><ssdm name="_ssdm_op_SpecDataflowPipeline"/></StgValue>
</bind>
</comp>

<comp id="196" class="1001" name="const_196">
<pin_list>
<pin id="197" dir="1" index="0" bw="1" slack="2147483647"/>
</pin_list>
<bind>
<StgValue><ssdm name="empty_418"/></StgValue>
</bind>
</comp>

<comp id="198" class="1001" name="const_198">
<pin_list>
<pin id="199" dir="1" index="0" bw="1" slack="2147483647"/>
</pin_list>
<bind>
<StgValue><ssdm name="_ssdm_op_SpecMemCore"/></StgValue>
</bind>
</comp>

<comp id="200" class="1001" name="const_200">
<pin_list>
<pin id="201" dir="1" index="0" bw="1" slack="2147483647"/>
</pin_list>
<bind>
<StgValue><ssdm name=""/></StgValue>
</bind>
</comp>

<comp id="202" class="1001" name="const_202">
<pin_list>
<pin id="203" dir="1" index="0" bw="1" slack="2147483647"/>
</pin_list>
<bind>
<StgValue><ssdm name=""/></StgValue>
</bind>
</comp>

<comp id="204" class="1001" name="const_204">
<pin_list>
<pin id="205" dir="1" index="0" bw="1" slack="2147483647"/>
</pin_list>
<bind>
<StgValue><ssdm name=""/></StgValue>
</bind>
</comp>

<comp id="206" class="1001" name="const_206">
<pin_list>
<pin id="207" dir="1" index="0" bw="1" slack="2147483647"/>
</pin_list>
<bind>
<StgValue><ssdm name=""/></StgValue>
</bind>
</comp>

<comp id="208" class="1001" name="const_208">
<pin_list>
<pin id="209" dir="1" index="0" bw="1" slack="2147483647"/>
</pin_list>
<bind>
<StgValue><ssdm name=""/></StgValue>
</bind>
</comp>

<comp id="210" class="1001" name="const_210">
<pin_list>
<pin id="211" dir="1" index="0" bw="1" slack="2147483647"/>
</pin_list>
<bind>
<StgValue><ssdm name="empty_417"/></StgValue>
</bind>
</comp>

<comp id="212" class="1001" name="const_212">
<pin_list>
<pin id="213" dir="1" index="0" bw="1" slack="2147483647"/>
</pin_list>
<bind>
<StgValue><ssdm name=""/></StgValue>
</bind>
</comp>

<comp id="214" class="1001" name="const_214">
<pin_list>
<pin id="215" dir="1" index="0" bw="1" slack="2147483647"/>
</pin_list>
<bind>
<StgValue><ssdm name=""/></StgValue>
</bind>
</comp>

<comp id="216" class="1001" name="const_216">
<pin_list>
<pin id="217" dir="1" index="0" bw="1" slack="2147483647"/>
</pin_list>
<bind>
<StgValue><ssdm name="empty_423"/></StgValue>
</bind>
</comp>

<comp id="218" class="1001" name="const_218">
<pin_list>
<pin id="219" dir="1" index="0" bw="1" slack="2147483647"/>
</pin_list>
<bind>
<StgValue><ssdm name="empty_420"/></StgValue>
</bind>
</comp>

<comp id="220" class="1001" name="const_220">
<pin_list>
<pin id="221" dir="1" index="0" bw="1" slack="2147483647"/>
</pin_list>
<bind>
<StgValue><ssdm name=""/></StgValue>
</bind>
</comp>

<comp id="222" class="1001" name="const_222">
<pin_list>
<pin id="223" dir="1" index="0" bw="1" slack="2147483647"/>
</pin_list>
<bind>
<StgValue><ssdm name=""/></StgValue>
</bind>
</comp>

<comp id="224" class="1001" name="const_224">
<pin_list>
<pin id="225" dir="1" index="0" bw="1" slack="2147483647"/>
</pin_list>
<bind>
<StgValue><ssdm name="empty_422"/></StgValue>
</bind>
</comp>

<comp id="226" class="1001" name="const_226">
<pin_list>
<pin id="227" dir="1" index="0" bw="1" slack="2147483647"/>
</pin_list>
<bind>
<StgValue><ssdm name="empty_421"/></StgValue>
</bind>
</comp>

<comp id="228" class="1001" name="const_228">
<pin_list>
<pin id="229" dir="1" index="0" bw="1" slack="2147483647"/>
</pin_list>
<bind>
<StgValue><ssdm name="empty_419"/></StgValue>
</bind>
</comp>

<comp id="230" class="1001" name="const_230">
<pin_list>
<pin id="231" dir="1" index="0" bw="1" slack="2147483647"/>
</pin_list>
<bind>
<StgValue><ssdm name="command_stream_str"/></StgValue>
</bind>
</comp>

<comp id="232" class="1001" name="const_232">
<pin_list>
<pin id="233" dir="1" index="0" bw="1" slack="2147483647"/>
</pin_list>
<bind>
<StgValue><ssdm name=""/></StgValue>
</bind>
</comp>

<comp id="234" class="1001" name="const_234">
<pin_list>
<pin id="235" dir="1" index="0" bw="1" slack="2147483647"/>
</pin_list>
<bind>
<StgValue><ssdm name="empty_447"/></StgValue>
</bind>
</comp>

<comp id="236" class="1004" name="idx_c_fu_236">
<pin_list>
<pin id="237" dir="0" index="0" bw="1" slack="0"/>
<pin id="238" dir="1" index="1" bw="13" slack="0"/>
</pin_list>
<bind>
<opcode="alloca(26) " fcode="alloca"/>
<opset="idx_c/1 "/>
</bind>
</comp>

<comp id="240" class="1004" name="controller_layer_index_in_c_fu_240">
<pin_list>
<pin id="241" dir="0" index="0" bw="1" slack="0"/>
<pin id="242" dir="1" index="1" bw="6" slack="0"/>
</pin_list>
<bind>
<opcode="alloca(26) " fcode="alloca"/>
<opset="controller_layer_index_in_c/1 "/>
</bind>
</comp>

<comp id="244" class="1004" name="controller_linear_mode_in_c_fu_244">
<pin_list>
<pin id="245" dir="0" index="0" bw="1" slack="0"/>
<pin id="246" dir="1" index="1" bw="3" slack="0"/>
</pin_list>
<bind>
<opcode="alloca(26) " fcode="alloca"/>
<opset="controller_linear_mode_in_c/1 "/>
</bind>
</comp>

<comp id="248" class="1004" name="controller_run_linear_in_c_fu_248">
<pin_list>
<pin id="249" dir="0" index="0" bw="1" slack="0"/>
<pin id="250" dir="1" index="1" bw="1" slack="0"/>
</pin_list>
<bind>
<opcode="alloca(26) " fcode="alloca"/>
<opset="controller_run_linear_in_c/1 "/>
</bind>
</comp>

<comp id="252" class="1004" name="logits_pe3_c_fu_252">
<pin_list>
<pin id="253" dir="0" index="0" bw="1" slack="0"/>
<pin id="254" dir="1" index="1" bw="64" slack="0"/>
</pin_list>
<bind>
<opcode="alloca(26) " fcode="alloca"/>
<opset="logits_pe3_c/1 "/>
</bind>
</comp>

<comp id="256" class="1004" name="logits_pe2_c_fu_256">
<pin_list>
<pin id="257" dir="0" index="0" bw="1" slack="0"/>
<pin id="258" dir="1" index="1" bw="64" slack="0"/>
</pin_list>
<bind>
<opcode="alloca(26) " fcode="alloca"/>
<opset="logits_pe2_c/1 "/>
</bind>
</comp>

<comp id="260" class="1004" name="logits_pe1_c_fu_260">
<pin_list>
<pin id="261" dir="0" index="0" bw="1" slack="0"/>
<pin id="262" dir="1" index="1" bw="64" slack="0"/>
</pin_list>
<bind>
<opcode="alloca(26) " fcode="alloca"/>
<opset="logits_pe1_c/1 "/>
</bind>
</comp>

<comp id="264" class="1004" name="logits_pe0_c_fu_264">
<pin_list>
<pin id="265" dir="0" index="0" bw="1" slack="0"/>
<pin id="266" dir="1" index="1" bw="64" slack="0"/>
</pin_list>
<bind>
<opcode="alloca(26) " fcode="alloca"/>
<opset="logits_pe0_c/1 "/>
</bind>
</comp>

<comp id="268" class="1004" name="weight_bank3_c_fu_268">
<pin_list>
<pin id="269" dir="0" index="0" bw="1" slack="0"/>
<pin id="270" dir="1" index="1" bw="64" slack="0"/>
</pin_list>
<bind>
<opcode="alloca(26) " fcode="alloca"/>
<opset="weight_bank3_c/1 "/>
</bind>
</comp>

<comp id="272" class="1004" name="weight_bank2_c_fu_272">
<pin_list>
<pin id="273" dir="0" index="0" bw="1" slack="0"/>
<pin id="274" dir="1" index="1" bw="64" slack="0"/>
</pin_list>
<bind>
<opcode="alloca(26) " fcode="alloca"/>
<opset="weight_bank2_c/1 "/>
</bind>
</comp>

<comp id="276" class="1004" name="weight_bank1_c_fu_276">
<pin_list>
<pin id="277" dir="0" index="0" bw="1" slack="0"/>
<pin id="278" dir="1" index="1" bw="64" slack="0"/>
</pin_list>
<bind>
<opcode="alloca(26) " fcode="alloca"/>
<opset="weight_bank1_c/1 "/>
</bind>
</comp>

<comp id="280" class="1004" name="weight_bank0_c_fu_280">
<pin_list>
<pin id="281" dir="0" index="0" bw="1" slack="0"/>
<pin id="282" dir="1" index="1" bw="64" slack="0"/>
</pin_list>
<bind>
<opcode="alloca(26) " fcode="alloca"/>
<opset="weight_bank0_c/1 "/>
</bind>
</comp>

<comp id="284" class="1004" name="command_stream_fu_284">
<pin_list>
<pin id="285" dir="0" index="0" bw="1" slack="0"/>
<pin id="286" dir="1" index="1" bw="2" slack="0"/>
</pin_list>
<bind>
<opcode="alloca(26) " fcode="alloca"/>
<opset="command_stream/1 "/>
</bind>
</comp>

<comp id="288" class="1004" name="idx_read_read_fu_288">
<pin_list>
<pin id="289" dir="0" index="0" bw="13" slack="0"/>
<pin id="290" dir="0" index="1" bw="13" slack="0"/>
<pin id="291" dir="1" index="2" bw="13" slack="0"/>
</pin_list>
<bind>
<opcode="read(1150) " fcode="read"/>
<opset="idx_read/1 "/>
</bind>
</comp>

<comp id="294" class="1004" name="p_read212_read_fu_294">
<pin_list>
<pin id="295" dir="0" index="0" bw="6" slack="0"/>
<pin id="296" dir="0" index="1" bw="6" slack="0"/>
<pin id="297" dir="1" index="2" bw="6" slack="0"/>
</pin_list>
<bind>
<opcode="read(1150) " fcode="read"/>
<opset="p_read212/1 "/>
</bind>
</comp>

<comp id="300" class="1004" name="p_read111_read_fu_300">
<pin_list>
<pin id="301" dir="0" index="0" bw="3" slack="0"/>
<pin id="302" dir="0" index="1" bw="3" slack="0"/>
<pin id="303" dir="1" index="2" bw="3" slack="0"/>
</pin_list>
<bind>
<opcode="read(1150) " fcode="read"/>
<opset="p_read111/1 "/>
</bind>
</comp>

<comp id="306" class="1004" name="p_read_15_read_fu_306">
<pin_list>
<pin id="307" dir="0" index="0" bw="1" slack="0"/>
<pin id="308" dir="0" index="1" bw="1" slack="0"/>
<pin id="309" dir="1" index="2" bw="1" slack="0"/>
</pin_list>
<bind>
<opcode="read(1150) " fcode="read"/>
<opset="p_read_15/1 "/>
</bind>
</comp>

<comp id="312" class="1004" name="logits_pe3_read_read_fu_312">
<pin_list>
<pin id="313" dir="0" index="0" bw="64" slack="0"/>
<pin id="314" dir="0" index="1" bw="64" slack="0"/>
<pin id="315" dir="1" index="2" bw="64" slack="0"/>
</pin_list>
<bind>
<opcode="read(1150) " fcode="read"/>
<opset="logits_pe3_read/1 "/>
</bind>
</comp>

<comp id="318" class="1004" name="logits_pe2_read_read_fu_318">
<pin_list>
<pin id="319" dir="0" index="0" bw="64" slack="0"/>
<pin id="320" dir="0" index="1" bw="64" slack="0"/>
<pin id="321" dir="1" index="2" bw="64" slack="0"/>
</pin_list>
<bind>
<opcode="read(1150) " fcode="read"/>
<opset="logits_pe2_read/1 "/>
</bind>
</comp>

<comp id="324" class="1004" name="logits_pe1_read_read_fu_324">
<pin_list>
<pin id="325" dir="0" index="0" bw="64" slack="0"/>
<pin id="326" dir="0" index="1" bw="64" slack="0"/>
<pin id="327" dir="1" index="2" bw="64" slack="0"/>
</pin_list>
<bind>
<opcode="read(1150) " fcode="read"/>
<opset="logits_pe1_read/1 "/>
</bind>
</comp>

<comp id="330" class="1004" name="logits_pe0_read_read_fu_330">
<pin_list>
<pin id="331" dir="0" index="0" bw="64" slack="0"/>
<pin id="332" dir="0" index="1" bw="64" slack="0"/>
<pin id="333" dir="1" index="2" bw="64" slack="0"/>
</pin_list>
<bind>
<opcode="read(1150) " fcode="read"/>
<opset="logits_pe0_read/1 "/>
</bind>
</comp>

<comp id="336" class="1004" name="preprocess_mode_read_read_fu_336">
<pin_list>
<pin id="337" dir="0" index="0" bw="2" slack="0"/>
<pin id="338" dir="0" index="1" bw="2" slack="0"/>
<pin id="339" dir="1" index="2" bw="2" slack="0"/>
</pin_list>
<bind>
<opcode="read(1150) " fcode="read"/>
<opset="preprocess_mode_read/1 "/>
</bind>
</comp>

<comp id="342" class="1004" name="weight_bank3_read_read_fu_342">
<pin_list>
<pin id="343" dir="0" index="0" bw="64" slack="0"/>
<pin id="344" dir="0" index="1" bw="64" slack="0"/>
<pin id="345" dir="1" index="2" bw="64" slack="0"/>
</pin_list>
<bind>
<opcode="read(1150) " fcode="read"/>
<opset="weight_bank3_read/1 "/>
</bind>
</comp>

<comp id="348" class="1004" name="weight_bank2_read_read_fu_348">
<pin_list>
<pin id="349" dir="0" index="0" bw="64" slack="0"/>
<pin id="350" dir="0" index="1" bw="64" slack="0"/>
<pin id="351" dir="1" index="2" bw="64" slack="0"/>
</pin_list>
<bind>
<opcode="read(1150) " fcode="read"/>
<opset="weight_bank2_read/1 "/>
</bind>
</comp>

<comp id="354" class="1004" name="weight_bank1_read_read_fu_354">
<pin_list>
<pin id="355" dir="0" index="0" bw="64" slack="0"/>
<pin id="356" dir="0" index="1" bw="64" slack="0"/>
<pin id="357" dir="1" index="2" bw="64" slack="0"/>
</pin_list>
<bind>
<opcode="read(1150) " fcode="read"/>
<opset="weight_bank1_read/1 "/>
</bind>
</comp>

<comp id="360" class="1004" name="weight_bank0_read_read_fu_360">
<pin_list>
<pin id="361" dir="0" index="0" bw="64" slack="0"/>
<pin id="362" dir="0" index="1" bw="64" slack="0"/>
<pin id="363" dir="1" index="2" bw="64" slack="0"/>
</pin_list>
<bind>
<opcode="read(1150) " fcode="read"/>
<opset="weight_bank0_read/1 "/>
</bind>
</comp>

<comp id="366" class="1004" name="call_ln0_entry_proc58_fu_366">
<pin_list>
<pin id="367" dir="0" index="0" bw="0" slack="0"/>
<pin id="368" dir="0" index="1" bw="64" slack="0"/>
<pin id="369" dir="0" index="2" bw="64" slack="0"/>
<pin id="370" dir="0" index="3" bw="64" slack="0"/>
<pin id="371" dir="0" index="4" bw="64" slack="0"/>
<pin id="372" dir="0" index="5" bw="64" slack="0"/>
<pin id="373" dir="0" index="6" bw="64" slack="0"/>
<pin id="374" dir="0" index="7" bw="64" slack="0"/>
<pin id="375" dir="0" index="8" bw="64" slack="0"/>
<pin id="376" dir="0" index="9" bw="64" slack="0"/>
<pin id="377" dir="0" index="10" bw="64" slack="0"/>
<pin id="378" dir="0" index="11" bw="64" slack="0"/>
<pin id="379" dir="0" index="12" bw="64" slack="0"/>
<pin id="380" dir="0" index="13" bw="64" slack="0"/>
<pin id="381" dir="0" index="14" bw="64" slack="0"/>
<pin id="382" dir="0" index="15" bw="64" slack="0"/>
<pin id="383" dir="0" index="16" bw="64" slack="0"/>
<pin id="384" dir="0" index="17" bw="1" slack="0"/>
<pin id="385" dir="0" index="18" bw="1" slack="0"/>
<pin id="386" dir="0" index="19" bw="3" slack="0"/>
<pin id="387" dir="0" index="20" bw="3" slack="0"/>
<pin id="388" dir="0" index="21" bw="6" slack="0"/>
<pin id="389" dir="0" index="22" bw="6" slack="0"/>
<pin id="390" dir="0" index="23" bw="13" slack="0"/>
<pin id="391" dir="0" index="24" bw="13" slack="0"/>
<pin id="392" dir="1" index="25" bw="0" slack="2147483647"/>
</pin_list>
<bind>
<opcode="call(48) " fcode="call"/>
<opset="call_ln0/1 "/>
</bind>
</comp>

<comp id="406" class="1004" name="call_ln0_int4_dispatch_linear_registered_Block_entry1_proc24_fu_406">
<pin_list>
<pin id="407" dir="0" index="0" bw="0" slack="0"/>
<pin id="408" dir="0" index="1" bw="2" slack="0"/>
<pin id="409" dir="0" index="2" bw="2" slack="0"/>
<pin id="410" dir="1" index="3" bw="0" slack="2147483647"/>
</pin_list>
<bind>
<opcode="call(48) " fcode="call"/>
<opset="call_ln0/1 "/>
</bind>
</comp>

<comp id="413" class="1004" name="grp_int4_execute_dispatch_linear_fu_413">
<pin_list>
<pin id="414" dir="0" index="0" bw="0" slack="0"/>
<pin id="415" dir="0" index="1" bw="512" slack="0"/>
<pin id="416" dir="0" index="2" bw="64" slack="1"/>
<pin id="417" dir="0" index="3" bw="512" slack="0"/>
<pin id="418" dir="0" index="4" bw="64" slack="1"/>
<pin id="419" dir="0" index="5" bw="512" slack="0"/>
<pin id="420" dir="0" index="6" bw="64" slack="1"/>
<pin id="421" dir="0" index="7" bw="512" slack="0"/>
<pin id="422" dir="0" index="8" bw="64" slack="1"/>
<pin id="423" dir="0" index="9" bw="480" slack="0"/>
<pin id="424" dir="0" index="10" bw="512" slack="0"/>
<pin id="425" dir="0" index="11" bw="512" slack="0"/>
<pin id="426" dir="0" index="12" bw="512" slack="0"/>
<pin id="427" dir="0" index="13" bw="512" slack="0"/>
<pin id="428" dir="0" index="14" bw="512" slack="0"/>
<pin id="429" dir="0" index="15" bw="2" slack="1"/>
<pin id="430" dir="0" index="16" bw="512" slack="0"/>
<pin id="431" dir="0" index="17" bw="512" slack="0"/>
<pin id="432" dir="0" index="18" bw="512" slack="0"/>
<pin id="433" dir="0" index="19" bw="512" slack="0"/>
<pin id="434" dir="0" index="20" bw="512" slack="0"/>
<pin id="435" dir="0" index="21" bw="512" slack="0"/>
<pin id="436" dir="0" index="22" bw="512" slack="0"/>
<pin id="437" dir="0" index="23" bw="512" slack="0"/>
<pin id="438" dir="0" index="24" bw="512" slack="0"/>
<pin id="439" dir="0" index="25" bw="512" slack="0"/>
<pin id="440" dir="0" index="26" bw="512" slack="0"/>
<pin id="441" dir="0" index="27" bw="512" slack="0"/>
<pin id="442" dir="0" index="28" bw="512" slack="0"/>
<pin id="443" dir="0" index="29" bw="512" slack="0"/>
<pin id="444" dir="0" index="30" bw="512" slack="0"/>
<pin id="445" dir="0" index="31" bw="512" slack="0"/>
<pin id="446" dir="0" index="32" bw="512" slack="0"/>
<pin id="447" dir="0" index="33" bw="512" slack="0"/>
<pin id="448" dir="0" index="34" bw="512" slack="0"/>
<pin id="449" dir="0" index="35" bw="512" slack="0"/>
<pin id="450" dir="0" index="36" bw="512" slack="0"/>
<pin id="451" dir="0" index="37" bw="512" slack="0"/>
<pin id="452" dir="0" index="38" bw="512" slack="0"/>
<pin id="453" dir="0" index="39" bw="512" slack="0"/>
<pin id="454" dir="0" index="40" bw="64" slack="1"/>
<pin id="455" dir="0" index="41" bw="64" slack="1"/>
<pin id="456" dir="0" index="42" bw="64" slack="1"/>
<pin id="457" dir="0" index="43" bw="64" slack="1"/>
<pin id="458" dir="0" index="44" bw="1" slack="0"/>
<pin id="459" dir="0" index="45" bw="2" slack="0"/>
<pin id="460" dir="0" index="46" bw="1" slack="1"/>
<pin id="461" dir="0" index="47" bw="1" slack="0"/>
<pin id="462" dir="0" index="48" bw="3" slack="1"/>
<pin id="463" dir="0" index="49" bw="3" slack="0"/>
<pin id="464" dir="0" index="50" bw="1" slack="0"/>
<pin id="465" dir="0" index="51" bw="1" slack="0"/>
<pin id="466" dir="0" index="52" bw="6" slack="1"/>
<pin id="467" dir="0" index="53" bw="6" slack="0"/>
<pin id="468" dir="0" index="54" bw="1" slack="0"/>
<pin id="469" dir="0" index="55" bw="13" slack="1"/>
<pin id="470" dir="0" index="56" bw="24" slack="0"/>
<pin id="471" dir="0" index="57" bw="11" slack="0"/>
<pin id="472" dir="0" index="58" bw="512" slack="0"/>
<pin id="473" dir="0" index="59" bw="512" slack="0"/>
<pin id="474" dir="0" index="60" bw="512" slack="0"/>
<pin id="475" dir="0" index="61" bw="512" slack="0"/>
<pin id="476" dir="0" index="62" bw="512" slack="0"/>
<pin id="477" dir="0" index="63" bw="512" slack="0"/>
<pin id="478" dir="0" index="64" bw="512" slack="0"/>
<pin id="479" dir="0" index="65" bw="512" slack="0"/>
<pin id="480" dir="1" index="66" bw="0" slack="2147483647"/>
</pin_list>
<bind>
<opcode="call(48) " fcode="call"/>
<opset="call_ln382/2 "/>
</bind>
</comp>

<comp id="534" class="1005" name="idx_c_reg_534">
<pin_list>
<pin id="535" dir="0" index="0" bw="13" slack="0"/>
<pin id="536" dir="1" index="1" bw="13" slack="0"/>
</pin_list>
<bind>
<opset="idx_c "/>
</bind>
</comp>

<comp id="540" class="1005" name="controller_layer_index_in_c_reg_540">
<pin_list>
<pin id="541" dir="0" index="0" bw="6" slack="0"/>
<pin id="542" dir="1" index="1" bw="6" slack="0"/>
</pin_list>
<bind>
<opset="controller_layer_index_in_c "/>
</bind>
</comp>

<comp id="546" class="1005" name="controller_linear_mode_in_c_reg_546">
<pin_list>
<pin id="547" dir="0" index="0" bw="3" slack="0"/>
<pin id="548" dir="1" index="1" bw="3" slack="0"/>
</pin_list>
<bind>
<opset="controller_linear_mode_in_c "/>
</bind>
</comp>

<comp id="552" class="1005" name="controller_run_linear_in_c_reg_552">
<pin_list>
<pin id="553" dir="0" index="0" bw="1" slack="0"/>
<pin id="554" dir="1" index="1" bw="1" slack="0"/>
</pin_list>
<bind>
<opset="controller_run_linear_in_c "/>
</bind>
</comp>

<comp id="558" class="1005" name="logits_pe3_c_reg_558">
<pin_list>
<pin id="559" dir="0" index="0" bw="64" slack="0"/>
<pin id="560" dir="1" index="1" bw="64" slack="0"/>
</pin_list>
<bind>
<opset="logits_pe3_c "/>
</bind>
</comp>

<comp id="564" class="1005" name="logits_pe2_c_reg_564">
<pin_list>
<pin id="565" dir="0" index="0" bw="64" slack="0"/>
<pin id="566" dir="1" index="1" bw="64" slack="0"/>
</pin_list>
<bind>
<opset="logits_pe2_c "/>
</bind>
</comp>

<comp id="570" class="1005" name="logits_pe1_c_reg_570">
<pin_list>
<pin id="571" dir="0" index="0" bw="64" slack="0"/>
<pin id="572" dir="1" index="1" bw="64" slack="0"/>
</pin_list>
<bind>
<opset="logits_pe1_c "/>
</bind>
</comp>

<comp id="576" class="1005" name="logits_pe0_c_reg_576">
<pin_list>
<pin id="577" dir="0" index="0" bw="64" slack="0"/>
<pin id="578" dir="1" index="1" bw="64" slack="0"/>
</pin_list>
<bind>
<opset="logits_pe0_c "/>
</bind>
</comp>

<comp id="582" class="1005" name="weight_bank3_c_reg_582">
<pin_list>
<pin id="583" dir="0" index="0" bw="64" slack="0"/>
<pin id="584" dir="1" index="1" bw="64" slack="0"/>
</pin_list>
<bind>
<opset="weight_bank3_c "/>
</bind>
</comp>

<comp id="588" class="1005" name="weight_bank2_c_reg_588">
<pin_list>
<pin id="589" dir="0" index="0" bw="64" slack="0"/>
<pin id="590" dir="1" index="1" bw="64" slack="0"/>
</pin_list>
<bind>
<opset="weight_bank2_c "/>
</bind>
</comp>

<comp id="594" class="1005" name="weight_bank1_c_reg_594">
<pin_list>
<pin id="595" dir="0" index="0" bw="64" slack="0"/>
<pin id="596" dir="1" index="1" bw="64" slack="0"/>
</pin_list>
<bind>
<opset="weight_bank1_c "/>
</bind>
</comp>

<comp id="600" class="1005" name="weight_bank0_c_reg_600">
<pin_list>
<pin id="601" dir="0" index="0" bw="64" slack="0"/>
<pin id="602" dir="1" index="1" bw="64" slack="0"/>
</pin_list>
<bind>
<opset="weight_bank0_c "/>
</bind>
</comp>

<comp id="606" class="1005" name="command_stream_reg_606">
<pin_list>
<pin id="607" dir="0" index="0" bw="2" slack="0"/>
<pin id="608" dir="1" index="1" bw="2" slack="0"/>
</pin_list>
<bind>
<opset="command_stream "/>
</bind>
</comp>

</comp_list>

<net_list>
<net id="239"><net_src comp="142" pin="0"/><net_sink comp="236" pin=0"/></net>

<net id="243"><net_src comp="142" pin="0"/><net_sink comp="240" pin=0"/></net>

<net id="247"><net_src comp="142" pin="0"/><net_sink comp="244" pin=0"/></net>

<net id="251"><net_src comp="142" pin="0"/><net_sink comp="248" pin=0"/></net>

<net id="255"><net_src comp="142" pin="0"/><net_sink comp="252" pin=0"/></net>

<net id="259"><net_src comp="142" pin="0"/><net_sink comp="256" pin=0"/></net>

<net id="263"><net_src comp="142" pin="0"/><net_sink comp="260" pin=0"/></net>

<net id="267"><net_src comp="142" pin="0"/><net_sink comp="264" pin=0"/></net>

<net id="271"><net_src comp="142" pin="0"/><net_sink comp="268" pin=0"/></net>

<net id="275"><net_src comp="142" pin="0"/><net_sink comp="272" pin=0"/></net>

<net id="279"><net_src comp="142" pin="0"/><net_sink comp="276" pin=0"/></net>

<net id="283"><net_src comp="142" pin="0"/><net_sink comp="280" pin=0"/></net>

<net id="287"><net_src comp="142" pin="0"/><net_sink comp="284" pin=0"/></net>

<net id="292"><net_src comp="130" pin="0"/><net_sink comp="288" pin=0"/></net>

<net id="293"><net_src comp="108" pin="0"/><net_sink comp="288" pin=1"/></net>

<net id="298"><net_src comp="132" pin="0"/><net_sink comp="294" pin=0"/></net>

<net id="299"><net_src comp="102" pin="0"/><net_sink comp="294" pin=1"/></net>

<net id="304"><net_src comp="134" pin="0"/><net_sink comp="300" pin=0"/></net>

<net id="305"><net_src comp="94" pin="0"/><net_sink comp="300" pin=1"/></net>

<net id="310"><net_src comp="136" pin="0"/><net_sink comp="306" pin=0"/></net>

<net id="311"><net_src comp="90" pin="0"/><net_sink comp="306" pin=1"/></net>

<net id="316"><net_src comp="138" pin="0"/><net_sink comp="312" pin=0"/></net>

<net id="317"><net_src comp="84" pin="0"/><net_sink comp="312" pin=1"/></net>

<net id="322"><net_src comp="138" pin="0"/><net_sink comp="318" pin=0"/></net>

<net id="323"><net_src comp="82" pin="0"/><net_sink comp="318" pin=1"/></net>

<net id="328"><net_src comp="138" pin="0"/><net_sink comp="324" pin=0"/></net>

<net id="329"><net_src comp="80" pin="0"/><net_sink comp="324" pin=1"/></net>

<net id="334"><net_src comp="138" pin="0"/><net_sink comp="330" pin=0"/></net>

<net id="335"><net_src comp="78" pin="0"/><net_sink comp="330" pin=1"/></net>

<net id="340"><net_src comp="140" pin="0"/><net_sink comp="336" pin=0"/></net>

<net id="341"><net_src comp="28" pin="0"/><net_sink comp="336" pin=1"/></net>

<net id="346"><net_src comp="138" pin="0"/><net_sink comp="342" pin=0"/></net>

<net id="347"><net_src comp="14" pin="0"/><net_sink comp="342" pin=1"/></net>

<net id="352"><net_src comp="138" pin="0"/><net_sink comp="348" pin=0"/></net>

<net id="353"><net_src comp="10" pin="0"/><net_sink comp="348" pin=1"/></net>

<net id="358"><net_src comp="138" pin="0"/><net_sink comp="354" pin=0"/></net>

<net id="359"><net_src comp="6" pin="0"/><net_sink comp="354" pin=1"/></net>

<net id="364"><net_src comp="138" pin="0"/><net_sink comp="360" pin=0"/></net>

<net id="365"><net_src comp="2" pin="0"/><net_sink comp="360" pin=1"/></net>

<net id="393"><net_src comp="144" pin="0"/><net_sink comp="366" pin=0"/></net>

<net id="394"><net_src comp="360" pin="2"/><net_sink comp="366" pin=1"/></net>

<net id="395"><net_src comp="354" pin="2"/><net_sink comp="366" pin=3"/></net>

<net id="396"><net_src comp="348" pin="2"/><net_sink comp="366" pin=5"/></net>

<net id="397"><net_src comp="342" pin="2"/><net_sink comp="366" pin=7"/></net>

<net id="398"><net_src comp="330" pin="2"/><net_sink comp="366" pin=9"/></net>

<net id="399"><net_src comp="324" pin="2"/><net_sink comp="366" pin=11"/></net>

<net id="400"><net_src comp="318" pin="2"/><net_sink comp="366" pin=13"/></net>

<net id="401"><net_src comp="312" pin="2"/><net_sink comp="366" pin=15"/></net>

<net id="402"><net_src comp="306" pin="2"/><net_sink comp="366" pin=17"/></net>

<net id="403"><net_src comp="300" pin="2"/><net_sink comp="366" pin=19"/></net>

<net id="404"><net_src comp="294" pin="2"/><net_sink comp="366" pin=21"/></net>

<net id="405"><net_src comp="288" pin="2"/><net_sink comp="366" pin=23"/></net>

<net id="411"><net_src comp="146" pin="0"/><net_sink comp="406" pin=0"/></net>

<net id="412"><net_src comp="336" pin="2"/><net_sink comp="406" pin=1"/></net>

<net id="481"><net_src comp="148" pin="0"/><net_sink comp="413" pin=0"/></net>

<net id="482"><net_src comp="0" pin="0"/><net_sink comp="413" pin=1"/></net>

<net id="483"><net_src comp="4" pin="0"/><net_sink comp="413" pin=3"/></net>

<net id="484"><net_src comp="8" pin="0"/><net_sink comp="413" pin=5"/></net>

<net id="485"><net_src comp="12" pin="0"/><net_sink comp="413" pin=7"/></net>

<net id="486"><net_src comp="16" pin="0"/><net_sink comp="413" pin=9"/></net>

<net id="487"><net_src comp="18" pin="0"/><net_sink comp="413" pin=10"/></net>

<net id="488"><net_src comp="20" pin="0"/><net_sink comp="413" pin=11"/></net>

<net id="489"><net_src comp="22" pin="0"/><net_sink comp="413" pin=12"/></net>

<net id="490"><net_src comp="24" pin="0"/><net_sink comp="413" pin=13"/></net>

<net id="491"><net_src comp="26" pin="0"/><net_sink comp="413" pin=14"/></net>

<net id="492"><net_src comp="30" pin="0"/><net_sink comp="413" pin=16"/></net>

<net id="493"><net_src comp="32" pin="0"/><net_sink comp="413" pin=17"/></net>

<net id="494"><net_src comp="34" pin="0"/><net_sink comp="413" pin=18"/></net>

<net id="495"><net_src comp="36" pin="0"/><net_sink comp="413" pin=19"/></net>

<net id="496"><net_src comp="38" pin="0"/><net_sink comp="413" pin=20"/></net>

<net id="497"><net_src comp="40" pin="0"/><net_sink comp="413" pin=21"/></net>

<net id="498"><net_src comp="42" pin="0"/><net_sink comp="413" pin=22"/></net>

<net id="499"><net_src comp="44" pin="0"/><net_sink comp="413" pin=23"/></net>

<net id="500"><net_src comp="46" pin="0"/><net_sink comp="413" pin=24"/></net>

<net id="501"><net_src comp="48" pin="0"/><net_sink comp="413" pin=25"/></net>

<net id="502"><net_src comp="50" pin="0"/><net_sink comp="413" pin=26"/></net>

<net id="503"><net_src comp="52" pin="0"/><net_sink comp="413" pin=27"/></net>

<net id="504"><net_src comp="54" pin="0"/><net_sink comp="413" pin=28"/></net>

<net id="505"><net_src comp="56" pin="0"/><net_sink comp="413" pin=29"/></net>

<net id="506"><net_src comp="58" pin="0"/><net_sink comp="413" pin=30"/></net>

<net id="507"><net_src comp="60" pin="0"/><net_sink comp="413" pin=31"/></net>

<net id="508"><net_src comp="62" pin="0"/><net_sink comp="413" pin=32"/></net>

<net id="509"><net_src comp="64" pin="0"/><net_sink comp="413" pin=33"/></net>

<net id="510"><net_src comp="66" pin="0"/><net_sink comp="413" pin=34"/></net>

<net id="511"><net_src comp="68" pin="0"/><net_sink comp="413" pin=35"/></net>

<net id="512"><net_src comp="70" pin="0"/><net_sink comp="413" pin=36"/></net>

<net id="513"><net_src comp="72" pin="0"/><net_sink comp="413" pin=37"/></net>

<net id="514"><net_src comp="74" pin="0"/><net_sink comp="413" pin=38"/></net>

<net id="515"><net_src comp="76" pin="0"/><net_sink comp="413" pin=39"/></net>

<net id="516"><net_src comp="86" pin="0"/><net_sink comp="413" pin=44"/></net>

<net id="517"><net_src comp="88" pin="0"/><net_sink comp="413" pin=45"/></net>

<net id="518"><net_src comp="92" pin="0"/><net_sink comp="413" pin=47"/></net>

<net id="519"><net_src comp="96" pin="0"/><net_sink comp="413" pin=49"/></net>

<net id="520"><net_src comp="98" pin="0"/><net_sink comp="413" pin=50"/></net>

<net id="521"><net_src comp="100" pin="0"/><net_sink comp="413" pin=51"/></net>

<net id="522"><net_src comp="104" pin="0"/><net_sink comp="413" pin=53"/></net>

<net id="523"><net_src comp="106" pin="0"/><net_sink comp="413" pin=54"/></net>

<net id="524"><net_src comp="110" pin="0"/><net_sink comp="413" pin=56"/></net>

<net id="525"><net_src comp="112" pin="0"/><net_sink comp="413" pin=57"/></net>

<net id="526"><net_src comp="114" pin="0"/><net_sink comp="413" pin=58"/></net>

<net id="527"><net_src comp="116" pin="0"/><net_sink comp="413" pin=59"/></net>

<net id="528"><net_src comp="118" pin="0"/><net_sink comp="413" pin=60"/></net>

<net id="529"><net_src comp="120" pin="0"/><net_sink comp="413" pin=61"/></net>

<net id="530"><net_src comp="122" pin="0"/><net_sink comp="413" pin=62"/></net>

<net id="531"><net_src comp="124" pin="0"/><net_sink comp="413" pin=63"/></net>

<net id="532"><net_src comp="126" pin="0"/><net_sink comp="413" pin=64"/></net>

<net id="533"><net_src comp="128" pin="0"/><net_sink comp="413" pin=65"/></net>

<net id="537"><net_src comp="236" pin="1"/><net_sink comp="534" pin=0"/></net>

<net id="538"><net_src comp="534" pin="1"/><net_sink comp="366" pin=24"/></net>

<net id="539"><net_src comp="534" pin="1"/><net_sink comp="413" pin=55"/></net>

<net id="543"><net_src comp="240" pin="1"/><net_sink comp="540" pin=0"/></net>

<net id="544"><net_src comp="540" pin="1"/><net_sink comp="366" pin=22"/></net>

<net id="545"><net_src comp="540" pin="1"/><net_sink comp="413" pin=52"/></net>

<net id="549"><net_src comp="244" pin="1"/><net_sink comp="546" pin=0"/></net>

<net id="550"><net_src comp="546" pin="1"/><net_sink comp="366" pin=20"/></net>

<net id="551"><net_src comp="546" pin="1"/><net_sink comp="413" pin=48"/></net>

<net id="555"><net_src comp="248" pin="1"/><net_sink comp="552" pin=0"/></net>

<net id="556"><net_src comp="552" pin="1"/><net_sink comp="366" pin=18"/></net>

<net id="557"><net_src comp="552" pin="1"/><net_sink comp="413" pin=46"/></net>

<net id="561"><net_src comp="252" pin="1"/><net_sink comp="558" pin=0"/></net>

<net id="562"><net_src comp="558" pin="1"/><net_sink comp="366" pin=16"/></net>

<net id="563"><net_src comp="558" pin="1"/><net_sink comp="413" pin=43"/></net>

<net id="567"><net_src comp="256" pin="1"/><net_sink comp="564" pin=0"/></net>

<net id="568"><net_src comp="564" pin="1"/><net_sink comp="366" pin=14"/></net>

<net id="569"><net_src comp="564" pin="1"/><net_sink comp="413" pin=42"/></net>

<net id="573"><net_src comp="260" pin="1"/><net_sink comp="570" pin=0"/></net>

<net id="574"><net_src comp="570" pin="1"/><net_sink comp="366" pin=12"/></net>

<net id="575"><net_src comp="570" pin="1"/><net_sink comp="413" pin=41"/></net>

<net id="579"><net_src comp="264" pin="1"/><net_sink comp="576" pin=0"/></net>

<net id="580"><net_src comp="576" pin="1"/><net_sink comp="366" pin=10"/></net>

<net id="581"><net_src comp="576" pin="1"/><net_sink comp="413" pin=40"/></net>

<net id="585"><net_src comp="268" pin="1"/><net_sink comp="582" pin=0"/></net>

<net id="586"><net_src comp="582" pin="1"/><net_sink comp="366" pin=8"/></net>

<net id="587"><net_src comp="582" pin="1"/><net_sink comp="413" pin=8"/></net>

<net id="591"><net_src comp="272" pin="1"/><net_sink comp="588" pin=0"/></net>

<net id="592"><net_src comp="588" pin="1"/><net_sink comp="366" pin=6"/></net>

<net id="593"><net_src comp="588" pin="1"/><net_sink comp="413" pin=6"/></net>

<net id="597"><net_src comp="276" pin="1"/><net_sink comp="594" pin=0"/></net>

<net id="598"><net_src comp="594" pin="1"/><net_sink comp="366" pin=4"/></net>

<net id="599"><net_src comp="594" pin="1"/><net_sink comp="413" pin=4"/></net>

<net id="603"><net_src comp="280" pin="1"/><net_sink comp="600" pin=0"/></net>

<net id="604"><net_src comp="600" pin="1"/><net_sink comp="366" pin=2"/></net>

<net id="605"><net_src comp="600" pin="1"/><net_sink comp="413" pin=2"/></net>

<net id="609"><net_src comp="284" pin="1"/><net_sink comp="606" pin=0"/></net>

<net id="610"><net_src comp="606" pin="1"/><net_sink comp="406" pin=2"/></net>

<net id="611"><net_src comp="606" pin="1"/><net_sink comp="413" pin=15"/></net>

</net_list>

</model> 
---------------- Datapath Model END ------------------

* FSMD analyzer results:
  - Output states:
	Port: gmem0 | {2 3 }
	Port: gmem1 | {2 3 }
	Port: gmem2 | {2 3 }
	Port: gmem3 | {2 3 }
	Port: activation_q | {2 3 }
	Port: activation_scale | {2 3 }
	Port: residual_pe0 | {2 3 }
	Port: residual_pe1 | {2 3 }
	Port: residual_pe2 | {2 3 }
	Port: residual_pe3 | {2 3 }
	Port: linear_stage0 | {2 3 }
	Port: linear_stage1 | {2 3 }
	Port: linear_stage2 | {2 3 }
	Port: linear_stage3 | {2 3 }
	Port: q_pe0 | {2 3 }
	Port: q_pe1 | {2 3 }
	Port: q_pe2 | {2 3 }
	Port: q_pe3 | {2 3 }
	Port: k_pe0 | {2 3 }
	Port: k_pe1 | {2 3 }
	Port: k_pe2 | {2 3 }
	Port: k_pe3 | {2 3 }
	Port: v_pe0 | {2 3 }
	Port: v_pe1 | {2 3 }
	Port: v_pe2 | {2 3 }
	Port: v_pe3 | {2 3 }
	Port: gate_pe0 | {2 3 }
	Port: gate_pe1 | {2 3 }
	Port: gate_pe2 | {2 3 }
	Port: gate_pe3 | {2 3 }
	Port: up_pe0 | {2 3 }
	Port: up_pe1 | {2 3 }
	Port: up_pe2 | {2 3 }
	Port: up_pe3 | {2 3 }
	Port: controller_run_rmsnorm | {2 3 }
	Port: controller_rmsnorm_mode | {2 3 }
	Port: controller_run_linear_out | {2 3 }
	Port: controller_linear_mode_out | {2 3 }
	Port: controller_run_rope | {2 3 }
	Port: controller_run_swiglu | {2 3 }
	Port: controller_layer_index_out | {2 3 }
	Port: controller_exit | {2 3 }
	Port: controller_weight_word_offset_constprop | {2 3 }
	Port: controller_weight_scale_word_offset_constprop | {2 3 }
	Port: model_norm_cache0 | {}
	Port: model_norm_cache1 | {}
	Port: model_norm_cache2 | {}
	Port: model_norm_cache3 | {}
	Port: model_scale_cache0 | {}
	Port: model_scale_cache1 | {}
	Port: model_scale_cache2 | {}
	Port: model_scale_cache3 | {}
 - Input state : 
	Port: int4_dispatch_linear_registered : gmem0 | {2 3 }
	Port: int4_dispatch_linear_registered : weight_bank0 | {1 }
	Port: int4_dispatch_linear_registered : gmem1 | {2 3 }
	Port: int4_dispatch_linear_registered : weight_bank1 | {1 }
	Port: int4_dispatch_linear_registered : gmem2 | {2 3 }
	Port: int4_dispatch_linear_registered : weight_bank2 | {1 }
	Port: int4_dispatch_linear_registered : gmem3 | {2 3 }
	Port: int4_dispatch_linear_registered : weight_bank3 | {1 }
	Port: int4_dispatch_linear_registered : activation_q | {2 3 }
	Port: int4_dispatch_linear_registered : activation_scale | {2 3 }
	Port: int4_dispatch_linear_registered : residual_pe0 | {2 3 }
	Port: int4_dispatch_linear_registered : residual_pe1 | {2 3 }
	Port: int4_dispatch_linear_registered : residual_pe2 | {2 3 }
	Port: int4_dispatch_linear_registered : residual_pe3 | {2 3 }
	Port: int4_dispatch_linear_registered : preprocess_mode | {1 }
	Port: int4_dispatch_linear_registered : linear_stage0 | {2 3 }
	Port: int4_dispatch_linear_registered : linear_stage1 | {2 3 }
	Port: int4_dispatch_linear_registered : linear_stage2 | {2 3 }
	Port: int4_dispatch_linear_registered : linear_stage3 | {2 3 }
	Port: int4_dispatch_linear_registered : gate_pe0 | {2 3 }
	Port: int4_dispatch_linear_registered : gate_pe1 | {2 3 }
	Port: int4_dispatch_linear_registered : gate_pe2 | {2 3 }
	Port: int4_dispatch_linear_registered : gate_pe3 | {2 3 }
	Port: int4_dispatch_linear_registered : up_pe0 | {2 3 }
	Port: int4_dispatch_linear_registered : up_pe1 | {2 3 }
	Port: int4_dispatch_linear_registered : up_pe2 | {2 3 }
	Port: int4_dispatch_linear_registered : up_pe3 | {2 3 }
	Port: int4_dispatch_linear_registered : logits_pe0 | {1 }
	Port: int4_dispatch_linear_registered : logits_pe1 | {1 }
	Port: int4_dispatch_linear_registered : logits_pe2 | {1 }
	Port: int4_dispatch_linear_registered : logits_pe3 | {1 }
	Port: int4_dispatch_linear_registered : p_read | {1 }
	Port: int4_dispatch_linear_registered : p_read1 | {1 }
	Port: int4_dispatch_linear_registered : p_read2 | {1 }
	Port: int4_dispatch_linear_registered : idx | {1 }
	Port: int4_dispatch_linear_registered : controller_weight_word_offset_constprop | {2 3 }
	Port: int4_dispatch_linear_registered : controller_weight_scale_word_offset_constprop | {2 3 }
	Port: int4_dispatch_linear_registered : model_norm_cache0 | {2 3 }
	Port: int4_dispatch_linear_registered : model_norm_cache1 | {2 3 }
	Port: int4_dispatch_linear_registered : model_norm_cache2 | {2 3 }
	Port: int4_dispatch_linear_registered : model_norm_cache3 | {2 3 }
	Port: int4_dispatch_linear_registered : model_scale_cache0 | {2 3 }
	Port: int4_dispatch_linear_registered : model_scale_cache1 | {2 3 }
	Port: int4_dispatch_linear_registered : model_scale_cache2 | {2 3 }
	Port: int4_dispatch_linear_registered : model_scale_cache3 | {2 3 }
  - Chain level:
	State 1
		call_ln0 : 1
		call_ln0 : 1
	State 2
	State 3


============================================================
+ Verbose Summary: Datapath Resource usage 
============================================================

* Functional unit list:
|----------|---------------------------------------------------------------------|---------|---------|---------|---------|---------|---------|
| Operation|                           Functional Unit                           |   BRAM  |   DSP   |  Delay  |    FF   |   LUT   |   URAM  |
|----------|---------------------------------------------------------------------|---------|---------|---------|---------|---------|---------|
|          |                     call_ln0_entry_proc58_fu_366                    |    0    |    0    |    0    |    0    |    0    |    0    |
|   call   | call_ln0_int4_dispatch_linear_registered_Block_entry1_proc24_fu_406 |    0    |    0    |    0    |    0    |    0    |    0    |
|          |               grp_int4_execute_dispatch_linear_fu_413               |    52   |   546   | 561.803 |  173625 |  74081  |    0    |
|----------|---------------------------------------------------------------------|---------|---------|---------|---------|---------|---------|
|          |                         idx_read_read_fu_288                        |    0    |    0    |    0    |    0    |    0    |    0    |
|          |                        p_read212_read_fu_294                        |    0    |    0    |    0    |    0    |    0    |    0    |
|          |                        p_read111_read_fu_300                        |    0    |    0    |    0    |    0    |    0    |    0    |
|          |                        p_read_15_read_fu_306                        |    0    |    0    |    0    |    0    |    0    |    0    |
|          |                     logits_pe3_read_read_fu_312                     |    0    |    0    |    0    |    0    |    0    |    0    |
|          |                     logits_pe2_read_read_fu_318                     |    0    |    0    |    0    |    0    |    0    |    0    |
|   read   |                     logits_pe1_read_read_fu_324                     |    0    |    0    |    0    |    0    |    0    |    0    |
|          |                     logits_pe0_read_read_fu_330                     |    0    |    0    |    0    |    0    |    0    |    0    |
|          |                   preprocess_mode_read_read_fu_336                  |    0    |    0    |    0    |    0    |    0    |    0    |
|          |                    weight_bank3_read_read_fu_342                    |    0    |    0    |    0    |    0    |    0    |    0    |
|          |                    weight_bank2_read_read_fu_348                    |    0    |    0    |    0    |    0    |    0    |    0    |
|          |                    weight_bank1_read_read_fu_354                    |    0    |    0    |    0    |    0    |    0    |    0    |
|          |                    weight_bank0_read_read_fu_360                    |    0    |    0    |    0    |    0    |    0    |    0    |
|----------|---------------------------------------------------------------------|---------|---------|---------|---------|---------|---------|
|   Total  |                                                                     |    52   |   546   | 561.803 |  173625 |  74081  |    0    |
|----------|---------------------------------------------------------------------|---------|---------|---------|---------|---------|---------|

Memories:
N/A

* Register list:
+-----------------------------------+--------+
|                                   |   FF   |
+-----------------------------------+--------+
|       command_stream_reg_606      |    2   |
|controller_layer_index_in_c_reg_540|    6   |
|controller_linear_mode_in_c_reg_546|    3   |
| controller_run_linear_in_c_reg_552|    1   |
|           idx_c_reg_534           |   13   |
|        logits_pe0_c_reg_576       |   64   |
|        logits_pe1_c_reg_570       |   64   |
|        logits_pe2_c_reg_564       |   64   |
|        logits_pe3_c_reg_558       |   64   |
|       weight_bank0_c_reg_600      |   64   |
|       weight_bank1_c_reg_594      |   64   |
|       weight_bank2_c_reg_588      |   64   |
|       weight_bank3_c_reg_582      |   64   |
+-----------------------------------+--------+
|               Total               |   537  |
+-----------------------------------+--------+

* Multiplexer (MUX) list: 
|--------|------|------|------|--------|
|  Comp  |  Pin | Size |  BW  | S x BW |
|--------|------|------|------|--------|
|  Total |      |      |      |    0   |
|--------|------|------|------|--------|



* Summary:
+-----------+--------+--------+--------+--------+--------+--------+
|           |  BRAM  |   DSP  |  Delay |   FF   |   LUT  |  URAM  |
+-----------+--------+--------+--------+--------+--------+--------+
|  Function |   52   |   546  |   561  | 173625 |  74081 |    0   |
|   Memory  |    -   |    -   |    -   |    -   |    -   |    -   |
|Multiplexer|    -   |    -   |    -   |    -   |    -   |    -   |
|  Register |    -   |    -   |    -   |   537  |    -   |    -   |
+-----------+--------+--------+--------+--------+--------+--------+
|   Total   |   52   |   546  |   561  | 174162 |  74081 |    0   |
+-----------+--------+--------+--------+--------+--------+--------+
