

================================================================
== Vitis HLS Report for 'int4_stream_integer_blocks_1_Pipeline_integer_local_tile_loop_integer_col_tile_l'
================================================================
* Date:           Tue Aug 11 09:17:43 2026

* Version:        2023.2 (Build 4023990 on Oct 11 2023)
* Project:        proj_int4_decoder_xo
* Solution:       solution1 (Vitis Kernel Flow Target)
* Product family: virtexuplus
* Target device:  xcu250-figd2104-2L-e


================================================================
== Performance Estimates
================================================================
+ Timing: 
    * Summary: 
    +--------+---------+----------+------------+
    |  Clock |  Target | Estimated| Uncertainty|
    +--------+---------+----------+------------+
    |ap_clk  |  3.33 ns|  2.338 ns|     0.90 ns|
    +--------+---------+----------+------------+

+ Latency: 
    * Summary: 
    +---------+---------+----------+----------+-------+--------+---------+
    |  Latency (cycles) |  Latency (absolute) |    Interval    | Pipeline|
    |   min   |   max   |    min   |    max   |  min  |   max  |   Type  |
    +---------+---------+----------+----------+-------+--------+---------+
    |    32786|   693522|  0.109 ms|  2.312 ms|  32786|  693522|       no|
    +---------+---------+----------+----------+-------+--------+---------+

    + Detail: 
        * Instance: 
        N/A

        * Loop: 
        +-------------------------------------------------------------------------------------------+---------+---------+----------+-----------+-----------+----------------+----------+
        |                                                                                           |  Latency (cycles) | Iteration|  Initiation Interval  |      Trip      |          |
        |                                         Loop Name                                         |   min   |   max   |  Latency |  achieved |   target  |      Count     | Pipelined|
        +-------------------------------------------------------------------------------------------+---------+---------+----------+-----------+-----------+----------------+----------+
        |- integer_local_tile_loop_integer_col_tile_loop_integer_group_loop_integer_row_block_loop  |    32784|   693520|        18|          1|          1|  32768 ~ 693504|       yes|
        +-------------------------------------------------------------------------------------------+---------+---------+----------+-----------+-----------+----------------+----------+

============================================================
+ Verbose Summary: Synthesis Manager
============================================================
InlineROM: 1
ExposeGlobal: 0
============================================================
+ Verbose Summary: CDFG Model
============================================================
IsTopModel: 0
ResetActiveHigh: 1
IsCombinational: 0
IsDatapathOnly: 0
HasWiredReturn: 1
HasMFsm: 2
HasVarLatency: 1
IsPipeline: 0
IsRtlPipelined: 0
IsInstanceOverlapped: 0
IsDontTouch: 0
HasImplIP: 0
IsGatedGlobalClock: 0

+ Individual pipeline summary: 
  * Pipeline-0: initiation interval (II) = 1, depth = 19


============================================================
+ Verbose Summary: Schedule
============================================================
* Number of FSM states : 19
* Pipeline : 1
  Pipeline-0 : II = 1, D = 19, States = { 1 2 3 4 5 6 7 8 9 10 11 12 13 14 15 16 17 18 19 }
* Dataflow Pipeline: 0

* FSM state transitions: 
1 --> 2 
2 --> 3 
3 --> 4 
4 --> 5 
5 --> 6 
6 --> 7 
7 --> 8 
8 --> 9 
9 --> 10 
10 --> 11 
11 --> 12 
12 --> 13 
13 --> 14 
14 --> 15 
15 --> 16 
16 --> 17 
17 --> 18 
18 --> 19 
19 --> 

* FSM state operations: 

State 1 <SV = 0> <Delay = 0.38>
ST_1 : Operation 21 [1/1] (0.00ns)   --->   "%row_block = alloca i32 1" [source/int4_linear_controller.cpp:474->source/int4_linear_controller.cpp:897]   --->   Operation 21 'alloca' 'row_block' <Predicate = true> <Delay = 0.00>
ST_1 : Operation 22 [1/1] (0.00ns)   --->   "%indvar_flatten = alloca i32 1"   --->   Operation 22 'alloca' 'indvar_flatten' <Predicate = true> <Delay = 0.00>
ST_1 : Operation 23 [1/1] (0.00ns)   --->   "%indvar_flatten14 = alloca i32 1"   --->   Operation 23 'alloca' 'indvar_flatten14' <Predicate = true> <Delay = 0.00>
ST_1 : Operation 24 [1/1] (0.00ns)   --->   "%indvar_flatten35 = alloca i32 1"   --->   Operation 24 'alloca' 'indvar_flatten35' <Predicate = true> <Delay = 0.00>
ST_1 : Operation 25 [1/1] (0.00ns)   --->   "%act_word1 = alloca i32 1"   --->   Operation 25 'alloca' 'act_word1' <Predicate = true> <Delay = 0.00>
ST_1 : Operation 26 [1/1] (0.00ns)   --->   "%bound6_read = read i14 @_ssdm_op_Read.ap_auto.i14, i14 %bound6"   --->   Operation 26 'read' 'bound6_read' <Predicate = true> <Delay = 0.00>
ST_1 : Operation 27 [1/1] (0.00ns)   --->   "%bound19_read = read i20 @_ssdm_op_Read.ap_auto.i20, i20 %bound19"   --->   Operation 27 'read' 'bound19_read' <Predicate = true> <Delay = 0.00>
ST_1 : Operation 28 [1/1] (0.00ns)   --->   "%bound6_cast = zext i14 %bound6_read"   --->   Operation 28 'zext' 'bound6_cast' <Predicate = true> <Delay = 0.00>
ST_1 : Operation 29 [1/1] (0.00ns)   --->   "%specmemcore_ln0 = specmemcore void @_ssdm_op_SpecMemCore, i512 %weight_stream, i64 666, i64 11, i64 18446744073709551615"   --->   Operation 29 'specmemcore' 'specmemcore_ln0' <Predicate = true> <Delay = 0.00>
ST_1 : Operation 30 [1/1] (0.00ns)   --->   "%specmemcore_ln0 = specmemcore void @_ssdm_op_SpecMemCore, i92 %group_stream, i64 666, i64 10, i64 18446744073709551615"   --->   Operation 30 'specmemcore' 'specmemcore_ln0' <Predicate = true> <Delay = 0.00>
ST_1 : Operation 31 [1/1] (0.00ns)   --->   "%specmemcore_ln0 = specmemcore void @_ssdm_op_SpecMemCore, i480 %replay_activation_stream, i64 666, i64 8, i64 18446744073709551615"   --->   Operation 31 'specmemcore' 'specmemcore_ln0' <Predicate = true> <Delay = 0.00>
ST_1 : Operation 32 [1/1] (0.00ns)   --->   "%specinterface_ln0 = specinterface void @_ssdm_op_SpecInterface, i512 %weight_stream, void @empty_447, i32 0, i32 0, void @empty_418, i32 0, i32 0, void @empty_418, void @empty_418, void @empty_418, i32 0, i32 0, i32 0, i32 0, void @empty_418, void @empty_418, i32 4294967295, i32 0"   --->   Operation 32 'specinterface' 'specinterface_ln0' <Predicate = true> <Delay = 0.00>
ST_1 : Operation 33 [1/1] (0.00ns)   --->   "%specinterface_ln0 = specinterface void @_ssdm_op_SpecInterface, i92 %group_stream, void @empty_447, i32 0, i32 0, void @empty_418, i32 0, i32 0, void @empty_418, void @empty_418, void @empty_418, i32 0, i32 0, i32 0, i32 0, void @empty_418, void @empty_418, i32 4294967295, i32 0"   --->   Operation 33 'specinterface' 'specinterface_ln0' <Predicate = true> <Delay = 0.00>
ST_1 : Operation 34 [1/1] (0.00ns)   --->   "%specinterface_ln0 = specinterface void @_ssdm_op_SpecInterface, i480 %replay_activation_stream, void @empty_447, i32 0, i32 0, void @empty_418, i32 0, i32 0, void @empty_418, void @empty_418, void @empty_418, i32 0, i32 0, i32 0, i32 0, void @empty_418, void @empty_418, i32 4294967295, i32 0"   --->   Operation 34 'specinterface' 'specinterface_ln0' <Predicate = true> <Delay = 0.00>
ST_1 : Operation 35 [1/1] (0.38ns)   --->   "%store_ln0 = store i20 0, i20 %indvar_flatten35"   --->   Operation 35 'store' 'store_ln0' <Predicate = true> <Delay = 0.38>
ST_1 : Operation 36 [1/1] (0.38ns)   --->   "%store_ln0 = store i15 0, i15 %indvar_flatten14"   --->   Operation 36 'store' 'store_ln0' <Predicate = true> <Delay = 0.38>
ST_1 : Operation 37 [1/1] (0.38ns)   --->   "%store_ln0 = store i10 0, i10 %indvar_flatten"   --->   Operation 37 'store' 'store_ln0' <Predicate = true> <Delay = 0.38>
ST_1 : Operation 38 [1/1] (0.38ns)   --->   "%store_ln474 = store i6 0, i6 %row_block" [source/int4_linear_controller.cpp:474->source/int4_linear_controller.cpp:897]   --->   Operation 38 'store' 'store_ln474' <Predicate = true> <Delay = 0.38>
ST_1 : Operation 39 [1/1] (0.38ns)   --->   "%br_ln0 = br void %integer_mac_lane_loop.i"   --->   Operation 39 'br' 'br_ln0' <Predicate = true> <Delay = 0.38>

State 2 <SV = 1> <Delay = 1.70>
ST_2 : Operation 40 [1/1] (0.00ns)   --->   "%first_iter_0 = phi i1 1, void %newFuncRoot, i1 0, void %fpga_resource_hint.integer_mac_lane_loop.256_begin"   --->   Operation 40 'phi' 'first_iter_0' <Predicate = true> <Delay = 0.00>
ST_2 : Operation 41 [1/1] (0.00ns)   --->   "%row_block_7 = load i6 %row_block" [source/int4_linear_controller.cpp:476->source/int4_linear_controller.cpp:897]   --->   Operation 41 'load' 'row_block_7' <Predicate = true> <Delay = 0.00>
ST_2 : Operation 42 [1/1] (0.00ns)   --->   "%indvar_flatten_load = load i10 %indvar_flatten" [source/int4_linear_controller.cpp:466->source/int4_linear_controller.cpp:897]   --->   Operation 42 'load' 'indvar_flatten_load' <Predicate = true> <Delay = 0.00>
ST_2 : Operation 43 [1/1] (0.00ns)   --->   "%indvar_flatten14_load = load i15 %indvar_flatten14" [source/int4_linear_controller.cpp:460->source/int4_linear_controller.cpp:897]   --->   Operation 43 'load' 'indvar_flatten14_load' <Predicate = true> <Delay = 0.00>
ST_2 : Operation 44 [1/1] (0.00ns)   --->   "%indvar_flatten35_load = load i20 %indvar_flatten35" [source/int4_linear_controller.cpp:457->source/int4_linear_controller.cpp:897]   --->   Operation 44 'load' 'indvar_flatten35_load' <Predicate = true> <Delay = 0.00>
ST_2 : Operation 45 [1/1] (0.80ns)   --->   "%icmp_ln457 = icmp_eq  i20 %indvar_flatten35_load, i20 %bound19_read" [source/int4_linear_controller.cpp:457->source/int4_linear_controller.cpp:897]   --->   Operation 45 'icmp' 'icmp_ln457' <Predicate = true> <Delay = 0.80> <CoreInst = "Cmp">   --->   Core 9 'Cmp' <Latency = 0> <II = 1> <Delay = 0.80> <FuncUnit> <Opcode : 'icmp'> <InPorts = 2> <OutPorts = 1>
ST_2 : Operation 46 [1/1] (0.80ns)   --->   "%add_ln457 = add i20 %indvar_flatten35_load, i20 1" [source/int4_linear_controller.cpp:457->source/int4_linear_controller.cpp:897]   --->   Operation 46 'add' 'add_ln457' <Predicate = true> <Delay = 0.80> <CoreInst = "Adder">   --->   Core 1 'Adder' <Latency = 0> <II = 1> <Delay = 0.80> <FuncUnit> <Opcode : 'add' 'sub'> <InPorts = 2> <OutPorts = 1>
ST_2 : Operation 47 [1/1] (0.00ns)   --->   "%br_ln457 = br i1 %icmp_ln457, void %for.inc67.loopexit.i, void %int4_stream_integer_blocks.1.exit.exitStub" [source/int4_linear_controller.cpp:457->source/int4_linear_controller.cpp:897]   --->   Operation 47 'br' 'br_ln457' <Predicate = true> <Delay = 0.00>
ST_2 : Operation 48 [1/1] (0.00ns)   --->   "%specloopname_ln0 = specloopname void @_ssdm_op_SpecLoopName, void @integer_local_tile_loop_integer_col_tile_loop_integer_group_loop_integer_row_blo"   --->   Operation 48 'specloopname' 'specloopname_ln0' <Predicate = (!icmp_ln457)> <Delay = 0.00>
ST_2 : Operation 49 [1/1] (0.00ns)   --->   "%speclooptripcount_ln0 = speclooptripcount void @_ssdm_op_SpecLoopTripCount, i64 32768, i64 693504, i64 259840"   --->   Operation 49 'speclooptripcount' 'speclooptripcount_ln0' <Predicate = (!icmp_ln457)> <Delay = 0.00>
ST_2 : Operation 50 [1/1] (0.77ns)   --->   "%icmp_ln460 = icmp_eq  i15 %indvar_flatten14_load, i15 %bound6_cast" [source/int4_linear_controller.cpp:460->source/int4_linear_controller.cpp:897]   --->   Operation 50 'icmp' 'icmp_ln460' <Predicate = (!icmp_ln457)> <Delay = 0.77> <CoreInst = "Cmp">   --->   Core 9 'Cmp' <Latency = 0> <II = 1> <Delay = 0.77> <FuncUnit> <Opcode : 'icmp'> <InPorts = 2> <OutPorts = 1>
ST_2 : Operation 51 [1/1] (0.00ns) (grouped into LUT with out node or_ln465)   --->   "%or_ln457 = or i1 %icmp_ln460, i1 %first_iter_0" [source/int4_linear_controller.cpp:457->source/int4_linear_controller.cpp:897]   --->   Operation 51 'or' 'or_ln457' <Predicate = (!icmp_ln457)> <Delay = 0.00> <CoreInst = "LogicGate">   --->   Core 74 'LogicGate' <Latency = 0> <II = 1> <Delay = 0.12> <FuncUnit> <Opcode : 'and' 'or' 'xor'> <InPorts = 2> <OutPorts = 1>
ST_2 : Operation 52 [1/1] (0.12ns)   --->   "%xor_ln457 = xor i1 %icmp_ln460, i1 1" [source/int4_linear_controller.cpp:457->source/int4_linear_controller.cpp:897]   --->   Operation 52 'xor' 'xor_ln457' <Predicate = (!icmp_ln457)> <Delay = 0.12> <CoreInst = "LogicGate">   --->   Core 74 'LogicGate' <Latency = 0> <II = 1> <Delay = 0.12> <FuncUnit> <Opcode : 'and' 'or' 'xor'> <InPorts = 2> <OutPorts = 1>
ST_2 : Operation 53 [1/1] (0.70ns)   --->   "%icmp_ln475 = icmp_eq  i6 %row_block_7, i6 32" [source/int4_linear_controller.cpp:475->source/int4_linear_controller.cpp:897]   --->   Operation 53 'icmp' 'icmp_ln475' <Predicate = (!icmp_ln457)> <Delay = 0.70> <CoreInst = "Cmp">   --->   Core 9 'Cmp' <Latency = 0> <II = 1> <Delay = 0.70> <FuncUnit> <Opcode : 'icmp'> <InPorts = 2> <OutPorts = 1>
ST_2 : Operation 54 [1/1] (0.00ns) (grouped into LUT with out node and_ln460)   --->   "%and_ln457 = and i1 %icmp_ln475, i1 %xor_ln457" [source/int4_linear_controller.cpp:457->source/int4_linear_controller.cpp:897]   --->   Operation 54 'and' 'and_ln457' <Predicate = (!icmp_ln457)> <Delay = 0.00> <CoreInst = "LogicGate">   --->   Core 74 'LogicGate' <Latency = 0> <II = 1> <Delay = 0.12> <FuncUnit> <Opcode : 'and' 'or' 'xor'> <InPorts = 2> <OutPorts = 1>
ST_2 : Operation 55 [1/1] (0.72ns)   --->   "%icmp_ln466 = icmp_eq  i10 %indvar_flatten_load, i10 256" [source/int4_linear_controller.cpp:466->source/int4_linear_controller.cpp:897]   --->   Operation 55 'icmp' 'icmp_ln466' <Predicate = (!icmp_ln457)> <Delay = 0.72> <CoreInst = "Cmp">   --->   Core 9 'Cmp' <Latency = 0> <II = 1> <Delay = 0.72> <FuncUnit> <Opcode : 'icmp'> <InPorts = 2> <OutPorts = 1>
ST_2 : Operation 56 [1/1] (0.12ns)   --->   "%and_ln457_3 = and i1 %icmp_ln466, i1 %xor_ln457" [source/int4_linear_controller.cpp:457->source/int4_linear_controller.cpp:897]   --->   Operation 56 'and' 'and_ln457_3' <Predicate = (!icmp_ln457)> <Delay = 0.12> <CoreInst = "LogicGate">   --->   Core 74 'LogicGate' <Latency = 0> <II = 1> <Delay = 0.12> <FuncUnit> <Opcode : 'and' 'or' 'xor'> <InPorts = 2> <OutPorts = 1>
ST_2 : Operation 57 [1/1] (0.00ns) (grouped into LUT with out node and_ln460)   --->   "%xor_ln460 = xor i1 %icmp_ln466, i1 1" [source/int4_linear_controller.cpp:460->source/int4_linear_controller.cpp:897]   --->   Operation 57 'xor' 'xor_ln460' <Predicate = (!icmp_ln457)> <Delay = 0.00> <CoreInst = "LogicGate">   --->   Core 74 'LogicGate' <Latency = 0> <II = 1> <Delay = 0.12> <FuncUnit> <Opcode : 'and' 'or' 'xor'> <InPorts = 2> <OutPorts = 1>
ST_2 : Operation 58 [1/1] (0.00ns) (grouped into LUT with out node and_ln460)   --->   "%or_ln460_3 = or i1 %icmp_ln460, i1 %xor_ln460" [source/int4_linear_controller.cpp:460->source/int4_linear_controller.cpp:897]   --->   Operation 58 'or' 'or_ln460_3' <Predicate = (!icmp_ln457)> <Delay = 0.00> <CoreInst = "LogicGate">   --->   Core 74 'LogicGate' <Latency = 0> <II = 1> <Delay = 0.12> <FuncUnit> <Opcode : 'and' 'or' 'xor'> <InPorts = 2> <OutPorts = 1>
ST_2 : Operation 59 [1/1] (0.12ns) (out node of the LUT)   --->   "%and_ln460 = and i1 %and_ln457, i1 %or_ln460_3" [source/int4_linear_controller.cpp:460->source/int4_linear_controller.cpp:897]   --->   Operation 59 'and' 'and_ln460' <Predicate = (!icmp_ln457)> <Delay = 0.12> <CoreInst = "LogicGate">   --->   Core 74 'LogicGate' <Latency = 0> <II = 1> <Delay = 0.12> <FuncUnit> <Opcode : 'and' 'or' 'xor'> <InPorts = 2> <OutPorts = 1>
ST_2 : Operation 60 [1/1] (0.00ns) (grouped into LUT with out node or_ln465)   --->   "%or_ln460 = or i1 %and_ln457_3, i1 %or_ln457" [source/int4_linear_controller.cpp:460->source/int4_linear_controller.cpp:897]   --->   Operation 60 'or' 'or_ln460' <Predicate = (!icmp_ln457)> <Delay = 0.00> <CoreInst = "LogicGate">   --->   Core 74 'LogicGate' <Latency = 0> <II = 1> <Delay = 0.12> <FuncUnit> <Opcode : 'and' 'or' 'xor'> <InPorts = 2> <OutPorts = 1>
ST_2 : Operation 61 [1/1] (0.12ns) (out node of the LUT)   --->   "%or_ln465 = or i1 %or_ln460, i1 %and_ln460" [source/int4_linear_controller.cpp:465->source/int4_linear_controller.cpp:897]   --->   Operation 61 'or' 'or_ln465' <Predicate = (!icmp_ln457)> <Delay = 0.12> <CoreInst = "LogicGate">   --->   Core 74 'LogicGate' <Latency = 0> <II = 1> <Delay = 0.12> <FuncUnit> <Opcode : 'and' 'or' 'xor'> <InPorts = 2> <OutPorts = 1>
ST_2 : Operation 62 [1/1] (0.00ns)   --->   "%br_ln474 = br i1 %or_ln465, void %fpga_resource_hint.integer_mac_lane_loop.256_begin, void %for.first.iter.integer_mac_lane_loop.i" [source/int4_linear_controller.cpp:474->source/int4_linear_controller.cpp:897]   --->   Operation 62 'br' 'br_ln474' <Predicate = (!icmp_ln457)> <Delay = 0.00>
ST_2 : Operation 63 [1/1] (0.70ns)   --->   "%add_ln476 = add i6 %row_block_7, i6 1" [source/int4_linear_controller.cpp:476->source/int4_linear_controller.cpp:897]   --->   Operation 63 'add' 'add_ln476' <Predicate = (!icmp_ln457)> <Delay = 0.70> <CoreInst = "Adder">   --->   Core 1 'Adder' <Latency = 0> <II = 1> <Delay = 0.70> <FuncUnit> <Opcode : 'add' 'sub'> <InPorts = 2> <OutPorts = 1>
ST_2 : Operation 64 [1/1] (0.00ns) (grouped into LUT with out node row_block_8)   --->   "%or_ln476 = or i1 %and_ln460, i1 %and_ln457_3" [source/int4_linear_controller.cpp:476->source/int4_linear_controller.cpp:897]   --->   Operation 64 'or' 'or_ln476' <Predicate = (!icmp_ln457)> <Delay = 0.00> <CoreInst = "LogicGate">   --->   Core 74 'LogicGate' <Latency = 0> <II = 1> <Delay = 0.12> <FuncUnit> <Opcode : 'and' 'or' 'xor'> <InPorts = 2> <OutPorts = 1>
ST_2 : Operation 65 [1/1] (0.00ns) (grouped into LUT with out node row_block_8)   --->   "%or_ln476_4 = or i1 %or_ln476, i1 %icmp_ln460" [source/int4_linear_controller.cpp:476->source/int4_linear_controller.cpp:897]   --->   Operation 65 'or' 'or_ln476_4' <Predicate = (!icmp_ln457)> <Delay = 0.00> <CoreInst = "LogicGate">   --->   Core 74 'LogicGate' <Latency = 0> <II = 1> <Delay = 0.12> <FuncUnit> <Opcode : 'and' 'or' 'xor'> <InPorts = 2> <OutPorts = 1>
ST_2 : Operation 66 [1/1] (0.29ns) (out node of the LUT)   --->   "%row_block_8 = select i1 %or_ln476_4, i6 1, i6 %add_ln476" [source/int4_linear_controller.cpp:476->source/int4_linear_controller.cpp:897]   --->   Operation 66 'select' 'row_block_8' <Predicate = (!icmp_ln457)> <Delay = 0.29> <CoreInst = "Sel">   --->   Core 73 'Sel' <Latency = 0> <II = 1> <Delay = 0.29> <FuncUnit> <Opcode : 'select'> <InPorts = 3> <OutPorts = 1>
ST_2 : Operation 67 [1/1] (0.72ns)   --->   "%add_ln466 = add i10 %indvar_flatten_load, i10 1" [source/int4_linear_controller.cpp:466->source/int4_linear_controller.cpp:897]   --->   Operation 67 'add' 'add_ln466' <Predicate = (!icmp_ln457)> <Delay = 0.72> <CoreInst = "Adder">   --->   Core 1 'Adder' <Latency = 0> <II = 1> <Delay = 0.72> <FuncUnit> <Opcode : 'add' 'sub'> <InPorts = 2> <OutPorts = 1>
ST_2 : Operation 68 [1/1] (0.00ns) (grouped into LUT with out node select_ln466)   --->   "%or_ln466 = or i1 %and_ln457_3, i1 %icmp_ln460" [source/int4_linear_controller.cpp:466->source/int4_linear_controller.cpp:897]   --->   Operation 68 'or' 'or_ln466' <Predicate = (!icmp_ln457)> <Delay = 0.00> <CoreInst = "LogicGate">   --->   Core 74 'LogicGate' <Latency = 0> <II = 1> <Delay = 0.12> <FuncUnit> <Opcode : 'and' 'or' 'xor'> <InPorts = 2> <OutPorts = 1>
ST_2 : Operation 69 [1/1] (0.30ns) (out node of the LUT)   --->   "%select_ln466 = select i1 %or_ln466, i10 1, i10 %add_ln466" [source/int4_linear_controller.cpp:466->source/int4_linear_controller.cpp:897]   --->   Operation 69 'select' 'select_ln466' <Predicate = (!icmp_ln457)> <Delay = 0.30> <CoreInst = "Sel">   --->   Core 73 'Sel' <Latency = 0> <II = 1> <Delay = 0.30> <FuncUnit> <Opcode : 'select'> <InPorts = 3> <OutPorts = 1>
ST_2 : Operation 70 [1/1] (0.77ns)   --->   "%add_ln460 = add i15 %indvar_flatten14_load, i15 1" [source/int4_linear_controller.cpp:460->source/int4_linear_controller.cpp:897]   --->   Operation 70 'add' 'add_ln460' <Predicate = (!icmp_ln457)> <Delay = 0.77> <CoreInst = "Adder">   --->   Core 1 'Adder' <Latency = 0> <II = 1> <Delay = 0.77> <FuncUnit> <Opcode : 'add' 'sub'> <InPorts = 2> <OutPorts = 1>
ST_2 : Operation 71 [1/1] (0.29ns)   --->   "%select_ln460 = select i1 %icmp_ln460, i15 1, i15 %add_ln460" [source/int4_linear_controller.cpp:460->source/int4_linear_controller.cpp:897]   --->   Operation 71 'select' 'select_ln460' <Predicate = (!icmp_ln457)> <Delay = 0.29> <CoreInst = "Sel">   --->   Core 73 'Sel' <Latency = 0> <II = 1> <Delay = 0.29> <FuncUnit> <Opcode : 'select'> <InPorts = 3> <OutPorts = 1>
ST_2 : Operation 72 [1/1] (0.38ns)   --->   "%store_ln457 = store i20 %add_ln457, i20 %indvar_flatten35" [source/int4_linear_controller.cpp:457->source/int4_linear_controller.cpp:897]   --->   Operation 72 'store' 'store_ln457' <Predicate = (!icmp_ln457)> <Delay = 0.38>
ST_2 : Operation 73 [1/1] (0.38ns)   --->   "%store_ln460 = store i15 %select_ln460, i15 %indvar_flatten14" [source/int4_linear_controller.cpp:460->source/int4_linear_controller.cpp:897]   --->   Operation 73 'store' 'store_ln460' <Predicate = (!icmp_ln457)> <Delay = 0.38>
ST_2 : Operation 74 [1/1] (0.38ns)   --->   "%store_ln466 = store i10 %select_ln466, i10 %indvar_flatten" [source/int4_linear_controller.cpp:466->source/int4_linear_controller.cpp:897]   --->   Operation 74 'store' 'store_ln466' <Predicate = (!icmp_ln457)> <Delay = 0.38>
ST_2 : Operation 75 [1/1] (0.38ns)   --->   "%store_ln474 = store i6 %row_block_8, i6 %row_block" [source/int4_linear_controller.cpp:474->source/int4_linear_controller.cpp:897]   --->   Operation 75 'store' 'store_ln474' <Predicate = (!icmp_ln457)> <Delay = 0.38>
ST_2 : Operation 76 [1/1] (0.00ns)   --->   "%br_ln474 = br void %integer_mac_lane_loop.i" [source/int4_linear_controller.cpp:474->source/int4_linear_controller.cpp:897]   --->   Operation 76 'br' 'br_ln474' <Predicate = (!icmp_ln457)> <Delay = 0.00>

State 3 <SV = 2> <Delay = 1.98>
ST_3 : Operation 77 [1/1] (1.21ns)   --->   "%act_word = read i480 @_ssdm_op_Read.ap_fifo.volatile.i480P0A, i480 %replay_activation_stream" [source/int4_linear_controller.cpp:471->source/int4_linear_controller.cpp:897]   --->   Operation 77 'read' 'act_word' <Predicate = (or_ln465)> <Delay = 1.21> <CoreInst = "FIFO_BRAM">   --->   Core 79 'FIFO_BRAM' <Latency = 0> <II = 1> <Delay = 1.31> <Storage> <Opcode : 'read' 'write' 'nbread' 'nbwrite'> <Ports = 0> <Width = 480> <Depth = 2> <FIFO>
ST_3 : Operation 78 [1/1] (0.00ns)   --->   "%store_ln471 = store i480 %act_word, i480 %act_word1" [source/int4_linear_controller.cpp:471->source/int4_linear_controller.cpp:897]   --->   Operation 78 'store' 'store_ln471' <Predicate = (or_ln465)> <Delay = 0.00>
ST_3 : Operation 79 [1/1] (0.00ns)   --->   "%br_ln474 = br void %fpga_resource_hint.integer_mac_lane_loop.256_begin" [source/int4_linear_controller.cpp:474->source/int4_linear_controller.cpp:897]   --->   Operation 79 'br' 'br_ln474' <Predicate = (or_ln465)> <Delay = 0.00>
ST_3 : Operation 80 [1/1] (1.21ns)   --->   "%weight_word = read i512 @_ssdm_op_Read.ap_fifo.volatile.i512P0A, i512 %weight_stream" [source/int4_linear_controller.cpp:479->source/int4_linear_controller.cpp:897]   --->   Operation 80 'read' 'weight_word' <Predicate = (!icmp_ln457)> <Delay = 1.21> <CoreInst = "FIFO_URAM">   --->   Core 82 'FIFO_URAM' <Latency = 0> <II = 1> <Delay = 2.39> <Storage> <Opcode : 'read' 'write' 'nbread' 'nbwrite'> <Ports = 0> <Width = 512> <Depth = 16384> <FIFO>
ST_3 : Operation 81 [1/1] (0.00ns)   --->   "%low = trunc i512 %weight_word" [source/int4_linear_controller.cpp:505->source/int4_linear_controller.cpp:897]   --->   Operation 81 'trunc' 'low' <Predicate = (!icmp_ln457)> <Delay = 0.00>
ST_3 : Operation 82 [1/1] (0.00ns)   --->   "%tmp_s = partselect i4 @_ssdm_op_PartSelect.i4.i512.i32.i32, i512 %weight_word, i32 4, i32 7" [source/int4_linear_controller.cpp:185->source/int4_linear_controller.cpp:507->source/int4_linear_controller.cpp:897]   --->   Operation 82 'partselect' 'tmp_s' <Predicate = (!icmp_ln457)> <Delay = 0.00>
ST_3 : Operation 83 [1/1] (0.00ns)   --->   "%shl_ln = bitconcatenate i27 @_ssdm_op_BitConcatenate.i27.i4.i23, i4 %tmp_s, i23 0" [source/int4_linear_controller.cpp:185->source/int4_linear_controller.cpp:507->source/int4_linear_controller.cpp:897]   --->   Operation 83 'bitconcatenate' 'shl_ln' <Predicate = (!icmp_ln457)> <Delay = 0.00>
ST_3 : Operation 84 [1/1] (0.00ns)   --->   "%sext_ln185 = sext i4 %low" [source/int4_linear_controller.cpp:185->source/int4_linear_controller.cpp:507->source/int4_linear_controller.cpp:897]   --->   Operation 84 'sext' 'sext_ln185' <Predicate = (!icmp_ln457)> <Delay = 0.00>
ST_3 : Operation 85 [2/2] (0.76ns)   --->   "%packed_weight = add i27 %shl_ln, i27 %sext_ln185" [source/int4_linear_controller.cpp:185->source/int4_linear_controller.cpp:507->source/int4_linear_controller.cpp:897]   --->   Operation 85 'add' 'packed_weight' <Predicate = (!icmp_ln457)> <Delay = 0.76> <CoreInst = "Adder">   --->   Core 1 'Adder' <Latency = 1> <II = 1> <Delay = 0.85> <FuncUnit> <Opcode : 'add' 'sub'> <InPorts = 2> <OutPorts = 1>
ST_3 : Operation 86 [1/1] (0.00ns)   --->   "%low_190 = partselect i4 @_ssdm_op_PartSelect.i4.i512.i32.i32, i512 %weight_word, i32 8, i32 11" [source/int4_linear_controller.cpp:505->source/int4_linear_controller.cpp:897]   --->   Operation 86 'partselect' 'low_190' <Predicate = (!icmp_ln457)> <Delay = 0.00>
ST_3 : Operation 87 [1/1] (0.00ns)   --->   "%tmp_184 = partselect i4 @_ssdm_op_PartSelect.i4.i512.i32.i32, i512 %weight_word, i32 12, i32 15" [source/int4_linear_controller.cpp:185->source/int4_linear_controller.cpp:507->source/int4_linear_controller.cpp:897]   --->   Operation 87 'partselect' 'tmp_184' <Predicate = (!icmp_ln457)> <Delay = 0.00>
ST_3 : Operation 88 [1/1] (0.00ns)   --->   "%shl_ln185_s = bitconcatenate i27 @_ssdm_op_BitConcatenate.i27.i4.i23, i4 %tmp_184, i23 0" [source/int4_linear_controller.cpp:185->source/int4_linear_controller.cpp:507->source/int4_linear_controller.cpp:897]   --->   Operation 88 'bitconcatenate' 'shl_ln185_s' <Predicate = (!icmp_ln457)> <Delay = 0.00>
ST_3 : Operation 89 [1/1] (0.00ns)   --->   "%sext_ln185_127 = sext i4 %low_190" [source/int4_linear_controller.cpp:185->source/int4_linear_controller.cpp:507->source/int4_linear_controller.cpp:897]   --->   Operation 89 'sext' 'sext_ln185_127' <Predicate = (!icmp_ln457)> <Delay = 0.00>
ST_3 : Operation 90 [2/2] (0.76ns)   --->   "%packed_weight_190 = add i27 %shl_ln185_s, i27 %sext_ln185_127" [source/int4_linear_controller.cpp:185->source/int4_linear_controller.cpp:507->source/int4_linear_controller.cpp:897]   --->   Operation 90 'add' 'packed_weight_190' <Predicate = (!icmp_ln457)> <Delay = 0.76> <CoreInst = "Adder">   --->   Core 1 'Adder' <Latency = 1> <II = 1> <Delay = 0.85> <FuncUnit> <Opcode : 'add' 'sub'> <InPorts = 2> <OutPorts = 1>
ST_3 : Operation 91 [1/1] (0.00ns)   --->   "%low_191 = partselect i4 @_ssdm_op_PartSelect.i4.i512.i32.i32, i512 %weight_word, i32 16, i32 19" [source/int4_linear_controller.cpp:505->source/int4_linear_controller.cpp:897]   --->   Operation 91 'partselect' 'low_191' <Predicate = (!icmp_ln457)> <Delay = 0.00>
ST_3 : Operation 92 [1/1] (0.00ns)   --->   "%tmp_185 = partselect i4 @_ssdm_op_PartSelect.i4.i512.i32.i32, i512 %weight_word, i32 20, i32 23" [source/int4_linear_controller.cpp:185->source/int4_linear_controller.cpp:507->source/int4_linear_controller.cpp:897]   --->   Operation 92 'partselect' 'tmp_185' <Predicate = (!icmp_ln457)> <Delay = 0.00>
ST_3 : Operation 93 [1/1] (0.00ns)   --->   "%low_192 = partselect i4 @_ssdm_op_PartSelect.i4.i512.i32.i32, i512 %weight_word, i32 24, i32 27" [source/int4_linear_controller.cpp:505->source/int4_linear_controller.cpp:897]   --->   Operation 93 'partselect' 'low_192' <Predicate = (!icmp_ln457)> <Delay = 0.00>
ST_3 : Operation 94 [1/1] (0.00ns)   --->   "%tmp_186 = partselect i4 @_ssdm_op_PartSelect.i4.i512.i32.i32, i512 %weight_word, i32 28, i32 31" [source/int4_linear_controller.cpp:185->source/int4_linear_controller.cpp:507->source/int4_linear_controller.cpp:897]   --->   Operation 94 'partselect' 'tmp_186' <Predicate = (!icmp_ln457)> <Delay = 0.00>
ST_3 : Operation 95 [1/1] (0.00ns)   --->   "%low_193 = partselect i4 @_ssdm_op_PartSelect.i4.i512.i32.i32, i512 %weight_word, i32 32, i32 35" [source/int4_linear_controller.cpp:505->source/int4_linear_controller.cpp:897]   --->   Operation 95 'partselect' 'low_193' <Predicate = (!icmp_ln457)> <Delay = 0.00>
ST_3 : Operation 96 [1/1] (0.00ns)   --->   "%tmp_187 = partselect i4 @_ssdm_op_PartSelect.i4.i512.i32.i32, i512 %weight_word, i32 36, i32 39" [source/int4_linear_controller.cpp:185->source/int4_linear_controller.cpp:507->source/int4_linear_controller.cpp:897]   --->   Operation 96 'partselect' 'tmp_187' <Predicate = (!icmp_ln457)> <Delay = 0.00>
ST_3 : Operation 97 [1/1] (0.00ns)   --->   "%low_194 = partselect i4 @_ssdm_op_PartSelect.i4.i512.i32.i32, i512 %weight_word, i32 40, i32 43" [source/int4_linear_controller.cpp:505->source/int4_linear_controller.cpp:897]   --->   Operation 97 'partselect' 'low_194' <Predicate = (!icmp_ln457)> <Delay = 0.00>
ST_3 : Operation 98 [1/1] (0.00ns)   --->   "%tmp_188 = partselect i4 @_ssdm_op_PartSelect.i4.i512.i32.i32, i512 %weight_word, i32 44, i32 47" [source/int4_linear_controller.cpp:185->source/int4_linear_controller.cpp:507->source/int4_linear_controller.cpp:897]   --->   Operation 98 'partselect' 'tmp_188' <Predicate = (!icmp_ln457)> <Delay = 0.00>
ST_3 : Operation 99 [1/1] (0.00ns)   --->   "%low_195 = partselect i4 @_ssdm_op_PartSelect.i4.i512.i32.i32, i512 %weight_word, i32 48, i32 51" [source/int4_linear_controller.cpp:505->source/int4_linear_controller.cpp:897]   --->   Operation 99 'partselect' 'low_195' <Predicate = (!icmp_ln457)> <Delay = 0.00>
ST_3 : Operation 100 [1/1] (0.00ns)   --->   "%tmp_189 = partselect i4 @_ssdm_op_PartSelect.i4.i512.i32.i32, i512 %weight_word, i32 52, i32 55" [source/int4_linear_controller.cpp:185->source/int4_linear_controller.cpp:507->source/int4_linear_controller.cpp:897]   --->   Operation 100 'partselect' 'tmp_189' <Predicate = (!icmp_ln457)> <Delay = 0.00>
ST_3 : Operation 101 [1/1] (0.00ns)   --->   "%low_196 = partselect i4 @_ssdm_op_PartSelect.i4.i512.i32.i32, i512 %weight_word, i32 56, i32 59" [source/int4_linear_controller.cpp:505->source/int4_linear_controller.cpp:897]   --->   Operation 101 'partselect' 'low_196' <Predicate = (!icmp_ln457)> <Delay = 0.00>
ST_3 : Operation 102 [1/1] (0.00ns)   --->   "%tmp_190 = partselect i4 @_ssdm_op_PartSelect.i4.i512.i32.i32, i512 %weight_word, i32 60, i32 63" [source/int4_linear_controller.cpp:185->source/int4_linear_controller.cpp:507->source/int4_linear_controller.cpp:897]   --->   Operation 102 'partselect' 'tmp_190' <Predicate = (!icmp_ln457)> <Delay = 0.00>
ST_3 : Operation 103 [1/1] (0.00ns)   --->   "%low_197 = partselect i4 @_ssdm_op_PartSelect.i4.i512.i32.i32, i512 %weight_word, i32 64, i32 67" [source/int4_linear_controller.cpp:505->source/int4_linear_controller.cpp:897]   --->   Operation 103 'partselect' 'low_197' <Predicate = (!icmp_ln457)> <Delay = 0.00>
ST_3 : Operation 104 [1/1] (0.00ns)   --->   "%tmp_191 = partselect i4 @_ssdm_op_PartSelect.i4.i512.i32.i32, i512 %weight_word, i32 68, i32 71" [source/int4_linear_controller.cpp:185->source/int4_linear_controller.cpp:507->source/int4_linear_controller.cpp:897]   --->   Operation 104 'partselect' 'tmp_191' <Predicate = (!icmp_ln457)> <Delay = 0.00>
ST_3 : Operation 105 [1/1] (0.00ns)   --->   "%low_198 = partselect i4 @_ssdm_op_PartSelect.i4.i512.i32.i32, i512 %weight_word, i32 72, i32 75" [source/int4_linear_controller.cpp:505->source/int4_linear_controller.cpp:897]   --->   Operation 105 'partselect' 'low_198' <Predicate = (!icmp_ln457)> <Delay = 0.00>
ST_3 : Operation 106 [1/1] (0.00ns)   --->   "%tmp_192 = partselect i4 @_ssdm_op_PartSelect.i4.i512.i32.i32, i512 %weight_word, i32 76, i32 79" [source/int4_linear_controller.cpp:185->source/int4_linear_controller.cpp:507->source/int4_linear_controller.cpp:897]   --->   Operation 106 'partselect' 'tmp_192' <Predicate = (!icmp_ln457)> <Delay = 0.00>
ST_3 : Operation 107 [1/1] (0.00ns)   --->   "%low_199 = partselect i4 @_ssdm_op_PartSelect.i4.i512.i32.i32, i512 %weight_word, i32 80, i32 83" [source/int4_linear_controller.cpp:505->source/int4_linear_controller.cpp:897]   --->   Operation 107 'partselect' 'low_199' <Predicate = (!icmp_ln457)> <Delay = 0.00>
ST_3 : Operation 108 [1/1] (0.00ns)   --->   "%tmp_193 = partselect i4 @_ssdm_op_PartSelect.i4.i512.i32.i32, i512 %weight_word, i32 84, i32 87" [source/int4_linear_controller.cpp:185->source/int4_linear_controller.cpp:507->source/int4_linear_controller.cpp:897]   --->   Operation 108 'partselect' 'tmp_193' <Predicate = (!icmp_ln457)> <Delay = 0.00>
ST_3 : Operation 109 [1/1] (0.00ns)   --->   "%shl_ln185_133 = bitconcatenate i27 @_ssdm_op_BitConcatenate.i27.i4.i23, i4 %tmp_193, i23 0" [source/int4_linear_controller.cpp:185->source/int4_linear_controller.cpp:507->source/int4_linear_controller.cpp:897]   --->   Operation 109 'bitconcatenate' 'shl_ln185_133' <Predicate = (!icmp_ln457)> <Delay = 0.00>
ST_3 : Operation 110 [1/1] (0.00ns)   --->   "%sext_ln185_136 = sext i4 %low_199" [source/int4_linear_controller.cpp:185->source/int4_linear_controller.cpp:507->source/int4_linear_controller.cpp:897]   --->   Operation 110 'sext' 'sext_ln185_136' <Predicate = (!icmp_ln457)> <Delay = 0.00>
ST_3 : Operation 111 [2/2] (0.76ns)   --->   "%packed_weight_199 = add i27 %shl_ln185_133, i27 %sext_ln185_136" [source/int4_linear_controller.cpp:185->source/int4_linear_controller.cpp:507->source/int4_linear_controller.cpp:897]   --->   Operation 111 'add' 'packed_weight_199' <Predicate = (!icmp_ln457)> <Delay = 0.76> <CoreInst = "Adder">   --->   Core 1 'Adder' <Latency = 1> <II = 1> <Delay = 0.85> <FuncUnit> <Opcode : 'add' 'sub'> <InPorts = 2> <OutPorts = 1>
ST_3 : Operation 112 [1/1] (0.00ns)   --->   "%low_200 = partselect i4 @_ssdm_op_PartSelect.i4.i512.i32.i32, i512 %weight_word, i32 88, i32 91" [source/int4_linear_controller.cpp:505->source/int4_linear_controller.cpp:897]   --->   Operation 112 'partselect' 'low_200' <Predicate = (!icmp_ln457)> <Delay = 0.00>
ST_3 : Operation 113 [1/1] (0.00ns)   --->   "%tmp_194 = partselect i4 @_ssdm_op_PartSelect.i4.i512.i32.i32, i512 %weight_word, i32 92, i32 95" [source/int4_linear_controller.cpp:185->source/int4_linear_controller.cpp:507->source/int4_linear_controller.cpp:897]   --->   Operation 113 'partselect' 'tmp_194' <Predicate = (!icmp_ln457)> <Delay = 0.00>
ST_3 : Operation 114 [1/1] (0.00ns)   --->   "%shl_ln185_134 = bitconcatenate i27 @_ssdm_op_BitConcatenate.i27.i4.i23, i4 %tmp_194, i23 0" [source/int4_linear_controller.cpp:185->source/int4_linear_controller.cpp:507->source/int4_linear_controller.cpp:897]   --->   Operation 114 'bitconcatenate' 'shl_ln185_134' <Predicate = (!icmp_ln457)> <Delay = 0.00>
ST_3 : Operation 115 [1/1] (0.00ns)   --->   "%sext_ln185_137 = sext i4 %low_200" [source/int4_linear_controller.cpp:185->source/int4_linear_controller.cpp:507->source/int4_linear_controller.cpp:897]   --->   Operation 115 'sext' 'sext_ln185_137' <Predicate = (!icmp_ln457)> <Delay = 0.00>
ST_3 : Operation 116 [2/2] (0.76ns)   --->   "%packed_weight_200 = add i27 %shl_ln185_134, i27 %sext_ln185_137" [source/int4_linear_controller.cpp:185->source/int4_linear_controller.cpp:507->source/int4_linear_controller.cpp:897]   --->   Operation 116 'add' 'packed_weight_200' <Predicate = (!icmp_ln457)> <Delay = 0.76> <CoreInst = "Adder">   --->   Core 1 'Adder' <Latency = 1> <II = 1> <Delay = 0.85> <FuncUnit> <Opcode : 'add' 'sub'> <InPorts = 2> <OutPorts = 1>
ST_3 : Operation 117 [1/1] (0.00ns)   --->   "%low_201 = partselect i4 @_ssdm_op_PartSelect.i4.i512.i32.i32, i512 %weight_word, i32 96, i32 99" [source/int4_linear_controller.cpp:505->source/int4_linear_controller.cpp:897]   --->   Operation 117 'partselect' 'low_201' <Predicate = (!icmp_ln457)> <Delay = 0.00>
ST_3 : Operation 118 [1/1] (0.00ns)   --->   "%tmp_195 = partselect i4 @_ssdm_op_PartSelect.i4.i512.i32.i32, i512 %weight_word, i32 100, i32 103" [source/int4_linear_controller.cpp:185->source/int4_linear_controller.cpp:507->source/int4_linear_controller.cpp:897]   --->   Operation 118 'partselect' 'tmp_195' <Predicate = (!icmp_ln457)> <Delay = 0.00>
ST_3 : Operation 119 [1/1] (0.00ns)   --->   "%low_202 = partselect i4 @_ssdm_op_PartSelect.i4.i512.i32.i32, i512 %weight_word, i32 104, i32 107" [source/int4_linear_controller.cpp:505->source/int4_linear_controller.cpp:897]   --->   Operation 119 'partselect' 'low_202' <Predicate = (!icmp_ln457)> <Delay = 0.00>
ST_3 : Operation 120 [1/1] (0.00ns)   --->   "%tmp_196 = partselect i4 @_ssdm_op_PartSelect.i4.i512.i32.i32, i512 %weight_word, i32 108, i32 111" [source/int4_linear_controller.cpp:185->source/int4_linear_controller.cpp:507->source/int4_linear_controller.cpp:897]   --->   Operation 120 'partselect' 'tmp_196' <Predicate = (!icmp_ln457)> <Delay = 0.00>
ST_3 : Operation 121 [1/1] (0.00ns)   --->   "%low_203 = partselect i4 @_ssdm_op_PartSelect.i4.i512.i32.i32, i512 %weight_word, i32 112, i32 115" [source/int4_linear_controller.cpp:505->source/int4_linear_controller.cpp:897]   --->   Operation 121 'partselect' 'low_203' <Predicate = (!icmp_ln457)> <Delay = 0.00>
ST_3 : Operation 122 [1/1] (0.00ns)   --->   "%tmp_197 = partselect i4 @_ssdm_op_PartSelect.i4.i512.i32.i32, i512 %weight_word, i32 116, i32 119" [source/int4_linear_controller.cpp:185->source/int4_linear_controller.cpp:507->source/int4_linear_controller.cpp:897]   --->   Operation 122 'partselect' 'tmp_197' <Predicate = (!icmp_ln457)> <Delay = 0.00>
ST_3 : Operation 123 [1/1] (0.00ns)   --->   "%low_204 = partselect i4 @_ssdm_op_PartSelect.i4.i512.i32.i32, i512 %weight_word, i32 120, i32 123" [source/int4_linear_controller.cpp:505->source/int4_linear_controller.cpp:897]   --->   Operation 123 'partselect' 'low_204' <Predicate = (!icmp_ln457)> <Delay = 0.00>
ST_3 : Operation 124 [1/1] (0.00ns)   --->   "%tmp_198 = partselect i4 @_ssdm_op_PartSelect.i4.i512.i32.i32, i512 %weight_word, i32 124, i32 127" [source/int4_linear_controller.cpp:185->source/int4_linear_controller.cpp:507->source/int4_linear_controller.cpp:897]   --->   Operation 124 'partselect' 'tmp_198' <Predicate = (!icmp_ln457)> <Delay = 0.00>
ST_3 : Operation 125 [1/1] (0.00ns)   --->   "%low_205 = partselect i4 @_ssdm_op_PartSelect.i4.i512.i32.i32, i512 %weight_word, i32 128, i32 131" [source/int4_linear_controller.cpp:505->source/int4_linear_controller.cpp:897]   --->   Operation 125 'partselect' 'low_205' <Predicate = (!icmp_ln457)> <Delay = 0.00>
ST_3 : Operation 126 [1/1] (0.00ns)   --->   "%tmp_199 = partselect i4 @_ssdm_op_PartSelect.i4.i512.i32.i32, i512 %weight_word, i32 132, i32 135" [source/int4_linear_controller.cpp:185->source/int4_linear_controller.cpp:507->source/int4_linear_controller.cpp:897]   --->   Operation 126 'partselect' 'tmp_199' <Predicate = (!icmp_ln457)> <Delay = 0.00>
ST_3 : Operation 127 [1/1] (0.00ns)   --->   "%low_206 = partselect i4 @_ssdm_op_PartSelect.i4.i512.i32.i32, i512 %weight_word, i32 136, i32 139" [source/int4_linear_controller.cpp:505->source/int4_linear_controller.cpp:897]   --->   Operation 127 'partselect' 'low_206' <Predicate = (!icmp_ln457)> <Delay = 0.00>
ST_3 : Operation 128 [1/1] (0.00ns)   --->   "%tmp_200 = partselect i4 @_ssdm_op_PartSelect.i4.i512.i32.i32, i512 %weight_word, i32 140, i32 143" [source/int4_linear_controller.cpp:185->source/int4_linear_controller.cpp:507->source/int4_linear_controller.cpp:897]   --->   Operation 128 'partselect' 'tmp_200' <Predicate = (!icmp_ln457)> <Delay = 0.00>
ST_3 : Operation 129 [1/1] (0.00ns)   --->   "%low_207 = partselect i4 @_ssdm_op_PartSelect.i4.i512.i32.i32, i512 %weight_word, i32 144, i32 147" [source/int4_linear_controller.cpp:505->source/int4_linear_controller.cpp:897]   --->   Operation 129 'partselect' 'low_207' <Predicate = (!icmp_ln457)> <Delay = 0.00>
ST_3 : Operation 130 [1/1] (0.00ns)   --->   "%tmp_201 = partselect i4 @_ssdm_op_PartSelect.i4.i512.i32.i32, i512 %weight_word, i32 148, i32 151" [source/int4_linear_controller.cpp:185->source/int4_linear_controller.cpp:507->source/int4_linear_controller.cpp:897]   --->   Operation 130 'partselect' 'tmp_201' <Predicate = (!icmp_ln457)> <Delay = 0.00>
ST_3 : Operation 131 [1/1] (0.00ns)   --->   "%low_208 = partselect i4 @_ssdm_op_PartSelect.i4.i512.i32.i32, i512 %weight_word, i32 152, i32 155" [source/int4_linear_controller.cpp:505->source/int4_linear_controller.cpp:897]   --->   Operation 131 'partselect' 'low_208' <Predicate = (!icmp_ln457)> <Delay = 0.00>
ST_3 : Operation 132 [1/1] (0.00ns)   --->   "%tmp_202 = partselect i4 @_ssdm_op_PartSelect.i4.i512.i32.i32, i512 %weight_word, i32 156, i32 159" [source/int4_linear_controller.cpp:185->source/int4_linear_controller.cpp:507->source/int4_linear_controller.cpp:897]   --->   Operation 132 'partselect' 'tmp_202' <Predicate = (!icmp_ln457)> <Delay = 0.00>
ST_3 : Operation 133 [1/1] (0.00ns)   --->   "%low_209 = partselect i4 @_ssdm_op_PartSelect.i4.i512.i32.i32, i512 %weight_word, i32 160, i32 163" [source/int4_linear_controller.cpp:505->source/int4_linear_controller.cpp:897]   --->   Operation 133 'partselect' 'low_209' <Predicate = (!icmp_ln457)> <Delay = 0.00>
ST_3 : Operation 134 [1/1] (0.00ns)   --->   "%tmp_203 = partselect i4 @_ssdm_op_PartSelect.i4.i512.i32.i32, i512 %weight_word, i32 164, i32 167" [source/int4_linear_controller.cpp:185->source/int4_linear_controller.cpp:507->source/int4_linear_controller.cpp:897]   --->   Operation 134 'partselect' 'tmp_203' <Predicate = (!icmp_ln457)> <Delay = 0.00>
ST_3 : Operation 135 [1/1] (0.00ns)   --->   "%low_210 = partselect i4 @_ssdm_op_PartSelect.i4.i512.i32.i32, i512 %weight_word, i32 168, i32 171" [source/int4_linear_controller.cpp:505->source/int4_linear_controller.cpp:897]   --->   Operation 135 'partselect' 'low_210' <Predicate = (!icmp_ln457)> <Delay = 0.00>
ST_3 : Operation 136 [1/1] (0.00ns)   --->   "%tmp_204 = partselect i4 @_ssdm_op_PartSelect.i4.i512.i32.i32, i512 %weight_word, i32 172, i32 175" [source/int4_linear_controller.cpp:185->source/int4_linear_controller.cpp:507->source/int4_linear_controller.cpp:897]   --->   Operation 136 'partselect' 'tmp_204' <Predicate = (!icmp_ln457)> <Delay = 0.00>
ST_3 : Operation 137 [1/1] (0.00ns)   --->   "%low_211 = partselect i4 @_ssdm_op_PartSelect.i4.i512.i32.i32, i512 %weight_word, i32 176, i32 179" [source/int4_linear_controller.cpp:505->source/int4_linear_controller.cpp:897]   --->   Operation 137 'partselect' 'low_211' <Predicate = (!icmp_ln457)> <Delay = 0.00>
ST_3 : Operation 138 [1/1] (0.00ns)   --->   "%tmp_205 = partselect i4 @_ssdm_op_PartSelect.i4.i512.i32.i32, i512 %weight_word, i32 180, i32 183" [source/int4_linear_controller.cpp:185->source/int4_linear_controller.cpp:507->source/int4_linear_controller.cpp:897]   --->   Operation 138 'partselect' 'tmp_205' <Predicate = (!icmp_ln457)> <Delay = 0.00>
ST_3 : Operation 139 [1/1] (0.00ns)   --->   "%low_212 = partselect i4 @_ssdm_op_PartSelect.i4.i512.i32.i32, i512 %weight_word, i32 184, i32 187" [source/int4_linear_controller.cpp:505->source/int4_linear_controller.cpp:897]   --->   Operation 139 'partselect' 'low_212' <Predicate = (!icmp_ln457)> <Delay = 0.00>
ST_3 : Operation 140 [1/1] (0.00ns)   --->   "%tmp_206 = partselect i4 @_ssdm_op_PartSelect.i4.i512.i32.i32, i512 %weight_word, i32 188, i32 191" [source/int4_linear_controller.cpp:185->source/int4_linear_controller.cpp:507->source/int4_linear_controller.cpp:897]   --->   Operation 140 'partselect' 'tmp_206' <Predicate = (!icmp_ln457)> <Delay = 0.00>
ST_3 : Operation 141 [1/1] (0.00ns)   --->   "%low_213 = partselect i4 @_ssdm_op_PartSelect.i4.i512.i32.i32, i512 %weight_word, i32 192, i32 195" [source/int4_linear_controller.cpp:505->source/int4_linear_controller.cpp:897]   --->   Operation 141 'partselect' 'low_213' <Predicate = (!icmp_ln457)> <Delay = 0.00>
ST_3 : Operation 142 [1/1] (0.00ns)   --->   "%tmp_207 = partselect i4 @_ssdm_op_PartSelect.i4.i512.i32.i32, i512 %weight_word, i32 196, i32 199" [source/int4_linear_controller.cpp:185->source/int4_linear_controller.cpp:507->source/int4_linear_controller.cpp:897]   --->   Operation 142 'partselect' 'tmp_207' <Predicate = (!icmp_ln457)> <Delay = 0.00>
ST_3 : Operation 143 [1/1] (0.00ns)   --->   "%low_214 = partselect i4 @_ssdm_op_PartSelect.i4.i512.i32.i32, i512 %weight_word, i32 200, i32 203" [source/int4_linear_controller.cpp:505->source/int4_linear_controller.cpp:897]   --->   Operation 143 'partselect' 'low_214' <Predicate = (!icmp_ln457)> <Delay = 0.00>
ST_3 : Operation 144 [1/1] (0.00ns)   --->   "%tmp_208 = partselect i4 @_ssdm_op_PartSelect.i4.i512.i32.i32, i512 %weight_word, i32 204, i32 207" [source/int4_linear_controller.cpp:185->source/int4_linear_controller.cpp:507->source/int4_linear_controller.cpp:897]   --->   Operation 144 'partselect' 'tmp_208' <Predicate = (!icmp_ln457)> <Delay = 0.00>
ST_3 : Operation 145 [1/1] (0.00ns)   --->   "%low_215 = partselect i4 @_ssdm_op_PartSelect.i4.i512.i32.i32, i512 %weight_word, i32 208, i32 211" [source/int4_linear_controller.cpp:505->source/int4_linear_controller.cpp:897]   --->   Operation 145 'partselect' 'low_215' <Predicate = (!icmp_ln457)> <Delay = 0.00>
ST_3 : Operation 146 [1/1] (0.00ns)   --->   "%tmp_209 = partselect i4 @_ssdm_op_PartSelect.i4.i512.i32.i32, i512 %weight_word, i32 212, i32 215" [source/int4_linear_controller.cpp:185->source/int4_linear_controller.cpp:507->source/int4_linear_controller.cpp:897]   --->   Operation 146 'partselect' 'tmp_209' <Predicate = (!icmp_ln457)> <Delay = 0.00>
ST_3 : Operation 147 [1/1] (0.00ns)   --->   "%shl_ln185_149 = bitconcatenate i27 @_ssdm_op_BitConcatenate.i27.i4.i23, i4 %tmp_209, i23 0" [source/int4_linear_controller.cpp:185->source/int4_linear_controller.cpp:507->source/int4_linear_controller.cpp:897]   --->   Operation 147 'bitconcatenate' 'shl_ln185_149' <Predicate = (!icmp_ln457)> <Delay = 0.00>
ST_3 : Operation 148 [1/1] (0.00ns)   --->   "%sext_ln185_152 = sext i4 %low_215" [source/int4_linear_controller.cpp:185->source/int4_linear_controller.cpp:507->source/int4_linear_controller.cpp:897]   --->   Operation 148 'sext' 'sext_ln185_152' <Predicate = (!icmp_ln457)> <Delay = 0.00>
ST_3 : Operation 149 [2/2] (0.76ns)   --->   "%packed_weight_215 = add i27 %shl_ln185_149, i27 %sext_ln185_152" [source/int4_linear_controller.cpp:185->source/int4_linear_controller.cpp:507->source/int4_linear_controller.cpp:897]   --->   Operation 149 'add' 'packed_weight_215' <Predicate = (!icmp_ln457)> <Delay = 0.76> <CoreInst = "Adder">   --->   Core 1 'Adder' <Latency = 1> <II = 1> <Delay = 0.85> <FuncUnit> <Opcode : 'add' 'sub'> <InPorts = 2> <OutPorts = 1>
ST_3 : Operation 150 [1/1] (0.00ns)   --->   "%low_216 = partselect i4 @_ssdm_op_PartSelect.i4.i512.i32.i32, i512 %weight_word, i32 216, i32 219" [source/int4_linear_controller.cpp:505->source/int4_linear_controller.cpp:897]   --->   Operation 150 'partselect' 'low_216' <Predicate = (!icmp_ln457)> <Delay = 0.00>
ST_3 : Operation 151 [1/1] (0.00ns)   --->   "%tmp_210 = partselect i4 @_ssdm_op_PartSelect.i4.i512.i32.i32, i512 %weight_word, i32 220, i32 223" [source/int4_linear_controller.cpp:185->source/int4_linear_controller.cpp:507->source/int4_linear_controller.cpp:897]   --->   Operation 151 'partselect' 'tmp_210' <Predicate = (!icmp_ln457)> <Delay = 0.00>
ST_3 : Operation 152 [1/1] (0.00ns)   --->   "%shl_ln185_150 = bitconcatenate i27 @_ssdm_op_BitConcatenate.i27.i4.i23, i4 %tmp_210, i23 0" [source/int4_linear_controller.cpp:185->source/int4_linear_controller.cpp:507->source/int4_linear_controller.cpp:897]   --->   Operation 152 'bitconcatenate' 'shl_ln185_150' <Predicate = (!icmp_ln457)> <Delay = 0.00>
ST_3 : Operation 153 [1/1] (0.00ns)   --->   "%sext_ln185_153 = sext i4 %low_216" [source/int4_linear_controller.cpp:185->source/int4_linear_controller.cpp:507->source/int4_linear_controller.cpp:897]   --->   Operation 153 'sext' 'sext_ln185_153' <Predicate = (!icmp_ln457)> <Delay = 0.00>
ST_3 : Operation 154 [2/2] (0.76ns)   --->   "%packed_weight_216 = add i27 %shl_ln185_150, i27 %sext_ln185_153" [source/int4_linear_controller.cpp:185->source/int4_linear_controller.cpp:507->source/int4_linear_controller.cpp:897]   --->   Operation 154 'add' 'packed_weight_216' <Predicate = (!icmp_ln457)> <Delay = 0.76> <CoreInst = "Adder">   --->   Core 1 'Adder' <Latency = 1> <II = 1> <Delay = 0.85> <FuncUnit> <Opcode : 'add' 'sub'> <InPorts = 2> <OutPorts = 1>
ST_3 : Operation 155 [1/1] (0.00ns)   --->   "%low_217 = partselect i4 @_ssdm_op_PartSelect.i4.i512.i32.i32, i512 %weight_word, i32 224, i32 227" [source/int4_linear_controller.cpp:505->source/int4_linear_controller.cpp:897]   --->   Operation 155 'partselect' 'low_217' <Predicate = (!icmp_ln457)> <Delay = 0.00>
ST_3 : Operation 156 [1/1] (0.00ns)   --->   "%tmp_211 = partselect i4 @_ssdm_op_PartSelect.i4.i512.i32.i32, i512 %weight_word, i32 228, i32 231" [source/int4_linear_controller.cpp:185->source/int4_linear_controller.cpp:507->source/int4_linear_controller.cpp:897]   --->   Operation 156 'partselect' 'tmp_211' <Predicate = (!icmp_ln457)> <Delay = 0.00>
ST_3 : Operation 157 [1/1] (0.00ns)   --->   "%low_218 = partselect i4 @_ssdm_op_PartSelect.i4.i512.i32.i32, i512 %weight_word, i32 232, i32 235" [source/int4_linear_controller.cpp:505->source/int4_linear_controller.cpp:897]   --->   Operation 157 'partselect' 'low_218' <Predicate = (!icmp_ln457)> <Delay = 0.00>
ST_3 : Operation 158 [1/1] (0.00ns)   --->   "%tmp_212 = partselect i4 @_ssdm_op_PartSelect.i4.i512.i32.i32, i512 %weight_word, i32 236, i32 239" [source/int4_linear_controller.cpp:185->source/int4_linear_controller.cpp:507->source/int4_linear_controller.cpp:897]   --->   Operation 158 'partselect' 'tmp_212' <Predicate = (!icmp_ln457)> <Delay = 0.00>
ST_3 : Operation 159 [1/1] (0.00ns)   --->   "%low_219 = partselect i4 @_ssdm_op_PartSelect.i4.i512.i32.i32, i512 %weight_word, i32 240, i32 243" [source/int4_linear_controller.cpp:505->source/int4_linear_controller.cpp:897]   --->   Operation 159 'partselect' 'low_219' <Predicate = (!icmp_ln457)> <Delay = 0.00>
ST_3 : Operation 160 [1/1] (0.00ns)   --->   "%tmp_213 = partselect i4 @_ssdm_op_PartSelect.i4.i512.i32.i32, i512 %weight_word, i32 244, i32 247" [source/int4_linear_controller.cpp:185->source/int4_linear_controller.cpp:507->source/int4_linear_controller.cpp:897]   --->   Operation 160 'partselect' 'tmp_213' <Predicate = (!icmp_ln457)> <Delay = 0.00>
ST_3 : Operation 161 [1/1] (0.00ns)   --->   "%low_220 = partselect i4 @_ssdm_op_PartSelect.i4.i512.i32.i32, i512 %weight_word, i32 248, i32 251" [source/int4_linear_controller.cpp:505->source/int4_linear_controller.cpp:897]   --->   Operation 161 'partselect' 'low_220' <Predicate = (!icmp_ln457)> <Delay = 0.00>
ST_3 : Operation 162 [1/1] (0.00ns)   --->   "%tmp_214 = partselect i4 @_ssdm_op_PartSelect.i4.i512.i32.i32, i512 %weight_word, i32 252, i32 255" [source/int4_linear_controller.cpp:185->source/int4_linear_controller.cpp:507->source/int4_linear_controller.cpp:897]   --->   Operation 162 'partselect' 'tmp_214' <Predicate = (!icmp_ln457)> <Delay = 0.00>
ST_3 : Operation 163 [1/1] (0.00ns)   --->   "%low_221 = partselect i4 @_ssdm_op_PartSelect.i4.i512.i32.i32, i512 %weight_word, i32 256, i32 259" [source/int4_linear_controller.cpp:505->source/int4_linear_controller.cpp:897]   --->   Operation 163 'partselect' 'low_221' <Predicate = (!icmp_ln457)> <Delay = 0.00>
ST_3 : Operation 164 [1/1] (0.00ns)   --->   "%tmp_215 = partselect i4 @_ssdm_op_PartSelect.i4.i512.i32.i32, i512 %weight_word, i32 260, i32 263" [source/int4_linear_controller.cpp:185->source/int4_linear_controller.cpp:507->source/int4_linear_controller.cpp:897]   --->   Operation 164 'partselect' 'tmp_215' <Predicate = (!icmp_ln457)> <Delay = 0.00>
ST_3 : Operation 165 [1/1] (0.00ns)   --->   "%low_222 = partselect i4 @_ssdm_op_PartSelect.i4.i512.i32.i32, i512 %weight_word, i32 264, i32 267" [source/int4_linear_controller.cpp:505->source/int4_linear_controller.cpp:897]   --->   Operation 165 'partselect' 'low_222' <Predicate = (!icmp_ln457)> <Delay = 0.00>
ST_3 : Operation 166 [1/1] (0.00ns)   --->   "%tmp_216 = partselect i4 @_ssdm_op_PartSelect.i4.i512.i32.i32, i512 %weight_word, i32 268, i32 271" [source/int4_linear_controller.cpp:185->source/int4_linear_controller.cpp:507->source/int4_linear_controller.cpp:897]   --->   Operation 166 'partselect' 'tmp_216' <Predicate = (!icmp_ln457)> <Delay = 0.00>
ST_3 : Operation 167 [1/1] (0.00ns)   --->   "%low_223 = partselect i4 @_ssdm_op_PartSelect.i4.i512.i32.i32, i512 %weight_word, i32 272, i32 275" [source/int4_linear_controller.cpp:505->source/int4_linear_controller.cpp:897]   --->   Operation 167 'partselect' 'low_223' <Predicate = (!icmp_ln457)> <Delay = 0.00>
ST_3 : Operation 168 [1/1] (0.00ns)   --->   "%tmp_217 = partselect i4 @_ssdm_op_PartSelect.i4.i512.i32.i32, i512 %weight_word, i32 276, i32 279" [source/int4_linear_controller.cpp:185->source/int4_linear_controller.cpp:507->source/int4_linear_controller.cpp:897]   --->   Operation 168 'partselect' 'tmp_217' <Predicate = (!icmp_ln457)> <Delay = 0.00>
ST_3 : Operation 169 [1/1] (0.00ns)   --->   "%shl_ln185_157 = bitconcatenate i27 @_ssdm_op_BitConcatenate.i27.i4.i23, i4 %tmp_217, i23 0" [source/int4_linear_controller.cpp:185->source/int4_linear_controller.cpp:507->source/int4_linear_controller.cpp:897]   --->   Operation 169 'bitconcatenate' 'shl_ln185_157' <Predicate = (!icmp_ln457)> <Delay = 0.00>
ST_3 : Operation 170 [1/1] (0.00ns)   --->   "%sext_ln185_160 = sext i4 %low_223" [source/int4_linear_controller.cpp:185->source/int4_linear_controller.cpp:507->source/int4_linear_controller.cpp:897]   --->   Operation 170 'sext' 'sext_ln185_160' <Predicate = (!icmp_ln457)> <Delay = 0.00>
ST_3 : Operation 171 [2/2] (0.76ns)   --->   "%packed_weight_223 = add i27 %shl_ln185_157, i27 %sext_ln185_160" [source/int4_linear_controller.cpp:185->source/int4_linear_controller.cpp:507->source/int4_linear_controller.cpp:897]   --->   Operation 171 'add' 'packed_weight_223' <Predicate = (!icmp_ln457)> <Delay = 0.76> <CoreInst = "Adder">   --->   Core 1 'Adder' <Latency = 1> <II = 1> <Delay = 0.85> <FuncUnit> <Opcode : 'add' 'sub'> <InPorts = 2> <OutPorts = 1>
ST_3 : Operation 172 [1/1] (0.00ns)   --->   "%low_224 = partselect i4 @_ssdm_op_PartSelect.i4.i512.i32.i32, i512 %weight_word, i32 280, i32 283" [source/int4_linear_controller.cpp:505->source/int4_linear_controller.cpp:897]   --->   Operation 172 'partselect' 'low_224' <Predicate = (!icmp_ln457)> <Delay = 0.00>
ST_3 : Operation 173 [1/1] (0.00ns)   --->   "%tmp_218 = partselect i4 @_ssdm_op_PartSelect.i4.i512.i32.i32, i512 %weight_word, i32 284, i32 287" [source/int4_linear_controller.cpp:185->source/int4_linear_controller.cpp:507->source/int4_linear_controller.cpp:897]   --->   Operation 173 'partselect' 'tmp_218' <Predicate = (!icmp_ln457)> <Delay = 0.00>
ST_3 : Operation 174 [1/1] (0.00ns)   --->   "%shl_ln185_158 = bitconcatenate i27 @_ssdm_op_BitConcatenate.i27.i4.i23, i4 %tmp_218, i23 0" [source/int4_linear_controller.cpp:185->source/int4_linear_controller.cpp:507->source/int4_linear_controller.cpp:897]   --->   Operation 174 'bitconcatenate' 'shl_ln185_158' <Predicate = (!icmp_ln457)> <Delay = 0.00>
ST_3 : Operation 175 [1/1] (0.00ns)   --->   "%sext_ln185_161 = sext i4 %low_224" [source/int4_linear_controller.cpp:185->source/int4_linear_controller.cpp:507->source/int4_linear_controller.cpp:897]   --->   Operation 175 'sext' 'sext_ln185_161' <Predicate = (!icmp_ln457)> <Delay = 0.00>
ST_3 : Operation 176 [2/2] (0.76ns)   --->   "%packed_weight_224 = add i27 %shl_ln185_158, i27 %sext_ln185_161" [source/int4_linear_controller.cpp:185->source/int4_linear_controller.cpp:507->source/int4_linear_controller.cpp:897]   --->   Operation 176 'add' 'packed_weight_224' <Predicate = (!icmp_ln457)> <Delay = 0.76> <CoreInst = "Adder">   --->   Core 1 'Adder' <Latency = 1> <II = 1> <Delay = 0.85> <FuncUnit> <Opcode : 'add' 'sub'> <InPorts = 2> <OutPorts = 1>
ST_3 : Operation 177 [1/1] (0.00ns)   --->   "%low_225 = partselect i4 @_ssdm_op_PartSelect.i4.i512.i32.i32, i512 %weight_word, i32 288, i32 291" [source/int4_linear_controller.cpp:505->source/int4_linear_controller.cpp:897]   --->   Operation 177 'partselect' 'low_225' <Predicate = (!icmp_ln457)> <Delay = 0.00>
ST_3 : Operation 178 [1/1] (0.00ns)   --->   "%tmp_219 = partselect i4 @_ssdm_op_PartSelect.i4.i512.i32.i32, i512 %weight_word, i32 292, i32 295" [source/int4_linear_controller.cpp:185->source/int4_linear_controller.cpp:507->source/int4_linear_controller.cpp:897]   --->   Operation 178 'partselect' 'tmp_219' <Predicate = (!icmp_ln457)> <Delay = 0.00>
ST_3 : Operation 179 [1/1] (0.00ns)   --->   "%low_226 = partselect i4 @_ssdm_op_PartSelect.i4.i512.i32.i32, i512 %weight_word, i32 296, i32 299" [source/int4_linear_controller.cpp:505->source/int4_linear_controller.cpp:897]   --->   Operation 179 'partselect' 'low_226' <Predicate = (!icmp_ln457)> <Delay = 0.00>
ST_3 : Operation 180 [1/1] (0.00ns)   --->   "%tmp_220 = partselect i4 @_ssdm_op_PartSelect.i4.i512.i32.i32, i512 %weight_word, i32 300, i32 303" [source/int4_linear_controller.cpp:185->source/int4_linear_controller.cpp:507->source/int4_linear_controller.cpp:897]   --->   Operation 180 'partselect' 'tmp_220' <Predicate = (!icmp_ln457)> <Delay = 0.00>
ST_3 : Operation 181 [1/1] (0.00ns)   --->   "%low_227 = partselect i4 @_ssdm_op_PartSelect.i4.i512.i32.i32, i512 %weight_word, i32 304, i32 307" [source/int4_linear_controller.cpp:505->source/int4_linear_controller.cpp:897]   --->   Operation 181 'partselect' 'low_227' <Predicate = (!icmp_ln457)> <Delay = 0.00>
ST_3 : Operation 182 [1/1] (0.00ns)   --->   "%tmp_221 = partselect i4 @_ssdm_op_PartSelect.i4.i512.i32.i32, i512 %weight_word, i32 308, i32 311" [source/int4_linear_controller.cpp:185->source/int4_linear_controller.cpp:507->source/int4_linear_controller.cpp:897]   --->   Operation 182 'partselect' 'tmp_221' <Predicate = (!icmp_ln457)> <Delay = 0.00>
ST_3 : Operation 183 [1/1] (0.00ns)   --->   "%low_228 = partselect i4 @_ssdm_op_PartSelect.i4.i512.i32.i32, i512 %weight_word, i32 312, i32 315" [source/int4_linear_controller.cpp:505->source/int4_linear_controller.cpp:897]   --->   Operation 183 'partselect' 'low_228' <Predicate = (!icmp_ln457)> <Delay = 0.00>
ST_3 : Operation 184 [1/1] (0.00ns)   --->   "%tmp_222 = partselect i4 @_ssdm_op_PartSelect.i4.i512.i32.i32, i512 %weight_word, i32 316, i32 319" [source/int4_linear_controller.cpp:185->source/int4_linear_controller.cpp:507->source/int4_linear_controller.cpp:897]   --->   Operation 184 'partselect' 'tmp_222' <Predicate = (!icmp_ln457)> <Delay = 0.00>
ST_3 : Operation 185 [1/1] (0.00ns)   --->   "%low_229 = partselect i4 @_ssdm_op_PartSelect.i4.i512.i32.i32, i512 %weight_word, i32 320, i32 323" [source/int4_linear_controller.cpp:505->source/int4_linear_controller.cpp:897]   --->   Operation 185 'partselect' 'low_229' <Predicate = (!icmp_ln457)> <Delay = 0.00>
ST_3 : Operation 186 [1/1] (0.00ns)   --->   "%tmp_223 = partselect i4 @_ssdm_op_PartSelect.i4.i512.i32.i32, i512 %weight_word, i32 324, i32 327" [source/int4_linear_controller.cpp:185->source/int4_linear_controller.cpp:507->source/int4_linear_controller.cpp:897]   --->   Operation 186 'partselect' 'tmp_223' <Predicate = (!icmp_ln457)> <Delay = 0.00>
ST_3 : Operation 187 [1/1] (0.00ns)   --->   "%shl_ln185_163 = bitconcatenate i27 @_ssdm_op_BitConcatenate.i27.i4.i23, i4 %tmp_223, i23 0" [source/int4_linear_controller.cpp:185->source/int4_linear_controller.cpp:507->source/int4_linear_controller.cpp:897]   --->   Operation 187 'bitconcatenate' 'shl_ln185_163' <Predicate = (!icmp_ln457)> <Delay = 0.00>
ST_3 : Operation 188 [1/1] (0.00ns)   --->   "%sext_ln185_166 = sext i4 %low_229" [source/int4_linear_controller.cpp:185->source/int4_linear_controller.cpp:507->source/int4_linear_controller.cpp:897]   --->   Operation 188 'sext' 'sext_ln185_166' <Predicate = (!icmp_ln457)> <Delay = 0.00>
ST_3 : Operation 189 [2/2] (0.76ns)   --->   "%packed_weight_229 = add i27 %shl_ln185_163, i27 %sext_ln185_166" [source/int4_linear_controller.cpp:185->source/int4_linear_controller.cpp:507->source/int4_linear_controller.cpp:897]   --->   Operation 189 'add' 'packed_weight_229' <Predicate = (!icmp_ln457)> <Delay = 0.76> <CoreInst = "Adder">   --->   Core 1 'Adder' <Latency = 1> <II = 1> <Delay = 0.85> <FuncUnit> <Opcode : 'add' 'sub'> <InPorts = 2> <OutPorts = 1>
ST_3 : Operation 190 [1/1] (0.00ns)   --->   "%low_230 = partselect i4 @_ssdm_op_PartSelect.i4.i512.i32.i32, i512 %weight_word, i32 328, i32 331" [source/int4_linear_controller.cpp:505->source/int4_linear_controller.cpp:897]   --->   Operation 190 'partselect' 'low_230' <Predicate = (!icmp_ln457)> <Delay = 0.00>
ST_3 : Operation 191 [1/1] (0.00ns)   --->   "%tmp_224 = partselect i4 @_ssdm_op_PartSelect.i4.i512.i32.i32, i512 %weight_word, i32 332, i32 335" [source/int4_linear_controller.cpp:185->source/int4_linear_controller.cpp:507->source/int4_linear_controller.cpp:897]   --->   Operation 191 'partselect' 'tmp_224' <Predicate = (!icmp_ln457)> <Delay = 0.00>
ST_3 : Operation 192 [1/1] (0.00ns)   --->   "%shl_ln185_164 = bitconcatenate i27 @_ssdm_op_BitConcatenate.i27.i4.i23, i4 %tmp_224, i23 0" [source/int4_linear_controller.cpp:185->source/int4_linear_controller.cpp:507->source/int4_linear_controller.cpp:897]   --->   Operation 192 'bitconcatenate' 'shl_ln185_164' <Predicate = (!icmp_ln457)> <Delay = 0.00>
ST_3 : Operation 193 [1/1] (0.00ns)   --->   "%sext_ln185_167 = sext i4 %low_230" [source/int4_linear_controller.cpp:185->source/int4_linear_controller.cpp:507->source/int4_linear_controller.cpp:897]   --->   Operation 193 'sext' 'sext_ln185_167' <Predicate = (!icmp_ln457)> <Delay = 0.00>
ST_3 : Operation 194 [2/2] (0.76ns)   --->   "%packed_weight_230 = add i27 %shl_ln185_164, i27 %sext_ln185_167" [source/int4_linear_controller.cpp:185->source/int4_linear_controller.cpp:507->source/int4_linear_controller.cpp:897]   --->   Operation 194 'add' 'packed_weight_230' <Predicate = (!icmp_ln457)> <Delay = 0.76> <CoreInst = "Adder">   --->   Core 1 'Adder' <Latency = 1> <II = 1> <Delay = 0.85> <FuncUnit> <Opcode : 'add' 'sub'> <InPorts = 2> <OutPorts = 1>
ST_3 : Operation 195 [1/1] (0.00ns)   --->   "%low_231 = partselect i4 @_ssdm_op_PartSelect.i4.i512.i32.i32, i512 %weight_word, i32 336, i32 339" [source/int4_linear_controller.cpp:505->source/int4_linear_controller.cpp:897]   --->   Operation 195 'partselect' 'low_231' <Predicate = (!icmp_ln457)> <Delay = 0.00>
ST_3 : Operation 196 [1/1] (0.00ns)   --->   "%tmp_225 = partselect i4 @_ssdm_op_PartSelect.i4.i512.i32.i32, i512 %weight_word, i32 340, i32 343" [source/int4_linear_controller.cpp:185->source/int4_linear_controller.cpp:507->source/int4_linear_controller.cpp:897]   --->   Operation 196 'partselect' 'tmp_225' <Predicate = (!icmp_ln457)> <Delay = 0.00>
ST_3 : Operation 197 [1/1] (0.00ns)   --->   "%low_232 = partselect i4 @_ssdm_op_PartSelect.i4.i512.i32.i32, i512 %weight_word, i32 344, i32 347" [source/int4_linear_controller.cpp:505->source/int4_linear_controller.cpp:897]   --->   Operation 197 'partselect' 'low_232' <Predicate = (!icmp_ln457)> <Delay = 0.00>
ST_3 : Operation 198 [1/1] (0.00ns)   --->   "%tmp_226 = partselect i4 @_ssdm_op_PartSelect.i4.i512.i32.i32, i512 %weight_word, i32 348, i32 351" [source/int4_linear_controller.cpp:185->source/int4_linear_controller.cpp:507->source/int4_linear_controller.cpp:897]   --->   Operation 198 'partselect' 'tmp_226' <Predicate = (!icmp_ln457)> <Delay = 0.00>
ST_3 : Operation 199 [1/1] (0.00ns)   --->   "%low_233 = partselect i4 @_ssdm_op_PartSelect.i4.i512.i32.i32, i512 %weight_word, i32 352, i32 355" [source/int4_linear_controller.cpp:505->source/int4_linear_controller.cpp:897]   --->   Operation 199 'partselect' 'low_233' <Predicate = (!icmp_ln457)> <Delay = 0.00>
ST_3 : Operation 200 [1/1] (0.00ns)   --->   "%tmp_227 = partselect i4 @_ssdm_op_PartSelect.i4.i512.i32.i32, i512 %weight_word, i32 356, i32 359" [source/int4_linear_controller.cpp:185->source/int4_linear_controller.cpp:507->source/int4_linear_controller.cpp:897]   --->   Operation 200 'partselect' 'tmp_227' <Predicate = (!icmp_ln457)> <Delay = 0.00>
ST_3 : Operation 201 [1/1] (0.00ns)   --->   "%shl_ln185_167 = bitconcatenate i27 @_ssdm_op_BitConcatenate.i27.i4.i23, i4 %tmp_227, i23 0" [source/int4_linear_controller.cpp:185->source/int4_linear_controller.cpp:507->source/int4_linear_controller.cpp:897]   --->   Operation 201 'bitconcatenate' 'shl_ln185_167' <Predicate = (!icmp_ln457)> <Delay = 0.00>
ST_3 : Operation 202 [1/1] (0.00ns)   --->   "%sext_ln185_170 = sext i4 %low_233" [source/int4_linear_controller.cpp:185->source/int4_linear_controller.cpp:507->source/int4_linear_controller.cpp:897]   --->   Operation 202 'sext' 'sext_ln185_170' <Predicate = (!icmp_ln457)> <Delay = 0.00>
ST_3 : Operation 203 [2/2] (0.76ns)   --->   "%packed_weight_233 = add i27 %shl_ln185_167, i27 %sext_ln185_170" [source/int4_linear_controller.cpp:185->source/int4_linear_controller.cpp:507->source/int4_linear_controller.cpp:897]   --->   Operation 203 'add' 'packed_weight_233' <Predicate = (!icmp_ln457)> <Delay = 0.76> <CoreInst = "Adder">   --->   Core 1 'Adder' <Latency = 1> <II = 1> <Delay = 0.85> <FuncUnit> <Opcode : 'add' 'sub'> <InPorts = 2> <OutPorts = 1>
ST_3 : Operation 204 [1/1] (0.00ns)   --->   "%low_234 = partselect i4 @_ssdm_op_PartSelect.i4.i512.i32.i32, i512 %weight_word, i32 360, i32 363" [source/int4_linear_controller.cpp:505->source/int4_linear_controller.cpp:897]   --->   Operation 204 'partselect' 'low_234' <Predicate = (!icmp_ln457)> <Delay = 0.00>
ST_3 : Operation 205 [1/1] (0.00ns)   --->   "%tmp_228 = partselect i4 @_ssdm_op_PartSelect.i4.i512.i32.i32, i512 %weight_word, i32 364, i32 367" [source/int4_linear_controller.cpp:185->source/int4_linear_controller.cpp:507->source/int4_linear_controller.cpp:897]   --->   Operation 205 'partselect' 'tmp_228' <Predicate = (!icmp_ln457)> <Delay = 0.00>
ST_3 : Operation 206 [1/1] (0.00ns)   --->   "%shl_ln185_168 = bitconcatenate i27 @_ssdm_op_BitConcatenate.i27.i4.i23, i4 %tmp_228, i23 0" [source/int4_linear_controller.cpp:185->source/int4_linear_controller.cpp:507->source/int4_linear_controller.cpp:897]   --->   Operation 206 'bitconcatenate' 'shl_ln185_168' <Predicate = (!icmp_ln457)> <Delay = 0.00>
ST_3 : Operation 207 [1/1] (0.00ns)   --->   "%sext_ln185_171 = sext i4 %low_234" [source/int4_linear_controller.cpp:185->source/int4_linear_controller.cpp:507->source/int4_linear_controller.cpp:897]   --->   Operation 207 'sext' 'sext_ln185_171' <Predicate = (!icmp_ln457)> <Delay = 0.00>
ST_3 : Operation 208 [2/2] (0.76ns)   --->   "%packed_weight_234 = add i27 %shl_ln185_168, i27 %sext_ln185_171" [source/int4_linear_controller.cpp:185->source/int4_linear_controller.cpp:507->source/int4_linear_controller.cpp:897]   --->   Operation 208 'add' 'packed_weight_234' <Predicate = (!icmp_ln457)> <Delay = 0.76> <CoreInst = "Adder">   --->   Core 1 'Adder' <Latency = 1> <II = 1> <Delay = 0.85> <FuncUnit> <Opcode : 'add' 'sub'> <InPorts = 2> <OutPorts = 1>
ST_3 : Operation 209 [1/1] (0.00ns)   --->   "%low_235 = partselect i4 @_ssdm_op_PartSelect.i4.i512.i32.i32, i512 %weight_word, i32 368, i32 371" [source/int4_linear_controller.cpp:505->source/int4_linear_controller.cpp:897]   --->   Operation 209 'partselect' 'low_235' <Predicate = (!icmp_ln457)> <Delay = 0.00>
ST_3 : Operation 210 [1/1] (0.00ns)   --->   "%tmp_229 = partselect i4 @_ssdm_op_PartSelect.i4.i512.i32.i32, i512 %weight_word, i32 372, i32 375" [source/int4_linear_controller.cpp:185->source/int4_linear_controller.cpp:507->source/int4_linear_controller.cpp:897]   --->   Operation 210 'partselect' 'tmp_229' <Predicate = (!icmp_ln457)> <Delay = 0.00>
ST_3 : Operation 211 [1/1] (0.00ns)   --->   "%low_236 = partselect i4 @_ssdm_op_PartSelect.i4.i512.i32.i32, i512 %weight_word, i32 376, i32 379" [source/int4_linear_controller.cpp:505->source/int4_linear_controller.cpp:897]   --->   Operation 211 'partselect' 'low_236' <Predicate = (!icmp_ln457)> <Delay = 0.00>
ST_3 : Operation 212 [1/1] (0.00ns)   --->   "%tmp_230 = partselect i4 @_ssdm_op_PartSelect.i4.i512.i32.i32, i512 %weight_word, i32 380, i32 383" [source/int4_linear_controller.cpp:185->source/int4_linear_controller.cpp:507->source/int4_linear_controller.cpp:897]   --->   Operation 212 'partselect' 'tmp_230' <Predicate = (!icmp_ln457)> <Delay = 0.00>
ST_3 : Operation 213 [1/1] (0.00ns)   --->   "%low_237 = partselect i4 @_ssdm_op_PartSelect.i4.i512.i32.i32, i512 %weight_word, i32 384, i32 387" [source/int4_linear_controller.cpp:505->source/int4_linear_controller.cpp:897]   --->   Operation 213 'partselect' 'low_237' <Predicate = (!icmp_ln457)> <Delay = 0.00>
ST_3 : Operation 214 [1/1] (0.00ns)   --->   "%tmp_231 = partselect i4 @_ssdm_op_PartSelect.i4.i512.i32.i32, i512 %weight_word, i32 388, i32 391" [source/int4_linear_controller.cpp:185->source/int4_linear_controller.cpp:507->source/int4_linear_controller.cpp:897]   --->   Operation 214 'partselect' 'tmp_231' <Predicate = (!icmp_ln457)> <Delay = 0.00>
ST_3 : Operation 215 [1/1] (0.00ns)   --->   "%shl_ln185_171 = bitconcatenate i27 @_ssdm_op_BitConcatenate.i27.i4.i23, i4 %tmp_231, i23 0" [source/int4_linear_controller.cpp:185->source/int4_linear_controller.cpp:507->source/int4_linear_controller.cpp:897]   --->   Operation 215 'bitconcatenate' 'shl_ln185_171' <Predicate = (!icmp_ln457)> <Delay = 0.00>
ST_3 : Operation 216 [1/1] (0.00ns)   --->   "%sext_ln185_174 = sext i4 %low_237" [source/int4_linear_controller.cpp:185->source/int4_linear_controller.cpp:507->source/int4_linear_controller.cpp:897]   --->   Operation 216 'sext' 'sext_ln185_174' <Predicate = (!icmp_ln457)> <Delay = 0.00>
ST_3 : Operation 217 [2/2] (0.76ns)   --->   "%packed_weight_237 = add i27 %shl_ln185_171, i27 %sext_ln185_174" [source/int4_linear_controller.cpp:185->source/int4_linear_controller.cpp:507->source/int4_linear_controller.cpp:897]   --->   Operation 217 'add' 'packed_weight_237' <Predicate = (!icmp_ln457)> <Delay = 0.76> <CoreInst = "Adder">   --->   Core 1 'Adder' <Latency = 1> <II = 1> <Delay = 0.85> <FuncUnit> <Opcode : 'add' 'sub'> <InPorts = 2> <OutPorts = 1>
ST_3 : Operation 218 [1/1] (0.00ns)   --->   "%low_238 = partselect i4 @_ssdm_op_PartSelect.i4.i512.i32.i32, i512 %weight_word, i32 392, i32 395" [source/int4_linear_controller.cpp:505->source/int4_linear_controller.cpp:897]   --->   Operation 218 'partselect' 'low_238' <Predicate = (!icmp_ln457)> <Delay = 0.00>
ST_3 : Operation 219 [1/1] (0.00ns)   --->   "%tmp_232 = partselect i4 @_ssdm_op_PartSelect.i4.i512.i32.i32, i512 %weight_word, i32 396, i32 399" [source/int4_linear_controller.cpp:185->source/int4_linear_controller.cpp:507->source/int4_linear_controller.cpp:897]   --->   Operation 219 'partselect' 'tmp_232' <Predicate = (!icmp_ln457)> <Delay = 0.00>
ST_3 : Operation 220 [1/1] (0.00ns)   --->   "%shl_ln185_172 = bitconcatenate i27 @_ssdm_op_BitConcatenate.i27.i4.i23, i4 %tmp_232, i23 0" [source/int4_linear_controller.cpp:185->source/int4_linear_controller.cpp:507->source/int4_linear_controller.cpp:897]   --->   Operation 220 'bitconcatenate' 'shl_ln185_172' <Predicate = (!icmp_ln457)> <Delay = 0.00>
ST_3 : Operation 221 [1/1] (0.00ns)   --->   "%sext_ln185_175 = sext i4 %low_238" [source/int4_linear_controller.cpp:185->source/int4_linear_controller.cpp:507->source/int4_linear_controller.cpp:897]   --->   Operation 221 'sext' 'sext_ln185_175' <Predicate = (!icmp_ln457)> <Delay = 0.00>
ST_3 : Operation 222 [2/2] (0.76ns)   --->   "%packed_weight_238 = add i27 %shl_ln185_172, i27 %sext_ln185_175" [source/int4_linear_controller.cpp:185->source/int4_linear_controller.cpp:507->source/int4_linear_controller.cpp:897]   --->   Operation 222 'add' 'packed_weight_238' <Predicate = (!icmp_ln457)> <Delay = 0.76> <CoreInst = "Adder">   --->   Core 1 'Adder' <Latency = 1> <II = 1> <Delay = 0.85> <FuncUnit> <Opcode : 'add' 'sub'> <InPorts = 2> <OutPorts = 1>
ST_3 : Operation 223 [1/1] (0.00ns)   --->   "%low_239 = partselect i4 @_ssdm_op_PartSelect.i4.i512.i32.i32, i512 %weight_word, i32 400, i32 403" [source/int4_linear_controller.cpp:505->source/int4_linear_controller.cpp:897]   --->   Operation 223 'partselect' 'low_239' <Predicate = (!icmp_ln457)> <Delay = 0.00>
ST_3 : Operation 224 [1/1] (0.00ns)   --->   "%tmp_233 = partselect i4 @_ssdm_op_PartSelect.i4.i512.i32.i32, i512 %weight_word, i32 404, i32 407" [source/int4_linear_controller.cpp:185->source/int4_linear_controller.cpp:507->source/int4_linear_controller.cpp:897]   --->   Operation 224 'partselect' 'tmp_233' <Predicate = (!icmp_ln457)> <Delay = 0.00>
ST_3 : Operation 225 [1/1] (0.00ns)   --->   "%low_240 = partselect i4 @_ssdm_op_PartSelect.i4.i512.i32.i32, i512 %weight_word, i32 408, i32 411" [source/int4_linear_controller.cpp:505->source/int4_linear_controller.cpp:897]   --->   Operation 225 'partselect' 'low_240' <Predicate = (!icmp_ln457)> <Delay = 0.00>
ST_3 : Operation 226 [1/1] (0.00ns)   --->   "%tmp_234 = partselect i4 @_ssdm_op_PartSelect.i4.i512.i32.i32, i512 %weight_word, i32 412, i32 415" [source/int4_linear_controller.cpp:185->source/int4_linear_controller.cpp:507->source/int4_linear_controller.cpp:897]   --->   Operation 226 'partselect' 'tmp_234' <Predicate = (!icmp_ln457)> <Delay = 0.00>
ST_3 : Operation 227 [1/1] (0.00ns)   --->   "%low_241 = partselect i4 @_ssdm_op_PartSelect.i4.i512.i32.i32, i512 %weight_word, i32 416, i32 419" [source/int4_linear_controller.cpp:505->source/int4_linear_controller.cpp:897]   --->   Operation 227 'partselect' 'low_241' <Predicate = (!icmp_ln457)> <Delay = 0.00>
ST_3 : Operation 228 [1/1] (0.00ns)   --->   "%tmp_235 = partselect i4 @_ssdm_op_PartSelect.i4.i512.i32.i32, i512 %weight_word, i32 420, i32 423" [source/int4_linear_controller.cpp:185->source/int4_linear_controller.cpp:507->source/int4_linear_controller.cpp:897]   --->   Operation 228 'partselect' 'tmp_235' <Predicate = (!icmp_ln457)> <Delay = 0.00>
ST_3 : Operation 229 [1/1] (0.00ns)   --->   "%low_242 = partselect i4 @_ssdm_op_PartSelect.i4.i512.i32.i32, i512 %weight_word, i32 424, i32 427" [source/int4_linear_controller.cpp:505->source/int4_linear_controller.cpp:897]   --->   Operation 229 'partselect' 'low_242' <Predicate = (!icmp_ln457)> <Delay = 0.00>
ST_3 : Operation 230 [1/1] (0.00ns)   --->   "%tmp_236 = partselect i4 @_ssdm_op_PartSelect.i4.i512.i32.i32, i512 %weight_word, i32 428, i32 431" [source/int4_linear_controller.cpp:185->source/int4_linear_controller.cpp:507->source/int4_linear_controller.cpp:897]   --->   Operation 230 'partselect' 'tmp_236' <Predicate = (!icmp_ln457)> <Delay = 0.00>
ST_3 : Operation 231 [1/1] (0.00ns)   --->   "%low_243 = partselect i4 @_ssdm_op_PartSelect.i4.i512.i32.i32, i512 %weight_word, i32 432, i32 435" [source/int4_linear_controller.cpp:505->source/int4_linear_controller.cpp:897]   --->   Operation 231 'partselect' 'low_243' <Predicate = (!icmp_ln457)> <Delay = 0.00>
ST_3 : Operation 232 [1/1] (0.00ns)   --->   "%tmp_237 = partselect i4 @_ssdm_op_PartSelect.i4.i512.i32.i32, i512 %weight_word, i32 436, i32 439" [source/int4_linear_controller.cpp:185->source/int4_linear_controller.cpp:507->source/int4_linear_controller.cpp:897]   --->   Operation 232 'partselect' 'tmp_237' <Predicate = (!icmp_ln457)> <Delay = 0.00>
ST_3 : Operation 233 [1/1] (0.00ns)   --->   "%low_244 = partselect i4 @_ssdm_op_PartSelect.i4.i512.i32.i32, i512 %weight_word, i32 440, i32 443" [source/int4_linear_controller.cpp:505->source/int4_linear_controller.cpp:897]   --->   Operation 233 'partselect' 'low_244' <Predicate = (!icmp_ln457)> <Delay = 0.00>
ST_3 : Operation 234 [1/1] (0.00ns)   --->   "%tmp_238 = partselect i4 @_ssdm_op_PartSelect.i4.i512.i32.i32, i512 %weight_word, i32 444, i32 447" [source/int4_linear_controller.cpp:185->source/int4_linear_controller.cpp:507->source/int4_linear_controller.cpp:897]   --->   Operation 234 'partselect' 'tmp_238' <Predicate = (!icmp_ln457)> <Delay = 0.00>
ST_3 : Operation 235 [1/1] (0.00ns)   --->   "%low_245 = partselect i4 @_ssdm_op_PartSelect.i4.i512.i32.i32, i512 %weight_word, i32 448, i32 451" [source/int4_linear_controller.cpp:505->source/int4_linear_controller.cpp:897]   --->   Operation 235 'partselect' 'low_245' <Predicate = (!icmp_ln457)> <Delay = 0.00>
ST_3 : Operation 236 [1/1] (0.00ns)   --->   "%tmp_239 = partselect i4 @_ssdm_op_PartSelect.i4.i512.i32.i32, i512 %weight_word, i32 452, i32 455" [source/int4_linear_controller.cpp:185->source/int4_linear_controller.cpp:507->source/int4_linear_controller.cpp:897]   --->   Operation 236 'partselect' 'tmp_239' <Predicate = (!icmp_ln457)> <Delay = 0.00>
ST_3 : Operation 237 [1/1] (0.00ns)   --->   "%low_246 = partselect i4 @_ssdm_op_PartSelect.i4.i512.i32.i32, i512 %weight_word, i32 456, i32 459" [source/int4_linear_controller.cpp:505->source/int4_linear_controller.cpp:897]   --->   Operation 237 'partselect' 'low_246' <Predicate = (!icmp_ln457)> <Delay = 0.00>
ST_3 : Operation 238 [1/1] (0.00ns)   --->   "%tmp_240 = partselect i4 @_ssdm_op_PartSelect.i4.i512.i32.i32, i512 %weight_word, i32 460, i32 463" [source/int4_linear_controller.cpp:185->source/int4_linear_controller.cpp:507->source/int4_linear_controller.cpp:897]   --->   Operation 238 'partselect' 'tmp_240' <Predicate = (!icmp_ln457)> <Delay = 0.00>
ST_3 : Operation 239 [1/1] (0.00ns)   --->   "%low_247 = partselect i4 @_ssdm_op_PartSelect.i4.i512.i32.i32, i512 %weight_word, i32 464, i32 467" [source/int4_linear_controller.cpp:505->source/int4_linear_controller.cpp:897]   --->   Operation 239 'partselect' 'low_247' <Predicate = (!icmp_ln457)> <Delay = 0.00>
ST_3 : Operation 240 [1/1] (0.00ns)   --->   "%tmp_241 = partselect i4 @_ssdm_op_PartSelect.i4.i512.i32.i32, i512 %weight_word, i32 468, i32 471" [source/int4_linear_controller.cpp:185->source/int4_linear_controller.cpp:507->source/int4_linear_controller.cpp:897]   --->   Operation 240 'partselect' 'tmp_241' <Predicate = (!icmp_ln457)> <Delay = 0.00>
ST_3 : Operation 241 [1/1] (0.00ns)   --->   "%low_248 = partselect i4 @_ssdm_op_PartSelect.i4.i512.i32.i32, i512 %weight_word, i32 472, i32 475" [source/int4_linear_controller.cpp:505->source/int4_linear_controller.cpp:897]   --->   Operation 241 'partselect' 'low_248' <Predicate = (!icmp_ln457)> <Delay = 0.00>
ST_3 : Operation 242 [1/1] (0.00ns)   --->   "%tmp_242 = partselect i4 @_ssdm_op_PartSelect.i4.i512.i32.i32, i512 %weight_word, i32 476, i32 479" [source/int4_linear_controller.cpp:185->source/int4_linear_controller.cpp:507->source/int4_linear_controller.cpp:897]   --->   Operation 242 'partselect' 'tmp_242' <Predicate = (!icmp_ln457)> <Delay = 0.00>
ST_3 : Operation 243 [1/1] (0.00ns)   --->   "%low_249 = partselect i4 @_ssdm_op_PartSelect.i4.i512.i32.i32, i512 %weight_word, i32 480, i32 483" [source/int4_linear_controller.cpp:505->source/int4_linear_controller.cpp:897]   --->   Operation 243 'partselect' 'low_249' <Predicate = (!icmp_ln457)> <Delay = 0.00>
ST_3 : Operation 244 [1/1] (0.00ns)   --->   "%tmp_243 = partselect i4 @_ssdm_op_PartSelect.i4.i512.i32.i32, i512 %weight_word, i32 484, i32 487" [source/int4_linear_controller.cpp:185->source/int4_linear_controller.cpp:507->source/int4_linear_controller.cpp:897]   --->   Operation 244 'partselect' 'tmp_243' <Predicate = (!icmp_ln457)> <Delay = 0.00>
ST_3 : Operation 245 [1/1] (0.00ns)   --->   "%low_250 = partselect i4 @_ssdm_op_PartSelect.i4.i512.i32.i32, i512 %weight_word, i32 488, i32 491" [source/int4_linear_controller.cpp:505->source/int4_linear_controller.cpp:897]   --->   Operation 245 'partselect' 'low_250' <Predicate = (!icmp_ln457)> <Delay = 0.00>
ST_3 : Operation 246 [1/1] (0.00ns)   --->   "%tmp_244 = partselect i4 @_ssdm_op_PartSelect.i4.i512.i32.i32, i512 %weight_word, i32 492, i32 495" [source/int4_linear_controller.cpp:185->source/int4_linear_controller.cpp:507->source/int4_linear_controller.cpp:897]   --->   Operation 246 'partselect' 'tmp_244' <Predicate = (!icmp_ln457)> <Delay = 0.00>
ST_3 : Operation 247 [1/1] (0.00ns)   --->   "%low_251 = partselect i4 @_ssdm_op_PartSelect.i4.i512.i32.i32, i512 %weight_word, i32 496, i32 499" [source/int4_linear_controller.cpp:505->source/int4_linear_controller.cpp:897]   --->   Operation 247 'partselect' 'low_251' <Predicate = (!icmp_ln457)> <Delay = 0.00>
ST_3 : Operation 248 [1/1] (0.00ns)   --->   "%tmp_245 = partselect i4 @_ssdm_op_PartSelect.i4.i512.i32.i32, i512 %weight_word, i32 500, i32 503" [source/int4_linear_controller.cpp:185->source/int4_linear_controller.cpp:507->source/int4_linear_controller.cpp:897]   --->   Operation 248 'partselect' 'tmp_245' <Predicate = (!icmp_ln457)> <Delay = 0.00>
ST_3 : Operation 249 [1/1] (0.00ns)   --->   "%low_252 = partselect i4 @_ssdm_op_PartSelect.i4.i512.i32.i32, i512 %weight_word, i32 504, i32 507" [source/int4_linear_controller.cpp:505->source/int4_linear_controller.cpp:897]   --->   Operation 249 'partselect' 'low_252' <Predicate = (!icmp_ln457)> <Delay = 0.00>
ST_3 : Operation 250 [1/1] (0.00ns)   --->   "%tmp_246 = partselect i4 @_ssdm_op_PartSelect.i4.i512.i32.i32, i512 %weight_word, i32 508, i32 511" [source/int4_linear_controller.cpp:185->source/int4_linear_controller.cpp:507->source/int4_linear_controller.cpp:897]   --->   Operation 250 'partselect' 'tmp_246' <Predicate = (!icmp_ln457)> <Delay = 0.00>

State 4 <SV = 3> <Delay = 2.16>
ST_4 : Operation 251 [1/1] (0.00ns)   --->   "%act_word1_load = load i480 %act_word1" [source/int4_linear_controller.cpp:491->source/int4_linear_controller.cpp:897]   --->   Operation 251 'load' 'act_word1_load' <Predicate = (!icmp_ln457)> <Delay = 0.00>
ST_4 : Operation 252 [1/1] (0.00ns)   --->   "%activation = trunc i480 %act_word1_load" [source/int4_linear_controller.cpp:491->source/int4_linear_controller.cpp:897]   --->   Operation 252 'trunc' 'activation' <Predicate = (!icmp_ln457)> <Delay = 0.00>
ST_4 : Operation 253 [1/1] (0.00ns)   --->   "%conv3_i12_i_i = sext i15 %activation" [source/int4_linear_controller.cpp:491->source/int4_linear_controller.cpp:897]   --->   Operation 253 'sext' 'conv3_i12_i_i' <Predicate = (!icmp_ln457)> <Delay = 0.00>
ST_4 : Operation 254 [1/1] (0.00ns)   --->   "%activation_94 = partselect i15 @_ssdm_op_PartSelect.i15.i480.i32.i32, i480 %act_word1_load, i32 15, i32 29" [source/int4_linear_controller.cpp:491->source/int4_linear_controller.cpp:897]   --->   Operation 254 'partselect' 'activation_94' <Predicate = (!icmp_ln457)> <Delay = 0.00>
ST_4 : Operation 255 [1/1] (0.00ns)   --->   "%activation_95 = partselect i15 @_ssdm_op_PartSelect.i15.i480.i32.i32, i480 %act_word1_load, i32 30, i32 44" [source/int4_linear_controller.cpp:491->source/int4_linear_controller.cpp:897]   --->   Operation 255 'partselect' 'activation_95' <Predicate = (!icmp_ln457)> <Delay = 0.00>
ST_4 : Operation 256 [1/1] (0.00ns)   --->   "%activation_96 = partselect i15 @_ssdm_op_PartSelect.i15.i480.i32.i32, i480 %act_word1_load, i32 45, i32 59" [source/int4_linear_controller.cpp:491->source/int4_linear_controller.cpp:897]   --->   Operation 256 'partselect' 'activation_96' <Predicate = (!icmp_ln457)> <Delay = 0.00>
ST_4 : Operation 257 [1/1] (0.00ns)   --->   "%activation_97 = partselect i15 @_ssdm_op_PartSelect.i15.i480.i32.i32, i480 %act_word1_load, i32 60, i32 74" [source/int4_linear_controller.cpp:491->source/int4_linear_controller.cpp:897]   --->   Operation 257 'partselect' 'activation_97' <Predicate = (!icmp_ln457)> <Delay = 0.00>
ST_4 : Operation 258 [1/1] (0.00ns)   --->   "%activation_98 = partselect i15 @_ssdm_op_PartSelect.i15.i480.i32.i32, i480 %act_word1_load, i32 75, i32 89" [source/int4_linear_controller.cpp:491->source/int4_linear_controller.cpp:897]   --->   Operation 258 'partselect' 'activation_98' <Predicate = (!icmp_ln457)> <Delay = 0.00>
ST_4 : Operation 259 [1/1] (0.00ns)   --->   "%conv3_i12_i_5_i = sext i15 %activation_98" [source/int4_linear_controller.cpp:491->source/int4_linear_controller.cpp:897]   --->   Operation 259 'sext' 'conv3_i12_i_5_i' <Predicate = (!icmp_ln457)> <Delay = 0.00>
ST_4 : Operation 260 [1/1] (0.00ns)   --->   "%activation_99 = partselect i15 @_ssdm_op_PartSelect.i15.i480.i32.i32, i480 %act_word1_load, i32 90, i32 104" [source/int4_linear_controller.cpp:491->source/int4_linear_controller.cpp:897]   --->   Operation 260 'partselect' 'activation_99' <Predicate = (!icmp_ln457)> <Delay = 0.00>
ST_4 : Operation 261 [1/1] (0.00ns)   --->   "%activation_100 = partselect i15 @_ssdm_op_PartSelect.i15.i480.i32.i32, i480 %act_word1_load, i32 105, i32 119" [source/int4_linear_controller.cpp:491->source/int4_linear_controller.cpp:897]   --->   Operation 261 'partselect' 'activation_100' <Predicate = (!icmp_ln457)> <Delay = 0.00>
ST_4 : Operation 262 [1/1] (0.00ns)   --->   "%activation_101 = partselect i15 @_ssdm_op_PartSelect.i15.i480.i32.i32, i480 %act_word1_load, i32 120, i32 134" [source/int4_linear_controller.cpp:491->source/int4_linear_controller.cpp:897]   --->   Operation 262 'partselect' 'activation_101' <Predicate = (!icmp_ln457)> <Delay = 0.00>
ST_4 : Operation 263 [1/1] (0.00ns)   --->   "%activation_102 = partselect i15 @_ssdm_op_PartSelect.i15.i480.i32.i32, i480 %act_word1_load, i32 135, i32 149" [source/int4_linear_controller.cpp:491->source/int4_linear_controller.cpp:897]   --->   Operation 263 'partselect' 'activation_102' <Predicate = (!icmp_ln457)> <Delay = 0.00>
ST_4 : Operation 264 [1/1] (0.00ns)   --->   "%activation_103 = partselect i15 @_ssdm_op_PartSelect.i15.i480.i32.i32, i480 %act_word1_load, i32 150, i32 164" [source/int4_linear_controller.cpp:491->source/int4_linear_controller.cpp:897]   --->   Operation 264 'partselect' 'activation_103' <Predicate = (!icmp_ln457)> <Delay = 0.00>
ST_4 : Operation 265 [1/1] (0.00ns)   --->   "%activation_104 = partselect i15 @_ssdm_op_PartSelect.i15.i480.i32.i32, i480 %act_word1_load, i32 165, i32 179" [source/int4_linear_controller.cpp:491->source/int4_linear_controller.cpp:897]   --->   Operation 265 'partselect' 'activation_104' <Predicate = (!icmp_ln457)> <Delay = 0.00>
ST_4 : Operation 266 [1/1] (0.00ns)   --->   "%activation_105 = partselect i15 @_ssdm_op_PartSelect.i15.i480.i32.i32, i480 %act_word1_load, i32 180, i32 194" [source/int4_linear_controller.cpp:491->source/int4_linear_controller.cpp:897]   --->   Operation 266 'partselect' 'activation_105' <Predicate = (!icmp_ln457)> <Delay = 0.00>
ST_4 : Operation 267 [1/1] (0.00ns)   --->   "%activation_106 = partselect i15 @_ssdm_op_PartSelect.i15.i480.i32.i32, i480 %act_word1_load, i32 195, i32 209" [source/int4_linear_controller.cpp:491->source/int4_linear_controller.cpp:897]   --->   Operation 267 'partselect' 'activation_106' <Predicate = (!icmp_ln457)> <Delay = 0.00>
ST_4 : Operation 268 [1/1] (0.00ns)   --->   "%conv3_i12_i_13_i = sext i15 %activation_106" [source/int4_linear_controller.cpp:491->source/int4_linear_controller.cpp:897]   --->   Operation 268 'sext' 'conv3_i12_i_13_i' <Predicate = (!icmp_ln457)> <Delay = 0.00>
ST_4 : Operation 269 [1/1] (0.00ns)   --->   "%activation_107 = partselect i15 @_ssdm_op_PartSelect.i15.i480.i32.i32, i480 %act_word1_load, i32 210, i32 224" [source/int4_linear_controller.cpp:491->source/int4_linear_controller.cpp:897]   --->   Operation 269 'partselect' 'activation_107' <Predicate = (!icmp_ln457)> <Delay = 0.00>
ST_4 : Operation 270 [1/1] (0.00ns)   --->   "%activation_108 = partselect i15 @_ssdm_op_PartSelect.i15.i480.i32.i32, i480 %act_word1_load, i32 225, i32 239" [source/int4_linear_controller.cpp:491->source/int4_linear_controller.cpp:897]   --->   Operation 270 'partselect' 'activation_108' <Predicate = (!icmp_ln457)> <Delay = 0.00>
ST_4 : Operation 271 [1/1] (0.00ns)   --->   "%activation_109 = partselect i15 @_ssdm_op_PartSelect.i15.i480.i32.i32, i480 %act_word1_load, i32 240, i32 254" [source/int4_linear_controller.cpp:491->source/int4_linear_controller.cpp:897]   --->   Operation 271 'partselect' 'activation_109' <Predicate = (!icmp_ln457)> <Delay = 0.00>
ST_4 : Operation 272 [1/1] (0.00ns)   --->   "%activation_110 = partselect i15 @_ssdm_op_PartSelect.i15.i480.i32.i32, i480 %act_word1_load, i32 255, i32 269" [source/int4_linear_controller.cpp:491->source/int4_linear_controller.cpp:897]   --->   Operation 272 'partselect' 'activation_110' <Predicate = (!icmp_ln457)> <Delay = 0.00>
ST_4 : Operation 273 [1/1] (0.00ns)   --->   "%conv3_i12_i_17_i = sext i15 %activation_110" [source/int4_linear_controller.cpp:491->source/int4_linear_controller.cpp:897]   --->   Operation 273 'sext' 'conv3_i12_i_17_i' <Predicate = (!icmp_ln457)> <Delay = 0.00>
ST_4 : Operation 274 [1/1] (0.00ns)   --->   "%activation_111 = partselect i15 @_ssdm_op_PartSelect.i15.i480.i32.i32, i480 %act_word1_load, i32 270, i32 284" [source/int4_linear_controller.cpp:491->source/int4_linear_controller.cpp:897]   --->   Operation 274 'partselect' 'activation_111' <Predicate = (!icmp_ln457)> <Delay = 0.00>
ST_4 : Operation 275 [1/1] (0.00ns)   --->   "%activation_112 = partselect i15 @_ssdm_op_PartSelect.i15.i480.i32.i32, i480 %act_word1_load, i32 285, i32 299" [source/int4_linear_controller.cpp:491->source/int4_linear_controller.cpp:897]   --->   Operation 275 'partselect' 'activation_112' <Predicate = (!icmp_ln457)> <Delay = 0.00>
ST_4 : Operation 276 [1/1] (0.00ns)   --->   "%activation_113 = partselect i15 @_ssdm_op_PartSelect.i15.i480.i32.i32, i480 %act_word1_load, i32 300, i32 314" [source/int4_linear_controller.cpp:491->source/int4_linear_controller.cpp:897]   --->   Operation 276 'partselect' 'activation_113' <Predicate = (!icmp_ln457)> <Delay = 0.00>
ST_4 : Operation 277 [1/1] (0.00ns)   --->   "%conv3_i12_i_20_i = sext i15 %activation_113" [source/int4_linear_controller.cpp:491->source/int4_linear_controller.cpp:897]   --->   Operation 277 'sext' 'conv3_i12_i_20_i' <Predicate = (!icmp_ln457)> <Delay = 0.00>
ST_4 : Operation 278 [1/1] (0.00ns)   --->   "%activation_114 = partselect i15 @_ssdm_op_PartSelect.i15.i480.i32.i32, i480 %act_word1_load, i32 315, i32 329" [source/int4_linear_controller.cpp:491->source/int4_linear_controller.cpp:897]   --->   Operation 278 'partselect' 'activation_114' <Predicate = (!icmp_ln457)> <Delay = 0.00>
ST_4 : Operation 279 [1/1] (0.00ns)   --->   "%activation_115 = partselect i15 @_ssdm_op_PartSelect.i15.i480.i32.i32, i480 %act_word1_load, i32 330, i32 344" [source/int4_linear_controller.cpp:491->source/int4_linear_controller.cpp:897]   --->   Operation 279 'partselect' 'activation_115' <Predicate = (!icmp_ln457)> <Delay = 0.00>
ST_4 : Operation 280 [1/1] (0.00ns)   --->   "%conv3_i12_i_22_i = sext i15 %activation_115" [source/int4_linear_controller.cpp:491->source/int4_linear_controller.cpp:897]   --->   Operation 280 'sext' 'conv3_i12_i_22_i' <Predicate = (!icmp_ln457)> <Delay = 0.00>
ST_4 : Operation 281 [1/1] (0.00ns)   --->   "%activation_116 = partselect i15 @_ssdm_op_PartSelect.i15.i480.i32.i32, i480 %act_word1_load, i32 345, i32 359" [source/int4_linear_controller.cpp:491->source/int4_linear_controller.cpp:897]   --->   Operation 281 'partselect' 'activation_116' <Predicate = (!icmp_ln457)> <Delay = 0.00>
ST_4 : Operation 282 [1/1] (0.00ns)   --->   "%activation_117 = partselect i15 @_ssdm_op_PartSelect.i15.i480.i32.i32, i480 %act_word1_load, i32 360, i32 374" [source/int4_linear_controller.cpp:491->source/int4_linear_controller.cpp:897]   --->   Operation 282 'partselect' 'activation_117' <Predicate = (!icmp_ln457)> <Delay = 0.00>
ST_4 : Operation 283 [1/1] (0.00ns)   --->   "%conv3_i12_i_24_i = sext i15 %activation_117" [source/int4_linear_controller.cpp:491->source/int4_linear_controller.cpp:897]   --->   Operation 283 'sext' 'conv3_i12_i_24_i' <Predicate = (!icmp_ln457)> <Delay = 0.00>
ST_4 : Operation 284 [1/1] (0.00ns)   --->   "%activation_118 = partselect i15 @_ssdm_op_PartSelect.i15.i480.i32.i32, i480 %act_word1_load, i32 375, i32 389" [source/int4_linear_controller.cpp:491->source/int4_linear_controller.cpp:897]   --->   Operation 284 'partselect' 'activation_118' <Predicate = (!icmp_ln457)> <Delay = 0.00>
ST_4 : Operation 285 [1/1] (0.00ns)   --->   "%activation_119 = partselect i15 @_ssdm_op_PartSelect.i15.i480.i32.i32, i480 %act_word1_load, i32 390, i32 404" [source/int4_linear_controller.cpp:491->source/int4_linear_controller.cpp:897]   --->   Operation 285 'partselect' 'activation_119' <Predicate = (!icmp_ln457)> <Delay = 0.00>
ST_4 : Operation 286 [1/1] (0.00ns)   --->   "%activation_120 = partselect i15 @_ssdm_op_PartSelect.i15.i480.i32.i32, i480 %act_word1_load, i32 405, i32 419" [source/int4_linear_controller.cpp:491->source/int4_linear_controller.cpp:897]   --->   Operation 286 'partselect' 'activation_120' <Predicate = (!icmp_ln457)> <Delay = 0.00>
ST_4 : Operation 287 [1/1] (0.00ns)   --->   "%activation_121 = partselect i15 @_ssdm_op_PartSelect.i15.i480.i32.i32, i480 %act_word1_load, i32 420, i32 434" [source/int4_linear_controller.cpp:491->source/int4_linear_controller.cpp:897]   --->   Operation 287 'partselect' 'activation_121' <Predicate = (!icmp_ln457)> <Delay = 0.00>
ST_4 : Operation 288 [1/1] (0.00ns)   --->   "%activation_122 = partselect i15 @_ssdm_op_PartSelect.i15.i480.i32.i32, i480 %act_word1_load, i32 435, i32 449" [source/int4_linear_controller.cpp:491->source/int4_linear_controller.cpp:897]   --->   Operation 288 'partselect' 'activation_122' <Predicate = (!icmp_ln457)> <Delay = 0.00>
ST_4 : Operation 289 [1/1] (0.00ns)   --->   "%activation_123 = partselect i15 @_ssdm_op_PartSelect.i15.i480.i32.i32, i480 %act_word1_load, i32 450, i32 464" [source/int4_linear_controller.cpp:491->source/int4_linear_controller.cpp:897]   --->   Operation 289 'partselect' 'activation_123' <Predicate = (!icmp_ln457)> <Delay = 0.00>
ST_4 : Operation 290 [1/1] (0.00ns)   --->   "%activation_124 = partselect i15 @_ssdm_op_PartSelect.i15.i480.i32.i32, i480 %act_word1_load, i32 465, i32 479" [source/int4_linear_controller.cpp:491->source/int4_linear_controller.cpp:897]   --->   Operation 290 'partselect' 'activation_124' <Predicate = (!icmp_ln457)> <Delay = 0.00>
ST_4 : Operation 291 [1/2] (0.76ns)   --->   "%packed_weight = add i27 %shl_ln, i27 %sext_ln185" [source/int4_linear_controller.cpp:185->source/int4_linear_controller.cpp:507->source/int4_linear_controller.cpp:897]   --->   Operation 291 'add' 'packed_weight' <Predicate = (!icmp_ln457)> <Delay = 0.76> <CoreInst = "Adder">   --->   Core 1 'Adder' <Latency = 1> <II = 1> <Delay = 0.85> <FuncUnit> <Opcode : 'add' 'sub'> <InPorts = 2> <OutPorts = 1>
ST_4 : Operation 292 [1/1] (0.00ns)   --->   "%specfucore_ln191 = specfucore void @_ssdm_op_SpecFUCore, i27 %packed_weight, i64 8, i64 4, i64 1" [source/int4_linear_controller.cpp:191->source/int4_linear_controller.cpp:507->source/int4_linear_controller.cpp:897]   --->   Operation 292 'specfucore' 'specfucore_ln191' <Predicate = (!icmp_ln457)> <Delay = 0.00>
ST_4 : Operation 293 [1/1] (0.00ns)   --->   "%sext_ln507 = sext i27 %packed_weight" [source/int4_linear_controller.cpp:507->source/int4_linear_controller.cpp:897]   --->   Operation 293 'sext' 'sext_ln507' <Predicate = (!icmp_ln457)> <Delay = 0.00>
ST_4 : Operation 294 [5/5] (1.39ns)   --->   "%packed_product = mul i42 %sext_ln507, i42 %conv3_i12_i_i" [source/int4_linear_controller.cpp:507->source/int4_linear_controller.cpp:897]   --->   Operation 294 'mul' 'packed_product' <Predicate = (!icmp_ln457)> <Delay = 1.39> <CoreInst = "Mul_DSP">   --->   Core 5 'Mul_DSP' <Latency = 4> <II = 1> <Delay = 2.17> <FuncUnit> <Opcode : 'mul'> <InPorts = 2> <OutPorts = 1>
ST_4 : Operation 295 [1/2] (0.76ns)   --->   "%packed_weight_190 = add i27 %shl_ln185_s, i27 %sext_ln185_127" [source/int4_linear_controller.cpp:185->source/int4_linear_controller.cpp:507->source/int4_linear_controller.cpp:897]   --->   Operation 295 'add' 'packed_weight_190' <Predicate = (!icmp_ln457)> <Delay = 0.76> <CoreInst = "Adder">   --->   Core 1 'Adder' <Latency = 1> <II = 1> <Delay = 0.85> <FuncUnit> <Opcode : 'add' 'sub'> <InPorts = 2> <OutPorts = 1>
ST_4 : Operation 296 [1/1] (0.00ns)   --->   "%specfucore_ln191 = specfucore void @_ssdm_op_SpecFUCore, i27 %packed_weight_190, i64 8, i64 4, i64 1" [source/int4_linear_controller.cpp:191->source/int4_linear_controller.cpp:507->source/int4_linear_controller.cpp:897]   --->   Operation 296 'specfucore' 'specfucore_ln191' <Predicate = (!icmp_ln457)> <Delay = 0.00>
ST_4 : Operation 297 [1/1] (0.00ns)   --->   "%sext_ln507_127 = sext i27 %packed_weight_190" [source/int4_linear_controller.cpp:507->source/int4_linear_controller.cpp:897]   --->   Operation 297 'sext' 'sext_ln507_127' <Predicate = (!icmp_ln457)> <Delay = 0.00>
ST_4 : Operation 298 [5/5] (1.39ns)   --->   "%packed_product_190 = mul i42 %sext_ln507_127, i42 %conv3_i12_i_i" [source/int4_linear_controller.cpp:507->source/int4_linear_controller.cpp:897]   --->   Operation 298 'mul' 'packed_product_190' <Predicate = (!icmp_ln457)> <Delay = 1.39> <CoreInst = "Mul_DSP">   --->   Core 5 'Mul_DSP' <Latency = 4> <II = 1> <Delay = 2.17> <FuncUnit> <Opcode : 'mul'> <InPorts = 2> <OutPorts = 1>
ST_4 : Operation 299 [1/2] (0.76ns)   --->   "%packed_weight_199 = add i27 %shl_ln185_133, i27 %sext_ln185_136" [source/int4_linear_controller.cpp:185->source/int4_linear_controller.cpp:507->source/int4_linear_controller.cpp:897]   --->   Operation 299 'add' 'packed_weight_199' <Predicate = (!icmp_ln457)> <Delay = 0.76> <CoreInst = "Adder">   --->   Core 1 'Adder' <Latency = 1> <II = 1> <Delay = 0.85> <FuncUnit> <Opcode : 'add' 'sub'> <InPorts = 2> <OutPorts = 1>
ST_4 : Operation 300 [1/1] (0.00ns)   --->   "%specfucore_ln191 = specfucore void @_ssdm_op_SpecFUCore, i27 %packed_weight_199, i64 8, i64 4, i64 1" [source/int4_linear_controller.cpp:191->source/int4_linear_controller.cpp:507->source/int4_linear_controller.cpp:897]   --->   Operation 300 'specfucore' 'specfucore_ln191' <Predicate = (!icmp_ln457)> <Delay = 0.00>
ST_4 : Operation 301 [1/1] (0.00ns)   --->   "%sext_ln507_136 = sext i27 %packed_weight_199" [source/int4_linear_controller.cpp:507->source/int4_linear_controller.cpp:897]   --->   Operation 301 'sext' 'sext_ln507_136' <Predicate = (!icmp_ln457)> <Delay = 0.00>
ST_4 : Operation 302 [5/5] (1.39ns)   --->   "%packed_product_199 = mul i42 %sext_ln507_136, i42 %conv3_i12_i_5_i" [source/int4_linear_controller.cpp:507->source/int4_linear_controller.cpp:897]   --->   Operation 302 'mul' 'packed_product_199' <Predicate = (!icmp_ln457)> <Delay = 1.39> <CoreInst = "Mul_DSP">   --->   Core 5 'Mul_DSP' <Latency = 4> <II = 1> <Delay = 2.17> <FuncUnit> <Opcode : 'mul'> <InPorts = 2> <OutPorts = 1>
ST_4 : Operation 303 [1/2] (0.76ns)   --->   "%packed_weight_200 = add i27 %shl_ln185_134, i27 %sext_ln185_137" [source/int4_linear_controller.cpp:185->source/int4_linear_controller.cpp:507->source/int4_linear_controller.cpp:897]   --->   Operation 303 'add' 'packed_weight_200' <Predicate = (!icmp_ln457)> <Delay = 0.76> <CoreInst = "Adder">   --->   Core 1 'Adder' <Latency = 1> <II = 1> <Delay = 0.85> <FuncUnit> <Opcode : 'add' 'sub'> <InPorts = 2> <OutPorts = 1>
ST_4 : Operation 304 [1/1] (0.00ns)   --->   "%specfucore_ln191 = specfucore void @_ssdm_op_SpecFUCore, i27 %packed_weight_200, i64 8, i64 4, i64 1" [source/int4_linear_controller.cpp:191->source/int4_linear_controller.cpp:507->source/int4_linear_controller.cpp:897]   --->   Operation 304 'specfucore' 'specfucore_ln191' <Predicate = (!icmp_ln457)> <Delay = 0.00>
ST_4 : Operation 305 [1/1] (0.00ns)   --->   "%sext_ln507_137 = sext i27 %packed_weight_200" [source/int4_linear_controller.cpp:507->source/int4_linear_controller.cpp:897]   --->   Operation 305 'sext' 'sext_ln507_137' <Predicate = (!icmp_ln457)> <Delay = 0.00>
ST_4 : Operation 306 [5/5] (1.39ns)   --->   "%packed_product_200 = mul i42 %sext_ln507_137, i42 %conv3_i12_i_5_i" [source/int4_linear_controller.cpp:507->source/int4_linear_controller.cpp:897]   --->   Operation 306 'mul' 'packed_product_200' <Predicate = (!icmp_ln457)> <Delay = 1.39> <CoreInst = "Mul_DSP">   --->   Core 5 'Mul_DSP' <Latency = 4> <II = 1> <Delay = 2.17> <FuncUnit> <Opcode : 'mul'> <InPorts = 2> <OutPorts = 1>
ST_4 : Operation 307 [1/2] (0.76ns)   --->   "%packed_weight_215 = add i27 %shl_ln185_149, i27 %sext_ln185_152" [source/int4_linear_controller.cpp:185->source/int4_linear_controller.cpp:507->source/int4_linear_controller.cpp:897]   --->   Operation 307 'add' 'packed_weight_215' <Predicate = (!icmp_ln457)> <Delay = 0.76> <CoreInst = "Adder">   --->   Core 1 'Adder' <Latency = 1> <II = 1> <Delay = 0.85> <FuncUnit> <Opcode : 'add' 'sub'> <InPorts = 2> <OutPorts = 1>
ST_4 : Operation 308 [1/1] (0.00ns)   --->   "%specfucore_ln191 = specfucore void @_ssdm_op_SpecFUCore, i27 %packed_weight_215, i64 8, i64 4, i64 1" [source/int4_linear_controller.cpp:191->source/int4_linear_controller.cpp:507->source/int4_linear_controller.cpp:897]   --->   Operation 308 'specfucore' 'specfucore_ln191' <Predicate = (!icmp_ln457)> <Delay = 0.00>
ST_4 : Operation 309 [1/1] (0.00ns)   --->   "%sext_ln507_152 = sext i27 %packed_weight_215" [source/int4_linear_controller.cpp:507->source/int4_linear_controller.cpp:897]   --->   Operation 309 'sext' 'sext_ln507_152' <Predicate = (!icmp_ln457)> <Delay = 0.00>
ST_4 : Operation 310 [5/5] (1.39ns)   --->   "%packed_product_215 = mul i42 %sext_ln507_152, i42 %conv3_i12_i_13_i" [source/int4_linear_controller.cpp:507->source/int4_linear_controller.cpp:897]   --->   Operation 310 'mul' 'packed_product_215' <Predicate = (!icmp_ln457)> <Delay = 1.39> <CoreInst = "Mul_DSP">   --->   Core 5 'Mul_DSP' <Latency = 4> <II = 1> <Delay = 2.17> <FuncUnit> <Opcode : 'mul'> <InPorts = 2> <OutPorts = 1>
ST_4 : Operation 311 [1/2] (0.76ns)   --->   "%packed_weight_216 = add i27 %shl_ln185_150, i27 %sext_ln185_153" [source/int4_linear_controller.cpp:185->source/int4_linear_controller.cpp:507->source/int4_linear_controller.cpp:897]   --->   Operation 311 'add' 'packed_weight_216' <Predicate = (!icmp_ln457)> <Delay = 0.76> <CoreInst = "Adder">   --->   Core 1 'Adder' <Latency = 1> <II = 1> <Delay = 0.85> <FuncUnit> <Opcode : 'add' 'sub'> <InPorts = 2> <OutPorts = 1>
ST_4 : Operation 312 [1/1] (0.00ns)   --->   "%specfucore_ln191 = specfucore void @_ssdm_op_SpecFUCore, i27 %packed_weight_216, i64 8, i64 4, i64 1" [source/int4_linear_controller.cpp:191->source/int4_linear_controller.cpp:507->source/int4_linear_controller.cpp:897]   --->   Operation 312 'specfucore' 'specfucore_ln191' <Predicate = (!icmp_ln457)> <Delay = 0.00>
ST_4 : Operation 313 [1/1] (0.00ns)   --->   "%sext_ln507_153 = sext i27 %packed_weight_216" [source/int4_linear_controller.cpp:507->source/int4_linear_controller.cpp:897]   --->   Operation 313 'sext' 'sext_ln507_153' <Predicate = (!icmp_ln457)> <Delay = 0.00>
ST_4 : Operation 314 [5/5] (1.39ns)   --->   "%packed_product_216 = mul i42 %sext_ln507_153, i42 %conv3_i12_i_13_i" [source/int4_linear_controller.cpp:507->source/int4_linear_controller.cpp:897]   --->   Operation 314 'mul' 'packed_product_216' <Predicate = (!icmp_ln457)> <Delay = 1.39> <CoreInst = "Mul_DSP">   --->   Core 5 'Mul_DSP' <Latency = 4> <II = 1> <Delay = 2.17> <FuncUnit> <Opcode : 'mul'> <InPorts = 2> <OutPorts = 1>
ST_4 : Operation 315 [1/2] (0.76ns)   --->   "%packed_weight_223 = add i27 %shl_ln185_157, i27 %sext_ln185_160" [source/int4_linear_controller.cpp:185->source/int4_linear_controller.cpp:507->source/int4_linear_controller.cpp:897]   --->   Operation 315 'add' 'packed_weight_223' <Predicate = (!icmp_ln457)> <Delay = 0.76> <CoreInst = "Adder">   --->   Core 1 'Adder' <Latency = 1> <II = 1> <Delay = 0.85> <FuncUnit> <Opcode : 'add' 'sub'> <InPorts = 2> <OutPorts = 1>
ST_4 : Operation 316 [1/1] (0.00ns)   --->   "%specfucore_ln191 = specfucore void @_ssdm_op_SpecFUCore, i27 %packed_weight_223, i64 8, i64 4, i64 1" [source/int4_linear_controller.cpp:191->source/int4_linear_controller.cpp:507->source/int4_linear_controller.cpp:897]   --->   Operation 316 'specfucore' 'specfucore_ln191' <Predicate = (!icmp_ln457)> <Delay = 0.00>
ST_4 : Operation 317 [1/1] (0.00ns)   --->   "%sext_ln507_160 = sext i27 %packed_weight_223" [source/int4_linear_controller.cpp:507->source/int4_linear_controller.cpp:897]   --->   Operation 317 'sext' 'sext_ln507_160' <Predicate = (!icmp_ln457)> <Delay = 0.00>
ST_4 : Operation 318 [5/5] (1.39ns)   --->   "%packed_product_223 = mul i42 %sext_ln507_160, i42 %conv3_i12_i_17_i" [source/int4_linear_controller.cpp:507->source/int4_linear_controller.cpp:897]   --->   Operation 318 'mul' 'packed_product_223' <Predicate = (!icmp_ln457)> <Delay = 1.39> <CoreInst = "Mul_DSP">   --->   Core 5 'Mul_DSP' <Latency = 4> <II = 1> <Delay = 2.17> <FuncUnit> <Opcode : 'mul'> <InPorts = 2> <OutPorts = 1>
ST_4 : Operation 319 [1/2] (0.76ns)   --->   "%packed_weight_224 = add i27 %shl_ln185_158, i27 %sext_ln185_161" [source/int4_linear_controller.cpp:185->source/int4_linear_controller.cpp:507->source/int4_linear_controller.cpp:897]   --->   Operation 319 'add' 'packed_weight_224' <Predicate = (!icmp_ln457)> <Delay = 0.76> <CoreInst = "Adder">   --->   Core 1 'Adder' <Latency = 1> <II = 1> <Delay = 0.85> <FuncUnit> <Opcode : 'add' 'sub'> <InPorts = 2> <OutPorts = 1>
ST_4 : Operation 320 [1/1] (0.00ns)   --->   "%specfucore_ln191 = specfucore void @_ssdm_op_SpecFUCore, i27 %packed_weight_224, i64 8, i64 4, i64 1" [source/int4_linear_controller.cpp:191->source/int4_linear_controller.cpp:507->source/int4_linear_controller.cpp:897]   --->   Operation 320 'specfucore' 'specfucore_ln191' <Predicate = (!icmp_ln457)> <Delay = 0.00>
ST_4 : Operation 321 [1/1] (0.00ns)   --->   "%sext_ln507_161 = sext i27 %packed_weight_224" [source/int4_linear_controller.cpp:507->source/int4_linear_controller.cpp:897]   --->   Operation 321 'sext' 'sext_ln507_161' <Predicate = (!icmp_ln457)> <Delay = 0.00>
ST_4 : Operation 322 [5/5] (1.39ns)   --->   "%packed_product_224 = mul i42 %sext_ln507_161, i42 %conv3_i12_i_17_i" [source/int4_linear_controller.cpp:507->source/int4_linear_controller.cpp:897]   --->   Operation 322 'mul' 'packed_product_224' <Predicate = (!icmp_ln457)> <Delay = 1.39> <CoreInst = "Mul_DSP">   --->   Core 5 'Mul_DSP' <Latency = 4> <II = 1> <Delay = 2.17> <FuncUnit> <Opcode : 'mul'> <InPorts = 2> <OutPorts = 1>
ST_4 : Operation 323 [1/2] (0.76ns)   --->   "%packed_weight_229 = add i27 %shl_ln185_163, i27 %sext_ln185_166" [source/int4_linear_controller.cpp:185->source/int4_linear_controller.cpp:507->source/int4_linear_controller.cpp:897]   --->   Operation 323 'add' 'packed_weight_229' <Predicate = (!icmp_ln457)> <Delay = 0.76> <CoreInst = "Adder">   --->   Core 1 'Adder' <Latency = 1> <II = 1> <Delay = 0.85> <FuncUnit> <Opcode : 'add' 'sub'> <InPorts = 2> <OutPorts = 1>
ST_4 : Operation 324 [1/1] (0.00ns)   --->   "%specfucore_ln191 = specfucore void @_ssdm_op_SpecFUCore, i27 %packed_weight_229, i64 8, i64 4, i64 1" [source/int4_linear_controller.cpp:191->source/int4_linear_controller.cpp:507->source/int4_linear_controller.cpp:897]   --->   Operation 324 'specfucore' 'specfucore_ln191' <Predicate = (!icmp_ln457)> <Delay = 0.00>
ST_4 : Operation 325 [1/1] (0.00ns)   --->   "%sext_ln507_166 = sext i27 %packed_weight_229" [source/int4_linear_controller.cpp:507->source/int4_linear_controller.cpp:897]   --->   Operation 325 'sext' 'sext_ln507_166' <Predicate = (!icmp_ln457)> <Delay = 0.00>
ST_4 : Operation 326 [5/5] (1.39ns)   --->   "%packed_product_229 = mul i42 %sext_ln507_166, i42 %conv3_i12_i_20_i" [source/int4_linear_controller.cpp:507->source/int4_linear_controller.cpp:897]   --->   Operation 326 'mul' 'packed_product_229' <Predicate = (!icmp_ln457)> <Delay = 1.39> <CoreInst = "Mul_DSP">   --->   Core 5 'Mul_DSP' <Latency = 4> <II = 1> <Delay = 2.17> <FuncUnit> <Opcode : 'mul'> <InPorts = 2> <OutPorts = 1>
ST_4 : Operation 327 [1/2] (0.76ns)   --->   "%packed_weight_230 = add i27 %shl_ln185_164, i27 %sext_ln185_167" [source/int4_linear_controller.cpp:185->source/int4_linear_controller.cpp:507->source/int4_linear_controller.cpp:897]   --->   Operation 327 'add' 'packed_weight_230' <Predicate = (!icmp_ln457)> <Delay = 0.76> <CoreInst = "Adder">   --->   Core 1 'Adder' <Latency = 1> <II = 1> <Delay = 0.85> <FuncUnit> <Opcode : 'add' 'sub'> <InPorts = 2> <OutPorts = 1>
ST_4 : Operation 328 [1/1] (0.00ns)   --->   "%specfucore_ln191 = specfucore void @_ssdm_op_SpecFUCore, i27 %packed_weight_230, i64 8, i64 4, i64 1" [source/int4_linear_controller.cpp:191->source/int4_linear_controller.cpp:507->source/int4_linear_controller.cpp:897]   --->   Operation 328 'specfucore' 'specfucore_ln191' <Predicate = (!icmp_ln457)> <Delay = 0.00>
ST_4 : Operation 329 [1/1] (0.00ns)   --->   "%sext_ln507_167 = sext i27 %packed_weight_230" [source/int4_linear_controller.cpp:507->source/int4_linear_controller.cpp:897]   --->   Operation 329 'sext' 'sext_ln507_167' <Predicate = (!icmp_ln457)> <Delay = 0.00>
ST_4 : Operation 330 [5/5] (1.39ns)   --->   "%packed_product_230 = mul i42 %sext_ln507_167, i42 %conv3_i12_i_20_i" [source/int4_linear_controller.cpp:507->source/int4_linear_controller.cpp:897]   --->   Operation 330 'mul' 'packed_product_230' <Predicate = (!icmp_ln457)> <Delay = 1.39> <CoreInst = "Mul_DSP">   --->   Core 5 'Mul_DSP' <Latency = 4> <II = 1> <Delay = 2.17> <FuncUnit> <Opcode : 'mul'> <InPorts = 2> <OutPorts = 1>
ST_4 : Operation 331 [1/2] (0.76ns)   --->   "%packed_weight_233 = add i27 %shl_ln185_167, i27 %sext_ln185_170" [source/int4_linear_controller.cpp:185->source/int4_linear_controller.cpp:507->source/int4_linear_controller.cpp:897]   --->   Operation 331 'add' 'packed_weight_233' <Predicate = (!icmp_ln457)> <Delay = 0.76> <CoreInst = "Adder">   --->   Core 1 'Adder' <Latency = 1> <II = 1> <Delay = 0.85> <FuncUnit> <Opcode : 'add' 'sub'> <InPorts = 2> <OutPorts = 1>
ST_4 : Operation 332 [1/1] (0.00ns)   --->   "%specfucore_ln191 = specfucore void @_ssdm_op_SpecFUCore, i27 %packed_weight_233, i64 8, i64 4, i64 1" [source/int4_linear_controller.cpp:191->source/int4_linear_controller.cpp:507->source/int4_linear_controller.cpp:897]   --->   Operation 332 'specfucore' 'specfucore_ln191' <Predicate = (!icmp_ln457)> <Delay = 0.00>
ST_4 : Operation 333 [1/1] (0.00ns)   --->   "%sext_ln507_170 = sext i27 %packed_weight_233" [source/int4_linear_controller.cpp:507->source/int4_linear_controller.cpp:897]   --->   Operation 333 'sext' 'sext_ln507_170' <Predicate = (!icmp_ln457)> <Delay = 0.00>
ST_4 : Operation 334 [5/5] (1.39ns)   --->   "%packed_product_233 = mul i42 %sext_ln507_170, i42 %conv3_i12_i_22_i" [source/int4_linear_controller.cpp:507->source/int4_linear_controller.cpp:897]   --->   Operation 334 'mul' 'packed_product_233' <Predicate = (!icmp_ln457)> <Delay = 1.39> <CoreInst = "Mul_DSP">   --->   Core 5 'Mul_DSP' <Latency = 4> <II = 1> <Delay = 2.17> <FuncUnit> <Opcode : 'mul'> <InPorts = 2> <OutPorts = 1>
ST_4 : Operation 335 [1/2] (0.76ns)   --->   "%packed_weight_234 = add i27 %shl_ln185_168, i27 %sext_ln185_171" [source/int4_linear_controller.cpp:185->source/int4_linear_controller.cpp:507->source/int4_linear_controller.cpp:897]   --->   Operation 335 'add' 'packed_weight_234' <Predicate = (!icmp_ln457)> <Delay = 0.76> <CoreInst = "Adder">   --->   Core 1 'Adder' <Latency = 1> <II = 1> <Delay = 0.85> <FuncUnit> <Opcode : 'add' 'sub'> <InPorts = 2> <OutPorts = 1>
ST_4 : Operation 336 [1/1] (0.00ns)   --->   "%specfucore_ln191 = specfucore void @_ssdm_op_SpecFUCore, i27 %packed_weight_234, i64 8, i64 4, i64 1" [source/int4_linear_controller.cpp:191->source/int4_linear_controller.cpp:507->source/int4_linear_controller.cpp:897]   --->   Operation 336 'specfucore' 'specfucore_ln191' <Predicate = (!icmp_ln457)> <Delay = 0.00>
ST_4 : Operation 337 [1/1] (0.00ns)   --->   "%sext_ln507_171 = sext i27 %packed_weight_234" [source/int4_linear_controller.cpp:507->source/int4_linear_controller.cpp:897]   --->   Operation 337 'sext' 'sext_ln507_171' <Predicate = (!icmp_ln457)> <Delay = 0.00>
ST_4 : Operation 338 [5/5] (1.39ns)   --->   "%packed_product_234 = mul i42 %sext_ln507_171, i42 %conv3_i12_i_22_i" [source/int4_linear_controller.cpp:507->source/int4_linear_controller.cpp:897]   --->   Operation 338 'mul' 'packed_product_234' <Predicate = (!icmp_ln457)> <Delay = 1.39> <CoreInst = "Mul_DSP">   --->   Core 5 'Mul_DSP' <Latency = 4> <II = 1> <Delay = 2.17> <FuncUnit> <Opcode : 'mul'> <InPorts = 2> <OutPorts = 1>
ST_4 : Operation 339 [1/2] (0.76ns)   --->   "%packed_weight_237 = add i27 %shl_ln185_171, i27 %sext_ln185_174" [source/int4_linear_controller.cpp:185->source/int4_linear_controller.cpp:507->source/int4_linear_controller.cpp:897]   --->   Operation 339 'add' 'packed_weight_237' <Predicate = (!icmp_ln457)> <Delay = 0.76> <CoreInst = "Adder">   --->   Core 1 'Adder' <Latency = 1> <II = 1> <Delay = 0.85> <FuncUnit> <Opcode : 'add' 'sub'> <InPorts = 2> <OutPorts = 1>
ST_4 : Operation 340 [1/1] (0.00ns)   --->   "%specfucore_ln191 = specfucore void @_ssdm_op_SpecFUCore, i27 %packed_weight_237, i64 8, i64 4, i64 1" [source/int4_linear_controller.cpp:191->source/int4_linear_controller.cpp:507->source/int4_linear_controller.cpp:897]   --->   Operation 340 'specfucore' 'specfucore_ln191' <Predicate = (!icmp_ln457)> <Delay = 0.00>
ST_4 : Operation 341 [1/1] (0.00ns)   --->   "%sext_ln507_174 = sext i27 %packed_weight_237" [source/int4_linear_controller.cpp:507->source/int4_linear_controller.cpp:897]   --->   Operation 341 'sext' 'sext_ln507_174' <Predicate = (!icmp_ln457)> <Delay = 0.00>
ST_4 : Operation 342 [5/5] (1.39ns)   --->   "%packed_product_237 = mul i42 %sext_ln507_174, i42 %conv3_i12_i_24_i" [source/int4_linear_controller.cpp:507->source/int4_linear_controller.cpp:897]   --->   Operation 342 'mul' 'packed_product_237' <Predicate = (!icmp_ln457)> <Delay = 1.39> <CoreInst = "Mul_DSP">   --->   Core 5 'Mul_DSP' <Latency = 4> <II = 1> <Delay = 2.17> <FuncUnit> <Opcode : 'mul'> <InPorts = 2> <OutPorts = 1>
ST_4 : Operation 343 [1/2] (0.76ns)   --->   "%packed_weight_238 = add i27 %shl_ln185_172, i27 %sext_ln185_175" [source/int4_linear_controller.cpp:185->source/int4_linear_controller.cpp:507->source/int4_linear_controller.cpp:897]   --->   Operation 343 'add' 'packed_weight_238' <Predicate = (!icmp_ln457)> <Delay = 0.76> <CoreInst = "Adder">   --->   Core 1 'Adder' <Latency = 1> <II = 1> <Delay = 0.85> <FuncUnit> <Opcode : 'add' 'sub'> <InPorts = 2> <OutPorts = 1>
ST_4 : Operation 344 [1/1] (0.00ns)   --->   "%specfucore_ln191 = specfucore void @_ssdm_op_SpecFUCore, i27 %packed_weight_238, i64 8, i64 4, i64 1" [source/int4_linear_controller.cpp:191->source/int4_linear_controller.cpp:507->source/int4_linear_controller.cpp:897]   --->   Operation 344 'specfucore' 'specfucore_ln191' <Predicate = (!icmp_ln457)> <Delay = 0.00>
ST_4 : Operation 345 [1/1] (0.00ns)   --->   "%sext_ln507_175 = sext i27 %packed_weight_238" [source/int4_linear_controller.cpp:507->source/int4_linear_controller.cpp:897]   --->   Operation 345 'sext' 'sext_ln507_175' <Predicate = (!icmp_ln457)> <Delay = 0.00>
ST_4 : Operation 346 [5/5] (1.39ns)   --->   "%packed_product_238 = mul i42 %sext_ln507_175, i42 %conv3_i12_i_24_i" [source/int4_linear_controller.cpp:507->source/int4_linear_controller.cpp:897]   --->   Operation 346 'mul' 'packed_product_238' <Predicate = (!icmp_ln457)> <Delay = 1.39> <CoreInst = "Mul_DSP">   --->   Core 5 'Mul_DSP' <Latency = 4> <II = 1> <Delay = 2.17> <FuncUnit> <Opcode : 'mul'> <InPorts = 2> <OutPorts = 1>

State 5 <SV = 4> <Delay = 1.39>
ST_5 : Operation 347 [4/5] (1.39ns)   --->   "%packed_product = mul i42 %sext_ln507, i42 %conv3_i12_i_i" [source/int4_linear_controller.cpp:507->source/int4_linear_controller.cpp:897]   --->   Operation 347 'mul' 'packed_product' <Predicate = (!icmp_ln457)> <Delay = 1.39> <CoreInst = "Mul_DSP">   --->   Core 5 'Mul_DSP' <Latency = 4> <II = 1> <Delay = 2.17> <FuncUnit> <Opcode : 'mul'> <InPorts = 2> <OutPorts = 1>
ST_5 : Operation 348 [4/5] (1.39ns)   --->   "%packed_product_190 = mul i42 %sext_ln507_127, i42 %conv3_i12_i_i" [source/int4_linear_controller.cpp:507->source/int4_linear_controller.cpp:897]   --->   Operation 348 'mul' 'packed_product_190' <Predicate = (!icmp_ln457)> <Delay = 1.39> <CoreInst = "Mul_DSP">   --->   Core 5 'Mul_DSP' <Latency = 4> <II = 1> <Delay = 2.17> <FuncUnit> <Opcode : 'mul'> <InPorts = 2> <OutPorts = 1>
ST_5 : Operation 349 [1/1] (0.00ns)   --->   "%shl_ln185_127 = bitconcatenate i27 @_ssdm_op_BitConcatenate.i27.i4.i23, i4 %tmp_187, i23 0" [source/int4_linear_controller.cpp:185->source/int4_linear_controller.cpp:507->source/int4_linear_controller.cpp:897]   --->   Operation 349 'bitconcatenate' 'shl_ln185_127' <Predicate = (!icmp_ln457)> <Delay = 0.00>
ST_5 : Operation 350 [1/1] (0.00ns)   --->   "%sext_ln185_130 = sext i4 %low_193" [source/int4_linear_controller.cpp:185->source/int4_linear_controller.cpp:507->source/int4_linear_controller.cpp:897]   --->   Operation 350 'sext' 'sext_ln185_130' <Predicate = (!icmp_ln457)> <Delay = 0.00>
ST_5 : Operation 351 [2/2] (0.76ns)   --->   "%packed_weight_193 = add i27 %shl_ln185_127, i27 %sext_ln185_130" [source/int4_linear_controller.cpp:185->source/int4_linear_controller.cpp:507->source/int4_linear_controller.cpp:897]   --->   Operation 351 'add' 'packed_weight_193' <Predicate = (!icmp_ln457)> <Delay = 0.76> <CoreInst = "Adder">   --->   Core 1 'Adder' <Latency = 1> <II = 1> <Delay = 0.85> <FuncUnit> <Opcode : 'add' 'sub'> <InPorts = 2> <OutPorts = 1>
ST_5 : Operation 352 [1/1] (0.00ns)   --->   "%shl_ln185_128 = bitconcatenate i27 @_ssdm_op_BitConcatenate.i27.i4.i23, i4 %tmp_188, i23 0" [source/int4_linear_controller.cpp:185->source/int4_linear_controller.cpp:507->source/int4_linear_controller.cpp:897]   --->   Operation 352 'bitconcatenate' 'shl_ln185_128' <Predicate = (!icmp_ln457)> <Delay = 0.00>
ST_5 : Operation 353 [1/1] (0.00ns)   --->   "%sext_ln185_131 = sext i4 %low_194" [source/int4_linear_controller.cpp:185->source/int4_linear_controller.cpp:507->source/int4_linear_controller.cpp:897]   --->   Operation 353 'sext' 'sext_ln185_131' <Predicate = (!icmp_ln457)> <Delay = 0.00>
ST_5 : Operation 354 [2/2] (0.76ns)   --->   "%packed_weight_194 = add i27 %shl_ln185_128, i27 %sext_ln185_131" [source/int4_linear_controller.cpp:185->source/int4_linear_controller.cpp:507->source/int4_linear_controller.cpp:897]   --->   Operation 354 'add' 'packed_weight_194' <Predicate = (!icmp_ln457)> <Delay = 0.76> <CoreInst = "Adder">   --->   Core 1 'Adder' <Latency = 1> <II = 1> <Delay = 0.85> <FuncUnit> <Opcode : 'add' 'sub'> <InPorts = 2> <OutPorts = 1>
ST_5 : Operation 355 [4/5] (1.39ns)   --->   "%packed_product_199 = mul i42 %sext_ln507_136, i42 %conv3_i12_i_5_i" [source/int4_linear_controller.cpp:507->source/int4_linear_controller.cpp:897]   --->   Operation 355 'mul' 'packed_product_199' <Predicate = (!icmp_ln457)> <Delay = 1.39> <CoreInst = "Mul_DSP">   --->   Core 5 'Mul_DSP' <Latency = 4> <II = 1> <Delay = 2.17> <FuncUnit> <Opcode : 'mul'> <InPorts = 2> <OutPorts = 1>
ST_5 : Operation 356 [4/5] (1.39ns)   --->   "%packed_product_200 = mul i42 %sext_ln507_137, i42 %conv3_i12_i_5_i" [source/int4_linear_controller.cpp:507->source/int4_linear_controller.cpp:897]   --->   Operation 356 'mul' 'packed_product_200' <Predicate = (!icmp_ln457)> <Delay = 1.39> <CoreInst = "Mul_DSP">   --->   Core 5 'Mul_DSP' <Latency = 4> <II = 1> <Delay = 2.17> <FuncUnit> <Opcode : 'mul'> <InPorts = 2> <OutPorts = 1>
ST_5 : Operation 357 [1/1] (0.00ns)   --->   "%shl_ln185_135 = bitconcatenate i27 @_ssdm_op_BitConcatenate.i27.i4.i23, i4 %tmp_195, i23 0" [source/int4_linear_controller.cpp:185->source/int4_linear_controller.cpp:507->source/int4_linear_controller.cpp:897]   --->   Operation 357 'bitconcatenate' 'shl_ln185_135' <Predicate = (!icmp_ln457)> <Delay = 0.00>
ST_5 : Operation 358 [1/1] (0.00ns)   --->   "%sext_ln185_138 = sext i4 %low_201" [source/int4_linear_controller.cpp:185->source/int4_linear_controller.cpp:507->source/int4_linear_controller.cpp:897]   --->   Operation 358 'sext' 'sext_ln185_138' <Predicate = (!icmp_ln457)> <Delay = 0.00>
ST_5 : Operation 359 [2/2] (0.76ns)   --->   "%packed_weight_201 = add i27 %shl_ln185_135, i27 %sext_ln185_138" [source/int4_linear_controller.cpp:185->source/int4_linear_controller.cpp:507->source/int4_linear_controller.cpp:897]   --->   Operation 359 'add' 'packed_weight_201' <Predicate = (!icmp_ln457)> <Delay = 0.76> <CoreInst = "Adder">   --->   Core 1 'Adder' <Latency = 1> <II = 1> <Delay = 0.85> <FuncUnit> <Opcode : 'add' 'sub'> <InPorts = 2> <OutPorts = 1>
ST_5 : Operation 360 [1/1] (0.00ns)   --->   "%shl_ln185_136 = bitconcatenate i27 @_ssdm_op_BitConcatenate.i27.i4.i23, i4 %tmp_196, i23 0" [source/int4_linear_controller.cpp:185->source/int4_linear_controller.cpp:507->source/int4_linear_controller.cpp:897]   --->   Operation 360 'bitconcatenate' 'shl_ln185_136' <Predicate = (!icmp_ln457)> <Delay = 0.00>
ST_5 : Operation 361 [1/1] (0.00ns)   --->   "%sext_ln185_139 = sext i4 %low_202" [source/int4_linear_controller.cpp:185->source/int4_linear_controller.cpp:507->source/int4_linear_controller.cpp:897]   --->   Operation 361 'sext' 'sext_ln185_139' <Predicate = (!icmp_ln457)> <Delay = 0.00>
ST_5 : Operation 362 [2/2] (0.76ns)   --->   "%packed_weight_202 = add i27 %shl_ln185_136, i27 %sext_ln185_139" [source/int4_linear_controller.cpp:185->source/int4_linear_controller.cpp:507->source/int4_linear_controller.cpp:897]   --->   Operation 362 'add' 'packed_weight_202' <Predicate = (!icmp_ln457)> <Delay = 0.76> <CoreInst = "Adder">   --->   Core 1 'Adder' <Latency = 1> <II = 1> <Delay = 0.85> <FuncUnit> <Opcode : 'add' 'sub'> <InPorts = 2> <OutPorts = 1>
ST_5 : Operation 363 [1/1] (0.00ns)   --->   "%shl_ln185_143 = bitconcatenate i27 @_ssdm_op_BitConcatenate.i27.i4.i23, i4 %tmp_203, i23 0" [source/int4_linear_controller.cpp:185->source/int4_linear_controller.cpp:507->source/int4_linear_controller.cpp:897]   --->   Operation 363 'bitconcatenate' 'shl_ln185_143' <Predicate = (!icmp_ln457)> <Delay = 0.00>
ST_5 : Operation 364 [1/1] (0.00ns)   --->   "%sext_ln185_146 = sext i4 %low_209" [source/int4_linear_controller.cpp:185->source/int4_linear_controller.cpp:507->source/int4_linear_controller.cpp:897]   --->   Operation 364 'sext' 'sext_ln185_146' <Predicate = (!icmp_ln457)> <Delay = 0.00>
ST_5 : Operation 365 [2/2] (0.76ns)   --->   "%packed_weight_209 = add i27 %shl_ln185_143, i27 %sext_ln185_146" [source/int4_linear_controller.cpp:185->source/int4_linear_controller.cpp:507->source/int4_linear_controller.cpp:897]   --->   Operation 365 'add' 'packed_weight_209' <Predicate = (!icmp_ln457)> <Delay = 0.76> <CoreInst = "Adder">   --->   Core 1 'Adder' <Latency = 1> <II = 1> <Delay = 0.85> <FuncUnit> <Opcode : 'add' 'sub'> <InPorts = 2> <OutPorts = 1>
ST_5 : Operation 366 [1/1] (0.00ns)   --->   "%shl_ln185_144 = bitconcatenate i27 @_ssdm_op_BitConcatenate.i27.i4.i23, i4 %tmp_204, i23 0" [source/int4_linear_controller.cpp:185->source/int4_linear_controller.cpp:507->source/int4_linear_controller.cpp:897]   --->   Operation 366 'bitconcatenate' 'shl_ln185_144' <Predicate = (!icmp_ln457)> <Delay = 0.00>
ST_5 : Operation 367 [1/1] (0.00ns)   --->   "%sext_ln185_147 = sext i4 %low_210" [source/int4_linear_controller.cpp:185->source/int4_linear_controller.cpp:507->source/int4_linear_controller.cpp:897]   --->   Operation 367 'sext' 'sext_ln185_147' <Predicate = (!icmp_ln457)> <Delay = 0.00>
ST_5 : Operation 368 [2/2] (0.76ns)   --->   "%packed_weight_210 = add i27 %shl_ln185_144, i27 %sext_ln185_147" [source/int4_linear_controller.cpp:185->source/int4_linear_controller.cpp:507->source/int4_linear_controller.cpp:897]   --->   Operation 368 'add' 'packed_weight_210' <Predicate = (!icmp_ln457)> <Delay = 0.76> <CoreInst = "Adder">   --->   Core 1 'Adder' <Latency = 1> <II = 1> <Delay = 0.85> <FuncUnit> <Opcode : 'add' 'sub'> <InPorts = 2> <OutPorts = 1>
ST_5 : Operation 369 [4/5] (1.39ns)   --->   "%packed_product_215 = mul i42 %sext_ln507_152, i42 %conv3_i12_i_13_i" [source/int4_linear_controller.cpp:507->source/int4_linear_controller.cpp:897]   --->   Operation 369 'mul' 'packed_product_215' <Predicate = (!icmp_ln457)> <Delay = 1.39> <CoreInst = "Mul_DSP">   --->   Core 5 'Mul_DSP' <Latency = 4> <II = 1> <Delay = 2.17> <FuncUnit> <Opcode : 'mul'> <InPorts = 2> <OutPorts = 1>
ST_5 : Operation 370 [4/5] (1.39ns)   --->   "%packed_product_216 = mul i42 %sext_ln507_153, i42 %conv3_i12_i_13_i" [source/int4_linear_controller.cpp:507->source/int4_linear_controller.cpp:897]   --->   Operation 370 'mul' 'packed_product_216' <Predicate = (!icmp_ln457)> <Delay = 1.39> <CoreInst = "Mul_DSP">   --->   Core 5 'Mul_DSP' <Latency = 4> <II = 1> <Delay = 2.17> <FuncUnit> <Opcode : 'mul'> <InPorts = 2> <OutPorts = 1>
ST_5 : Operation 371 [1/1] (0.00ns)   --->   "%shl_ln185_151 = bitconcatenate i27 @_ssdm_op_BitConcatenate.i27.i4.i23, i4 %tmp_211, i23 0" [source/int4_linear_controller.cpp:185->source/int4_linear_controller.cpp:507->source/int4_linear_controller.cpp:897]   --->   Operation 371 'bitconcatenate' 'shl_ln185_151' <Predicate = (!icmp_ln457)> <Delay = 0.00>
ST_5 : Operation 372 [1/1] (0.00ns)   --->   "%sext_ln185_154 = sext i4 %low_217" [source/int4_linear_controller.cpp:185->source/int4_linear_controller.cpp:507->source/int4_linear_controller.cpp:897]   --->   Operation 372 'sext' 'sext_ln185_154' <Predicate = (!icmp_ln457)> <Delay = 0.00>
ST_5 : Operation 373 [2/2] (0.76ns)   --->   "%packed_weight_217 = add i27 %shl_ln185_151, i27 %sext_ln185_154" [source/int4_linear_controller.cpp:185->source/int4_linear_controller.cpp:507->source/int4_linear_controller.cpp:897]   --->   Operation 373 'add' 'packed_weight_217' <Predicate = (!icmp_ln457)> <Delay = 0.76> <CoreInst = "Adder">   --->   Core 1 'Adder' <Latency = 1> <II = 1> <Delay = 0.85> <FuncUnit> <Opcode : 'add' 'sub'> <InPorts = 2> <OutPorts = 1>
ST_5 : Operation 374 [1/1] (0.00ns)   --->   "%shl_ln185_152 = bitconcatenate i27 @_ssdm_op_BitConcatenate.i27.i4.i23, i4 %tmp_212, i23 0" [source/int4_linear_controller.cpp:185->source/int4_linear_controller.cpp:507->source/int4_linear_controller.cpp:897]   --->   Operation 374 'bitconcatenate' 'shl_ln185_152' <Predicate = (!icmp_ln457)> <Delay = 0.00>
ST_5 : Operation 375 [1/1] (0.00ns)   --->   "%sext_ln185_155 = sext i4 %low_218" [source/int4_linear_controller.cpp:185->source/int4_linear_controller.cpp:507->source/int4_linear_controller.cpp:897]   --->   Operation 375 'sext' 'sext_ln185_155' <Predicate = (!icmp_ln457)> <Delay = 0.00>
ST_5 : Operation 376 [2/2] (0.76ns)   --->   "%packed_weight_218 = add i27 %shl_ln185_152, i27 %sext_ln185_155" [source/int4_linear_controller.cpp:185->source/int4_linear_controller.cpp:507->source/int4_linear_controller.cpp:897]   --->   Operation 376 'add' 'packed_weight_218' <Predicate = (!icmp_ln457)> <Delay = 0.76> <CoreInst = "Adder">   --->   Core 1 'Adder' <Latency = 1> <II = 1> <Delay = 0.85> <FuncUnit> <Opcode : 'add' 'sub'> <InPorts = 2> <OutPorts = 1>
ST_5 : Operation 377 [1/1] (0.00ns)   --->   "%shl_ln185_153 = bitconcatenate i27 @_ssdm_op_BitConcatenate.i27.i4.i23, i4 %tmp_213, i23 0" [source/int4_linear_controller.cpp:185->source/int4_linear_controller.cpp:507->source/int4_linear_controller.cpp:897]   --->   Operation 377 'bitconcatenate' 'shl_ln185_153' <Predicate = (!icmp_ln457)> <Delay = 0.00>
ST_5 : Operation 378 [1/1] (0.00ns)   --->   "%sext_ln185_156 = sext i4 %low_219" [source/int4_linear_controller.cpp:185->source/int4_linear_controller.cpp:507->source/int4_linear_controller.cpp:897]   --->   Operation 378 'sext' 'sext_ln185_156' <Predicate = (!icmp_ln457)> <Delay = 0.00>
ST_5 : Operation 379 [2/2] (0.76ns)   --->   "%packed_weight_219 = add i27 %shl_ln185_153, i27 %sext_ln185_156" [source/int4_linear_controller.cpp:185->source/int4_linear_controller.cpp:507->source/int4_linear_controller.cpp:897]   --->   Operation 379 'add' 'packed_weight_219' <Predicate = (!icmp_ln457)> <Delay = 0.76> <CoreInst = "Adder">   --->   Core 1 'Adder' <Latency = 1> <II = 1> <Delay = 0.85> <FuncUnit> <Opcode : 'add' 'sub'> <InPorts = 2> <OutPorts = 1>
ST_5 : Operation 380 [1/1] (0.00ns)   --->   "%shl_ln185_154 = bitconcatenate i27 @_ssdm_op_BitConcatenate.i27.i4.i23, i4 %tmp_214, i23 0" [source/int4_linear_controller.cpp:185->source/int4_linear_controller.cpp:507->source/int4_linear_controller.cpp:897]   --->   Operation 380 'bitconcatenate' 'shl_ln185_154' <Predicate = (!icmp_ln457)> <Delay = 0.00>
ST_5 : Operation 381 [1/1] (0.00ns)   --->   "%sext_ln185_157 = sext i4 %low_220" [source/int4_linear_controller.cpp:185->source/int4_linear_controller.cpp:507->source/int4_linear_controller.cpp:897]   --->   Operation 381 'sext' 'sext_ln185_157' <Predicate = (!icmp_ln457)> <Delay = 0.00>
ST_5 : Operation 382 [2/2] (0.76ns)   --->   "%packed_weight_220 = add i27 %shl_ln185_154, i27 %sext_ln185_157" [source/int4_linear_controller.cpp:185->source/int4_linear_controller.cpp:507->source/int4_linear_controller.cpp:897]   --->   Operation 382 'add' 'packed_weight_220' <Predicate = (!icmp_ln457)> <Delay = 0.76> <CoreInst = "Adder">   --->   Core 1 'Adder' <Latency = 1> <II = 1> <Delay = 0.85> <FuncUnit> <Opcode : 'add' 'sub'> <InPorts = 2> <OutPorts = 1>
ST_5 : Operation 383 [1/1] (0.00ns)   --->   "%shl_ln185_155 = bitconcatenate i27 @_ssdm_op_BitConcatenate.i27.i4.i23, i4 %tmp_215, i23 0" [source/int4_linear_controller.cpp:185->source/int4_linear_controller.cpp:507->source/int4_linear_controller.cpp:897]   --->   Operation 383 'bitconcatenate' 'shl_ln185_155' <Predicate = (!icmp_ln457)> <Delay = 0.00>
ST_5 : Operation 384 [1/1] (0.00ns)   --->   "%sext_ln185_158 = sext i4 %low_221" [source/int4_linear_controller.cpp:185->source/int4_linear_controller.cpp:507->source/int4_linear_controller.cpp:897]   --->   Operation 384 'sext' 'sext_ln185_158' <Predicate = (!icmp_ln457)> <Delay = 0.00>
ST_5 : Operation 385 [2/2] (0.76ns)   --->   "%packed_weight_221 = add i27 %shl_ln185_155, i27 %sext_ln185_158" [source/int4_linear_controller.cpp:185->source/int4_linear_controller.cpp:507->source/int4_linear_controller.cpp:897]   --->   Operation 385 'add' 'packed_weight_221' <Predicate = (!icmp_ln457)> <Delay = 0.76> <CoreInst = "Adder">   --->   Core 1 'Adder' <Latency = 1> <II = 1> <Delay = 0.85> <FuncUnit> <Opcode : 'add' 'sub'> <InPorts = 2> <OutPorts = 1>
ST_5 : Operation 386 [1/1] (0.00ns)   --->   "%shl_ln185_156 = bitconcatenate i27 @_ssdm_op_BitConcatenate.i27.i4.i23, i4 %tmp_216, i23 0" [source/int4_linear_controller.cpp:185->source/int4_linear_controller.cpp:507->source/int4_linear_controller.cpp:897]   --->   Operation 386 'bitconcatenate' 'shl_ln185_156' <Predicate = (!icmp_ln457)> <Delay = 0.00>
ST_5 : Operation 387 [1/1] (0.00ns)   --->   "%sext_ln185_159 = sext i4 %low_222" [source/int4_linear_controller.cpp:185->source/int4_linear_controller.cpp:507->source/int4_linear_controller.cpp:897]   --->   Operation 387 'sext' 'sext_ln185_159' <Predicate = (!icmp_ln457)> <Delay = 0.00>
ST_5 : Operation 388 [2/2] (0.76ns)   --->   "%packed_weight_222 = add i27 %shl_ln185_156, i27 %sext_ln185_159" [source/int4_linear_controller.cpp:185->source/int4_linear_controller.cpp:507->source/int4_linear_controller.cpp:897]   --->   Operation 388 'add' 'packed_weight_222' <Predicate = (!icmp_ln457)> <Delay = 0.76> <CoreInst = "Adder">   --->   Core 1 'Adder' <Latency = 1> <II = 1> <Delay = 0.85> <FuncUnit> <Opcode : 'add' 'sub'> <InPorts = 2> <OutPorts = 1>
ST_5 : Operation 389 [4/5] (1.39ns)   --->   "%packed_product_223 = mul i42 %sext_ln507_160, i42 %conv3_i12_i_17_i" [source/int4_linear_controller.cpp:507->source/int4_linear_controller.cpp:897]   --->   Operation 389 'mul' 'packed_product_223' <Predicate = (!icmp_ln457)> <Delay = 1.39> <CoreInst = "Mul_DSP">   --->   Core 5 'Mul_DSP' <Latency = 4> <II = 1> <Delay = 2.17> <FuncUnit> <Opcode : 'mul'> <InPorts = 2> <OutPorts = 1>
ST_5 : Operation 390 [4/5] (1.39ns)   --->   "%packed_product_224 = mul i42 %sext_ln507_161, i42 %conv3_i12_i_17_i" [source/int4_linear_controller.cpp:507->source/int4_linear_controller.cpp:897]   --->   Operation 390 'mul' 'packed_product_224' <Predicate = (!icmp_ln457)> <Delay = 1.39> <CoreInst = "Mul_DSP">   --->   Core 5 'Mul_DSP' <Latency = 4> <II = 1> <Delay = 2.17> <FuncUnit> <Opcode : 'mul'> <InPorts = 2> <OutPorts = 1>
ST_5 : Operation 391 [1/1] (0.00ns)   --->   "%shl_ln185_161 = bitconcatenate i27 @_ssdm_op_BitConcatenate.i27.i4.i23, i4 %tmp_221, i23 0" [source/int4_linear_controller.cpp:185->source/int4_linear_controller.cpp:507->source/int4_linear_controller.cpp:897]   --->   Operation 391 'bitconcatenate' 'shl_ln185_161' <Predicate = (!icmp_ln457)> <Delay = 0.00>
ST_5 : Operation 392 [1/1] (0.00ns)   --->   "%sext_ln185_164 = sext i4 %low_227" [source/int4_linear_controller.cpp:185->source/int4_linear_controller.cpp:507->source/int4_linear_controller.cpp:897]   --->   Operation 392 'sext' 'sext_ln185_164' <Predicate = (!icmp_ln457)> <Delay = 0.00>
ST_5 : Operation 393 [2/2] (0.76ns)   --->   "%packed_weight_227 = add i27 %shl_ln185_161, i27 %sext_ln185_164" [source/int4_linear_controller.cpp:185->source/int4_linear_controller.cpp:507->source/int4_linear_controller.cpp:897]   --->   Operation 393 'add' 'packed_weight_227' <Predicate = (!icmp_ln457)> <Delay = 0.76> <CoreInst = "Adder">   --->   Core 1 'Adder' <Latency = 1> <II = 1> <Delay = 0.85> <FuncUnit> <Opcode : 'add' 'sub'> <InPorts = 2> <OutPorts = 1>
ST_5 : Operation 394 [1/1] (0.00ns)   --->   "%shl_ln185_162 = bitconcatenate i27 @_ssdm_op_BitConcatenate.i27.i4.i23, i4 %tmp_222, i23 0" [source/int4_linear_controller.cpp:185->source/int4_linear_controller.cpp:507->source/int4_linear_controller.cpp:897]   --->   Operation 394 'bitconcatenate' 'shl_ln185_162' <Predicate = (!icmp_ln457)> <Delay = 0.00>
ST_5 : Operation 395 [1/1] (0.00ns)   --->   "%sext_ln185_165 = sext i4 %low_228" [source/int4_linear_controller.cpp:185->source/int4_linear_controller.cpp:507->source/int4_linear_controller.cpp:897]   --->   Operation 395 'sext' 'sext_ln185_165' <Predicate = (!icmp_ln457)> <Delay = 0.00>
ST_5 : Operation 396 [2/2] (0.76ns)   --->   "%packed_weight_228 = add i27 %shl_ln185_162, i27 %sext_ln185_165" [source/int4_linear_controller.cpp:185->source/int4_linear_controller.cpp:507->source/int4_linear_controller.cpp:897]   --->   Operation 396 'add' 'packed_weight_228' <Predicate = (!icmp_ln457)> <Delay = 0.76> <CoreInst = "Adder">   --->   Core 1 'Adder' <Latency = 1> <II = 1> <Delay = 0.85> <FuncUnit> <Opcode : 'add' 'sub'> <InPorts = 2> <OutPorts = 1>
ST_5 : Operation 397 [4/5] (1.39ns)   --->   "%packed_product_229 = mul i42 %sext_ln507_166, i42 %conv3_i12_i_20_i" [source/int4_linear_controller.cpp:507->source/int4_linear_controller.cpp:897]   --->   Operation 397 'mul' 'packed_product_229' <Predicate = (!icmp_ln457)> <Delay = 1.39> <CoreInst = "Mul_DSP">   --->   Core 5 'Mul_DSP' <Latency = 4> <II = 1> <Delay = 2.17> <FuncUnit> <Opcode : 'mul'> <InPorts = 2> <OutPorts = 1>
ST_5 : Operation 398 [4/5] (1.39ns)   --->   "%packed_product_230 = mul i42 %sext_ln507_167, i42 %conv3_i12_i_20_i" [source/int4_linear_controller.cpp:507->source/int4_linear_controller.cpp:897]   --->   Operation 398 'mul' 'packed_product_230' <Predicate = (!icmp_ln457)> <Delay = 1.39> <CoreInst = "Mul_DSP">   --->   Core 5 'Mul_DSP' <Latency = 4> <II = 1> <Delay = 2.17> <FuncUnit> <Opcode : 'mul'> <InPorts = 2> <OutPorts = 1>
ST_5 : Operation 399 [4/5] (1.39ns)   --->   "%packed_product_233 = mul i42 %sext_ln507_170, i42 %conv3_i12_i_22_i" [source/int4_linear_controller.cpp:507->source/int4_linear_controller.cpp:897]   --->   Operation 399 'mul' 'packed_product_233' <Predicate = (!icmp_ln457)> <Delay = 1.39> <CoreInst = "Mul_DSP">   --->   Core 5 'Mul_DSP' <Latency = 4> <II = 1> <Delay = 2.17> <FuncUnit> <Opcode : 'mul'> <InPorts = 2> <OutPorts = 1>
ST_5 : Operation 400 [4/5] (1.39ns)   --->   "%packed_product_234 = mul i42 %sext_ln507_171, i42 %conv3_i12_i_22_i" [source/int4_linear_controller.cpp:507->source/int4_linear_controller.cpp:897]   --->   Operation 400 'mul' 'packed_product_234' <Predicate = (!icmp_ln457)> <Delay = 1.39> <CoreInst = "Mul_DSP">   --->   Core 5 'Mul_DSP' <Latency = 4> <II = 1> <Delay = 2.17> <FuncUnit> <Opcode : 'mul'> <InPorts = 2> <OutPorts = 1>
ST_5 : Operation 401 [4/5] (1.39ns)   --->   "%packed_product_237 = mul i42 %sext_ln507_174, i42 %conv3_i12_i_24_i" [source/int4_linear_controller.cpp:507->source/int4_linear_controller.cpp:897]   --->   Operation 401 'mul' 'packed_product_237' <Predicate = (!icmp_ln457)> <Delay = 1.39> <CoreInst = "Mul_DSP">   --->   Core 5 'Mul_DSP' <Latency = 4> <II = 1> <Delay = 2.17> <FuncUnit> <Opcode : 'mul'> <InPorts = 2> <OutPorts = 1>
ST_5 : Operation 402 [4/5] (1.39ns)   --->   "%packed_product_238 = mul i42 %sext_ln507_175, i42 %conv3_i12_i_24_i" [source/int4_linear_controller.cpp:507->source/int4_linear_controller.cpp:897]   --->   Operation 402 'mul' 'packed_product_238' <Predicate = (!icmp_ln457)> <Delay = 1.39> <CoreInst = "Mul_DSP">   --->   Core 5 'Mul_DSP' <Latency = 4> <II = 1> <Delay = 2.17> <FuncUnit> <Opcode : 'mul'> <InPorts = 2> <OutPorts = 1>
ST_5 : Operation 403 [1/1] (0.00ns)   --->   "%shl_ln185_173 = bitconcatenate i27 @_ssdm_op_BitConcatenate.i27.i4.i23, i4 %tmp_233, i23 0" [source/int4_linear_controller.cpp:185->source/int4_linear_controller.cpp:507->source/int4_linear_controller.cpp:897]   --->   Operation 403 'bitconcatenate' 'shl_ln185_173' <Predicate = (!icmp_ln457)> <Delay = 0.00>
ST_5 : Operation 404 [1/1] (0.00ns)   --->   "%sext_ln185_176 = sext i4 %low_239" [source/int4_linear_controller.cpp:185->source/int4_linear_controller.cpp:507->source/int4_linear_controller.cpp:897]   --->   Operation 404 'sext' 'sext_ln185_176' <Predicate = (!icmp_ln457)> <Delay = 0.00>
ST_5 : Operation 405 [2/2] (0.76ns)   --->   "%packed_weight_239 = add i27 %shl_ln185_173, i27 %sext_ln185_176" [source/int4_linear_controller.cpp:185->source/int4_linear_controller.cpp:507->source/int4_linear_controller.cpp:897]   --->   Operation 405 'add' 'packed_weight_239' <Predicate = (!icmp_ln457)> <Delay = 0.76> <CoreInst = "Adder">   --->   Core 1 'Adder' <Latency = 1> <II = 1> <Delay = 0.85> <FuncUnit> <Opcode : 'add' 'sub'> <InPorts = 2> <OutPorts = 1>
ST_5 : Operation 406 [1/1] (0.00ns)   --->   "%shl_ln185_174 = bitconcatenate i27 @_ssdm_op_BitConcatenate.i27.i4.i23, i4 %tmp_234, i23 0" [source/int4_linear_controller.cpp:185->source/int4_linear_controller.cpp:507->source/int4_linear_controller.cpp:897]   --->   Operation 406 'bitconcatenate' 'shl_ln185_174' <Predicate = (!icmp_ln457)> <Delay = 0.00>
ST_5 : Operation 407 [1/1] (0.00ns)   --->   "%sext_ln185_177 = sext i4 %low_240" [source/int4_linear_controller.cpp:185->source/int4_linear_controller.cpp:507->source/int4_linear_controller.cpp:897]   --->   Operation 407 'sext' 'sext_ln185_177' <Predicate = (!icmp_ln457)> <Delay = 0.00>
ST_5 : Operation 408 [2/2] (0.76ns)   --->   "%packed_weight_240 = add i27 %shl_ln185_174, i27 %sext_ln185_177" [source/int4_linear_controller.cpp:185->source/int4_linear_controller.cpp:507->source/int4_linear_controller.cpp:897]   --->   Operation 408 'add' 'packed_weight_240' <Predicate = (!icmp_ln457)> <Delay = 0.76> <CoreInst = "Adder">   --->   Core 1 'Adder' <Latency = 1> <II = 1> <Delay = 0.85> <FuncUnit> <Opcode : 'add' 'sub'> <InPorts = 2> <OutPorts = 1>
ST_5 : Operation 409 [1/1] (0.00ns)   --->   "%shl_ln185_177 = bitconcatenate i27 @_ssdm_op_BitConcatenate.i27.i4.i23, i4 %tmp_237, i23 0" [source/int4_linear_controller.cpp:185->source/int4_linear_controller.cpp:507->source/int4_linear_controller.cpp:897]   --->   Operation 409 'bitconcatenate' 'shl_ln185_177' <Predicate = (!icmp_ln457)> <Delay = 0.00>
ST_5 : Operation 410 [1/1] (0.00ns)   --->   "%sext_ln185_180 = sext i4 %low_243" [source/int4_linear_controller.cpp:185->source/int4_linear_controller.cpp:507->source/int4_linear_controller.cpp:897]   --->   Operation 410 'sext' 'sext_ln185_180' <Predicate = (!icmp_ln457)> <Delay = 0.00>
ST_5 : Operation 411 [2/2] (0.76ns)   --->   "%packed_weight_243 = add i27 %shl_ln185_177, i27 %sext_ln185_180" [source/int4_linear_controller.cpp:185->source/int4_linear_controller.cpp:507->source/int4_linear_controller.cpp:897]   --->   Operation 411 'add' 'packed_weight_243' <Predicate = (!icmp_ln457)> <Delay = 0.76> <CoreInst = "Adder">   --->   Core 1 'Adder' <Latency = 1> <II = 1> <Delay = 0.85> <FuncUnit> <Opcode : 'add' 'sub'> <InPorts = 2> <OutPorts = 1>
ST_5 : Operation 412 [1/1] (0.00ns)   --->   "%shl_ln185_178 = bitconcatenate i27 @_ssdm_op_BitConcatenate.i27.i4.i23, i4 %tmp_238, i23 0" [source/int4_linear_controller.cpp:185->source/int4_linear_controller.cpp:507->source/int4_linear_controller.cpp:897]   --->   Operation 412 'bitconcatenate' 'shl_ln185_178' <Predicate = (!icmp_ln457)> <Delay = 0.00>
ST_5 : Operation 413 [1/1] (0.00ns)   --->   "%sext_ln185_181 = sext i4 %low_244" [source/int4_linear_controller.cpp:185->source/int4_linear_controller.cpp:507->source/int4_linear_controller.cpp:897]   --->   Operation 413 'sext' 'sext_ln185_181' <Predicate = (!icmp_ln457)> <Delay = 0.00>
ST_5 : Operation 414 [2/2] (0.76ns)   --->   "%packed_weight_244 = add i27 %shl_ln185_178, i27 %sext_ln185_181" [source/int4_linear_controller.cpp:185->source/int4_linear_controller.cpp:507->source/int4_linear_controller.cpp:897]   --->   Operation 414 'add' 'packed_weight_244' <Predicate = (!icmp_ln457)> <Delay = 0.76> <CoreInst = "Adder">   --->   Core 1 'Adder' <Latency = 1> <II = 1> <Delay = 0.85> <FuncUnit> <Opcode : 'add' 'sub'> <InPorts = 2> <OutPorts = 1>
ST_5 : Operation 415 [1/1] (0.00ns)   --->   "%shl_ln185_185 = bitconcatenate i27 @_ssdm_op_BitConcatenate.i27.i4.i23, i4 %tmp_245, i23 0" [source/int4_linear_controller.cpp:185->source/int4_linear_controller.cpp:507->source/int4_linear_controller.cpp:897]   --->   Operation 415 'bitconcatenate' 'shl_ln185_185' <Predicate = (!icmp_ln457)> <Delay = 0.00>
ST_5 : Operation 416 [1/1] (0.00ns)   --->   "%sext_ln185_188 = sext i4 %low_251" [source/int4_linear_controller.cpp:185->source/int4_linear_controller.cpp:507->source/int4_linear_controller.cpp:897]   --->   Operation 416 'sext' 'sext_ln185_188' <Predicate = (!icmp_ln457)> <Delay = 0.00>
ST_5 : Operation 417 [2/2] (0.76ns)   --->   "%packed_weight_251 = add i27 %shl_ln185_185, i27 %sext_ln185_188" [source/int4_linear_controller.cpp:185->source/int4_linear_controller.cpp:507->source/int4_linear_controller.cpp:897]   --->   Operation 417 'add' 'packed_weight_251' <Predicate = (!icmp_ln457)> <Delay = 0.76> <CoreInst = "Adder">   --->   Core 1 'Adder' <Latency = 1> <II = 1> <Delay = 0.85> <FuncUnit> <Opcode : 'add' 'sub'> <InPorts = 2> <OutPorts = 1>
ST_5 : Operation 418 [1/1] (0.00ns)   --->   "%shl_ln185_186 = bitconcatenate i27 @_ssdm_op_BitConcatenate.i27.i4.i23, i4 %tmp_246, i23 0" [source/int4_linear_controller.cpp:185->source/int4_linear_controller.cpp:507->source/int4_linear_controller.cpp:897]   --->   Operation 418 'bitconcatenate' 'shl_ln185_186' <Predicate = (!icmp_ln457)> <Delay = 0.00>
ST_5 : Operation 419 [1/1] (0.00ns)   --->   "%sext_ln185_189 = sext i4 %low_252" [source/int4_linear_controller.cpp:185->source/int4_linear_controller.cpp:507->source/int4_linear_controller.cpp:897]   --->   Operation 419 'sext' 'sext_ln185_189' <Predicate = (!icmp_ln457)> <Delay = 0.00>
ST_5 : Operation 420 [2/2] (0.76ns)   --->   "%packed_weight_252 = add i27 %shl_ln185_186, i27 %sext_ln185_189" [source/int4_linear_controller.cpp:185->source/int4_linear_controller.cpp:507->source/int4_linear_controller.cpp:897]   --->   Operation 420 'add' 'packed_weight_252' <Predicate = (!icmp_ln457)> <Delay = 0.76> <CoreInst = "Adder">   --->   Core 1 'Adder' <Latency = 1> <II = 1> <Delay = 0.85> <FuncUnit> <Opcode : 'add' 'sub'> <InPorts = 2> <OutPorts = 1>

State 6 <SV = 5> <Delay = 2.16>
ST_6 : Operation 421 [1/1] (0.00ns)   --->   "%conv3_i12_i_2_i = sext i15 %activation_95" [source/int4_linear_controller.cpp:491->source/int4_linear_controller.cpp:897]   --->   Operation 421 'sext' 'conv3_i12_i_2_i' <Predicate = (!icmp_ln457)> <Delay = 0.00>
ST_6 : Operation 422 [1/1] (0.00ns)   --->   "%conv3_i12_i_6_i = sext i15 %activation_99" [source/int4_linear_controller.cpp:491->source/int4_linear_controller.cpp:897]   --->   Operation 422 'sext' 'conv3_i12_i_6_i' <Predicate = (!icmp_ln457)> <Delay = 0.00>
ST_6 : Operation 423 [1/1] (0.00ns)   --->   "%conv3_i12_i_10_i = sext i15 %activation_103" [source/int4_linear_controller.cpp:491->source/int4_linear_controller.cpp:897]   --->   Operation 423 'sext' 'conv3_i12_i_10_i' <Predicate = (!icmp_ln457)> <Delay = 0.00>
ST_6 : Operation 424 [1/1] (0.00ns)   --->   "%conv3_i12_i_14_i = sext i15 %activation_107" [source/int4_linear_controller.cpp:491->source/int4_linear_controller.cpp:897]   --->   Operation 424 'sext' 'conv3_i12_i_14_i' <Predicate = (!icmp_ln457)> <Delay = 0.00>
ST_6 : Operation 425 [1/1] (0.00ns)   --->   "%conv3_i12_i_15_i = sext i15 %activation_108" [source/int4_linear_controller.cpp:491->source/int4_linear_controller.cpp:897]   --->   Operation 425 'sext' 'conv3_i12_i_15_i' <Predicate = (!icmp_ln457)> <Delay = 0.00>
ST_6 : Operation 426 [1/1] (0.00ns)   --->   "%conv3_i12_i_16_i = sext i15 %activation_109" [source/int4_linear_controller.cpp:491->source/int4_linear_controller.cpp:897]   --->   Operation 426 'sext' 'conv3_i12_i_16_i' <Predicate = (!icmp_ln457)> <Delay = 0.00>
ST_6 : Operation 427 [1/1] (0.00ns)   --->   "%conv3_i12_i_19_i = sext i15 %activation_112" [source/int4_linear_controller.cpp:491->source/int4_linear_controller.cpp:897]   --->   Operation 427 'sext' 'conv3_i12_i_19_i' <Predicate = (!icmp_ln457)> <Delay = 0.00>
ST_6 : Operation 428 [1/1] (0.00ns)   --->   "%conv3_i12_i_25_i = sext i15 %activation_118" [source/int4_linear_controller.cpp:491->source/int4_linear_controller.cpp:897]   --->   Operation 428 'sext' 'conv3_i12_i_25_i' <Predicate = (!icmp_ln457)> <Delay = 0.00>
ST_6 : Operation 429 [1/1] (0.00ns)   --->   "%conv3_i12_i_27_i = sext i15 %activation_120" [source/int4_linear_controller.cpp:491->source/int4_linear_controller.cpp:897]   --->   Operation 429 'sext' 'conv3_i12_i_27_i' <Predicate = (!icmp_ln457)> <Delay = 0.00>
ST_6 : Operation 430 [1/1] (0.00ns)   --->   "%conv3_i12_i_31_i = sext i15 %activation_124" [source/int4_linear_controller.cpp:491->source/int4_linear_controller.cpp:897]   --->   Operation 430 'sext' 'conv3_i12_i_31_i' <Predicate = (!icmp_ln457)> <Delay = 0.00>
ST_6 : Operation 431 [3/5] (1.39ns)   --->   "%packed_product = mul i42 %sext_ln507, i42 %conv3_i12_i_i" [source/int4_linear_controller.cpp:507->source/int4_linear_controller.cpp:897]   --->   Operation 431 'mul' 'packed_product' <Predicate = (!icmp_ln457)> <Delay = 1.39> <CoreInst = "Mul_DSP">   --->   Core 5 'Mul_DSP' <Latency = 4> <II = 1> <Delay = 2.17> <FuncUnit> <Opcode : 'mul'> <InPorts = 2> <OutPorts = 1>
ST_6 : Operation 432 [3/5] (1.39ns)   --->   "%packed_product_190 = mul i42 %sext_ln507_127, i42 %conv3_i12_i_i" [source/int4_linear_controller.cpp:507->source/int4_linear_controller.cpp:897]   --->   Operation 432 'mul' 'packed_product_190' <Predicate = (!icmp_ln457)> <Delay = 1.39> <CoreInst = "Mul_DSP">   --->   Core 5 'Mul_DSP' <Latency = 4> <II = 1> <Delay = 2.17> <FuncUnit> <Opcode : 'mul'> <InPorts = 2> <OutPorts = 1>
ST_6 : Operation 433 [1/2] (0.76ns)   --->   "%packed_weight_193 = add i27 %shl_ln185_127, i27 %sext_ln185_130" [source/int4_linear_controller.cpp:185->source/int4_linear_controller.cpp:507->source/int4_linear_controller.cpp:897]   --->   Operation 433 'add' 'packed_weight_193' <Predicate = (!icmp_ln457)> <Delay = 0.76> <CoreInst = "Adder">   --->   Core 1 'Adder' <Latency = 1> <II = 1> <Delay = 0.85> <FuncUnit> <Opcode : 'add' 'sub'> <InPorts = 2> <OutPorts = 1>
ST_6 : Operation 434 [1/1] (0.00ns)   --->   "%specfucore_ln191 = specfucore void @_ssdm_op_SpecFUCore, i27 %packed_weight_193, i64 8, i64 4, i64 1" [source/int4_linear_controller.cpp:191->source/int4_linear_controller.cpp:507->source/int4_linear_controller.cpp:897]   --->   Operation 434 'specfucore' 'specfucore_ln191' <Predicate = (!icmp_ln457)> <Delay = 0.00>
ST_6 : Operation 435 [1/1] (0.00ns)   --->   "%sext_ln507_130 = sext i27 %packed_weight_193" [source/int4_linear_controller.cpp:507->source/int4_linear_controller.cpp:897]   --->   Operation 435 'sext' 'sext_ln507_130' <Predicate = (!icmp_ln457)> <Delay = 0.00>
ST_6 : Operation 436 [3/3] (0.99ns) (grouped into DSP with root node add_ln510)   --->   "%packed_product_193 = mul i42 %sext_ln507_130, i42 %conv3_i12_i_2_i" [source/int4_linear_controller.cpp:507->source/int4_linear_controller.cpp:897]   --->   Operation 436 'mul' 'packed_product_193' <Predicate = (!icmp_ln457)> <Delay = 0.99> <CoreInst = "DSP48">   --->   Core 127 'DSP48' <Latency = 4> <II = 1> <Delay = 0.43> <IPBlock> <Opcode : '' 'add' 'sub' 'mul' 'select'> <InPorts = 0> <OutPorts = 1> <Sync> <CReg>
ST_6 : Operation 437 [1/2] (0.76ns)   --->   "%packed_weight_194 = add i27 %shl_ln185_128, i27 %sext_ln185_131" [source/int4_linear_controller.cpp:185->source/int4_linear_controller.cpp:507->source/int4_linear_controller.cpp:897]   --->   Operation 437 'add' 'packed_weight_194' <Predicate = (!icmp_ln457)> <Delay = 0.76> <CoreInst = "Adder">   --->   Core 1 'Adder' <Latency = 1> <II = 1> <Delay = 0.85> <FuncUnit> <Opcode : 'add' 'sub'> <InPorts = 2> <OutPorts = 1>
ST_6 : Operation 438 [1/1] (0.00ns)   --->   "%specfucore_ln191 = specfucore void @_ssdm_op_SpecFUCore, i27 %packed_weight_194, i64 8, i64 4, i64 1" [source/int4_linear_controller.cpp:191->source/int4_linear_controller.cpp:507->source/int4_linear_controller.cpp:897]   --->   Operation 438 'specfucore' 'specfucore_ln191' <Predicate = (!icmp_ln457)> <Delay = 0.00>
ST_6 : Operation 439 [1/1] (0.00ns)   --->   "%sext_ln507_131 = sext i27 %packed_weight_194" [source/int4_linear_controller.cpp:507->source/int4_linear_controller.cpp:897]   --->   Operation 439 'sext' 'sext_ln507_131' <Predicate = (!icmp_ln457)> <Delay = 0.00>
ST_6 : Operation 440 [3/3] (0.99ns) (grouped into DSP with root node add_ln510_153)   --->   "%packed_product_194 = mul i42 %sext_ln507_131, i42 %conv3_i12_i_2_i" [source/int4_linear_controller.cpp:507->source/int4_linear_controller.cpp:897]   --->   Operation 440 'mul' 'packed_product_194' <Predicate = (!icmp_ln457)> <Delay = 0.99> <CoreInst = "DSP48">   --->   Core 127 'DSP48' <Latency = 4> <II = 1> <Delay = 0.43> <IPBlock> <Opcode : '' 'add' 'sub' 'mul' 'select'> <InPorts = 0> <OutPorts = 1> <Sync> <CReg>
ST_6 : Operation 441 [3/5] (1.39ns)   --->   "%packed_product_199 = mul i42 %sext_ln507_136, i42 %conv3_i12_i_5_i" [source/int4_linear_controller.cpp:507->source/int4_linear_controller.cpp:897]   --->   Operation 441 'mul' 'packed_product_199' <Predicate = (!icmp_ln457)> <Delay = 1.39> <CoreInst = "Mul_DSP">   --->   Core 5 'Mul_DSP' <Latency = 4> <II = 1> <Delay = 2.17> <FuncUnit> <Opcode : 'mul'> <InPorts = 2> <OutPorts = 1>
ST_6 : Operation 442 [3/5] (1.39ns)   --->   "%packed_product_200 = mul i42 %sext_ln507_137, i42 %conv3_i12_i_5_i" [source/int4_linear_controller.cpp:507->source/int4_linear_controller.cpp:897]   --->   Operation 442 'mul' 'packed_product_200' <Predicate = (!icmp_ln457)> <Delay = 1.39> <CoreInst = "Mul_DSP">   --->   Core 5 'Mul_DSP' <Latency = 4> <II = 1> <Delay = 2.17> <FuncUnit> <Opcode : 'mul'> <InPorts = 2> <OutPorts = 1>
ST_6 : Operation 443 [1/2] (0.76ns)   --->   "%packed_weight_201 = add i27 %shl_ln185_135, i27 %sext_ln185_138" [source/int4_linear_controller.cpp:185->source/int4_linear_controller.cpp:507->source/int4_linear_controller.cpp:897]   --->   Operation 443 'add' 'packed_weight_201' <Predicate = (!icmp_ln457)> <Delay = 0.76> <CoreInst = "Adder">   --->   Core 1 'Adder' <Latency = 1> <II = 1> <Delay = 0.85> <FuncUnit> <Opcode : 'add' 'sub'> <InPorts = 2> <OutPorts = 1>
ST_6 : Operation 444 [1/1] (0.00ns)   --->   "%specfucore_ln191 = specfucore void @_ssdm_op_SpecFUCore, i27 %packed_weight_201, i64 8, i64 4, i64 1" [source/int4_linear_controller.cpp:191->source/int4_linear_controller.cpp:507->source/int4_linear_controller.cpp:897]   --->   Operation 444 'specfucore' 'specfucore_ln191' <Predicate = (!icmp_ln457)> <Delay = 0.00>
ST_6 : Operation 445 [1/1] (0.00ns)   --->   "%sext_ln507_138 = sext i27 %packed_weight_201" [source/int4_linear_controller.cpp:507->source/int4_linear_controller.cpp:897]   --->   Operation 445 'sext' 'sext_ln507_138' <Predicate = (!icmp_ln457)> <Delay = 0.00>
ST_6 : Operation 446 [3/3] (0.99ns) (grouped into DSP with root node add_ln510_125)   --->   "%packed_product_201 = mul i42 %sext_ln507_138, i42 %conv3_i12_i_6_i" [source/int4_linear_controller.cpp:507->source/int4_linear_controller.cpp:897]   --->   Operation 446 'mul' 'packed_product_201' <Predicate = (!icmp_ln457)> <Delay = 0.99> <CoreInst = "DSP48">   --->   Core 127 'DSP48' <Latency = 4> <II = 1> <Delay = 0.43> <IPBlock> <Opcode : '' 'add' 'sub' 'mul' 'select'> <InPorts = 0> <OutPorts = 1> <Sync> <CReg>
ST_6 : Operation 447 [1/2] (0.76ns)   --->   "%packed_weight_202 = add i27 %shl_ln185_136, i27 %sext_ln185_139" [source/int4_linear_controller.cpp:185->source/int4_linear_controller.cpp:507->source/int4_linear_controller.cpp:897]   --->   Operation 447 'add' 'packed_weight_202' <Predicate = (!icmp_ln457)> <Delay = 0.76> <CoreInst = "Adder">   --->   Core 1 'Adder' <Latency = 1> <II = 1> <Delay = 0.85> <FuncUnit> <Opcode : 'add' 'sub'> <InPorts = 2> <OutPorts = 1>
ST_6 : Operation 448 [1/1] (0.00ns)   --->   "%specfucore_ln191 = specfucore void @_ssdm_op_SpecFUCore, i27 %packed_weight_202, i64 8, i64 4, i64 1" [source/int4_linear_controller.cpp:191->source/int4_linear_controller.cpp:507->source/int4_linear_controller.cpp:897]   --->   Operation 448 'specfucore' 'specfucore_ln191' <Predicate = (!icmp_ln457)> <Delay = 0.00>
ST_6 : Operation 449 [1/1] (0.00ns)   --->   "%sext_ln507_139 = sext i27 %packed_weight_202" [source/int4_linear_controller.cpp:507->source/int4_linear_controller.cpp:897]   --->   Operation 449 'sext' 'sext_ln507_139' <Predicate = (!icmp_ln457)> <Delay = 0.00>
ST_6 : Operation 450 [3/3] (0.99ns) (grouped into DSP with root node add_ln510_156)   --->   "%packed_product_202 = mul i42 %sext_ln507_139, i42 %conv3_i12_i_6_i" [source/int4_linear_controller.cpp:507->source/int4_linear_controller.cpp:897]   --->   Operation 450 'mul' 'packed_product_202' <Predicate = (!icmp_ln457)> <Delay = 0.99> <CoreInst = "DSP48">   --->   Core 127 'DSP48' <Latency = 4> <II = 1> <Delay = 0.43> <IPBlock> <Opcode : '' 'add' 'sub' 'mul' 'select'> <InPorts = 0> <OutPorts = 1> <Sync> <CReg>
ST_6 : Operation 451 [1/2] (0.76ns)   --->   "%packed_weight_209 = add i27 %shl_ln185_143, i27 %sext_ln185_146" [source/int4_linear_controller.cpp:185->source/int4_linear_controller.cpp:507->source/int4_linear_controller.cpp:897]   --->   Operation 451 'add' 'packed_weight_209' <Predicate = (!icmp_ln457)> <Delay = 0.76> <CoreInst = "Adder">   --->   Core 1 'Adder' <Latency = 1> <II = 1> <Delay = 0.85> <FuncUnit> <Opcode : 'add' 'sub'> <InPorts = 2> <OutPorts = 1>
ST_6 : Operation 452 [1/1] (0.00ns)   --->   "%specfucore_ln191 = specfucore void @_ssdm_op_SpecFUCore, i27 %packed_weight_209, i64 8, i64 4, i64 1" [source/int4_linear_controller.cpp:191->source/int4_linear_controller.cpp:507->source/int4_linear_controller.cpp:897]   --->   Operation 452 'specfucore' 'specfucore_ln191' <Predicate = (!icmp_ln457)> <Delay = 0.00>
ST_6 : Operation 453 [1/1] (0.00ns)   --->   "%sext_ln507_146 = sext i27 %packed_weight_209" [source/int4_linear_controller.cpp:507->source/int4_linear_controller.cpp:897]   --->   Operation 453 'sext' 'sext_ln507_146' <Predicate = (!icmp_ln457)> <Delay = 0.00>
ST_6 : Operation 454 [5/5] (1.39ns)   --->   "%packed_product_209 = mul i42 %sext_ln507_146, i42 %conv3_i12_i_10_i" [source/int4_linear_controller.cpp:507->source/int4_linear_controller.cpp:897]   --->   Operation 454 'mul' 'packed_product_209' <Predicate = (!icmp_ln457)> <Delay = 1.39> <CoreInst = "Mul_DSP">   --->   Core 5 'Mul_DSP' <Latency = 4> <II = 1> <Delay = 2.17> <FuncUnit> <Opcode : 'mul'> <InPorts = 2> <OutPorts = 1>
ST_6 : Operation 455 [1/2] (0.76ns)   --->   "%packed_weight_210 = add i27 %shl_ln185_144, i27 %sext_ln185_147" [source/int4_linear_controller.cpp:185->source/int4_linear_controller.cpp:507->source/int4_linear_controller.cpp:897]   --->   Operation 455 'add' 'packed_weight_210' <Predicate = (!icmp_ln457)> <Delay = 0.76> <CoreInst = "Adder">   --->   Core 1 'Adder' <Latency = 1> <II = 1> <Delay = 0.85> <FuncUnit> <Opcode : 'add' 'sub'> <InPorts = 2> <OutPorts = 1>
ST_6 : Operation 456 [1/1] (0.00ns)   --->   "%specfucore_ln191 = specfucore void @_ssdm_op_SpecFUCore, i27 %packed_weight_210, i64 8, i64 4, i64 1" [source/int4_linear_controller.cpp:191->source/int4_linear_controller.cpp:507->source/int4_linear_controller.cpp:897]   --->   Operation 456 'specfucore' 'specfucore_ln191' <Predicate = (!icmp_ln457)> <Delay = 0.00>
ST_6 : Operation 457 [1/1] (0.00ns)   --->   "%sext_ln507_147 = sext i27 %packed_weight_210" [source/int4_linear_controller.cpp:507->source/int4_linear_controller.cpp:897]   --->   Operation 457 'sext' 'sext_ln507_147' <Predicate = (!icmp_ln457)> <Delay = 0.00>
ST_6 : Operation 458 [5/5] (1.39ns)   --->   "%packed_product_210 = mul i42 %sext_ln507_147, i42 %conv3_i12_i_10_i" [source/int4_linear_controller.cpp:507->source/int4_linear_controller.cpp:897]   --->   Operation 458 'mul' 'packed_product_210' <Predicate = (!icmp_ln457)> <Delay = 1.39> <CoreInst = "Mul_DSP">   --->   Core 5 'Mul_DSP' <Latency = 4> <II = 1> <Delay = 2.17> <FuncUnit> <Opcode : 'mul'> <InPorts = 2> <OutPorts = 1>
ST_6 : Operation 459 [3/5] (1.39ns)   --->   "%packed_product_215 = mul i42 %sext_ln507_152, i42 %conv3_i12_i_13_i" [source/int4_linear_controller.cpp:507->source/int4_linear_controller.cpp:897]   --->   Operation 459 'mul' 'packed_product_215' <Predicate = (!icmp_ln457)> <Delay = 1.39> <CoreInst = "Mul_DSP">   --->   Core 5 'Mul_DSP' <Latency = 4> <II = 1> <Delay = 2.17> <FuncUnit> <Opcode : 'mul'> <InPorts = 2> <OutPorts = 1>
ST_6 : Operation 460 [3/5] (1.39ns)   --->   "%packed_product_216 = mul i42 %sext_ln507_153, i42 %conv3_i12_i_13_i" [source/int4_linear_controller.cpp:507->source/int4_linear_controller.cpp:897]   --->   Operation 460 'mul' 'packed_product_216' <Predicate = (!icmp_ln457)> <Delay = 1.39> <CoreInst = "Mul_DSP">   --->   Core 5 'Mul_DSP' <Latency = 4> <II = 1> <Delay = 2.17> <FuncUnit> <Opcode : 'mul'> <InPorts = 2> <OutPorts = 1>
ST_6 : Operation 461 [1/2] (0.76ns)   --->   "%packed_weight_217 = add i27 %shl_ln185_151, i27 %sext_ln185_154" [source/int4_linear_controller.cpp:185->source/int4_linear_controller.cpp:507->source/int4_linear_controller.cpp:897]   --->   Operation 461 'add' 'packed_weight_217' <Predicate = (!icmp_ln457)> <Delay = 0.76> <CoreInst = "Adder">   --->   Core 1 'Adder' <Latency = 1> <II = 1> <Delay = 0.85> <FuncUnit> <Opcode : 'add' 'sub'> <InPorts = 2> <OutPorts = 1>
ST_6 : Operation 462 [1/1] (0.00ns)   --->   "%specfucore_ln191 = specfucore void @_ssdm_op_SpecFUCore, i27 %packed_weight_217, i64 8, i64 4, i64 1" [source/int4_linear_controller.cpp:191->source/int4_linear_controller.cpp:507->source/int4_linear_controller.cpp:897]   --->   Operation 462 'specfucore' 'specfucore_ln191' <Predicate = (!icmp_ln457)> <Delay = 0.00>
ST_6 : Operation 463 [1/1] (0.00ns)   --->   "%sext_ln507_154 = sext i27 %packed_weight_217" [source/int4_linear_controller.cpp:507->source/int4_linear_controller.cpp:897]   --->   Operation 463 'sext' 'sext_ln507_154' <Predicate = (!icmp_ln457)> <Delay = 0.00>
ST_6 : Operation 464 [3/3] (0.99ns) (grouped into DSP with root node add_ln510_132)   --->   "%packed_product_217 = mul i42 %sext_ln507_154, i42 %conv3_i12_i_14_i" [source/int4_linear_controller.cpp:507->source/int4_linear_controller.cpp:897]   --->   Operation 464 'mul' 'packed_product_217' <Predicate = (!icmp_ln457)> <Delay = 0.99> <CoreInst = "DSP48">   --->   Core 127 'DSP48' <Latency = 4> <II = 1> <Delay = 0.43> <IPBlock> <Opcode : '' 'add' 'sub' 'mul' 'select'> <InPorts = 0> <OutPorts = 1> <Sync> <CReg>
ST_6 : Operation 465 [1/2] (0.76ns)   --->   "%packed_weight_218 = add i27 %shl_ln185_152, i27 %sext_ln185_155" [source/int4_linear_controller.cpp:185->source/int4_linear_controller.cpp:507->source/int4_linear_controller.cpp:897]   --->   Operation 465 'add' 'packed_weight_218' <Predicate = (!icmp_ln457)> <Delay = 0.76> <CoreInst = "Adder">   --->   Core 1 'Adder' <Latency = 1> <II = 1> <Delay = 0.85> <FuncUnit> <Opcode : 'add' 'sub'> <InPorts = 2> <OutPorts = 1>
ST_6 : Operation 466 [1/1] (0.00ns)   --->   "%specfucore_ln191 = specfucore void @_ssdm_op_SpecFUCore, i27 %packed_weight_218, i64 8, i64 4, i64 1" [source/int4_linear_controller.cpp:191->source/int4_linear_controller.cpp:507->source/int4_linear_controller.cpp:897]   --->   Operation 466 'specfucore' 'specfucore_ln191' <Predicate = (!icmp_ln457)> <Delay = 0.00>
ST_6 : Operation 467 [1/1] (0.00ns)   --->   "%sext_ln507_155 = sext i27 %packed_weight_218" [source/int4_linear_controller.cpp:507->source/int4_linear_controller.cpp:897]   --->   Operation 467 'sext' 'sext_ln507_155' <Predicate = (!icmp_ln457)> <Delay = 0.00>
ST_6 : Operation 468 [3/3] (0.99ns) (grouped into DSP with root node add_ln510_163)   --->   "%packed_product_218 = mul i42 %sext_ln507_155, i42 %conv3_i12_i_14_i" [source/int4_linear_controller.cpp:507->source/int4_linear_controller.cpp:897]   --->   Operation 468 'mul' 'packed_product_218' <Predicate = (!icmp_ln457)> <Delay = 0.99> <CoreInst = "DSP48">   --->   Core 127 'DSP48' <Latency = 4> <II = 1> <Delay = 0.43> <IPBlock> <Opcode : '' 'add' 'sub' 'mul' 'select'> <InPorts = 0> <OutPorts = 1> <Sync> <CReg>
ST_6 : Operation 469 [1/2] (0.76ns)   --->   "%packed_weight_219 = add i27 %shl_ln185_153, i27 %sext_ln185_156" [source/int4_linear_controller.cpp:185->source/int4_linear_controller.cpp:507->source/int4_linear_controller.cpp:897]   --->   Operation 469 'add' 'packed_weight_219' <Predicate = (!icmp_ln457)> <Delay = 0.76> <CoreInst = "Adder">   --->   Core 1 'Adder' <Latency = 1> <II = 1> <Delay = 0.85> <FuncUnit> <Opcode : 'add' 'sub'> <InPorts = 2> <OutPorts = 1>
ST_6 : Operation 470 [1/1] (0.00ns)   --->   "%specfucore_ln191 = specfucore void @_ssdm_op_SpecFUCore, i27 %packed_weight_219, i64 8, i64 4, i64 1" [source/int4_linear_controller.cpp:191->source/int4_linear_controller.cpp:507->source/int4_linear_controller.cpp:897]   --->   Operation 470 'specfucore' 'specfucore_ln191' <Predicate = (!icmp_ln457)> <Delay = 0.00>
ST_6 : Operation 471 [1/1] (0.00ns)   --->   "%sext_ln507_156 = sext i27 %packed_weight_219" [source/int4_linear_controller.cpp:507->source/int4_linear_controller.cpp:897]   --->   Operation 471 'sext' 'sext_ln507_156' <Predicate = (!icmp_ln457)> <Delay = 0.00>
ST_6 : Operation 472 [3/3] (0.99ns) (grouped into DSP with root node add_ln510_144)   --->   "%packed_product_219 = mul i42 %sext_ln507_156, i42 %conv3_i12_i_15_i" [source/int4_linear_controller.cpp:507->source/int4_linear_controller.cpp:897]   --->   Operation 472 'mul' 'packed_product_219' <Predicate = (!icmp_ln457)> <Delay = 0.99> <CoreInst = "DSP48">   --->   Core 127 'DSP48' <Latency = 4> <II = 1> <Delay = 0.43> <IPBlock> <Opcode : '' 'add' 'sub' 'mul' 'select'> <InPorts = 0> <OutPorts = 1> <Sync> <CReg>
ST_6 : Operation 473 [1/2] (0.76ns)   --->   "%packed_weight_220 = add i27 %shl_ln185_154, i27 %sext_ln185_157" [source/int4_linear_controller.cpp:185->source/int4_linear_controller.cpp:507->source/int4_linear_controller.cpp:897]   --->   Operation 473 'add' 'packed_weight_220' <Predicate = (!icmp_ln457)> <Delay = 0.76> <CoreInst = "Adder">   --->   Core 1 'Adder' <Latency = 1> <II = 1> <Delay = 0.85> <FuncUnit> <Opcode : 'add' 'sub'> <InPorts = 2> <OutPorts = 1>
ST_6 : Operation 474 [1/1] (0.00ns)   --->   "%specfucore_ln191 = specfucore void @_ssdm_op_SpecFUCore, i27 %packed_weight_220, i64 8, i64 4, i64 1" [source/int4_linear_controller.cpp:191->source/int4_linear_controller.cpp:507->source/int4_linear_controller.cpp:897]   --->   Operation 474 'specfucore' 'specfucore_ln191' <Predicate = (!icmp_ln457)> <Delay = 0.00>
ST_6 : Operation 475 [1/1] (0.00ns)   --->   "%sext_ln507_157 = sext i27 %packed_weight_220" [source/int4_linear_controller.cpp:507->source/int4_linear_controller.cpp:897]   --->   Operation 475 'sext' 'sext_ln507_157' <Predicate = (!icmp_ln457)> <Delay = 0.00>
ST_6 : Operation 476 [3/3] (0.99ns) (grouped into DSP with root node add_ln510_175)   --->   "%packed_product_220 = mul i42 %sext_ln507_157, i42 %conv3_i12_i_15_i" [source/int4_linear_controller.cpp:507->source/int4_linear_controller.cpp:897]   --->   Operation 476 'mul' 'packed_product_220' <Predicate = (!icmp_ln457)> <Delay = 0.99> <CoreInst = "DSP48">   --->   Core 127 'DSP48' <Latency = 4> <II = 1> <Delay = 0.43> <IPBlock> <Opcode : '' 'add' 'sub' 'mul' 'select'> <InPorts = 0> <OutPorts = 1> <Sync> <CReg>
ST_6 : Operation 477 [1/2] (0.76ns)   --->   "%packed_weight_221 = add i27 %shl_ln185_155, i27 %sext_ln185_158" [source/int4_linear_controller.cpp:185->source/int4_linear_controller.cpp:507->source/int4_linear_controller.cpp:897]   --->   Operation 477 'add' 'packed_weight_221' <Predicate = (!icmp_ln457)> <Delay = 0.76> <CoreInst = "Adder">   --->   Core 1 'Adder' <Latency = 1> <II = 1> <Delay = 0.85> <FuncUnit> <Opcode : 'add' 'sub'> <InPorts = 2> <OutPorts = 1>
ST_6 : Operation 478 [1/1] (0.00ns)   --->   "%specfucore_ln191 = specfucore void @_ssdm_op_SpecFUCore, i27 %packed_weight_221, i64 8, i64 4, i64 1" [source/int4_linear_controller.cpp:191->source/int4_linear_controller.cpp:507->source/int4_linear_controller.cpp:897]   --->   Operation 478 'specfucore' 'specfucore_ln191' <Predicate = (!icmp_ln457)> <Delay = 0.00>
ST_6 : Operation 479 [1/1] (0.00ns)   --->   "%sext_ln507_158 = sext i27 %packed_weight_221" [source/int4_linear_controller.cpp:507->source/int4_linear_controller.cpp:897]   --->   Operation 479 'sext' 'sext_ln507_158' <Predicate = (!icmp_ln457)> <Delay = 0.00>
ST_6 : Operation 480 [3/3] (0.99ns) (grouped into DSP with root node add_ln510_145)   --->   "%packed_product_221 = mul i42 %sext_ln507_158, i42 %conv3_i12_i_16_i" [source/int4_linear_controller.cpp:507->source/int4_linear_controller.cpp:897]   --->   Operation 480 'mul' 'packed_product_221' <Predicate = (!icmp_ln457)> <Delay = 0.99> <CoreInst = "DSP48">   --->   Core 127 'DSP48' <Latency = 4> <II = 1> <Delay = 0.43> <IPBlock> <Opcode : '' 'add' 'sub' 'mul' 'select'> <InPorts = 0> <OutPorts = 1> <Sync> <CReg>
ST_6 : Operation 481 [1/2] (0.76ns)   --->   "%packed_weight_222 = add i27 %shl_ln185_156, i27 %sext_ln185_159" [source/int4_linear_controller.cpp:185->source/int4_linear_controller.cpp:507->source/int4_linear_controller.cpp:897]   --->   Operation 481 'add' 'packed_weight_222' <Predicate = (!icmp_ln457)> <Delay = 0.76> <CoreInst = "Adder">   --->   Core 1 'Adder' <Latency = 1> <II = 1> <Delay = 0.85> <FuncUnit> <Opcode : 'add' 'sub'> <InPorts = 2> <OutPorts = 1>
ST_6 : Operation 482 [1/1] (0.00ns)   --->   "%specfucore_ln191 = specfucore void @_ssdm_op_SpecFUCore, i27 %packed_weight_222, i64 8, i64 4, i64 1" [source/int4_linear_controller.cpp:191->source/int4_linear_controller.cpp:507->source/int4_linear_controller.cpp:897]   --->   Operation 482 'specfucore' 'specfucore_ln191' <Predicate = (!icmp_ln457)> <Delay = 0.00>
ST_6 : Operation 483 [1/1] (0.00ns)   --->   "%sext_ln507_159 = sext i27 %packed_weight_222" [source/int4_linear_controller.cpp:507->source/int4_linear_controller.cpp:897]   --->   Operation 483 'sext' 'sext_ln507_159' <Predicate = (!icmp_ln457)> <Delay = 0.00>
ST_6 : Operation 484 [3/3] (0.99ns) (grouped into DSP with root node add_ln510_176)   --->   "%packed_product_222 = mul i42 %sext_ln507_159, i42 %conv3_i12_i_16_i" [source/int4_linear_controller.cpp:507->source/int4_linear_controller.cpp:897]   --->   Operation 484 'mul' 'packed_product_222' <Predicate = (!icmp_ln457)> <Delay = 0.99> <CoreInst = "DSP48">   --->   Core 127 'DSP48' <Latency = 4> <II = 1> <Delay = 0.43> <IPBlock> <Opcode : '' 'add' 'sub' 'mul' 'select'> <InPorts = 0> <OutPorts = 1> <Sync> <CReg>
ST_6 : Operation 485 [3/5] (1.39ns)   --->   "%packed_product_223 = mul i42 %sext_ln507_160, i42 %conv3_i12_i_17_i" [source/int4_linear_controller.cpp:507->source/int4_linear_controller.cpp:897]   --->   Operation 485 'mul' 'packed_product_223' <Predicate = (!icmp_ln457)> <Delay = 1.39> <CoreInst = "Mul_DSP">   --->   Core 5 'Mul_DSP' <Latency = 4> <II = 1> <Delay = 2.17> <FuncUnit> <Opcode : 'mul'> <InPorts = 2> <OutPorts = 1>
ST_6 : Operation 486 [3/5] (1.39ns)   --->   "%packed_product_224 = mul i42 %sext_ln507_161, i42 %conv3_i12_i_17_i" [source/int4_linear_controller.cpp:507->source/int4_linear_controller.cpp:897]   --->   Operation 486 'mul' 'packed_product_224' <Predicate = (!icmp_ln457)> <Delay = 1.39> <CoreInst = "Mul_DSP">   --->   Core 5 'Mul_DSP' <Latency = 4> <II = 1> <Delay = 2.17> <FuncUnit> <Opcode : 'mul'> <InPorts = 2> <OutPorts = 1>
ST_6 : Operation 487 [1/2] (0.76ns)   --->   "%packed_weight_227 = add i27 %shl_ln185_161, i27 %sext_ln185_164" [source/int4_linear_controller.cpp:185->source/int4_linear_controller.cpp:507->source/int4_linear_controller.cpp:897]   --->   Operation 487 'add' 'packed_weight_227' <Predicate = (!icmp_ln457)> <Delay = 0.76> <CoreInst = "Adder">   --->   Core 1 'Adder' <Latency = 1> <II = 1> <Delay = 0.85> <FuncUnit> <Opcode : 'add' 'sub'> <InPorts = 2> <OutPorts = 1>
ST_6 : Operation 488 [1/1] (0.00ns)   --->   "%specfucore_ln191 = specfucore void @_ssdm_op_SpecFUCore, i27 %packed_weight_227, i64 8, i64 4, i64 1" [source/int4_linear_controller.cpp:191->source/int4_linear_controller.cpp:507->source/int4_linear_controller.cpp:897]   --->   Operation 488 'specfucore' 'specfucore_ln191' <Predicate = (!icmp_ln457)> <Delay = 0.00>
ST_6 : Operation 489 [1/1] (0.00ns)   --->   "%sext_ln507_164 = sext i27 %packed_weight_227" [source/int4_linear_controller.cpp:507->source/int4_linear_controller.cpp:897]   --->   Operation 489 'sext' 'sext_ln507_164' <Predicate = (!icmp_ln457)> <Delay = 0.00>
ST_6 : Operation 490 [5/5] (1.39ns)   --->   "%packed_product_227 = mul i42 %sext_ln507_164, i42 %conv3_i12_i_19_i" [source/int4_linear_controller.cpp:507->source/int4_linear_controller.cpp:897]   --->   Operation 490 'mul' 'packed_product_227' <Predicate = (!icmp_ln457)> <Delay = 1.39> <CoreInst = "Mul_DSP">   --->   Core 5 'Mul_DSP' <Latency = 4> <II = 1> <Delay = 2.17> <FuncUnit> <Opcode : 'mul'> <InPorts = 2> <OutPorts = 1>
ST_6 : Operation 491 [1/2] (0.76ns)   --->   "%packed_weight_228 = add i27 %shl_ln185_162, i27 %sext_ln185_165" [source/int4_linear_controller.cpp:185->source/int4_linear_controller.cpp:507->source/int4_linear_controller.cpp:897]   --->   Operation 491 'add' 'packed_weight_228' <Predicate = (!icmp_ln457)> <Delay = 0.76> <CoreInst = "Adder">   --->   Core 1 'Adder' <Latency = 1> <II = 1> <Delay = 0.85> <FuncUnit> <Opcode : 'add' 'sub'> <InPorts = 2> <OutPorts = 1>
ST_6 : Operation 492 [1/1] (0.00ns)   --->   "%specfucore_ln191 = specfucore void @_ssdm_op_SpecFUCore, i27 %packed_weight_228, i64 8, i64 4, i64 1" [source/int4_linear_controller.cpp:191->source/int4_linear_controller.cpp:507->source/int4_linear_controller.cpp:897]   --->   Operation 492 'specfucore' 'specfucore_ln191' <Predicate = (!icmp_ln457)> <Delay = 0.00>
ST_6 : Operation 493 [1/1] (0.00ns)   --->   "%sext_ln507_165 = sext i27 %packed_weight_228" [source/int4_linear_controller.cpp:507->source/int4_linear_controller.cpp:897]   --->   Operation 493 'sext' 'sext_ln507_165' <Predicate = (!icmp_ln457)> <Delay = 0.00>
ST_6 : Operation 494 [5/5] (1.39ns)   --->   "%packed_product_228 = mul i42 %sext_ln507_165, i42 %conv3_i12_i_19_i" [source/int4_linear_controller.cpp:507->source/int4_linear_controller.cpp:897]   --->   Operation 494 'mul' 'packed_product_228' <Predicate = (!icmp_ln457)> <Delay = 1.39> <CoreInst = "Mul_DSP">   --->   Core 5 'Mul_DSP' <Latency = 4> <II = 1> <Delay = 2.17> <FuncUnit> <Opcode : 'mul'> <InPorts = 2> <OutPorts = 1>
ST_6 : Operation 495 [3/5] (1.39ns)   --->   "%packed_product_229 = mul i42 %sext_ln507_166, i42 %conv3_i12_i_20_i" [source/int4_linear_controller.cpp:507->source/int4_linear_controller.cpp:897]   --->   Operation 495 'mul' 'packed_product_229' <Predicate = (!icmp_ln457)> <Delay = 1.39> <CoreInst = "Mul_DSP">   --->   Core 5 'Mul_DSP' <Latency = 4> <II = 1> <Delay = 2.17> <FuncUnit> <Opcode : 'mul'> <InPorts = 2> <OutPorts = 1>
ST_6 : Operation 496 [3/5] (1.39ns)   --->   "%packed_product_230 = mul i42 %sext_ln507_167, i42 %conv3_i12_i_20_i" [source/int4_linear_controller.cpp:507->source/int4_linear_controller.cpp:897]   --->   Operation 496 'mul' 'packed_product_230' <Predicate = (!icmp_ln457)> <Delay = 1.39> <CoreInst = "Mul_DSP">   --->   Core 5 'Mul_DSP' <Latency = 4> <II = 1> <Delay = 2.17> <FuncUnit> <Opcode : 'mul'> <InPorts = 2> <OutPorts = 1>
ST_6 : Operation 497 [3/5] (1.39ns)   --->   "%packed_product_233 = mul i42 %sext_ln507_170, i42 %conv3_i12_i_22_i" [source/int4_linear_controller.cpp:507->source/int4_linear_controller.cpp:897]   --->   Operation 497 'mul' 'packed_product_233' <Predicate = (!icmp_ln457)> <Delay = 1.39> <CoreInst = "Mul_DSP">   --->   Core 5 'Mul_DSP' <Latency = 4> <II = 1> <Delay = 2.17> <FuncUnit> <Opcode : 'mul'> <InPorts = 2> <OutPorts = 1>
ST_6 : Operation 498 [3/5] (1.39ns)   --->   "%packed_product_234 = mul i42 %sext_ln507_171, i42 %conv3_i12_i_22_i" [source/int4_linear_controller.cpp:507->source/int4_linear_controller.cpp:897]   --->   Operation 498 'mul' 'packed_product_234' <Predicate = (!icmp_ln457)> <Delay = 1.39> <CoreInst = "Mul_DSP">   --->   Core 5 'Mul_DSP' <Latency = 4> <II = 1> <Delay = 2.17> <FuncUnit> <Opcode : 'mul'> <InPorts = 2> <OutPorts = 1>
ST_6 : Operation 499 [3/5] (1.39ns)   --->   "%packed_product_237 = mul i42 %sext_ln507_174, i42 %conv3_i12_i_24_i" [source/int4_linear_controller.cpp:507->source/int4_linear_controller.cpp:897]   --->   Operation 499 'mul' 'packed_product_237' <Predicate = (!icmp_ln457)> <Delay = 1.39> <CoreInst = "Mul_DSP">   --->   Core 5 'Mul_DSP' <Latency = 4> <II = 1> <Delay = 2.17> <FuncUnit> <Opcode : 'mul'> <InPorts = 2> <OutPorts = 1>
ST_6 : Operation 500 [3/5] (1.39ns)   --->   "%packed_product_238 = mul i42 %sext_ln507_175, i42 %conv3_i12_i_24_i" [source/int4_linear_controller.cpp:507->source/int4_linear_controller.cpp:897]   --->   Operation 500 'mul' 'packed_product_238' <Predicate = (!icmp_ln457)> <Delay = 1.39> <CoreInst = "Mul_DSP">   --->   Core 5 'Mul_DSP' <Latency = 4> <II = 1> <Delay = 2.17> <FuncUnit> <Opcode : 'mul'> <InPorts = 2> <OutPorts = 1>
ST_6 : Operation 501 [1/2] (0.76ns)   --->   "%packed_weight_239 = add i27 %shl_ln185_173, i27 %sext_ln185_176" [source/int4_linear_controller.cpp:185->source/int4_linear_controller.cpp:507->source/int4_linear_controller.cpp:897]   --->   Operation 501 'add' 'packed_weight_239' <Predicate = (!icmp_ln457)> <Delay = 0.76> <CoreInst = "Adder">   --->   Core 1 'Adder' <Latency = 1> <II = 1> <Delay = 0.85> <FuncUnit> <Opcode : 'add' 'sub'> <InPorts = 2> <OutPorts = 1>
ST_6 : Operation 502 [1/1] (0.00ns)   --->   "%specfucore_ln191 = specfucore void @_ssdm_op_SpecFUCore, i27 %packed_weight_239, i64 8, i64 4, i64 1" [source/int4_linear_controller.cpp:191->source/int4_linear_controller.cpp:507->source/int4_linear_controller.cpp:897]   --->   Operation 502 'specfucore' 'specfucore_ln191' <Predicate = (!icmp_ln457)> <Delay = 0.00>
ST_6 : Operation 503 [1/1] (0.00ns)   --->   "%sext_ln507_176 = sext i27 %packed_weight_239" [source/int4_linear_controller.cpp:507->source/int4_linear_controller.cpp:897]   --->   Operation 503 'sext' 'sext_ln507_176' <Predicate = (!icmp_ln457)> <Delay = 0.00>
ST_6 : Operation 504 [3/3] (0.99ns) (grouped into DSP with root node add_ln510_140)   --->   "%packed_product_239 = mul i42 %sext_ln507_176, i42 %conv3_i12_i_25_i" [source/int4_linear_controller.cpp:507->source/int4_linear_controller.cpp:897]   --->   Operation 504 'mul' 'packed_product_239' <Predicate = (!icmp_ln457)> <Delay = 0.99> <CoreInst = "DSP48">   --->   Core 127 'DSP48' <Latency = 4> <II = 1> <Delay = 0.43> <IPBlock> <Opcode : '' 'add' 'sub' 'mul' 'select'> <InPorts = 0> <OutPorts = 1> <Sync> <CReg>
ST_6 : Operation 505 [1/2] (0.76ns)   --->   "%packed_weight_240 = add i27 %shl_ln185_174, i27 %sext_ln185_177" [source/int4_linear_controller.cpp:185->source/int4_linear_controller.cpp:507->source/int4_linear_controller.cpp:897]   --->   Operation 505 'add' 'packed_weight_240' <Predicate = (!icmp_ln457)> <Delay = 0.76> <CoreInst = "Adder">   --->   Core 1 'Adder' <Latency = 1> <II = 1> <Delay = 0.85> <FuncUnit> <Opcode : 'add' 'sub'> <InPorts = 2> <OutPorts = 1>
ST_6 : Operation 506 [1/1] (0.00ns)   --->   "%specfucore_ln191 = specfucore void @_ssdm_op_SpecFUCore, i27 %packed_weight_240, i64 8, i64 4, i64 1" [source/int4_linear_controller.cpp:191->source/int4_linear_controller.cpp:507->source/int4_linear_controller.cpp:897]   --->   Operation 506 'specfucore' 'specfucore_ln191' <Predicate = (!icmp_ln457)> <Delay = 0.00>
ST_6 : Operation 507 [1/1] (0.00ns)   --->   "%sext_ln507_177 = sext i27 %packed_weight_240" [source/int4_linear_controller.cpp:507->source/int4_linear_controller.cpp:897]   --->   Operation 507 'sext' 'sext_ln507_177' <Predicate = (!icmp_ln457)> <Delay = 0.00>
ST_6 : Operation 508 [3/3] (0.99ns) (grouped into DSP with root node add_ln510_171)   --->   "%packed_product_240 = mul i42 %sext_ln507_177, i42 %conv3_i12_i_25_i" [source/int4_linear_controller.cpp:507->source/int4_linear_controller.cpp:897]   --->   Operation 508 'mul' 'packed_product_240' <Predicate = (!icmp_ln457)> <Delay = 0.99> <CoreInst = "DSP48">   --->   Core 127 'DSP48' <Latency = 4> <II = 1> <Delay = 0.43> <IPBlock> <Opcode : '' 'add' 'sub' 'mul' 'select'> <InPorts = 0> <OutPorts = 1> <Sync> <CReg>
ST_6 : Operation 509 [1/2] (0.76ns)   --->   "%packed_weight_243 = add i27 %shl_ln185_177, i27 %sext_ln185_180" [source/int4_linear_controller.cpp:185->source/int4_linear_controller.cpp:507->source/int4_linear_controller.cpp:897]   --->   Operation 509 'add' 'packed_weight_243' <Predicate = (!icmp_ln457)> <Delay = 0.76> <CoreInst = "Adder">   --->   Core 1 'Adder' <Latency = 1> <II = 1> <Delay = 0.85> <FuncUnit> <Opcode : 'add' 'sub'> <InPorts = 2> <OutPorts = 1>
ST_6 : Operation 510 [1/1] (0.00ns)   --->   "%specfucore_ln191 = specfucore void @_ssdm_op_SpecFUCore, i27 %packed_weight_243, i64 8, i64 4, i64 1" [source/int4_linear_controller.cpp:191->source/int4_linear_controller.cpp:507->source/int4_linear_controller.cpp:897]   --->   Operation 510 'specfucore' 'specfucore_ln191' <Predicate = (!icmp_ln457)> <Delay = 0.00>
ST_6 : Operation 511 [1/1] (0.00ns)   --->   "%sext_ln507_180 = sext i27 %packed_weight_243" [source/int4_linear_controller.cpp:507->source/int4_linear_controller.cpp:897]   --->   Operation 511 'sext' 'sext_ln507_180' <Predicate = (!icmp_ln457)> <Delay = 0.00>
ST_6 : Operation 512 [5/5] (1.39ns)   --->   "%packed_product_243 = mul i42 %sext_ln507_180, i42 %conv3_i12_i_27_i" [source/int4_linear_controller.cpp:507->source/int4_linear_controller.cpp:897]   --->   Operation 512 'mul' 'packed_product_243' <Predicate = (!icmp_ln457)> <Delay = 1.39> <CoreInst = "Mul_DSP">   --->   Core 5 'Mul_DSP' <Latency = 4> <II = 1> <Delay = 2.17> <FuncUnit> <Opcode : 'mul'> <InPorts = 2> <OutPorts = 1>
ST_6 : Operation 513 [1/2] (0.76ns)   --->   "%packed_weight_244 = add i27 %shl_ln185_178, i27 %sext_ln185_181" [source/int4_linear_controller.cpp:185->source/int4_linear_controller.cpp:507->source/int4_linear_controller.cpp:897]   --->   Operation 513 'add' 'packed_weight_244' <Predicate = (!icmp_ln457)> <Delay = 0.76> <CoreInst = "Adder">   --->   Core 1 'Adder' <Latency = 1> <II = 1> <Delay = 0.85> <FuncUnit> <Opcode : 'add' 'sub'> <InPorts = 2> <OutPorts = 1>
ST_6 : Operation 514 [1/1] (0.00ns)   --->   "%specfucore_ln191 = specfucore void @_ssdm_op_SpecFUCore, i27 %packed_weight_244, i64 8, i64 4, i64 1" [source/int4_linear_controller.cpp:191->source/int4_linear_controller.cpp:507->source/int4_linear_controller.cpp:897]   --->   Operation 514 'specfucore' 'specfucore_ln191' <Predicate = (!icmp_ln457)> <Delay = 0.00>
ST_6 : Operation 515 [1/1] (0.00ns)   --->   "%sext_ln507_181 = sext i27 %packed_weight_244" [source/int4_linear_controller.cpp:507->source/int4_linear_controller.cpp:897]   --->   Operation 515 'sext' 'sext_ln507_181' <Predicate = (!icmp_ln457)> <Delay = 0.00>
ST_6 : Operation 516 [5/5] (1.39ns)   --->   "%packed_product_244 = mul i42 %sext_ln507_181, i42 %conv3_i12_i_27_i" [source/int4_linear_controller.cpp:507->source/int4_linear_controller.cpp:897]   --->   Operation 516 'mul' 'packed_product_244' <Predicate = (!icmp_ln457)> <Delay = 1.39> <CoreInst = "Mul_DSP">   --->   Core 5 'Mul_DSP' <Latency = 4> <II = 1> <Delay = 2.17> <FuncUnit> <Opcode : 'mul'> <InPorts = 2> <OutPorts = 1>
ST_6 : Operation 517 [1/2] (0.76ns)   --->   "%packed_weight_251 = add i27 %shl_ln185_185, i27 %sext_ln185_188" [source/int4_linear_controller.cpp:185->source/int4_linear_controller.cpp:507->source/int4_linear_controller.cpp:897]   --->   Operation 517 'add' 'packed_weight_251' <Predicate = (!icmp_ln457)> <Delay = 0.76> <CoreInst = "Adder">   --->   Core 1 'Adder' <Latency = 1> <II = 1> <Delay = 0.85> <FuncUnit> <Opcode : 'add' 'sub'> <InPorts = 2> <OutPorts = 1>
ST_6 : Operation 518 [1/1] (0.00ns)   --->   "%specfucore_ln191 = specfucore void @_ssdm_op_SpecFUCore, i27 %packed_weight_251, i64 8, i64 4, i64 1" [source/int4_linear_controller.cpp:191->source/int4_linear_controller.cpp:507->source/int4_linear_controller.cpp:897]   --->   Operation 518 'specfucore' 'specfucore_ln191' <Predicate = (!icmp_ln457)> <Delay = 0.00>
ST_6 : Operation 519 [1/1] (0.00ns)   --->   "%sext_ln507_188 = sext i27 %packed_weight_251" [source/int4_linear_controller.cpp:507->source/int4_linear_controller.cpp:897]   --->   Operation 519 'sext' 'sext_ln507_188' <Predicate = (!icmp_ln457)> <Delay = 0.00>
ST_6 : Operation 520 [3/3] (0.99ns) (grouped into DSP with root node add_ln510_148)   --->   "%packed_product_251 = mul i42 %sext_ln507_188, i42 %conv3_i12_i_31_i" [source/int4_linear_controller.cpp:507->source/int4_linear_controller.cpp:897]   --->   Operation 520 'mul' 'packed_product_251' <Predicate = (!icmp_ln457)> <Delay = 0.99> <CoreInst = "DSP48">   --->   Core 127 'DSP48' <Latency = 4> <II = 1> <Delay = 0.43> <IPBlock> <Opcode : '' 'add' 'sub' 'mul' 'select'> <InPorts = 0> <OutPorts = 1> <Sync> <CReg>
ST_6 : Operation 521 [1/2] (0.76ns)   --->   "%packed_weight_252 = add i27 %shl_ln185_186, i27 %sext_ln185_189" [source/int4_linear_controller.cpp:185->source/int4_linear_controller.cpp:507->source/int4_linear_controller.cpp:897]   --->   Operation 521 'add' 'packed_weight_252' <Predicate = (!icmp_ln457)> <Delay = 0.76> <CoreInst = "Adder">   --->   Core 1 'Adder' <Latency = 1> <II = 1> <Delay = 0.85> <FuncUnit> <Opcode : 'add' 'sub'> <InPorts = 2> <OutPorts = 1>
ST_6 : Operation 522 [1/1] (0.00ns)   --->   "%specfucore_ln191 = specfucore void @_ssdm_op_SpecFUCore, i27 %packed_weight_252, i64 8, i64 4, i64 1" [source/int4_linear_controller.cpp:191->source/int4_linear_controller.cpp:507->source/int4_linear_controller.cpp:897]   --->   Operation 522 'specfucore' 'specfucore_ln191' <Predicate = (!icmp_ln457)> <Delay = 0.00>
ST_6 : Operation 523 [1/1] (0.00ns)   --->   "%sext_ln507_189 = sext i27 %packed_weight_252" [source/int4_linear_controller.cpp:507->source/int4_linear_controller.cpp:897]   --->   Operation 523 'sext' 'sext_ln507_189' <Predicate = (!icmp_ln457)> <Delay = 0.00>
ST_6 : Operation 524 [3/3] (0.99ns) (grouped into DSP with root node add_ln510_179)   --->   "%packed_product_252 = mul i42 %sext_ln507_189, i42 %conv3_i12_i_31_i" [source/int4_linear_controller.cpp:507->source/int4_linear_controller.cpp:897]   --->   Operation 524 'mul' 'packed_product_252' <Predicate = (!icmp_ln457)> <Delay = 0.99> <CoreInst = "DSP48">   --->   Core 127 'DSP48' <Latency = 4> <II = 1> <Delay = 0.43> <IPBlock> <Opcode : '' 'add' 'sub' 'mul' 'select'> <InPorts = 0> <OutPorts = 1> <Sync> <CReg>

State 7 <SV = 6> <Delay = 1.39>
ST_7 : Operation 525 [2/5] (1.39ns)   --->   "%packed_product = mul i42 %sext_ln507, i42 %conv3_i12_i_i" [source/int4_linear_controller.cpp:507->source/int4_linear_controller.cpp:897]   --->   Operation 525 'mul' 'packed_product' <Predicate = (!icmp_ln457)> <Delay = 1.39> <CoreInst = "Mul_DSP">   --->   Core 5 'Mul_DSP' <Latency = 4> <II = 1> <Delay = 2.17> <FuncUnit> <Opcode : 'mul'> <InPorts = 2> <OutPorts = 1>
ST_7 : Operation 526 [2/5] (1.39ns)   --->   "%packed_product_190 = mul i42 %sext_ln507_127, i42 %conv3_i12_i_i" [source/int4_linear_controller.cpp:507->source/int4_linear_controller.cpp:897]   --->   Operation 526 'mul' 'packed_product_190' <Predicate = (!icmp_ln457)> <Delay = 1.39> <CoreInst = "Mul_DSP">   --->   Core 5 'Mul_DSP' <Latency = 4> <II = 1> <Delay = 2.17> <FuncUnit> <Opcode : 'mul'> <InPorts = 2> <OutPorts = 1>
ST_7 : Operation 527 [1/1] (0.00ns)   --->   "%shl_ln185_125 = bitconcatenate i27 @_ssdm_op_BitConcatenate.i27.i4.i23, i4 %tmp_185, i23 0" [source/int4_linear_controller.cpp:185->source/int4_linear_controller.cpp:507->source/int4_linear_controller.cpp:897]   --->   Operation 527 'bitconcatenate' 'shl_ln185_125' <Predicate = (!icmp_ln457)> <Delay = 0.00>
ST_7 : Operation 528 [1/1] (0.00ns)   --->   "%sext_ln185_128 = sext i4 %low_191" [source/int4_linear_controller.cpp:185->source/int4_linear_controller.cpp:507->source/int4_linear_controller.cpp:897]   --->   Operation 528 'sext' 'sext_ln185_128' <Predicate = (!icmp_ln457)> <Delay = 0.00>
ST_7 : Operation 529 [2/2] (0.76ns)   --->   "%packed_weight_191 = add i27 %shl_ln185_125, i27 %sext_ln185_128" [source/int4_linear_controller.cpp:185->source/int4_linear_controller.cpp:507->source/int4_linear_controller.cpp:897]   --->   Operation 529 'add' 'packed_weight_191' <Predicate = (!icmp_ln457)> <Delay = 0.76> <CoreInst = "Adder">   --->   Core 1 'Adder' <Latency = 1> <II = 1> <Delay = 0.85> <FuncUnit> <Opcode : 'add' 'sub'> <InPorts = 2> <OutPorts = 1>
ST_7 : Operation 530 [1/1] (0.00ns)   --->   "%shl_ln185_126 = bitconcatenate i27 @_ssdm_op_BitConcatenate.i27.i4.i23, i4 %tmp_186, i23 0" [source/int4_linear_controller.cpp:185->source/int4_linear_controller.cpp:507->source/int4_linear_controller.cpp:897]   --->   Operation 530 'bitconcatenate' 'shl_ln185_126' <Predicate = (!icmp_ln457)> <Delay = 0.00>
ST_7 : Operation 531 [1/1] (0.00ns)   --->   "%sext_ln185_129 = sext i4 %low_192" [source/int4_linear_controller.cpp:185->source/int4_linear_controller.cpp:507->source/int4_linear_controller.cpp:897]   --->   Operation 531 'sext' 'sext_ln185_129' <Predicate = (!icmp_ln457)> <Delay = 0.00>
ST_7 : Operation 532 [2/2] (0.76ns)   --->   "%packed_weight_192 = add i27 %shl_ln185_126, i27 %sext_ln185_129" [source/int4_linear_controller.cpp:185->source/int4_linear_controller.cpp:507->source/int4_linear_controller.cpp:897]   --->   Operation 532 'add' 'packed_weight_192' <Predicate = (!icmp_ln457)> <Delay = 0.76> <CoreInst = "Adder">   --->   Core 1 'Adder' <Latency = 1> <II = 1> <Delay = 0.85> <FuncUnit> <Opcode : 'add' 'sub'> <InPorts = 2> <OutPorts = 1>
ST_7 : Operation 533 [2/3] (0.99ns) (grouped into DSP with root node add_ln510)   --->   "%packed_product_193 = mul i42 %sext_ln507_130, i42 %conv3_i12_i_2_i" [source/int4_linear_controller.cpp:507->source/int4_linear_controller.cpp:897]   --->   Operation 533 'mul' 'packed_product_193' <Predicate = (!icmp_ln457)> <Delay = 0.99> <CoreInst = "DSP48">   --->   Core 127 'DSP48' <Latency = 4> <II = 1> <Delay = 0.43> <IPBlock> <Opcode : '' 'add' 'sub' 'mul' 'select'> <InPorts = 0> <OutPorts = 1> <Sync> <CReg>
ST_7 : Operation 534 [2/3] (0.99ns) (grouped into DSP with root node add_ln510_153)   --->   "%packed_product_194 = mul i42 %sext_ln507_131, i42 %conv3_i12_i_2_i" [source/int4_linear_controller.cpp:507->source/int4_linear_controller.cpp:897]   --->   Operation 534 'mul' 'packed_product_194' <Predicate = (!icmp_ln457)> <Delay = 0.99> <CoreInst = "DSP48">   --->   Core 127 'DSP48' <Latency = 4> <II = 1> <Delay = 0.43> <IPBlock> <Opcode : '' 'add' 'sub' 'mul' 'select'> <InPorts = 0> <OutPorts = 1> <Sync> <CReg>
ST_7 : Operation 535 [1/1] (0.00ns)   --->   "%shl_ln185_131 = bitconcatenate i27 @_ssdm_op_BitConcatenate.i27.i4.i23, i4 %tmp_191, i23 0" [source/int4_linear_controller.cpp:185->source/int4_linear_controller.cpp:507->source/int4_linear_controller.cpp:897]   --->   Operation 535 'bitconcatenate' 'shl_ln185_131' <Predicate = (!icmp_ln457)> <Delay = 0.00>
ST_7 : Operation 536 [1/1] (0.00ns)   --->   "%sext_ln185_134 = sext i4 %low_197" [source/int4_linear_controller.cpp:185->source/int4_linear_controller.cpp:507->source/int4_linear_controller.cpp:897]   --->   Operation 536 'sext' 'sext_ln185_134' <Predicate = (!icmp_ln457)> <Delay = 0.00>
ST_7 : Operation 537 [2/2] (0.76ns)   --->   "%packed_weight_197 = add i27 %shl_ln185_131, i27 %sext_ln185_134" [source/int4_linear_controller.cpp:185->source/int4_linear_controller.cpp:507->source/int4_linear_controller.cpp:897]   --->   Operation 537 'add' 'packed_weight_197' <Predicate = (!icmp_ln457)> <Delay = 0.76> <CoreInst = "Adder">   --->   Core 1 'Adder' <Latency = 1> <II = 1> <Delay = 0.85> <FuncUnit> <Opcode : 'add' 'sub'> <InPorts = 2> <OutPorts = 1>
ST_7 : Operation 538 [1/1] (0.00ns)   --->   "%shl_ln185_132 = bitconcatenate i27 @_ssdm_op_BitConcatenate.i27.i4.i23, i4 %tmp_192, i23 0" [source/int4_linear_controller.cpp:185->source/int4_linear_controller.cpp:507->source/int4_linear_controller.cpp:897]   --->   Operation 538 'bitconcatenate' 'shl_ln185_132' <Predicate = (!icmp_ln457)> <Delay = 0.00>
ST_7 : Operation 539 [1/1] (0.00ns)   --->   "%sext_ln185_135 = sext i4 %low_198" [source/int4_linear_controller.cpp:185->source/int4_linear_controller.cpp:507->source/int4_linear_controller.cpp:897]   --->   Operation 539 'sext' 'sext_ln185_135' <Predicate = (!icmp_ln457)> <Delay = 0.00>
ST_7 : Operation 540 [2/2] (0.76ns)   --->   "%packed_weight_198 = add i27 %shl_ln185_132, i27 %sext_ln185_135" [source/int4_linear_controller.cpp:185->source/int4_linear_controller.cpp:507->source/int4_linear_controller.cpp:897]   --->   Operation 540 'add' 'packed_weight_198' <Predicate = (!icmp_ln457)> <Delay = 0.76> <CoreInst = "Adder">   --->   Core 1 'Adder' <Latency = 1> <II = 1> <Delay = 0.85> <FuncUnit> <Opcode : 'add' 'sub'> <InPorts = 2> <OutPorts = 1>
ST_7 : Operation 541 [2/5] (1.39ns)   --->   "%packed_product_199 = mul i42 %sext_ln507_136, i42 %conv3_i12_i_5_i" [source/int4_linear_controller.cpp:507->source/int4_linear_controller.cpp:897]   --->   Operation 541 'mul' 'packed_product_199' <Predicate = (!icmp_ln457)> <Delay = 1.39> <CoreInst = "Mul_DSP">   --->   Core 5 'Mul_DSP' <Latency = 4> <II = 1> <Delay = 2.17> <FuncUnit> <Opcode : 'mul'> <InPorts = 2> <OutPorts = 1>
ST_7 : Operation 542 [2/5] (1.39ns)   --->   "%packed_product_200 = mul i42 %sext_ln507_137, i42 %conv3_i12_i_5_i" [source/int4_linear_controller.cpp:507->source/int4_linear_controller.cpp:897]   --->   Operation 542 'mul' 'packed_product_200' <Predicate = (!icmp_ln457)> <Delay = 1.39> <CoreInst = "Mul_DSP">   --->   Core 5 'Mul_DSP' <Latency = 4> <II = 1> <Delay = 2.17> <FuncUnit> <Opcode : 'mul'> <InPorts = 2> <OutPorts = 1>
ST_7 : Operation 543 [2/3] (0.99ns) (grouped into DSP with root node add_ln510_125)   --->   "%packed_product_201 = mul i42 %sext_ln507_138, i42 %conv3_i12_i_6_i" [source/int4_linear_controller.cpp:507->source/int4_linear_controller.cpp:897]   --->   Operation 543 'mul' 'packed_product_201' <Predicate = (!icmp_ln457)> <Delay = 0.99> <CoreInst = "DSP48">   --->   Core 127 'DSP48' <Latency = 4> <II = 1> <Delay = 0.43> <IPBlock> <Opcode : '' 'add' 'sub' 'mul' 'select'> <InPorts = 0> <OutPorts = 1> <Sync> <CReg>
ST_7 : Operation 544 [2/3] (0.99ns) (grouped into DSP with root node add_ln510_156)   --->   "%packed_product_202 = mul i42 %sext_ln507_139, i42 %conv3_i12_i_6_i" [source/int4_linear_controller.cpp:507->source/int4_linear_controller.cpp:897]   --->   Operation 544 'mul' 'packed_product_202' <Predicate = (!icmp_ln457)> <Delay = 0.99> <CoreInst = "DSP48">   --->   Core 127 'DSP48' <Latency = 4> <II = 1> <Delay = 0.43> <IPBlock> <Opcode : '' 'add' 'sub' 'mul' 'select'> <InPorts = 0> <OutPorts = 1> <Sync> <CReg>
ST_7 : Operation 545 [4/5] (1.39ns)   --->   "%packed_product_209 = mul i42 %sext_ln507_146, i42 %conv3_i12_i_10_i" [source/int4_linear_controller.cpp:507->source/int4_linear_controller.cpp:897]   --->   Operation 545 'mul' 'packed_product_209' <Predicate = (!icmp_ln457)> <Delay = 1.39> <CoreInst = "Mul_DSP">   --->   Core 5 'Mul_DSP' <Latency = 4> <II = 1> <Delay = 2.17> <FuncUnit> <Opcode : 'mul'> <InPorts = 2> <OutPorts = 1>
ST_7 : Operation 546 [4/5] (1.39ns)   --->   "%packed_product_210 = mul i42 %sext_ln507_147, i42 %conv3_i12_i_10_i" [source/int4_linear_controller.cpp:507->source/int4_linear_controller.cpp:897]   --->   Operation 546 'mul' 'packed_product_210' <Predicate = (!icmp_ln457)> <Delay = 1.39> <CoreInst = "Mul_DSP">   --->   Core 5 'Mul_DSP' <Latency = 4> <II = 1> <Delay = 2.17> <FuncUnit> <Opcode : 'mul'> <InPorts = 2> <OutPorts = 1>
ST_7 : Operation 547 [1/1] (0.00ns)   --->   "%shl_ln185_145 = bitconcatenate i27 @_ssdm_op_BitConcatenate.i27.i4.i23, i4 %tmp_205, i23 0" [source/int4_linear_controller.cpp:185->source/int4_linear_controller.cpp:507->source/int4_linear_controller.cpp:897]   --->   Operation 547 'bitconcatenate' 'shl_ln185_145' <Predicate = (!icmp_ln457)> <Delay = 0.00>
ST_7 : Operation 548 [1/1] (0.00ns)   --->   "%sext_ln185_148 = sext i4 %low_211" [source/int4_linear_controller.cpp:185->source/int4_linear_controller.cpp:507->source/int4_linear_controller.cpp:897]   --->   Operation 548 'sext' 'sext_ln185_148' <Predicate = (!icmp_ln457)> <Delay = 0.00>
ST_7 : Operation 549 [2/2] (0.76ns)   --->   "%packed_weight_211 = add i27 %shl_ln185_145, i27 %sext_ln185_148" [source/int4_linear_controller.cpp:185->source/int4_linear_controller.cpp:507->source/int4_linear_controller.cpp:897]   --->   Operation 549 'add' 'packed_weight_211' <Predicate = (!icmp_ln457)> <Delay = 0.76> <CoreInst = "Adder">   --->   Core 1 'Adder' <Latency = 1> <II = 1> <Delay = 0.85> <FuncUnit> <Opcode : 'add' 'sub'> <InPorts = 2> <OutPorts = 1>
ST_7 : Operation 550 [1/1] (0.00ns)   --->   "%shl_ln185_146 = bitconcatenate i27 @_ssdm_op_BitConcatenate.i27.i4.i23, i4 %tmp_206, i23 0" [source/int4_linear_controller.cpp:185->source/int4_linear_controller.cpp:507->source/int4_linear_controller.cpp:897]   --->   Operation 550 'bitconcatenate' 'shl_ln185_146' <Predicate = (!icmp_ln457)> <Delay = 0.00>
ST_7 : Operation 551 [1/1] (0.00ns)   --->   "%sext_ln185_149 = sext i4 %low_212" [source/int4_linear_controller.cpp:185->source/int4_linear_controller.cpp:507->source/int4_linear_controller.cpp:897]   --->   Operation 551 'sext' 'sext_ln185_149' <Predicate = (!icmp_ln457)> <Delay = 0.00>
ST_7 : Operation 552 [2/2] (0.76ns)   --->   "%packed_weight_212 = add i27 %shl_ln185_146, i27 %sext_ln185_149" [source/int4_linear_controller.cpp:185->source/int4_linear_controller.cpp:507->source/int4_linear_controller.cpp:897]   --->   Operation 552 'add' 'packed_weight_212' <Predicate = (!icmp_ln457)> <Delay = 0.76> <CoreInst = "Adder">   --->   Core 1 'Adder' <Latency = 1> <II = 1> <Delay = 0.85> <FuncUnit> <Opcode : 'add' 'sub'> <InPorts = 2> <OutPorts = 1>
ST_7 : Operation 553 [1/1] (0.00ns)   --->   "%shl_ln185_147 = bitconcatenate i27 @_ssdm_op_BitConcatenate.i27.i4.i23, i4 %tmp_207, i23 0" [source/int4_linear_controller.cpp:185->source/int4_linear_controller.cpp:507->source/int4_linear_controller.cpp:897]   --->   Operation 553 'bitconcatenate' 'shl_ln185_147' <Predicate = (!icmp_ln457)> <Delay = 0.00>
ST_7 : Operation 554 [1/1] (0.00ns)   --->   "%sext_ln185_150 = sext i4 %low_213" [source/int4_linear_controller.cpp:185->source/int4_linear_controller.cpp:507->source/int4_linear_controller.cpp:897]   --->   Operation 554 'sext' 'sext_ln185_150' <Predicate = (!icmp_ln457)> <Delay = 0.00>
ST_7 : Operation 555 [2/2] (0.76ns)   --->   "%packed_weight_213 = add i27 %shl_ln185_147, i27 %sext_ln185_150" [source/int4_linear_controller.cpp:185->source/int4_linear_controller.cpp:507->source/int4_linear_controller.cpp:897]   --->   Operation 555 'add' 'packed_weight_213' <Predicate = (!icmp_ln457)> <Delay = 0.76> <CoreInst = "Adder">   --->   Core 1 'Adder' <Latency = 1> <II = 1> <Delay = 0.85> <FuncUnit> <Opcode : 'add' 'sub'> <InPorts = 2> <OutPorts = 1>
ST_7 : Operation 556 [1/1] (0.00ns)   --->   "%shl_ln185_148 = bitconcatenate i27 @_ssdm_op_BitConcatenate.i27.i4.i23, i4 %tmp_208, i23 0" [source/int4_linear_controller.cpp:185->source/int4_linear_controller.cpp:507->source/int4_linear_controller.cpp:897]   --->   Operation 556 'bitconcatenate' 'shl_ln185_148' <Predicate = (!icmp_ln457)> <Delay = 0.00>
ST_7 : Operation 557 [1/1] (0.00ns)   --->   "%sext_ln185_151 = sext i4 %low_214" [source/int4_linear_controller.cpp:185->source/int4_linear_controller.cpp:507->source/int4_linear_controller.cpp:897]   --->   Operation 557 'sext' 'sext_ln185_151' <Predicate = (!icmp_ln457)> <Delay = 0.00>
ST_7 : Operation 558 [2/2] (0.76ns)   --->   "%packed_weight_214 = add i27 %shl_ln185_148, i27 %sext_ln185_151" [source/int4_linear_controller.cpp:185->source/int4_linear_controller.cpp:507->source/int4_linear_controller.cpp:897]   --->   Operation 558 'add' 'packed_weight_214' <Predicate = (!icmp_ln457)> <Delay = 0.76> <CoreInst = "Adder">   --->   Core 1 'Adder' <Latency = 1> <II = 1> <Delay = 0.85> <FuncUnit> <Opcode : 'add' 'sub'> <InPorts = 2> <OutPorts = 1>
ST_7 : Operation 559 [2/5] (1.39ns)   --->   "%packed_product_215 = mul i42 %sext_ln507_152, i42 %conv3_i12_i_13_i" [source/int4_linear_controller.cpp:507->source/int4_linear_controller.cpp:897]   --->   Operation 559 'mul' 'packed_product_215' <Predicate = (!icmp_ln457)> <Delay = 1.39> <CoreInst = "Mul_DSP">   --->   Core 5 'Mul_DSP' <Latency = 4> <II = 1> <Delay = 2.17> <FuncUnit> <Opcode : 'mul'> <InPorts = 2> <OutPorts = 1>
ST_7 : Operation 560 [2/5] (1.39ns)   --->   "%packed_product_216 = mul i42 %sext_ln507_153, i42 %conv3_i12_i_13_i" [source/int4_linear_controller.cpp:507->source/int4_linear_controller.cpp:897]   --->   Operation 560 'mul' 'packed_product_216' <Predicate = (!icmp_ln457)> <Delay = 1.39> <CoreInst = "Mul_DSP">   --->   Core 5 'Mul_DSP' <Latency = 4> <II = 1> <Delay = 2.17> <FuncUnit> <Opcode : 'mul'> <InPorts = 2> <OutPorts = 1>
ST_7 : Operation 561 [2/3] (0.99ns) (grouped into DSP with root node add_ln510_132)   --->   "%packed_product_217 = mul i42 %sext_ln507_154, i42 %conv3_i12_i_14_i" [source/int4_linear_controller.cpp:507->source/int4_linear_controller.cpp:897]   --->   Operation 561 'mul' 'packed_product_217' <Predicate = (!icmp_ln457)> <Delay = 0.99> <CoreInst = "DSP48">   --->   Core 127 'DSP48' <Latency = 4> <II = 1> <Delay = 0.43> <IPBlock> <Opcode : '' 'add' 'sub' 'mul' 'select'> <InPorts = 0> <OutPorts = 1> <Sync> <CReg>
ST_7 : Operation 562 [2/3] (0.99ns) (grouped into DSP with root node add_ln510_163)   --->   "%packed_product_218 = mul i42 %sext_ln507_155, i42 %conv3_i12_i_14_i" [source/int4_linear_controller.cpp:507->source/int4_linear_controller.cpp:897]   --->   Operation 562 'mul' 'packed_product_218' <Predicate = (!icmp_ln457)> <Delay = 0.99> <CoreInst = "DSP48">   --->   Core 127 'DSP48' <Latency = 4> <II = 1> <Delay = 0.43> <IPBlock> <Opcode : '' 'add' 'sub' 'mul' 'select'> <InPorts = 0> <OutPorts = 1> <Sync> <CReg>
ST_7 : Operation 563 [2/3] (0.99ns) (grouped into DSP with root node add_ln510_144)   --->   "%packed_product_219 = mul i42 %sext_ln507_156, i42 %conv3_i12_i_15_i" [source/int4_linear_controller.cpp:507->source/int4_linear_controller.cpp:897]   --->   Operation 563 'mul' 'packed_product_219' <Predicate = (!icmp_ln457)> <Delay = 0.99> <CoreInst = "DSP48">   --->   Core 127 'DSP48' <Latency = 4> <II = 1> <Delay = 0.43> <IPBlock> <Opcode : '' 'add' 'sub' 'mul' 'select'> <InPorts = 0> <OutPorts = 1> <Sync> <CReg>
ST_7 : Operation 564 [2/3] (0.99ns) (grouped into DSP with root node add_ln510_175)   --->   "%packed_product_220 = mul i42 %sext_ln507_157, i42 %conv3_i12_i_15_i" [source/int4_linear_controller.cpp:507->source/int4_linear_controller.cpp:897]   --->   Operation 564 'mul' 'packed_product_220' <Predicate = (!icmp_ln457)> <Delay = 0.99> <CoreInst = "DSP48">   --->   Core 127 'DSP48' <Latency = 4> <II = 1> <Delay = 0.43> <IPBlock> <Opcode : '' 'add' 'sub' 'mul' 'select'> <InPorts = 0> <OutPorts = 1> <Sync> <CReg>
ST_7 : Operation 565 [2/3] (0.99ns) (grouped into DSP with root node add_ln510_145)   --->   "%packed_product_221 = mul i42 %sext_ln507_158, i42 %conv3_i12_i_16_i" [source/int4_linear_controller.cpp:507->source/int4_linear_controller.cpp:897]   --->   Operation 565 'mul' 'packed_product_221' <Predicate = (!icmp_ln457)> <Delay = 0.99> <CoreInst = "DSP48">   --->   Core 127 'DSP48' <Latency = 4> <II = 1> <Delay = 0.43> <IPBlock> <Opcode : '' 'add' 'sub' 'mul' 'select'> <InPorts = 0> <OutPorts = 1> <Sync> <CReg>
ST_7 : Operation 566 [2/3] (0.99ns) (grouped into DSP with root node add_ln510_176)   --->   "%packed_product_222 = mul i42 %sext_ln507_159, i42 %conv3_i12_i_16_i" [source/int4_linear_controller.cpp:507->source/int4_linear_controller.cpp:897]   --->   Operation 566 'mul' 'packed_product_222' <Predicate = (!icmp_ln457)> <Delay = 0.99> <CoreInst = "DSP48">   --->   Core 127 'DSP48' <Latency = 4> <II = 1> <Delay = 0.43> <IPBlock> <Opcode : '' 'add' 'sub' 'mul' 'select'> <InPorts = 0> <OutPorts = 1> <Sync> <CReg>
ST_7 : Operation 567 [2/5] (1.39ns)   --->   "%packed_product_223 = mul i42 %sext_ln507_160, i42 %conv3_i12_i_17_i" [source/int4_linear_controller.cpp:507->source/int4_linear_controller.cpp:897]   --->   Operation 567 'mul' 'packed_product_223' <Predicate = (!icmp_ln457)> <Delay = 1.39> <CoreInst = "Mul_DSP">   --->   Core 5 'Mul_DSP' <Latency = 4> <II = 1> <Delay = 2.17> <FuncUnit> <Opcode : 'mul'> <InPorts = 2> <OutPorts = 1>
ST_7 : Operation 568 [2/5] (1.39ns)   --->   "%packed_product_224 = mul i42 %sext_ln507_161, i42 %conv3_i12_i_17_i" [source/int4_linear_controller.cpp:507->source/int4_linear_controller.cpp:897]   --->   Operation 568 'mul' 'packed_product_224' <Predicate = (!icmp_ln457)> <Delay = 1.39> <CoreInst = "Mul_DSP">   --->   Core 5 'Mul_DSP' <Latency = 4> <II = 1> <Delay = 2.17> <FuncUnit> <Opcode : 'mul'> <InPorts = 2> <OutPorts = 1>
ST_7 : Operation 569 [1/1] (0.00ns)   --->   "%shl_ln185_159 = bitconcatenate i27 @_ssdm_op_BitConcatenate.i27.i4.i23, i4 %tmp_219, i23 0" [source/int4_linear_controller.cpp:185->source/int4_linear_controller.cpp:507->source/int4_linear_controller.cpp:897]   --->   Operation 569 'bitconcatenate' 'shl_ln185_159' <Predicate = (!icmp_ln457)> <Delay = 0.00>
ST_7 : Operation 570 [1/1] (0.00ns)   --->   "%sext_ln185_162 = sext i4 %low_225" [source/int4_linear_controller.cpp:185->source/int4_linear_controller.cpp:507->source/int4_linear_controller.cpp:897]   --->   Operation 570 'sext' 'sext_ln185_162' <Predicate = (!icmp_ln457)> <Delay = 0.00>
ST_7 : Operation 571 [2/2] (0.76ns)   --->   "%packed_weight_225 = add i27 %shl_ln185_159, i27 %sext_ln185_162" [source/int4_linear_controller.cpp:185->source/int4_linear_controller.cpp:507->source/int4_linear_controller.cpp:897]   --->   Operation 571 'add' 'packed_weight_225' <Predicate = (!icmp_ln457)> <Delay = 0.76> <CoreInst = "Adder">   --->   Core 1 'Adder' <Latency = 1> <II = 1> <Delay = 0.85> <FuncUnit> <Opcode : 'add' 'sub'> <InPorts = 2> <OutPorts = 1>
ST_7 : Operation 572 [1/1] (0.00ns)   --->   "%shl_ln185_160 = bitconcatenate i27 @_ssdm_op_BitConcatenate.i27.i4.i23, i4 %tmp_220, i23 0" [source/int4_linear_controller.cpp:185->source/int4_linear_controller.cpp:507->source/int4_linear_controller.cpp:897]   --->   Operation 572 'bitconcatenate' 'shl_ln185_160' <Predicate = (!icmp_ln457)> <Delay = 0.00>
ST_7 : Operation 573 [1/1] (0.00ns)   --->   "%sext_ln185_163 = sext i4 %low_226" [source/int4_linear_controller.cpp:185->source/int4_linear_controller.cpp:507->source/int4_linear_controller.cpp:897]   --->   Operation 573 'sext' 'sext_ln185_163' <Predicate = (!icmp_ln457)> <Delay = 0.00>
ST_7 : Operation 574 [2/2] (0.76ns)   --->   "%packed_weight_226 = add i27 %shl_ln185_160, i27 %sext_ln185_163" [source/int4_linear_controller.cpp:185->source/int4_linear_controller.cpp:507->source/int4_linear_controller.cpp:897]   --->   Operation 574 'add' 'packed_weight_226' <Predicate = (!icmp_ln457)> <Delay = 0.76> <CoreInst = "Adder">   --->   Core 1 'Adder' <Latency = 1> <II = 1> <Delay = 0.85> <FuncUnit> <Opcode : 'add' 'sub'> <InPorts = 2> <OutPorts = 1>
ST_7 : Operation 575 [4/5] (1.39ns)   --->   "%packed_product_227 = mul i42 %sext_ln507_164, i42 %conv3_i12_i_19_i" [source/int4_linear_controller.cpp:507->source/int4_linear_controller.cpp:897]   --->   Operation 575 'mul' 'packed_product_227' <Predicate = (!icmp_ln457)> <Delay = 1.39> <CoreInst = "Mul_DSP">   --->   Core 5 'Mul_DSP' <Latency = 4> <II = 1> <Delay = 2.17> <FuncUnit> <Opcode : 'mul'> <InPorts = 2> <OutPorts = 1>
ST_7 : Operation 576 [4/5] (1.39ns)   --->   "%packed_product_228 = mul i42 %sext_ln507_165, i42 %conv3_i12_i_19_i" [source/int4_linear_controller.cpp:507->source/int4_linear_controller.cpp:897]   --->   Operation 576 'mul' 'packed_product_228' <Predicate = (!icmp_ln457)> <Delay = 1.39> <CoreInst = "Mul_DSP">   --->   Core 5 'Mul_DSP' <Latency = 4> <II = 1> <Delay = 2.17> <FuncUnit> <Opcode : 'mul'> <InPorts = 2> <OutPorts = 1>
ST_7 : Operation 577 [2/5] (1.39ns)   --->   "%packed_product_229 = mul i42 %sext_ln507_166, i42 %conv3_i12_i_20_i" [source/int4_linear_controller.cpp:507->source/int4_linear_controller.cpp:897]   --->   Operation 577 'mul' 'packed_product_229' <Predicate = (!icmp_ln457)> <Delay = 1.39> <CoreInst = "Mul_DSP">   --->   Core 5 'Mul_DSP' <Latency = 4> <II = 1> <Delay = 2.17> <FuncUnit> <Opcode : 'mul'> <InPorts = 2> <OutPorts = 1>
ST_7 : Operation 578 [2/5] (1.39ns)   --->   "%packed_product_230 = mul i42 %sext_ln507_167, i42 %conv3_i12_i_20_i" [source/int4_linear_controller.cpp:507->source/int4_linear_controller.cpp:897]   --->   Operation 578 'mul' 'packed_product_230' <Predicate = (!icmp_ln457)> <Delay = 1.39> <CoreInst = "Mul_DSP">   --->   Core 5 'Mul_DSP' <Latency = 4> <II = 1> <Delay = 2.17> <FuncUnit> <Opcode : 'mul'> <InPorts = 2> <OutPorts = 1>
ST_7 : Operation 579 [1/1] (0.00ns)   --->   "%shl_ln185_165 = bitconcatenate i27 @_ssdm_op_BitConcatenate.i27.i4.i23, i4 %tmp_225, i23 0" [source/int4_linear_controller.cpp:185->source/int4_linear_controller.cpp:507->source/int4_linear_controller.cpp:897]   --->   Operation 579 'bitconcatenate' 'shl_ln185_165' <Predicate = (!icmp_ln457)> <Delay = 0.00>
ST_7 : Operation 580 [1/1] (0.00ns)   --->   "%sext_ln185_168 = sext i4 %low_231" [source/int4_linear_controller.cpp:185->source/int4_linear_controller.cpp:507->source/int4_linear_controller.cpp:897]   --->   Operation 580 'sext' 'sext_ln185_168' <Predicate = (!icmp_ln457)> <Delay = 0.00>
ST_7 : Operation 581 [2/2] (0.76ns)   --->   "%packed_weight_231 = add i27 %shl_ln185_165, i27 %sext_ln185_168" [source/int4_linear_controller.cpp:185->source/int4_linear_controller.cpp:507->source/int4_linear_controller.cpp:897]   --->   Operation 581 'add' 'packed_weight_231' <Predicate = (!icmp_ln457)> <Delay = 0.76> <CoreInst = "Adder">   --->   Core 1 'Adder' <Latency = 1> <II = 1> <Delay = 0.85> <FuncUnit> <Opcode : 'add' 'sub'> <InPorts = 2> <OutPorts = 1>
ST_7 : Operation 582 [1/1] (0.00ns)   --->   "%shl_ln185_166 = bitconcatenate i27 @_ssdm_op_BitConcatenate.i27.i4.i23, i4 %tmp_226, i23 0" [source/int4_linear_controller.cpp:185->source/int4_linear_controller.cpp:507->source/int4_linear_controller.cpp:897]   --->   Operation 582 'bitconcatenate' 'shl_ln185_166' <Predicate = (!icmp_ln457)> <Delay = 0.00>
ST_7 : Operation 583 [1/1] (0.00ns)   --->   "%sext_ln185_169 = sext i4 %low_232" [source/int4_linear_controller.cpp:185->source/int4_linear_controller.cpp:507->source/int4_linear_controller.cpp:897]   --->   Operation 583 'sext' 'sext_ln185_169' <Predicate = (!icmp_ln457)> <Delay = 0.00>
ST_7 : Operation 584 [2/2] (0.76ns)   --->   "%packed_weight_232 = add i27 %shl_ln185_166, i27 %sext_ln185_169" [source/int4_linear_controller.cpp:185->source/int4_linear_controller.cpp:507->source/int4_linear_controller.cpp:897]   --->   Operation 584 'add' 'packed_weight_232' <Predicate = (!icmp_ln457)> <Delay = 0.76> <CoreInst = "Adder">   --->   Core 1 'Adder' <Latency = 1> <II = 1> <Delay = 0.85> <FuncUnit> <Opcode : 'add' 'sub'> <InPorts = 2> <OutPorts = 1>
ST_7 : Operation 585 [2/5] (1.39ns)   --->   "%packed_product_233 = mul i42 %sext_ln507_170, i42 %conv3_i12_i_22_i" [source/int4_linear_controller.cpp:507->source/int4_linear_controller.cpp:897]   --->   Operation 585 'mul' 'packed_product_233' <Predicate = (!icmp_ln457)> <Delay = 1.39> <CoreInst = "Mul_DSP">   --->   Core 5 'Mul_DSP' <Latency = 4> <II = 1> <Delay = 2.17> <FuncUnit> <Opcode : 'mul'> <InPorts = 2> <OutPorts = 1>
ST_7 : Operation 586 [2/5] (1.39ns)   --->   "%packed_product_234 = mul i42 %sext_ln507_171, i42 %conv3_i12_i_22_i" [source/int4_linear_controller.cpp:507->source/int4_linear_controller.cpp:897]   --->   Operation 586 'mul' 'packed_product_234' <Predicate = (!icmp_ln457)> <Delay = 1.39> <CoreInst = "Mul_DSP">   --->   Core 5 'Mul_DSP' <Latency = 4> <II = 1> <Delay = 2.17> <FuncUnit> <Opcode : 'mul'> <InPorts = 2> <OutPorts = 1>
ST_7 : Operation 587 [1/1] (0.00ns)   --->   "%shl_ln185_169 = bitconcatenate i27 @_ssdm_op_BitConcatenate.i27.i4.i23, i4 %tmp_229, i23 0" [source/int4_linear_controller.cpp:185->source/int4_linear_controller.cpp:507->source/int4_linear_controller.cpp:897]   --->   Operation 587 'bitconcatenate' 'shl_ln185_169' <Predicate = (!icmp_ln457)> <Delay = 0.00>
ST_7 : Operation 588 [1/1] (0.00ns)   --->   "%sext_ln185_172 = sext i4 %low_235" [source/int4_linear_controller.cpp:185->source/int4_linear_controller.cpp:507->source/int4_linear_controller.cpp:897]   --->   Operation 588 'sext' 'sext_ln185_172' <Predicate = (!icmp_ln457)> <Delay = 0.00>
ST_7 : Operation 589 [2/2] (0.76ns)   --->   "%packed_weight_235 = add i27 %shl_ln185_169, i27 %sext_ln185_172" [source/int4_linear_controller.cpp:185->source/int4_linear_controller.cpp:507->source/int4_linear_controller.cpp:897]   --->   Operation 589 'add' 'packed_weight_235' <Predicate = (!icmp_ln457)> <Delay = 0.76> <CoreInst = "Adder">   --->   Core 1 'Adder' <Latency = 1> <II = 1> <Delay = 0.85> <FuncUnit> <Opcode : 'add' 'sub'> <InPorts = 2> <OutPorts = 1>
ST_7 : Operation 590 [1/1] (0.00ns)   --->   "%shl_ln185_170 = bitconcatenate i27 @_ssdm_op_BitConcatenate.i27.i4.i23, i4 %tmp_230, i23 0" [source/int4_linear_controller.cpp:185->source/int4_linear_controller.cpp:507->source/int4_linear_controller.cpp:897]   --->   Operation 590 'bitconcatenate' 'shl_ln185_170' <Predicate = (!icmp_ln457)> <Delay = 0.00>
ST_7 : Operation 591 [1/1] (0.00ns)   --->   "%sext_ln185_173 = sext i4 %low_236" [source/int4_linear_controller.cpp:185->source/int4_linear_controller.cpp:507->source/int4_linear_controller.cpp:897]   --->   Operation 591 'sext' 'sext_ln185_173' <Predicate = (!icmp_ln457)> <Delay = 0.00>
ST_7 : Operation 592 [2/2] (0.76ns)   --->   "%packed_weight_236 = add i27 %shl_ln185_170, i27 %sext_ln185_173" [source/int4_linear_controller.cpp:185->source/int4_linear_controller.cpp:507->source/int4_linear_controller.cpp:897]   --->   Operation 592 'add' 'packed_weight_236' <Predicate = (!icmp_ln457)> <Delay = 0.76> <CoreInst = "Adder">   --->   Core 1 'Adder' <Latency = 1> <II = 1> <Delay = 0.85> <FuncUnit> <Opcode : 'add' 'sub'> <InPorts = 2> <OutPorts = 1>
ST_7 : Operation 593 [2/5] (1.39ns)   --->   "%packed_product_237 = mul i42 %sext_ln507_174, i42 %conv3_i12_i_24_i" [source/int4_linear_controller.cpp:507->source/int4_linear_controller.cpp:897]   --->   Operation 593 'mul' 'packed_product_237' <Predicate = (!icmp_ln457)> <Delay = 1.39> <CoreInst = "Mul_DSP">   --->   Core 5 'Mul_DSP' <Latency = 4> <II = 1> <Delay = 2.17> <FuncUnit> <Opcode : 'mul'> <InPorts = 2> <OutPorts = 1>
ST_7 : Operation 594 [2/5] (1.39ns)   --->   "%packed_product_238 = mul i42 %sext_ln507_175, i42 %conv3_i12_i_24_i" [source/int4_linear_controller.cpp:507->source/int4_linear_controller.cpp:897]   --->   Operation 594 'mul' 'packed_product_238' <Predicate = (!icmp_ln457)> <Delay = 1.39> <CoreInst = "Mul_DSP">   --->   Core 5 'Mul_DSP' <Latency = 4> <II = 1> <Delay = 2.17> <FuncUnit> <Opcode : 'mul'> <InPorts = 2> <OutPorts = 1>
ST_7 : Operation 595 [2/3] (0.99ns) (grouped into DSP with root node add_ln510_140)   --->   "%packed_product_239 = mul i42 %sext_ln507_176, i42 %conv3_i12_i_25_i" [source/int4_linear_controller.cpp:507->source/int4_linear_controller.cpp:897]   --->   Operation 595 'mul' 'packed_product_239' <Predicate = (!icmp_ln457)> <Delay = 0.99> <CoreInst = "DSP48">   --->   Core 127 'DSP48' <Latency = 4> <II = 1> <Delay = 0.43> <IPBlock> <Opcode : '' 'add' 'sub' 'mul' 'select'> <InPorts = 0> <OutPorts = 1> <Sync> <CReg>
ST_7 : Operation 596 [2/3] (0.99ns) (grouped into DSP with root node add_ln510_171)   --->   "%packed_product_240 = mul i42 %sext_ln507_177, i42 %conv3_i12_i_25_i" [source/int4_linear_controller.cpp:507->source/int4_linear_controller.cpp:897]   --->   Operation 596 'mul' 'packed_product_240' <Predicate = (!icmp_ln457)> <Delay = 0.99> <CoreInst = "DSP48">   --->   Core 127 'DSP48' <Latency = 4> <II = 1> <Delay = 0.43> <IPBlock> <Opcode : '' 'add' 'sub' 'mul' 'select'> <InPorts = 0> <OutPorts = 1> <Sync> <CReg>
ST_7 : Operation 597 [1/1] (0.00ns)   --->   "%shl_ln185_175 = bitconcatenate i27 @_ssdm_op_BitConcatenate.i27.i4.i23, i4 %tmp_235, i23 0" [source/int4_linear_controller.cpp:185->source/int4_linear_controller.cpp:507->source/int4_linear_controller.cpp:897]   --->   Operation 597 'bitconcatenate' 'shl_ln185_175' <Predicate = (!icmp_ln457)> <Delay = 0.00>
ST_7 : Operation 598 [1/1] (0.00ns)   --->   "%sext_ln185_178 = sext i4 %low_241" [source/int4_linear_controller.cpp:185->source/int4_linear_controller.cpp:507->source/int4_linear_controller.cpp:897]   --->   Operation 598 'sext' 'sext_ln185_178' <Predicate = (!icmp_ln457)> <Delay = 0.00>
ST_7 : Operation 599 [2/2] (0.76ns)   --->   "%packed_weight_241 = add i27 %shl_ln185_175, i27 %sext_ln185_178" [source/int4_linear_controller.cpp:185->source/int4_linear_controller.cpp:507->source/int4_linear_controller.cpp:897]   --->   Operation 599 'add' 'packed_weight_241' <Predicate = (!icmp_ln457)> <Delay = 0.76> <CoreInst = "Adder">   --->   Core 1 'Adder' <Latency = 1> <II = 1> <Delay = 0.85> <FuncUnit> <Opcode : 'add' 'sub'> <InPorts = 2> <OutPorts = 1>
ST_7 : Operation 600 [1/1] (0.00ns)   --->   "%shl_ln185_176 = bitconcatenate i27 @_ssdm_op_BitConcatenate.i27.i4.i23, i4 %tmp_236, i23 0" [source/int4_linear_controller.cpp:185->source/int4_linear_controller.cpp:507->source/int4_linear_controller.cpp:897]   --->   Operation 600 'bitconcatenate' 'shl_ln185_176' <Predicate = (!icmp_ln457)> <Delay = 0.00>
ST_7 : Operation 601 [1/1] (0.00ns)   --->   "%sext_ln185_179 = sext i4 %low_242" [source/int4_linear_controller.cpp:185->source/int4_linear_controller.cpp:507->source/int4_linear_controller.cpp:897]   --->   Operation 601 'sext' 'sext_ln185_179' <Predicate = (!icmp_ln457)> <Delay = 0.00>
ST_7 : Operation 602 [2/2] (0.76ns)   --->   "%packed_weight_242 = add i27 %shl_ln185_176, i27 %sext_ln185_179" [source/int4_linear_controller.cpp:185->source/int4_linear_controller.cpp:507->source/int4_linear_controller.cpp:897]   --->   Operation 602 'add' 'packed_weight_242' <Predicate = (!icmp_ln457)> <Delay = 0.76> <CoreInst = "Adder">   --->   Core 1 'Adder' <Latency = 1> <II = 1> <Delay = 0.85> <FuncUnit> <Opcode : 'add' 'sub'> <InPorts = 2> <OutPorts = 1>
ST_7 : Operation 603 [4/5] (1.39ns)   --->   "%packed_product_243 = mul i42 %sext_ln507_180, i42 %conv3_i12_i_27_i" [source/int4_linear_controller.cpp:507->source/int4_linear_controller.cpp:897]   --->   Operation 603 'mul' 'packed_product_243' <Predicate = (!icmp_ln457)> <Delay = 1.39> <CoreInst = "Mul_DSP">   --->   Core 5 'Mul_DSP' <Latency = 4> <II = 1> <Delay = 2.17> <FuncUnit> <Opcode : 'mul'> <InPorts = 2> <OutPorts = 1>
ST_7 : Operation 604 [4/5] (1.39ns)   --->   "%packed_product_244 = mul i42 %sext_ln507_181, i42 %conv3_i12_i_27_i" [source/int4_linear_controller.cpp:507->source/int4_linear_controller.cpp:897]   --->   Operation 604 'mul' 'packed_product_244' <Predicate = (!icmp_ln457)> <Delay = 1.39> <CoreInst = "Mul_DSP">   --->   Core 5 'Mul_DSP' <Latency = 4> <II = 1> <Delay = 2.17> <FuncUnit> <Opcode : 'mul'> <InPorts = 2> <OutPorts = 1>
ST_7 : Operation 605 [2/3] (0.99ns) (grouped into DSP with root node add_ln510_148)   --->   "%packed_product_251 = mul i42 %sext_ln507_188, i42 %conv3_i12_i_31_i" [source/int4_linear_controller.cpp:507->source/int4_linear_controller.cpp:897]   --->   Operation 605 'mul' 'packed_product_251' <Predicate = (!icmp_ln457)> <Delay = 0.99> <CoreInst = "DSP48">   --->   Core 127 'DSP48' <Latency = 4> <II = 1> <Delay = 0.43> <IPBlock> <Opcode : '' 'add' 'sub' 'mul' 'select'> <InPorts = 0> <OutPorts = 1> <Sync> <CReg>
ST_7 : Operation 606 [2/3] (0.99ns) (grouped into DSP with root node add_ln510_179)   --->   "%packed_product_252 = mul i42 %sext_ln507_189, i42 %conv3_i12_i_31_i" [source/int4_linear_controller.cpp:507->source/int4_linear_controller.cpp:897]   --->   Operation 606 'mul' 'packed_product_252' <Predicate = (!icmp_ln457)> <Delay = 0.99> <CoreInst = "DSP48">   --->   Core 127 'DSP48' <Latency = 4> <II = 1> <Delay = 0.43> <IPBlock> <Opcode : '' 'add' 'sub' 'mul' 'select'> <InPorts = 0> <OutPorts = 1> <Sync> <CReg>

State 8 <SV = 7> <Delay = 1.81>
ST_8 : Operation 607 [1/1] (0.00ns)   --->   "%conv3_i12_i_1_i = sext i15 %activation_94" [source/int4_linear_controller.cpp:491->source/int4_linear_controller.cpp:897]   --->   Operation 607 'sext' 'conv3_i12_i_1_i' <Predicate = (!icmp_ln457)> <Delay = 0.00>
ST_8 : Operation 608 [1/1] (0.00ns)   --->   "%conv3_i12_i_4_i = sext i15 %activation_97" [source/int4_linear_controller.cpp:491->source/int4_linear_controller.cpp:897]   --->   Operation 608 'sext' 'conv3_i12_i_4_i' <Predicate = (!icmp_ln457)> <Delay = 0.00>
ST_8 : Operation 609 [1/1] (0.00ns)   --->   "%conv3_i12_i_11_i = sext i15 %activation_104" [source/int4_linear_controller.cpp:491->source/int4_linear_controller.cpp:897]   --->   Operation 609 'sext' 'conv3_i12_i_11_i' <Predicate = (!icmp_ln457)> <Delay = 0.00>
ST_8 : Operation 610 [1/1] (0.00ns)   --->   "%conv3_i12_i_12_i = sext i15 %activation_105" [source/int4_linear_controller.cpp:491->source/int4_linear_controller.cpp:897]   --->   Operation 610 'sext' 'conv3_i12_i_12_i' <Predicate = (!icmp_ln457)> <Delay = 0.00>
ST_8 : Operation 611 [1/1] (0.00ns)   --->   "%conv3_i12_i_18_i = sext i15 %activation_111" [source/int4_linear_controller.cpp:491->source/int4_linear_controller.cpp:897]   --->   Operation 611 'sext' 'conv3_i12_i_18_i' <Predicate = (!icmp_ln457)> <Delay = 0.00>
ST_8 : Operation 612 [1/1] (0.00ns)   --->   "%conv3_i12_i_21_i = sext i15 %activation_114" [source/int4_linear_controller.cpp:491->source/int4_linear_controller.cpp:897]   --->   Operation 612 'sext' 'conv3_i12_i_21_i' <Predicate = (!icmp_ln457)> <Delay = 0.00>
ST_8 : Operation 613 [1/1] (0.00ns)   --->   "%conv3_i12_i_23_i = sext i15 %activation_116" [source/int4_linear_controller.cpp:491->source/int4_linear_controller.cpp:897]   --->   Operation 613 'sext' 'conv3_i12_i_23_i' <Predicate = (!icmp_ln457)> <Delay = 0.00>
ST_8 : Operation 614 [1/1] (0.00ns)   --->   "%conv3_i12_i_26_i = sext i15 %activation_119" [source/int4_linear_controller.cpp:491->source/int4_linear_controller.cpp:897]   --->   Operation 614 'sext' 'conv3_i12_i_26_i' <Predicate = (!icmp_ln457)> <Delay = 0.00>
ST_8 : Operation 615 [1/5] (1.39ns)   --->   "%packed_product = mul i42 %sext_ln507, i42 %conv3_i12_i_i" [source/int4_linear_controller.cpp:507->source/int4_linear_controller.cpp:897]   --->   Operation 615 'mul' 'packed_product' <Predicate = (!icmp_ln457)> <Delay = 1.39> <CoreInst = "Mul_DSP">   --->   Core 5 'Mul_DSP' <Latency = 4> <II = 1> <Delay = 2.17> <FuncUnit> <Opcode : 'mul'> <InPorts = 2> <OutPorts = 1>
ST_8 : Operation 616 [1/1] (0.00ns)   --->   "%specfucore_ln509 = specfucore void @_ssdm_op_SpecFUCore, i42 %packed_product, i64 12, i64 3, i64 4" [source/int4_linear_controller.cpp:509->source/int4_linear_controller.cpp:897]   --->   Operation 616 'specfucore' 'specfucore_ln509' <Predicate = (!icmp_ln457)> <Delay = 0.00>
ST_8 : Operation 617 [1/1] (0.00ns)   --->   "%sext_ln503 = sext i42 %packed_product" [source/int4_linear_controller.cpp:503->source/int4_linear_controller.cpp:897]   --->   Operation 617 'sext' 'sext_ln503' <Predicate = (!icmp_ln457)> <Delay = 0.00>
ST_8 : Operation 618 [1/5] (1.39ns)   --->   "%packed_product_190 = mul i42 %sext_ln507_127, i42 %conv3_i12_i_i" [source/int4_linear_controller.cpp:507->source/int4_linear_controller.cpp:897]   --->   Operation 618 'mul' 'packed_product_190' <Predicate = (!icmp_ln457)> <Delay = 1.39> <CoreInst = "Mul_DSP">   --->   Core 5 'Mul_DSP' <Latency = 4> <II = 1> <Delay = 2.17> <FuncUnit> <Opcode : 'mul'> <InPorts = 2> <OutPorts = 1>
ST_8 : Operation 619 [1/1] (0.00ns)   --->   "%specfucore_ln509 = specfucore void @_ssdm_op_SpecFUCore, i42 %packed_product_190, i64 12, i64 3, i64 4" [source/int4_linear_controller.cpp:509->source/int4_linear_controller.cpp:897]   --->   Operation 619 'specfucore' 'specfucore_ln509' <Predicate = (!icmp_ln457)> <Delay = 0.00>
ST_8 : Operation 620 [1/1] (0.00ns)   --->   "%sext_ln490 = sext i42 %packed_product_190" [source/int4_linear_controller.cpp:490->source/int4_linear_controller.cpp:897]   --->   Operation 620 'sext' 'sext_ln490' <Predicate = (!icmp_ln457)> <Delay = 0.00>
ST_8 : Operation 621 [1/2] (0.76ns)   --->   "%packed_weight_191 = add i27 %shl_ln185_125, i27 %sext_ln185_128" [source/int4_linear_controller.cpp:185->source/int4_linear_controller.cpp:507->source/int4_linear_controller.cpp:897]   --->   Operation 621 'add' 'packed_weight_191' <Predicate = (!icmp_ln457)> <Delay = 0.76> <CoreInst = "Adder">   --->   Core 1 'Adder' <Latency = 1> <II = 1> <Delay = 0.85> <FuncUnit> <Opcode : 'add' 'sub'> <InPorts = 2> <OutPorts = 1>
ST_8 : Operation 622 [1/1] (0.00ns)   --->   "%specfucore_ln191 = specfucore void @_ssdm_op_SpecFUCore, i27 %packed_weight_191, i64 8, i64 4, i64 1" [source/int4_linear_controller.cpp:191->source/int4_linear_controller.cpp:507->source/int4_linear_controller.cpp:897]   --->   Operation 622 'specfucore' 'specfucore_ln191' <Predicate = (!icmp_ln457)> <Delay = 0.00>
ST_8 : Operation 623 [1/1] (0.00ns)   --->   "%sext_ln507_128 = sext i27 %packed_weight_191" [source/int4_linear_controller.cpp:507->source/int4_linear_controller.cpp:897]   --->   Operation 623 'sext' 'sext_ln507_128' <Predicate = (!icmp_ln457)> <Delay = 0.00>
ST_8 : Operation 624 [3/3] (0.99ns) (grouped into DSP with root node add_ln510_123)   --->   "%packed_product_191 = mul i42 %sext_ln507_128, i42 %conv3_i12_i_1_i" [source/int4_linear_controller.cpp:507->source/int4_linear_controller.cpp:897]   --->   Operation 624 'mul' 'packed_product_191' <Predicate = (!icmp_ln457)> <Delay = 0.99> <CoreInst = "DSP48">   --->   Core 127 'DSP48' <Latency = 4> <II = 1> <Delay = 0.43> <IPBlock> <Opcode : '' 'add' 'sub' 'mul' 'select'> <InPorts = 0> <OutPorts = 1> <Sync> <CReg>
ST_8 : Operation 625 [1/2] (0.76ns)   --->   "%packed_weight_192 = add i27 %shl_ln185_126, i27 %sext_ln185_129" [source/int4_linear_controller.cpp:185->source/int4_linear_controller.cpp:507->source/int4_linear_controller.cpp:897]   --->   Operation 625 'add' 'packed_weight_192' <Predicate = (!icmp_ln457)> <Delay = 0.76> <CoreInst = "Adder">   --->   Core 1 'Adder' <Latency = 1> <II = 1> <Delay = 0.85> <FuncUnit> <Opcode : 'add' 'sub'> <InPorts = 2> <OutPorts = 1>
ST_8 : Operation 626 [1/1] (0.00ns)   --->   "%specfucore_ln191 = specfucore void @_ssdm_op_SpecFUCore, i27 %packed_weight_192, i64 8, i64 4, i64 1" [source/int4_linear_controller.cpp:191->source/int4_linear_controller.cpp:507->source/int4_linear_controller.cpp:897]   --->   Operation 626 'specfucore' 'specfucore_ln191' <Predicate = (!icmp_ln457)> <Delay = 0.00>
ST_8 : Operation 627 [1/1] (0.00ns)   --->   "%sext_ln507_129 = sext i27 %packed_weight_192" [source/int4_linear_controller.cpp:507->source/int4_linear_controller.cpp:897]   --->   Operation 627 'sext' 'sext_ln507_129' <Predicate = (!icmp_ln457)> <Delay = 0.00>
ST_8 : Operation 628 [3/3] (0.99ns) (grouped into DSP with root node add_ln510_154)   --->   "%packed_product_192 = mul i42 %sext_ln507_129, i42 %conv3_i12_i_1_i" [source/int4_linear_controller.cpp:507->source/int4_linear_controller.cpp:897]   --->   Operation 628 'mul' 'packed_product_192' <Predicate = (!icmp_ln457)> <Delay = 0.99> <CoreInst = "DSP48">   --->   Core 127 'DSP48' <Latency = 4> <II = 1> <Delay = 0.43> <IPBlock> <Opcode : '' 'add' 'sub' 'mul' 'select'> <InPorts = 0> <OutPorts = 1> <Sync> <CReg>
ST_8 : Operation 629 [1/3] (0.00ns) (grouped into DSP with root node add_ln510)   --->   "%packed_product_193 = mul i42 %sext_ln507_130, i42 %conv3_i12_i_2_i" [source/int4_linear_controller.cpp:507->source/int4_linear_controller.cpp:897]   --->   Operation 629 'mul' 'packed_product_193' <Predicate = (!icmp_ln457)> <Delay = 0.00> <CoreInst = "DSP48">   --->   Core 127 'DSP48' <Latency = 4> <II = 1> <Delay = 0.43> <IPBlock> <Opcode : '' 'add' 'sub' 'mul' 'select'> <InPorts = 0> <OutPorts = 1> <Sync> <CReg>
ST_8 : Operation 630 [1/1] (0.00ns)   --->   "%specfucore_ln509 = specfucore void @_ssdm_op_SpecFUCore, i42 %packed_product_193, i64 12, i64 3, i64 4" [source/int4_linear_controller.cpp:509->source/int4_linear_controller.cpp:897]   --->   Operation 630 'specfucore' 'specfucore_ln509' <Predicate = (!icmp_ln457)> <Delay = 0.00>
ST_8 : Operation 631 [1/1] (0.00ns) (grouped into DSP with root node add_ln510)   --->   "%sext_ln503_30 = sext i42 %packed_product_193" [source/int4_linear_controller.cpp:503->source/int4_linear_controller.cpp:897]   --->   Operation 631 'sext' 'sext_ln503_30' <Predicate = (!icmp_ln457)> <Delay = 0.00>
ST_8 : Operation 632 [1/3] (0.00ns) (grouped into DSP with root node add_ln510_153)   --->   "%packed_product_194 = mul i42 %sext_ln507_131, i42 %conv3_i12_i_2_i" [source/int4_linear_controller.cpp:507->source/int4_linear_controller.cpp:897]   --->   Operation 632 'mul' 'packed_product_194' <Predicate = (!icmp_ln457)> <Delay = 0.00> <CoreInst = "DSP48">   --->   Core 127 'DSP48' <Latency = 4> <II = 1> <Delay = 0.43> <IPBlock> <Opcode : '' 'add' 'sub' 'mul' 'select'> <InPorts = 0> <OutPorts = 1> <Sync> <CReg>
ST_8 : Operation 633 [1/1] (0.00ns)   --->   "%specfucore_ln509 = specfucore void @_ssdm_op_SpecFUCore, i42 %packed_product_194, i64 12, i64 3, i64 4" [source/int4_linear_controller.cpp:509->source/int4_linear_controller.cpp:897]   --->   Operation 633 'specfucore' 'specfucore_ln509' <Predicate = (!icmp_ln457)> <Delay = 0.00>
ST_8 : Operation 634 [1/1] (0.00ns) (grouped into DSP with root node add_ln510_153)   --->   "%sext_ln490_30 = sext i42 %packed_product_194" [source/int4_linear_controller.cpp:490->source/int4_linear_controller.cpp:897]   --->   Operation 634 'sext' 'sext_ln490_30' <Predicate = (!icmp_ln457)> <Delay = 0.00>
ST_8 : Operation 635 [1/2] (0.76ns)   --->   "%packed_weight_197 = add i27 %shl_ln185_131, i27 %sext_ln185_134" [source/int4_linear_controller.cpp:185->source/int4_linear_controller.cpp:507->source/int4_linear_controller.cpp:897]   --->   Operation 635 'add' 'packed_weight_197' <Predicate = (!icmp_ln457)> <Delay = 0.76> <CoreInst = "Adder">   --->   Core 1 'Adder' <Latency = 1> <II = 1> <Delay = 0.85> <FuncUnit> <Opcode : 'add' 'sub'> <InPorts = 2> <OutPorts = 1>
ST_8 : Operation 636 [1/1] (0.00ns)   --->   "%specfucore_ln191 = specfucore void @_ssdm_op_SpecFUCore, i27 %packed_weight_197, i64 8, i64 4, i64 1" [source/int4_linear_controller.cpp:191->source/int4_linear_controller.cpp:507->source/int4_linear_controller.cpp:897]   --->   Operation 636 'specfucore' 'specfucore_ln191' <Predicate = (!icmp_ln457)> <Delay = 0.00>
ST_8 : Operation 637 [1/1] (0.00ns)   --->   "%sext_ln507_134 = sext i27 %packed_weight_197" [source/int4_linear_controller.cpp:507->source/int4_linear_controller.cpp:897]   --->   Operation 637 'sext' 'sext_ln507_134' <Predicate = (!icmp_ln457)> <Delay = 0.00>
ST_8 : Operation 638 [3/3] (0.99ns) (grouped into DSP with root node add_ln510_126)   --->   "%packed_product_197 = mul i42 %sext_ln507_134, i42 %conv3_i12_i_4_i" [source/int4_linear_controller.cpp:507->source/int4_linear_controller.cpp:897]   --->   Operation 638 'mul' 'packed_product_197' <Predicate = (!icmp_ln457)> <Delay = 0.99> <CoreInst = "DSP48">   --->   Core 127 'DSP48' <Latency = 4> <II = 1> <Delay = 0.43> <IPBlock> <Opcode : '' 'add' 'sub' 'mul' 'select'> <InPorts = 0> <OutPorts = 1> <Sync> <CReg>
ST_8 : Operation 639 [1/2] (0.76ns)   --->   "%packed_weight_198 = add i27 %shl_ln185_132, i27 %sext_ln185_135" [source/int4_linear_controller.cpp:185->source/int4_linear_controller.cpp:507->source/int4_linear_controller.cpp:897]   --->   Operation 639 'add' 'packed_weight_198' <Predicate = (!icmp_ln457)> <Delay = 0.76> <CoreInst = "Adder">   --->   Core 1 'Adder' <Latency = 1> <II = 1> <Delay = 0.85> <FuncUnit> <Opcode : 'add' 'sub'> <InPorts = 2> <OutPorts = 1>
ST_8 : Operation 640 [1/1] (0.00ns)   --->   "%specfucore_ln191 = specfucore void @_ssdm_op_SpecFUCore, i27 %packed_weight_198, i64 8, i64 4, i64 1" [source/int4_linear_controller.cpp:191->source/int4_linear_controller.cpp:507->source/int4_linear_controller.cpp:897]   --->   Operation 640 'specfucore' 'specfucore_ln191' <Predicate = (!icmp_ln457)> <Delay = 0.00>
ST_8 : Operation 641 [1/1] (0.00ns)   --->   "%sext_ln507_135 = sext i27 %packed_weight_198" [source/int4_linear_controller.cpp:507->source/int4_linear_controller.cpp:897]   --->   Operation 641 'sext' 'sext_ln507_135' <Predicate = (!icmp_ln457)> <Delay = 0.00>
ST_8 : Operation 642 [3/3] (0.99ns) (grouped into DSP with root node add_ln510_157)   --->   "%packed_product_198 = mul i42 %sext_ln507_135, i42 %conv3_i12_i_4_i" [source/int4_linear_controller.cpp:507->source/int4_linear_controller.cpp:897]   --->   Operation 642 'mul' 'packed_product_198' <Predicate = (!icmp_ln457)> <Delay = 0.99> <CoreInst = "DSP48">   --->   Core 127 'DSP48' <Latency = 4> <II = 1> <Delay = 0.43> <IPBlock> <Opcode : '' 'add' 'sub' 'mul' 'select'> <InPorts = 0> <OutPorts = 1> <Sync> <CReg>
ST_8 : Operation 643 [1/5] (1.39ns)   --->   "%packed_product_199 = mul i42 %sext_ln507_136, i42 %conv3_i12_i_5_i" [source/int4_linear_controller.cpp:507->source/int4_linear_controller.cpp:897]   --->   Operation 643 'mul' 'packed_product_199' <Predicate = (!icmp_ln457)> <Delay = 1.39> <CoreInst = "Mul_DSP">   --->   Core 5 'Mul_DSP' <Latency = 4> <II = 1> <Delay = 2.17> <FuncUnit> <Opcode : 'mul'> <InPorts = 2> <OutPorts = 1>
ST_8 : Operation 644 [1/1] (0.00ns)   --->   "%specfucore_ln509 = specfucore void @_ssdm_op_SpecFUCore, i42 %packed_product_199, i64 12, i64 3, i64 4" [source/int4_linear_controller.cpp:509->source/int4_linear_controller.cpp:897]   --->   Operation 644 'specfucore' 'specfucore_ln509' <Predicate = (!icmp_ln457)> <Delay = 0.00>
ST_8 : Operation 645 [1/1] (0.00ns)   --->   "%sext_ln503_56 = sext i42 %packed_product_199" [source/int4_linear_controller.cpp:503->source/int4_linear_controller.cpp:897]   --->   Operation 645 'sext' 'sext_ln503_56' <Predicate = (!icmp_ln457)> <Delay = 0.00>
ST_8 : Operation 646 [1/5] (1.39ns)   --->   "%packed_product_200 = mul i42 %sext_ln507_137, i42 %conv3_i12_i_5_i" [source/int4_linear_controller.cpp:507->source/int4_linear_controller.cpp:897]   --->   Operation 646 'mul' 'packed_product_200' <Predicate = (!icmp_ln457)> <Delay = 1.39> <CoreInst = "Mul_DSP">   --->   Core 5 'Mul_DSP' <Latency = 4> <II = 1> <Delay = 2.17> <FuncUnit> <Opcode : 'mul'> <InPorts = 2> <OutPorts = 1>
ST_8 : Operation 647 [1/1] (0.00ns)   --->   "%specfucore_ln509 = specfucore void @_ssdm_op_SpecFUCore, i42 %packed_product_200, i64 12, i64 3, i64 4" [source/int4_linear_controller.cpp:509->source/int4_linear_controller.cpp:897]   --->   Operation 647 'specfucore' 'specfucore_ln509' <Predicate = (!icmp_ln457)> <Delay = 0.00>
ST_8 : Operation 648 [1/1] (0.00ns)   --->   "%sext_ln490_56 = sext i42 %packed_product_200" [source/int4_linear_controller.cpp:490->source/int4_linear_controller.cpp:897]   --->   Operation 648 'sext' 'sext_ln490_56' <Predicate = (!icmp_ln457)> <Delay = 0.00>
ST_8 : Operation 649 [1/3] (0.00ns) (grouped into DSP with root node add_ln510_125)   --->   "%packed_product_201 = mul i42 %sext_ln507_138, i42 %conv3_i12_i_6_i" [source/int4_linear_controller.cpp:507->source/int4_linear_controller.cpp:897]   --->   Operation 649 'mul' 'packed_product_201' <Predicate = (!icmp_ln457)> <Delay = 0.00> <CoreInst = "DSP48">   --->   Core 127 'DSP48' <Latency = 4> <II = 1> <Delay = 0.43> <IPBlock> <Opcode : '' 'add' 'sub' 'mul' 'select'> <InPorts = 0> <OutPorts = 1> <Sync> <CReg>
ST_8 : Operation 650 [1/1] (0.00ns)   --->   "%specfucore_ln509 = specfucore void @_ssdm_op_SpecFUCore, i42 %packed_product_201, i64 12, i64 3, i64 4" [source/int4_linear_controller.cpp:509->source/int4_linear_controller.cpp:897]   --->   Operation 650 'specfucore' 'specfucore_ln509' <Predicate = (!icmp_ln457)> <Delay = 0.00>
ST_8 : Operation 651 [1/1] (0.00ns) (grouped into DSP with root node add_ln510_125)   --->   "%sext_ln503_57 = sext i42 %packed_product_201" [source/int4_linear_controller.cpp:503->source/int4_linear_controller.cpp:897]   --->   Operation 651 'sext' 'sext_ln503_57' <Predicate = (!icmp_ln457)> <Delay = 0.00>
ST_8 : Operation 652 [1/3] (0.00ns) (grouped into DSP with root node add_ln510_156)   --->   "%packed_product_202 = mul i42 %sext_ln507_139, i42 %conv3_i12_i_6_i" [source/int4_linear_controller.cpp:507->source/int4_linear_controller.cpp:897]   --->   Operation 652 'mul' 'packed_product_202' <Predicate = (!icmp_ln457)> <Delay = 0.00> <CoreInst = "DSP48">   --->   Core 127 'DSP48' <Latency = 4> <II = 1> <Delay = 0.43> <IPBlock> <Opcode : '' 'add' 'sub' 'mul' 'select'> <InPorts = 0> <OutPorts = 1> <Sync> <CReg>
ST_8 : Operation 653 [1/1] (0.00ns)   --->   "%specfucore_ln509 = specfucore void @_ssdm_op_SpecFUCore, i42 %packed_product_202, i64 12, i64 3, i64 4" [source/int4_linear_controller.cpp:509->source/int4_linear_controller.cpp:897]   --->   Operation 653 'specfucore' 'specfucore_ln509' <Predicate = (!icmp_ln457)> <Delay = 0.00>
ST_8 : Operation 654 [1/1] (0.00ns) (grouped into DSP with root node add_ln510_156)   --->   "%sext_ln490_57 = sext i42 %packed_product_202" [source/int4_linear_controller.cpp:490->source/int4_linear_controller.cpp:897]   --->   Operation 654 'sext' 'sext_ln490_57' <Predicate = (!icmp_ln457)> <Delay = 0.00>
ST_8 : Operation 655 [3/5] (1.39ns)   --->   "%packed_product_209 = mul i42 %sext_ln507_146, i42 %conv3_i12_i_10_i" [source/int4_linear_controller.cpp:507->source/int4_linear_controller.cpp:897]   --->   Operation 655 'mul' 'packed_product_209' <Predicate = (!icmp_ln457)> <Delay = 1.39> <CoreInst = "Mul_DSP">   --->   Core 5 'Mul_DSP' <Latency = 4> <II = 1> <Delay = 2.17> <FuncUnit> <Opcode : 'mul'> <InPorts = 2> <OutPorts = 1>
ST_8 : Operation 656 [3/5] (1.39ns)   --->   "%packed_product_210 = mul i42 %sext_ln507_147, i42 %conv3_i12_i_10_i" [source/int4_linear_controller.cpp:507->source/int4_linear_controller.cpp:897]   --->   Operation 656 'mul' 'packed_product_210' <Predicate = (!icmp_ln457)> <Delay = 1.39> <CoreInst = "Mul_DSP">   --->   Core 5 'Mul_DSP' <Latency = 4> <II = 1> <Delay = 2.17> <FuncUnit> <Opcode : 'mul'> <InPorts = 2> <OutPorts = 1>
ST_8 : Operation 657 [1/2] (0.76ns)   --->   "%packed_weight_211 = add i27 %shl_ln185_145, i27 %sext_ln185_148" [source/int4_linear_controller.cpp:185->source/int4_linear_controller.cpp:507->source/int4_linear_controller.cpp:897]   --->   Operation 657 'add' 'packed_weight_211' <Predicate = (!icmp_ln457)> <Delay = 0.76> <CoreInst = "Adder">   --->   Core 1 'Adder' <Latency = 1> <II = 1> <Delay = 0.85> <FuncUnit> <Opcode : 'add' 'sub'> <InPorts = 2> <OutPorts = 1>
ST_8 : Operation 658 [1/1] (0.00ns)   --->   "%specfucore_ln191 = specfucore void @_ssdm_op_SpecFUCore, i27 %packed_weight_211, i64 8, i64 4, i64 1" [source/int4_linear_controller.cpp:191->source/int4_linear_controller.cpp:507->source/int4_linear_controller.cpp:897]   --->   Operation 658 'specfucore' 'specfucore_ln191' <Predicate = (!icmp_ln457)> <Delay = 0.00>
ST_8 : Operation 659 [1/1] (0.00ns)   --->   "%sext_ln507_148 = sext i27 %packed_weight_211" [source/int4_linear_controller.cpp:507->source/int4_linear_controller.cpp:897]   --->   Operation 659 'sext' 'sext_ln507_148' <Predicate = (!icmp_ln457)> <Delay = 0.00>
ST_8 : Operation 660 [3/3] (0.99ns) (grouped into DSP with root node add_ln510_131)   --->   "%packed_product_211 = mul i42 %sext_ln507_148, i42 %conv3_i12_i_11_i" [source/int4_linear_controller.cpp:507->source/int4_linear_controller.cpp:897]   --->   Operation 660 'mul' 'packed_product_211' <Predicate = (!icmp_ln457)> <Delay = 0.99> <CoreInst = "DSP48">   --->   Core 127 'DSP48' <Latency = 4> <II = 1> <Delay = 0.43> <IPBlock> <Opcode : '' 'add' 'sub' 'mul' 'select'> <InPorts = 0> <OutPorts = 1> <Sync> <CReg>
ST_8 : Operation 661 [1/2] (0.76ns)   --->   "%packed_weight_212 = add i27 %shl_ln185_146, i27 %sext_ln185_149" [source/int4_linear_controller.cpp:185->source/int4_linear_controller.cpp:507->source/int4_linear_controller.cpp:897]   --->   Operation 661 'add' 'packed_weight_212' <Predicate = (!icmp_ln457)> <Delay = 0.76> <CoreInst = "Adder">   --->   Core 1 'Adder' <Latency = 1> <II = 1> <Delay = 0.85> <FuncUnit> <Opcode : 'add' 'sub'> <InPorts = 2> <OutPorts = 1>
ST_8 : Operation 662 [1/1] (0.00ns)   --->   "%specfucore_ln191 = specfucore void @_ssdm_op_SpecFUCore, i27 %packed_weight_212, i64 8, i64 4, i64 1" [source/int4_linear_controller.cpp:191->source/int4_linear_controller.cpp:507->source/int4_linear_controller.cpp:897]   --->   Operation 662 'specfucore' 'specfucore_ln191' <Predicate = (!icmp_ln457)> <Delay = 0.00>
ST_8 : Operation 663 [1/1] (0.00ns)   --->   "%sext_ln507_149 = sext i27 %packed_weight_212" [source/int4_linear_controller.cpp:507->source/int4_linear_controller.cpp:897]   --->   Operation 663 'sext' 'sext_ln507_149' <Predicate = (!icmp_ln457)> <Delay = 0.00>
ST_8 : Operation 664 [3/3] (0.99ns) (grouped into DSP with root node add_ln510_162)   --->   "%packed_product_212 = mul i42 %sext_ln507_149, i42 %conv3_i12_i_11_i" [source/int4_linear_controller.cpp:507->source/int4_linear_controller.cpp:897]   --->   Operation 664 'mul' 'packed_product_212' <Predicate = (!icmp_ln457)> <Delay = 0.99> <CoreInst = "DSP48">   --->   Core 127 'DSP48' <Latency = 4> <II = 1> <Delay = 0.43> <IPBlock> <Opcode : '' 'add' 'sub' 'mul' 'select'> <InPorts = 0> <OutPorts = 1> <Sync> <CReg>
ST_8 : Operation 665 [1/2] (0.76ns)   --->   "%packed_weight_213 = add i27 %shl_ln185_147, i27 %sext_ln185_150" [source/int4_linear_controller.cpp:185->source/int4_linear_controller.cpp:507->source/int4_linear_controller.cpp:897]   --->   Operation 665 'add' 'packed_weight_213' <Predicate = (!icmp_ln457)> <Delay = 0.76> <CoreInst = "Adder">   --->   Core 1 'Adder' <Latency = 1> <II = 1> <Delay = 0.85> <FuncUnit> <Opcode : 'add' 'sub'> <InPorts = 2> <OutPorts = 1>
ST_8 : Operation 666 [1/1] (0.00ns)   --->   "%specfucore_ln191 = specfucore void @_ssdm_op_SpecFUCore, i27 %packed_weight_213, i64 8, i64 4, i64 1" [source/int4_linear_controller.cpp:191->source/int4_linear_controller.cpp:507->source/int4_linear_controller.cpp:897]   --->   Operation 666 'specfucore' 'specfucore_ln191' <Predicate = (!icmp_ln457)> <Delay = 0.00>
ST_8 : Operation 667 [1/1] (0.00ns)   --->   "%sext_ln507_150 = sext i27 %packed_weight_213" [source/int4_linear_controller.cpp:507->source/int4_linear_controller.cpp:897]   --->   Operation 667 'sext' 'sext_ln507_150' <Predicate = (!icmp_ln457)> <Delay = 0.00>
ST_8 : Operation 668 [3/3] (0.99ns) (grouped into DSP with root node add_ln510_133)   --->   "%packed_product_213 = mul i42 %sext_ln507_150, i42 %conv3_i12_i_12_i" [source/int4_linear_controller.cpp:507->source/int4_linear_controller.cpp:897]   --->   Operation 668 'mul' 'packed_product_213' <Predicate = (!icmp_ln457)> <Delay = 0.99> <CoreInst = "DSP48">   --->   Core 127 'DSP48' <Latency = 4> <II = 1> <Delay = 0.43> <IPBlock> <Opcode : '' 'add' 'sub' 'mul' 'select'> <InPorts = 0> <OutPorts = 1> <Sync> <CReg>
ST_8 : Operation 669 [1/2] (0.76ns)   --->   "%packed_weight_214 = add i27 %shl_ln185_148, i27 %sext_ln185_151" [source/int4_linear_controller.cpp:185->source/int4_linear_controller.cpp:507->source/int4_linear_controller.cpp:897]   --->   Operation 669 'add' 'packed_weight_214' <Predicate = (!icmp_ln457)> <Delay = 0.76> <CoreInst = "Adder">   --->   Core 1 'Adder' <Latency = 1> <II = 1> <Delay = 0.85> <FuncUnit> <Opcode : 'add' 'sub'> <InPorts = 2> <OutPorts = 1>
ST_8 : Operation 670 [1/1] (0.00ns)   --->   "%specfucore_ln191 = specfucore void @_ssdm_op_SpecFUCore, i27 %packed_weight_214, i64 8, i64 4, i64 1" [source/int4_linear_controller.cpp:191->source/int4_linear_controller.cpp:507->source/int4_linear_controller.cpp:897]   --->   Operation 670 'specfucore' 'specfucore_ln191' <Predicate = (!icmp_ln457)> <Delay = 0.00>
ST_8 : Operation 671 [1/1] (0.00ns)   --->   "%sext_ln507_151 = sext i27 %packed_weight_214" [source/int4_linear_controller.cpp:507->source/int4_linear_controller.cpp:897]   --->   Operation 671 'sext' 'sext_ln507_151' <Predicate = (!icmp_ln457)> <Delay = 0.00>
ST_8 : Operation 672 [3/3] (0.99ns) (grouped into DSP with root node add_ln510_164)   --->   "%packed_product_214 = mul i42 %sext_ln507_151, i42 %conv3_i12_i_12_i" [source/int4_linear_controller.cpp:507->source/int4_linear_controller.cpp:897]   --->   Operation 672 'mul' 'packed_product_214' <Predicate = (!icmp_ln457)> <Delay = 0.99> <CoreInst = "DSP48">   --->   Core 127 'DSP48' <Latency = 4> <II = 1> <Delay = 0.43> <IPBlock> <Opcode : '' 'add' 'sub' 'mul' 'select'> <InPorts = 0> <OutPorts = 1> <Sync> <CReg>
ST_8 : Operation 673 [1/5] (1.39ns)   --->   "%packed_product_215 = mul i42 %sext_ln507_152, i42 %conv3_i12_i_13_i" [source/int4_linear_controller.cpp:507->source/int4_linear_controller.cpp:897]   --->   Operation 673 'mul' 'packed_product_215' <Predicate = (!icmp_ln457)> <Delay = 1.39> <CoreInst = "Mul_DSP">   --->   Core 5 'Mul_DSP' <Latency = 4> <II = 1> <Delay = 2.17> <FuncUnit> <Opcode : 'mul'> <InPorts = 2> <OutPorts = 1>
ST_8 : Operation 674 [1/1] (0.00ns)   --->   "%specfucore_ln509 = specfucore void @_ssdm_op_SpecFUCore, i42 %packed_product_215, i64 12, i64 3, i64 4" [source/int4_linear_controller.cpp:509->source/int4_linear_controller.cpp:897]   --->   Operation 674 'specfucore' 'specfucore_ln509' <Predicate = (!icmp_ln457)> <Delay = 0.00>
ST_8 : Operation 675 [1/1] (0.00ns)   --->   "%sext_ln503_63 = sext i42 %packed_product_215" [source/int4_linear_controller.cpp:503->source/int4_linear_controller.cpp:897]   --->   Operation 675 'sext' 'sext_ln503_63' <Predicate = (!icmp_ln457)> <Delay = 0.00>
ST_8 : Operation 676 [1/5] (1.39ns)   --->   "%packed_product_216 = mul i42 %sext_ln507_153, i42 %conv3_i12_i_13_i" [source/int4_linear_controller.cpp:507->source/int4_linear_controller.cpp:897]   --->   Operation 676 'mul' 'packed_product_216' <Predicate = (!icmp_ln457)> <Delay = 1.39> <CoreInst = "Mul_DSP">   --->   Core 5 'Mul_DSP' <Latency = 4> <II = 1> <Delay = 2.17> <FuncUnit> <Opcode : 'mul'> <InPorts = 2> <OutPorts = 1>
ST_8 : Operation 677 [1/1] (0.00ns)   --->   "%specfucore_ln509 = specfucore void @_ssdm_op_SpecFUCore, i42 %packed_product_216, i64 12, i64 3, i64 4" [source/int4_linear_controller.cpp:509->source/int4_linear_controller.cpp:897]   --->   Operation 677 'specfucore' 'specfucore_ln509' <Predicate = (!icmp_ln457)> <Delay = 0.00>
ST_8 : Operation 678 [1/1] (0.00ns)   --->   "%sext_ln490_63 = sext i42 %packed_product_216" [source/int4_linear_controller.cpp:490->source/int4_linear_controller.cpp:897]   --->   Operation 678 'sext' 'sext_ln490_63' <Predicate = (!icmp_ln457)> <Delay = 0.00>
ST_8 : Operation 679 [1/3] (0.00ns) (grouped into DSP with root node add_ln510_132)   --->   "%packed_product_217 = mul i42 %sext_ln507_154, i42 %conv3_i12_i_14_i" [source/int4_linear_controller.cpp:507->source/int4_linear_controller.cpp:897]   --->   Operation 679 'mul' 'packed_product_217' <Predicate = (!icmp_ln457)> <Delay = 0.00> <CoreInst = "DSP48">   --->   Core 127 'DSP48' <Latency = 4> <II = 1> <Delay = 0.43> <IPBlock> <Opcode : '' 'add' 'sub' 'mul' 'select'> <InPorts = 0> <OutPorts = 1> <Sync> <CReg>
ST_8 : Operation 680 [1/1] (0.00ns)   --->   "%specfucore_ln509 = specfucore void @_ssdm_op_SpecFUCore, i42 %packed_product_217, i64 12, i64 3, i64 4" [source/int4_linear_controller.cpp:509->source/int4_linear_controller.cpp:897]   --->   Operation 680 'specfucore' 'specfucore_ln509' <Predicate = (!icmp_ln457)> <Delay = 0.00>
ST_8 : Operation 681 [1/1] (0.00ns) (grouped into DSP with root node add_ln510_132)   --->   "%sext_ln503_64 = sext i42 %packed_product_217" [source/int4_linear_controller.cpp:503->source/int4_linear_controller.cpp:897]   --->   Operation 681 'sext' 'sext_ln503_64' <Predicate = (!icmp_ln457)> <Delay = 0.00>
ST_8 : Operation 682 [1/3] (0.00ns) (grouped into DSP with root node add_ln510_163)   --->   "%packed_product_218 = mul i42 %sext_ln507_155, i42 %conv3_i12_i_14_i" [source/int4_linear_controller.cpp:507->source/int4_linear_controller.cpp:897]   --->   Operation 682 'mul' 'packed_product_218' <Predicate = (!icmp_ln457)> <Delay = 0.00> <CoreInst = "DSP48">   --->   Core 127 'DSP48' <Latency = 4> <II = 1> <Delay = 0.43> <IPBlock> <Opcode : '' 'add' 'sub' 'mul' 'select'> <InPorts = 0> <OutPorts = 1> <Sync> <CReg>
ST_8 : Operation 683 [1/1] (0.00ns)   --->   "%specfucore_ln509 = specfucore void @_ssdm_op_SpecFUCore, i42 %packed_product_218, i64 12, i64 3, i64 4" [source/int4_linear_controller.cpp:509->source/int4_linear_controller.cpp:897]   --->   Operation 683 'specfucore' 'specfucore_ln509' <Predicate = (!icmp_ln457)> <Delay = 0.00>
ST_8 : Operation 684 [1/1] (0.00ns) (grouped into DSP with root node add_ln510_163)   --->   "%sext_ln490_64 = sext i42 %packed_product_218" [source/int4_linear_controller.cpp:490->source/int4_linear_controller.cpp:897]   --->   Operation 684 'sext' 'sext_ln490_64' <Predicate = (!icmp_ln457)> <Delay = 0.00>
ST_8 : Operation 685 [1/3] (0.00ns) (grouped into DSP with root node add_ln510_144)   --->   "%packed_product_219 = mul i42 %sext_ln507_156, i42 %conv3_i12_i_15_i" [source/int4_linear_controller.cpp:507->source/int4_linear_controller.cpp:897]   --->   Operation 685 'mul' 'packed_product_219' <Predicate = (!icmp_ln457)> <Delay = 0.00> <CoreInst = "DSP48">   --->   Core 127 'DSP48' <Latency = 4> <II = 1> <Delay = 0.43> <IPBlock> <Opcode : '' 'add' 'sub' 'mul' 'select'> <InPorts = 0> <OutPorts = 1> <Sync> <CReg>
ST_8 : Operation 686 [1/1] (0.00ns)   --->   "%specfucore_ln509 = specfucore void @_ssdm_op_SpecFUCore, i42 %packed_product_219, i64 12, i64 3, i64 4" [source/int4_linear_controller.cpp:509->source/int4_linear_controller.cpp:897]   --->   Operation 686 'specfucore' 'specfucore_ln509' <Predicate = (!icmp_ln457)> <Delay = 0.00>
ST_8 : Operation 687 [1/1] (0.00ns) (grouped into DSP with root node add_ln510_144)   --->   "%sext_ln503_65 = sext i42 %packed_product_219" [source/int4_linear_controller.cpp:503->source/int4_linear_controller.cpp:897]   --->   Operation 687 'sext' 'sext_ln503_65' <Predicate = (!icmp_ln457)> <Delay = 0.00>
ST_8 : Operation 688 [1/3] (0.00ns) (grouped into DSP with root node add_ln510_175)   --->   "%packed_product_220 = mul i42 %sext_ln507_157, i42 %conv3_i12_i_15_i" [source/int4_linear_controller.cpp:507->source/int4_linear_controller.cpp:897]   --->   Operation 688 'mul' 'packed_product_220' <Predicate = (!icmp_ln457)> <Delay = 0.00> <CoreInst = "DSP48">   --->   Core 127 'DSP48' <Latency = 4> <II = 1> <Delay = 0.43> <IPBlock> <Opcode : '' 'add' 'sub' 'mul' 'select'> <InPorts = 0> <OutPorts = 1> <Sync> <CReg>
ST_8 : Operation 689 [1/1] (0.00ns)   --->   "%specfucore_ln509 = specfucore void @_ssdm_op_SpecFUCore, i42 %packed_product_220, i64 12, i64 3, i64 4" [source/int4_linear_controller.cpp:509->source/int4_linear_controller.cpp:897]   --->   Operation 689 'specfucore' 'specfucore_ln509' <Predicate = (!icmp_ln457)> <Delay = 0.00>
ST_8 : Operation 690 [1/1] (0.00ns) (grouped into DSP with root node add_ln510_175)   --->   "%sext_ln490_65 = sext i42 %packed_product_220" [source/int4_linear_controller.cpp:490->source/int4_linear_controller.cpp:897]   --->   Operation 690 'sext' 'sext_ln490_65' <Predicate = (!icmp_ln457)> <Delay = 0.00>
ST_8 : Operation 691 [1/3] (0.00ns) (grouped into DSP with root node add_ln510_145)   --->   "%packed_product_221 = mul i42 %sext_ln507_158, i42 %conv3_i12_i_16_i" [source/int4_linear_controller.cpp:507->source/int4_linear_controller.cpp:897]   --->   Operation 691 'mul' 'packed_product_221' <Predicate = (!icmp_ln457)> <Delay = 0.00> <CoreInst = "DSP48">   --->   Core 127 'DSP48' <Latency = 4> <II = 1> <Delay = 0.43> <IPBlock> <Opcode : '' 'add' 'sub' 'mul' 'select'> <InPorts = 0> <OutPorts = 1> <Sync> <CReg>
ST_8 : Operation 692 [1/1] (0.00ns)   --->   "%specfucore_ln509 = specfucore void @_ssdm_op_SpecFUCore, i42 %packed_product_221, i64 12, i64 3, i64 4" [source/int4_linear_controller.cpp:509->source/int4_linear_controller.cpp:897]   --->   Operation 692 'specfucore' 'specfucore_ln509' <Predicate = (!icmp_ln457)> <Delay = 0.00>
ST_8 : Operation 693 [1/1] (0.00ns) (grouped into DSP with root node add_ln510_145)   --->   "%sext_ln503_66 = sext i42 %packed_product_221" [source/int4_linear_controller.cpp:503->source/int4_linear_controller.cpp:897]   --->   Operation 693 'sext' 'sext_ln503_66' <Predicate = (!icmp_ln457)> <Delay = 0.00>
ST_8 : Operation 694 [1/3] (0.00ns) (grouped into DSP with root node add_ln510_176)   --->   "%packed_product_222 = mul i42 %sext_ln507_159, i42 %conv3_i12_i_16_i" [source/int4_linear_controller.cpp:507->source/int4_linear_controller.cpp:897]   --->   Operation 694 'mul' 'packed_product_222' <Predicate = (!icmp_ln457)> <Delay = 0.00> <CoreInst = "DSP48">   --->   Core 127 'DSP48' <Latency = 4> <II = 1> <Delay = 0.43> <IPBlock> <Opcode : '' 'add' 'sub' 'mul' 'select'> <InPorts = 0> <OutPorts = 1> <Sync> <CReg>
ST_8 : Operation 695 [1/1] (0.00ns)   --->   "%specfucore_ln509 = specfucore void @_ssdm_op_SpecFUCore, i42 %packed_product_222, i64 12, i64 3, i64 4" [source/int4_linear_controller.cpp:509->source/int4_linear_controller.cpp:897]   --->   Operation 695 'specfucore' 'specfucore_ln509' <Predicate = (!icmp_ln457)> <Delay = 0.00>
ST_8 : Operation 696 [1/1] (0.00ns) (grouped into DSP with root node add_ln510_176)   --->   "%sext_ln490_66 = sext i42 %packed_product_222" [source/int4_linear_controller.cpp:490->source/int4_linear_controller.cpp:897]   --->   Operation 696 'sext' 'sext_ln490_66' <Predicate = (!icmp_ln457)> <Delay = 0.00>
ST_8 : Operation 697 [1/5] (1.39ns)   --->   "%packed_product_223 = mul i42 %sext_ln507_160, i42 %conv3_i12_i_17_i" [source/int4_linear_controller.cpp:507->source/int4_linear_controller.cpp:897]   --->   Operation 697 'mul' 'packed_product_223' <Predicate = (!icmp_ln457)> <Delay = 1.39> <CoreInst = "Mul_DSP">   --->   Core 5 'Mul_DSP' <Latency = 4> <II = 1> <Delay = 2.17> <FuncUnit> <Opcode : 'mul'> <InPorts = 2> <OutPorts = 1>
ST_8 : Operation 698 [1/1] (0.00ns)   --->   "%specfucore_ln509 = specfucore void @_ssdm_op_SpecFUCore, i42 %packed_product_223, i64 12, i64 3, i64 4" [source/int4_linear_controller.cpp:509->source/int4_linear_controller.cpp:897]   --->   Operation 698 'specfucore' 'specfucore_ln509' <Predicate = (!icmp_ln457)> <Delay = 0.00>
ST_8 : Operation 699 [1/1] (0.00ns)   --->   "%sext_ln503_67 = sext i42 %packed_product_223" [source/int4_linear_controller.cpp:503->source/int4_linear_controller.cpp:897]   --->   Operation 699 'sext' 'sext_ln503_67' <Predicate = (!icmp_ln457)> <Delay = 0.00>
ST_8 : Operation 700 [1/5] (1.39ns)   --->   "%packed_product_224 = mul i42 %sext_ln507_161, i42 %conv3_i12_i_17_i" [source/int4_linear_controller.cpp:507->source/int4_linear_controller.cpp:897]   --->   Operation 700 'mul' 'packed_product_224' <Predicate = (!icmp_ln457)> <Delay = 1.39> <CoreInst = "Mul_DSP">   --->   Core 5 'Mul_DSP' <Latency = 4> <II = 1> <Delay = 2.17> <FuncUnit> <Opcode : 'mul'> <InPorts = 2> <OutPorts = 1>
ST_8 : Operation 701 [1/1] (0.00ns)   --->   "%specfucore_ln509 = specfucore void @_ssdm_op_SpecFUCore, i42 %packed_product_224, i64 12, i64 3, i64 4" [source/int4_linear_controller.cpp:509->source/int4_linear_controller.cpp:897]   --->   Operation 701 'specfucore' 'specfucore_ln509' <Predicate = (!icmp_ln457)> <Delay = 0.00>
ST_8 : Operation 702 [1/1] (0.00ns)   --->   "%sext_ln490_67 = sext i42 %packed_product_224" [source/int4_linear_controller.cpp:490->source/int4_linear_controller.cpp:897]   --->   Operation 702 'sext' 'sext_ln490_67' <Predicate = (!icmp_ln457)> <Delay = 0.00>
ST_8 : Operation 703 [1/2] (0.76ns)   --->   "%packed_weight_225 = add i27 %shl_ln185_159, i27 %sext_ln185_162" [source/int4_linear_controller.cpp:185->source/int4_linear_controller.cpp:507->source/int4_linear_controller.cpp:897]   --->   Operation 703 'add' 'packed_weight_225' <Predicate = (!icmp_ln457)> <Delay = 0.76> <CoreInst = "Adder">   --->   Core 1 'Adder' <Latency = 1> <II = 1> <Delay = 0.85> <FuncUnit> <Opcode : 'add' 'sub'> <InPorts = 2> <OutPorts = 1>
ST_8 : Operation 704 [1/1] (0.00ns)   --->   "%specfucore_ln191 = specfucore void @_ssdm_op_SpecFUCore, i27 %packed_weight_225, i64 8, i64 4, i64 1" [source/int4_linear_controller.cpp:191->source/int4_linear_controller.cpp:507->source/int4_linear_controller.cpp:897]   --->   Operation 704 'specfucore' 'specfucore_ln191' <Predicate = (!icmp_ln457)> <Delay = 0.00>
ST_8 : Operation 705 [1/1] (0.00ns)   --->   "%sext_ln507_162 = sext i27 %packed_weight_225" [source/int4_linear_controller.cpp:507->source/int4_linear_controller.cpp:897]   --->   Operation 705 'sext' 'sext_ln507_162' <Predicate = (!icmp_ln457)> <Delay = 0.00>
ST_8 : Operation 706 [3/3] (0.99ns) (grouped into DSP with root node add_ln510_147)   --->   "%packed_product_225 = mul i42 %sext_ln507_162, i42 %conv3_i12_i_18_i" [source/int4_linear_controller.cpp:507->source/int4_linear_controller.cpp:897]   --->   Operation 706 'mul' 'packed_product_225' <Predicate = (!icmp_ln457)> <Delay = 0.99> <CoreInst = "DSP48">   --->   Core 127 'DSP48' <Latency = 4> <II = 1> <Delay = 0.43> <IPBlock> <Opcode : '' 'add' 'sub' 'mul' 'select'> <InPorts = 0> <OutPorts = 1> <Sync> <CReg>
ST_8 : Operation 707 [1/2] (0.76ns)   --->   "%packed_weight_226 = add i27 %shl_ln185_160, i27 %sext_ln185_163" [source/int4_linear_controller.cpp:185->source/int4_linear_controller.cpp:507->source/int4_linear_controller.cpp:897]   --->   Operation 707 'add' 'packed_weight_226' <Predicate = (!icmp_ln457)> <Delay = 0.76> <CoreInst = "Adder">   --->   Core 1 'Adder' <Latency = 1> <II = 1> <Delay = 0.85> <FuncUnit> <Opcode : 'add' 'sub'> <InPorts = 2> <OutPorts = 1>
ST_8 : Operation 708 [1/1] (0.00ns)   --->   "%specfucore_ln191 = specfucore void @_ssdm_op_SpecFUCore, i27 %packed_weight_226, i64 8, i64 4, i64 1" [source/int4_linear_controller.cpp:191->source/int4_linear_controller.cpp:507->source/int4_linear_controller.cpp:897]   --->   Operation 708 'specfucore' 'specfucore_ln191' <Predicate = (!icmp_ln457)> <Delay = 0.00>
ST_8 : Operation 709 [1/1] (0.00ns)   --->   "%sext_ln507_163 = sext i27 %packed_weight_226" [source/int4_linear_controller.cpp:507->source/int4_linear_controller.cpp:897]   --->   Operation 709 'sext' 'sext_ln507_163' <Predicate = (!icmp_ln457)> <Delay = 0.00>
ST_8 : Operation 710 [3/3] (0.99ns) (grouped into DSP with root node add_ln510_178)   --->   "%packed_product_226 = mul i42 %sext_ln507_163, i42 %conv3_i12_i_18_i" [source/int4_linear_controller.cpp:507->source/int4_linear_controller.cpp:897]   --->   Operation 710 'mul' 'packed_product_226' <Predicate = (!icmp_ln457)> <Delay = 0.99> <CoreInst = "DSP48">   --->   Core 127 'DSP48' <Latency = 4> <II = 1> <Delay = 0.43> <IPBlock> <Opcode : '' 'add' 'sub' 'mul' 'select'> <InPorts = 0> <OutPorts = 1> <Sync> <CReg>
ST_8 : Operation 711 [3/5] (1.39ns)   --->   "%packed_product_227 = mul i42 %sext_ln507_164, i42 %conv3_i12_i_19_i" [source/int4_linear_controller.cpp:507->source/int4_linear_controller.cpp:897]   --->   Operation 711 'mul' 'packed_product_227' <Predicate = (!icmp_ln457)> <Delay = 1.39> <CoreInst = "Mul_DSP">   --->   Core 5 'Mul_DSP' <Latency = 4> <II = 1> <Delay = 2.17> <FuncUnit> <Opcode : 'mul'> <InPorts = 2> <OutPorts = 1>
ST_8 : Operation 712 [3/5] (1.39ns)   --->   "%packed_product_228 = mul i42 %sext_ln507_165, i42 %conv3_i12_i_19_i" [source/int4_linear_controller.cpp:507->source/int4_linear_controller.cpp:897]   --->   Operation 712 'mul' 'packed_product_228' <Predicate = (!icmp_ln457)> <Delay = 1.39> <CoreInst = "Mul_DSP">   --->   Core 5 'Mul_DSP' <Latency = 4> <II = 1> <Delay = 2.17> <FuncUnit> <Opcode : 'mul'> <InPorts = 2> <OutPorts = 1>
ST_8 : Operation 713 [1/5] (1.39ns)   --->   "%packed_product_229 = mul i42 %sext_ln507_166, i42 %conv3_i12_i_20_i" [source/int4_linear_controller.cpp:507->source/int4_linear_controller.cpp:897]   --->   Operation 713 'mul' 'packed_product_229' <Predicate = (!icmp_ln457)> <Delay = 1.39> <CoreInst = "Mul_DSP">   --->   Core 5 'Mul_DSP' <Latency = 4> <II = 1> <Delay = 2.17> <FuncUnit> <Opcode : 'mul'> <InPorts = 2> <OutPorts = 1>
ST_8 : Operation 714 [1/1] (0.00ns)   --->   "%specfucore_ln509 = specfucore void @_ssdm_op_SpecFUCore, i42 %packed_product_229, i64 12, i64 3, i64 4" [source/int4_linear_controller.cpp:509->source/int4_linear_controller.cpp:897]   --->   Operation 714 'specfucore' 'specfucore_ln509' <Predicate = (!icmp_ln457)> <Delay = 0.00>
ST_8 : Operation 715 [1/1] (0.00ns)   --->   "%sext_ln503_70 = sext i42 %packed_product_229" [source/int4_linear_controller.cpp:503->source/int4_linear_controller.cpp:897]   --->   Operation 715 'sext' 'sext_ln503_70' <Predicate = (!icmp_ln457)> <Delay = 0.00>
ST_8 : Operation 716 [1/5] (1.39ns)   --->   "%packed_product_230 = mul i42 %sext_ln507_167, i42 %conv3_i12_i_20_i" [source/int4_linear_controller.cpp:507->source/int4_linear_controller.cpp:897]   --->   Operation 716 'mul' 'packed_product_230' <Predicate = (!icmp_ln457)> <Delay = 1.39> <CoreInst = "Mul_DSP">   --->   Core 5 'Mul_DSP' <Latency = 4> <II = 1> <Delay = 2.17> <FuncUnit> <Opcode : 'mul'> <InPorts = 2> <OutPorts = 1>
ST_8 : Operation 717 [1/1] (0.00ns)   --->   "%specfucore_ln509 = specfucore void @_ssdm_op_SpecFUCore, i42 %packed_product_230, i64 12, i64 3, i64 4" [source/int4_linear_controller.cpp:509->source/int4_linear_controller.cpp:897]   --->   Operation 717 'specfucore' 'specfucore_ln509' <Predicate = (!icmp_ln457)> <Delay = 0.00>
ST_8 : Operation 718 [1/1] (0.00ns)   --->   "%sext_ln490_70 = sext i42 %packed_product_230" [source/int4_linear_controller.cpp:490->source/int4_linear_controller.cpp:897]   --->   Operation 718 'sext' 'sext_ln490_70' <Predicate = (!icmp_ln457)> <Delay = 0.00>
ST_8 : Operation 719 [1/2] (0.76ns)   --->   "%packed_weight_231 = add i27 %shl_ln185_165, i27 %sext_ln185_168" [source/int4_linear_controller.cpp:185->source/int4_linear_controller.cpp:507->source/int4_linear_controller.cpp:897]   --->   Operation 719 'add' 'packed_weight_231' <Predicate = (!icmp_ln457)> <Delay = 0.76> <CoreInst = "Adder">   --->   Core 1 'Adder' <Latency = 1> <II = 1> <Delay = 0.85> <FuncUnit> <Opcode : 'add' 'sub'> <InPorts = 2> <OutPorts = 1>
ST_8 : Operation 720 [1/1] (0.00ns)   --->   "%specfucore_ln191 = specfucore void @_ssdm_op_SpecFUCore, i27 %packed_weight_231, i64 8, i64 4, i64 1" [source/int4_linear_controller.cpp:191->source/int4_linear_controller.cpp:507->source/int4_linear_controller.cpp:897]   --->   Operation 720 'specfucore' 'specfucore_ln191' <Predicate = (!icmp_ln457)> <Delay = 0.00>
ST_8 : Operation 721 [1/1] (0.00ns)   --->   "%sext_ln507_168 = sext i27 %packed_weight_231" [source/int4_linear_controller.cpp:507->source/int4_linear_controller.cpp:897]   --->   Operation 721 'sext' 'sext_ln507_168' <Predicate = (!icmp_ln457)> <Delay = 0.00>
ST_8 : Operation 722 [3/3] (0.99ns) (grouped into DSP with root node add_ln510_149)   --->   "%packed_product_231 = mul i42 %sext_ln507_168, i42 %conv3_i12_i_21_i" [source/int4_linear_controller.cpp:507->source/int4_linear_controller.cpp:897]   --->   Operation 722 'mul' 'packed_product_231' <Predicate = (!icmp_ln457)> <Delay = 0.99> <CoreInst = "DSP48">   --->   Core 127 'DSP48' <Latency = 4> <II = 1> <Delay = 0.43> <IPBlock> <Opcode : '' 'add' 'sub' 'mul' 'select'> <InPorts = 0> <OutPorts = 1> <Sync> <CReg>
ST_8 : Operation 723 [1/2] (0.76ns)   --->   "%packed_weight_232 = add i27 %shl_ln185_166, i27 %sext_ln185_169" [source/int4_linear_controller.cpp:185->source/int4_linear_controller.cpp:507->source/int4_linear_controller.cpp:897]   --->   Operation 723 'add' 'packed_weight_232' <Predicate = (!icmp_ln457)> <Delay = 0.76> <CoreInst = "Adder">   --->   Core 1 'Adder' <Latency = 1> <II = 1> <Delay = 0.85> <FuncUnit> <Opcode : 'add' 'sub'> <InPorts = 2> <OutPorts = 1>
ST_8 : Operation 724 [1/1] (0.00ns)   --->   "%specfucore_ln191 = specfucore void @_ssdm_op_SpecFUCore, i27 %packed_weight_232, i64 8, i64 4, i64 1" [source/int4_linear_controller.cpp:191->source/int4_linear_controller.cpp:507->source/int4_linear_controller.cpp:897]   --->   Operation 724 'specfucore' 'specfucore_ln191' <Predicate = (!icmp_ln457)> <Delay = 0.00>
ST_8 : Operation 725 [1/1] (0.00ns)   --->   "%sext_ln507_169 = sext i27 %packed_weight_232" [source/int4_linear_controller.cpp:507->source/int4_linear_controller.cpp:897]   --->   Operation 725 'sext' 'sext_ln507_169' <Predicate = (!icmp_ln457)> <Delay = 0.00>
ST_8 : Operation 726 [3/3] (0.99ns) (grouped into DSP with root node add_ln510_180)   --->   "%packed_product_232 = mul i42 %sext_ln507_169, i42 %conv3_i12_i_21_i" [source/int4_linear_controller.cpp:507->source/int4_linear_controller.cpp:897]   --->   Operation 726 'mul' 'packed_product_232' <Predicate = (!icmp_ln457)> <Delay = 0.99> <CoreInst = "DSP48">   --->   Core 127 'DSP48' <Latency = 4> <II = 1> <Delay = 0.43> <IPBlock> <Opcode : '' 'add' 'sub' 'mul' 'select'> <InPorts = 0> <OutPorts = 1> <Sync> <CReg>
ST_8 : Operation 727 [1/5] (1.39ns)   --->   "%packed_product_233 = mul i42 %sext_ln507_170, i42 %conv3_i12_i_22_i" [source/int4_linear_controller.cpp:507->source/int4_linear_controller.cpp:897]   --->   Operation 727 'mul' 'packed_product_233' <Predicate = (!icmp_ln457)> <Delay = 1.39> <CoreInst = "Mul_DSP">   --->   Core 5 'Mul_DSP' <Latency = 4> <II = 1> <Delay = 2.17> <FuncUnit> <Opcode : 'mul'> <InPorts = 2> <OutPorts = 1>
ST_8 : Operation 728 [1/1] (0.00ns)   --->   "%specfucore_ln509 = specfucore void @_ssdm_op_SpecFUCore, i42 %packed_product_233, i64 12, i64 3, i64 4" [source/int4_linear_controller.cpp:509->source/int4_linear_controller.cpp:897]   --->   Operation 728 'specfucore' 'specfucore_ln509' <Predicate = (!icmp_ln457)> <Delay = 0.00>
ST_8 : Operation 729 [1/1] (0.00ns)   --->   "%sext_ln503_72 = sext i42 %packed_product_233" [source/int4_linear_controller.cpp:503->source/int4_linear_controller.cpp:897]   --->   Operation 729 'sext' 'sext_ln503_72' <Predicate = (!icmp_ln457)> <Delay = 0.00>
ST_8 : Operation 730 [1/5] (1.39ns)   --->   "%packed_product_234 = mul i42 %sext_ln507_171, i42 %conv3_i12_i_22_i" [source/int4_linear_controller.cpp:507->source/int4_linear_controller.cpp:897]   --->   Operation 730 'mul' 'packed_product_234' <Predicate = (!icmp_ln457)> <Delay = 1.39> <CoreInst = "Mul_DSP">   --->   Core 5 'Mul_DSP' <Latency = 4> <II = 1> <Delay = 2.17> <FuncUnit> <Opcode : 'mul'> <InPorts = 2> <OutPorts = 1>
ST_8 : Operation 731 [1/1] (0.00ns)   --->   "%specfucore_ln509 = specfucore void @_ssdm_op_SpecFUCore, i42 %packed_product_234, i64 12, i64 3, i64 4" [source/int4_linear_controller.cpp:509->source/int4_linear_controller.cpp:897]   --->   Operation 731 'specfucore' 'specfucore_ln509' <Predicate = (!icmp_ln457)> <Delay = 0.00>
ST_8 : Operation 732 [1/1] (0.00ns)   --->   "%sext_ln490_72 = sext i42 %packed_product_234" [source/int4_linear_controller.cpp:490->source/int4_linear_controller.cpp:897]   --->   Operation 732 'sext' 'sext_ln490_72' <Predicate = (!icmp_ln457)> <Delay = 0.00>
ST_8 : Operation 733 [1/2] (0.76ns)   --->   "%packed_weight_235 = add i27 %shl_ln185_169, i27 %sext_ln185_172" [source/int4_linear_controller.cpp:185->source/int4_linear_controller.cpp:507->source/int4_linear_controller.cpp:897]   --->   Operation 733 'add' 'packed_weight_235' <Predicate = (!icmp_ln457)> <Delay = 0.76> <CoreInst = "Adder">   --->   Core 1 'Adder' <Latency = 1> <II = 1> <Delay = 0.85> <FuncUnit> <Opcode : 'add' 'sub'> <InPorts = 2> <OutPorts = 1>
ST_8 : Operation 734 [1/1] (0.00ns)   --->   "%specfucore_ln191 = specfucore void @_ssdm_op_SpecFUCore, i27 %packed_weight_235, i64 8, i64 4, i64 1" [source/int4_linear_controller.cpp:191->source/int4_linear_controller.cpp:507->source/int4_linear_controller.cpp:897]   --->   Operation 734 'specfucore' 'specfucore_ln191' <Predicate = (!icmp_ln457)> <Delay = 0.00>
ST_8 : Operation 735 [1/1] (0.00ns)   --->   "%sext_ln507_172 = sext i27 %packed_weight_235" [source/int4_linear_controller.cpp:507->source/int4_linear_controller.cpp:897]   --->   Operation 735 'sext' 'sext_ln507_172' <Predicate = (!icmp_ln457)> <Delay = 0.00>
ST_8 : Operation 736 [3/3] (0.99ns) (grouped into DSP with root node add_ln510_141)   --->   "%packed_product_235 = mul i42 %sext_ln507_172, i42 %conv3_i12_i_23_i" [source/int4_linear_controller.cpp:507->source/int4_linear_controller.cpp:897]   --->   Operation 736 'mul' 'packed_product_235' <Predicate = (!icmp_ln457)> <Delay = 0.99> <CoreInst = "DSP48">   --->   Core 127 'DSP48' <Latency = 4> <II = 1> <Delay = 0.43> <IPBlock> <Opcode : '' 'add' 'sub' 'mul' 'select'> <InPorts = 0> <OutPorts = 1> <Sync> <CReg>
ST_8 : Operation 737 [1/2] (0.76ns)   --->   "%packed_weight_236 = add i27 %shl_ln185_170, i27 %sext_ln185_173" [source/int4_linear_controller.cpp:185->source/int4_linear_controller.cpp:507->source/int4_linear_controller.cpp:897]   --->   Operation 737 'add' 'packed_weight_236' <Predicate = (!icmp_ln457)> <Delay = 0.76> <CoreInst = "Adder">   --->   Core 1 'Adder' <Latency = 1> <II = 1> <Delay = 0.85> <FuncUnit> <Opcode : 'add' 'sub'> <InPorts = 2> <OutPorts = 1>
ST_8 : Operation 738 [1/1] (0.00ns)   --->   "%specfucore_ln191 = specfucore void @_ssdm_op_SpecFUCore, i27 %packed_weight_236, i64 8, i64 4, i64 1" [source/int4_linear_controller.cpp:191->source/int4_linear_controller.cpp:507->source/int4_linear_controller.cpp:897]   --->   Operation 738 'specfucore' 'specfucore_ln191' <Predicate = (!icmp_ln457)> <Delay = 0.00>
ST_8 : Operation 739 [1/1] (0.00ns)   --->   "%sext_ln507_173 = sext i27 %packed_weight_236" [source/int4_linear_controller.cpp:507->source/int4_linear_controller.cpp:897]   --->   Operation 739 'sext' 'sext_ln507_173' <Predicate = (!icmp_ln457)> <Delay = 0.00>
ST_8 : Operation 740 [3/3] (0.99ns) (grouped into DSP with root node add_ln510_172)   --->   "%packed_product_236 = mul i42 %sext_ln507_173, i42 %conv3_i12_i_23_i" [source/int4_linear_controller.cpp:507->source/int4_linear_controller.cpp:897]   --->   Operation 740 'mul' 'packed_product_236' <Predicate = (!icmp_ln457)> <Delay = 0.99> <CoreInst = "DSP48">   --->   Core 127 'DSP48' <Latency = 4> <II = 1> <Delay = 0.43> <IPBlock> <Opcode : '' 'add' 'sub' 'mul' 'select'> <InPorts = 0> <OutPorts = 1> <Sync> <CReg>
ST_8 : Operation 741 [1/5] (1.39ns)   --->   "%packed_product_237 = mul i42 %sext_ln507_174, i42 %conv3_i12_i_24_i" [source/int4_linear_controller.cpp:507->source/int4_linear_controller.cpp:897]   --->   Operation 741 'mul' 'packed_product_237' <Predicate = (!icmp_ln457)> <Delay = 1.39> <CoreInst = "Mul_DSP">   --->   Core 5 'Mul_DSP' <Latency = 4> <II = 1> <Delay = 2.17> <FuncUnit> <Opcode : 'mul'> <InPorts = 2> <OutPorts = 1>
ST_8 : Operation 742 [1/1] (0.00ns)   --->   "%specfucore_ln509 = specfucore void @_ssdm_op_SpecFUCore, i42 %packed_product_237, i64 12, i64 3, i64 4" [source/int4_linear_controller.cpp:509->source/int4_linear_controller.cpp:897]   --->   Operation 742 'specfucore' 'specfucore_ln509' <Predicate = (!icmp_ln457)> <Delay = 0.00>
ST_8 : Operation 743 [1/1] (0.00ns)   --->   "%sext_ln503_74 = sext i42 %packed_product_237" [source/int4_linear_controller.cpp:503->source/int4_linear_controller.cpp:897]   --->   Operation 743 'sext' 'sext_ln503_74' <Predicate = (!icmp_ln457)> <Delay = 0.00>
ST_8 : Operation 744 [1/5] (1.39ns)   --->   "%packed_product_238 = mul i42 %sext_ln507_175, i42 %conv3_i12_i_24_i" [source/int4_linear_controller.cpp:507->source/int4_linear_controller.cpp:897]   --->   Operation 744 'mul' 'packed_product_238' <Predicate = (!icmp_ln457)> <Delay = 1.39> <CoreInst = "Mul_DSP">   --->   Core 5 'Mul_DSP' <Latency = 4> <II = 1> <Delay = 2.17> <FuncUnit> <Opcode : 'mul'> <InPorts = 2> <OutPorts = 1>
ST_8 : Operation 745 [1/1] (0.00ns)   --->   "%specfucore_ln509 = specfucore void @_ssdm_op_SpecFUCore, i42 %packed_product_238, i64 12, i64 3, i64 4" [source/int4_linear_controller.cpp:509->source/int4_linear_controller.cpp:897]   --->   Operation 745 'specfucore' 'specfucore_ln509' <Predicate = (!icmp_ln457)> <Delay = 0.00>
ST_8 : Operation 746 [1/1] (0.00ns)   --->   "%sext_ln490_74 = sext i42 %packed_product_238" [source/int4_linear_controller.cpp:490->source/int4_linear_controller.cpp:897]   --->   Operation 746 'sext' 'sext_ln490_74' <Predicate = (!icmp_ln457)> <Delay = 0.00>
ST_8 : Operation 747 [1/3] (0.00ns) (grouped into DSP with root node add_ln510_140)   --->   "%packed_product_239 = mul i42 %sext_ln507_176, i42 %conv3_i12_i_25_i" [source/int4_linear_controller.cpp:507->source/int4_linear_controller.cpp:897]   --->   Operation 747 'mul' 'packed_product_239' <Predicate = (!icmp_ln457)> <Delay = 0.00> <CoreInst = "DSP48">   --->   Core 127 'DSP48' <Latency = 4> <II = 1> <Delay = 0.43> <IPBlock> <Opcode : '' 'add' 'sub' 'mul' 'select'> <InPorts = 0> <OutPorts = 1> <Sync> <CReg>
ST_8 : Operation 748 [1/1] (0.00ns)   --->   "%specfucore_ln509 = specfucore void @_ssdm_op_SpecFUCore, i42 %packed_product_239, i64 12, i64 3, i64 4" [source/int4_linear_controller.cpp:509->source/int4_linear_controller.cpp:897]   --->   Operation 748 'specfucore' 'specfucore_ln509' <Predicate = (!icmp_ln457)> <Delay = 0.00>
ST_8 : Operation 749 [1/1] (0.00ns) (grouped into DSP with root node add_ln510_140)   --->   "%sext_ln503_75 = sext i42 %packed_product_239" [source/int4_linear_controller.cpp:503->source/int4_linear_controller.cpp:897]   --->   Operation 749 'sext' 'sext_ln503_75' <Predicate = (!icmp_ln457)> <Delay = 0.00>
ST_8 : Operation 750 [1/3] (0.00ns) (grouped into DSP with root node add_ln510_171)   --->   "%packed_product_240 = mul i42 %sext_ln507_177, i42 %conv3_i12_i_25_i" [source/int4_linear_controller.cpp:507->source/int4_linear_controller.cpp:897]   --->   Operation 750 'mul' 'packed_product_240' <Predicate = (!icmp_ln457)> <Delay = 0.00> <CoreInst = "DSP48">   --->   Core 127 'DSP48' <Latency = 4> <II = 1> <Delay = 0.43> <IPBlock> <Opcode : '' 'add' 'sub' 'mul' 'select'> <InPorts = 0> <OutPorts = 1> <Sync> <CReg>
ST_8 : Operation 751 [1/1] (0.00ns)   --->   "%specfucore_ln509 = specfucore void @_ssdm_op_SpecFUCore, i42 %packed_product_240, i64 12, i64 3, i64 4" [source/int4_linear_controller.cpp:509->source/int4_linear_controller.cpp:897]   --->   Operation 751 'specfucore' 'specfucore_ln509' <Predicate = (!icmp_ln457)> <Delay = 0.00>
ST_8 : Operation 752 [1/1] (0.00ns) (grouped into DSP with root node add_ln510_171)   --->   "%sext_ln490_75 = sext i42 %packed_product_240" [source/int4_linear_controller.cpp:490->source/int4_linear_controller.cpp:897]   --->   Operation 752 'sext' 'sext_ln490_75' <Predicate = (!icmp_ln457)> <Delay = 0.00>
ST_8 : Operation 753 [1/2] (0.76ns)   --->   "%packed_weight_241 = add i27 %shl_ln185_175, i27 %sext_ln185_178" [source/int4_linear_controller.cpp:185->source/int4_linear_controller.cpp:507->source/int4_linear_controller.cpp:897]   --->   Operation 753 'add' 'packed_weight_241' <Predicate = (!icmp_ln457)> <Delay = 0.76> <CoreInst = "Adder">   --->   Core 1 'Adder' <Latency = 1> <II = 1> <Delay = 0.85> <FuncUnit> <Opcode : 'add' 'sub'> <InPorts = 2> <OutPorts = 1>
ST_8 : Operation 754 [1/1] (0.00ns)   --->   "%specfucore_ln191 = specfucore void @_ssdm_op_SpecFUCore, i27 %packed_weight_241, i64 8, i64 4, i64 1" [source/int4_linear_controller.cpp:191->source/int4_linear_controller.cpp:507->source/int4_linear_controller.cpp:897]   --->   Operation 754 'specfucore' 'specfucore_ln191' <Predicate = (!icmp_ln457)> <Delay = 0.00>
ST_8 : Operation 755 [1/1] (0.00ns)   --->   "%sext_ln507_178 = sext i27 %packed_weight_241" [source/int4_linear_controller.cpp:507->source/int4_linear_controller.cpp:897]   --->   Operation 755 'sext' 'sext_ln507_178' <Predicate = (!icmp_ln457)> <Delay = 0.00>
ST_8 : Operation 756 [3/3] (0.99ns) (grouped into DSP with root node add_ln510_139)   --->   "%packed_product_241 = mul i42 %sext_ln507_178, i42 %conv3_i12_i_26_i" [source/int4_linear_controller.cpp:507->source/int4_linear_controller.cpp:897]   --->   Operation 756 'mul' 'packed_product_241' <Predicate = (!icmp_ln457)> <Delay = 0.99> <CoreInst = "DSP48">   --->   Core 127 'DSP48' <Latency = 4> <II = 1> <Delay = 0.43> <IPBlock> <Opcode : '' 'add' 'sub' 'mul' 'select'> <InPorts = 0> <OutPorts = 1> <Sync> <CReg>
ST_8 : Operation 757 [1/2] (0.76ns)   --->   "%packed_weight_242 = add i27 %shl_ln185_176, i27 %sext_ln185_179" [source/int4_linear_controller.cpp:185->source/int4_linear_controller.cpp:507->source/int4_linear_controller.cpp:897]   --->   Operation 757 'add' 'packed_weight_242' <Predicate = (!icmp_ln457)> <Delay = 0.76> <CoreInst = "Adder">   --->   Core 1 'Adder' <Latency = 1> <II = 1> <Delay = 0.85> <FuncUnit> <Opcode : 'add' 'sub'> <InPorts = 2> <OutPorts = 1>
ST_8 : Operation 758 [1/1] (0.00ns)   --->   "%specfucore_ln191 = specfucore void @_ssdm_op_SpecFUCore, i27 %packed_weight_242, i64 8, i64 4, i64 1" [source/int4_linear_controller.cpp:191->source/int4_linear_controller.cpp:507->source/int4_linear_controller.cpp:897]   --->   Operation 758 'specfucore' 'specfucore_ln191' <Predicate = (!icmp_ln457)> <Delay = 0.00>
ST_8 : Operation 759 [1/1] (0.00ns)   --->   "%sext_ln507_179 = sext i27 %packed_weight_242" [source/int4_linear_controller.cpp:507->source/int4_linear_controller.cpp:897]   --->   Operation 759 'sext' 'sext_ln507_179' <Predicate = (!icmp_ln457)> <Delay = 0.00>
ST_8 : Operation 760 [3/3] (0.99ns) (grouped into DSP with root node add_ln510_170)   --->   "%packed_product_242 = mul i42 %sext_ln507_179, i42 %conv3_i12_i_26_i" [source/int4_linear_controller.cpp:507->source/int4_linear_controller.cpp:897]   --->   Operation 760 'mul' 'packed_product_242' <Predicate = (!icmp_ln457)> <Delay = 0.99> <CoreInst = "DSP48">   --->   Core 127 'DSP48' <Latency = 4> <II = 1> <Delay = 0.43> <IPBlock> <Opcode : '' 'add' 'sub' 'mul' 'select'> <InPorts = 0> <OutPorts = 1> <Sync> <CReg>
ST_8 : Operation 761 [3/5] (1.39ns)   --->   "%packed_product_243 = mul i42 %sext_ln507_180, i42 %conv3_i12_i_27_i" [source/int4_linear_controller.cpp:507->source/int4_linear_controller.cpp:897]   --->   Operation 761 'mul' 'packed_product_243' <Predicate = (!icmp_ln457)> <Delay = 1.39> <CoreInst = "Mul_DSP">   --->   Core 5 'Mul_DSP' <Latency = 4> <II = 1> <Delay = 2.17> <FuncUnit> <Opcode : 'mul'> <InPorts = 2> <OutPorts = 1>
ST_8 : Operation 762 [3/5] (1.39ns)   --->   "%packed_product_244 = mul i42 %sext_ln507_181, i42 %conv3_i12_i_27_i" [source/int4_linear_controller.cpp:507->source/int4_linear_controller.cpp:897]   --->   Operation 762 'mul' 'packed_product_244' <Predicate = (!icmp_ln457)> <Delay = 1.39> <CoreInst = "Mul_DSP">   --->   Core 5 'Mul_DSP' <Latency = 4> <II = 1> <Delay = 2.17> <FuncUnit> <Opcode : 'mul'> <InPorts = 2> <OutPorts = 1>
ST_8 : Operation 763 [1/3] (0.00ns) (grouped into DSP with root node add_ln510_148)   --->   "%packed_product_251 = mul i42 %sext_ln507_188, i42 %conv3_i12_i_31_i" [source/int4_linear_controller.cpp:507->source/int4_linear_controller.cpp:897]   --->   Operation 763 'mul' 'packed_product_251' <Predicate = (!icmp_ln457)> <Delay = 0.00> <CoreInst = "DSP48">   --->   Core 127 'DSP48' <Latency = 4> <II = 1> <Delay = 0.43> <IPBlock> <Opcode : '' 'add' 'sub' 'mul' 'select'> <InPorts = 0> <OutPorts = 1> <Sync> <CReg>
ST_8 : Operation 764 [1/1] (0.00ns)   --->   "%specfucore_ln509 = specfucore void @_ssdm_op_SpecFUCore, i42 %packed_product_251, i64 12, i64 3, i64 4" [source/int4_linear_controller.cpp:509->source/int4_linear_controller.cpp:897]   --->   Operation 764 'specfucore' 'specfucore_ln509' <Predicate = (!icmp_ln457)> <Delay = 0.00>
ST_8 : Operation 765 [1/1] (0.00ns) (grouped into DSP with root node add_ln510_148)   --->   "%sext_ln510_84 = sext i42 %packed_product_251" [source/int4_linear_controller.cpp:510->source/int4_linear_controller.cpp:897]   --->   Operation 765 'sext' 'sext_ln510_84' <Predicate = (!icmp_ln457)> <Delay = 0.00>
ST_8 : Operation 766 [3/3] (0.41ns) (root node of the DSP)   --->   "%add_ln510 = add i43 %sext_ln503, i43 %sext_ln503_30" [source/int4_linear_controller.cpp:510->source/int4_linear_controller.cpp:897]   --->   Operation 766 'add' 'add_ln510' <Predicate = (!icmp_ln457)> <Delay = 0.41> <CoreInst = "DSP48">   --->   Core 127 'DSP48' <Latency = 4> <II = 1> <Delay = 0.43> <IPBlock> <Opcode : '' 'add' 'sub' 'mul' 'select'> <InPorts = 0> <OutPorts = 1> <Sync> <CReg>
ST_8 : Operation 767 [3/3] (0.41ns) (root node of the DSP)   --->   "%add_ln510_125 = add i43 %sext_ln503_56, i43 %sext_ln503_57" [source/int4_linear_controller.cpp:510->source/int4_linear_controller.cpp:897]   --->   Operation 767 'add' 'add_ln510_125' <Predicate = (!icmp_ln457)> <Delay = 0.41> <CoreInst = "DSP48">   --->   Core 127 'DSP48' <Latency = 4> <II = 1> <Delay = 0.43> <IPBlock> <Opcode : '' 'add' 'sub' 'mul' 'select'> <InPorts = 0> <OutPorts = 1> <Sync> <CReg>
ST_8 : Operation 768 [3/3] (0.41ns) (root node of the DSP)   --->   "%add_ln510_132 = add i43 %sext_ln503_63, i43 %sext_ln503_64" [source/int4_linear_controller.cpp:510->source/int4_linear_controller.cpp:897]   --->   Operation 768 'add' 'add_ln510_132' <Predicate = (!icmp_ln457)> <Delay = 0.41> <CoreInst = "DSP48">   --->   Core 127 'DSP48' <Latency = 4> <II = 1> <Delay = 0.43> <IPBlock> <Opcode : '' 'add' 'sub' 'mul' 'select'> <InPorts = 0> <OutPorts = 1> <Sync> <CReg>
ST_8 : Operation 769 [3/3] (0.41ns) (root node of the DSP)   --->   "%add_ln510_140 = add i43 %sext_ln503_72, i43 %sext_ln503_75" [source/int4_linear_controller.cpp:510->source/int4_linear_controller.cpp:897]   --->   Operation 769 'add' 'add_ln510_140' <Predicate = (!icmp_ln457)> <Delay = 0.41> <CoreInst = "DSP48">   --->   Core 127 'DSP48' <Latency = 4> <II = 1> <Delay = 0.43> <IPBlock> <Opcode : '' 'add' 'sub' 'mul' 'select'> <InPorts = 0> <OutPorts = 1> <Sync> <CReg>
ST_8 : Operation 770 [3/3] (0.41ns) (root node of the DSP)   --->   "%add_ln510_144 = add i43 %sext_ln503_74, i43 %sext_ln503_65" [source/int4_linear_controller.cpp:510->source/int4_linear_controller.cpp:897]   --->   Operation 770 'add' 'add_ln510_144' <Predicate = (!icmp_ln457)> <Delay = 0.41> <CoreInst = "DSP48">   --->   Core 127 'DSP48' <Latency = 4> <II = 1> <Delay = 0.43> <IPBlock> <Opcode : '' 'add' 'sub' 'mul' 'select'> <InPorts = 0> <OutPorts = 1> <Sync> <CReg>
ST_8 : Operation 771 [3/3] (0.41ns) (root node of the DSP)   --->   "%add_ln510_145 = add i43 %sext_ln503_67, i43 %sext_ln503_66" [source/int4_linear_controller.cpp:510->source/int4_linear_controller.cpp:897]   --->   Operation 771 'add' 'add_ln510_145' <Predicate = (!icmp_ln457)> <Delay = 0.41> <CoreInst = "DSP48">   --->   Core 127 'DSP48' <Latency = 4> <II = 1> <Delay = 0.43> <IPBlock> <Opcode : '' 'add' 'sub' 'mul' 'select'> <InPorts = 0> <OutPorts = 1> <Sync> <CReg>
ST_8 : Operation 772 [3/3] (0.41ns) (root node of the DSP)   --->   "%add_ln510_148 = add i43 %sext_ln503_70, i43 %sext_ln510_84" [source/int4_linear_controller.cpp:510->source/int4_linear_controller.cpp:897]   --->   Operation 772 'add' 'add_ln510_148' <Predicate = (!icmp_ln457)> <Delay = 0.41> <CoreInst = "DSP48">   --->   Core 127 'DSP48' <Latency = 4> <II = 1> <Delay = 0.43> <IPBlock> <Opcode : '' 'add' 'sub' 'mul' 'select'> <InPorts = 0> <OutPorts = 1> <Sync> <CReg>
ST_8 : Operation 773 [1/3] (0.00ns) (grouped into DSP with root node add_ln510_179)   --->   "%packed_product_252 = mul i42 %sext_ln507_189, i42 %conv3_i12_i_31_i" [source/int4_linear_controller.cpp:507->source/int4_linear_controller.cpp:897]   --->   Operation 773 'mul' 'packed_product_252' <Predicate = (!icmp_ln457)> <Delay = 0.00> <CoreInst = "DSP48">   --->   Core 127 'DSP48' <Latency = 4> <II = 1> <Delay = 0.43> <IPBlock> <Opcode : '' 'add' 'sub' 'mul' 'select'> <InPorts = 0> <OutPorts = 1> <Sync> <CReg>
ST_8 : Operation 774 [1/1] (0.00ns)   --->   "%specfucore_ln509 = specfucore void @_ssdm_op_SpecFUCore, i42 %packed_product_252, i64 12, i64 3, i64 4" [source/int4_linear_controller.cpp:509->source/int4_linear_controller.cpp:897]   --->   Operation 774 'specfucore' 'specfucore_ln509' <Predicate = (!icmp_ln457)> <Delay = 0.00>
ST_8 : Operation 775 [1/1] (0.00ns) (grouped into DSP with root node add_ln510_179)   --->   "%sext_ln510_104 = sext i42 %packed_product_252" [source/int4_linear_controller.cpp:510->source/int4_linear_controller.cpp:897]   --->   Operation 775 'sext' 'sext_ln510_104' <Predicate = (!icmp_ln457)> <Delay = 0.00>
ST_8 : Operation 776 [3/3] (0.41ns) (root node of the DSP)   --->   "%add_ln510_153 = add i43 %sext_ln490, i43 %sext_ln490_30" [source/int4_linear_controller.cpp:510->source/int4_linear_controller.cpp:897]   --->   Operation 776 'add' 'add_ln510_153' <Predicate = (!icmp_ln457)> <Delay = 0.41> <CoreInst = "DSP48">   --->   Core 127 'DSP48' <Latency = 4> <II = 1> <Delay = 0.43> <IPBlock> <Opcode : '' 'add' 'sub' 'mul' 'select'> <InPorts = 0> <OutPorts = 1> <Sync> <CReg>
ST_8 : Operation 777 [3/3] (0.41ns) (root node of the DSP)   --->   "%add_ln510_156 = add i43 %sext_ln490_56, i43 %sext_ln490_57" [source/int4_linear_controller.cpp:510->source/int4_linear_controller.cpp:897]   --->   Operation 777 'add' 'add_ln510_156' <Predicate = (!icmp_ln457)> <Delay = 0.41> <CoreInst = "DSP48">   --->   Core 127 'DSP48' <Latency = 4> <II = 1> <Delay = 0.43> <IPBlock> <Opcode : '' 'add' 'sub' 'mul' 'select'> <InPorts = 0> <OutPorts = 1> <Sync> <CReg>
ST_8 : Operation 778 [3/3] (0.41ns) (root node of the DSP)   --->   "%add_ln510_163 = add i43 %sext_ln490_63, i43 %sext_ln490_64" [source/int4_linear_controller.cpp:510->source/int4_linear_controller.cpp:897]   --->   Operation 778 'add' 'add_ln510_163' <Predicate = (!icmp_ln457)> <Delay = 0.41> <CoreInst = "DSP48">   --->   Core 127 'DSP48' <Latency = 4> <II = 1> <Delay = 0.43> <IPBlock> <Opcode : '' 'add' 'sub' 'mul' 'select'> <InPorts = 0> <OutPorts = 1> <Sync> <CReg>
ST_8 : Operation 779 [3/3] (0.41ns) (root node of the DSP)   --->   "%add_ln510_171 = add i43 %sext_ln490_72, i43 %sext_ln490_75" [source/int4_linear_controller.cpp:510->source/int4_linear_controller.cpp:897]   --->   Operation 779 'add' 'add_ln510_171' <Predicate = (!icmp_ln457)> <Delay = 0.41> <CoreInst = "DSP48">   --->   Core 127 'DSP48' <Latency = 4> <II = 1> <Delay = 0.43> <IPBlock> <Opcode : '' 'add' 'sub' 'mul' 'select'> <InPorts = 0> <OutPorts = 1> <Sync> <CReg>
ST_8 : Operation 780 [3/3] (0.41ns) (root node of the DSP)   --->   "%add_ln510_175 = add i43 %sext_ln490_74, i43 %sext_ln490_65" [source/int4_linear_controller.cpp:510->source/int4_linear_controller.cpp:897]   --->   Operation 780 'add' 'add_ln510_175' <Predicate = (!icmp_ln457)> <Delay = 0.41> <CoreInst = "DSP48">   --->   Core 127 'DSP48' <Latency = 4> <II = 1> <Delay = 0.43> <IPBlock> <Opcode : '' 'add' 'sub' 'mul' 'select'> <InPorts = 0> <OutPorts = 1> <Sync> <CReg>
ST_8 : Operation 781 [3/3] (0.41ns) (root node of the DSP)   --->   "%add_ln510_176 = add i43 %sext_ln490_67, i43 %sext_ln490_66" [source/int4_linear_controller.cpp:510->source/int4_linear_controller.cpp:897]   --->   Operation 781 'add' 'add_ln510_176' <Predicate = (!icmp_ln457)> <Delay = 0.41> <CoreInst = "DSP48">   --->   Core 127 'DSP48' <Latency = 4> <II = 1> <Delay = 0.43> <IPBlock> <Opcode : '' 'add' 'sub' 'mul' 'select'> <InPorts = 0> <OutPorts = 1> <Sync> <CReg>
ST_8 : Operation 782 [3/3] (0.41ns) (root node of the DSP)   --->   "%add_ln510_179 = add i43 %sext_ln490_70, i43 %sext_ln510_104" [source/int4_linear_controller.cpp:510->source/int4_linear_controller.cpp:897]   --->   Operation 782 'add' 'add_ln510_179' <Predicate = (!icmp_ln457)> <Delay = 0.41> <CoreInst = "DSP48">   --->   Core 127 'DSP48' <Latency = 4> <II = 1> <Delay = 0.43> <IPBlock> <Opcode : '' 'add' 'sub' 'mul' 'select'> <InPorts = 0> <OutPorts = 1> <Sync> <CReg>

State 9 <SV = 8> <Delay = 1.39>
ST_9 : Operation 783 [2/3] (0.99ns) (grouped into DSP with root node add_ln510_123)   --->   "%packed_product_191 = mul i42 %sext_ln507_128, i42 %conv3_i12_i_1_i" [source/int4_linear_controller.cpp:507->source/int4_linear_controller.cpp:897]   --->   Operation 783 'mul' 'packed_product_191' <Predicate = (!icmp_ln457)> <Delay = 0.99> <CoreInst = "DSP48">   --->   Core 127 'DSP48' <Latency = 4> <II = 1> <Delay = 0.43> <IPBlock> <Opcode : '' 'add' 'sub' 'mul' 'select'> <InPorts = 0> <OutPorts = 1> <Sync> <CReg>
ST_9 : Operation 784 [2/3] (0.99ns) (grouped into DSP with root node add_ln510_154)   --->   "%packed_product_192 = mul i42 %sext_ln507_129, i42 %conv3_i12_i_1_i" [source/int4_linear_controller.cpp:507->source/int4_linear_controller.cpp:897]   --->   Operation 784 'mul' 'packed_product_192' <Predicate = (!icmp_ln457)> <Delay = 0.99> <CoreInst = "DSP48">   --->   Core 127 'DSP48' <Latency = 4> <II = 1> <Delay = 0.43> <IPBlock> <Opcode : '' 'add' 'sub' 'mul' 'select'> <InPorts = 0> <OutPorts = 1> <Sync> <CReg>
ST_9 : Operation 785 [1/1] (0.00ns)   --->   "%shl_ln185_129 = bitconcatenate i27 @_ssdm_op_BitConcatenate.i27.i4.i23, i4 %tmp_189, i23 0" [source/int4_linear_controller.cpp:185->source/int4_linear_controller.cpp:507->source/int4_linear_controller.cpp:897]   --->   Operation 785 'bitconcatenate' 'shl_ln185_129' <Predicate = (!icmp_ln457)> <Delay = 0.00>
ST_9 : Operation 786 [1/1] (0.00ns)   --->   "%sext_ln185_132 = sext i4 %low_195" [source/int4_linear_controller.cpp:185->source/int4_linear_controller.cpp:507->source/int4_linear_controller.cpp:897]   --->   Operation 786 'sext' 'sext_ln185_132' <Predicate = (!icmp_ln457)> <Delay = 0.00>
ST_9 : Operation 787 [2/2] (0.76ns)   --->   "%packed_weight_195 = add i27 %shl_ln185_129, i27 %sext_ln185_132" [source/int4_linear_controller.cpp:185->source/int4_linear_controller.cpp:507->source/int4_linear_controller.cpp:897]   --->   Operation 787 'add' 'packed_weight_195' <Predicate = (!icmp_ln457)> <Delay = 0.76> <CoreInst = "Adder">   --->   Core 1 'Adder' <Latency = 1> <II = 1> <Delay = 0.85> <FuncUnit> <Opcode : 'add' 'sub'> <InPorts = 2> <OutPorts = 1>
ST_9 : Operation 788 [1/1] (0.00ns)   --->   "%shl_ln185_130 = bitconcatenate i27 @_ssdm_op_BitConcatenate.i27.i4.i23, i4 %tmp_190, i23 0" [source/int4_linear_controller.cpp:185->source/int4_linear_controller.cpp:507->source/int4_linear_controller.cpp:897]   --->   Operation 788 'bitconcatenate' 'shl_ln185_130' <Predicate = (!icmp_ln457)> <Delay = 0.00>
ST_9 : Operation 789 [1/1] (0.00ns)   --->   "%sext_ln185_133 = sext i4 %low_196" [source/int4_linear_controller.cpp:185->source/int4_linear_controller.cpp:507->source/int4_linear_controller.cpp:897]   --->   Operation 789 'sext' 'sext_ln185_133' <Predicate = (!icmp_ln457)> <Delay = 0.00>
ST_9 : Operation 790 [2/2] (0.76ns)   --->   "%packed_weight_196 = add i27 %shl_ln185_130, i27 %sext_ln185_133" [source/int4_linear_controller.cpp:185->source/int4_linear_controller.cpp:507->source/int4_linear_controller.cpp:897]   --->   Operation 790 'add' 'packed_weight_196' <Predicate = (!icmp_ln457)> <Delay = 0.76> <CoreInst = "Adder">   --->   Core 1 'Adder' <Latency = 1> <II = 1> <Delay = 0.85> <FuncUnit> <Opcode : 'add' 'sub'> <InPorts = 2> <OutPorts = 1>
ST_9 : Operation 791 [2/3] (0.99ns) (grouped into DSP with root node add_ln510_126)   --->   "%packed_product_197 = mul i42 %sext_ln507_134, i42 %conv3_i12_i_4_i" [source/int4_linear_controller.cpp:507->source/int4_linear_controller.cpp:897]   --->   Operation 791 'mul' 'packed_product_197' <Predicate = (!icmp_ln457)> <Delay = 0.99> <CoreInst = "DSP48">   --->   Core 127 'DSP48' <Latency = 4> <II = 1> <Delay = 0.43> <IPBlock> <Opcode : '' 'add' 'sub' 'mul' 'select'> <InPorts = 0> <OutPorts = 1> <Sync> <CReg>
ST_9 : Operation 792 [2/3] (0.99ns) (grouped into DSP with root node add_ln510_157)   --->   "%packed_product_198 = mul i42 %sext_ln507_135, i42 %conv3_i12_i_4_i" [source/int4_linear_controller.cpp:507->source/int4_linear_controller.cpp:897]   --->   Operation 792 'mul' 'packed_product_198' <Predicate = (!icmp_ln457)> <Delay = 0.99> <CoreInst = "DSP48">   --->   Core 127 'DSP48' <Latency = 4> <II = 1> <Delay = 0.43> <IPBlock> <Opcode : '' 'add' 'sub' 'mul' 'select'> <InPorts = 0> <OutPorts = 1> <Sync> <CReg>
ST_9 : Operation 793 [1/1] (0.00ns)   --->   "%shl_ln185_139 = bitconcatenate i27 @_ssdm_op_BitConcatenate.i27.i4.i23, i4 %tmp_199, i23 0" [source/int4_linear_controller.cpp:185->source/int4_linear_controller.cpp:507->source/int4_linear_controller.cpp:897]   --->   Operation 793 'bitconcatenate' 'shl_ln185_139' <Predicate = (!icmp_ln457)> <Delay = 0.00>
ST_9 : Operation 794 [1/1] (0.00ns)   --->   "%sext_ln185_142 = sext i4 %low_205" [source/int4_linear_controller.cpp:185->source/int4_linear_controller.cpp:507->source/int4_linear_controller.cpp:897]   --->   Operation 794 'sext' 'sext_ln185_142' <Predicate = (!icmp_ln457)> <Delay = 0.00>
ST_9 : Operation 795 [2/2] (0.76ns)   --->   "%packed_weight_205 = add i27 %shl_ln185_139, i27 %sext_ln185_142" [source/int4_linear_controller.cpp:185->source/int4_linear_controller.cpp:507->source/int4_linear_controller.cpp:897]   --->   Operation 795 'add' 'packed_weight_205' <Predicate = (!icmp_ln457)> <Delay = 0.76> <CoreInst = "Adder">   --->   Core 1 'Adder' <Latency = 1> <II = 1> <Delay = 0.85> <FuncUnit> <Opcode : 'add' 'sub'> <InPorts = 2> <OutPorts = 1>
ST_9 : Operation 796 [1/1] (0.00ns)   --->   "%shl_ln185_140 = bitconcatenate i27 @_ssdm_op_BitConcatenate.i27.i4.i23, i4 %tmp_200, i23 0" [source/int4_linear_controller.cpp:185->source/int4_linear_controller.cpp:507->source/int4_linear_controller.cpp:897]   --->   Operation 796 'bitconcatenate' 'shl_ln185_140' <Predicate = (!icmp_ln457)> <Delay = 0.00>
ST_9 : Operation 797 [1/1] (0.00ns)   --->   "%sext_ln185_143 = sext i4 %low_206" [source/int4_linear_controller.cpp:185->source/int4_linear_controller.cpp:507->source/int4_linear_controller.cpp:897]   --->   Operation 797 'sext' 'sext_ln185_143' <Predicate = (!icmp_ln457)> <Delay = 0.00>
ST_9 : Operation 798 [2/2] (0.76ns)   --->   "%packed_weight_206 = add i27 %shl_ln185_140, i27 %sext_ln185_143" [source/int4_linear_controller.cpp:185->source/int4_linear_controller.cpp:507->source/int4_linear_controller.cpp:897]   --->   Operation 798 'add' 'packed_weight_206' <Predicate = (!icmp_ln457)> <Delay = 0.76> <CoreInst = "Adder">   --->   Core 1 'Adder' <Latency = 1> <II = 1> <Delay = 0.85> <FuncUnit> <Opcode : 'add' 'sub'> <InPorts = 2> <OutPorts = 1>
ST_9 : Operation 799 [2/5] (1.39ns)   --->   "%packed_product_209 = mul i42 %sext_ln507_146, i42 %conv3_i12_i_10_i" [source/int4_linear_controller.cpp:507->source/int4_linear_controller.cpp:897]   --->   Operation 799 'mul' 'packed_product_209' <Predicate = (!icmp_ln457)> <Delay = 1.39> <CoreInst = "Mul_DSP">   --->   Core 5 'Mul_DSP' <Latency = 4> <II = 1> <Delay = 2.17> <FuncUnit> <Opcode : 'mul'> <InPorts = 2> <OutPorts = 1>
ST_9 : Operation 800 [2/5] (1.39ns)   --->   "%packed_product_210 = mul i42 %sext_ln507_147, i42 %conv3_i12_i_10_i" [source/int4_linear_controller.cpp:507->source/int4_linear_controller.cpp:897]   --->   Operation 800 'mul' 'packed_product_210' <Predicate = (!icmp_ln457)> <Delay = 1.39> <CoreInst = "Mul_DSP">   --->   Core 5 'Mul_DSP' <Latency = 4> <II = 1> <Delay = 2.17> <FuncUnit> <Opcode : 'mul'> <InPorts = 2> <OutPorts = 1>
ST_9 : Operation 801 [2/3] (0.99ns) (grouped into DSP with root node add_ln510_131)   --->   "%packed_product_211 = mul i42 %sext_ln507_148, i42 %conv3_i12_i_11_i" [source/int4_linear_controller.cpp:507->source/int4_linear_controller.cpp:897]   --->   Operation 801 'mul' 'packed_product_211' <Predicate = (!icmp_ln457)> <Delay = 0.99> <CoreInst = "DSP48">   --->   Core 127 'DSP48' <Latency = 4> <II = 1> <Delay = 0.43> <IPBlock> <Opcode : '' 'add' 'sub' 'mul' 'select'> <InPorts = 0> <OutPorts = 1> <Sync> <CReg>
ST_9 : Operation 802 [2/3] (0.99ns) (grouped into DSP with root node add_ln510_162)   --->   "%packed_product_212 = mul i42 %sext_ln507_149, i42 %conv3_i12_i_11_i" [source/int4_linear_controller.cpp:507->source/int4_linear_controller.cpp:897]   --->   Operation 802 'mul' 'packed_product_212' <Predicate = (!icmp_ln457)> <Delay = 0.99> <CoreInst = "DSP48">   --->   Core 127 'DSP48' <Latency = 4> <II = 1> <Delay = 0.43> <IPBlock> <Opcode : '' 'add' 'sub' 'mul' 'select'> <InPorts = 0> <OutPorts = 1> <Sync> <CReg>
ST_9 : Operation 803 [2/3] (0.99ns) (grouped into DSP with root node add_ln510_133)   --->   "%packed_product_213 = mul i42 %sext_ln507_150, i42 %conv3_i12_i_12_i" [source/int4_linear_controller.cpp:507->source/int4_linear_controller.cpp:897]   --->   Operation 803 'mul' 'packed_product_213' <Predicate = (!icmp_ln457)> <Delay = 0.99> <CoreInst = "DSP48">   --->   Core 127 'DSP48' <Latency = 4> <II = 1> <Delay = 0.43> <IPBlock> <Opcode : '' 'add' 'sub' 'mul' 'select'> <InPorts = 0> <OutPorts = 1> <Sync> <CReg>
ST_9 : Operation 804 [2/3] (0.99ns) (grouped into DSP with root node add_ln510_164)   --->   "%packed_product_214 = mul i42 %sext_ln507_151, i42 %conv3_i12_i_12_i" [source/int4_linear_controller.cpp:507->source/int4_linear_controller.cpp:897]   --->   Operation 804 'mul' 'packed_product_214' <Predicate = (!icmp_ln457)> <Delay = 0.99> <CoreInst = "DSP48">   --->   Core 127 'DSP48' <Latency = 4> <II = 1> <Delay = 0.43> <IPBlock> <Opcode : '' 'add' 'sub' 'mul' 'select'> <InPorts = 0> <OutPorts = 1> <Sync> <CReg>
ST_9 : Operation 805 [2/3] (0.99ns) (grouped into DSP with root node add_ln510_147)   --->   "%packed_product_225 = mul i42 %sext_ln507_162, i42 %conv3_i12_i_18_i" [source/int4_linear_controller.cpp:507->source/int4_linear_controller.cpp:897]   --->   Operation 805 'mul' 'packed_product_225' <Predicate = (!icmp_ln457)> <Delay = 0.99> <CoreInst = "DSP48">   --->   Core 127 'DSP48' <Latency = 4> <II = 1> <Delay = 0.43> <IPBlock> <Opcode : '' 'add' 'sub' 'mul' 'select'> <InPorts = 0> <OutPorts = 1> <Sync> <CReg>
ST_9 : Operation 806 [2/3] (0.99ns) (grouped into DSP with root node add_ln510_178)   --->   "%packed_product_226 = mul i42 %sext_ln507_163, i42 %conv3_i12_i_18_i" [source/int4_linear_controller.cpp:507->source/int4_linear_controller.cpp:897]   --->   Operation 806 'mul' 'packed_product_226' <Predicate = (!icmp_ln457)> <Delay = 0.99> <CoreInst = "DSP48">   --->   Core 127 'DSP48' <Latency = 4> <II = 1> <Delay = 0.43> <IPBlock> <Opcode : '' 'add' 'sub' 'mul' 'select'> <InPorts = 0> <OutPorts = 1> <Sync> <CReg>
ST_9 : Operation 807 [2/5] (1.39ns)   --->   "%packed_product_227 = mul i42 %sext_ln507_164, i42 %conv3_i12_i_19_i" [source/int4_linear_controller.cpp:507->source/int4_linear_controller.cpp:897]   --->   Operation 807 'mul' 'packed_product_227' <Predicate = (!icmp_ln457)> <Delay = 1.39> <CoreInst = "Mul_DSP">   --->   Core 5 'Mul_DSP' <Latency = 4> <II = 1> <Delay = 2.17> <FuncUnit> <Opcode : 'mul'> <InPorts = 2> <OutPorts = 1>
ST_9 : Operation 808 [2/5] (1.39ns)   --->   "%packed_product_228 = mul i42 %sext_ln507_165, i42 %conv3_i12_i_19_i" [source/int4_linear_controller.cpp:507->source/int4_linear_controller.cpp:897]   --->   Operation 808 'mul' 'packed_product_228' <Predicate = (!icmp_ln457)> <Delay = 1.39> <CoreInst = "Mul_DSP">   --->   Core 5 'Mul_DSP' <Latency = 4> <II = 1> <Delay = 2.17> <FuncUnit> <Opcode : 'mul'> <InPorts = 2> <OutPorts = 1>
ST_9 : Operation 809 [2/3] (0.99ns) (grouped into DSP with root node add_ln510_149)   --->   "%packed_product_231 = mul i42 %sext_ln507_168, i42 %conv3_i12_i_21_i" [source/int4_linear_controller.cpp:507->source/int4_linear_controller.cpp:897]   --->   Operation 809 'mul' 'packed_product_231' <Predicate = (!icmp_ln457)> <Delay = 0.99> <CoreInst = "DSP48">   --->   Core 127 'DSP48' <Latency = 4> <II = 1> <Delay = 0.43> <IPBlock> <Opcode : '' 'add' 'sub' 'mul' 'select'> <InPorts = 0> <OutPorts = 1> <Sync> <CReg>
ST_9 : Operation 810 [2/3] (0.99ns) (grouped into DSP with root node add_ln510_180)   --->   "%packed_product_232 = mul i42 %sext_ln507_169, i42 %conv3_i12_i_21_i" [source/int4_linear_controller.cpp:507->source/int4_linear_controller.cpp:897]   --->   Operation 810 'mul' 'packed_product_232' <Predicate = (!icmp_ln457)> <Delay = 0.99> <CoreInst = "DSP48">   --->   Core 127 'DSP48' <Latency = 4> <II = 1> <Delay = 0.43> <IPBlock> <Opcode : '' 'add' 'sub' 'mul' 'select'> <InPorts = 0> <OutPorts = 1> <Sync> <CReg>
ST_9 : Operation 811 [2/3] (0.99ns) (grouped into DSP with root node add_ln510_141)   --->   "%packed_product_235 = mul i42 %sext_ln507_172, i42 %conv3_i12_i_23_i" [source/int4_linear_controller.cpp:507->source/int4_linear_controller.cpp:897]   --->   Operation 811 'mul' 'packed_product_235' <Predicate = (!icmp_ln457)> <Delay = 0.99> <CoreInst = "DSP48">   --->   Core 127 'DSP48' <Latency = 4> <II = 1> <Delay = 0.43> <IPBlock> <Opcode : '' 'add' 'sub' 'mul' 'select'> <InPorts = 0> <OutPorts = 1> <Sync> <CReg>
ST_9 : Operation 812 [2/3] (0.99ns) (grouped into DSP with root node add_ln510_172)   --->   "%packed_product_236 = mul i42 %sext_ln507_173, i42 %conv3_i12_i_23_i" [source/int4_linear_controller.cpp:507->source/int4_linear_controller.cpp:897]   --->   Operation 812 'mul' 'packed_product_236' <Predicate = (!icmp_ln457)> <Delay = 0.99> <CoreInst = "DSP48">   --->   Core 127 'DSP48' <Latency = 4> <II = 1> <Delay = 0.43> <IPBlock> <Opcode : '' 'add' 'sub' 'mul' 'select'> <InPorts = 0> <OutPorts = 1> <Sync> <CReg>
ST_9 : Operation 813 [2/3] (0.99ns) (grouped into DSP with root node add_ln510_139)   --->   "%packed_product_241 = mul i42 %sext_ln507_178, i42 %conv3_i12_i_26_i" [source/int4_linear_controller.cpp:507->source/int4_linear_controller.cpp:897]   --->   Operation 813 'mul' 'packed_product_241' <Predicate = (!icmp_ln457)> <Delay = 0.99> <CoreInst = "DSP48">   --->   Core 127 'DSP48' <Latency = 4> <II = 1> <Delay = 0.43> <IPBlock> <Opcode : '' 'add' 'sub' 'mul' 'select'> <InPorts = 0> <OutPorts = 1> <Sync> <CReg>
ST_9 : Operation 814 [2/3] (0.99ns) (grouped into DSP with root node add_ln510_170)   --->   "%packed_product_242 = mul i42 %sext_ln507_179, i42 %conv3_i12_i_26_i" [source/int4_linear_controller.cpp:507->source/int4_linear_controller.cpp:897]   --->   Operation 814 'mul' 'packed_product_242' <Predicate = (!icmp_ln457)> <Delay = 0.99> <CoreInst = "DSP48">   --->   Core 127 'DSP48' <Latency = 4> <II = 1> <Delay = 0.43> <IPBlock> <Opcode : '' 'add' 'sub' 'mul' 'select'> <InPorts = 0> <OutPorts = 1> <Sync> <CReg>
ST_9 : Operation 815 [2/5] (1.39ns)   --->   "%packed_product_243 = mul i42 %sext_ln507_180, i42 %conv3_i12_i_27_i" [source/int4_linear_controller.cpp:507->source/int4_linear_controller.cpp:897]   --->   Operation 815 'mul' 'packed_product_243' <Predicate = (!icmp_ln457)> <Delay = 1.39> <CoreInst = "Mul_DSP">   --->   Core 5 'Mul_DSP' <Latency = 4> <II = 1> <Delay = 2.17> <FuncUnit> <Opcode : 'mul'> <InPorts = 2> <OutPorts = 1>
ST_9 : Operation 816 [2/5] (1.39ns)   --->   "%packed_product_244 = mul i42 %sext_ln507_181, i42 %conv3_i12_i_27_i" [source/int4_linear_controller.cpp:507->source/int4_linear_controller.cpp:897]   --->   Operation 816 'mul' 'packed_product_244' <Predicate = (!icmp_ln457)> <Delay = 1.39> <CoreInst = "Mul_DSP">   --->   Core 5 'Mul_DSP' <Latency = 4> <II = 1> <Delay = 2.17> <FuncUnit> <Opcode : 'mul'> <InPorts = 2> <OutPorts = 1>
ST_9 : Operation 817 [2/3] (0.41ns) (root node of the DSP)   --->   "%add_ln510 = add i43 %sext_ln503, i43 %sext_ln503_30" [source/int4_linear_controller.cpp:510->source/int4_linear_controller.cpp:897]   --->   Operation 817 'add' 'add_ln510' <Predicate = (!icmp_ln457)> <Delay = 0.41> <CoreInst = "DSP48">   --->   Core 127 'DSP48' <Latency = 4> <II = 1> <Delay = 0.43> <IPBlock> <Opcode : '' 'add' 'sub' 'mul' 'select'> <InPorts = 0> <OutPorts = 1> <Sync> <CReg>
ST_9 : Operation 818 [2/3] (0.41ns) (root node of the DSP)   --->   "%add_ln510_125 = add i43 %sext_ln503_56, i43 %sext_ln503_57" [source/int4_linear_controller.cpp:510->source/int4_linear_controller.cpp:897]   --->   Operation 818 'add' 'add_ln510_125' <Predicate = (!icmp_ln457)> <Delay = 0.41> <CoreInst = "DSP48">   --->   Core 127 'DSP48' <Latency = 4> <II = 1> <Delay = 0.43> <IPBlock> <Opcode : '' 'add' 'sub' 'mul' 'select'> <InPorts = 0> <OutPorts = 1> <Sync> <CReg>
ST_9 : Operation 819 [2/3] (0.41ns) (root node of the DSP)   --->   "%add_ln510_132 = add i43 %sext_ln503_63, i43 %sext_ln503_64" [source/int4_linear_controller.cpp:510->source/int4_linear_controller.cpp:897]   --->   Operation 819 'add' 'add_ln510_132' <Predicate = (!icmp_ln457)> <Delay = 0.41> <CoreInst = "DSP48">   --->   Core 127 'DSP48' <Latency = 4> <II = 1> <Delay = 0.43> <IPBlock> <Opcode : '' 'add' 'sub' 'mul' 'select'> <InPorts = 0> <OutPorts = 1> <Sync> <CReg>
ST_9 : Operation 820 [2/3] (0.41ns) (root node of the DSP)   --->   "%add_ln510_140 = add i43 %sext_ln503_72, i43 %sext_ln503_75" [source/int4_linear_controller.cpp:510->source/int4_linear_controller.cpp:897]   --->   Operation 820 'add' 'add_ln510_140' <Predicate = (!icmp_ln457)> <Delay = 0.41> <CoreInst = "DSP48">   --->   Core 127 'DSP48' <Latency = 4> <II = 1> <Delay = 0.43> <IPBlock> <Opcode : '' 'add' 'sub' 'mul' 'select'> <InPorts = 0> <OutPorts = 1> <Sync> <CReg>
ST_9 : Operation 821 [2/3] (0.41ns) (root node of the DSP)   --->   "%add_ln510_144 = add i43 %sext_ln503_74, i43 %sext_ln503_65" [source/int4_linear_controller.cpp:510->source/int4_linear_controller.cpp:897]   --->   Operation 821 'add' 'add_ln510_144' <Predicate = (!icmp_ln457)> <Delay = 0.41> <CoreInst = "DSP48">   --->   Core 127 'DSP48' <Latency = 4> <II = 1> <Delay = 0.43> <IPBlock> <Opcode : '' 'add' 'sub' 'mul' 'select'> <InPorts = 0> <OutPorts = 1> <Sync> <CReg>
ST_9 : Operation 822 [2/3] (0.41ns) (root node of the DSP)   --->   "%add_ln510_145 = add i43 %sext_ln503_67, i43 %sext_ln503_66" [source/int4_linear_controller.cpp:510->source/int4_linear_controller.cpp:897]   --->   Operation 822 'add' 'add_ln510_145' <Predicate = (!icmp_ln457)> <Delay = 0.41> <CoreInst = "DSP48">   --->   Core 127 'DSP48' <Latency = 4> <II = 1> <Delay = 0.43> <IPBlock> <Opcode : '' 'add' 'sub' 'mul' 'select'> <InPorts = 0> <OutPorts = 1> <Sync> <CReg>
ST_9 : Operation 823 [2/3] (0.41ns) (root node of the DSP)   --->   "%add_ln510_148 = add i43 %sext_ln503_70, i43 %sext_ln510_84" [source/int4_linear_controller.cpp:510->source/int4_linear_controller.cpp:897]   --->   Operation 823 'add' 'add_ln510_148' <Predicate = (!icmp_ln457)> <Delay = 0.41> <CoreInst = "DSP48">   --->   Core 127 'DSP48' <Latency = 4> <II = 1> <Delay = 0.43> <IPBlock> <Opcode : '' 'add' 'sub' 'mul' 'select'> <InPorts = 0> <OutPorts = 1> <Sync> <CReg>
ST_9 : Operation 824 [2/3] (0.41ns) (root node of the DSP)   --->   "%add_ln510_153 = add i43 %sext_ln490, i43 %sext_ln490_30" [source/int4_linear_controller.cpp:510->source/int4_linear_controller.cpp:897]   --->   Operation 824 'add' 'add_ln510_153' <Predicate = (!icmp_ln457)> <Delay = 0.41> <CoreInst = "DSP48">   --->   Core 127 'DSP48' <Latency = 4> <II = 1> <Delay = 0.43> <IPBlock> <Opcode : '' 'add' 'sub' 'mul' 'select'> <InPorts = 0> <OutPorts = 1> <Sync> <CReg>
ST_9 : Operation 825 [2/3] (0.41ns) (root node of the DSP)   --->   "%add_ln510_156 = add i43 %sext_ln490_56, i43 %sext_ln490_57" [source/int4_linear_controller.cpp:510->source/int4_linear_controller.cpp:897]   --->   Operation 825 'add' 'add_ln510_156' <Predicate = (!icmp_ln457)> <Delay = 0.41> <CoreInst = "DSP48">   --->   Core 127 'DSP48' <Latency = 4> <II = 1> <Delay = 0.43> <IPBlock> <Opcode : '' 'add' 'sub' 'mul' 'select'> <InPorts = 0> <OutPorts = 1> <Sync> <CReg>
ST_9 : Operation 826 [2/3] (0.41ns) (root node of the DSP)   --->   "%add_ln510_163 = add i43 %sext_ln490_63, i43 %sext_ln490_64" [source/int4_linear_controller.cpp:510->source/int4_linear_controller.cpp:897]   --->   Operation 826 'add' 'add_ln510_163' <Predicate = (!icmp_ln457)> <Delay = 0.41> <CoreInst = "DSP48">   --->   Core 127 'DSP48' <Latency = 4> <II = 1> <Delay = 0.43> <IPBlock> <Opcode : '' 'add' 'sub' 'mul' 'select'> <InPorts = 0> <OutPorts = 1> <Sync> <CReg>
ST_9 : Operation 827 [2/3] (0.41ns) (root node of the DSP)   --->   "%add_ln510_171 = add i43 %sext_ln490_72, i43 %sext_ln490_75" [source/int4_linear_controller.cpp:510->source/int4_linear_controller.cpp:897]   --->   Operation 827 'add' 'add_ln510_171' <Predicate = (!icmp_ln457)> <Delay = 0.41> <CoreInst = "DSP48">   --->   Core 127 'DSP48' <Latency = 4> <II = 1> <Delay = 0.43> <IPBlock> <Opcode : '' 'add' 'sub' 'mul' 'select'> <InPorts = 0> <OutPorts = 1> <Sync> <CReg>
ST_9 : Operation 828 [2/3] (0.41ns) (root node of the DSP)   --->   "%add_ln510_175 = add i43 %sext_ln490_74, i43 %sext_ln490_65" [source/int4_linear_controller.cpp:510->source/int4_linear_controller.cpp:897]   --->   Operation 828 'add' 'add_ln510_175' <Predicate = (!icmp_ln457)> <Delay = 0.41> <CoreInst = "DSP48">   --->   Core 127 'DSP48' <Latency = 4> <II = 1> <Delay = 0.43> <IPBlock> <Opcode : '' 'add' 'sub' 'mul' 'select'> <InPorts = 0> <OutPorts = 1> <Sync> <CReg>
ST_9 : Operation 829 [2/3] (0.41ns) (root node of the DSP)   --->   "%add_ln510_176 = add i43 %sext_ln490_67, i43 %sext_ln490_66" [source/int4_linear_controller.cpp:510->source/int4_linear_controller.cpp:897]   --->   Operation 829 'add' 'add_ln510_176' <Predicate = (!icmp_ln457)> <Delay = 0.41> <CoreInst = "DSP48">   --->   Core 127 'DSP48' <Latency = 4> <II = 1> <Delay = 0.43> <IPBlock> <Opcode : '' 'add' 'sub' 'mul' 'select'> <InPorts = 0> <OutPorts = 1> <Sync> <CReg>
ST_9 : Operation 830 [2/3] (0.41ns) (root node of the DSP)   --->   "%add_ln510_179 = add i43 %sext_ln490_70, i43 %sext_ln510_104" [source/int4_linear_controller.cpp:510->source/int4_linear_controller.cpp:897]   --->   Operation 830 'add' 'add_ln510_179' <Predicate = (!icmp_ln457)> <Delay = 0.41> <CoreInst = "DSP48">   --->   Core 127 'DSP48' <Latency = 4> <II = 1> <Delay = 0.43> <IPBlock> <Opcode : '' 'add' 'sub' 'mul' 'select'> <InPorts = 0> <OutPorts = 1> <Sync> <CReg>

State 10 <SV = 9> <Delay = 2.16>
ST_10 : Operation 831 [1/1] (0.00ns)   --->   "%conv3_i12_i_3_i = sext i15 %activation_96" [source/int4_linear_controller.cpp:491->source/int4_linear_controller.cpp:897]   --->   Operation 831 'sext' 'conv3_i12_i_3_i' <Predicate = (!icmp_ln457)> <Delay = 0.00>
ST_10 : Operation 832 [1/1] (0.00ns)   --->   "%conv3_i12_i_8_i = sext i15 %activation_101" [source/int4_linear_controller.cpp:491->source/int4_linear_controller.cpp:897]   --->   Operation 832 'sext' 'conv3_i12_i_8_i' <Predicate = (!icmp_ln457)> <Delay = 0.00>
ST_10 : Operation 833 [1/3] (0.00ns) (grouped into DSP with root node add_ln510_123)   --->   "%packed_product_191 = mul i42 %sext_ln507_128, i42 %conv3_i12_i_1_i" [source/int4_linear_controller.cpp:507->source/int4_linear_controller.cpp:897]   --->   Operation 833 'mul' 'packed_product_191' <Predicate = (!icmp_ln457)> <Delay = 0.00> <CoreInst = "DSP48">   --->   Core 127 'DSP48' <Latency = 4> <II = 1> <Delay = 0.43> <IPBlock> <Opcode : '' 'add' 'sub' 'mul' 'select'> <InPorts = 0> <OutPorts = 1> <Sync> <CReg>
ST_10 : Operation 834 [1/1] (0.00ns)   --->   "%specfucore_ln509 = specfucore void @_ssdm_op_SpecFUCore, i42 %packed_product_191, i64 12, i64 3, i64 4" [source/int4_linear_controller.cpp:509->source/int4_linear_controller.cpp:897]   --->   Operation 834 'specfucore' 'specfucore_ln509' <Predicate = (!icmp_ln457)> <Delay = 0.00>
ST_10 : Operation 835 [1/1] (0.00ns) (grouped into DSP with root node add_ln510_123)   --->   "%sext_ln503_29 = sext i42 %packed_product_191" [source/int4_linear_controller.cpp:503->source/int4_linear_controller.cpp:897]   --->   Operation 835 'sext' 'sext_ln503_29' <Predicate = (!icmp_ln457)> <Delay = 0.00>
ST_10 : Operation 836 [1/3] (0.00ns) (grouped into DSP with root node add_ln510_154)   --->   "%packed_product_192 = mul i42 %sext_ln507_129, i42 %conv3_i12_i_1_i" [source/int4_linear_controller.cpp:507->source/int4_linear_controller.cpp:897]   --->   Operation 836 'mul' 'packed_product_192' <Predicate = (!icmp_ln457)> <Delay = 0.00> <CoreInst = "DSP48">   --->   Core 127 'DSP48' <Latency = 4> <II = 1> <Delay = 0.43> <IPBlock> <Opcode : '' 'add' 'sub' 'mul' 'select'> <InPorts = 0> <OutPorts = 1> <Sync> <CReg>
ST_10 : Operation 837 [1/1] (0.00ns)   --->   "%specfucore_ln509 = specfucore void @_ssdm_op_SpecFUCore, i42 %packed_product_192, i64 12, i64 3, i64 4" [source/int4_linear_controller.cpp:509->source/int4_linear_controller.cpp:897]   --->   Operation 837 'specfucore' 'specfucore_ln509' <Predicate = (!icmp_ln457)> <Delay = 0.00>
ST_10 : Operation 838 [1/1] (0.00ns) (grouped into DSP with root node add_ln510_154)   --->   "%sext_ln490_29 = sext i42 %packed_product_192" [source/int4_linear_controller.cpp:490->source/int4_linear_controller.cpp:897]   --->   Operation 838 'sext' 'sext_ln490_29' <Predicate = (!icmp_ln457)> <Delay = 0.00>
ST_10 : Operation 839 [1/2] (0.76ns)   --->   "%packed_weight_195 = add i27 %shl_ln185_129, i27 %sext_ln185_132" [source/int4_linear_controller.cpp:185->source/int4_linear_controller.cpp:507->source/int4_linear_controller.cpp:897]   --->   Operation 839 'add' 'packed_weight_195' <Predicate = (!icmp_ln457)> <Delay = 0.76> <CoreInst = "Adder">   --->   Core 1 'Adder' <Latency = 1> <II = 1> <Delay = 0.85> <FuncUnit> <Opcode : 'add' 'sub'> <InPorts = 2> <OutPorts = 1>
ST_10 : Operation 840 [1/1] (0.00ns)   --->   "%specfucore_ln191 = specfucore void @_ssdm_op_SpecFUCore, i27 %packed_weight_195, i64 8, i64 4, i64 1" [source/int4_linear_controller.cpp:191->source/int4_linear_controller.cpp:507->source/int4_linear_controller.cpp:897]   --->   Operation 840 'specfucore' 'specfucore_ln191' <Predicate = (!icmp_ln457)> <Delay = 0.00>
ST_10 : Operation 841 [1/1] (0.00ns)   --->   "%sext_ln507_132 = sext i27 %packed_weight_195" [source/int4_linear_controller.cpp:507->source/int4_linear_controller.cpp:897]   --->   Operation 841 'sext' 'sext_ln507_132' <Predicate = (!icmp_ln457)> <Delay = 0.00>
ST_10 : Operation 842 [3/3] (0.99ns) (grouped into DSP with root node add_ln510_124)   --->   "%packed_product_195 = mul i42 %sext_ln507_132, i42 %conv3_i12_i_3_i" [source/int4_linear_controller.cpp:507->source/int4_linear_controller.cpp:897]   --->   Operation 842 'mul' 'packed_product_195' <Predicate = (!icmp_ln457)> <Delay = 0.99> <CoreInst = "DSP48">   --->   Core 127 'DSP48' <Latency = 4> <II = 1> <Delay = 0.43> <IPBlock> <Opcode : '' 'add' 'sub' 'mul' 'select'> <InPorts = 0> <OutPorts = 1> <Sync> <CReg>
ST_10 : Operation 843 [1/2] (0.76ns)   --->   "%packed_weight_196 = add i27 %shl_ln185_130, i27 %sext_ln185_133" [source/int4_linear_controller.cpp:185->source/int4_linear_controller.cpp:507->source/int4_linear_controller.cpp:897]   --->   Operation 843 'add' 'packed_weight_196' <Predicate = (!icmp_ln457)> <Delay = 0.76> <CoreInst = "Adder">   --->   Core 1 'Adder' <Latency = 1> <II = 1> <Delay = 0.85> <FuncUnit> <Opcode : 'add' 'sub'> <InPorts = 2> <OutPorts = 1>
ST_10 : Operation 844 [1/1] (0.00ns)   --->   "%specfucore_ln191 = specfucore void @_ssdm_op_SpecFUCore, i27 %packed_weight_196, i64 8, i64 4, i64 1" [source/int4_linear_controller.cpp:191->source/int4_linear_controller.cpp:507->source/int4_linear_controller.cpp:897]   --->   Operation 844 'specfucore' 'specfucore_ln191' <Predicate = (!icmp_ln457)> <Delay = 0.00>
ST_10 : Operation 845 [1/1] (0.00ns)   --->   "%sext_ln507_133 = sext i27 %packed_weight_196" [source/int4_linear_controller.cpp:507->source/int4_linear_controller.cpp:897]   --->   Operation 845 'sext' 'sext_ln507_133' <Predicate = (!icmp_ln457)> <Delay = 0.00>
ST_10 : Operation 846 [3/3] (0.99ns) (grouped into DSP with root node add_ln510_155)   --->   "%packed_product_196 = mul i42 %sext_ln507_133, i42 %conv3_i12_i_3_i" [source/int4_linear_controller.cpp:507->source/int4_linear_controller.cpp:897]   --->   Operation 846 'mul' 'packed_product_196' <Predicate = (!icmp_ln457)> <Delay = 0.99> <CoreInst = "DSP48">   --->   Core 127 'DSP48' <Latency = 4> <II = 1> <Delay = 0.43> <IPBlock> <Opcode : '' 'add' 'sub' 'mul' 'select'> <InPorts = 0> <OutPorts = 1> <Sync> <CReg>
ST_10 : Operation 847 [1/3] (0.00ns) (grouped into DSP with root node add_ln510_126)   --->   "%packed_product_197 = mul i42 %sext_ln507_134, i42 %conv3_i12_i_4_i" [source/int4_linear_controller.cpp:507->source/int4_linear_controller.cpp:897]   --->   Operation 847 'mul' 'packed_product_197' <Predicate = (!icmp_ln457)> <Delay = 0.00> <CoreInst = "DSP48">   --->   Core 127 'DSP48' <Latency = 4> <II = 1> <Delay = 0.43> <IPBlock> <Opcode : '' 'add' 'sub' 'mul' 'select'> <InPorts = 0> <OutPorts = 1> <Sync> <CReg>
ST_10 : Operation 848 [1/1] (0.00ns)   --->   "%specfucore_ln509 = specfucore void @_ssdm_op_SpecFUCore, i42 %packed_product_197, i64 12, i64 3, i64 4" [source/int4_linear_controller.cpp:509->source/int4_linear_controller.cpp:897]   --->   Operation 848 'specfucore' 'specfucore_ln509' <Predicate = (!icmp_ln457)> <Delay = 0.00>
ST_10 : Operation 849 [1/1] (0.00ns) (grouped into DSP with root node add_ln510_126)   --->   "%sext_ln503_55 = sext i42 %packed_product_197" [source/int4_linear_controller.cpp:503->source/int4_linear_controller.cpp:897]   --->   Operation 849 'sext' 'sext_ln503_55' <Predicate = (!icmp_ln457)> <Delay = 0.00>
ST_10 : Operation 850 [1/3] (0.00ns) (grouped into DSP with root node add_ln510_157)   --->   "%packed_product_198 = mul i42 %sext_ln507_135, i42 %conv3_i12_i_4_i" [source/int4_linear_controller.cpp:507->source/int4_linear_controller.cpp:897]   --->   Operation 850 'mul' 'packed_product_198' <Predicate = (!icmp_ln457)> <Delay = 0.00> <CoreInst = "DSP48">   --->   Core 127 'DSP48' <Latency = 4> <II = 1> <Delay = 0.43> <IPBlock> <Opcode : '' 'add' 'sub' 'mul' 'select'> <InPorts = 0> <OutPorts = 1> <Sync> <CReg>
ST_10 : Operation 851 [1/1] (0.00ns)   --->   "%specfucore_ln509 = specfucore void @_ssdm_op_SpecFUCore, i42 %packed_product_198, i64 12, i64 3, i64 4" [source/int4_linear_controller.cpp:509->source/int4_linear_controller.cpp:897]   --->   Operation 851 'specfucore' 'specfucore_ln509' <Predicate = (!icmp_ln457)> <Delay = 0.00>
ST_10 : Operation 852 [1/1] (0.00ns) (grouped into DSP with root node add_ln510_157)   --->   "%sext_ln490_55 = sext i42 %packed_product_198" [source/int4_linear_controller.cpp:490->source/int4_linear_controller.cpp:897]   --->   Operation 852 'sext' 'sext_ln490_55' <Predicate = (!icmp_ln457)> <Delay = 0.00>
ST_10 : Operation 853 [1/2] (0.76ns)   --->   "%packed_weight_205 = add i27 %shl_ln185_139, i27 %sext_ln185_142" [source/int4_linear_controller.cpp:185->source/int4_linear_controller.cpp:507->source/int4_linear_controller.cpp:897]   --->   Operation 853 'add' 'packed_weight_205' <Predicate = (!icmp_ln457)> <Delay = 0.76> <CoreInst = "Adder">   --->   Core 1 'Adder' <Latency = 1> <II = 1> <Delay = 0.85> <FuncUnit> <Opcode : 'add' 'sub'> <InPorts = 2> <OutPorts = 1>
ST_10 : Operation 854 [1/1] (0.00ns)   --->   "%specfucore_ln191 = specfucore void @_ssdm_op_SpecFUCore, i27 %packed_weight_205, i64 8, i64 4, i64 1" [source/int4_linear_controller.cpp:191->source/int4_linear_controller.cpp:507->source/int4_linear_controller.cpp:897]   --->   Operation 854 'specfucore' 'specfucore_ln191' <Predicate = (!icmp_ln457)> <Delay = 0.00>
ST_10 : Operation 855 [1/1] (0.00ns)   --->   "%sext_ln507_142 = sext i27 %packed_weight_205" [source/int4_linear_controller.cpp:507->source/int4_linear_controller.cpp:897]   --->   Operation 855 'sext' 'sext_ln507_142' <Predicate = (!icmp_ln457)> <Delay = 0.00>
ST_10 : Operation 856 [5/5] (1.39ns)   --->   "%packed_product_205 = mul i42 %sext_ln507_142, i42 %conv3_i12_i_8_i" [source/int4_linear_controller.cpp:507->source/int4_linear_controller.cpp:897]   --->   Operation 856 'mul' 'packed_product_205' <Predicate = (!icmp_ln457)> <Delay = 1.39> <CoreInst = "Mul_DSP">   --->   Core 5 'Mul_DSP' <Latency = 4> <II = 1> <Delay = 2.17> <FuncUnit> <Opcode : 'mul'> <InPorts = 2> <OutPorts = 1>
ST_10 : Operation 857 [1/2] (0.76ns)   --->   "%packed_weight_206 = add i27 %shl_ln185_140, i27 %sext_ln185_143" [source/int4_linear_controller.cpp:185->source/int4_linear_controller.cpp:507->source/int4_linear_controller.cpp:897]   --->   Operation 857 'add' 'packed_weight_206' <Predicate = (!icmp_ln457)> <Delay = 0.76> <CoreInst = "Adder">   --->   Core 1 'Adder' <Latency = 1> <II = 1> <Delay = 0.85> <FuncUnit> <Opcode : 'add' 'sub'> <InPorts = 2> <OutPorts = 1>
ST_10 : Operation 858 [1/1] (0.00ns)   --->   "%specfucore_ln191 = specfucore void @_ssdm_op_SpecFUCore, i27 %packed_weight_206, i64 8, i64 4, i64 1" [source/int4_linear_controller.cpp:191->source/int4_linear_controller.cpp:507->source/int4_linear_controller.cpp:897]   --->   Operation 858 'specfucore' 'specfucore_ln191' <Predicate = (!icmp_ln457)> <Delay = 0.00>
ST_10 : Operation 859 [1/1] (0.00ns)   --->   "%sext_ln507_143 = sext i27 %packed_weight_206" [source/int4_linear_controller.cpp:507->source/int4_linear_controller.cpp:897]   --->   Operation 859 'sext' 'sext_ln507_143' <Predicate = (!icmp_ln457)> <Delay = 0.00>
ST_10 : Operation 860 [5/5] (1.39ns)   --->   "%packed_product_206 = mul i42 %sext_ln507_143, i42 %conv3_i12_i_8_i" [source/int4_linear_controller.cpp:507->source/int4_linear_controller.cpp:897]   --->   Operation 860 'mul' 'packed_product_206' <Predicate = (!icmp_ln457)> <Delay = 1.39> <CoreInst = "Mul_DSP">   --->   Core 5 'Mul_DSP' <Latency = 4> <II = 1> <Delay = 2.17> <FuncUnit> <Opcode : 'mul'> <InPorts = 2> <OutPorts = 1>
ST_10 : Operation 861 [1/5] (1.39ns)   --->   "%packed_product_209 = mul i42 %sext_ln507_146, i42 %conv3_i12_i_10_i" [source/int4_linear_controller.cpp:507->source/int4_linear_controller.cpp:897]   --->   Operation 861 'mul' 'packed_product_209' <Predicate = (!icmp_ln457)> <Delay = 1.39> <CoreInst = "Mul_DSP">   --->   Core 5 'Mul_DSP' <Latency = 4> <II = 1> <Delay = 2.17> <FuncUnit> <Opcode : 'mul'> <InPorts = 2> <OutPorts = 1>
ST_10 : Operation 862 [1/1] (0.00ns)   --->   "%specfucore_ln509 = specfucore void @_ssdm_op_SpecFUCore, i42 %packed_product_209, i64 12, i64 3, i64 4" [source/int4_linear_controller.cpp:509->source/int4_linear_controller.cpp:897]   --->   Operation 862 'specfucore' 'specfucore_ln509' <Predicate = (!icmp_ln457)> <Delay = 0.00>
ST_10 : Operation 863 [1/1] (0.00ns)   --->   "%sext_ln503_60 = sext i42 %packed_product_209" [source/int4_linear_controller.cpp:503->source/int4_linear_controller.cpp:897]   --->   Operation 863 'sext' 'sext_ln503_60' <Predicate = (!icmp_ln457)> <Delay = 0.00>
ST_10 : Operation 864 [1/5] (1.39ns)   --->   "%packed_product_210 = mul i42 %sext_ln507_147, i42 %conv3_i12_i_10_i" [source/int4_linear_controller.cpp:507->source/int4_linear_controller.cpp:897]   --->   Operation 864 'mul' 'packed_product_210' <Predicate = (!icmp_ln457)> <Delay = 1.39> <CoreInst = "Mul_DSP">   --->   Core 5 'Mul_DSP' <Latency = 4> <II = 1> <Delay = 2.17> <FuncUnit> <Opcode : 'mul'> <InPorts = 2> <OutPorts = 1>
ST_10 : Operation 865 [1/1] (0.00ns)   --->   "%specfucore_ln509 = specfucore void @_ssdm_op_SpecFUCore, i42 %packed_product_210, i64 12, i64 3, i64 4" [source/int4_linear_controller.cpp:509->source/int4_linear_controller.cpp:897]   --->   Operation 865 'specfucore' 'specfucore_ln509' <Predicate = (!icmp_ln457)> <Delay = 0.00>
ST_10 : Operation 866 [1/1] (0.00ns)   --->   "%sext_ln490_60 = sext i42 %packed_product_210" [source/int4_linear_controller.cpp:490->source/int4_linear_controller.cpp:897]   --->   Operation 866 'sext' 'sext_ln490_60' <Predicate = (!icmp_ln457)> <Delay = 0.00>
ST_10 : Operation 867 [1/3] (0.00ns) (grouped into DSP with root node add_ln510_131)   --->   "%packed_product_211 = mul i42 %sext_ln507_148, i42 %conv3_i12_i_11_i" [source/int4_linear_controller.cpp:507->source/int4_linear_controller.cpp:897]   --->   Operation 867 'mul' 'packed_product_211' <Predicate = (!icmp_ln457)> <Delay = 0.00> <CoreInst = "DSP48">   --->   Core 127 'DSP48' <Latency = 4> <II = 1> <Delay = 0.43> <IPBlock> <Opcode : '' 'add' 'sub' 'mul' 'select'> <InPorts = 0> <OutPorts = 1> <Sync> <CReg>
ST_10 : Operation 868 [1/1] (0.00ns)   --->   "%specfucore_ln509 = specfucore void @_ssdm_op_SpecFUCore, i42 %packed_product_211, i64 12, i64 3, i64 4" [source/int4_linear_controller.cpp:509->source/int4_linear_controller.cpp:897]   --->   Operation 868 'specfucore' 'specfucore_ln509' <Predicate = (!icmp_ln457)> <Delay = 0.00>
ST_10 : Operation 869 [1/1] (0.00ns) (grouped into DSP with root node add_ln510_131)   --->   "%sext_ln503_61 = sext i42 %packed_product_211" [source/int4_linear_controller.cpp:503->source/int4_linear_controller.cpp:897]   --->   Operation 869 'sext' 'sext_ln503_61' <Predicate = (!icmp_ln457)> <Delay = 0.00>
ST_10 : Operation 870 [1/3] (0.00ns) (grouped into DSP with root node add_ln510_162)   --->   "%packed_product_212 = mul i42 %sext_ln507_149, i42 %conv3_i12_i_11_i" [source/int4_linear_controller.cpp:507->source/int4_linear_controller.cpp:897]   --->   Operation 870 'mul' 'packed_product_212' <Predicate = (!icmp_ln457)> <Delay = 0.00> <CoreInst = "DSP48">   --->   Core 127 'DSP48' <Latency = 4> <II = 1> <Delay = 0.43> <IPBlock> <Opcode : '' 'add' 'sub' 'mul' 'select'> <InPorts = 0> <OutPorts = 1> <Sync> <CReg>
ST_10 : Operation 871 [1/1] (0.00ns)   --->   "%specfucore_ln509 = specfucore void @_ssdm_op_SpecFUCore, i42 %packed_product_212, i64 12, i64 3, i64 4" [source/int4_linear_controller.cpp:509->source/int4_linear_controller.cpp:897]   --->   Operation 871 'specfucore' 'specfucore_ln509' <Predicate = (!icmp_ln457)> <Delay = 0.00>
ST_10 : Operation 872 [1/1] (0.00ns) (grouped into DSP with root node add_ln510_162)   --->   "%sext_ln490_61 = sext i42 %packed_product_212" [source/int4_linear_controller.cpp:490->source/int4_linear_controller.cpp:897]   --->   Operation 872 'sext' 'sext_ln490_61' <Predicate = (!icmp_ln457)> <Delay = 0.00>
ST_10 : Operation 873 [1/3] (0.00ns) (grouped into DSP with root node add_ln510_133)   --->   "%packed_product_213 = mul i42 %sext_ln507_150, i42 %conv3_i12_i_12_i" [source/int4_linear_controller.cpp:507->source/int4_linear_controller.cpp:897]   --->   Operation 873 'mul' 'packed_product_213' <Predicate = (!icmp_ln457)> <Delay = 0.00> <CoreInst = "DSP48">   --->   Core 127 'DSP48' <Latency = 4> <II = 1> <Delay = 0.43> <IPBlock> <Opcode : '' 'add' 'sub' 'mul' 'select'> <InPorts = 0> <OutPorts = 1> <Sync> <CReg>
ST_10 : Operation 874 [1/1] (0.00ns)   --->   "%specfucore_ln509 = specfucore void @_ssdm_op_SpecFUCore, i42 %packed_product_213, i64 12, i64 3, i64 4" [source/int4_linear_controller.cpp:509->source/int4_linear_controller.cpp:897]   --->   Operation 874 'specfucore' 'specfucore_ln509' <Predicate = (!icmp_ln457)> <Delay = 0.00>
ST_10 : Operation 875 [1/1] (0.00ns) (grouped into DSP with root node add_ln510_133)   --->   "%sext_ln503_62 = sext i42 %packed_product_213" [source/int4_linear_controller.cpp:503->source/int4_linear_controller.cpp:897]   --->   Operation 875 'sext' 'sext_ln503_62' <Predicate = (!icmp_ln457)> <Delay = 0.00>
ST_10 : Operation 876 [1/3] (0.00ns) (grouped into DSP with root node add_ln510_164)   --->   "%packed_product_214 = mul i42 %sext_ln507_151, i42 %conv3_i12_i_12_i" [source/int4_linear_controller.cpp:507->source/int4_linear_controller.cpp:897]   --->   Operation 876 'mul' 'packed_product_214' <Predicate = (!icmp_ln457)> <Delay = 0.00> <CoreInst = "DSP48">   --->   Core 127 'DSP48' <Latency = 4> <II = 1> <Delay = 0.43> <IPBlock> <Opcode : '' 'add' 'sub' 'mul' 'select'> <InPorts = 0> <OutPorts = 1> <Sync> <CReg>
ST_10 : Operation 877 [1/1] (0.00ns)   --->   "%specfucore_ln509 = specfucore void @_ssdm_op_SpecFUCore, i42 %packed_product_214, i64 12, i64 3, i64 4" [source/int4_linear_controller.cpp:509->source/int4_linear_controller.cpp:897]   --->   Operation 877 'specfucore' 'specfucore_ln509' <Predicate = (!icmp_ln457)> <Delay = 0.00>
ST_10 : Operation 878 [1/1] (0.00ns) (grouped into DSP with root node add_ln510_164)   --->   "%sext_ln490_62 = sext i42 %packed_product_214" [source/int4_linear_controller.cpp:490->source/int4_linear_controller.cpp:897]   --->   Operation 878 'sext' 'sext_ln490_62' <Predicate = (!icmp_ln457)> <Delay = 0.00>
ST_10 : Operation 879 [1/3] (0.00ns) (grouped into DSP with root node add_ln510_147)   --->   "%packed_product_225 = mul i42 %sext_ln507_162, i42 %conv3_i12_i_18_i" [source/int4_linear_controller.cpp:507->source/int4_linear_controller.cpp:897]   --->   Operation 879 'mul' 'packed_product_225' <Predicate = (!icmp_ln457)> <Delay = 0.00> <CoreInst = "DSP48">   --->   Core 127 'DSP48' <Latency = 4> <II = 1> <Delay = 0.43> <IPBlock> <Opcode : '' 'add' 'sub' 'mul' 'select'> <InPorts = 0> <OutPorts = 1> <Sync> <CReg>
ST_10 : Operation 880 [1/1] (0.00ns)   --->   "%specfucore_ln509 = specfucore void @_ssdm_op_SpecFUCore, i42 %packed_product_225, i64 12, i64 3, i64 4" [source/int4_linear_controller.cpp:509->source/int4_linear_controller.cpp:897]   --->   Operation 880 'specfucore' 'specfucore_ln509' <Predicate = (!icmp_ln457)> <Delay = 0.00>
ST_10 : Operation 881 [1/1] (0.00ns) (grouped into DSP with root node add_ln510_147)   --->   "%sext_ln503_68 = sext i42 %packed_product_225" [source/int4_linear_controller.cpp:503->source/int4_linear_controller.cpp:897]   --->   Operation 881 'sext' 'sext_ln503_68' <Predicate = (!icmp_ln457)> <Delay = 0.00>
ST_10 : Operation 882 [1/3] (0.00ns) (grouped into DSP with root node add_ln510_178)   --->   "%packed_product_226 = mul i42 %sext_ln507_163, i42 %conv3_i12_i_18_i" [source/int4_linear_controller.cpp:507->source/int4_linear_controller.cpp:897]   --->   Operation 882 'mul' 'packed_product_226' <Predicate = (!icmp_ln457)> <Delay = 0.00> <CoreInst = "DSP48">   --->   Core 127 'DSP48' <Latency = 4> <II = 1> <Delay = 0.43> <IPBlock> <Opcode : '' 'add' 'sub' 'mul' 'select'> <InPorts = 0> <OutPorts = 1> <Sync> <CReg>
ST_10 : Operation 883 [1/1] (0.00ns)   --->   "%specfucore_ln509 = specfucore void @_ssdm_op_SpecFUCore, i42 %packed_product_226, i64 12, i64 3, i64 4" [source/int4_linear_controller.cpp:509->source/int4_linear_controller.cpp:897]   --->   Operation 883 'specfucore' 'specfucore_ln509' <Predicate = (!icmp_ln457)> <Delay = 0.00>
ST_10 : Operation 884 [1/1] (0.00ns) (grouped into DSP with root node add_ln510_178)   --->   "%sext_ln490_68 = sext i42 %packed_product_226" [source/int4_linear_controller.cpp:490->source/int4_linear_controller.cpp:897]   --->   Operation 884 'sext' 'sext_ln490_68' <Predicate = (!icmp_ln457)> <Delay = 0.00>
ST_10 : Operation 885 [1/5] (1.39ns)   --->   "%packed_product_227 = mul i42 %sext_ln507_164, i42 %conv3_i12_i_19_i" [source/int4_linear_controller.cpp:507->source/int4_linear_controller.cpp:897]   --->   Operation 885 'mul' 'packed_product_227' <Predicate = (!icmp_ln457)> <Delay = 1.39> <CoreInst = "Mul_DSP">   --->   Core 5 'Mul_DSP' <Latency = 4> <II = 1> <Delay = 2.17> <FuncUnit> <Opcode : 'mul'> <InPorts = 2> <OutPorts = 1>
ST_10 : Operation 886 [1/1] (0.00ns)   --->   "%specfucore_ln509 = specfucore void @_ssdm_op_SpecFUCore, i42 %packed_product_227, i64 12, i64 3, i64 4" [source/int4_linear_controller.cpp:509->source/int4_linear_controller.cpp:897]   --->   Operation 886 'specfucore' 'specfucore_ln509' <Predicate = (!icmp_ln457)> <Delay = 0.00>
ST_10 : Operation 887 [1/1] (0.00ns)   --->   "%sext_ln503_69 = sext i42 %packed_product_227" [source/int4_linear_controller.cpp:503->source/int4_linear_controller.cpp:897]   --->   Operation 887 'sext' 'sext_ln503_69' <Predicate = (!icmp_ln457)> <Delay = 0.00>
ST_10 : Operation 888 [1/5] (1.39ns)   --->   "%packed_product_228 = mul i42 %sext_ln507_165, i42 %conv3_i12_i_19_i" [source/int4_linear_controller.cpp:507->source/int4_linear_controller.cpp:897]   --->   Operation 888 'mul' 'packed_product_228' <Predicate = (!icmp_ln457)> <Delay = 1.39> <CoreInst = "Mul_DSP">   --->   Core 5 'Mul_DSP' <Latency = 4> <II = 1> <Delay = 2.17> <FuncUnit> <Opcode : 'mul'> <InPorts = 2> <OutPorts = 1>
ST_10 : Operation 889 [1/1] (0.00ns)   --->   "%specfucore_ln509 = specfucore void @_ssdm_op_SpecFUCore, i42 %packed_product_228, i64 12, i64 3, i64 4" [source/int4_linear_controller.cpp:509->source/int4_linear_controller.cpp:897]   --->   Operation 889 'specfucore' 'specfucore_ln509' <Predicate = (!icmp_ln457)> <Delay = 0.00>
ST_10 : Operation 890 [1/1] (0.00ns)   --->   "%sext_ln490_69 = sext i42 %packed_product_228" [source/int4_linear_controller.cpp:490->source/int4_linear_controller.cpp:897]   --->   Operation 890 'sext' 'sext_ln490_69' <Predicate = (!icmp_ln457)> <Delay = 0.00>
ST_10 : Operation 891 [1/3] (0.00ns) (grouped into DSP with root node add_ln510_149)   --->   "%packed_product_231 = mul i42 %sext_ln507_168, i42 %conv3_i12_i_21_i" [source/int4_linear_controller.cpp:507->source/int4_linear_controller.cpp:897]   --->   Operation 891 'mul' 'packed_product_231' <Predicate = (!icmp_ln457)> <Delay = 0.00> <CoreInst = "DSP48">   --->   Core 127 'DSP48' <Latency = 4> <II = 1> <Delay = 0.43> <IPBlock> <Opcode : '' 'add' 'sub' 'mul' 'select'> <InPorts = 0> <OutPorts = 1> <Sync> <CReg>
ST_10 : Operation 892 [1/1] (0.00ns)   --->   "%specfucore_ln509 = specfucore void @_ssdm_op_SpecFUCore, i42 %packed_product_231, i64 12, i64 3, i64 4" [source/int4_linear_controller.cpp:509->source/int4_linear_controller.cpp:897]   --->   Operation 892 'specfucore' 'specfucore_ln509' <Predicate = (!icmp_ln457)> <Delay = 0.00>
ST_10 : Operation 893 [1/1] (0.00ns) (grouped into DSP with root node add_ln510_149)   --->   "%sext_ln503_71 = sext i42 %packed_product_231" [source/int4_linear_controller.cpp:503->source/int4_linear_controller.cpp:897]   --->   Operation 893 'sext' 'sext_ln503_71' <Predicate = (!icmp_ln457)> <Delay = 0.00>
ST_10 : Operation 894 [1/3] (0.00ns) (grouped into DSP with root node add_ln510_180)   --->   "%packed_product_232 = mul i42 %sext_ln507_169, i42 %conv3_i12_i_21_i" [source/int4_linear_controller.cpp:507->source/int4_linear_controller.cpp:897]   --->   Operation 894 'mul' 'packed_product_232' <Predicate = (!icmp_ln457)> <Delay = 0.00> <CoreInst = "DSP48">   --->   Core 127 'DSP48' <Latency = 4> <II = 1> <Delay = 0.43> <IPBlock> <Opcode : '' 'add' 'sub' 'mul' 'select'> <InPorts = 0> <OutPorts = 1> <Sync> <CReg>
ST_10 : Operation 895 [1/1] (0.00ns)   --->   "%specfucore_ln509 = specfucore void @_ssdm_op_SpecFUCore, i42 %packed_product_232, i64 12, i64 3, i64 4" [source/int4_linear_controller.cpp:509->source/int4_linear_controller.cpp:897]   --->   Operation 895 'specfucore' 'specfucore_ln509' <Predicate = (!icmp_ln457)> <Delay = 0.00>
ST_10 : Operation 896 [1/1] (0.00ns) (grouped into DSP with root node add_ln510_180)   --->   "%sext_ln490_71 = sext i42 %packed_product_232" [source/int4_linear_controller.cpp:490->source/int4_linear_controller.cpp:897]   --->   Operation 896 'sext' 'sext_ln490_71' <Predicate = (!icmp_ln457)> <Delay = 0.00>
ST_10 : Operation 897 [1/3] (0.00ns) (grouped into DSP with root node add_ln510_141)   --->   "%packed_product_235 = mul i42 %sext_ln507_172, i42 %conv3_i12_i_23_i" [source/int4_linear_controller.cpp:507->source/int4_linear_controller.cpp:897]   --->   Operation 897 'mul' 'packed_product_235' <Predicate = (!icmp_ln457)> <Delay = 0.00> <CoreInst = "DSP48">   --->   Core 127 'DSP48' <Latency = 4> <II = 1> <Delay = 0.43> <IPBlock> <Opcode : '' 'add' 'sub' 'mul' 'select'> <InPorts = 0> <OutPorts = 1> <Sync> <CReg>
ST_10 : Operation 898 [1/1] (0.00ns)   --->   "%specfucore_ln509 = specfucore void @_ssdm_op_SpecFUCore, i42 %packed_product_235, i64 12, i64 3, i64 4" [source/int4_linear_controller.cpp:509->source/int4_linear_controller.cpp:897]   --->   Operation 898 'specfucore' 'specfucore_ln509' <Predicate = (!icmp_ln457)> <Delay = 0.00>
ST_10 : Operation 899 [1/1] (0.00ns) (grouped into DSP with root node add_ln510_141)   --->   "%sext_ln503_73 = sext i42 %packed_product_235" [source/int4_linear_controller.cpp:503->source/int4_linear_controller.cpp:897]   --->   Operation 899 'sext' 'sext_ln503_73' <Predicate = (!icmp_ln457)> <Delay = 0.00>
ST_10 : Operation 900 [1/3] (0.00ns) (grouped into DSP with root node add_ln510_172)   --->   "%packed_product_236 = mul i42 %sext_ln507_173, i42 %conv3_i12_i_23_i" [source/int4_linear_controller.cpp:507->source/int4_linear_controller.cpp:897]   --->   Operation 900 'mul' 'packed_product_236' <Predicate = (!icmp_ln457)> <Delay = 0.00> <CoreInst = "DSP48">   --->   Core 127 'DSP48' <Latency = 4> <II = 1> <Delay = 0.43> <IPBlock> <Opcode : '' 'add' 'sub' 'mul' 'select'> <InPorts = 0> <OutPorts = 1> <Sync> <CReg>
ST_10 : Operation 901 [1/1] (0.00ns)   --->   "%specfucore_ln509 = specfucore void @_ssdm_op_SpecFUCore, i42 %packed_product_236, i64 12, i64 3, i64 4" [source/int4_linear_controller.cpp:509->source/int4_linear_controller.cpp:897]   --->   Operation 901 'specfucore' 'specfucore_ln509' <Predicate = (!icmp_ln457)> <Delay = 0.00>
ST_10 : Operation 902 [1/1] (0.00ns) (grouped into DSP with root node add_ln510_172)   --->   "%sext_ln490_73 = sext i42 %packed_product_236" [source/int4_linear_controller.cpp:490->source/int4_linear_controller.cpp:897]   --->   Operation 902 'sext' 'sext_ln490_73' <Predicate = (!icmp_ln457)> <Delay = 0.00>
ST_10 : Operation 903 [1/3] (0.00ns) (grouped into DSP with root node add_ln510_139)   --->   "%packed_product_241 = mul i42 %sext_ln507_178, i42 %conv3_i12_i_26_i" [source/int4_linear_controller.cpp:507->source/int4_linear_controller.cpp:897]   --->   Operation 903 'mul' 'packed_product_241' <Predicate = (!icmp_ln457)> <Delay = 0.00> <CoreInst = "DSP48">   --->   Core 127 'DSP48' <Latency = 4> <II = 1> <Delay = 0.43> <IPBlock> <Opcode : '' 'add' 'sub' 'mul' 'select'> <InPorts = 0> <OutPorts = 1> <Sync> <CReg>
ST_10 : Operation 904 [1/1] (0.00ns)   --->   "%specfucore_ln509 = specfucore void @_ssdm_op_SpecFUCore, i42 %packed_product_241, i64 12, i64 3, i64 4" [source/int4_linear_controller.cpp:509->source/int4_linear_controller.cpp:897]   --->   Operation 904 'specfucore' 'specfucore_ln509' <Predicate = (!icmp_ln457)> <Delay = 0.00>
ST_10 : Operation 905 [1/1] (0.00ns) (grouped into DSP with root node add_ln510_139)   --->   "%sext_ln503_76 = sext i42 %packed_product_241" [source/int4_linear_controller.cpp:503->source/int4_linear_controller.cpp:897]   --->   Operation 905 'sext' 'sext_ln503_76' <Predicate = (!icmp_ln457)> <Delay = 0.00>
ST_10 : Operation 906 [1/3] (0.00ns) (grouped into DSP with root node add_ln510_170)   --->   "%packed_product_242 = mul i42 %sext_ln507_179, i42 %conv3_i12_i_26_i" [source/int4_linear_controller.cpp:507->source/int4_linear_controller.cpp:897]   --->   Operation 906 'mul' 'packed_product_242' <Predicate = (!icmp_ln457)> <Delay = 0.00> <CoreInst = "DSP48">   --->   Core 127 'DSP48' <Latency = 4> <II = 1> <Delay = 0.43> <IPBlock> <Opcode : '' 'add' 'sub' 'mul' 'select'> <InPorts = 0> <OutPorts = 1> <Sync> <CReg>
ST_10 : Operation 907 [1/1] (0.00ns)   --->   "%specfucore_ln509 = specfucore void @_ssdm_op_SpecFUCore, i42 %packed_product_242, i64 12, i64 3, i64 4" [source/int4_linear_controller.cpp:509->source/int4_linear_controller.cpp:897]   --->   Operation 907 'specfucore' 'specfucore_ln509' <Predicate = (!icmp_ln457)> <Delay = 0.00>
ST_10 : Operation 908 [1/1] (0.00ns) (grouped into DSP with root node add_ln510_170)   --->   "%sext_ln490_76 = sext i42 %packed_product_242" [source/int4_linear_controller.cpp:490->source/int4_linear_controller.cpp:897]   --->   Operation 908 'sext' 'sext_ln490_76' <Predicate = (!icmp_ln457)> <Delay = 0.00>
ST_10 : Operation 909 [1/5] (1.39ns)   --->   "%packed_product_243 = mul i42 %sext_ln507_180, i42 %conv3_i12_i_27_i" [source/int4_linear_controller.cpp:507->source/int4_linear_controller.cpp:897]   --->   Operation 909 'mul' 'packed_product_243' <Predicate = (!icmp_ln457)> <Delay = 1.39> <CoreInst = "Mul_DSP">   --->   Core 5 'Mul_DSP' <Latency = 4> <II = 1> <Delay = 2.17> <FuncUnit> <Opcode : 'mul'> <InPorts = 2> <OutPorts = 1>
ST_10 : Operation 910 [1/1] (0.00ns)   --->   "%specfucore_ln509 = specfucore void @_ssdm_op_SpecFUCore, i42 %packed_product_243, i64 12, i64 3, i64 4" [source/int4_linear_controller.cpp:509->source/int4_linear_controller.cpp:897]   --->   Operation 910 'specfucore' 'specfucore_ln509' <Predicate = (!icmp_ln457)> <Delay = 0.00>
ST_10 : Operation 911 [1/1] (0.00ns)   --->   "%sext_ln503_77 = sext i42 %packed_product_243" [source/int4_linear_controller.cpp:503->source/int4_linear_controller.cpp:897]   --->   Operation 911 'sext' 'sext_ln503_77' <Predicate = (!icmp_ln457)> <Delay = 0.00>
ST_10 : Operation 912 [1/5] (1.39ns)   --->   "%packed_product_244 = mul i42 %sext_ln507_181, i42 %conv3_i12_i_27_i" [source/int4_linear_controller.cpp:507->source/int4_linear_controller.cpp:897]   --->   Operation 912 'mul' 'packed_product_244' <Predicate = (!icmp_ln457)> <Delay = 1.39> <CoreInst = "Mul_DSP">   --->   Core 5 'Mul_DSP' <Latency = 4> <II = 1> <Delay = 2.17> <FuncUnit> <Opcode : 'mul'> <InPorts = 2> <OutPorts = 1>
ST_10 : Operation 913 [1/1] (0.00ns)   --->   "%specfucore_ln509 = specfucore void @_ssdm_op_SpecFUCore, i42 %packed_product_244, i64 12, i64 3, i64 4" [source/int4_linear_controller.cpp:509->source/int4_linear_controller.cpp:897]   --->   Operation 913 'specfucore' 'specfucore_ln509' <Predicate = (!icmp_ln457)> <Delay = 0.00>
ST_10 : Operation 914 [1/1] (0.00ns)   --->   "%sext_ln490_77 = sext i42 %packed_product_244" [source/int4_linear_controller.cpp:490->source/int4_linear_controller.cpp:897]   --->   Operation 914 'sext' 'sext_ln490_77' <Predicate = (!icmp_ln457)> <Delay = 0.00>
ST_10 : Operation 915 [1/3] (0.41ns) (root node of the DSP)   --->   "%add_ln510 = add i43 %sext_ln503, i43 %sext_ln503_30" [source/int4_linear_controller.cpp:510->source/int4_linear_controller.cpp:897]   --->   Operation 915 'add' 'add_ln510' <Predicate = (!icmp_ln457)> <Delay = 0.41> <CoreInst = "DSP48">   --->   Core 127 'DSP48' <Latency = 4> <II = 1> <Delay = 0.43> <IPBlock> <Opcode : '' 'add' 'sub' 'mul' 'select'> <InPorts = 0> <OutPorts = 1> <Sync> <CReg>
ST_10 : Operation 916 [3/3] (0.41ns) (root node of the DSP)   --->   "%add_ln510_123 = add i43 %add_ln510, i43 %sext_ln503_29" [source/int4_linear_controller.cpp:510->source/int4_linear_controller.cpp:897]   --->   Operation 916 'add' 'add_ln510_123' <Predicate = (!icmp_ln457)> <Delay = 0.41> <CoreInst = "DSP48">   --->   Core 127 'DSP48' <Latency = 4> <II = 1> <Delay = 0.43> <IPBlock> <Opcode : '' 'add' 'sub' 'mul' 'select'> <InPorts = 0> <OutPorts = 1> <Sync> <CReg>
ST_10 : Operation 917 [1/3] (0.41ns) (root node of the DSP)   --->   "%add_ln510_125 = add i43 %sext_ln503_56, i43 %sext_ln503_57" [source/int4_linear_controller.cpp:510->source/int4_linear_controller.cpp:897]   --->   Operation 917 'add' 'add_ln510_125' <Predicate = (!icmp_ln457)> <Delay = 0.41> <CoreInst = "DSP48">   --->   Core 127 'DSP48' <Latency = 4> <II = 1> <Delay = 0.43> <IPBlock> <Opcode : '' 'add' 'sub' 'mul' 'select'> <InPorts = 0> <OutPorts = 1> <Sync> <CReg>
ST_10 : Operation 918 [3/3] (0.41ns) (root node of the DSP)   --->   "%add_ln510_126 = add i43 %add_ln510_125, i43 %sext_ln503_55" [source/int4_linear_controller.cpp:510->source/int4_linear_controller.cpp:897]   --->   Operation 918 'add' 'add_ln510_126' <Predicate = (!icmp_ln457)> <Delay = 0.41> <CoreInst = "DSP48">   --->   Core 127 'DSP48' <Latency = 4> <II = 1> <Delay = 0.43> <IPBlock> <Opcode : '' 'add' 'sub' 'mul' 'select'> <InPorts = 0> <OutPorts = 1> <Sync> <CReg>
ST_10 : Operation 919 [3/3] (0.41ns) (root node of the DSP)   --->   "%add_ln510_131 = add i43 %sext_ln503_60, i43 %sext_ln503_61" [source/int4_linear_controller.cpp:510->source/int4_linear_controller.cpp:897]   --->   Operation 919 'add' 'add_ln510_131' <Predicate = (!icmp_ln457)> <Delay = 0.41> <CoreInst = "DSP48">   --->   Core 127 'DSP48' <Latency = 4> <II = 1> <Delay = 0.43> <IPBlock> <Opcode : '' 'add' 'sub' 'mul' 'select'> <InPorts = 0> <OutPorts = 1> <Sync> <CReg>
ST_10 : Operation 920 [1/3] (0.41ns) (root node of the DSP)   --->   "%add_ln510_132 = add i43 %sext_ln503_63, i43 %sext_ln503_64" [source/int4_linear_controller.cpp:510->source/int4_linear_controller.cpp:897]   --->   Operation 920 'add' 'add_ln510_132' <Predicate = (!icmp_ln457)> <Delay = 0.41> <CoreInst = "DSP48">   --->   Core 127 'DSP48' <Latency = 4> <II = 1> <Delay = 0.43> <IPBlock> <Opcode : '' 'add' 'sub' 'mul' 'select'> <InPorts = 0> <OutPorts = 1> <Sync> <CReg>
ST_10 : Operation 921 [3/3] (0.41ns) (root node of the DSP)   --->   "%add_ln510_133 = add i43 %add_ln510_132, i43 %sext_ln503_62" [source/int4_linear_controller.cpp:510->source/int4_linear_controller.cpp:897]   --->   Operation 921 'add' 'add_ln510_133' <Predicate = (!icmp_ln457)> <Delay = 0.41> <CoreInst = "DSP48">   --->   Core 127 'DSP48' <Latency = 4> <II = 1> <Delay = 0.43> <IPBlock> <Opcode : '' 'add' 'sub' 'mul' 'select'> <InPorts = 0> <OutPorts = 1> <Sync> <CReg>
ST_10 : Operation 922 [3/3] (0.41ns) (root node of the DSP)   --->   "%add_ln510_139 = add i43 %sext_ln503_77, i43 %sext_ln503_76" [source/int4_linear_controller.cpp:510->source/int4_linear_controller.cpp:897]   --->   Operation 922 'add' 'add_ln510_139' <Predicate = (!icmp_ln457)> <Delay = 0.41> <CoreInst = "DSP48">   --->   Core 127 'DSP48' <Latency = 4> <II = 1> <Delay = 0.43> <IPBlock> <Opcode : '' 'add' 'sub' 'mul' 'select'> <InPorts = 0> <OutPorts = 1> <Sync> <CReg>
ST_10 : Operation 923 [1/3] (0.41ns) (root node of the DSP)   --->   "%add_ln510_140 = add i43 %sext_ln503_72, i43 %sext_ln503_75" [source/int4_linear_controller.cpp:510->source/int4_linear_controller.cpp:897]   --->   Operation 923 'add' 'add_ln510_140' <Predicate = (!icmp_ln457)> <Delay = 0.41> <CoreInst = "DSP48">   --->   Core 127 'DSP48' <Latency = 4> <II = 1> <Delay = 0.43> <IPBlock> <Opcode : '' 'add' 'sub' 'mul' 'select'> <InPorts = 0> <OutPorts = 1> <Sync> <CReg>
ST_10 : Operation 924 [3/3] (0.41ns) (root node of the DSP)   --->   "%add_ln510_141 = add i43 %add_ln510_140, i43 %sext_ln503_73" [source/int4_linear_controller.cpp:510->source/int4_linear_controller.cpp:897]   --->   Operation 924 'add' 'add_ln510_141' <Predicate = (!icmp_ln457)> <Delay = 0.41> <CoreInst = "DSP48">   --->   Core 127 'DSP48' <Latency = 4> <II = 1> <Delay = 0.43> <IPBlock> <Opcode : '' 'add' 'sub' 'mul' 'select'> <InPorts = 0> <OutPorts = 1> <Sync> <CReg>
ST_10 : Operation 925 [1/3] (0.41ns) (root node of the DSP)   --->   "%add_ln510_144 = add i43 %sext_ln503_74, i43 %sext_ln503_65" [source/int4_linear_controller.cpp:510->source/int4_linear_controller.cpp:897]   --->   Operation 925 'add' 'add_ln510_144' <Predicate = (!icmp_ln457)> <Delay = 0.41> <CoreInst = "DSP48">   --->   Core 127 'DSP48' <Latency = 4> <II = 1> <Delay = 0.43> <IPBlock> <Opcode : '' 'add' 'sub' 'mul' 'select'> <InPorts = 0> <OutPorts = 1> <Sync> <CReg>
ST_10 : Operation 926 [1/1] (0.00ns)   --->   "%sext_ln510_97 = sext i43 %add_ln510_144" [source/int4_linear_controller.cpp:510->source/int4_linear_controller.cpp:897]   --->   Operation 926 'sext' 'sext_ln510_97' <Predicate = (!icmp_ln457)> <Delay = 0.00>
ST_10 : Operation 927 [1/3] (0.41ns) (root node of the DSP)   --->   "%add_ln510_145 = add i43 %sext_ln503_67, i43 %sext_ln503_66" [source/int4_linear_controller.cpp:510->source/int4_linear_controller.cpp:897]   --->   Operation 927 'add' 'add_ln510_145' <Predicate = (!icmp_ln457)> <Delay = 0.41> <CoreInst = "DSP48">   --->   Core 127 'DSP48' <Latency = 4> <II = 1> <Delay = 0.43> <IPBlock> <Opcode : '' 'add' 'sub' 'mul' 'select'> <InPorts = 0> <OutPorts = 1> <Sync> <CReg>
ST_10 : Operation 928 [1/1] (0.00ns)   --->   "%sext_ln510_98 = sext i43 %add_ln510_145" [source/int4_linear_controller.cpp:510->source/int4_linear_controller.cpp:897]   --->   Operation 928 'sext' 'sext_ln510_98' <Predicate = (!icmp_ln457)> <Delay = 0.00>
ST_10 : Operation 929 [1/1] (0.96ns)   --->   "%add_ln510_146 = add i44 %sext_ln510_98, i44 %sext_ln510_97" [source/int4_linear_controller.cpp:510->source/int4_linear_controller.cpp:897]   --->   Operation 929 'add' 'add_ln510_146' <Predicate = (!icmp_ln457)> <Delay = 0.96> <CoreInst = "Adder">   --->   Core 1 'Adder' <Latency = 0> <II = 1> <Delay = 0.96> <FuncUnit> <Opcode : 'add' 'sub'> <InPorts = 2> <OutPorts = 1>
ST_10 : Operation 930 [3/3] (0.41ns) (root node of the DSP)   --->   "%add_ln510_147 = add i43 %sext_ln503_69, i43 %sext_ln503_68" [source/int4_linear_controller.cpp:510->source/int4_linear_controller.cpp:897]   --->   Operation 930 'add' 'add_ln510_147' <Predicate = (!icmp_ln457)> <Delay = 0.41> <CoreInst = "DSP48">   --->   Core 127 'DSP48' <Latency = 4> <II = 1> <Delay = 0.43> <IPBlock> <Opcode : '' 'add' 'sub' 'mul' 'select'> <InPorts = 0> <OutPorts = 1> <Sync> <CReg>
ST_10 : Operation 931 [1/3] (0.41ns) (root node of the DSP)   --->   "%add_ln510_148 = add i43 %sext_ln503_70, i43 %sext_ln510_84" [source/int4_linear_controller.cpp:510->source/int4_linear_controller.cpp:897]   --->   Operation 931 'add' 'add_ln510_148' <Predicate = (!icmp_ln457)> <Delay = 0.41> <CoreInst = "DSP48">   --->   Core 127 'DSP48' <Latency = 4> <II = 1> <Delay = 0.43> <IPBlock> <Opcode : '' 'add' 'sub' 'mul' 'select'> <InPorts = 0> <OutPorts = 1> <Sync> <CReg>
ST_10 : Operation 932 [3/3] (0.41ns) (root node of the DSP)   --->   "%add_ln510_149 = add i43 %add_ln510_148, i43 %sext_ln503_71" [source/int4_linear_controller.cpp:510->source/int4_linear_controller.cpp:897]   --->   Operation 932 'add' 'add_ln510_149' <Predicate = (!icmp_ln457)> <Delay = 0.41> <CoreInst = "DSP48">   --->   Core 127 'DSP48' <Latency = 4> <II = 1> <Delay = 0.43> <IPBlock> <Opcode : '' 'add' 'sub' 'mul' 'select'> <InPorts = 0> <OutPorts = 1> <Sync> <CReg>
ST_10 : Operation 933 [1/3] (0.41ns) (root node of the DSP)   --->   "%add_ln510_153 = add i43 %sext_ln490, i43 %sext_ln490_30" [source/int4_linear_controller.cpp:510->source/int4_linear_controller.cpp:897]   --->   Operation 933 'add' 'add_ln510_153' <Predicate = (!icmp_ln457)> <Delay = 0.41> <CoreInst = "DSP48">   --->   Core 127 'DSP48' <Latency = 4> <II = 1> <Delay = 0.43> <IPBlock> <Opcode : '' 'add' 'sub' 'mul' 'select'> <InPorts = 0> <OutPorts = 1> <Sync> <CReg>
ST_10 : Operation 934 [3/3] (0.41ns) (root node of the DSP)   --->   "%add_ln510_154 = add i43 %add_ln510_153, i43 %sext_ln490_29" [source/int4_linear_controller.cpp:510->source/int4_linear_controller.cpp:897]   --->   Operation 934 'add' 'add_ln510_154' <Predicate = (!icmp_ln457)> <Delay = 0.41> <CoreInst = "DSP48">   --->   Core 127 'DSP48' <Latency = 4> <II = 1> <Delay = 0.43> <IPBlock> <Opcode : '' 'add' 'sub' 'mul' 'select'> <InPorts = 0> <OutPorts = 1> <Sync> <CReg>
ST_10 : Operation 935 [1/3] (0.41ns) (root node of the DSP)   --->   "%add_ln510_156 = add i43 %sext_ln490_56, i43 %sext_ln490_57" [source/int4_linear_controller.cpp:510->source/int4_linear_controller.cpp:897]   --->   Operation 935 'add' 'add_ln510_156' <Predicate = (!icmp_ln457)> <Delay = 0.41> <CoreInst = "DSP48">   --->   Core 127 'DSP48' <Latency = 4> <II = 1> <Delay = 0.43> <IPBlock> <Opcode : '' 'add' 'sub' 'mul' 'select'> <InPorts = 0> <OutPorts = 1> <Sync> <CReg>
ST_10 : Operation 936 [3/3] (0.41ns) (root node of the DSP)   --->   "%add_ln510_157 = add i43 %add_ln510_156, i43 %sext_ln490_55" [source/int4_linear_controller.cpp:510->source/int4_linear_controller.cpp:897]   --->   Operation 936 'add' 'add_ln510_157' <Predicate = (!icmp_ln457)> <Delay = 0.41> <CoreInst = "DSP48">   --->   Core 127 'DSP48' <Latency = 4> <II = 1> <Delay = 0.43> <IPBlock> <Opcode : '' 'add' 'sub' 'mul' 'select'> <InPorts = 0> <OutPorts = 1> <Sync> <CReg>
ST_10 : Operation 937 [3/3] (0.41ns) (root node of the DSP)   --->   "%add_ln510_162 = add i43 %sext_ln490_60, i43 %sext_ln490_61" [source/int4_linear_controller.cpp:510->source/int4_linear_controller.cpp:897]   --->   Operation 937 'add' 'add_ln510_162' <Predicate = (!icmp_ln457)> <Delay = 0.41> <CoreInst = "DSP48">   --->   Core 127 'DSP48' <Latency = 4> <II = 1> <Delay = 0.43> <IPBlock> <Opcode : '' 'add' 'sub' 'mul' 'select'> <InPorts = 0> <OutPorts = 1> <Sync> <CReg>
ST_10 : Operation 938 [1/3] (0.41ns) (root node of the DSP)   --->   "%add_ln510_163 = add i43 %sext_ln490_63, i43 %sext_ln490_64" [source/int4_linear_controller.cpp:510->source/int4_linear_controller.cpp:897]   --->   Operation 938 'add' 'add_ln510_163' <Predicate = (!icmp_ln457)> <Delay = 0.41> <CoreInst = "DSP48">   --->   Core 127 'DSP48' <Latency = 4> <II = 1> <Delay = 0.43> <IPBlock> <Opcode : '' 'add' 'sub' 'mul' 'select'> <InPorts = 0> <OutPorts = 1> <Sync> <CReg>
ST_10 : Operation 939 [3/3] (0.41ns) (root node of the DSP)   --->   "%add_ln510_164 = add i43 %add_ln510_163, i43 %sext_ln490_62" [source/int4_linear_controller.cpp:510->source/int4_linear_controller.cpp:897]   --->   Operation 939 'add' 'add_ln510_164' <Predicate = (!icmp_ln457)> <Delay = 0.41> <CoreInst = "DSP48">   --->   Core 127 'DSP48' <Latency = 4> <II = 1> <Delay = 0.43> <IPBlock> <Opcode : '' 'add' 'sub' 'mul' 'select'> <InPorts = 0> <OutPorts = 1> <Sync> <CReg>
ST_10 : Operation 940 [3/3] (0.41ns) (root node of the DSP)   --->   "%add_ln510_170 = add i43 %sext_ln490_77, i43 %sext_ln490_76" [source/int4_linear_controller.cpp:510->source/int4_linear_controller.cpp:897]   --->   Operation 940 'add' 'add_ln510_170' <Predicate = (!icmp_ln457)> <Delay = 0.41> <CoreInst = "DSP48">   --->   Core 127 'DSP48' <Latency = 4> <II = 1> <Delay = 0.43> <IPBlock> <Opcode : '' 'add' 'sub' 'mul' 'select'> <InPorts = 0> <OutPorts = 1> <Sync> <CReg>
ST_10 : Operation 941 [1/3] (0.41ns) (root node of the DSP)   --->   "%add_ln510_171 = add i43 %sext_ln490_72, i43 %sext_ln490_75" [source/int4_linear_controller.cpp:510->source/int4_linear_controller.cpp:897]   --->   Operation 941 'add' 'add_ln510_171' <Predicate = (!icmp_ln457)> <Delay = 0.41> <CoreInst = "DSP48">   --->   Core 127 'DSP48' <Latency = 4> <II = 1> <Delay = 0.43> <IPBlock> <Opcode : '' 'add' 'sub' 'mul' 'select'> <InPorts = 0> <OutPorts = 1> <Sync> <CReg>
ST_10 : Operation 942 [3/3] (0.41ns) (root node of the DSP)   --->   "%add_ln510_172 = add i43 %add_ln510_171, i43 %sext_ln490_73" [source/int4_linear_controller.cpp:510->source/int4_linear_controller.cpp:897]   --->   Operation 942 'add' 'add_ln510_172' <Predicate = (!icmp_ln457)> <Delay = 0.41> <CoreInst = "DSP48">   --->   Core 127 'DSP48' <Latency = 4> <II = 1> <Delay = 0.43> <IPBlock> <Opcode : '' 'add' 'sub' 'mul' 'select'> <InPorts = 0> <OutPorts = 1> <Sync> <CReg>
ST_10 : Operation 943 [1/3] (0.41ns) (root node of the DSP)   --->   "%add_ln510_175 = add i43 %sext_ln490_74, i43 %sext_ln490_65" [source/int4_linear_controller.cpp:510->source/int4_linear_controller.cpp:897]   --->   Operation 943 'add' 'add_ln510_175' <Predicate = (!icmp_ln457)> <Delay = 0.41> <CoreInst = "DSP48">   --->   Core 127 'DSP48' <Latency = 4> <II = 1> <Delay = 0.43> <IPBlock> <Opcode : '' 'add' 'sub' 'mul' 'select'> <InPorts = 0> <OutPorts = 1> <Sync> <CReg>
ST_10 : Operation 944 [1/1] (0.00ns)   --->   "%sext_ln510_117 = sext i43 %add_ln510_175" [source/int4_linear_controller.cpp:510->source/int4_linear_controller.cpp:897]   --->   Operation 944 'sext' 'sext_ln510_117' <Predicate = (!icmp_ln457)> <Delay = 0.00>
ST_10 : Operation 945 [1/3] (0.41ns) (root node of the DSP)   --->   "%add_ln510_176 = add i43 %sext_ln490_67, i43 %sext_ln490_66" [source/int4_linear_controller.cpp:510->source/int4_linear_controller.cpp:897]   --->   Operation 945 'add' 'add_ln510_176' <Predicate = (!icmp_ln457)> <Delay = 0.41> <CoreInst = "DSP48">   --->   Core 127 'DSP48' <Latency = 4> <II = 1> <Delay = 0.43> <IPBlock> <Opcode : '' 'add' 'sub' 'mul' 'select'> <InPorts = 0> <OutPorts = 1> <Sync> <CReg>
ST_10 : Operation 946 [1/1] (0.00ns)   --->   "%sext_ln510_118 = sext i43 %add_ln510_176" [source/int4_linear_controller.cpp:510->source/int4_linear_controller.cpp:897]   --->   Operation 946 'sext' 'sext_ln510_118' <Predicate = (!icmp_ln457)> <Delay = 0.00>
ST_10 : Operation 947 [1/1] (0.96ns)   --->   "%add_ln510_177 = add i44 %sext_ln510_118, i44 %sext_ln510_117" [source/int4_linear_controller.cpp:510->source/int4_linear_controller.cpp:897]   --->   Operation 947 'add' 'add_ln510_177' <Predicate = (!icmp_ln457)> <Delay = 0.96> <CoreInst = "Adder">   --->   Core 1 'Adder' <Latency = 0> <II = 1> <Delay = 0.96> <FuncUnit> <Opcode : 'add' 'sub'> <InPorts = 2> <OutPorts = 1>
ST_10 : Operation 948 [3/3] (0.41ns) (root node of the DSP)   --->   "%add_ln510_178 = add i43 %sext_ln490_69, i43 %sext_ln490_68" [source/int4_linear_controller.cpp:510->source/int4_linear_controller.cpp:897]   --->   Operation 948 'add' 'add_ln510_178' <Predicate = (!icmp_ln457)> <Delay = 0.41> <CoreInst = "DSP48">   --->   Core 127 'DSP48' <Latency = 4> <II = 1> <Delay = 0.43> <IPBlock> <Opcode : '' 'add' 'sub' 'mul' 'select'> <InPorts = 0> <OutPorts = 1> <Sync> <CReg>
ST_10 : Operation 949 [1/3] (0.41ns) (root node of the DSP)   --->   "%add_ln510_179 = add i43 %sext_ln490_70, i43 %sext_ln510_104" [source/int4_linear_controller.cpp:510->source/int4_linear_controller.cpp:897]   --->   Operation 949 'add' 'add_ln510_179' <Predicate = (!icmp_ln457)> <Delay = 0.41> <CoreInst = "DSP48">   --->   Core 127 'DSP48' <Latency = 4> <II = 1> <Delay = 0.43> <IPBlock> <Opcode : '' 'add' 'sub' 'mul' 'select'> <InPorts = 0> <OutPorts = 1> <Sync> <CReg>
ST_10 : Operation 950 [3/3] (0.41ns) (root node of the DSP)   --->   "%add_ln510_180 = add i43 %add_ln510_179, i43 %sext_ln490_71" [source/int4_linear_controller.cpp:510->source/int4_linear_controller.cpp:897]   --->   Operation 950 'add' 'add_ln510_180' <Predicate = (!icmp_ln457)> <Delay = 0.41> <CoreInst = "DSP48">   --->   Core 127 'DSP48' <Latency = 4> <II = 1> <Delay = 0.43> <IPBlock> <Opcode : '' 'add' 'sub' 'mul' 'select'> <InPorts = 0> <OutPorts = 1> <Sync> <CReg>

State 11 <SV = 10> <Delay = 1.39>
ST_11 : Operation 951 [2/3] (0.99ns) (grouped into DSP with root node add_ln510_124)   --->   "%packed_product_195 = mul i42 %sext_ln507_132, i42 %conv3_i12_i_3_i" [source/int4_linear_controller.cpp:507->source/int4_linear_controller.cpp:897]   --->   Operation 951 'mul' 'packed_product_195' <Predicate = (!icmp_ln457)> <Delay = 0.99> <CoreInst = "DSP48">   --->   Core 127 'DSP48' <Latency = 4> <II = 1> <Delay = 0.43> <IPBlock> <Opcode : '' 'add' 'sub' 'mul' 'select'> <InPorts = 0> <OutPorts = 1> <Sync> <CReg>
ST_11 : Operation 952 [2/3] (0.99ns) (grouped into DSP with root node add_ln510_155)   --->   "%packed_product_196 = mul i42 %sext_ln507_133, i42 %conv3_i12_i_3_i" [source/int4_linear_controller.cpp:507->source/int4_linear_controller.cpp:897]   --->   Operation 952 'mul' 'packed_product_196' <Predicate = (!icmp_ln457)> <Delay = 0.99> <CoreInst = "DSP48">   --->   Core 127 'DSP48' <Latency = 4> <II = 1> <Delay = 0.43> <IPBlock> <Opcode : '' 'add' 'sub' 'mul' 'select'> <InPorts = 0> <OutPorts = 1> <Sync> <CReg>
ST_11 : Operation 953 [1/1] (0.00ns)   --->   "%shl_ln185_137 = bitconcatenate i27 @_ssdm_op_BitConcatenate.i27.i4.i23, i4 %tmp_197, i23 0" [source/int4_linear_controller.cpp:185->source/int4_linear_controller.cpp:507->source/int4_linear_controller.cpp:897]   --->   Operation 953 'bitconcatenate' 'shl_ln185_137' <Predicate = (!icmp_ln457)> <Delay = 0.00>
ST_11 : Operation 954 [1/1] (0.00ns)   --->   "%sext_ln185_140 = sext i4 %low_203" [source/int4_linear_controller.cpp:185->source/int4_linear_controller.cpp:507->source/int4_linear_controller.cpp:897]   --->   Operation 954 'sext' 'sext_ln185_140' <Predicate = (!icmp_ln457)> <Delay = 0.00>
ST_11 : Operation 955 [2/2] (0.76ns)   --->   "%packed_weight_203 = add i27 %shl_ln185_137, i27 %sext_ln185_140" [source/int4_linear_controller.cpp:185->source/int4_linear_controller.cpp:507->source/int4_linear_controller.cpp:897]   --->   Operation 955 'add' 'packed_weight_203' <Predicate = (!icmp_ln457)> <Delay = 0.76> <CoreInst = "Adder">   --->   Core 1 'Adder' <Latency = 1> <II = 1> <Delay = 0.85> <FuncUnit> <Opcode : 'add' 'sub'> <InPorts = 2> <OutPorts = 1>
ST_11 : Operation 956 [1/1] (0.00ns)   --->   "%shl_ln185_138 = bitconcatenate i27 @_ssdm_op_BitConcatenate.i27.i4.i23, i4 %tmp_198, i23 0" [source/int4_linear_controller.cpp:185->source/int4_linear_controller.cpp:507->source/int4_linear_controller.cpp:897]   --->   Operation 956 'bitconcatenate' 'shl_ln185_138' <Predicate = (!icmp_ln457)> <Delay = 0.00>
ST_11 : Operation 957 [1/1] (0.00ns)   --->   "%sext_ln185_141 = sext i4 %low_204" [source/int4_linear_controller.cpp:185->source/int4_linear_controller.cpp:507->source/int4_linear_controller.cpp:897]   --->   Operation 957 'sext' 'sext_ln185_141' <Predicate = (!icmp_ln457)> <Delay = 0.00>
ST_11 : Operation 958 [2/2] (0.76ns)   --->   "%packed_weight_204 = add i27 %shl_ln185_138, i27 %sext_ln185_141" [source/int4_linear_controller.cpp:185->source/int4_linear_controller.cpp:507->source/int4_linear_controller.cpp:897]   --->   Operation 958 'add' 'packed_weight_204' <Predicate = (!icmp_ln457)> <Delay = 0.76> <CoreInst = "Adder">   --->   Core 1 'Adder' <Latency = 1> <II = 1> <Delay = 0.85> <FuncUnit> <Opcode : 'add' 'sub'> <InPorts = 2> <OutPorts = 1>
ST_11 : Operation 959 [4/5] (1.39ns)   --->   "%packed_product_205 = mul i42 %sext_ln507_142, i42 %conv3_i12_i_8_i" [source/int4_linear_controller.cpp:507->source/int4_linear_controller.cpp:897]   --->   Operation 959 'mul' 'packed_product_205' <Predicate = (!icmp_ln457)> <Delay = 1.39> <CoreInst = "Mul_DSP">   --->   Core 5 'Mul_DSP' <Latency = 4> <II = 1> <Delay = 2.17> <FuncUnit> <Opcode : 'mul'> <InPorts = 2> <OutPorts = 1>
ST_11 : Operation 960 [4/5] (1.39ns)   --->   "%packed_product_206 = mul i42 %sext_ln507_143, i42 %conv3_i12_i_8_i" [source/int4_linear_controller.cpp:507->source/int4_linear_controller.cpp:897]   --->   Operation 960 'mul' 'packed_product_206' <Predicate = (!icmp_ln457)> <Delay = 1.39> <CoreInst = "Mul_DSP">   --->   Core 5 'Mul_DSP' <Latency = 4> <II = 1> <Delay = 2.17> <FuncUnit> <Opcode : 'mul'> <InPorts = 2> <OutPorts = 1>
ST_11 : Operation 961 [1/1] (0.00ns)   --->   "%shl_ln185_141 = bitconcatenate i27 @_ssdm_op_BitConcatenate.i27.i4.i23, i4 %tmp_201, i23 0" [source/int4_linear_controller.cpp:185->source/int4_linear_controller.cpp:507->source/int4_linear_controller.cpp:897]   --->   Operation 961 'bitconcatenate' 'shl_ln185_141' <Predicate = (!icmp_ln457)> <Delay = 0.00>
ST_11 : Operation 962 [1/1] (0.00ns)   --->   "%sext_ln185_144 = sext i4 %low_207" [source/int4_linear_controller.cpp:185->source/int4_linear_controller.cpp:507->source/int4_linear_controller.cpp:897]   --->   Operation 962 'sext' 'sext_ln185_144' <Predicate = (!icmp_ln457)> <Delay = 0.00>
ST_11 : Operation 963 [2/2] (0.76ns)   --->   "%packed_weight_207 = add i27 %shl_ln185_141, i27 %sext_ln185_144" [source/int4_linear_controller.cpp:185->source/int4_linear_controller.cpp:507->source/int4_linear_controller.cpp:897]   --->   Operation 963 'add' 'packed_weight_207' <Predicate = (!icmp_ln457)> <Delay = 0.76> <CoreInst = "Adder">   --->   Core 1 'Adder' <Latency = 1> <II = 1> <Delay = 0.85> <FuncUnit> <Opcode : 'add' 'sub'> <InPorts = 2> <OutPorts = 1>
ST_11 : Operation 964 [1/1] (0.00ns)   --->   "%shl_ln185_142 = bitconcatenate i27 @_ssdm_op_BitConcatenate.i27.i4.i23, i4 %tmp_202, i23 0" [source/int4_linear_controller.cpp:185->source/int4_linear_controller.cpp:507->source/int4_linear_controller.cpp:897]   --->   Operation 964 'bitconcatenate' 'shl_ln185_142' <Predicate = (!icmp_ln457)> <Delay = 0.00>
ST_11 : Operation 965 [1/1] (0.00ns)   --->   "%sext_ln185_145 = sext i4 %low_208" [source/int4_linear_controller.cpp:185->source/int4_linear_controller.cpp:507->source/int4_linear_controller.cpp:897]   --->   Operation 965 'sext' 'sext_ln185_145' <Predicate = (!icmp_ln457)> <Delay = 0.00>
ST_11 : Operation 966 [2/2] (0.76ns)   --->   "%packed_weight_208 = add i27 %shl_ln185_142, i27 %sext_ln185_145" [source/int4_linear_controller.cpp:185->source/int4_linear_controller.cpp:507->source/int4_linear_controller.cpp:897]   --->   Operation 966 'add' 'packed_weight_208' <Predicate = (!icmp_ln457)> <Delay = 0.76> <CoreInst = "Adder">   --->   Core 1 'Adder' <Latency = 1> <II = 1> <Delay = 0.85> <FuncUnit> <Opcode : 'add' 'sub'> <InPorts = 2> <OutPorts = 1>
ST_11 : Operation 967 [1/1] (0.00ns)   --->   "%shl_ln185_183 = bitconcatenate i27 @_ssdm_op_BitConcatenate.i27.i4.i23, i4 %tmp_243, i23 0" [source/int4_linear_controller.cpp:185->source/int4_linear_controller.cpp:507->source/int4_linear_controller.cpp:897]   --->   Operation 967 'bitconcatenate' 'shl_ln185_183' <Predicate = (!icmp_ln457)> <Delay = 0.00>
ST_11 : Operation 968 [1/1] (0.00ns)   --->   "%sext_ln185_186 = sext i4 %low_249" [source/int4_linear_controller.cpp:185->source/int4_linear_controller.cpp:507->source/int4_linear_controller.cpp:897]   --->   Operation 968 'sext' 'sext_ln185_186' <Predicate = (!icmp_ln457)> <Delay = 0.00>
ST_11 : Operation 969 [2/2] (0.76ns)   --->   "%packed_weight_249 = add i27 %shl_ln185_183, i27 %sext_ln185_186" [source/int4_linear_controller.cpp:185->source/int4_linear_controller.cpp:507->source/int4_linear_controller.cpp:897]   --->   Operation 969 'add' 'packed_weight_249' <Predicate = (!icmp_ln457)> <Delay = 0.76> <CoreInst = "Adder">   --->   Core 1 'Adder' <Latency = 1> <II = 1> <Delay = 0.85> <FuncUnit> <Opcode : 'add' 'sub'> <InPorts = 2> <OutPorts = 1>
ST_11 : Operation 970 [1/1] (0.00ns)   --->   "%shl_ln185_184 = bitconcatenate i27 @_ssdm_op_BitConcatenate.i27.i4.i23, i4 %tmp_244, i23 0" [source/int4_linear_controller.cpp:185->source/int4_linear_controller.cpp:507->source/int4_linear_controller.cpp:897]   --->   Operation 970 'bitconcatenate' 'shl_ln185_184' <Predicate = (!icmp_ln457)> <Delay = 0.00>
ST_11 : Operation 971 [1/1] (0.00ns)   --->   "%sext_ln185_187 = sext i4 %low_250" [source/int4_linear_controller.cpp:185->source/int4_linear_controller.cpp:507->source/int4_linear_controller.cpp:897]   --->   Operation 971 'sext' 'sext_ln185_187' <Predicate = (!icmp_ln457)> <Delay = 0.00>
ST_11 : Operation 972 [2/2] (0.76ns)   --->   "%packed_weight_250 = add i27 %shl_ln185_184, i27 %sext_ln185_187" [source/int4_linear_controller.cpp:185->source/int4_linear_controller.cpp:507->source/int4_linear_controller.cpp:897]   --->   Operation 972 'add' 'packed_weight_250' <Predicate = (!icmp_ln457)> <Delay = 0.76> <CoreInst = "Adder">   --->   Core 1 'Adder' <Latency = 1> <II = 1> <Delay = 0.85> <FuncUnit> <Opcode : 'add' 'sub'> <InPorts = 2> <OutPorts = 1>
ST_11 : Operation 973 [2/3] (0.41ns) (root node of the DSP)   --->   "%add_ln510_123 = add i43 %add_ln510, i43 %sext_ln503_29" [source/int4_linear_controller.cpp:510->source/int4_linear_controller.cpp:897]   --->   Operation 973 'add' 'add_ln510_123' <Predicate = (!icmp_ln457)> <Delay = 0.41> <CoreInst = "DSP48">   --->   Core 127 'DSP48' <Latency = 4> <II = 1> <Delay = 0.43> <IPBlock> <Opcode : '' 'add' 'sub' 'mul' 'select'> <InPorts = 0> <OutPorts = 1> <Sync> <CReg>
ST_11 : Operation 974 [2/3] (0.41ns) (root node of the DSP)   --->   "%add_ln510_126 = add i43 %add_ln510_125, i43 %sext_ln503_55" [source/int4_linear_controller.cpp:510->source/int4_linear_controller.cpp:897]   --->   Operation 974 'add' 'add_ln510_126' <Predicate = (!icmp_ln457)> <Delay = 0.41> <CoreInst = "DSP48">   --->   Core 127 'DSP48' <Latency = 4> <II = 1> <Delay = 0.43> <IPBlock> <Opcode : '' 'add' 'sub' 'mul' 'select'> <InPorts = 0> <OutPorts = 1> <Sync> <CReg>
ST_11 : Operation 975 [2/3] (0.41ns) (root node of the DSP)   --->   "%add_ln510_131 = add i43 %sext_ln503_60, i43 %sext_ln503_61" [source/int4_linear_controller.cpp:510->source/int4_linear_controller.cpp:897]   --->   Operation 975 'add' 'add_ln510_131' <Predicate = (!icmp_ln457)> <Delay = 0.41> <CoreInst = "DSP48">   --->   Core 127 'DSP48' <Latency = 4> <II = 1> <Delay = 0.43> <IPBlock> <Opcode : '' 'add' 'sub' 'mul' 'select'> <InPorts = 0> <OutPorts = 1> <Sync> <CReg>
ST_11 : Operation 976 [2/3] (0.41ns) (root node of the DSP)   --->   "%add_ln510_133 = add i43 %add_ln510_132, i43 %sext_ln503_62" [source/int4_linear_controller.cpp:510->source/int4_linear_controller.cpp:897]   --->   Operation 976 'add' 'add_ln510_133' <Predicate = (!icmp_ln457)> <Delay = 0.41> <CoreInst = "DSP48">   --->   Core 127 'DSP48' <Latency = 4> <II = 1> <Delay = 0.43> <IPBlock> <Opcode : '' 'add' 'sub' 'mul' 'select'> <InPorts = 0> <OutPorts = 1> <Sync> <CReg>
ST_11 : Operation 977 [2/3] (0.41ns) (root node of the DSP)   --->   "%add_ln510_139 = add i43 %sext_ln503_77, i43 %sext_ln503_76" [source/int4_linear_controller.cpp:510->source/int4_linear_controller.cpp:897]   --->   Operation 977 'add' 'add_ln510_139' <Predicate = (!icmp_ln457)> <Delay = 0.41> <CoreInst = "DSP48">   --->   Core 127 'DSP48' <Latency = 4> <II = 1> <Delay = 0.43> <IPBlock> <Opcode : '' 'add' 'sub' 'mul' 'select'> <InPorts = 0> <OutPorts = 1> <Sync> <CReg>
ST_11 : Operation 978 [2/3] (0.41ns) (root node of the DSP)   --->   "%add_ln510_141 = add i43 %add_ln510_140, i43 %sext_ln503_73" [source/int4_linear_controller.cpp:510->source/int4_linear_controller.cpp:897]   --->   Operation 978 'add' 'add_ln510_141' <Predicate = (!icmp_ln457)> <Delay = 0.41> <CoreInst = "DSP48">   --->   Core 127 'DSP48' <Latency = 4> <II = 1> <Delay = 0.43> <IPBlock> <Opcode : '' 'add' 'sub' 'mul' 'select'> <InPorts = 0> <OutPorts = 1> <Sync> <CReg>
ST_11 : Operation 979 [2/3] (0.41ns) (root node of the DSP)   --->   "%add_ln510_147 = add i43 %sext_ln503_69, i43 %sext_ln503_68" [source/int4_linear_controller.cpp:510->source/int4_linear_controller.cpp:897]   --->   Operation 979 'add' 'add_ln510_147' <Predicate = (!icmp_ln457)> <Delay = 0.41> <CoreInst = "DSP48">   --->   Core 127 'DSP48' <Latency = 4> <II = 1> <Delay = 0.43> <IPBlock> <Opcode : '' 'add' 'sub' 'mul' 'select'> <InPorts = 0> <OutPorts = 1> <Sync> <CReg>
ST_11 : Operation 980 [2/3] (0.41ns) (root node of the DSP)   --->   "%add_ln510_149 = add i43 %add_ln510_148, i43 %sext_ln503_71" [source/int4_linear_controller.cpp:510->source/int4_linear_controller.cpp:897]   --->   Operation 980 'add' 'add_ln510_149' <Predicate = (!icmp_ln457)> <Delay = 0.41> <CoreInst = "DSP48">   --->   Core 127 'DSP48' <Latency = 4> <II = 1> <Delay = 0.43> <IPBlock> <Opcode : '' 'add' 'sub' 'mul' 'select'> <InPorts = 0> <OutPorts = 1> <Sync> <CReg>
ST_11 : Operation 981 [2/3] (0.41ns) (root node of the DSP)   --->   "%add_ln510_154 = add i43 %add_ln510_153, i43 %sext_ln490_29" [source/int4_linear_controller.cpp:510->source/int4_linear_controller.cpp:897]   --->   Operation 981 'add' 'add_ln510_154' <Predicate = (!icmp_ln457)> <Delay = 0.41> <CoreInst = "DSP48">   --->   Core 127 'DSP48' <Latency = 4> <II = 1> <Delay = 0.43> <IPBlock> <Opcode : '' 'add' 'sub' 'mul' 'select'> <InPorts = 0> <OutPorts = 1> <Sync> <CReg>
ST_11 : Operation 982 [2/3] (0.41ns) (root node of the DSP)   --->   "%add_ln510_157 = add i43 %add_ln510_156, i43 %sext_ln490_55" [source/int4_linear_controller.cpp:510->source/int4_linear_controller.cpp:897]   --->   Operation 982 'add' 'add_ln510_157' <Predicate = (!icmp_ln457)> <Delay = 0.41> <CoreInst = "DSP48">   --->   Core 127 'DSP48' <Latency = 4> <II = 1> <Delay = 0.43> <IPBlock> <Opcode : '' 'add' 'sub' 'mul' 'select'> <InPorts = 0> <OutPorts = 1> <Sync> <CReg>
ST_11 : Operation 983 [2/3] (0.41ns) (root node of the DSP)   --->   "%add_ln510_162 = add i43 %sext_ln490_60, i43 %sext_ln490_61" [source/int4_linear_controller.cpp:510->source/int4_linear_controller.cpp:897]   --->   Operation 983 'add' 'add_ln510_162' <Predicate = (!icmp_ln457)> <Delay = 0.41> <CoreInst = "DSP48">   --->   Core 127 'DSP48' <Latency = 4> <II = 1> <Delay = 0.43> <IPBlock> <Opcode : '' 'add' 'sub' 'mul' 'select'> <InPorts = 0> <OutPorts = 1> <Sync> <CReg>
ST_11 : Operation 984 [2/3] (0.41ns) (root node of the DSP)   --->   "%add_ln510_164 = add i43 %add_ln510_163, i43 %sext_ln490_62" [source/int4_linear_controller.cpp:510->source/int4_linear_controller.cpp:897]   --->   Operation 984 'add' 'add_ln510_164' <Predicate = (!icmp_ln457)> <Delay = 0.41> <CoreInst = "DSP48">   --->   Core 127 'DSP48' <Latency = 4> <II = 1> <Delay = 0.43> <IPBlock> <Opcode : '' 'add' 'sub' 'mul' 'select'> <InPorts = 0> <OutPorts = 1> <Sync> <CReg>
ST_11 : Operation 985 [2/3] (0.41ns) (root node of the DSP)   --->   "%add_ln510_170 = add i43 %sext_ln490_77, i43 %sext_ln490_76" [source/int4_linear_controller.cpp:510->source/int4_linear_controller.cpp:897]   --->   Operation 985 'add' 'add_ln510_170' <Predicate = (!icmp_ln457)> <Delay = 0.41> <CoreInst = "DSP48">   --->   Core 127 'DSP48' <Latency = 4> <II = 1> <Delay = 0.43> <IPBlock> <Opcode : '' 'add' 'sub' 'mul' 'select'> <InPorts = 0> <OutPorts = 1> <Sync> <CReg>
ST_11 : Operation 986 [2/3] (0.41ns) (root node of the DSP)   --->   "%add_ln510_172 = add i43 %add_ln510_171, i43 %sext_ln490_73" [source/int4_linear_controller.cpp:510->source/int4_linear_controller.cpp:897]   --->   Operation 986 'add' 'add_ln510_172' <Predicate = (!icmp_ln457)> <Delay = 0.41> <CoreInst = "DSP48">   --->   Core 127 'DSP48' <Latency = 4> <II = 1> <Delay = 0.43> <IPBlock> <Opcode : '' 'add' 'sub' 'mul' 'select'> <InPorts = 0> <OutPorts = 1> <Sync> <CReg>
ST_11 : Operation 987 [2/3] (0.41ns) (root node of the DSP)   --->   "%add_ln510_178 = add i43 %sext_ln490_69, i43 %sext_ln490_68" [source/int4_linear_controller.cpp:510->source/int4_linear_controller.cpp:897]   --->   Operation 987 'add' 'add_ln510_178' <Predicate = (!icmp_ln457)> <Delay = 0.41> <CoreInst = "DSP48">   --->   Core 127 'DSP48' <Latency = 4> <II = 1> <Delay = 0.43> <IPBlock> <Opcode : '' 'add' 'sub' 'mul' 'select'> <InPorts = 0> <OutPorts = 1> <Sync> <CReg>
ST_11 : Operation 988 [2/3] (0.41ns) (root node of the DSP)   --->   "%add_ln510_180 = add i43 %add_ln510_179, i43 %sext_ln490_71" [source/int4_linear_controller.cpp:510->source/int4_linear_controller.cpp:897]   --->   Operation 988 'add' 'add_ln510_180' <Predicate = (!icmp_ln457)> <Delay = 0.41> <CoreInst = "DSP48">   --->   Core 127 'DSP48' <Latency = 4> <II = 1> <Delay = 0.43> <IPBlock> <Opcode : '' 'add' 'sub' 'mul' 'select'> <InPorts = 0> <OutPorts = 1> <Sync> <CReg>

State 12 <SV = 11> <Delay = 2.33>
ST_12 : Operation 989 [1/1] (0.00ns)   --->   "%conv3_i12_i_7_i = sext i15 %activation_100" [source/int4_linear_controller.cpp:491->source/int4_linear_controller.cpp:897]   --->   Operation 989 'sext' 'conv3_i12_i_7_i' <Predicate = (!icmp_ln457)> <Delay = 0.00>
ST_12 : Operation 990 [1/1] (0.00ns)   --->   "%conv3_i12_i_9_i = sext i15 %activation_102" [source/int4_linear_controller.cpp:491->source/int4_linear_controller.cpp:897]   --->   Operation 990 'sext' 'conv3_i12_i_9_i' <Predicate = (!icmp_ln457)> <Delay = 0.00>
ST_12 : Operation 991 [1/1] (0.00ns)   --->   "%conv3_i12_i_30_i = sext i15 %activation_123" [source/int4_linear_controller.cpp:491->source/int4_linear_controller.cpp:897]   --->   Operation 991 'sext' 'conv3_i12_i_30_i' <Predicate = (!icmp_ln457)> <Delay = 0.00>
ST_12 : Operation 992 [1/3] (0.00ns) (grouped into DSP with root node add_ln510_124)   --->   "%packed_product_195 = mul i42 %sext_ln507_132, i42 %conv3_i12_i_3_i" [source/int4_linear_controller.cpp:507->source/int4_linear_controller.cpp:897]   --->   Operation 992 'mul' 'packed_product_195' <Predicate = (!icmp_ln457)> <Delay = 0.00> <CoreInst = "DSP48">   --->   Core 127 'DSP48' <Latency = 4> <II = 1> <Delay = 0.43> <IPBlock> <Opcode : '' 'add' 'sub' 'mul' 'select'> <InPorts = 0> <OutPorts = 1> <Sync> <CReg>
ST_12 : Operation 993 [1/1] (0.00ns)   --->   "%specfucore_ln509 = specfucore void @_ssdm_op_SpecFUCore, i42 %packed_product_195, i64 12, i64 3, i64 4" [source/int4_linear_controller.cpp:509->source/int4_linear_controller.cpp:897]   --->   Operation 993 'specfucore' 'specfucore_ln509' <Predicate = (!icmp_ln457)> <Delay = 0.00>
ST_12 : Operation 994 [1/1] (0.00ns) (grouped into DSP with root node add_ln510_124)   --->   "%sext_ln503_31 = sext i42 %packed_product_195" [source/int4_linear_controller.cpp:503->source/int4_linear_controller.cpp:897]   --->   Operation 994 'sext' 'sext_ln503_31' <Predicate = (!icmp_ln457)> <Delay = 0.00>
ST_12 : Operation 995 [1/3] (0.00ns) (grouped into DSP with root node add_ln510_155)   --->   "%packed_product_196 = mul i42 %sext_ln507_133, i42 %conv3_i12_i_3_i" [source/int4_linear_controller.cpp:507->source/int4_linear_controller.cpp:897]   --->   Operation 995 'mul' 'packed_product_196' <Predicate = (!icmp_ln457)> <Delay = 0.00> <CoreInst = "DSP48">   --->   Core 127 'DSP48' <Latency = 4> <II = 1> <Delay = 0.43> <IPBlock> <Opcode : '' 'add' 'sub' 'mul' 'select'> <InPorts = 0> <OutPorts = 1> <Sync> <CReg>
ST_12 : Operation 996 [1/1] (0.00ns)   --->   "%specfucore_ln509 = specfucore void @_ssdm_op_SpecFUCore, i42 %packed_product_196, i64 12, i64 3, i64 4" [source/int4_linear_controller.cpp:509->source/int4_linear_controller.cpp:897]   --->   Operation 996 'specfucore' 'specfucore_ln509' <Predicate = (!icmp_ln457)> <Delay = 0.00>
ST_12 : Operation 997 [1/1] (0.00ns) (grouped into DSP with root node add_ln510_155)   --->   "%sext_ln490_31 = sext i42 %packed_product_196" [source/int4_linear_controller.cpp:490->source/int4_linear_controller.cpp:897]   --->   Operation 997 'sext' 'sext_ln490_31' <Predicate = (!icmp_ln457)> <Delay = 0.00>
ST_12 : Operation 998 [1/2] (0.76ns)   --->   "%packed_weight_203 = add i27 %shl_ln185_137, i27 %sext_ln185_140" [source/int4_linear_controller.cpp:185->source/int4_linear_controller.cpp:507->source/int4_linear_controller.cpp:897]   --->   Operation 998 'add' 'packed_weight_203' <Predicate = (!icmp_ln457)> <Delay = 0.76> <CoreInst = "Adder">   --->   Core 1 'Adder' <Latency = 1> <II = 1> <Delay = 0.85> <FuncUnit> <Opcode : 'add' 'sub'> <InPorts = 2> <OutPorts = 1>
ST_12 : Operation 999 [1/1] (0.00ns)   --->   "%specfucore_ln191 = specfucore void @_ssdm_op_SpecFUCore, i27 %packed_weight_203, i64 8, i64 4, i64 1" [source/int4_linear_controller.cpp:191->source/int4_linear_controller.cpp:507->source/int4_linear_controller.cpp:897]   --->   Operation 999 'specfucore' 'specfucore_ln191' <Predicate = (!icmp_ln457)> <Delay = 0.00>
ST_12 : Operation 1000 [1/1] (0.00ns)   --->   "%sext_ln507_140 = sext i27 %packed_weight_203" [source/int4_linear_controller.cpp:507->source/int4_linear_controller.cpp:897]   --->   Operation 1000 'sext' 'sext_ln507_140' <Predicate = (!icmp_ln457)> <Delay = 0.00>
ST_12 : Operation 1001 [3/3] (0.99ns) (grouped into DSP with root node add_ln510_128)   --->   "%packed_product_203 = mul i42 %sext_ln507_140, i42 %conv3_i12_i_7_i" [source/int4_linear_controller.cpp:507->source/int4_linear_controller.cpp:897]   --->   Operation 1001 'mul' 'packed_product_203' <Predicate = (!icmp_ln457)> <Delay = 0.99> <CoreInst = "DSP48">   --->   Core 127 'DSP48' <Latency = 4> <II = 1> <Delay = 0.43> <IPBlock> <Opcode : '' 'add' 'sub' 'mul' 'select'> <InPorts = 0> <OutPorts = 1> <Sync> <CReg>
ST_12 : Operation 1002 [1/2] (0.76ns)   --->   "%packed_weight_204 = add i27 %shl_ln185_138, i27 %sext_ln185_141" [source/int4_linear_controller.cpp:185->source/int4_linear_controller.cpp:507->source/int4_linear_controller.cpp:897]   --->   Operation 1002 'add' 'packed_weight_204' <Predicate = (!icmp_ln457)> <Delay = 0.76> <CoreInst = "Adder">   --->   Core 1 'Adder' <Latency = 1> <II = 1> <Delay = 0.85> <FuncUnit> <Opcode : 'add' 'sub'> <InPorts = 2> <OutPorts = 1>
ST_12 : Operation 1003 [1/1] (0.00ns)   --->   "%specfucore_ln191 = specfucore void @_ssdm_op_SpecFUCore, i27 %packed_weight_204, i64 8, i64 4, i64 1" [source/int4_linear_controller.cpp:191->source/int4_linear_controller.cpp:507->source/int4_linear_controller.cpp:897]   --->   Operation 1003 'specfucore' 'specfucore_ln191' <Predicate = (!icmp_ln457)> <Delay = 0.00>
ST_12 : Operation 1004 [1/1] (0.00ns)   --->   "%sext_ln507_141 = sext i27 %packed_weight_204" [source/int4_linear_controller.cpp:507->source/int4_linear_controller.cpp:897]   --->   Operation 1004 'sext' 'sext_ln507_141' <Predicate = (!icmp_ln457)> <Delay = 0.00>
ST_12 : Operation 1005 [3/3] (0.99ns) (grouped into DSP with root node add_ln510_159)   --->   "%packed_product_204 = mul i42 %sext_ln507_141, i42 %conv3_i12_i_7_i" [source/int4_linear_controller.cpp:507->source/int4_linear_controller.cpp:897]   --->   Operation 1005 'mul' 'packed_product_204' <Predicate = (!icmp_ln457)> <Delay = 0.99> <CoreInst = "DSP48">   --->   Core 127 'DSP48' <Latency = 4> <II = 1> <Delay = 0.43> <IPBlock> <Opcode : '' 'add' 'sub' 'mul' 'select'> <InPorts = 0> <OutPorts = 1> <Sync> <CReg>
ST_12 : Operation 1006 [3/5] (1.39ns)   --->   "%packed_product_205 = mul i42 %sext_ln507_142, i42 %conv3_i12_i_8_i" [source/int4_linear_controller.cpp:507->source/int4_linear_controller.cpp:897]   --->   Operation 1006 'mul' 'packed_product_205' <Predicate = (!icmp_ln457)> <Delay = 1.39> <CoreInst = "Mul_DSP">   --->   Core 5 'Mul_DSP' <Latency = 4> <II = 1> <Delay = 2.17> <FuncUnit> <Opcode : 'mul'> <InPorts = 2> <OutPorts = 1>
ST_12 : Operation 1007 [3/5] (1.39ns)   --->   "%packed_product_206 = mul i42 %sext_ln507_143, i42 %conv3_i12_i_8_i" [source/int4_linear_controller.cpp:507->source/int4_linear_controller.cpp:897]   --->   Operation 1007 'mul' 'packed_product_206' <Predicate = (!icmp_ln457)> <Delay = 1.39> <CoreInst = "Mul_DSP">   --->   Core 5 'Mul_DSP' <Latency = 4> <II = 1> <Delay = 2.17> <FuncUnit> <Opcode : 'mul'> <InPorts = 2> <OutPorts = 1>
ST_12 : Operation 1008 [1/2] (0.76ns)   --->   "%packed_weight_207 = add i27 %shl_ln185_141, i27 %sext_ln185_144" [source/int4_linear_controller.cpp:185->source/int4_linear_controller.cpp:507->source/int4_linear_controller.cpp:897]   --->   Operation 1008 'add' 'packed_weight_207' <Predicate = (!icmp_ln457)> <Delay = 0.76> <CoreInst = "Adder">   --->   Core 1 'Adder' <Latency = 1> <II = 1> <Delay = 0.85> <FuncUnit> <Opcode : 'add' 'sub'> <InPorts = 2> <OutPorts = 1>
ST_12 : Operation 1009 [1/1] (0.00ns)   --->   "%specfucore_ln191 = specfucore void @_ssdm_op_SpecFUCore, i27 %packed_weight_207, i64 8, i64 4, i64 1" [source/int4_linear_controller.cpp:191->source/int4_linear_controller.cpp:507->source/int4_linear_controller.cpp:897]   --->   Operation 1009 'specfucore' 'specfucore_ln191' <Predicate = (!icmp_ln457)> <Delay = 0.00>
ST_12 : Operation 1010 [1/1] (0.00ns)   --->   "%sext_ln507_144 = sext i27 %packed_weight_207" [source/int4_linear_controller.cpp:507->source/int4_linear_controller.cpp:897]   --->   Operation 1010 'sext' 'sext_ln507_144' <Predicate = (!icmp_ln457)> <Delay = 0.00>
ST_12 : Operation 1011 [3/3] (0.99ns) (grouped into DSP with root node add_ln510_129)   --->   "%packed_product_207 = mul i42 %sext_ln507_144, i42 %conv3_i12_i_9_i" [source/int4_linear_controller.cpp:507->source/int4_linear_controller.cpp:897]   --->   Operation 1011 'mul' 'packed_product_207' <Predicate = (!icmp_ln457)> <Delay = 0.99> <CoreInst = "DSP48">   --->   Core 127 'DSP48' <Latency = 4> <II = 1> <Delay = 0.43> <IPBlock> <Opcode : '' 'add' 'sub' 'mul' 'select'> <InPorts = 0> <OutPorts = 1> <Sync> <CReg>
ST_12 : Operation 1012 [1/2] (0.76ns)   --->   "%packed_weight_208 = add i27 %shl_ln185_142, i27 %sext_ln185_145" [source/int4_linear_controller.cpp:185->source/int4_linear_controller.cpp:507->source/int4_linear_controller.cpp:897]   --->   Operation 1012 'add' 'packed_weight_208' <Predicate = (!icmp_ln457)> <Delay = 0.76> <CoreInst = "Adder">   --->   Core 1 'Adder' <Latency = 1> <II = 1> <Delay = 0.85> <FuncUnit> <Opcode : 'add' 'sub'> <InPorts = 2> <OutPorts = 1>
ST_12 : Operation 1013 [1/1] (0.00ns)   --->   "%specfucore_ln191 = specfucore void @_ssdm_op_SpecFUCore, i27 %packed_weight_208, i64 8, i64 4, i64 1" [source/int4_linear_controller.cpp:191->source/int4_linear_controller.cpp:507->source/int4_linear_controller.cpp:897]   --->   Operation 1013 'specfucore' 'specfucore_ln191' <Predicate = (!icmp_ln457)> <Delay = 0.00>
ST_12 : Operation 1014 [1/1] (0.00ns)   --->   "%sext_ln507_145 = sext i27 %packed_weight_208" [source/int4_linear_controller.cpp:507->source/int4_linear_controller.cpp:897]   --->   Operation 1014 'sext' 'sext_ln507_145' <Predicate = (!icmp_ln457)> <Delay = 0.00>
ST_12 : Operation 1015 [3/3] (0.99ns) (grouped into DSP with root node add_ln510_160)   --->   "%packed_product_208 = mul i42 %sext_ln507_145, i42 %conv3_i12_i_9_i" [source/int4_linear_controller.cpp:507->source/int4_linear_controller.cpp:897]   --->   Operation 1015 'mul' 'packed_product_208' <Predicate = (!icmp_ln457)> <Delay = 0.99> <CoreInst = "DSP48">   --->   Core 127 'DSP48' <Latency = 4> <II = 1> <Delay = 0.43> <IPBlock> <Opcode : '' 'add' 'sub' 'mul' 'select'> <InPorts = 0> <OutPorts = 1> <Sync> <CReg>
ST_12 : Operation 1016 [1/2] (0.76ns)   --->   "%packed_weight_249 = add i27 %shl_ln185_183, i27 %sext_ln185_186" [source/int4_linear_controller.cpp:185->source/int4_linear_controller.cpp:507->source/int4_linear_controller.cpp:897]   --->   Operation 1016 'add' 'packed_weight_249' <Predicate = (!icmp_ln457)> <Delay = 0.76> <CoreInst = "Adder">   --->   Core 1 'Adder' <Latency = 1> <II = 1> <Delay = 0.85> <FuncUnit> <Opcode : 'add' 'sub'> <InPorts = 2> <OutPorts = 1>
ST_12 : Operation 1017 [1/1] (0.00ns)   --->   "%specfucore_ln191 = specfucore void @_ssdm_op_SpecFUCore, i27 %packed_weight_249, i64 8, i64 4, i64 1" [source/int4_linear_controller.cpp:191->source/int4_linear_controller.cpp:507->source/int4_linear_controller.cpp:897]   --->   Operation 1017 'specfucore' 'specfucore_ln191' <Predicate = (!icmp_ln457)> <Delay = 0.00>
ST_12 : Operation 1018 [1/1] (0.00ns)   --->   "%sext_ln507_186 = sext i27 %packed_weight_249" [source/int4_linear_controller.cpp:507->source/int4_linear_controller.cpp:897]   --->   Operation 1018 'sext' 'sext_ln507_186' <Predicate = (!icmp_ln457)> <Delay = 0.00>
ST_12 : Operation 1019 [5/5] (1.39ns)   --->   "%packed_product_249 = mul i42 %sext_ln507_186, i42 %conv3_i12_i_30_i" [source/int4_linear_controller.cpp:507->source/int4_linear_controller.cpp:897]   --->   Operation 1019 'mul' 'packed_product_249' <Predicate = (!icmp_ln457)> <Delay = 1.39> <CoreInst = "Mul_DSP">   --->   Core 5 'Mul_DSP' <Latency = 4> <II = 1> <Delay = 2.17> <FuncUnit> <Opcode : 'mul'> <InPorts = 2> <OutPorts = 1>
ST_12 : Operation 1020 [1/2] (0.76ns)   --->   "%packed_weight_250 = add i27 %shl_ln185_184, i27 %sext_ln185_187" [source/int4_linear_controller.cpp:185->source/int4_linear_controller.cpp:507->source/int4_linear_controller.cpp:897]   --->   Operation 1020 'add' 'packed_weight_250' <Predicate = (!icmp_ln457)> <Delay = 0.76> <CoreInst = "Adder">   --->   Core 1 'Adder' <Latency = 1> <II = 1> <Delay = 0.85> <FuncUnit> <Opcode : 'add' 'sub'> <InPorts = 2> <OutPorts = 1>
ST_12 : Operation 1021 [1/1] (0.00ns)   --->   "%specfucore_ln191 = specfucore void @_ssdm_op_SpecFUCore, i27 %packed_weight_250, i64 8, i64 4, i64 1" [source/int4_linear_controller.cpp:191->source/int4_linear_controller.cpp:507->source/int4_linear_controller.cpp:897]   --->   Operation 1021 'specfucore' 'specfucore_ln191' <Predicate = (!icmp_ln457)> <Delay = 0.00>
ST_12 : Operation 1022 [1/1] (0.00ns)   --->   "%sext_ln507_187 = sext i27 %packed_weight_250" [source/int4_linear_controller.cpp:507->source/int4_linear_controller.cpp:897]   --->   Operation 1022 'sext' 'sext_ln507_187' <Predicate = (!icmp_ln457)> <Delay = 0.00>
ST_12 : Operation 1023 [5/5] (1.39ns)   --->   "%packed_product_250 = mul i42 %sext_ln507_187, i42 %conv3_i12_i_30_i" [source/int4_linear_controller.cpp:507->source/int4_linear_controller.cpp:897]   --->   Operation 1023 'mul' 'packed_product_250' <Predicate = (!icmp_ln457)> <Delay = 1.39> <CoreInst = "Mul_DSP">   --->   Core 5 'Mul_DSP' <Latency = 4> <II = 1> <Delay = 2.17> <FuncUnit> <Opcode : 'mul'> <InPorts = 2> <OutPorts = 1>
ST_12 : Operation 1024 [1/3] (0.41ns) (root node of the DSP)   --->   "%add_ln510_123 = add i43 %add_ln510, i43 %sext_ln503_29" [source/int4_linear_controller.cpp:510->source/int4_linear_controller.cpp:897]   --->   Operation 1024 'add' 'add_ln510_123' <Predicate = (!icmp_ln457)> <Delay = 0.41> <CoreInst = "DSP48">   --->   Core 127 'DSP48' <Latency = 4> <II = 1> <Delay = 0.43> <IPBlock> <Opcode : '' 'add' 'sub' 'mul' 'select'> <InPorts = 0> <OutPorts = 1> <Sync> <CReg>
ST_12 : Operation 1025 [1/1] (0.00ns)   --->   "%sext_ln510_85 = sext i43 %add_ln510_123" [source/int4_linear_controller.cpp:510->source/int4_linear_controller.cpp:897]   --->   Operation 1025 'sext' 'sext_ln510_85' <Predicate = (!icmp_ln457)> <Delay = 0.00>
ST_12 : Operation 1026 [3/3] (0.41ns) (root node of the DSP)   --->   "%add_ln510_124 = add i44 %sext_ln510_85, i44 %sext_ln503_31" [source/int4_linear_controller.cpp:510->source/int4_linear_controller.cpp:897]   --->   Operation 1026 'add' 'add_ln510_124' <Predicate = (!icmp_ln457)> <Delay = 0.41> <CoreInst = "DSP48">   --->   Core 127 'DSP48' <Latency = 4> <II = 1> <Delay = 0.43> <IPBlock> <Opcode : '' 'add' 'sub' 'mul' 'select'> <InPorts = 0> <OutPorts = 1> <Sync> <CReg>
ST_12 : Operation 1027 [1/3] (0.41ns) (root node of the DSP)   --->   "%add_ln510_126 = add i43 %add_ln510_125, i43 %sext_ln503_55" [source/int4_linear_controller.cpp:510->source/int4_linear_controller.cpp:897]   --->   Operation 1027 'add' 'add_ln510_126' <Predicate = (!icmp_ln457)> <Delay = 0.41> <CoreInst = "DSP48">   --->   Core 127 'DSP48' <Latency = 4> <II = 1> <Delay = 0.43> <IPBlock> <Opcode : '' 'add' 'sub' 'mul' 'select'> <InPorts = 0> <OutPorts = 1> <Sync> <CReg>
ST_12 : Operation 1028 [1/3] (0.41ns) (root node of the DSP)   --->   "%add_ln510_131 = add i43 %sext_ln503_60, i43 %sext_ln503_61" [source/int4_linear_controller.cpp:510->source/int4_linear_controller.cpp:897]   --->   Operation 1028 'add' 'add_ln510_131' <Predicate = (!icmp_ln457)> <Delay = 0.41> <CoreInst = "DSP48">   --->   Core 127 'DSP48' <Latency = 4> <II = 1> <Delay = 0.43> <IPBlock> <Opcode : '' 'add' 'sub' 'mul' 'select'> <InPorts = 0> <OutPorts = 1> <Sync> <CReg>
ST_12 : Operation 1029 [1/1] (0.00ns)   --->   "%sext_ln510_89 = sext i43 %add_ln510_131" [source/int4_linear_controller.cpp:510->source/int4_linear_controller.cpp:897]   --->   Operation 1029 'sext' 'sext_ln510_89' <Predicate = (!icmp_ln457)> <Delay = 0.00>
ST_12 : Operation 1030 [1/3] (0.41ns) (root node of the DSP)   --->   "%add_ln510_133 = add i43 %add_ln510_132, i43 %sext_ln503_62" [source/int4_linear_controller.cpp:510->source/int4_linear_controller.cpp:897]   --->   Operation 1030 'add' 'add_ln510_133' <Predicate = (!icmp_ln457)> <Delay = 0.41> <CoreInst = "DSP48">   --->   Core 127 'DSP48' <Latency = 4> <II = 1> <Delay = 0.43> <IPBlock> <Opcode : '' 'add' 'sub' 'mul' 'select'> <InPorts = 0> <OutPorts = 1> <Sync> <CReg>
ST_12 : Operation 1031 [1/1] (0.00ns)   --->   "%sext_ln510_90 = sext i43 %add_ln510_133" [source/int4_linear_controller.cpp:510->source/int4_linear_controller.cpp:897]   --->   Operation 1031 'sext' 'sext_ln510_90' <Predicate = (!icmp_ln457)> <Delay = 0.00>
ST_12 : Operation 1032 [1/1] (0.96ns)   --->   "%add_ln510_134 = add i44 %sext_ln510_90, i44 %sext_ln510_89" [source/int4_linear_controller.cpp:510->source/int4_linear_controller.cpp:897]   --->   Operation 1032 'add' 'add_ln510_134' <Predicate = (!icmp_ln457)> <Delay = 0.96> <CoreInst = "Adder">   --->   Core 1 'Adder' <Latency = 0> <II = 1> <Delay = 0.96> <FuncUnit> <Opcode : 'add' 'sub'> <InPorts = 2> <OutPorts = 1>
ST_12 : Operation 1033 [1/3] (0.41ns) (root node of the DSP)   --->   "%add_ln510_139 = add i43 %sext_ln503_77, i43 %sext_ln503_76" [source/int4_linear_controller.cpp:510->source/int4_linear_controller.cpp:897]   --->   Operation 1033 'add' 'add_ln510_139' <Predicate = (!icmp_ln457)> <Delay = 0.41> <CoreInst = "DSP48">   --->   Core 127 'DSP48' <Latency = 4> <II = 1> <Delay = 0.43> <IPBlock> <Opcode : '' 'add' 'sub' 'mul' 'select'> <InPorts = 0> <OutPorts = 1> <Sync> <CReg>
ST_12 : Operation 1034 [1/1] (0.00ns)   --->   "%sext_ln510_94 = sext i43 %add_ln510_139" [source/int4_linear_controller.cpp:510->source/int4_linear_controller.cpp:897]   --->   Operation 1034 'sext' 'sext_ln510_94' <Predicate = (!icmp_ln457)> <Delay = 0.00>
ST_12 : Operation 1035 [1/3] (0.41ns) (root node of the DSP)   --->   "%add_ln510_141 = add i43 %add_ln510_140, i43 %sext_ln503_73" [source/int4_linear_controller.cpp:510->source/int4_linear_controller.cpp:897]   --->   Operation 1035 'add' 'add_ln510_141' <Predicate = (!icmp_ln457)> <Delay = 0.41> <CoreInst = "DSP48">   --->   Core 127 'DSP48' <Latency = 4> <II = 1> <Delay = 0.43> <IPBlock> <Opcode : '' 'add' 'sub' 'mul' 'select'> <InPorts = 0> <OutPorts = 1> <Sync> <CReg>
ST_12 : Operation 1036 [1/1] (0.00ns)   --->   "%sext_ln510_95 = sext i43 %add_ln510_141" [source/int4_linear_controller.cpp:510->source/int4_linear_controller.cpp:897]   --->   Operation 1036 'sext' 'sext_ln510_95' <Predicate = (!icmp_ln457)> <Delay = 0.00>
ST_12 : Operation 1037 [1/1] (0.96ns)   --->   "%add_ln510_142 = add i44 %sext_ln510_95, i44 %sext_ln510_94" [source/int4_linear_controller.cpp:510->source/int4_linear_controller.cpp:897]   --->   Operation 1037 'add' 'add_ln510_142' <Predicate = (!icmp_ln457)> <Delay = 0.96> <CoreInst = "Adder">   --->   Core 1 'Adder' <Latency = 0> <II = 1> <Delay = 0.96> <FuncUnit> <Opcode : 'add' 'sub'> <InPorts = 2> <OutPorts = 1>
ST_12 : Operation 1038 [1/1] (0.00ns)   --->   "%sext_ln510_99 = sext i44 %add_ln510_146" [source/int4_linear_controller.cpp:510->source/int4_linear_controller.cpp:897]   --->   Operation 1038 'sext' 'sext_ln510_99' <Predicate = (!icmp_ln457)> <Delay = 0.00>
ST_12 : Operation 1039 [1/3] (0.41ns) (root node of the DSP)   --->   "%add_ln510_147 = add i43 %sext_ln503_69, i43 %sext_ln503_68" [source/int4_linear_controller.cpp:510->source/int4_linear_controller.cpp:897]   --->   Operation 1039 'add' 'add_ln510_147' <Predicate = (!icmp_ln457)> <Delay = 0.41> <CoreInst = "DSP48">   --->   Core 127 'DSP48' <Latency = 4> <II = 1> <Delay = 0.43> <IPBlock> <Opcode : '' 'add' 'sub' 'mul' 'select'> <InPorts = 0> <OutPorts = 1> <Sync> <CReg>
ST_12 : Operation 1040 [1/1] (0.00ns)   --->   "%sext_ln510_100 = sext i43 %add_ln510_147" [source/int4_linear_controller.cpp:510->source/int4_linear_controller.cpp:897]   --->   Operation 1040 'sext' 'sext_ln510_100' <Predicate = (!icmp_ln457)> <Delay = 0.00>
ST_12 : Operation 1041 [1/3] (0.41ns) (root node of the DSP)   --->   "%add_ln510_149 = add i43 %add_ln510_148, i43 %sext_ln503_71" [source/int4_linear_controller.cpp:510->source/int4_linear_controller.cpp:897]   --->   Operation 1041 'add' 'add_ln510_149' <Predicate = (!icmp_ln457)> <Delay = 0.41> <CoreInst = "DSP48">   --->   Core 127 'DSP48' <Latency = 4> <II = 1> <Delay = 0.43> <IPBlock> <Opcode : '' 'add' 'sub' 'mul' 'select'> <InPorts = 0> <OutPorts = 1> <Sync> <CReg>
ST_12 : Operation 1042 [1/1] (0.00ns)   --->   "%sext_ln510_101 = sext i43 %add_ln510_149" [source/int4_linear_controller.cpp:510->source/int4_linear_controller.cpp:897]   --->   Operation 1042 'sext' 'sext_ln510_101' <Predicate = (!icmp_ln457)> <Delay = 0.00>
ST_12 : Operation 1043 [1/1] (0.96ns)   --->   "%add_ln510_150 = add i44 %sext_ln510_101, i44 %sext_ln510_100" [source/int4_linear_controller.cpp:510->source/int4_linear_controller.cpp:897]   --->   Operation 1043 'add' 'add_ln510_150' <Predicate = (!icmp_ln457)> <Delay = 0.96> <CoreInst = "Adder">   --->   Core 1 'Adder' <Latency = 0> <II = 1> <Delay = 0.96> <FuncUnit> <Opcode : 'add' 'sub'> <InPorts = 2> <OutPorts = 1>
ST_12 : Operation 1044 [1/1] (0.00ns)   --->   "%sext_ln510_102 = sext i44 %add_ln510_150" [source/int4_linear_controller.cpp:510->source/int4_linear_controller.cpp:897]   --->   Operation 1044 'sext' 'sext_ln510_102' <Predicate = (!icmp_ln457)> <Delay = 0.00>
ST_12 : Operation 1045 [1/1] (0.96ns)   --->   "%add_ln510_151 = add i45 %sext_ln510_102, i45 %sext_ln510_99" [source/int4_linear_controller.cpp:510->source/int4_linear_controller.cpp:897]   --->   Operation 1045 'add' 'add_ln510_151' <Predicate = (!icmp_ln457)> <Delay = 0.96> <CoreInst = "Adder">   --->   Core 1 'Adder' <Latency = 0> <II = 1> <Delay = 0.96> <FuncUnit> <Opcode : 'add' 'sub'> <InPorts = 2> <OutPorts = 1>
ST_12 : Operation 1046 [1/3] (0.41ns) (root node of the DSP)   --->   "%add_ln510_154 = add i43 %add_ln510_153, i43 %sext_ln490_29" [source/int4_linear_controller.cpp:510->source/int4_linear_controller.cpp:897]   --->   Operation 1046 'add' 'add_ln510_154' <Predicate = (!icmp_ln457)> <Delay = 0.41> <CoreInst = "DSP48">   --->   Core 127 'DSP48' <Latency = 4> <II = 1> <Delay = 0.43> <IPBlock> <Opcode : '' 'add' 'sub' 'mul' 'select'> <InPorts = 0> <OutPorts = 1> <Sync> <CReg>
ST_12 : Operation 1047 [1/1] (0.00ns)   --->   "%sext_ln510_105 = sext i43 %add_ln510_154" [source/int4_linear_controller.cpp:510->source/int4_linear_controller.cpp:897]   --->   Operation 1047 'sext' 'sext_ln510_105' <Predicate = (!icmp_ln457)> <Delay = 0.00>
ST_12 : Operation 1048 [3/3] (0.41ns) (root node of the DSP)   --->   "%add_ln510_155 = add i44 %sext_ln510_105, i44 %sext_ln490_31" [source/int4_linear_controller.cpp:510->source/int4_linear_controller.cpp:897]   --->   Operation 1048 'add' 'add_ln510_155' <Predicate = (!icmp_ln457)> <Delay = 0.41> <CoreInst = "DSP48">   --->   Core 127 'DSP48' <Latency = 4> <II = 1> <Delay = 0.43> <IPBlock> <Opcode : '' 'add' 'sub' 'mul' 'select'> <InPorts = 0> <OutPorts = 1> <Sync> <CReg>
ST_12 : Operation 1049 [1/3] (0.41ns) (root node of the DSP)   --->   "%add_ln510_157 = add i43 %add_ln510_156, i43 %sext_ln490_55" [source/int4_linear_controller.cpp:510->source/int4_linear_controller.cpp:897]   --->   Operation 1049 'add' 'add_ln510_157' <Predicate = (!icmp_ln457)> <Delay = 0.41> <CoreInst = "DSP48">   --->   Core 127 'DSP48' <Latency = 4> <II = 1> <Delay = 0.43> <IPBlock> <Opcode : '' 'add' 'sub' 'mul' 'select'> <InPorts = 0> <OutPorts = 1> <Sync> <CReg>
ST_12 : Operation 1050 [1/3] (0.41ns) (root node of the DSP)   --->   "%add_ln510_162 = add i43 %sext_ln490_60, i43 %sext_ln490_61" [source/int4_linear_controller.cpp:510->source/int4_linear_controller.cpp:897]   --->   Operation 1050 'add' 'add_ln510_162' <Predicate = (!icmp_ln457)> <Delay = 0.41> <CoreInst = "DSP48">   --->   Core 127 'DSP48' <Latency = 4> <II = 1> <Delay = 0.43> <IPBlock> <Opcode : '' 'add' 'sub' 'mul' 'select'> <InPorts = 0> <OutPorts = 1> <Sync> <CReg>
ST_12 : Operation 1051 [1/1] (0.00ns)   --->   "%sext_ln510_109 = sext i43 %add_ln510_162" [source/int4_linear_controller.cpp:510->source/int4_linear_controller.cpp:897]   --->   Operation 1051 'sext' 'sext_ln510_109' <Predicate = (!icmp_ln457)> <Delay = 0.00>
ST_12 : Operation 1052 [1/3] (0.41ns) (root node of the DSP)   --->   "%add_ln510_164 = add i43 %add_ln510_163, i43 %sext_ln490_62" [source/int4_linear_controller.cpp:510->source/int4_linear_controller.cpp:897]   --->   Operation 1052 'add' 'add_ln510_164' <Predicate = (!icmp_ln457)> <Delay = 0.41> <CoreInst = "DSP48">   --->   Core 127 'DSP48' <Latency = 4> <II = 1> <Delay = 0.43> <IPBlock> <Opcode : '' 'add' 'sub' 'mul' 'select'> <InPorts = 0> <OutPorts = 1> <Sync> <CReg>
ST_12 : Operation 1053 [1/1] (0.00ns)   --->   "%sext_ln510_110 = sext i43 %add_ln510_164" [source/int4_linear_controller.cpp:510->source/int4_linear_controller.cpp:897]   --->   Operation 1053 'sext' 'sext_ln510_110' <Predicate = (!icmp_ln457)> <Delay = 0.00>
ST_12 : Operation 1054 [1/1] (0.96ns)   --->   "%add_ln510_165 = add i44 %sext_ln510_110, i44 %sext_ln510_109" [source/int4_linear_controller.cpp:510->source/int4_linear_controller.cpp:897]   --->   Operation 1054 'add' 'add_ln510_165' <Predicate = (!icmp_ln457)> <Delay = 0.96> <CoreInst = "Adder">   --->   Core 1 'Adder' <Latency = 0> <II = 1> <Delay = 0.96> <FuncUnit> <Opcode : 'add' 'sub'> <InPorts = 2> <OutPorts = 1>
ST_12 : Operation 1055 [1/3] (0.41ns) (root node of the DSP)   --->   "%add_ln510_170 = add i43 %sext_ln490_77, i43 %sext_ln490_76" [source/int4_linear_controller.cpp:510->source/int4_linear_controller.cpp:897]   --->   Operation 1055 'add' 'add_ln510_170' <Predicate = (!icmp_ln457)> <Delay = 0.41> <CoreInst = "DSP48">   --->   Core 127 'DSP48' <Latency = 4> <II = 1> <Delay = 0.43> <IPBlock> <Opcode : '' 'add' 'sub' 'mul' 'select'> <InPorts = 0> <OutPorts = 1> <Sync> <CReg>
ST_12 : Operation 1056 [1/1] (0.00ns)   --->   "%sext_ln510_114 = sext i43 %add_ln510_170" [source/int4_linear_controller.cpp:510->source/int4_linear_controller.cpp:897]   --->   Operation 1056 'sext' 'sext_ln510_114' <Predicate = (!icmp_ln457)> <Delay = 0.00>
ST_12 : Operation 1057 [1/3] (0.41ns) (root node of the DSP)   --->   "%add_ln510_172 = add i43 %add_ln510_171, i43 %sext_ln490_73" [source/int4_linear_controller.cpp:510->source/int4_linear_controller.cpp:897]   --->   Operation 1057 'add' 'add_ln510_172' <Predicate = (!icmp_ln457)> <Delay = 0.41> <CoreInst = "DSP48">   --->   Core 127 'DSP48' <Latency = 4> <II = 1> <Delay = 0.43> <IPBlock> <Opcode : '' 'add' 'sub' 'mul' 'select'> <InPorts = 0> <OutPorts = 1> <Sync> <CReg>
ST_12 : Operation 1058 [1/1] (0.00ns)   --->   "%sext_ln510_115 = sext i43 %add_ln510_172" [source/int4_linear_controller.cpp:510->source/int4_linear_controller.cpp:897]   --->   Operation 1058 'sext' 'sext_ln510_115' <Predicate = (!icmp_ln457)> <Delay = 0.00>
ST_12 : Operation 1059 [1/1] (0.96ns)   --->   "%add_ln510_173 = add i44 %sext_ln510_115, i44 %sext_ln510_114" [source/int4_linear_controller.cpp:510->source/int4_linear_controller.cpp:897]   --->   Operation 1059 'add' 'add_ln510_173' <Predicate = (!icmp_ln457)> <Delay = 0.96> <CoreInst = "Adder">   --->   Core 1 'Adder' <Latency = 0> <II = 1> <Delay = 0.96> <FuncUnit> <Opcode : 'add' 'sub'> <InPorts = 2> <OutPorts = 1>
ST_12 : Operation 1060 [1/1] (0.00ns)   --->   "%sext_ln510_119 = sext i44 %add_ln510_177" [source/int4_linear_controller.cpp:510->source/int4_linear_controller.cpp:897]   --->   Operation 1060 'sext' 'sext_ln510_119' <Predicate = (!icmp_ln457)> <Delay = 0.00>
ST_12 : Operation 1061 [1/3] (0.41ns) (root node of the DSP)   --->   "%add_ln510_178 = add i43 %sext_ln490_69, i43 %sext_ln490_68" [source/int4_linear_controller.cpp:510->source/int4_linear_controller.cpp:897]   --->   Operation 1061 'add' 'add_ln510_178' <Predicate = (!icmp_ln457)> <Delay = 0.41> <CoreInst = "DSP48">   --->   Core 127 'DSP48' <Latency = 4> <II = 1> <Delay = 0.43> <IPBlock> <Opcode : '' 'add' 'sub' 'mul' 'select'> <InPorts = 0> <OutPorts = 1> <Sync> <CReg>
ST_12 : Operation 1062 [1/1] (0.00ns)   --->   "%sext_ln510_120 = sext i43 %add_ln510_178" [source/int4_linear_controller.cpp:510->source/int4_linear_controller.cpp:897]   --->   Operation 1062 'sext' 'sext_ln510_120' <Predicate = (!icmp_ln457)> <Delay = 0.00>
ST_12 : Operation 1063 [1/3] (0.41ns) (root node of the DSP)   --->   "%add_ln510_180 = add i43 %add_ln510_179, i43 %sext_ln490_71" [source/int4_linear_controller.cpp:510->source/int4_linear_controller.cpp:897]   --->   Operation 1063 'add' 'add_ln510_180' <Predicate = (!icmp_ln457)> <Delay = 0.41> <CoreInst = "DSP48">   --->   Core 127 'DSP48' <Latency = 4> <II = 1> <Delay = 0.43> <IPBlock> <Opcode : '' 'add' 'sub' 'mul' 'select'> <InPorts = 0> <OutPorts = 1> <Sync> <CReg>
ST_12 : Operation 1064 [1/1] (0.00ns)   --->   "%sext_ln510_121 = sext i43 %add_ln510_180" [source/int4_linear_controller.cpp:510->source/int4_linear_controller.cpp:897]   --->   Operation 1064 'sext' 'sext_ln510_121' <Predicate = (!icmp_ln457)> <Delay = 0.00>
ST_12 : Operation 1065 [1/1] (0.96ns)   --->   "%add_ln510_181 = add i44 %sext_ln510_121, i44 %sext_ln510_120" [source/int4_linear_controller.cpp:510->source/int4_linear_controller.cpp:897]   --->   Operation 1065 'add' 'add_ln510_181' <Predicate = (!icmp_ln457)> <Delay = 0.96> <CoreInst = "Adder">   --->   Core 1 'Adder' <Latency = 0> <II = 1> <Delay = 0.96> <FuncUnit> <Opcode : 'add' 'sub'> <InPorts = 2> <OutPorts = 1>
ST_12 : Operation 1066 [1/1] (0.00ns)   --->   "%sext_ln510_122 = sext i44 %add_ln510_181" [source/int4_linear_controller.cpp:510->source/int4_linear_controller.cpp:897]   --->   Operation 1066 'sext' 'sext_ln510_122' <Predicate = (!icmp_ln457)> <Delay = 0.00>
ST_12 : Operation 1067 [1/1] (0.96ns)   --->   "%add_ln510_182 = add i45 %sext_ln510_122, i45 %sext_ln510_119" [source/int4_linear_controller.cpp:510->source/int4_linear_controller.cpp:897]   --->   Operation 1067 'add' 'add_ln510_182' <Predicate = (!icmp_ln457)> <Delay = 0.96> <CoreInst = "Adder">   --->   Core 1 'Adder' <Latency = 0> <II = 1> <Delay = 0.96> <FuncUnit> <Opcode : 'add' 'sub'> <InPorts = 2> <OutPorts = 1>

State 13 <SV = 12> <Delay = 1.39>
ST_13 : Operation 1068 [2/3] (0.99ns) (grouped into DSP with root node add_ln510_128)   --->   "%packed_product_203 = mul i42 %sext_ln507_140, i42 %conv3_i12_i_7_i" [source/int4_linear_controller.cpp:507->source/int4_linear_controller.cpp:897]   --->   Operation 1068 'mul' 'packed_product_203' <Predicate = (!icmp_ln457)> <Delay = 0.99> <CoreInst = "DSP48">   --->   Core 127 'DSP48' <Latency = 4> <II = 1> <Delay = 0.43> <IPBlock> <Opcode : '' 'add' 'sub' 'mul' 'select'> <InPorts = 0> <OutPorts = 1> <Sync> <CReg>
ST_13 : Operation 1069 [2/3] (0.99ns) (grouped into DSP with root node add_ln510_159)   --->   "%packed_product_204 = mul i42 %sext_ln507_141, i42 %conv3_i12_i_7_i" [source/int4_linear_controller.cpp:507->source/int4_linear_controller.cpp:897]   --->   Operation 1069 'mul' 'packed_product_204' <Predicate = (!icmp_ln457)> <Delay = 0.99> <CoreInst = "DSP48">   --->   Core 127 'DSP48' <Latency = 4> <II = 1> <Delay = 0.43> <IPBlock> <Opcode : '' 'add' 'sub' 'mul' 'select'> <InPorts = 0> <OutPorts = 1> <Sync> <CReg>
ST_13 : Operation 1070 [2/5] (1.39ns)   --->   "%packed_product_205 = mul i42 %sext_ln507_142, i42 %conv3_i12_i_8_i" [source/int4_linear_controller.cpp:507->source/int4_linear_controller.cpp:897]   --->   Operation 1070 'mul' 'packed_product_205' <Predicate = (!icmp_ln457)> <Delay = 1.39> <CoreInst = "Mul_DSP">   --->   Core 5 'Mul_DSP' <Latency = 4> <II = 1> <Delay = 2.17> <FuncUnit> <Opcode : 'mul'> <InPorts = 2> <OutPorts = 1>
ST_13 : Operation 1071 [2/5] (1.39ns)   --->   "%packed_product_206 = mul i42 %sext_ln507_143, i42 %conv3_i12_i_8_i" [source/int4_linear_controller.cpp:507->source/int4_linear_controller.cpp:897]   --->   Operation 1071 'mul' 'packed_product_206' <Predicate = (!icmp_ln457)> <Delay = 1.39> <CoreInst = "Mul_DSP">   --->   Core 5 'Mul_DSP' <Latency = 4> <II = 1> <Delay = 2.17> <FuncUnit> <Opcode : 'mul'> <InPorts = 2> <OutPorts = 1>
ST_13 : Operation 1072 [2/3] (0.99ns) (grouped into DSP with root node add_ln510_129)   --->   "%packed_product_207 = mul i42 %sext_ln507_144, i42 %conv3_i12_i_9_i" [source/int4_linear_controller.cpp:507->source/int4_linear_controller.cpp:897]   --->   Operation 1072 'mul' 'packed_product_207' <Predicate = (!icmp_ln457)> <Delay = 0.99> <CoreInst = "DSP48">   --->   Core 127 'DSP48' <Latency = 4> <II = 1> <Delay = 0.43> <IPBlock> <Opcode : '' 'add' 'sub' 'mul' 'select'> <InPorts = 0> <OutPorts = 1> <Sync> <CReg>
ST_13 : Operation 1073 [2/3] (0.99ns) (grouped into DSP with root node add_ln510_160)   --->   "%packed_product_208 = mul i42 %sext_ln507_145, i42 %conv3_i12_i_9_i" [source/int4_linear_controller.cpp:507->source/int4_linear_controller.cpp:897]   --->   Operation 1073 'mul' 'packed_product_208' <Predicate = (!icmp_ln457)> <Delay = 0.99> <CoreInst = "DSP48">   --->   Core 127 'DSP48' <Latency = 4> <II = 1> <Delay = 0.43> <IPBlock> <Opcode : '' 'add' 'sub' 'mul' 'select'> <InPorts = 0> <OutPorts = 1> <Sync> <CReg>
ST_13 : Operation 1074 [1/1] (0.00ns)   --->   "%shl_ln185_179 = bitconcatenate i27 @_ssdm_op_BitConcatenate.i27.i4.i23, i4 %tmp_239, i23 0" [source/int4_linear_controller.cpp:185->source/int4_linear_controller.cpp:507->source/int4_linear_controller.cpp:897]   --->   Operation 1074 'bitconcatenate' 'shl_ln185_179' <Predicate = (!icmp_ln457)> <Delay = 0.00>
ST_13 : Operation 1075 [1/1] (0.00ns)   --->   "%sext_ln185_182 = sext i4 %low_245" [source/int4_linear_controller.cpp:185->source/int4_linear_controller.cpp:507->source/int4_linear_controller.cpp:897]   --->   Operation 1075 'sext' 'sext_ln185_182' <Predicate = (!icmp_ln457)> <Delay = 0.00>
ST_13 : Operation 1076 [2/2] (0.76ns)   --->   "%packed_weight_245 = add i27 %shl_ln185_179, i27 %sext_ln185_182" [source/int4_linear_controller.cpp:185->source/int4_linear_controller.cpp:507->source/int4_linear_controller.cpp:897]   --->   Operation 1076 'add' 'packed_weight_245' <Predicate = (!icmp_ln457)> <Delay = 0.76> <CoreInst = "Adder">   --->   Core 1 'Adder' <Latency = 1> <II = 1> <Delay = 0.85> <FuncUnit> <Opcode : 'add' 'sub'> <InPorts = 2> <OutPorts = 1>
ST_13 : Operation 1077 [1/1] (0.00ns)   --->   "%shl_ln185_180 = bitconcatenate i27 @_ssdm_op_BitConcatenate.i27.i4.i23, i4 %tmp_240, i23 0" [source/int4_linear_controller.cpp:185->source/int4_linear_controller.cpp:507->source/int4_linear_controller.cpp:897]   --->   Operation 1077 'bitconcatenate' 'shl_ln185_180' <Predicate = (!icmp_ln457)> <Delay = 0.00>
ST_13 : Operation 1078 [1/1] (0.00ns)   --->   "%sext_ln185_183 = sext i4 %low_246" [source/int4_linear_controller.cpp:185->source/int4_linear_controller.cpp:507->source/int4_linear_controller.cpp:897]   --->   Operation 1078 'sext' 'sext_ln185_183' <Predicate = (!icmp_ln457)> <Delay = 0.00>
ST_13 : Operation 1079 [2/2] (0.76ns)   --->   "%packed_weight_246 = add i27 %shl_ln185_180, i27 %sext_ln185_183" [source/int4_linear_controller.cpp:185->source/int4_linear_controller.cpp:507->source/int4_linear_controller.cpp:897]   --->   Operation 1079 'add' 'packed_weight_246' <Predicate = (!icmp_ln457)> <Delay = 0.76> <CoreInst = "Adder">   --->   Core 1 'Adder' <Latency = 1> <II = 1> <Delay = 0.85> <FuncUnit> <Opcode : 'add' 'sub'> <InPorts = 2> <OutPorts = 1>
ST_13 : Operation 1080 [1/1] (0.00ns)   --->   "%shl_ln185_181 = bitconcatenate i27 @_ssdm_op_BitConcatenate.i27.i4.i23, i4 %tmp_241, i23 0" [source/int4_linear_controller.cpp:185->source/int4_linear_controller.cpp:507->source/int4_linear_controller.cpp:897]   --->   Operation 1080 'bitconcatenate' 'shl_ln185_181' <Predicate = (!icmp_ln457)> <Delay = 0.00>
ST_13 : Operation 1081 [1/1] (0.00ns)   --->   "%sext_ln185_184 = sext i4 %low_247" [source/int4_linear_controller.cpp:185->source/int4_linear_controller.cpp:507->source/int4_linear_controller.cpp:897]   --->   Operation 1081 'sext' 'sext_ln185_184' <Predicate = (!icmp_ln457)> <Delay = 0.00>
ST_13 : Operation 1082 [2/2] (0.76ns)   --->   "%packed_weight_247 = add i27 %shl_ln185_181, i27 %sext_ln185_184" [source/int4_linear_controller.cpp:185->source/int4_linear_controller.cpp:507->source/int4_linear_controller.cpp:897]   --->   Operation 1082 'add' 'packed_weight_247' <Predicate = (!icmp_ln457)> <Delay = 0.76> <CoreInst = "Adder">   --->   Core 1 'Adder' <Latency = 1> <II = 1> <Delay = 0.85> <FuncUnit> <Opcode : 'add' 'sub'> <InPorts = 2> <OutPorts = 1>
ST_13 : Operation 1083 [1/1] (0.00ns)   --->   "%shl_ln185_182 = bitconcatenate i27 @_ssdm_op_BitConcatenate.i27.i4.i23, i4 %tmp_242, i23 0" [source/int4_linear_controller.cpp:185->source/int4_linear_controller.cpp:507->source/int4_linear_controller.cpp:897]   --->   Operation 1083 'bitconcatenate' 'shl_ln185_182' <Predicate = (!icmp_ln457)> <Delay = 0.00>
ST_13 : Operation 1084 [1/1] (0.00ns)   --->   "%sext_ln185_185 = sext i4 %low_248" [source/int4_linear_controller.cpp:185->source/int4_linear_controller.cpp:507->source/int4_linear_controller.cpp:897]   --->   Operation 1084 'sext' 'sext_ln185_185' <Predicate = (!icmp_ln457)> <Delay = 0.00>
ST_13 : Operation 1085 [2/2] (0.76ns)   --->   "%packed_weight_248 = add i27 %shl_ln185_182, i27 %sext_ln185_185" [source/int4_linear_controller.cpp:185->source/int4_linear_controller.cpp:507->source/int4_linear_controller.cpp:897]   --->   Operation 1085 'add' 'packed_weight_248' <Predicate = (!icmp_ln457)> <Delay = 0.76> <CoreInst = "Adder">   --->   Core 1 'Adder' <Latency = 1> <II = 1> <Delay = 0.85> <FuncUnit> <Opcode : 'add' 'sub'> <InPorts = 2> <OutPorts = 1>
ST_13 : Operation 1086 [4/5] (1.39ns)   --->   "%packed_product_249 = mul i42 %sext_ln507_186, i42 %conv3_i12_i_30_i" [source/int4_linear_controller.cpp:507->source/int4_linear_controller.cpp:897]   --->   Operation 1086 'mul' 'packed_product_249' <Predicate = (!icmp_ln457)> <Delay = 1.39> <CoreInst = "Mul_DSP">   --->   Core 5 'Mul_DSP' <Latency = 4> <II = 1> <Delay = 2.17> <FuncUnit> <Opcode : 'mul'> <InPorts = 2> <OutPorts = 1>
ST_13 : Operation 1087 [4/5] (1.39ns)   --->   "%packed_product_250 = mul i42 %sext_ln507_187, i42 %conv3_i12_i_30_i" [source/int4_linear_controller.cpp:507->source/int4_linear_controller.cpp:897]   --->   Operation 1087 'mul' 'packed_product_250' <Predicate = (!icmp_ln457)> <Delay = 1.39> <CoreInst = "Mul_DSP">   --->   Core 5 'Mul_DSP' <Latency = 4> <II = 1> <Delay = 2.17> <FuncUnit> <Opcode : 'mul'> <InPorts = 2> <OutPorts = 1>
ST_13 : Operation 1088 [2/3] (0.41ns) (root node of the DSP)   --->   "%add_ln510_124 = add i44 %sext_ln510_85, i44 %sext_ln503_31" [source/int4_linear_controller.cpp:510->source/int4_linear_controller.cpp:897]   --->   Operation 1088 'add' 'add_ln510_124' <Predicate = (!icmp_ln457)> <Delay = 0.41> <CoreInst = "DSP48">   --->   Core 127 'DSP48' <Latency = 4> <II = 1> <Delay = 0.43> <IPBlock> <Opcode : '' 'add' 'sub' 'mul' 'select'> <InPorts = 0> <OutPorts = 1> <Sync> <CReg>
ST_13 : Operation 1089 [2/3] (0.41ns) (root node of the DSP)   --->   "%add_ln510_155 = add i44 %sext_ln510_105, i44 %sext_ln490_31" [source/int4_linear_controller.cpp:510->source/int4_linear_controller.cpp:897]   --->   Operation 1089 'add' 'add_ln510_155' <Predicate = (!icmp_ln457)> <Delay = 0.41> <CoreInst = "DSP48">   --->   Core 127 'DSP48' <Latency = 4> <II = 1> <Delay = 0.43> <IPBlock> <Opcode : '' 'add' 'sub' 'mul' 'select'> <InPorts = 0> <OutPorts = 1> <Sync> <CReg>

State 14 <SV = 13> <Delay = 1.81>
ST_14 : Operation 1090 [1/1] (0.00ns)   --->   "%conv3_i12_i_28_i = sext i15 %activation_121" [source/int4_linear_controller.cpp:491->source/int4_linear_controller.cpp:897]   --->   Operation 1090 'sext' 'conv3_i12_i_28_i' <Predicate = (!icmp_ln457)> <Delay = 0.00>
ST_14 : Operation 1091 [1/1] (0.00ns)   --->   "%conv3_i12_i_29_i = sext i15 %activation_122" [source/int4_linear_controller.cpp:491->source/int4_linear_controller.cpp:897]   --->   Operation 1091 'sext' 'conv3_i12_i_29_i' <Predicate = (!icmp_ln457)> <Delay = 0.00>
ST_14 : Operation 1092 [1/3] (0.00ns) (grouped into DSP with root node add_ln510_128)   --->   "%packed_product_203 = mul i42 %sext_ln507_140, i42 %conv3_i12_i_7_i" [source/int4_linear_controller.cpp:507->source/int4_linear_controller.cpp:897]   --->   Operation 1092 'mul' 'packed_product_203' <Predicate = (!icmp_ln457)> <Delay = 0.00> <CoreInst = "DSP48">   --->   Core 127 'DSP48' <Latency = 4> <II = 1> <Delay = 0.43> <IPBlock> <Opcode : '' 'add' 'sub' 'mul' 'select'> <InPorts = 0> <OutPorts = 1> <Sync> <CReg>
ST_14 : Operation 1093 [1/1] (0.00ns)   --->   "%specfucore_ln509 = specfucore void @_ssdm_op_SpecFUCore, i42 %packed_product_203, i64 12, i64 3, i64 4" [source/int4_linear_controller.cpp:509->source/int4_linear_controller.cpp:897]   --->   Operation 1093 'specfucore' 'specfucore_ln509' <Predicate = (!icmp_ln457)> <Delay = 0.00>
ST_14 : Operation 1094 [1/1] (0.00ns) (grouped into DSP with root node add_ln510_128)   --->   "%sext_ln503_35 = sext i42 %packed_product_203" [source/int4_linear_controller.cpp:503->source/int4_linear_controller.cpp:897]   --->   Operation 1094 'sext' 'sext_ln503_35' <Predicate = (!icmp_ln457)> <Delay = 0.00>
ST_14 : Operation 1095 [1/3] (0.00ns) (grouped into DSP with root node add_ln510_159)   --->   "%packed_product_204 = mul i42 %sext_ln507_141, i42 %conv3_i12_i_7_i" [source/int4_linear_controller.cpp:507->source/int4_linear_controller.cpp:897]   --->   Operation 1095 'mul' 'packed_product_204' <Predicate = (!icmp_ln457)> <Delay = 0.00> <CoreInst = "DSP48">   --->   Core 127 'DSP48' <Latency = 4> <II = 1> <Delay = 0.43> <IPBlock> <Opcode : '' 'add' 'sub' 'mul' 'select'> <InPorts = 0> <OutPorts = 1> <Sync> <CReg>
ST_14 : Operation 1096 [1/1] (0.00ns)   --->   "%specfucore_ln509 = specfucore void @_ssdm_op_SpecFUCore, i42 %packed_product_204, i64 12, i64 3, i64 4" [source/int4_linear_controller.cpp:509->source/int4_linear_controller.cpp:897]   --->   Operation 1096 'specfucore' 'specfucore_ln509' <Predicate = (!icmp_ln457)> <Delay = 0.00>
ST_14 : Operation 1097 [1/1] (0.00ns) (grouped into DSP with root node add_ln510_159)   --->   "%sext_ln490_35 = sext i42 %packed_product_204" [source/int4_linear_controller.cpp:490->source/int4_linear_controller.cpp:897]   --->   Operation 1097 'sext' 'sext_ln490_35' <Predicate = (!icmp_ln457)> <Delay = 0.00>
ST_14 : Operation 1098 [1/5] (1.39ns)   --->   "%packed_product_205 = mul i42 %sext_ln507_142, i42 %conv3_i12_i_8_i" [source/int4_linear_controller.cpp:507->source/int4_linear_controller.cpp:897]   --->   Operation 1098 'mul' 'packed_product_205' <Predicate = (!icmp_ln457)> <Delay = 1.39> <CoreInst = "Mul_DSP">   --->   Core 5 'Mul_DSP' <Latency = 4> <II = 1> <Delay = 2.17> <FuncUnit> <Opcode : 'mul'> <InPorts = 2> <OutPorts = 1>
ST_14 : Operation 1099 [1/1] (0.00ns)   --->   "%specfucore_ln509 = specfucore void @_ssdm_op_SpecFUCore, i42 %packed_product_205, i64 12, i64 3, i64 4" [source/int4_linear_controller.cpp:509->source/int4_linear_controller.cpp:897]   --->   Operation 1099 'specfucore' 'specfucore_ln509' <Predicate = (!icmp_ln457)> <Delay = 0.00>
ST_14 : Operation 1100 [1/1] (0.00ns)   --->   "%sext_ln503_58 = sext i42 %packed_product_205" [source/int4_linear_controller.cpp:503->source/int4_linear_controller.cpp:897]   --->   Operation 1100 'sext' 'sext_ln503_58' <Predicate = (!icmp_ln457)> <Delay = 0.00>
ST_14 : Operation 1101 [1/5] (1.39ns)   --->   "%packed_product_206 = mul i42 %sext_ln507_143, i42 %conv3_i12_i_8_i" [source/int4_linear_controller.cpp:507->source/int4_linear_controller.cpp:897]   --->   Operation 1101 'mul' 'packed_product_206' <Predicate = (!icmp_ln457)> <Delay = 1.39> <CoreInst = "Mul_DSP">   --->   Core 5 'Mul_DSP' <Latency = 4> <II = 1> <Delay = 2.17> <FuncUnit> <Opcode : 'mul'> <InPorts = 2> <OutPorts = 1>
ST_14 : Operation 1102 [1/1] (0.00ns)   --->   "%specfucore_ln509 = specfucore void @_ssdm_op_SpecFUCore, i42 %packed_product_206, i64 12, i64 3, i64 4" [source/int4_linear_controller.cpp:509->source/int4_linear_controller.cpp:897]   --->   Operation 1102 'specfucore' 'specfucore_ln509' <Predicate = (!icmp_ln457)> <Delay = 0.00>
ST_14 : Operation 1103 [1/1] (0.00ns)   --->   "%sext_ln490_58 = sext i42 %packed_product_206" [source/int4_linear_controller.cpp:490->source/int4_linear_controller.cpp:897]   --->   Operation 1103 'sext' 'sext_ln490_58' <Predicate = (!icmp_ln457)> <Delay = 0.00>
ST_14 : Operation 1104 [1/3] (0.00ns) (grouped into DSP with root node add_ln510_129)   --->   "%packed_product_207 = mul i42 %sext_ln507_144, i42 %conv3_i12_i_9_i" [source/int4_linear_controller.cpp:507->source/int4_linear_controller.cpp:897]   --->   Operation 1104 'mul' 'packed_product_207' <Predicate = (!icmp_ln457)> <Delay = 0.00> <CoreInst = "DSP48">   --->   Core 127 'DSP48' <Latency = 4> <II = 1> <Delay = 0.43> <IPBlock> <Opcode : '' 'add' 'sub' 'mul' 'select'> <InPorts = 0> <OutPorts = 1> <Sync> <CReg>
ST_14 : Operation 1105 [1/1] (0.00ns)   --->   "%specfucore_ln509 = specfucore void @_ssdm_op_SpecFUCore, i42 %packed_product_207, i64 12, i64 3, i64 4" [source/int4_linear_controller.cpp:509->source/int4_linear_controller.cpp:897]   --->   Operation 1105 'specfucore' 'specfucore_ln509' <Predicate = (!icmp_ln457)> <Delay = 0.00>
ST_14 : Operation 1106 [1/1] (0.00ns) (grouped into DSP with root node add_ln510_129)   --->   "%sext_ln503_59 = sext i42 %packed_product_207" [source/int4_linear_controller.cpp:503->source/int4_linear_controller.cpp:897]   --->   Operation 1106 'sext' 'sext_ln503_59' <Predicate = (!icmp_ln457)> <Delay = 0.00>
ST_14 : Operation 1107 [1/3] (0.00ns) (grouped into DSP with root node add_ln510_160)   --->   "%packed_product_208 = mul i42 %sext_ln507_145, i42 %conv3_i12_i_9_i" [source/int4_linear_controller.cpp:507->source/int4_linear_controller.cpp:897]   --->   Operation 1107 'mul' 'packed_product_208' <Predicate = (!icmp_ln457)> <Delay = 0.00> <CoreInst = "DSP48">   --->   Core 127 'DSP48' <Latency = 4> <II = 1> <Delay = 0.43> <IPBlock> <Opcode : '' 'add' 'sub' 'mul' 'select'> <InPorts = 0> <OutPorts = 1> <Sync> <CReg>
ST_14 : Operation 1108 [1/1] (0.00ns)   --->   "%specfucore_ln509 = specfucore void @_ssdm_op_SpecFUCore, i42 %packed_product_208, i64 12, i64 3, i64 4" [source/int4_linear_controller.cpp:509->source/int4_linear_controller.cpp:897]   --->   Operation 1108 'specfucore' 'specfucore_ln509' <Predicate = (!icmp_ln457)> <Delay = 0.00>
ST_14 : Operation 1109 [1/1] (0.00ns) (grouped into DSP with root node add_ln510_160)   --->   "%sext_ln490_59 = sext i42 %packed_product_208" [source/int4_linear_controller.cpp:490->source/int4_linear_controller.cpp:897]   --->   Operation 1109 'sext' 'sext_ln490_59' <Predicate = (!icmp_ln457)> <Delay = 0.00>
ST_14 : Operation 1110 [1/2] (0.76ns)   --->   "%packed_weight_245 = add i27 %shl_ln185_179, i27 %sext_ln185_182" [source/int4_linear_controller.cpp:185->source/int4_linear_controller.cpp:507->source/int4_linear_controller.cpp:897]   --->   Operation 1110 'add' 'packed_weight_245' <Predicate = (!icmp_ln457)> <Delay = 0.76> <CoreInst = "Adder">   --->   Core 1 'Adder' <Latency = 1> <II = 1> <Delay = 0.85> <FuncUnit> <Opcode : 'add' 'sub'> <InPorts = 2> <OutPorts = 1>
ST_14 : Operation 1111 [1/1] (0.00ns)   --->   "%specfucore_ln191 = specfucore void @_ssdm_op_SpecFUCore, i27 %packed_weight_245, i64 8, i64 4, i64 1" [source/int4_linear_controller.cpp:191->source/int4_linear_controller.cpp:507->source/int4_linear_controller.cpp:897]   --->   Operation 1111 'specfucore' 'specfucore_ln191' <Predicate = (!icmp_ln457)> <Delay = 0.00>
ST_14 : Operation 1112 [1/1] (0.00ns)   --->   "%sext_ln507_182 = sext i27 %packed_weight_245" [source/int4_linear_controller.cpp:507->source/int4_linear_controller.cpp:897]   --->   Operation 1112 'sext' 'sext_ln507_182' <Predicate = (!icmp_ln457)> <Delay = 0.00>
ST_14 : Operation 1113 [3/3] (0.99ns) (grouped into DSP with root node add_ln510_137)   --->   "%packed_product_245 = mul i42 %sext_ln507_182, i42 %conv3_i12_i_28_i" [source/int4_linear_controller.cpp:507->source/int4_linear_controller.cpp:897]   --->   Operation 1113 'mul' 'packed_product_245' <Predicate = (!icmp_ln457)> <Delay = 0.99> <CoreInst = "DSP48">   --->   Core 127 'DSP48' <Latency = 4> <II = 1> <Delay = 0.43> <IPBlock> <Opcode : '' 'add' 'sub' 'mul' 'select'> <InPorts = 0> <OutPorts = 1> <Sync> <CReg>
ST_14 : Operation 1114 [1/2] (0.76ns)   --->   "%packed_weight_246 = add i27 %shl_ln185_180, i27 %sext_ln185_183" [source/int4_linear_controller.cpp:185->source/int4_linear_controller.cpp:507->source/int4_linear_controller.cpp:897]   --->   Operation 1114 'add' 'packed_weight_246' <Predicate = (!icmp_ln457)> <Delay = 0.76> <CoreInst = "Adder">   --->   Core 1 'Adder' <Latency = 1> <II = 1> <Delay = 0.85> <FuncUnit> <Opcode : 'add' 'sub'> <InPorts = 2> <OutPorts = 1>
ST_14 : Operation 1115 [1/1] (0.00ns)   --->   "%specfucore_ln191 = specfucore void @_ssdm_op_SpecFUCore, i27 %packed_weight_246, i64 8, i64 4, i64 1" [source/int4_linear_controller.cpp:191->source/int4_linear_controller.cpp:507->source/int4_linear_controller.cpp:897]   --->   Operation 1115 'specfucore' 'specfucore_ln191' <Predicate = (!icmp_ln457)> <Delay = 0.00>
ST_14 : Operation 1116 [1/1] (0.00ns)   --->   "%sext_ln507_183 = sext i27 %packed_weight_246" [source/int4_linear_controller.cpp:507->source/int4_linear_controller.cpp:897]   --->   Operation 1116 'sext' 'sext_ln507_183' <Predicate = (!icmp_ln457)> <Delay = 0.00>
ST_14 : Operation 1117 [3/3] (0.99ns) (grouped into DSP with root node add_ln510_168)   --->   "%packed_product_246 = mul i42 %sext_ln507_183, i42 %conv3_i12_i_28_i" [source/int4_linear_controller.cpp:507->source/int4_linear_controller.cpp:897]   --->   Operation 1117 'mul' 'packed_product_246' <Predicate = (!icmp_ln457)> <Delay = 0.99> <CoreInst = "DSP48">   --->   Core 127 'DSP48' <Latency = 4> <II = 1> <Delay = 0.43> <IPBlock> <Opcode : '' 'add' 'sub' 'mul' 'select'> <InPorts = 0> <OutPorts = 1> <Sync> <CReg>
ST_14 : Operation 1118 [1/2] (0.76ns)   --->   "%packed_weight_247 = add i27 %shl_ln185_181, i27 %sext_ln185_184" [source/int4_linear_controller.cpp:185->source/int4_linear_controller.cpp:507->source/int4_linear_controller.cpp:897]   --->   Operation 1118 'add' 'packed_weight_247' <Predicate = (!icmp_ln457)> <Delay = 0.76> <CoreInst = "Adder">   --->   Core 1 'Adder' <Latency = 1> <II = 1> <Delay = 0.85> <FuncUnit> <Opcode : 'add' 'sub'> <InPorts = 2> <OutPorts = 1>
ST_14 : Operation 1119 [1/1] (0.00ns)   --->   "%specfucore_ln191 = specfucore void @_ssdm_op_SpecFUCore, i27 %packed_weight_247, i64 8, i64 4, i64 1" [source/int4_linear_controller.cpp:191->source/int4_linear_controller.cpp:507->source/int4_linear_controller.cpp:897]   --->   Operation 1119 'specfucore' 'specfucore_ln191' <Predicate = (!icmp_ln457)> <Delay = 0.00>
ST_14 : Operation 1120 [1/1] (0.00ns)   --->   "%sext_ln507_184 = sext i27 %packed_weight_247" [source/int4_linear_controller.cpp:507->source/int4_linear_controller.cpp:897]   --->   Operation 1120 'sext' 'sext_ln507_184' <Predicate = (!icmp_ln457)> <Delay = 0.00>
ST_14 : Operation 1121 [3/3] (0.99ns) (grouped into DSP with root node add_ln510_136)   --->   "%packed_product_247 = mul i42 %sext_ln507_184, i42 %conv3_i12_i_29_i" [source/int4_linear_controller.cpp:507->source/int4_linear_controller.cpp:897]   --->   Operation 1121 'mul' 'packed_product_247' <Predicate = (!icmp_ln457)> <Delay = 0.99> <CoreInst = "DSP48">   --->   Core 127 'DSP48' <Latency = 4> <II = 1> <Delay = 0.43> <IPBlock> <Opcode : '' 'add' 'sub' 'mul' 'select'> <InPorts = 0> <OutPorts = 1> <Sync> <CReg>
ST_14 : Operation 1122 [1/2] (0.76ns)   --->   "%packed_weight_248 = add i27 %shl_ln185_182, i27 %sext_ln185_185" [source/int4_linear_controller.cpp:185->source/int4_linear_controller.cpp:507->source/int4_linear_controller.cpp:897]   --->   Operation 1122 'add' 'packed_weight_248' <Predicate = (!icmp_ln457)> <Delay = 0.76> <CoreInst = "Adder">   --->   Core 1 'Adder' <Latency = 1> <II = 1> <Delay = 0.85> <FuncUnit> <Opcode : 'add' 'sub'> <InPorts = 2> <OutPorts = 1>
ST_14 : Operation 1123 [1/1] (0.00ns)   --->   "%specfucore_ln191 = specfucore void @_ssdm_op_SpecFUCore, i27 %packed_weight_248, i64 8, i64 4, i64 1" [source/int4_linear_controller.cpp:191->source/int4_linear_controller.cpp:507->source/int4_linear_controller.cpp:897]   --->   Operation 1123 'specfucore' 'specfucore_ln191' <Predicate = (!icmp_ln457)> <Delay = 0.00>
ST_14 : Operation 1124 [1/1] (0.00ns)   --->   "%sext_ln507_185 = sext i27 %packed_weight_248" [source/int4_linear_controller.cpp:507->source/int4_linear_controller.cpp:897]   --->   Operation 1124 'sext' 'sext_ln507_185' <Predicate = (!icmp_ln457)> <Delay = 0.00>
ST_14 : Operation 1125 [3/3] (0.99ns) (grouped into DSP with root node add_ln510_167)   --->   "%packed_product_248 = mul i42 %sext_ln507_185, i42 %conv3_i12_i_29_i" [source/int4_linear_controller.cpp:507->source/int4_linear_controller.cpp:897]   --->   Operation 1125 'mul' 'packed_product_248' <Predicate = (!icmp_ln457)> <Delay = 0.99> <CoreInst = "DSP48">   --->   Core 127 'DSP48' <Latency = 4> <II = 1> <Delay = 0.43> <IPBlock> <Opcode : '' 'add' 'sub' 'mul' 'select'> <InPorts = 0> <OutPorts = 1> <Sync> <CReg>
ST_14 : Operation 1126 [3/5] (1.39ns)   --->   "%packed_product_249 = mul i42 %sext_ln507_186, i42 %conv3_i12_i_30_i" [source/int4_linear_controller.cpp:507->source/int4_linear_controller.cpp:897]   --->   Operation 1126 'mul' 'packed_product_249' <Predicate = (!icmp_ln457)> <Delay = 1.39> <CoreInst = "Mul_DSP">   --->   Core 5 'Mul_DSP' <Latency = 4> <II = 1> <Delay = 2.17> <FuncUnit> <Opcode : 'mul'> <InPorts = 2> <OutPorts = 1>
ST_14 : Operation 1127 [3/5] (1.39ns)   --->   "%packed_product_250 = mul i42 %sext_ln507_187, i42 %conv3_i12_i_30_i" [source/int4_linear_controller.cpp:507->source/int4_linear_controller.cpp:897]   --->   Operation 1127 'mul' 'packed_product_250' <Predicate = (!icmp_ln457)> <Delay = 1.39> <CoreInst = "Mul_DSP">   --->   Core 5 'Mul_DSP' <Latency = 4> <II = 1> <Delay = 2.17> <FuncUnit> <Opcode : 'mul'> <InPorts = 2> <OutPorts = 1>
ST_14 : Operation 1128 [1/3] (0.41ns) (root node of the DSP)   --->   "%add_ln510_124 = add i44 %sext_ln510_85, i44 %sext_ln503_31" [source/int4_linear_controller.cpp:510->source/int4_linear_controller.cpp:897]   --->   Operation 1128 'add' 'add_ln510_124' <Predicate = (!icmp_ln457)> <Delay = 0.41> <CoreInst = "DSP48">   --->   Core 127 'DSP48' <Latency = 4> <II = 1> <Delay = 0.43> <IPBlock> <Opcode : '' 'add' 'sub' 'mul' 'select'> <InPorts = 0> <OutPorts = 1> <Sync> <CReg>
ST_14 : Operation 1129 [1/1] (0.00ns)   --->   "%sext_ln510_86 = sext i43 %add_ln510_126" [source/int4_linear_controller.cpp:510->source/int4_linear_controller.cpp:897]   --->   Operation 1129 'sext' 'sext_ln510_86' <Predicate = (!icmp_ln457)> <Delay = 0.00>
ST_14 : Operation 1130 [1/1] (0.96ns)   --->   "%add_ln510_127 = add i44 %sext_ln510_86, i44 %add_ln510_124" [source/int4_linear_controller.cpp:510->source/int4_linear_controller.cpp:897]   --->   Operation 1130 'add' 'add_ln510_127' <Predicate = (!icmp_ln457)> <Delay = 0.96> <CoreInst = "Adder">   --->   Core 1 'Adder' <Latency = 0> <II = 1> <Delay = 0.96> <FuncUnit> <Opcode : 'add' 'sub'> <InPorts = 2> <OutPorts = 1>
ST_14 : Operation 1131 [1/1] (0.00ns)   --->   "%sext_ln510_87 = sext i44 %add_ln510_127" [source/int4_linear_controller.cpp:510->source/int4_linear_controller.cpp:897]   --->   Operation 1131 'sext' 'sext_ln510_87' <Predicate = (!icmp_ln457)> <Delay = 0.00>
ST_14 : Operation 1132 [3/3] (0.41ns) (root node of the DSP)   --->   "%add_ln510_128 = add i45 %sext_ln510_87, i45 %sext_ln503_35" [source/int4_linear_controller.cpp:510->source/int4_linear_controller.cpp:897]   --->   Operation 1132 'add' 'add_ln510_128' <Predicate = (!icmp_ln457)> <Delay = 0.41> <CoreInst = "DSP48">   --->   Core 127 'DSP48' <Latency = 4> <II = 1> <Delay = 0.43> <IPBlock> <Opcode : '' 'add' 'sub' 'mul' 'select'> <InPorts = 0> <OutPorts = 1> <Sync> <CReg>
ST_14 : Operation 1133 [3/3] (0.41ns) (root node of the DSP)   --->   "%add_ln510_129 = add i43 %sext_ln503_58, i43 %sext_ln503_59" [source/int4_linear_controller.cpp:510->source/int4_linear_controller.cpp:897]   --->   Operation 1133 'add' 'add_ln510_129' <Predicate = (!icmp_ln457)> <Delay = 0.41> <CoreInst = "DSP48">   --->   Core 127 'DSP48' <Latency = 4> <II = 1> <Delay = 0.43> <IPBlock> <Opcode : '' 'add' 'sub' 'mul' 'select'> <InPorts = 0> <OutPorts = 1> <Sync> <CReg>
ST_14 : Operation 1134 [1/3] (0.41ns) (root node of the DSP)   --->   "%add_ln510_155 = add i44 %sext_ln510_105, i44 %sext_ln490_31" [source/int4_linear_controller.cpp:510->source/int4_linear_controller.cpp:897]   --->   Operation 1134 'add' 'add_ln510_155' <Predicate = (!icmp_ln457)> <Delay = 0.41> <CoreInst = "DSP48">   --->   Core 127 'DSP48' <Latency = 4> <II = 1> <Delay = 0.43> <IPBlock> <Opcode : '' 'add' 'sub' 'mul' 'select'> <InPorts = 0> <OutPorts = 1> <Sync> <CReg>
ST_14 : Operation 1135 [1/1] (0.00ns)   --->   "%sext_ln510_106 = sext i43 %add_ln510_157" [source/int4_linear_controller.cpp:510->source/int4_linear_controller.cpp:897]   --->   Operation 1135 'sext' 'sext_ln510_106' <Predicate = (!icmp_ln457)> <Delay = 0.00>
ST_14 : Operation 1136 [1/1] (0.96ns)   --->   "%add_ln510_158 = add i44 %sext_ln510_106, i44 %add_ln510_155" [source/int4_linear_controller.cpp:510->source/int4_linear_controller.cpp:897]   --->   Operation 1136 'add' 'add_ln510_158' <Predicate = (!icmp_ln457)> <Delay = 0.96> <CoreInst = "Adder">   --->   Core 1 'Adder' <Latency = 0> <II = 1> <Delay = 0.96> <FuncUnit> <Opcode : 'add' 'sub'> <InPorts = 2> <OutPorts = 1>
ST_14 : Operation 1137 [1/1] (0.00ns)   --->   "%sext_ln510_107 = sext i44 %add_ln510_158" [source/int4_linear_controller.cpp:510->source/int4_linear_controller.cpp:897]   --->   Operation 1137 'sext' 'sext_ln510_107' <Predicate = (!icmp_ln457)> <Delay = 0.00>
ST_14 : Operation 1138 [3/3] (0.41ns) (root node of the DSP)   --->   "%add_ln510_159 = add i45 %sext_ln510_107, i45 %sext_ln490_35" [source/int4_linear_controller.cpp:510->source/int4_linear_controller.cpp:897]   --->   Operation 1138 'add' 'add_ln510_159' <Predicate = (!icmp_ln457)> <Delay = 0.41> <CoreInst = "DSP48">   --->   Core 127 'DSP48' <Latency = 4> <II = 1> <Delay = 0.43> <IPBlock> <Opcode : '' 'add' 'sub' 'mul' 'select'> <InPorts = 0> <OutPorts = 1> <Sync> <CReg>
ST_14 : Operation 1139 [3/3] (0.41ns) (root node of the DSP)   --->   "%add_ln510_160 = add i43 %sext_ln490_58, i43 %sext_ln490_59" [source/int4_linear_controller.cpp:510->source/int4_linear_controller.cpp:897]   --->   Operation 1139 'add' 'add_ln510_160' <Predicate = (!icmp_ln457)> <Delay = 0.41> <CoreInst = "DSP48">   --->   Core 127 'DSP48' <Latency = 4> <II = 1> <Delay = 0.43> <IPBlock> <Opcode : '' 'add' 'sub' 'mul' 'select'> <InPorts = 0> <OutPorts = 1> <Sync> <CReg>

State 15 <SV = 14> <Delay = 1.39>
ST_15 : Operation 1140 [2/3] (0.99ns) (grouped into DSP with root node add_ln510_137)   --->   "%packed_product_245 = mul i42 %sext_ln507_182, i42 %conv3_i12_i_28_i" [source/int4_linear_controller.cpp:507->source/int4_linear_controller.cpp:897]   --->   Operation 1140 'mul' 'packed_product_245' <Predicate = (!icmp_ln457)> <Delay = 0.99> <CoreInst = "DSP48">   --->   Core 127 'DSP48' <Latency = 4> <II = 1> <Delay = 0.43> <IPBlock> <Opcode : '' 'add' 'sub' 'mul' 'select'> <InPorts = 0> <OutPorts = 1> <Sync> <CReg>
ST_15 : Operation 1141 [2/3] (0.99ns) (grouped into DSP with root node add_ln510_168)   --->   "%packed_product_246 = mul i42 %sext_ln507_183, i42 %conv3_i12_i_28_i" [source/int4_linear_controller.cpp:507->source/int4_linear_controller.cpp:897]   --->   Operation 1141 'mul' 'packed_product_246' <Predicate = (!icmp_ln457)> <Delay = 0.99> <CoreInst = "DSP48">   --->   Core 127 'DSP48' <Latency = 4> <II = 1> <Delay = 0.43> <IPBlock> <Opcode : '' 'add' 'sub' 'mul' 'select'> <InPorts = 0> <OutPorts = 1> <Sync> <CReg>
ST_15 : Operation 1142 [2/3] (0.99ns) (grouped into DSP with root node add_ln510_136)   --->   "%packed_product_247 = mul i42 %sext_ln507_184, i42 %conv3_i12_i_29_i" [source/int4_linear_controller.cpp:507->source/int4_linear_controller.cpp:897]   --->   Operation 1142 'mul' 'packed_product_247' <Predicate = (!icmp_ln457)> <Delay = 0.99> <CoreInst = "DSP48">   --->   Core 127 'DSP48' <Latency = 4> <II = 1> <Delay = 0.43> <IPBlock> <Opcode : '' 'add' 'sub' 'mul' 'select'> <InPorts = 0> <OutPorts = 1> <Sync> <CReg>
ST_15 : Operation 1143 [2/3] (0.99ns) (grouped into DSP with root node add_ln510_167)   --->   "%packed_product_248 = mul i42 %sext_ln507_185, i42 %conv3_i12_i_29_i" [source/int4_linear_controller.cpp:507->source/int4_linear_controller.cpp:897]   --->   Operation 1143 'mul' 'packed_product_248' <Predicate = (!icmp_ln457)> <Delay = 0.99> <CoreInst = "DSP48">   --->   Core 127 'DSP48' <Latency = 4> <II = 1> <Delay = 0.43> <IPBlock> <Opcode : '' 'add' 'sub' 'mul' 'select'> <InPorts = 0> <OutPorts = 1> <Sync> <CReg>
ST_15 : Operation 1144 [2/5] (1.39ns)   --->   "%packed_product_249 = mul i42 %sext_ln507_186, i42 %conv3_i12_i_30_i" [source/int4_linear_controller.cpp:507->source/int4_linear_controller.cpp:897]   --->   Operation 1144 'mul' 'packed_product_249' <Predicate = (!icmp_ln457)> <Delay = 1.39> <CoreInst = "Mul_DSP">   --->   Core 5 'Mul_DSP' <Latency = 4> <II = 1> <Delay = 2.17> <FuncUnit> <Opcode : 'mul'> <InPorts = 2> <OutPorts = 1>
ST_15 : Operation 1145 [2/5] (1.39ns)   --->   "%packed_product_250 = mul i42 %sext_ln507_187, i42 %conv3_i12_i_30_i" [source/int4_linear_controller.cpp:507->source/int4_linear_controller.cpp:897]   --->   Operation 1145 'mul' 'packed_product_250' <Predicate = (!icmp_ln457)> <Delay = 1.39> <CoreInst = "Mul_DSP">   --->   Core 5 'Mul_DSP' <Latency = 4> <II = 1> <Delay = 2.17> <FuncUnit> <Opcode : 'mul'> <InPorts = 2> <OutPorts = 1>
ST_15 : Operation 1146 [2/3] (0.41ns) (root node of the DSP)   --->   "%add_ln510_128 = add i45 %sext_ln510_87, i45 %sext_ln503_35" [source/int4_linear_controller.cpp:510->source/int4_linear_controller.cpp:897]   --->   Operation 1146 'add' 'add_ln510_128' <Predicate = (!icmp_ln457)> <Delay = 0.41> <CoreInst = "DSP48">   --->   Core 127 'DSP48' <Latency = 4> <II = 1> <Delay = 0.43> <IPBlock> <Opcode : '' 'add' 'sub' 'mul' 'select'> <InPorts = 0> <OutPorts = 1> <Sync> <CReg>
ST_15 : Operation 1147 [2/3] (0.41ns) (root node of the DSP)   --->   "%add_ln510_129 = add i43 %sext_ln503_58, i43 %sext_ln503_59" [source/int4_linear_controller.cpp:510->source/int4_linear_controller.cpp:897]   --->   Operation 1147 'add' 'add_ln510_129' <Predicate = (!icmp_ln457)> <Delay = 0.41> <CoreInst = "DSP48">   --->   Core 127 'DSP48' <Latency = 4> <II = 1> <Delay = 0.43> <IPBlock> <Opcode : '' 'add' 'sub' 'mul' 'select'> <InPorts = 0> <OutPorts = 1> <Sync> <CReg>
ST_15 : Operation 1148 [2/3] (0.41ns) (root node of the DSP)   --->   "%add_ln510_159 = add i45 %sext_ln510_107, i45 %sext_ln490_35" [source/int4_linear_controller.cpp:510->source/int4_linear_controller.cpp:897]   --->   Operation 1148 'add' 'add_ln510_159' <Predicate = (!icmp_ln457)> <Delay = 0.41> <CoreInst = "DSP48">   --->   Core 127 'DSP48' <Latency = 4> <II = 1> <Delay = 0.43> <IPBlock> <Opcode : '' 'add' 'sub' 'mul' 'select'> <InPorts = 0> <OutPorts = 1> <Sync> <CReg>
ST_15 : Operation 1149 [2/3] (0.41ns) (root node of the DSP)   --->   "%add_ln510_160 = add i43 %sext_ln490_58, i43 %sext_ln490_59" [source/int4_linear_controller.cpp:510->source/int4_linear_controller.cpp:897]   --->   Operation 1149 'add' 'add_ln510_160' <Predicate = (!icmp_ln457)> <Delay = 0.41> <CoreInst = "DSP48">   --->   Core 127 'DSP48' <Latency = 4> <II = 1> <Delay = 0.43> <IPBlock> <Opcode : '' 'add' 'sub' 'mul' 'select'> <InPorts = 0> <OutPorts = 1> <Sync> <CReg>

State 16 <SV = 15> <Delay = 1.81>
ST_16 : Operation 1150 [1/3] (0.00ns) (grouped into DSP with root node add_ln510_137)   --->   "%packed_product_245 = mul i42 %sext_ln507_182, i42 %conv3_i12_i_28_i" [source/int4_linear_controller.cpp:507->source/int4_linear_controller.cpp:897]   --->   Operation 1150 'mul' 'packed_product_245' <Predicate = (!icmp_ln457)> <Delay = 0.00> <CoreInst = "DSP48">   --->   Core 127 'DSP48' <Latency = 4> <II = 1> <Delay = 0.43> <IPBlock> <Opcode : '' 'add' 'sub' 'mul' 'select'> <InPorts = 0> <OutPorts = 1> <Sync> <CReg>
ST_16 : Operation 1151 [1/1] (0.00ns)   --->   "%specfucore_ln509 = specfucore void @_ssdm_op_SpecFUCore, i42 %packed_product_245, i64 12, i64 3, i64 4" [source/int4_linear_controller.cpp:509->source/int4_linear_controller.cpp:897]   --->   Operation 1151 'specfucore' 'specfucore_ln509' <Predicate = (!icmp_ln457)> <Delay = 0.00>
ST_16 : Operation 1152 [1/1] (0.00ns) (grouped into DSP with root node add_ln510_137)   --->   "%sext_ln503_78 = sext i42 %packed_product_245" [source/int4_linear_controller.cpp:503->source/int4_linear_controller.cpp:897]   --->   Operation 1152 'sext' 'sext_ln503_78' <Predicate = (!icmp_ln457)> <Delay = 0.00>
ST_16 : Operation 1153 [1/3] (0.00ns) (grouped into DSP with root node add_ln510_168)   --->   "%packed_product_246 = mul i42 %sext_ln507_183, i42 %conv3_i12_i_28_i" [source/int4_linear_controller.cpp:507->source/int4_linear_controller.cpp:897]   --->   Operation 1153 'mul' 'packed_product_246' <Predicate = (!icmp_ln457)> <Delay = 0.00> <CoreInst = "DSP48">   --->   Core 127 'DSP48' <Latency = 4> <II = 1> <Delay = 0.43> <IPBlock> <Opcode : '' 'add' 'sub' 'mul' 'select'> <InPorts = 0> <OutPorts = 1> <Sync> <CReg>
ST_16 : Operation 1154 [1/1] (0.00ns)   --->   "%specfucore_ln509 = specfucore void @_ssdm_op_SpecFUCore, i42 %packed_product_246, i64 12, i64 3, i64 4" [source/int4_linear_controller.cpp:509->source/int4_linear_controller.cpp:897]   --->   Operation 1154 'specfucore' 'specfucore_ln509' <Predicate = (!icmp_ln457)> <Delay = 0.00>
ST_16 : Operation 1155 [1/1] (0.00ns) (grouped into DSP with root node add_ln510_168)   --->   "%sext_ln490_78 = sext i42 %packed_product_246" [source/int4_linear_controller.cpp:490->source/int4_linear_controller.cpp:897]   --->   Operation 1155 'sext' 'sext_ln490_78' <Predicate = (!icmp_ln457)> <Delay = 0.00>
ST_16 : Operation 1156 [1/3] (0.00ns) (grouped into DSP with root node add_ln510_136)   --->   "%packed_product_247 = mul i42 %sext_ln507_184, i42 %conv3_i12_i_29_i" [source/int4_linear_controller.cpp:507->source/int4_linear_controller.cpp:897]   --->   Operation 1156 'mul' 'packed_product_247' <Predicate = (!icmp_ln457)> <Delay = 0.00> <CoreInst = "DSP48">   --->   Core 127 'DSP48' <Latency = 4> <II = 1> <Delay = 0.43> <IPBlock> <Opcode : '' 'add' 'sub' 'mul' 'select'> <InPorts = 0> <OutPorts = 1> <Sync> <CReg>
ST_16 : Operation 1157 [1/1] (0.00ns)   --->   "%specfucore_ln509 = specfucore void @_ssdm_op_SpecFUCore, i42 %packed_product_247, i64 12, i64 3, i64 4" [source/int4_linear_controller.cpp:509->source/int4_linear_controller.cpp:897]   --->   Operation 1157 'specfucore' 'specfucore_ln509' <Predicate = (!icmp_ln457)> <Delay = 0.00>
ST_16 : Operation 1158 [1/1] (0.00ns) (grouped into DSP with root node add_ln510_136)   --->   "%sext_ln510 = sext i42 %packed_product_247" [source/int4_linear_controller.cpp:510->source/int4_linear_controller.cpp:897]   --->   Operation 1158 'sext' 'sext_ln510' <Predicate = (!icmp_ln457)> <Delay = 0.00>
ST_16 : Operation 1159 [1/3] (0.00ns) (grouped into DSP with root node add_ln510_167)   --->   "%packed_product_248 = mul i42 %sext_ln507_185, i42 %conv3_i12_i_29_i" [source/int4_linear_controller.cpp:507->source/int4_linear_controller.cpp:897]   --->   Operation 1159 'mul' 'packed_product_248' <Predicate = (!icmp_ln457)> <Delay = 0.00> <CoreInst = "DSP48">   --->   Core 127 'DSP48' <Latency = 4> <II = 1> <Delay = 0.43> <IPBlock> <Opcode : '' 'add' 'sub' 'mul' 'select'> <InPorts = 0> <OutPorts = 1> <Sync> <CReg>
ST_16 : Operation 1160 [1/1] (0.00ns)   --->   "%specfucore_ln509 = specfucore void @_ssdm_op_SpecFUCore, i42 %packed_product_248, i64 12, i64 3, i64 4" [source/int4_linear_controller.cpp:509->source/int4_linear_controller.cpp:897]   --->   Operation 1160 'specfucore' 'specfucore_ln509' <Predicate = (!icmp_ln457)> <Delay = 0.00>
ST_16 : Operation 1161 [1/1] (0.00ns) (grouped into DSP with root node add_ln510_167)   --->   "%sext_ln510_83 = sext i42 %packed_product_248" [source/int4_linear_controller.cpp:510->source/int4_linear_controller.cpp:897]   --->   Operation 1161 'sext' 'sext_ln510_83' <Predicate = (!icmp_ln457)> <Delay = 0.00>
ST_16 : Operation 1162 [1/5] (1.39ns)   --->   "%packed_product_249 = mul i42 %sext_ln507_186, i42 %conv3_i12_i_30_i" [source/int4_linear_controller.cpp:507->source/int4_linear_controller.cpp:897]   --->   Operation 1162 'mul' 'packed_product_249' <Predicate = (!icmp_ln457)> <Delay = 1.39> <CoreInst = "Mul_DSP">   --->   Core 5 'Mul_DSP' <Latency = 4> <II = 1> <Delay = 2.17> <FuncUnit> <Opcode : 'mul'> <InPorts = 2> <OutPorts = 1>
ST_16 : Operation 1163 [1/1] (0.00ns)   --->   "%specfucore_ln509 = specfucore void @_ssdm_op_SpecFUCore, i42 %packed_product_249, i64 12, i64 3, i64 4" [source/int4_linear_controller.cpp:509->source/int4_linear_controller.cpp:897]   --->   Operation 1163 'specfucore' 'specfucore_ln509' <Predicate = (!icmp_ln457)> <Delay = 0.00>
ST_16 : Operation 1164 [1/1] (0.00ns)   --->   "%sext_ln503_79 = sext i42 %packed_product_249" [source/int4_linear_controller.cpp:503->source/int4_linear_controller.cpp:897]   --->   Operation 1164 'sext' 'sext_ln503_79' <Predicate = (!icmp_ln457)> <Delay = 0.00>
ST_16 : Operation 1165 [1/5] (1.39ns)   --->   "%packed_product_250 = mul i42 %sext_ln507_187, i42 %conv3_i12_i_30_i" [source/int4_linear_controller.cpp:507->source/int4_linear_controller.cpp:897]   --->   Operation 1165 'mul' 'packed_product_250' <Predicate = (!icmp_ln457)> <Delay = 1.39> <CoreInst = "Mul_DSP">   --->   Core 5 'Mul_DSP' <Latency = 4> <II = 1> <Delay = 2.17> <FuncUnit> <Opcode : 'mul'> <InPorts = 2> <OutPorts = 1>
ST_16 : Operation 1166 [1/1] (0.00ns)   --->   "%specfucore_ln509 = specfucore void @_ssdm_op_SpecFUCore, i42 %packed_product_250, i64 12, i64 3, i64 4" [source/int4_linear_controller.cpp:509->source/int4_linear_controller.cpp:897]   --->   Operation 1166 'specfucore' 'specfucore_ln509' <Predicate = (!icmp_ln457)> <Delay = 0.00>
ST_16 : Operation 1167 [1/1] (0.00ns)   --->   "%sext_ln490_79 = sext i42 %packed_product_250" [source/int4_linear_controller.cpp:490->source/int4_linear_controller.cpp:897]   --->   Operation 1167 'sext' 'sext_ln490_79' <Predicate = (!icmp_ln457)> <Delay = 0.00>
ST_16 : Operation 1168 [1/3] (0.41ns) (root node of the DSP)   --->   "%add_ln510_128 = add i45 %sext_ln510_87, i45 %sext_ln503_35" [source/int4_linear_controller.cpp:510->source/int4_linear_controller.cpp:897]   --->   Operation 1168 'add' 'add_ln510_128' <Predicate = (!icmp_ln457)> <Delay = 0.41> <CoreInst = "DSP48">   --->   Core 127 'DSP48' <Latency = 4> <II = 1> <Delay = 0.43> <IPBlock> <Opcode : '' 'add' 'sub' 'mul' 'select'> <InPorts = 0> <OutPorts = 1> <Sync> <CReg>
ST_16 : Operation 1169 [1/3] (0.41ns) (root node of the DSP)   --->   "%add_ln510_129 = add i43 %sext_ln503_58, i43 %sext_ln503_59" [source/int4_linear_controller.cpp:510->source/int4_linear_controller.cpp:897]   --->   Operation 1169 'add' 'add_ln510_129' <Predicate = (!icmp_ln457)> <Delay = 0.41> <CoreInst = "DSP48">   --->   Core 127 'DSP48' <Latency = 4> <II = 1> <Delay = 0.43> <IPBlock> <Opcode : '' 'add' 'sub' 'mul' 'select'> <InPorts = 0> <OutPorts = 1> <Sync> <CReg>
ST_16 : Operation 1170 [1/1] (0.00ns)   --->   "%sext_ln510_88 = sext i43 %add_ln510_129" [source/int4_linear_controller.cpp:510->source/int4_linear_controller.cpp:897]   --->   Operation 1170 'sext' 'sext_ln510_88' <Predicate = (!icmp_ln457)> <Delay = 0.00>
ST_16 : Operation 1171 [1/1] (0.00ns) (grouped into TernaryAdder)   --->   "%add_ln510_130 = add i45 %sext_ln510_88, i45 %add_ln510_128" [source/int4_linear_controller.cpp:510->source/int4_linear_controller.cpp:897]   --->   Operation 1171 'add' 'add_ln510_130' <Predicate = (!icmp_ln457)> <Delay = 0.00> <CoreInst = "TAddSub">   --->   Core 10 'TAddSub' <Latency = 0> <II = 1> <Delay = 0.38> <IPBlock> <Opcode : '' 'add' 'sub'> <InPorts = 3> <OutPorts = 1> <Sync> <CReg>
ST_16 : Operation 1172 [1/1] (0.00ns)   --->   "%sext_ln510_91 = sext i44 %add_ln510_134" [source/int4_linear_controller.cpp:510->source/int4_linear_controller.cpp:897]   --->   Operation 1172 'sext' 'sext_ln510_91' <Predicate = (!icmp_ln457)> <Delay = 0.00>
ST_16 : Operation 1173 [1/1] (0.77ns) (root node of TernaryAdder)   --->   "%add_ln510_135 = add i45 %sext_ln510_91, i45 %add_ln510_130" [source/int4_linear_controller.cpp:510->source/int4_linear_controller.cpp:897]   --->   Operation 1173 'add' 'add_ln510_135' <Predicate = (!icmp_ln457)> <Delay = 0.77> <CoreInst = "TAddSub">   --->   Core 10 'TAddSub' <Latency = 0> <II = 1> <Delay = 0.38> <IPBlock> <Opcode : '' 'add' 'sub'> <InPorts = 3> <OutPorts = 1> <Sync> <CReg>
ST_16 : Operation 1174 [1/1] (0.00ns)   --->   "%sext_ln510_92 = sext i45 %add_ln510_135" [source/int4_linear_controller.cpp:510->source/int4_linear_controller.cpp:897]   --->   Operation 1174 'sext' 'sext_ln510_92' <Predicate = (!icmp_ln457)> <Delay = 0.00>
ST_16 : Operation 1175 [3/3] (0.41ns) (root node of the DSP)   --->   "%add_ln510_136 = add i46 %sext_ln510_92, i46 %sext_ln510" [source/int4_linear_controller.cpp:510->source/int4_linear_controller.cpp:897]   --->   Operation 1175 'add' 'add_ln510_136' <Predicate = (!icmp_ln457)> <Delay = 0.41> <CoreInst = "DSP48">   --->   Core 127 'DSP48' <Latency = 4> <II = 1> <Delay = 0.43> <IPBlock> <Opcode : '' 'add' 'sub' 'mul' 'select'> <InPorts = 0> <OutPorts = 1> <Sync> <CReg>
ST_16 : Operation 1176 [3/3] (0.41ns) (root node of the DSP)   --->   "%add_ln510_137 = add i43 %sext_ln503_79, i43 %sext_ln503_78" [source/int4_linear_controller.cpp:510->source/int4_linear_controller.cpp:897]   --->   Operation 1176 'add' 'add_ln510_137' <Predicate = (!icmp_ln457)> <Delay = 0.41> <CoreInst = "DSP48">   --->   Core 127 'DSP48' <Latency = 4> <II = 1> <Delay = 0.43> <IPBlock> <Opcode : '' 'add' 'sub' 'mul' 'select'> <InPorts = 0> <OutPorts = 1> <Sync> <CReg>
ST_16 : Operation 1177 [1/3] (0.41ns) (root node of the DSP)   --->   "%add_ln510_159 = add i45 %sext_ln510_107, i45 %sext_ln490_35" [source/int4_linear_controller.cpp:510->source/int4_linear_controller.cpp:897]   --->   Operation 1177 'add' 'add_ln510_159' <Predicate = (!icmp_ln457)> <Delay = 0.41> <CoreInst = "DSP48">   --->   Core 127 'DSP48' <Latency = 4> <II = 1> <Delay = 0.43> <IPBlock> <Opcode : '' 'add' 'sub' 'mul' 'select'> <InPorts = 0> <OutPorts = 1> <Sync> <CReg>
ST_16 : Operation 1178 [1/3] (0.41ns) (root node of the DSP)   --->   "%add_ln510_160 = add i43 %sext_ln490_58, i43 %sext_ln490_59" [source/int4_linear_controller.cpp:510->source/int4_linear_controller.cpp:897]   --->   Operation 1178 'add' 'add_ln510_160' <Predicate = (!icmp_ln457)> <Delay = 0.41> <CoreInst = "DSP48">   --->   Core 127 'DSP48' <Latency = 4> <II = 1> <Delay = 0.43> <IPBlock> <Opcode : '' 'add' 'sub' 'mul' 'select'> <InPorts = 0> <OutPorts = 1> <Sync> <CReg>
ST_16 : Operation 1179 [1/1] (0.00ns)   --->   "%sext_ln510_108 = sext i43 %add_ln510_160" [source/int4_linear_controller.cpp:510->source/int4_linear_controller.cpp:897]   --->   Operation 1179 'sext' 'sext_ln510_108' <Predicate = (!icmp_ln457)> <Delay = 0.00>
ST_16 : Operation 1180 [1/1] (0.00ns) (grouped into TernaryAdder)   --->   "%add_ln510_161 = add i45 %sext_ln510_108, i45 %add_ln510_159" [source/int4_linear_controller.cpp:510->source/int4_linear_controller.cpp:897]   --->   Operation 1180 'add' 'add_ln510_161' <Predicate = (!icmp_ln457)> <Delay = 0.00> <CoreInst = "TAddSub">   --->   Core 10 'TAddSub' <Latency = 0> <II = 1> <Delay = 0.38> <IPBlock> <Opcode : '' 'add' 'sub'> <InPorts = 3> <OutPorts = 1> <Sync> <CReg>
ST_16 : Operation 1181 [1/1] (0.00ns)   --->   "%sext_ln510_111 = sext i44 %add_ln510_165" [source/int4_linear_controller.cpp:510->source/int4_linear_controller.cpp:897]   --->   Operation 1181 'sext' 'sext_ln510_111' <Predicate = (!icmp_ln457)> <Delay = 0.00>
ST_16 : Operation 1182 [1/1] (0.77ns) (root node of TernaryAdder)   --->   "%add_ln510_166 = add i45 %sext_ln510_111, i45 %add_ln510_161" [source/int4_linear_controller.cpp:510->source/int4_linear_controller.cpp:897]   --->   Operation 1182 'add' 'add_ln510_166' <Predicate = (!icmp_ln457)> <Delay = 0.77> <CoreInst = "TAddSub">   --->   Core 10 'TAddSub' <Latency = 0> <II = 1> <Delay = 0.38> <IPBlock> <Opcode : '' 'add' 'sub'> <InPorts = 3> <OutPorts = 1> <Sync> <CReg>
ST_16 : Operation 1183 [1/1] (0.00ns)   --->   "%sext_ln510_112 = sext i45 %add_ln510_166" [source/int4_linear_controller.cpp:510->source/int4_linear_controller.cpp:897]   --->   Operation 1183 'sext' 'sext_ln510_112' <Predicate = (!icmp_ln457)> <Delay = 0.00>
ST_16 : Operation 1184 [3/3] (0.41ns) (root node of the DSP)   --->   "%add_ln510_167 = add i46 %sext_ln510_112, i46 %sext_ln510_83" [source/int4_linear_controller.cpp:510->source/int4_linear_controller.cpp:897]   --->   Operation 1184 'add' 'add_ln510_167' <Predicate = (!icmp_ln457)> <Delay = 0.41> <CoreInst = "DSP48">   --->   Core 127 'DSP48' <Latency = 4> <II = 1> <Delay = 0.43> <IPBlock> <Opcode : '' 'add' 'sub' 'mul' 'select'> <InPorts = 0> <OutPorts = 1> <Sync> <CReg>
ST_16 : Operation 1185 [3/3] (0.41ns) (root node of the DSP)   --->   "%add_ln510_168 = add i43 %sext_ln490_79, i43 %sext_ln490_78" [source/int4_linear_controller.cpp:510->source/int4_linear_controller.cpp:897]   --->   Operation 1185 'add' 'add_ln510_168' <Predicate = (!icmp_ln457)> <Delay = 0.41> <CoreInst = "DSP48">   --->   Core 127 'DSP48' <Latency = 4> <II = 1> <Delay = 0.43> <IPBlock> <Opcode : '' 'add' 'sub' 'mul' 'select'> <InPorts = 0> <OutPorts = 1> <Sync> <CReg>

State 17 <SV = 16> <Delay = 0.41>
ST_17 : Operation 1186 [2/3] (0.41ns) (root node of the DSP)   --->   "%add_ln510_136 = add i46 %sext_ln510_92, i46 %sext_ln510" [source/int4_linear_controller.cpp:510->source/int4_linear_controller.cpp:897]   --->   Operation 1186 'add' 'add_ln510_136' <Predicate = (!icmp_ln457)> <Delay = 0.41> <CoreInst = "DSP48">   --->   Core 127 'DSP48' <Latency = 4> <II = 1> <Delay = 0.43> <IPBlock> <Opcode : '' 'add' 'sub' 'mul' 'select'> <InPorts = 0> <OutPorts = 1> <Sync> <CReg>
ST_17 : Operation 1187 [2/3] (0.41ns) (root node of the DSP)   --->   "%add_ln510_137 = add i43 %sext_ln503_79, i43 %sext_ln503_78" [source/int4_linear_controller.cpp:510->source/int4_linear_controller.cpp:897]   --->   Operation 1187 'add' 'add_ln510_137' <Predicate = (!icmp_ln457)> <Delay = 0.41> <CoreInst = "DSP48">   --->   Core 127 'DSP48' <Latency = 4> <II = 1> <Delay = 0.43> <IPBlock> <Opcode : '' 'add' 'sub' 'mul' 'select'> <InPorts = 0> <OutPorts = 1> <Sync> <CReg>
ST_17 : Operation 1188 [2/3] (0.41ns) (root node of the DSP)   --->   "%add_ln510_167 = add i46 %sext_ln510_112, i46 %sext_ln510_83" [source/int4_linear_controller.cpp:510->source/int4_linear_controller.cpp:897]   --->   Operation 1188 'add' 'add_ln510_167' <Predicate = (!icmp_ln457)> <Delay = 0.41> <CoreInst = "DSP48">   --->   Core 127 'DSP48' <Latency = 4> <II = 1> <Delay = 0.43> <IPBlock> <Opcode : '' 'add' 'sub' 'mul' 'select'> <InPorts = 0> <OutPorts = 1> <Sync> <CReg>
ST_17 : Operation 1189 [2/3] (0.41ns) (root node of the DSP)   --->   "%add_ln510_168 = add i43 %sext_ln490_79, i43 %sext_ln490_78" [source/int4_linear_controller.cpp:510->source/int4_linear_controller.cpp:897]   --->   Operation 1189 'add' 'add_ln510_168' <Predicate = (!icmp_ln457)> <Delay = 0.41> <CoreInst = "DSP48">   --->   Core 127 'DSP48' <Latency = 4> <II = 1> <Delay = 0.43> <IPBlock> <Opcode : '' 'add' 'sub' 'mul' 'select'> <InPorts = 0> <OutPorts = 1> <Sync> <CReg>

State 18 <SV = 17> <Delay = 2.15>
ST_18 : Operation 1190 [1/3] (0.41ns) (root node of the DSP)   --->   "%add_ln510_136 = add i46 %sext_ln510_92, i46 %sext_ln510" [source/int4_linear_controller.cpp:510->source/int4_linear_controller.cpp:897]   --->   Operation 1190 'add' 'add_ln510_136' <Predicate = (!icmp_ln457)> <Delay = 0.41> <CoreInst = "DSP48">   --->   Core 127 'DSP48' <Latency = 4> <II = 1> <Delay = 0.43> <IPBlock> <Opcode : '' 'add' 'sub' 'mul' 'select'> <InPorts = 0> <OutPorts = 1> <Sync> <CReg>
ST_18 : Operation 1191 [1/3] (0.41ns) (root node of the DSP)   --->   "%add_ln510_137 = add i43 %sext_ln503_79, i43 %sext_ln503_78" [source/int4_linear_controller.cpp:510->source/int4_linear_controller.cpp:897]   --->   Operation 1191 'add' 'add_ln510_137' <Predicate = (!icmp_ln457)> <Delay = 0.41> <CoreInst = "DSP48">   --->   Core 127 'DSP48' <Latency = 4> <II = 1> <Delay = 0.43> <IPBlock> <Opcode : '' 'add' 'sub' 'mul' 'select'> <InPorts = 0> <OutPorts = 1> <Sync> <CReg>
ST_18 : Operation 1192 [1/1] (0.00ns)   --->   "%sext_ln510_93 = sext i43 %add_ln510_137" [source/int4_linear_controller.cpp:510->source/int4_linear_controller.cpp:897]   --->   Operation 1192 'sext' 'sext_ln510_93' <Predicate = (!icmp_ln457)> <Delay = 0.00>
ST_18 : Operation 1193 [1/1] (0.95ns)   --->   "%add_ln510_138 = add i46 %sext_ln510_93, i46 %add_ln510_136" [source/int4_linear_controller.cpp:510->source/int4_linear_controller.cpp:897]   --->   Operation 1193 'add' 'add_ln510_138' <Predicate = (!icmp_ln457)> <Delay = 0.95> <CoreInst = "Adder">   --->   Core 1 'Adder' <Latency = 0> <II = 1> <Delay = 0.95> <FuncUnit> <Opcode : 'add' 'sub'> <InPorts = 2> <OutPorts = 1>
ST_18 : Operation 1194 [1/1] (0.00ns)   --->   "%sext_ln510_96 = sext i44 %add_ln510_142" [source/int4_linear_controller.cpp:510->source/int4_linear_controller.cpp:897]   --->   Operation 1194 'sext' 'sext_ln510_96' <Predicate = (!icmp_ln457)> <Delay = 0.00>
ST_18 : Operation 1195 [1/1] (0.00ns) (grouped into TernaryAdder)   --->   "%add_ln510_143 = add i46 %sext_ln510_96, i46 %add_ln510_138" [source/int4_linear_controller.cpp:510->source/int4_linear_controller.cpp:897]   --->   Operation 1195 'add' 'add_ln510_143' <Predicate = (!icmp_ln457)> <Delay = 0.00> <CoreInst = "TAddSub">   --->   Core 10 'TAddSub' <Latency = 0> <II = 1> <Delay = 0.38> <IPBlock> <Opcode : '' 'add' 'sub'> <InPorts = 3> <OutPorts = 1> <Sync> <CReg>
ST_18 : Operation 1196 [1/1] (0.00ns)   --->   "%sext_ln510_103 = sext i45 %add_ln510_151" [source/int4_linear_controller.cpp:510->source/int4_linear_controller.cpp:897]   --->   Operation 1196 'sext' 'sext_ln510_103' <Predicate = (!icmp_ln457)> <Delay = 0.00>
ST_18 : Operation 1197 [1/1] (0.77ns) (root node of TernaryAdder)   --->   "%packed = add i46 %sext_ln510_103, i46 %add_ln510_143" [source/int4_linear_controller.cpp:510->source/int4_linear_controller.cpp:897]   --->   Operation 1197 'add' 'packed' <Predicate = (!icmp_ln457)> <Delay = 0.77> <CoreInst = "TAddSub">   --->   Core 10 'TAddSub' <Latency = 0> <II = 1> <Delay = 0.38> <IPBlock> <Opcode : '' 'add' 'sub'> <InPorts = 3> <OutPorts = 1> <Sync> <CReg>
ST_18 : Operation 1198 [1/3] (0.41ns) (root node of the DSP)   --->   "%add_ln510_167 = add i46 %sext_ln510_112, i46 %sext_ln510_83" [source/int4_linear_controller.cpp:510->source/int4_linear_controller.cpp:897]   --->   Operation 1198 'add' 'add_ln510_167' <Predicate = (!icmp_ln457)> <Delay = 0.41> <CoreInst = "DSP48">   --->   Core 127 'DSP48' <Latency = 4> <II = 1> <Delay = 0.43> <IPBlock> <Opcode : '' 'add' 'sub' 'mul' 'select'> <InPorts = 0> <OutPorts = 1> <Sync> <CReg>
ST_18 : Operation 1199 [1/3] (0.41ns) (root node of the DSP)   --->   "%add_ln510_168 = add i43 %sext_ln490_79, i43 %sext_ln490_78" [source/int4_linear_controller.cpp:510->source/int4_linear_controller.cpp:897]   --->   Operation 1199 'add' 'add_ln510_168' <Predicate = (!icmp_ln457)> <Delay = 0.41> <CoreInst = "DSP48">   --->   Core 127 'DSP48' <Latency = 4> <II = 1> <Delay = 0.43> <IPBlock> <Opcode : '' 'add' 'sub' 'mul' 'select'> <InPorts = 0> <OutPorts = 1> <Sync> <CReg>
ST_18 : Operation 1200 [1/1] (0.00ns)   --->   "%sext_ln510_113 = sext i43 %add_ln510_168" [source/int4_linear_controller.cpp:510->source/int4_linear_controller.cpp:897]   --->   Operation 1200 'sext' 'sext_ln510_113' <Predicate = (!icmp_ln457)> <Delay = 0.00>
ST_18 : Operation 1201 [1/1] (0.95ns)   --->   "%add_ln510_169 = add i46 %sext_ln510_113, i46 %add_ln510_167" [source/int4_linear_controller.cpp:510->source/int4_linear_controller.cpp:897]   --->   Operation 1201 'add' 'add_ln510_169' <Predicate = (!icmp_ln457)> <Delay = 0.95> <CoreInst = "Adder">   --->   Core 1 'Adder' <Latency = 0> <II = 1> <Delay = 0.95> <FuncUnit> <Opcode : 'add' 'sub'> <InPorts = 2> <OutPorts = 1>
ST_18 : Operation 1202 [1/1] (0.00ns)   --->   "%sext_ln510_116 = sext i44 %add_ln510_173" [source/int4_linear_controller.cpp:510->source/int4_linear_controller.cpp:897]   --->   Operation 1202 'sext' 'sext_ln510_116' <Predicate = (!icmp_ln457)> <Delay = 0.00>
ST_18 : Operation 1203 [1/1] (0.00ns) (grouped into TernaryAdder)   --->   "%add_ln510_174 = add i46 %sext_ln510_116, i46 %add_ln510_169" [source/int4_linear_controller.cpp:510->source/int4_linear_controller.cpp:897]   --->   Operation 1203 'add' 'add_ln510_174' <Predicate = (!icmp_ln457)> <Delay = 0.00> <CoreInst = "TAddSub">   --->   Core 10 'TAddSub' <Latency = 0> <II = 1> <Delay = 0.38> <IPBlock> <Opcode : '' 'add' 'sub'> <InPorts = 3> <OutPorts = 1> <Sync> <CReg>
ST_18 : Operation 1204 [1/1] (0.00ns)   --->   "%sext_ln510_123 = sext i45 %add_ln510_182" [source/int4_linear_controller.cpp:510->source/int4_linear_controller.cpp:897]   --->   Operation 1204 'sext' 'sext_ln510_123' <Predicate = (!icmp_ln457)> <Delay = 0.00>
ST_18 : Operation 1205 [1/1] (0.77ns) (root node of TernaryAdder)   --->   "%packed_7 = add i46 %sext_ln510_123, i46 %add_ln510_174" [source/int4_linear_controller.cpp:510->source/int4_linear_controller.cpp:897]   --->   Operation 1205 'add' 'packed_7' <Predicate = (!icmp_ln457)> <Delay = 0.77> <CoreInst = "TAddSub">   --->   Core 10 'TAddSub' <Latency = 0> <II = 1> <Delay = 0.38> <IPBlock> <Opcode : '' 'add' 'sub'> <InPorts = 3> <OutPorts = 1> <Sync> <CReg>
ST_18 : Operation 1206 [1/1] (0.00ns)   --->   "%low_value = trunc i46 %packed" [source/int4_linear_controller.cpp:201->source/int4_linear_controller.cpp:515->source/int4_linear_controller.cpp:897]   --->   Operation 1206 'trunc' 'low_value' <Predicate = (!icmp_ln457)> <Delay = 0.00>
ST_18 : Operation 1207 [1/1] (0.00ns)   --->   "%high_raw = partselect i23 @_ssdm_op_PartSelect.i23.i46.i32.i32, i46 %packed, i32 23, i32 45" [source/int4_linear_controller.cpp:202->source/int4_linear_controller.cpp:515->source/int4_linear_controller.cpp:897]   --->   Operation 1207 'partselect' 'high_raw' <Predicate = (!icmp_ln457)> <Delay = 0.00>
ST_18 : Operation 1208 [1/1] (0.00ns)   --->   "%tmp = bitselect i1 @_ssdm_op_BitSelect.i1.i46.i32, i46 %packed, i32 22" [source/int4_linear_controller.cpp:204->source/int4_linear_controller.cpp:515->source/int4_linear_controller.cpp:897]   --->   Operation 1208 'bitselect' 'tmp' <Predicate = (!icmp_ln457)> <Delay = 0.00>
ST_18 : Operation 1209 [1/1] (0.00ns)   --->   "%low_value_4 = trunc i46 %packed_7" [source/int4_linear_controller.cpp:201->source/int4_linear_controller.cpp:516->source/int4_linear_controller.cpp:897]   --->   Operation 1209 'trunc' 'low_value_4' <Predicate = (!icmp_ln457)> <Delay = 0.00>
ST_18 : Operation 1210 [1/1] (0.00ns)   --->   "%high_raw_4 = partselect i23 @_ssdm_op_PartSelect.i23.i46.i32.i32, i46 %packed_7, i32 23, i32 45" [source/int4_linear_controller.cpp:202->source/int4_linear_controller.cpp:516->source/int4_linear_controller.cpp:897]   --->   Operation 1210 'partselect' 'high_raw_4' <Predicate = (!icmp_ln457)> <Delay = 0.00>
ST_18 : Operation 1211 [1/1] (0.00ns)   --->   "%tmp_247 = bitselect i1 @_ssdm_op_BitSelect.i1.i46.i32, i46 %packed_7, i32 22" [source/int4_linear_controller.cpp:204->source/int4_linear_controller.cpp:516->source/int4_linear_controller.cpp:897]   --->   Operation 1211 'bitselect' 'tmp_247' <Predicate = (!icmp_ln457)> <Delay = 0.00>
ST_18 : Operation 1475 [1/1] (0.00ns)   --->   "%ret_ln0 = ret"   --->   Operation 1475 'ret' 'ret_ln0' <Predicate = (icmp_ln457)> <Delay = 0.00>

State 19 <SV = 18> <Delay = 1.91>
ST_19 : Operation 1212 [1/1] (0.00ns)   --->   "%specpipeline_ln477 = specpipeline void @_ssdm_op_SpecPipeline, i32 1, i32 0, i32 0, i32 0, void @empty_418" [source/int4_linear_controller.cpp:477->source/int4_linear_controller.cpp:897]   --->   Operation 1212 'specpipeline' 'specpipeline_ln477' <Predicate = (!icmp_ln457)> <Delay = 0.00>
ST_19 : Operation 1213 [1/1] (0.00ns)   --->   "%rbegin230_i = specregionbegin i32 @_ssdm_op_SpecRegionBegin, void @empty_138" [source/int4_linear_controller.cpp:506->source/int4_linear_controller.cpp:897]   --->   Operation 1213 'specregionbegin' 'rbegin230_i' <Predicate = (!icmp_ln457)> <Delay = 0.00>
ST_19 : Operation 1214 [1/1] (0.00ns)   --->   "%rbegin232_i = specregionbegin i32 @_ssdm_op_SpecRegionBegin, void @empty_139" [source/int4_linear_controller.cpp:185->source/int4_linear_controller.cpp:507->source/int4_linear_controller.cpp:897]   --->   Operation 1214 'specregionbegin' 'rbegin232_i' <Predicate = (!icmp_ln457)> <Delay = 0.00>
ST_19 : Operation 1215 [1/1] (0.00ns)   --->   "%rend330_i = specregionend i32 @_ssdm_op_SpecRegionEnd, void @empty_139, i32 %rbegin232_i" [source/int4_linear_controller.cpp:185->source/int4_linear_controller.cpp:507->source/int4_linear_controller.cpp:897]   --->   Operation 1215 'specregionend' 'rend330_i' <Predicate = (!icmp_ln457)> <Delay = 0.00>
ST_19 : Operation 1216 [1/1] (0.00ns)   --->   "%rend328_i = specregionend i32 @_ssdm_op_SpecRegionEnd, void @empty_138, i32 %rbegin230_i" [source/int4_linear_controller.cpp:506->source/int4_linear_controller.cpp:897]   --->   Operation 1216 'specregionend' 'rend328_i' <Predicate = (!icmp_ln457)> <Delay = 0.00>
ST_19 : Operation 1217 [1/1] (0.00ns)   --->   "%rbegin234_i = specregionbegin i32 @_ssdm_op_SpecRegionBegin, void @empty_136" [source/int4_linear_controller.cpp:506->source/int4_linear_controller.cpp:897]   --->   Operation 1217 'specregionbegin' 'rbegin234_i' <Predicate = (!icmp_ln457)> <Delay = 0.00>
ST_19 : Operation 1218 [1/1] (0.00ns)   --->   "%rbegin236_i = specregionbegin i32 @_ssdm_op_SpecRegionBegin, void @empty_137" [source/int4_linear_controller.cpp:185->source/int4_linear_controller.cpp:507->source/int4_linear_controller.cpp:897]   --->   Operation 1218 'specregionbegin' 'rbegin236_i' <Predicate = (!icmp_ln457)> <Delay = 0.00>
ST_19 : Operation 1219 [1/1] (0.00ns)   --->   "%rend326_i = specregionend i32 @_ssdm_op_SpecRegionEnd, void @empty_137, i32 %rbegin236_i" [source/int4_linear_controller.cpp:185->source/int4_linear_controller.cpp:507->source/int4_linear_controller.cpp:897]   --->   Operation 1219 'specregionend' 'rend326_i' <Predicate = (!icmp_ln457)> <Delay = 0.00>
ST_19 : Operation 1220 [1/1] (0.00ns)   --->   "%rend324_i = specregionend i32 @_ssdm_op_SpecRegionEnd, void @empty_136, i32 %rbegin234_i" [source/int4_linear_controller.cpp:506->source/int4_linear_controller.cpp:897]   --->   Operation 1220 'specregionend' 'rend324_i' <Predicate = (!icmp_ln457)> <Delay = 0.00>
ST_19 : Operation 1221 [1/1] (0.00ns)   --->   "%rbegin238_i = specregionbegin i32 @_ssdm_op_SpecRegionBegin, void @empty_134" [source/int4_linear_controller.cpp:506->source/int4_linear_controller.cpp:897]   --->   Operation 1221 'specregionbegin' 'rbegin238_i' <Predicate = (!icmp_ln457)> <Delay = 0.00>
ST_19 : Operation 1222 [1/1] (0.00ns)   --->   "%rbegin240_i = specregionbegin i32 @_ssdm_op_SpecRegionBegin, void @empty_135" [source/int4_linear_controller.cpp:185->source/int4_linear_controller.cpp:507->source/int4_linear_controller.cpp:897]   --->   Operation 1222 'specregionbegin' 'rbegin240_i' <Predicate = (!icmp_ln457)> <Delay = 0.00>
ST_19 : Operation 1223 [1/1] (0.00ns)   --->   "%rend322_i = specregionend i32 @_ssdm_op_SpecRegionEnd, void @empty_135, i32 %rbegin240_i" [source/int4_linear_controller.cpp:185->source/int4_linear_controller.cpp:507->source/int4_linear_controller.cpp:897]   --->   Operation 1223 'specregionend' 'rend322_i' <Predicate = (!icmp_ln457)> <Delay = 0.00>
ST_19 : Operation 1224 [1/1] (0.00ns)   --->   "%rend320_i = specregionend i32 @_ssdm_op_SpecRegionEnd, void @empty_134, i32 %rbegin238_i" [source/int4_linear_controller.cpp:506->source/int4_linear_controller.cpp:897]   --->   Operation 1224 'specregionend' 'rend320_i' <Predicate = (!icmp_ln457)> <Delay = 0.00>
ST_19 : Operation 1225 [1/1] (0.00ns)   --->   "%rbegin242_i = specregionbegin i32 @_ssdm_op_SpecRegionBegin, void @empty_132" [source/int4_linear_controller.cpp:506->source/int4_linear_controller.cpp:897]   --->   Operation 1225 'specregionbegin' 'rbegin242_i' <Predicate = (!icmp_ln457)> <Delay = 0.00>
ST_19 : Operation 1226 [1/1] (0.00ns)   --->   "%rbegin244_i = specregionbegin i32 @_ssdm_op_SpecRegionBegin, void @empty_133" [source/int4_linear_controller.cpp:185->source/int4_linear_controller.cpp:507->source/int4_linear_controller.cpp:897]   --->   Operation 1226 'specregionbegin' 'rbegin244_i' <Predicate = (!icmp_ln457)> <Delay = 0.00>
ST_19 : Operation 1227 [1/1] (0.00ns)   --->   "%rend318_i = specregionend i32 @_ssdm_op_SpecRegionEnd, void @empty_133, i32 %rbegin244_i" [source/int4_linear_controller.cpp:185->source/int4_linear_controller.cpp:507->source/int4_linear_controller.cpp:897]   --->   Operation 1227 'specregionend' 'rend318_i' <Predicate = (!icmp_ln457)> <Delay = 0.00>
ST_19 : Operation 1228 [1/1] (0.00ns)   --->   "%rend316_i = specregionend i32 @_ssdm_op_SpecRegionEnd, void @empty_132, i32 %rbegin242_i" [source/int4_linear_controller.cpp:506->source/int4_linear_controller.cpp:897]   --->   Operation 1228 'specregionend' 'rend316_i' <Predicate = (!icmp_ln457)> <Delay = 0.00>
ST_19 : Operation 1229 [1/1] (0.00ns)   --->   "%rbegin246_i = specregionbegin i32 @_ssdm_op_SpecRegionBegin, void @empty_130" [source/int4_linear_controller.cpp:506->source/int4_linear_controller.cpp:897]   --->   Operation 1229 'specregionbegin' 'rbegin246_i' <Predicate = (!icmp_ln457)> <Delay = 0.00>
ST_19 : Operation 1230 [1/1] (0.00ns)   --->   "%rbegin248_i = specregionbegin i32 @_ssdm_op_SpecRegionBegin, void @empty_131" [source/int4_linear_controller.cpp:185->source/int4_linear_controller.cpp:507->source/int4_linear_controller.cpp:897]   --->   Operation 1230 'specregionbegin' 'rbegin248_i' <Predicate = (!icmp_ln457)> <Delay = 0.00>
ST_19 : Operation 1231 [1/1] (0.00ns)   --->   "%rend314_i = specregionend i32 @_ssdm_op_SpecRegionEnd, void @empty_131, i32 %rbegin248_i" [source/int4_linear_controller.cpp:185->source/int4_linear_controller.cpp:507->source/int4_linear_controller.cpp:897]   --->   Operation 1231 'specregionend' 'rend314_i' <Predicate = (!icmp_ln457)> <Delay = 0.00>
ST_19 : Operation 1232 [1/1] (0.00ns)   --->   "%rend312_i = specregionend i32 @_ssdm_op_SpecRegionEnd, void @empty_130, i32 %rbegin246_i" [source/int4_linear_controller.cpp:506->source/int4_linear_controller.cpp:897]   --->   Operation 1232 'specregionend' 'rend312_i' <Predicate = (!icmp_ln457)> <Delay = 0.00>
ST_19 : Operation 1233 [1/1] (0.00ns)   --->   "%rbegin250_i = specregionbegin i32 @_ssdm_op_SpecRegionBegin, void @empty_128" [source/int4_linear_controller.cpp:506->source/int4_linear_controller.cpp:897]   --->   Operation 1233 'specregionbegin' 'rbegin250_i' <Predicate = (!icmp_ln457)> <Delay = 0.00>
ST_19 : Operation 1234 [1/1] (0.00ns)   --->   "%rbegin252_i = specregionbegin i32 @_ssdm_op_SpecRegionBegin, void @empty_129" [source/int4_linear_controller.cpp:185->source/int4_linear_controller.cpp:507->source/int4_linear_controller.cpp:897]   --->   Operation 1234 'specregionbegin' 'rbegin252_i' <Predicate = (!icmp_ln457)> <Delay = 0.00>
ST_19 : Operation 1235 [1/1] (0.00ns)   --->   "%rend310_i = specregionend i32 @_ssdm_op_SpecRegionEnd, void @empty_129, i32 %rbegin252_i" [source/int4_linear_controller.cpp:185->source/int4_linear_controller.cpp:507->source/int4_linear_controller.cpp:897]   --->   Operation 1235 'specregionend' 'rend310_i' <Predicate = (!icmp_ln457)> <Delay = 0.00>
ST_19 : Operation 1236 [1/1] (0.00ns)   --->   "%rend308_i = specregionend i32 @_ssdm_op_SpecRegionEnd, void @empty_128, i32 %rbegin250_i" [source/int4_linear_controller.cpp:506->source/int4_linear_controller.cpp:897]   --->   Operation 1236 'specregionend' 'rend308_i' <Predicate = (!icmp_ln457)> <Delay = 0.00>
ST_19 : Operation 1237 [1/1] (0.00ns)   --->   "%rbegin254_i = specregionbegin i32 @_ssdm_op_SpecRegionBegin, void @empty_126" [source/int4_linear_controller.cpp:506->source/int4_linear_controller.cpp:897]   --->   Operation 1237 'specregionbegin' 'rbegin254_i' <Predicate = (!icmp_ln457)> <Delay = 0.00>
ST_19 : Operation 1238 [1/1] (0.00ns)   --->   "%rbegin256_i = specregionbegin i32 @_ssdm_op_SpecRegionBegin, void @empty_127" [source/int4_linear_controller.cpp:185->source/int4_linear_controller.cpp:507->source/int4_linear_controller.cpp:897]   --->   Operation 1238 'specregionbegin' 'rbegin256_i' <Predicate = (!icmp_ln457)> <Delay = 0.00>
ST_19 : Operation 1239 [1/1] (0.00ns)   --->   "%rend306_i = specregionend i32 @_ssdm_op_SpecRegionEnd, void @empty_127, i32 %rbegin256_i" [source/int4_linear_controller.cpp:185->source/int4_linear_controller.cpp:507->source/int4_linear_controller.cpp:897]   --->   Operation 1239 'specregionend' 'rend306_i' <Predicate = (!icmp_ln457)> <Delay = 0.00>
ST_19 : Operation 1240 [1/1] (0.00ns)   --->   "%rend304_i = specregionend i32 @_ssdm_op_SpecRegionEnd, void @empty_126, i32 %rbegin254_i" [source/int4_linear_controller.cpp:506->source/int4_linear_controller.cpp:897]   --->   Operation 1240 'specregionend' 'rend304_i' <Predicate = (!icmp_ln457)> <Delay = 0.00>
ST_19 : Operation 1241 [1/1] (0.00ns)   --->   "%rbegin258_i = specregionbegin i32 @_ssdm_op_SpecRegionBegin, void @empty_124" [source/int4_linear_controller.cpp:506->source/int4_linear_controller.cpp:897]   --->   Operation 1241 'specregionbegin' 'rbegin258_i' <Predicate = (!icmp_ln457)> <Delay = 0.00>
ST_19 : Operation 1242 [1/1] (0.00ns)   --->   "%rbegin260_i = specregionbegin i32 @_ssdm_op_SpecRegionBegin, void @empty_125" [source/int4_linear_controller.cpp:185->source/int4_linear_controller.cpp:507->source/int4_linear_controller.cpp:897]   --->   Operation 1242 'specregionbegin' 'rbegin260_i' <Predicate = (!icmp_ln457)> <Delay = 0.00>
ST_19 : Operation 1243 [1/1] (0.00ns)   --->   "%rend302_i = specregionend i32 @_ssdm_op_SpecRegionEnd, void @empty_125, i32 %rbegin260_i" [source/int4_linear_controller.cpp:185->source/int4_linear_controller.cpp:507->source/int4_linear_controller.cpp:897]   --->   Operation 1243 'specregionend' 'rend302_i' <Predicate = (!icmp_ln457)> <Delay = 0.00>
ST_19 : Operation 1244 [1/1] (0.00ns)   --->   "%rend300_i = specregionend i32 @_ssdm_op_SpecRegionEnd, void @empty_124, i32 %rbegin258_i" [source/int4_linear_controller.cpp:506->source/int4_linear_controller.cpp:897]   --->   Operation 1244 'specregionend' 'rend300_i' <Predicate = (!icmp_ln457)> <Delay = 0.00>
ST_19 : Operation 1245 [1/1] (0.00ns)   --->   "%rbegin262_i = specregionbegin i32 @_ssdm_op_SpecRegionBegin, void @empty_122" [source/int4_linear_controller.cpp:506->source/int4_linear_controller.cpp:897]   --->   Operation 1245 'specregionbegin' 'rbegin262_i' <Predicate = (!icmp_ln457)> <Delay = 0.00>
ST_19 : Operation 1246 [1/1] (0.00ns)   --->   "%rbegin264_i = specregionbegin i32 @_ssdm_op_SpecRegionBegin, void @empty_123" [source/int4_linear_controller.cpp:185->source/int4_linear_controller.cpp:507->source/int4_linear_controller.cpp:897]   --->   Operation 1246 'specregionbegin' 'rbegin264_i' <Predicate = (!icmp_ln457)> <Delay = 0.00>
ST_19 : Operation 1247 [1/1] (0.00ns)   --->   "%rend298_i = specregionend i32 @_ssdm_op_SpecRegionEnd, void @empty_123, i32 %rbegin264_i" [source/int4_linear_controller.cpp:185->source/int4_linear_controller.cpp:507->source/int4_linear_controller.cpp:897]   --->   Operation 1247 'specregionend' 'rend298_i' <Predicate = (!icmp_ln457)> <Delay = 0.00>
ST_19 : Operation 1248 [1/1] (0.00ns)   --->   "%rend296_i = specregionend i32 @_ssdm_op_SpecRegionEnd, void @empty_122, i32 %rbegin262_i" [source/int4_linear_controller.cpp:506->source/int4_linear_controller.cpp:897]   --->   Operation 1248 'specregionend' 'rend296_i' <Predicate = (!icmp_ln457)> <Delay = 0.00>
ST_19 : Operation 1249 [1/1] (0.00ns)   --->   "%rbegin266_i = specregionbegin i32 @_ssdm_op_SpecRegionBegin, void @empty_120" [source/int4_linear_controller.cpp:506->source/int4_linear_controller.cpp:897]   --->   Operation 1249 'specregionbegin' 'rbegin266_i' <Predicate = (!icmp_ln457)> <Delay = 0.00>
ST_19 : Operation 1250 [1/1] (0.00ns)   --->   "%rbegin268_i = specregionbegin i32 @_ssdm_op_SpecRegionBegin, void @empty_121" [source/int4_linear_controller.cpp:185->source/int4_linear_controller.cpp:507->source/int4_linear_controller.cpp:897]   --->   Operation 1250 'specregionbegin' 'rbegin268_i' <Predicate = (!icmp_ln457)> <Delay = 0.00>
ST_19 : Operation 1251 [1/1] (0.00ns)   --->   "%rend294_i = specregionend i32 @_ssdm_op_SpecRegionEnd, void @empty_121, i32 %rbegin268_i" [source/int4_linear_controller.cpp:185->source/int4_linear_controller.cpp:507->source/int4_linear_controller.cpp:897]   --->   Operation 1251 'specregionend' 'rend294_i' <Predicate = (!icmp_ln457)> <Delay = 0.00>
ST_19 : Operation 1252 [1/1] (0.00ns)   --->   "%rend292_i = specregionend i32 @_ssdm_op_SpecRegionEnd, void @empty_120, i32 %rbegin266_i" [source/int4_linear_controller.cpp:506->source/int4_linear_controller.cpp:897]   --->   Operation 1252 'specregionend' 'rend292_i' <Predicate = (!icmp_ln457)> <Delay = 0.00>
ST_19 : Operation 1253 [1/1] (0.00ns)   --->   "%rbegin270_i = specregionbegin i32 @_ssdm_op_SpecRegionBegin, void @empty_118" [source/int4_linear_controller.cpp:506->source/int4_linear_controller.cpp:897]   --->   Operation 1253 'specregionbegin' 'rbegin270_i' <Predicate = (!icmp_ln457)> <Delay = 0.00>
ST_19 : Operation 1254 [1/1] (0.00ns)   --->   "%rbegin272_i = specregionbegin i32 @_ssdm_op_SpecRegionBegin, void @empty_119" [source/int4_linear_controller.cpp:185->source/int4_linear_controller.cpp:507->source/int4_linear_controller.cpp:897]   --->   Operation 1254 'specregionbegin' 'rbegin272_i' <Predicate = (!icmp_ln457)> <Delay = 0.00>
ST_19 : Operation 1255 [1/1] (0.00ns)   --->   "%rend290_i = specregionend i32 @_ssdm_op_SpecRegionEnd, void @empty_119, i32 %rbegin272_i" [source/int4_linear_controller.cpp:185->source/int4_linear_controller.cpp:507->source/int4_linear_controller.cpp:897]   --->   Operation 1255 'specregionend' 'rend290_i' <Predicate = (!icmp_ln457)> <Delay = 0.00>
ST_19 : Operation 1256 [1/1] (0.00ns)   --->   "%rend288_i = specregionend i32 @_ssdm_op_SpecRegionEnd, void @empty_118, i32 %rbegin270_i" [source/int4_linear_controller.cpp:506->source/int4_linear_controller.cpp:897]   --->   Operation 1256 'specregionend' 'rend288_i' <Predicate = (!icmp_ln457)> <Delay = 0.00>
ST_19 : Operation 1257 [1/1] (0.00ns)   --->   "%rbegin274_i = specregionbegin i32 @_ssdm_op_SpecRegionBegin, void @empty_116" [source/int4_linear_controller.cpp:506->source/int4_linear_controller.cpp:897]   --->   Operation 1257 'specregionbegin' 'rbegin274_i' <Predicate = (!icmp_ln457)> <Delay = 0.00>
ST_19 : Operation 1258 [1/1] (0.00ns)   --->   "%rbegin276_i = specregionbegin i32 @_ssdm_op_SpecRegionBegin, void @empty_117" [source/int4_linear_controller.cpp:185->source/int4_linear_controller.cpp:507->source/int4_linear_controller.cpp:897]   --->   Operation 1258 'specregionbegin' 'rbegin276_i' <Predicate = (!icmp_ln457)> <Delay = 0.00>
ST_19 : Operation 1259 [1/1] (0.00ns)   --->   "%rend286_i = specregionend i32 @_ssdm_op_SpecRegionEnd, void @empty_117, i32 %rbegin276_i" [source/int4_linear_controller.cpp:185->source/int4_linear_controller.cpp:507->source/int4_linear_controller.cpp:897]   --->   Operation 1259 'specregionend' 'rend286_i' <Predicate = (!icmp_ln457)> <Delay = 0.00>
ST_19 : Operation 1260 [1/1] (0.00ns)   --->   "%rend284_i = specregionend i32 @_ssdm_op_SpecRegionEnd, void @empty_116, i32 %rbegin274_i" [source/int4_linear_controller.cpp:506->source/int4_linear_controller.cpp:897]   --->   Operation 1260 'specregionend' 'rend284_i' <Predicate = (!icmp_ln457)> <Delay = 0.00>
ST_19 : Operation 1261 [1/1] (0.00ns)   --->   "%rbegin278_i = specregionbegin i32 @_ssdm_op_SpecRegionBegin, void @empty_114" [source/int4_linear_controller.cpp:506->source/int4_linear_controller.cpp:897]   --->   Operation 1261 'specregionbegin' 'rbegin278_i' <Predicate = (!icmp_ln457)> <Delay = 0.00>
ST_19 : Operation 1262 [1/1] (0.00ns)   --->   "%rbegin279_i = specregionbegin i32 @_ssdm_op_SpecRegionBegin, void @empty_115" [source/int4_linear_controller.cpp:185->source/int4_linear_controller.cpp:507->source/int4_linear_controller.cpp:897]   --->   Operation 1262 'specregionbegin' 'rbegin279_i' <Predicate = (!icmp_ln457)> <Delay = 0.00>
ST_19 : Operation 1263 [1/1] (0.00ns)   --->   "%rend282_i = specregionend i32 @_ssdm_op_SpecRegionEnd, void @empty_115, i32 %rbegin279_i" [source/int4_linear_controller.cpp:185->source/int4_linear_controller.cpp:507->source/int4_linear_controller.cpp:897]   --->   Operation 1263 'specregionend' 'rend282_i' <Predicate = (!icmp_ln457)> <Delay = 0.00>
ST_19 : Operation 1264 [1/1] (0.00ns)   --->   "%rend280_i = specregionend i32 @_ssdm_op_SpecRegionEnd, void @empty_114, i32 %rbegin278_i" [source/int4_linear_controller.cpp:506->source/int4_linear_controller.cpp:897]   --->   Operation 1264 'specregionend' 'rend280_i' <Predicate = (!icmp_ln457)> <Delay = 0.00>
ST_19 : Operation 1265 [1/1] (0.00ns)   --->   "%rbegin275_i = specregionbegin i32 @_ssdm_op_SpecRegionBegin, void @empty_112" [source/int4_linear_controller.cpp:506->source/int4_linear_controller.cpp:897]   --->   Operation 1265 'specregionbegin' 'rbegin275_i' <Predicate = (!icmp_ln457)> <Delay = 0.00>
ST_19 : Operation 1266 [1/1] (0.00ns)   --->   "%rbegin277_i = specregionbegin i32 @_ssdm_op_SpecRegionBegin, void @empty_113" [source/int4_linear_controller.cpp:185->source/int4_linear_controller.cpp:507->source/int4_linear_controller.cpp:897]   --->   Operation 1266 'specregionbegin' 'rbegin277_i' <Predicate = (!icmp_ln457)> <Delay = 0.00>
ST_19 : Operation 1267 [1/1] (0.00ns)   --->   "%rend278_i = specregionend i32 @_ssdm_op_SpecRegionEnd, void @empty_113, i32 %rbegin277_i" [source/int4_linear_controller.cpp:185->source/int4_linear_controller.cpp:507->source/int4_linear_controller.cpp:897]   --->   Operation 1267 'specregionend' 'rend278_i' <Predicate = (!icmp_ln457)> <Delay = 0.00>
ST_19 : Operation 1268 [1/1] (0.00ns)   --->   "%rend276_i = specregionend i32 @_ssdm_op_SpecRegionEnd, void @empty_112, i32 %rbegin275_i" [source/int4_linear_controller.cpp:506->source/int4_linear_controller.cpp:897]   --->   Operation 1268 'specregionend' 'rend276_i' <Predicate = (!icmp_ln457)> <Delay = 0.00>
ST_19 : Operation 1269 [1/1] (0.00ns)   --->   "%rbegin271_i = specregionbegin i32 @_ssdm_op_SpecRegionBegin, void @empty_110" [source/int4_linear_controller.cpp:506->source/int4_linear_controller.cpp:897]   --->   Operation 1269 'specregionbegin' 'rbegin271_i' <Predicate = (!icmp_ln457)> <Delay = 0.00>
ST_19 : Operation 1270 [1/1] (0.00ns)   --->   "%rbegin273_i = specregionbegin i32 @_ssdm_op_SpecRegionBegin, void @empty_111" [source/int4_linear_controller.cpp:185->source/int4_linear_controller.cpp:507->source/int4_linear_controller.cpp:897]   --->   Operation 1270 'specregionbegin' 'rbegin273_i' <Predicate = (!icmp_ln457)> <Delay = 0.00>
ST_19 : Operation 1271 [1/1] (0.00ns)   --->   "%rend274_i = specregionend i32 @_ssdm_op_SpecRegionEnd, void @empty_111, i32 %rbegin273_i" [source/int4_linear_controller.cpp:185->source/int4_linear_controller.cpp:507->source/int4_linear_controller.cpp:897]   --->   Operation 1271 'specregionend' 'rend274_i' <Predicate = (!icmp_ln457)> <Delay = 0.00>
ST_19 : Operation 1272 [1/1] (0.00ns)   --->   "%rend272_i = specregionend i32 @_ssdm_op_SpecRegionEnd, void @empty_110, i32 %rbegin271_i" [source/int4_linear_controller.cpp:506->source/int4_linear_controller.cpp:897]   --->   Operation 1272 'specregionend' 'rend272_i' <Predicate = (!icmp_ln457)> <Delay = 0.00>
ST_19 : Operation 1273 [1/1] (0.00ns)   --->   "%rbegin267_i = specregionbegin i32 @_ssdm_op_SpecRegionBegin, void @empty_108" [source/int4_linear_controller.cpp:506->source/int4_linear_controller.cpp:897]   --->   Operation 1273 'specregionbegin' 'rbegin267_i' <Predicate = (!icmp_ln457)> <Delay = 0.00>
ST_19 : Operation 1274 [1/1] (0.00ns)   --->   "%rbegin269_i = specregionbegin i32 @_ssdm_op_SpecRegionBegin, void @empty_109" [source/int4_linear_controller.cpp:185->source/int4_linear_controller.cpp:507->source/int4_linear_controller.cpp:897]   --->   Operation 1274 'specregionbegin' 'rbegin269_i' <Predicate = (!icmp_ln457)> <Delay = 0.00>
ST_19 : Operation 1275 [1/1] (0.00ns)   --->   "%rend270_i = specregionend i32 @_ssdm_op_SpecRegionEnd, void @empty_109, i32 %rbegin269_i" [source/int4_linear_controller.cpp:185->source/int4_linear_controller.cpp:507->source/int4_linear_controller.cpp:897]   --->   Operation 1275 'specregionend' 'rend270_i' <Predicate = (!icmp_ln457)> <Delay = 0.00>
ST_19 : Operation 1276 [1/1] (0.00ns)   --->   "%rend268_i = specregionend i32 @_ssdm_op_SpecRegionEnd, void @empty_108, i32 %rbegin267_i" [source/int4_linear_controller.cpp:506->source/int4_linear_controller.cpp:897]   --->   Operation 1276 'specregionend' 'rend268_i' <Predicate = (!icmp_ln457)> <Delay = 0.00>
ST_19 : Operation 1277 [1/1] (0.00ns)   --->   "%rbegin263_i = specregionbegin i32 @_ssdm_op_SpecRegionBegin, void @empty_106" [source/int4_linear_controller.cpp:506->source/int4_linear_controller.cpp:897]   --->   Operation 1277 'specregionbegin' 'rbegin263_i' <Predicate = (!icmp_ln457)> <Delay = 0.00>
ST_19 : Operation 1278 [1/1] (0.00ns)   --->   "%rbegin265_i = specregionbegin i32 @_ssdm_op_SpecRegionBegin, void @empty_107" [source/int4_linear_controller.cpp:185->source/int4_linear_controller.cpp:507->source/int4_linear_controller.cpp:897]   --->   Operation 1278 'specregionbegin' 'rbegin265_i' <Predicate = (!icmp_ln457)> <Delay = 0.00>
ST_19 : Operation 1279 [1/1] (0.00ns)   --->   "%rend266_i = specregionend i32 @_ssdm_op_SpecRegionEnd, void @empty_107, i32 %rbegin265_i" [source/int4_linear_controller.cpp:185->source/int4_linear_controller.cpp:507->source/int4_linear_controller.cpp:897]   --->   Operation 1279 'specregionend' 'rend266_i' <Predicate = (!icmp_ln457)> <Delay = 0.00>
ST_19 : Operation 1280 [1/1] (0.00ns)   --->   "%rend264_i = specregionend i32 @_ssdm_op_SpecRegionEnd, void @empty_106, i32 %rbegin263_i" [source/int4_linear_controller.cpp:506->source/int4_linear_controller.cpp:897]   --->   Operation 1280 'specregionend' 'rend264_i' <Predicate = (!icmp_ln457)> <Delay = 0.00>
ST_19 : Operation 1281 [1/1] (0.00ns)   --->   "%rbegin259_i = specregionbegin i32 @_ssdm_op_SpecRegionBegin, void @empty_104" [source/int4_linear_controller.cpp:506->source/int4_linear_controller.cpp:897]   --->   Operation 1281 'specregionbegin' 'rbegin259_i' <Predicate = (!icmp_ln457)> <Delay = 0.00>
ST_19 : Operation 1282 [1/1] (0.00ns)   --->   "%rbegin261_i = specregionbegin i32 @_ssdm_op_SpecRegionBegin, void @empty_105" [source/int4_linear_controller.cpp:185->source/int4_linear_controller.cpp:507->source/int4_linear_controller.cpp:897]   --->   Operation 1282 'specregionbegin' 'rbegin261_i' <Predicate = (!icmp_ln457)> <Delay = 0.00>
ST_19 : Operation 1283 [1/1] (0.00ns)   --->   "%rend262_i = specregionend i32 @_ssdm_op_SpecRegionEnd, void @empty_105, i32 %rbegin261_i" [source/int4_linear_controller.cpp:185->source/int4_linear_controller.cpp:507->source/int4_linear_controller.cpp:897]   --->   Operation 1283 'specregionend' 'rend262_i' <Predicate = (!icmp_ln457)> <Delay = 0.00>
ST_19 : Operation 1284 [1/1] (0.00ns)   --->   "%rend260_i = specregionend i32 @_ssdm_op_SpecRegionEnd, void @empty_104, i32 %rbegin259_i" [source/int4_linear_controller.cpp:506->source/int4_linear_controller.cpp:897]   --->   Operation 1284 'specregionend' 'rend260_i' <Predicate = (!icmp_ln457)> <Delay = 0.00>
ST_19 : Operation 1285 [1/1] (0.00ns)   --->   "%rbegin255_i = specregionbegin i32 @_ssdm_op_SpecRegionBegin, void @empty_102" [source/int4_linear_controller.cpp:506->source/int4_linear_controller.cpp:897]   --->   Operation 1285 'specregionbegin' 'rbegin255_i' <Predicate = (!icmp_ln457)> <Delay = 0.00>
ST_19 : Operation 1286 [1/1] (0.00ns)   --->   "%rbegin257_i = specregionbegin i32 @_ssdm_op_SpecRegionBegin, void @empty_103" [source/int4_linear_controller.cpp:185->source/int4_linear_controller.cpp:507->source/int4_linear_controller.cpp:897]   --->   Operation 1286 'specregionbegin' 'rbegin257_i' <Predicate = (!icmp_ln457)> <Delay = 0.00>
ST_19 : Operation 1287 [1/1] (0.00ns)   --->   "%rend258_i = specregionend i32 @_ssdm_op_SpecRegionEnd, void @empty_103, i32 %rbegin257_i" [source/int4_linear_controller.cpp:185->source/int4_linear_controller.cpp:507->source/int4_linear_controller.cpp:897]   --->   Operation 1287 'specregionend' 'rend258_i' <Predicate = (!icmp_ln457)> <Delay = 0.00>
ST_19 : Operation 1288 [1/1] (0.00ns)   --->   "%rend256_i = specregionend i32 @_ssdm_op_SpecRegionEnd, void @empty_102, i32 %rbegin255_i" [source/int4_linear_controller.cpp:506->source/int4_linear_controller.cpp:897]   --->   Operation 1288 'specregionend' 'rend256_i' <Predicate = (!icmp_ln457)> <Delay = 0.00>
ST_19 : Operation 1289 [1/1] (0.00ns)   --->   "%rbegin251_i = specregionbegin i32 @_ssdm_op_SpecRegionBegin, void @empty_100" [source/int4_linear_controller.cpp:506->source/int4_linear_controller.cpp:897]   --->   Operation 1289 'specregionbegin' 'rbegin251_i' <Predicate = (!icmp_ln457)> <Delay = 0.00>
ST_19 : Operation 1290 [1/1] (0.00ns)   --->   "%rbegin253_i = specregionbegin i32 @_ssdm_op_SpecRegionBegin, void @empty_101" [source/int4_linear_controller.cpp:185->source/int4_linear_controller.cpp:507->source/int4_linear_controller.cpp:897]   --->   Operation 1290 'specregionbegin' 'rbegin253_i' <Predicate = (!icmp_ln457)> <Delay = 0.00>
ST_19 : Operation 1291 [1/1] (0.00ns)   --->   "%rend254_i = specregionend i32 @_ssdm_op_SpecRegionEnd, void @empty_101, i32 %rbegin253_i" [source/int4_linear_controller.cpp:185->source/int4_linear_controller.cpp:507->source/int4_linear_controller.cpp:897]   --->   Operation 1291 'specregionend' 'rend254_i' <Predicate = (!icmp_ln457)> <Delay = 0.00>
ST_19 : Operation 1292 [1/1] (0.00ns)   --->   "%rend252_i = specregionend i32 @_ssdm_op_SpecRegionEnd, void @empty_100, i32 %rbegin251_i" [source/int4_linear_controller.cpp:506->source/int4_linear_controller.cpp:897]   --->   Operation 1292 'specregionend' 'rend252_i' <Predicate = (!icmp_ln457)> <Delay = 0.00>
ST_19 : Operation 1293 [1/1] (0.00ns)   --->   "%rbegin247_i = specregionbegin i32 @_ssdm_op_SpecRegionBegin, void @empty_98" [source/int4_linear_controller.cpp:506->source/int4_linear_controller.cpp:897]   --->   Operation 1293 'specregionbegin' 'rbegin247_i' <Predicate = (!icmp_ln457)> <Delay = 0.00>
ST_19 : Operation 1294 [1/1] (0.00ns)   --->   "%rbegin249_i = specregionbegin i32 @_ssdm_op_SpecRegionBegin, void @empty_99" [source/int4_linear_controller.cpp:185->source/int4_linear_controller.cpp:507->source/int4_linear_controller.cpp:897]   --->   Operation 1294 'specregionbegin' 'rbegin249_i' <Predicate = (!icmp_ln457)> <Delay = 0.00>
ST_19 : Operation 1295 [1/1] (0.00ns)   --->   "%rend250_i = specregionend i32 @_ssdm_op_SpecRegionEnd, void @empty_99, i32 %rbegin249_i" [source/int4_linear_controller.cpp:185->source/int4_linear_controller.cpp:507->source/int4_linear_controller.cpp:897]   --->   Operation 1295 'specregionend' 'rend250_i' <Predicate = (!icmp_ln457)> <Delay = 0.00>
ST_19 : Operation 1296 [1/1] (0.00ns)   --->   "%rend248_i = specregionend i32 @_ssdm_op_SpecRegionEnd, void @empty_98, i32 %rbegin247_i" [source/int4_linear_controller.cpp:506->source/int4_linear_controller.cpp:897]   --->   Operation 1296 'specregionend' 'rend248_i' <Predicate = (!icmp_ln457)> <Delay = 0.00>
ST_19 : Operation 1297 [1/1] (0.00ns)   --->   "%rbegin243_i = specregionbegin i32 @_ssdm_op_SpecRegionBegin, void @empty_96" [source/int4_linear_controller.cpp:506->source/int4_linear_controller.cpp:897]   --->   Operation 1297 'specregionbegin' 'rbegin243_i' <Predicate = (!icmp_ln457)> <Delay = 0.00>
ST_19 : Operation 1298 [1/1] (0.00ns)   --->   "%rbegin245_i = specregionbegin i32 @_ssdm_op_SpecRegionBegin, void @empty_97" [source/int4_linear_controller.cpp:185->source/int4_linear_controller.cpp:507->source/int4_linear_controller.cpp:897]   --->   Operation 1298 'specregionbegin' 'rbegin245_i' <Predicate = (!icmp_ln457)> <Delay = 0.00>
ST_19 : Operation 1299 [1/1] (0.00ns)   --->   "%rend246_i = specregionend i32 @_ssdm_op_SpecRegionEnd, void @empty_97, i32 %rbegin245_i" [source/int4_linear_controller.cpp:185->source/int4_linear_controller.cpp:507->source/int4_linear_controller.cpp:897]   --->   Operation 1299 'specregionend' 'rend246_i' <Predicate = (!icmp_ln457)> <Delay = 0.00>
ST_19 : Operation 1300 [1/1] (0.00ns)   --->   "%rend244_i = specregionend i32 @_ssdm_op_SpecRegionEnd, void @empty_96, i32 %rbegin243_i" [source/int4_linear_controller.cpp:506->source/int4_linear_controller.cpp:897]   --->   Operation 1300 'specregionend' 'rend244_i' <Predicate = (!icmp_ln457)> <Delay = 0.00>
ST_19 : Operation 1301 [1/1] (0.00ns)   --->   "%rbegin239_i = specregionbegin i32 @_ssdm_op_SpecRegionBegin, void @empty_94" [source/int4_linear_controller.cpp:506->source/int4_linear_controller.cpp:897]   --->   Operation 1301 'specregionbegin' 'rbegin239_i' <Predicate = (!icmp_ln457)> <Delay = 0.00>
ST_19 : Operation 1302 [1/1] (0.00ns)   --->   "%rbegin241_i = specregionbegin i32 @_ssdm_op_SpecRegionBegin, void @empty_95" [source/int4_linear_controller.cpp:185->source/int4_linear_controller.cpp:507->source/int4_linear_controller.cpp:897]   --->   Operation 1302 'specregionbegin' 'rbegin241_i' <Predicate = (!icmp_ln457)> <Delay = 0.00>
ST_19 : Operation 1303 [1/1] (0.00ns)   --->   "%rend242_i = specregionend i32 @_ssdm_op_SpecRegionEnd, void @empty_95, i32 %rbegin241_i" [source/int4_linear_controller.cpp:185->source/int4_linear_controller.cpp:507->source/int4_linear_controller.cpp:897]   --->   Operation 1303 'specregionend' 'rend242_i' <Predicate = (!icmp_ln457)> <Delay = 0.00>
ST_19 : Operation 1304 [1/1] (0.00ns)   --->   "%rend240_i = specregionend i32 @_ssdm_op_SpecRegionEnd, void @empty_94, i32 %rbegin239_i" [source/int4_linear_controller.cpp:506->source/int4_linear_controller.cpp:897]   --->   Operation 1304 'specregionend' 'rend240_i' <Predicate = (!icmp_ln457)> <Delay = 0.00>
ST_19 : Operation 1305 [1/1] (0.00ns)   --->   "%rbegin235_i = specregionbegin i32 @_ssdm_op_SpecRegionBegin, void @empty_92" [source/int4_linear_controller.cpp:506->source/int4_linear_controller.cpp:897]   --->   Operation 1305 'specregionbegin' 'rbegin235_i' <Predicate = (!icmp_ln457)> <Delay = 0.00>
ST_19 : Operation 1306 [1/1] (0.00ns)   --->   "%rbegin237_i = specregionbegin i32 @_ssdm_op_SpecRegionBegin, void @empty_93" [source/int4_linear_controller.cpp:185->source/int4_linear_controller.cpp:507->source/int4_linear_controller.cpp:897]   --->   Operation 1306 'specregionbegin' 'rbegin237_i' <Predicate = (!icmp_ln457)> <Delay = 0.00>
ST_19 : Operation 1307 [1/1] (0.00ns)   --->   "%rend238_i = specregionend i32 @_ssdm_op_SpecRegionEnd, void @empty_93, i32 %rbegin237_i" [source/int4_linear_controller.cpp:185->source/int4_linear_controller.cpp:507->source/int4_linear_controller.cpp:897]   --->   Operation 1307 'specregionend' 'rend238_i' <Predicate = (!icmp_ln457)> <Delay = 0.00>
ST_19 : Operation 1308 [1/1] (0.00ns)   --->   "%rend236_i = specregionend i32 @_ssdm_op_SpecRegionEnd, void @empty_92, i32 %rbegin235_i" [source/int4_linear_controller.cpp:506->source/int4_linear_controller.cpp:897]   --->   Operation 1308 'specregionend' 'rend236_i' <Predicate = (!icmp_ln457)> <Delay = 0.00>
ST_19 : Operation 1309 [1/1] (0.00ns)   --->   "%rbegin231_i = specregionbegin i32 @_ssdm_op_SpecRegionBegin, void @empty_90" [source/int4_linear_controller.cpp:506->source/int4_linear_controller.cpp:897]   --->   Operation 1309 'specregionbegin' 'rbegin231_i' <Predicate = (!icmp_ln457)> <Delay = 0.00>
ST_19 : Operation 1310 [1/1] (0.00ns)   --->   "%rbegin233_i = specregionbegin i32 @_ssdm_op_SpecRegionBegin, void @empty_91" [source/int4_linear_controller.cpp:185->source/int4_linear_controller.cpp:507->source/int4_linear_controller.cpp:897]   --->   Operation 1310 'specregionbegin' 'rbegin233_i' <Predicate = (!icmp_ln457)> <Delay = 0.00>
ST_19 : Operation 1311 [1/1] (0.00ns)   --->   "%rend234_i = specregionend i32 @_ssdm_op_SpecRegionEnd, void @empty_91, i32 %rbegin233_i" [source/int4_linear_controller.cpp:185->source/int4_linear_controller.cpp:507->source/int4_linear_controller.cpp:897]   --->   Operation 1311 'specregionend' 'rend234_i' <Predicate = (!icmp_ln457)> <Delay = 0.00>
ST_19 : Operation 1312 [1/1] (0.00ns)   --->   "%rend232_i = specregionend i32 @_ssdm_op_SpecRegionEnd, void @empty_90, i32 %rbegin231_i" [source/int4_linear_controller.cpp:506->source/int4_linear_controller.cpp:897]   --->   Operation 1312 'specregionend' 'rend232_i' <Predicate = (!icmp_ln457)> <Delay = 0.00>
ST_19 : Operation 1313 [1/1] (0.00ns)   --->   "%rbegin227_i = specregionbegin i32 @_ssdm_op_SpecRegionBegin, void @empty_88" [source/int4_linear_controller.cpp:506->source/int4_linear_controller.cpp:897]   --->   Operation 1313 'specregionbegin' 'rbegin227_i' <Predicate = (!icmp_ln457)> <Delay = 0.00>
ST_19 : Operation 1314 [1/1] (0.00ns)   --->   "%rbegin229_i = specregionbegin i32 @_ssdm_op_SpecRegionBegin, void @empty_89" [source/int4_linear_controller.cpp:185->source/int4_linear_controller.cpp:507->source/int4_linear_controller.cpp:897]   --->   Operation 1314 'specregionbegin' 'rbegin229_i' <Predicate = (!icmp_ln457)> <Delay = 0.00>
ST_19 : Operation 1315 [1/1] (0.00ns)   --->   "%rend230_i = specregionend i32 @_ssdm_op_SpecRegionEnd, void @empty_89, i32 %rbegin229_i" [source/int4_linear_controller.cpp:185->source/int4_linear_controller.cpp:507->source/int4_linear_controller.cpp:897]   --->   Operation 1315 'specregionend' 'rend230_i' <Predicate = (!icmp_ln457)> <Delay = 0.00>
ST_19 : Operation 1316 [1/1] (0.00ns)   --->   "%rend228_i = specregionend i32 @_ssdm_op_SpecRegionEnd, void @empty_88, i32 %rbegin227_i" [source/int4_linear_controller.cpp:506->source/int4_linear_controller.cpp:897]   --->   Operation 1316 'specregionend' 'rend228_i' <Predicate = (!icmp_ln457)> <Delay = 0.00>
ST_19 : Operation 1317 [1/1] (0.00ns)   --->   "%rbegin223_i = specregionbegin i32 @_ssdm_op_SpecRegionBegin, void @empty_86" [source/int4_linear_controller.cpp:506->source/int4_linear_controller.cpp:897]   --->   Operation 1317 'specregionbegin' 'rbegin223_i' <Predicate = (!icmp_ln457)> <Delay = 0.00>
ST_19 : Operation 1318 [1/1] (0.00ns)   --->   "%rbegin225_i = specregionbegin i32 @_ssdm_op_SpecRegionBegin, void @empty_87" [source/int4_linear_controller.cpp:185->source/int4_linear_controller.cpp:507->source/int4_linear_controller.cpp:897]   --->   Operation 1318 'specregionbegin' 'rbegin225_i' <Predicate = (!icmp_ln457)> <Delay = 0.00>
ST_19 : Operation 1319 [1/1] (0.00ns)   --->   "%rend226_i = specregionend i32 @_ssdm_op_SpecRegionEnd, void @empty_87, i32 %rbegin225_i" [source/int4_linear_controller.cpp:185->source/int4_linear_controller.cpp:507->source/int4_linear_controller.cpp:897]   --->   Operation 1319 'specregionend' 'rend226_i' <Predicate = (!icmp_ln457)> <Delay = 0.00>
ST_19 : Operation 1320 [1/1] (0.00ns)   --->   "%rend224_i = specregionend i32 @_ssdm_op_SpecRegionEnd, void @empty_86, i32 %rbegin223_i" [source/int4_linear_controller.cpp:506->source/int4_linear_controller.cpp:897]   --->   Operation 1320 'specregionend' 'rend224_i' <Predicate = (!icmp_ln457)> <Delay = 0.00>
ST_19 : Operation 1321 [1/1] (0.00ns)   --->   "%rbegin219_i = specregionbegin i32 @_ssdm_op_SpecRegionBegin, void @empty_84" [source/int4_linear_controller.cpp:506->source/int4_linear_controller.cpp:897]   --->   Operation 1321 'specregionbegin' 'rbegin219_i' <Predicate = (!icmp_ln457)> <Delay = 0.00>
ST_19 : Operation 1322 [1/1] (0.00ns)   --->   "%rbegin221_i = specregionbegin i32 @_ssdm_op_SpecRegionBegin, void @empty_85" [source/int4_linear_controller.cpp:185->source/int4_linear_controller.cpp:507->source/int4_linear_controller.cpp:897]   --->   Operation 1322 'specregionbegin' 'rbegin221_i' <Predicate = (!icmp_ln457)> <Delay = 0.00>
ST_19 : Operation 1323 [1/1] (0.00ns)   --->   "%rend222_i = specregionend i32 @_ssdm_op_SpecRegionEnd, void @empty_85, i32 %rbegin221_i" [source/int4_linear_controller.cpp:185->source/int4_linear_controller.cpp:507->source/int4_linear_controller.cpp:897]   --->   Operation 1323 'specregionend' 'rend222_i' <Predicate = (!icmp_ln457)> <Delay = 0.00>
ST_19 : Operation 1324 [1/1] (0.00ns)   --->   "%rend220_i = specregionend i32 @_ssdm_op_SpecRegionEnd, void @empty_84, i32 %rbegin219_i" [source/int4_linear_controller.cpp:506->source/int4_linear_controller.cpp:897]   --->   Operation 1324 'specregionend' 'rend220_i' <Predicate = (!icmp_ln457)> <Delay = 0.00>
ST_19 : Operation 1325 [1/1] (0.00ns)   --->   "%rbegin215_i = specregionbegin i32 @_ssdm_op_SpecRegionBegin, void @empty_82" [source/int4_linear_controller.cpp:506->source/int4_linear_controller.cpp:897]   --->   Operation 1325 'specregionbegin' 'rbegin215_i' <Predicate = (!icmp_ln457)> <Delay = 0.00>
ST_19 : Operation 1326 [1/1] (0.00ns)   --->   "%rbegin217_i = specregionbegin i32 @_ssdm_op_SpecRegionBegin, void @empty_83" [source/int4_linear_controller.cpp:185->source/int4_linear_controller.cpp:507->source/int4_linear_controller.cpp:897]   --->   Operation 1326 'specregionbegin' 'rbegin217_i' <Predicate = (!icmp_ln457)> <Delay = 0.00>
ST_19 : Operation 1327 [1/1] (0.00ns)   --->   "%rend218_i = specregionend i32 @_ssdm_op_SpecRegionEnd, void @empty_83, i32 %rbegin217_i" [source/int4_linear_controller.cpp:185->source/int4_linear_controller.cpp:507->source/int4_linear_controller.cpp:897]   --->   Operation 1327 'specregionend' 'rend218_i' <Predicate = (!icmp_ln457)> <Delay = 0.00>
ST_19 : Operation 1328 [1/1] (0.00ns)   --->   "%rend216_i = specregionend i32 @_ssdm_op_SpecRegionEnd, void @empty_82, i32 %rbegin215_i" [source/int4_linear_controller.cpp:506->source/int4_linear_controller.cpp:897]   --->   Operation 1328 'specregionend' 'rend216_i' <Predicate = (!icmp_ln457)> <Delay = 0.00>
ST_19 : Operation 1329 [1/1] (0.00ns)   --->   "%rbegin211_i = specregionbegin i32 @_ssdm_op_SpecRegionBegin, void @empty_80" [source/int4_linear_controller.cpp:506->source/int4_linear_controller.cpp:897]   --->   Operation 1329 'specregionbegin' 'rbegin211_i' <Predicate = (!icmp_ln457)> <Delay = 0.00>
ST_19 : Operation 1330 [1/1] (0.00ns)   --->   "%rbegin213_i = specregionbegin i32 @_ssdm_op_SpecRegionBegin, void @empty_81" [source/int4_linear_controller.cpp:185->source/int4_linear_controller.cpp:507->source/int4_linear_controller.cpp:897]   --->   Operation 1330 'specregionbegin' 'rbegin213_i' <Predicate = (!icmp_ln457)> <Delay = 0.00>
ST_19 : Operation 1331 [1/1] (0.00ns)   --->   "%rend214_i = specregionend i32 @_ssdm_op_SpecRegionEnd, void @empty_81, i32 %rbegin213_i" [source/int4_linear_controller.cpp:185->source/int4_linear_controller.cpp:507->source/int4_linear_controller.cpp:897]   --->   Operation 1331 'specregionend' 'rend214_i' <Predicate = (!icmp_ln457)> <Delay = 0.00>
ST_19 : Operation 1332 [1/1] (0.00ns)   --->   "%rend212_i = specregionend i32 @_ssdm_op_SpecRegionEnd, void @empty_80, i32 %rbegin211_i" [source/int4_linear_controller.cpp:506->source/int4_linear_controller.cpp:897]   --->   Operation 1332 'specregionend' 'rend212_i' <Predicate = (!icmp_ln457)> <Delay = 0.00>
ST_19 : Operation 1333 [1/1] (0.00ns)   --->   "%rbegin207_i = specregionbegin i32 @_ssdm_op_SpecRegionBegin, void @empty_78" [source/int4_linear_controller.cpp:506->source/int4_linear_controller.cpp:897]   --->   Operation 1333 'specregionbegin' 'rbegin207_i' <Predicate = (!icmp_ln457)> <Delay = 0.00>
ST_19 : Operation 1334 [1/1] (0.00ns)   --->   "%rbegin209_i = specregionbegin i32 @_ssdm_op_SpecRegionBegin, void @empty_79" [source/int4_linear_controller.cpp:185->source/int4_linear_controller.cpp:507->source/int4_linear_controller.cpp:897]   --->   Operation 1334 'specregionbegin' 'rbegin209_i' <Predicate = (!icmp_ln457)> <Delay = 0.00>
ST_19 : Operation 1335 [1/1] (0.00ns)   --->   "%rend210_i = specregionend i32 @_ssdm_op_SpecRegionEnd, void @empty_79, i32 %rbegin209_i" [source/int4_linear_controller.cpp:185->source/int4_linear_controller.cpp:507->source/int4_linear_controller.cpp:897]   --->   Operation 1335 'specregionend' 'rend210_i' <Predicate = (!icmp_ln457)> <Delay = 0.00>
ST_19 : Operation 1336 [1/1] (0.00ns)   --->   "%rend208_i = specregionend i32 @_ssdm_op_SpecRegionEnd, void @empty_78, i32 %rbegin207_i" [source/int4_linear_controller.cpp:506->source/int4_linear_controller.cpp:897]   --->   Operation 1336 'specregionend' 'rend208_i' <Predicate = (!icmp_ln457)> <Delay = 0.00>
ST_19 : Operation 1337 [1/1] (0.00ns)   --->   "%rbegin203_i = specregionbegin i32 @_ssdm_op_SpecRegionBegin, void @empty_76" [source/int4_linear_controller.cpp:506->source/int4_linear_controller.cpp:897]   --->   Operation 1337 'specregionbegin' 'rbegin203_i' <Predicate = (!icmp_ln457)> <Delay = 0.00>
ST_19 : Operation 1338 [1/1] (0.00ns)   --->   "%rbegin205_i = specregionbegin i32 @_ssdm_op_SpecRegionBegin, void @empty_77" [source/int4_linear_controller.cpp:185->source/int4_linear_controller.cpp:507->source/int4_linear_controller.cpp:897]   --->   Operation 1338 'specregionbegin' 'rbegin205_i' <Predicate = (!icmp_ln457)> <Delay = 0.00>
ST_19 : Operation 1339 [1/1] (0.00ns)   --->   "%rend206_i = specregionend i32 @_ssdm_op_SpecRegionEnd, void @empty_77, i32 %rbegin205_i" [source/int4_linear_controller.cpp:185->source/int4_linear_controller.cpp:507->source/int4_linear_controller.cpp:897]   --->   Operation 1339 'specregionend' 'rend206_i' <Predicate = (!icmp_ln457)> <Delay = 0.00>
ST_19 : Operation 1340 [1/1] (0.00ns)   --->   "%rend204_i = specregionend i32 @_ssdm_op_SpecRegionEnd, void @empty_76, i32 %rbegin203_i" [source/int4_linear_controller.cpp:506->source/int4_linear_controller.cpp:897]   --->   Operation 1340 'specregionend' 'rend204_i' <Predicate = (!icmp_ln457)> <Delay = 0.00>
ST_19 : Operation 1341 [1/1] (0.00ns)   --->   "%rbegin199_i = specregionbegin i32 @_ssdm_op_SpecRegionBegin, void @empty_74" [source/int4_linear_controller.cpp:506->source/int4_linear_controller.cpp:897]   --->   Operation 1341 'specregionbegin' 'rbegin199_i' <Predicate = (!icmp_ln457)> <Delay = 0.00>
ST_19 : Operation 1342 [1/1] (0.00ns)   --->   "%rbegin201_i = specregionbegin i32 @_ssdm_op_SpecRegionBegin, void @empty_75" [source/int4_linear_controller.cpp:185->source/int4_linear_controller.cpp:507->source/int4_linear_controller.cpp:897]   --->   Operation 1342 'specregionbegin' 'rbegin201_i' <Predicate = (!icmp_ln457)> <Delay = 0.00>
ST_19 : Operation 1343 [1/1] (0.00ns)   --->   "%rend202_i = specregionend i32 @_ssdm_op_SpecRegionEnd, void @empty_75, i32 %rbegin201_i" [source/int4_linear_controller.cpp:185->source/int4_linear_controller.cpp:507->source/int4_linear_controller.cpp:897]   --->   Operation 1343 'specregionend' 'rend202_i' <Predicate = (!icmp_ln457)> <Delay = 0.00>
ST_19 : Operation 1344 [1/1] (0.00ns)   --->   "%rend200_i = specregionend i32 @_ssdm_op_SpecRegionEnd, void @empty_74, i32 %rbegin199_i" [source/int4_linear_controller.cpp:506->source/int4_linear_controller.cpp:897]   --->   Operation 1344 'specregionend' 'rend200_i' <Predicate = (!icmp_ln457)> <Delay = 0.00>
ST_19 : Operation 1345 [1/1] (0.00ns)   --->   "%rbegin195_i = specregionbegin i32 @_ssdm_op_SpecRegionBegin, void @empty_72" [source/int4_linear_controller.cpp:506->source/int4_linear_controller.cpp:897]   --->   Operation 1345 'specregionbegin' 'rbegin195_i' <Predicate = (!icmp_ln457)> <Delay = 0.00>
ST_19 : Operation 1346 [1/1] (0.00ns)   --->   "%rbegin197_i = specregionbegin i32 @_ssdm_op_SpecRegionBegin, void @empty_73" [source/int4_linear_controller.cpp:185->source/int4_linear_controller.cpp:507->source/int4_linear_controller.cpp:897]   --->   Operation 1346 'specregionbegin' 'rbegin197_i' <Predicate = (!icmp_ln457)> <Delay = 0.00>
ST_19 : Operation 1347 [1/1] (0.00ns)   --->   "%rend198_i = specregionend i32 @_ssdm_op_SpecRegionEnd, void @empty_73, i32 %rbegin197_i" [source/int4_linear_controller.cpp:185->source/int4_linear_controller.cpp:507->source/int4_linear_controller.cpp:897]   --->   Operation 1347 'specregionend' 'rend198_i' <Predicate = (!icmp_ln457)> <Delay = 0.00>
ST_19 : Operation 1348 [1/1] (0.00ns)   --->   "%rend196_i = specregionend i32 @_ssdm_op_SpecRegionEnd, void @empty_72, i32 %rbegin195_i" [source/int4_linear_controller.cpp:506->source/int4_linear_controller.cpp:897]   --->   Operation 1348 'specregionend' 'rend196_i' <Predicate = (!icmp_ln457)> <Delay = 0.00>
ST_19 : Operation 1349 [1/1] (0.00ns)   --->   "%rbegin191_i = specregionbegin i32 @_ssdm_op_SpecRegionBegin, void @empty_70" [source/int4_linear_controller.cpp:506->source/int4_linear_controller.cpp:897]   --->   Operation 1349 'specregionbegin' 'rbegin191_i' <Predicate = (!icmp_ln457)> <Delay = 0.00>
ST_19 : Operation 1350 [1/1] (0.00ns)   --->   "%rbegin193_i = specregionbegin i32 @_ssdm_op_SpecRegionBegin, void @empty_71" [source/int4_linear_controller.cpp:185->source/int4_linear_controller.cpp:507->source/int4_linear_controller.cpp:897]   --->   Operation 1350 'specregionbegin' 'rbegin193_i' <Predicate = (!icmp_ln457)> <Delay = 0.00>
ST_19 : Operation 1351 [1/1] (0.00ns)   --->   "%rend194_i = specregionend i32 @_ssdm_op_SpecRegionEnd, void @empty_71, i32 %rbegin193_i" [source/int4_linear_controller.cpp:185->source/int4_linear_controller.cpp:507->source/int4_linear_controller.cpp:897]   --->   Operation 1351 'specregionend' 'rend194_i' <Predicate = (!icmp_ln457)> <Delay = 0.00>
ST_19 : Operation 1352 [1/1] (0.00ns)   --->   "%rend192_i = specregionend i32 @_ssdm_op_SpecRegionEnd, void @empty_70, i32 %rbegin191_i" [source/int4_linear_controller.cpp:506->source/int4_linear_controller.cpp:897]   --->   Operation 1352 'specregionend' 'rend192_i' <Predicate = (!icmp_ln457)> <Delay = 0.00>
ST_19 : Operation 1353 [1/1] (0.00ns)   --->   "%rbegin187_i = specregionbegin i32 @_ssdm_op_SpecRegionBegin, void @empty_68" [source/int4_linear_controller.cpp:506->source/int4_linear_controller.cpp:897]   --->   Operation 1353 'specregionbegin' 'rbegin187_i' <Predicate = (!icmp_ln457)> <Delay = 0.00>
ST_19 : Operation 1354 [1/1] (0.00ns)   --->   "%rbegin189_i = specregionbegin i32 @_ssdm_op_SpecRegionBegin, void @empty_69" [source/int4_linear_controller.cpp:185->source/int4_linear_controller.cpp:507->source/int4_linear_controller.cpp:897]   --->   Operation 1354 'specregionbegin' 'rbegin189_i' <Predicate = (!icmp_ln457)> <Delay = 0.00>
ST_19 : Operation 1355 [1/1] (0.00ns)   --->   "%rend190_i = specregionend i32 @_ssdm_op_SpecRegionEnd, void @empty_69, i32 %rbegin189_i" [source/int4_linear_controller.cpp:185->source/int4_linear_controller.cpp:507->source/int4_linear_controller.cpp:897]   --->   Operation 1355 'specregionend' 'rend190_i' <Predicate = (!icmp_ln457)> <Delay = 0.00>
ST_19 : Operation 1356 [1/1] (0.00ns)   --->   "%rend188_i = specregionend i32 @_ssdm_op_SpecRegionEnd, void @empty_68, i32 %rbegin187_i" [source/int4_linear_controller.cpp:506->source/int4_linear_controller.cpp:897]   --->   Operation 1356 'specregionend' 'rend188_i' <Predicate = (!icmp_ln457)> <Delay = 0.00>
ST_19 : Operation 1357 [1/1] (0.00ns)   --->   "%rbegin183_i = specregionbegin i32 @_ssdm_op_SpecRegionBegin, void @empty_66" [source/int4_linear_controller.cpp:506->source/int4_linear_controller.cpp:897]   --->   Operation 1357 'specregionbegin' 'rbegin183_i' <Predicate = (!icmp_ln457)> <Delay = 0.00>
ST_19 : Operation 1358 [1/1] (0.00ns)   --->   "%rbegin185_i = specregionbegin i32 @_ssdm_op_SpecRegionBegin, void @empty_67" [source/int4_linear_controller.cpp:185->source/int4_linear_controller.cpp:507->source/int4_linear_controller.cpp:897]   --->   Operation 1358 'specregionbegin' 'rbegin185_i' <Predicate = (!icmp_ln457)> <Delay = 0.00>
ST_19 : Operation 1359 [1/1] (0.00ns)   --->   "%rend186_i = specregionend i32 @_ssdm_op_SpecRegionEnd, void @empty_67, i32 %rbegin185_i" [source/int4_linear_controller.cpp:185->source/int4_linear_controller.cpp:507->source/int4_linear_controller.cpp:897]   --->   Operation 1359 'specregionend' 'rend186_i' <Predicate = (!icmp_ln457)> <Delay = 0.00>
ST_19 : Operation 1360 [1/1] (0.00ns)   --->   "%rend184_i = specregionend i32 @_ssdm_op_SpecRegionEnd, void @empty_66, i32 %rbegin183_i" [source/int4_linear_controller.cpp:506->source/int4_linear_controller.cpp:897]   --->   Operation 1360 'specregionend' 'rend184_i' <Predicate = (!icmp_ln457)> <Delay = 0.00>
ST_19 : Operation 1361 [1/1] (0.00ns)   --->   "%rbegin179_i = specregionbegin i32 @_ssdm_op_SpecRegionBegin, void @empty_64" [source/int4_linear_controller.cpp:506->source/int4_linear_controller.cpp:897]   --->   Operation 1361 'specregionbegin' 'rbegin179_i' <Predicate = (!icmp_ln457)> <Delay = 0.00>
ST_19 : Operation 1362 [1/1] (0.00ns)   --->   "%rbegin181_i = specregionbegin i32 @_ssdm_op_SpecRegionBegin, void @empty_65" [source/int4_linear_controller.cpp:185->source/int4_linear_controller.cpp:507->source/int4_linear_controller.cpp:897]   --->   Operation 1362 'specregionbegin' 'rbegin181_i' <Predicate = (!icmp_ln457)> <Delay = 0.00>
ST_19 : Operation 1363 [1/1] (0.00ns)   --->   "%rend182_i = specregionend i32 @_ssdm_op_SpecRegionEnd, void @empty_65, i32 %rbegin181_i" [source/int4_linear_controller.cpp:185->source/int4_linear_controller.cpp:507->source/int4_linear_controller.cpp:897]   --->   Operation 1363 'specregionend' 'rend182_i' <Predicate = (!icmp_ln457)> <Delay = 0.00>
ST_19 : Operation 1364 [1/1] (0.00ns)   --->   "%rend180_i = specregionend i32 @_ssdm_op_SpecRegionEnd, void @empty_64, i32 %rbegin179_i" [source/int4_linear_controller.cpp:506->source/int4_linear_controller.cpp:897]   --->   Operation 1364 'specregionend' 'rend180_i' <Predicate = (!icmp_ln457)> <Delay = 0.00>
ST_19 : Operation 1365 [1/1] (0.00ns)   --->   "%rbegin175_i = specregionbegin i32 @_ssdm_op_SpecRegionBegin, void @empty_62" [source/int4_linear_controller.cpp:506->source/int4_linear_controller.cpp:897]   --->   Operation 1365 'specregionbegin' 'rbegin175_i' <Predicate = (!icmp_ln457)> <Delay = 0.00>
ST_19 : Operation 1366 [1/1] (0.00ns)   --->   "%rbegin177_i = specregionbegin i32 @_ssdm_op_SpecRegionBegin, void @empty_63" [source/int4_linear_controller.cpp:185->source/int4_linear_controller.cpp:507->source/int4_linear_controller.cpp:897]   --->   Operation 1366 'specregionbegin' 'rbegin177_i' <Predicate = (!icmp_ln457)> <Delay = 0.00>
ST_19 : Operation 1367 [1/1] (0.00ns)   --->   "%rend178_i = specregionend i32 @_ssdm_op_SpecRegionEnd, void @empty_63, i32 %rbegin177_i" [source/int4_linear_controller.cpp:185->source/int4_linear_controller.cpp:507->source/int4_linear_controller.cpp:897]   --->   Operation 1367 'specregionend' 'rend178_i' <Predicate = (!icmp_ln457)> <Delay = 0.00>
ST_19 : Operation 1368 [1/1] (0.00ns)   --->   "%rend176_i = specregionend i32 @_ssdm_op_SpecRegionEnd, void @empty_62, i32 %rbegin175_i" [source/int4_linear_controller.cpp:506->source/int4_linear_controller.cpp:897]   --->   Operation 1368 'specregionend' 'rend176_i' <Predicate = (!icmp_ln457)> <Delay = 0.00>
ST_19 : Operation 1369 [1/1] (0.00ns)   --->   "%rbegin171_i = specregionbegin i32 @_ssdm_op_SpecRegionBegin, void @empty_247" [source/int4_linear_controller.cpp:506->source/int4_linear_controller.cpp:897]   --->   Operation 1369 'specregionbegin' 'rbegin171_i' <Predicate = (!icmp_ln457)> <Delay = 0.00>
ST_19 : Operation 1370 [1/1] (0.00ns)   --->   "%rbegin173_i = specregionbegin i32 @_ssdm_op_SpecRegionBegin, void @empty_61" [source/int4_linear_controller.cpp:185->source/int4_linear_controller.cpp:507->source/int4_linear_controller.cpp:897]   --->   Operation 1370 'specregionbegin' 'rbegin173_i' <Predicate = (!icmp_ln457)> <Delay = 0.00>
ST_19 : Operation 1371 [1/1] (0.00ns)   --->   "%rend174_i = specregionend i32 @_ssdm_op_SpecRegionEnd, void @empty_61, i32 %rbegin173_i" [source/int4_linear_controller.cpp:185->source/int4_linear_controller.cpp:507->source/int4_linear_controller.cpp:897]   --->   Operation 1371 'specregionend' 'rend174_i' <Predicate = (!icmp_ln457)> <Delay = 0.00>
ST_19 : Operation 1372 [1/1] (0.00ns)   --->   "%rend172_i = specregionend i32 @_ssdm_op_SpecRegionEnd, void @empty_247, i32 %rbegin171_i" [source/int4_linear_controller.cpp:506->source/int4_linear_controller.cpp:897]   --->   Operation 1372 'specregionend' 'rend172_i' <Predicate = (!icmp_ln457)> <Delay = 0.00>
ST_19 : Operation 1373 [1/1] (0.00ns)   --->   "%rbegin167_i = specregionbegin i32 @_ssdm_op_SpecRegionBegin, void @empty_58" [source/int4_linear_controller.cpp:506->source/int4_linear_controller.cpp:897]   --->   Operation 1373 'specregionbegin' 'rbegin167_i' <Predicate = (!icmp_ln457)> <Delay = 0.00>
ST_19 : Operation 1374 [1/1] (0.00ns)   --->   "%rbegin169_i = specregionbegin i32 @_ssdm_op_SpecRegionBegin, void @empty_59" [source/int4_linear_controller.cpp:185->source/int4_linear_controller.cpp:507->source/int4_linear_controller.cpp:897]   --->   Operation 1374 'specregionbegin' 'rbegin169_i' <Predicate = (!icmp_ln457)> <Delay = 0.00>
ST_19 : Operation 1375 [1/1] (0.00ns)   --->   "%rend170_i = specregionend i32 @_ssdm_op_SpecRegionEnd, void @empty_59, i32 %rbegin169_i" [source/int4_linear_controller.cpp:185->source/int4_linear_controller.cpp:507->source/int4_linear_controller.cpp:897]   --->   Operation 1375 'specregionend' 'rend170_i' <Predicate = (!icmp_ln457)> <Delay = 0.00>
ST_19 : Operation 1376 [1/1] (0.00ns)   --->   "%rend168_i = specregionend i32 @_ssdm_op_SpecRegionEnd, void @empty_58, i32 %rbegin167_i" [source/int4_linear_controller.cpp:506->source/int4_linear_controller.cpp:897]   --->   Operation 1376 'specregionend' 'rend168_i' <Predicate = (!icmp_ln457)> <Delay = 0.00>
ST_19 : Operation 1377 [1/1] (0.00ns)   --->   "%rbegin163_i = specregionbegin i32 @_ssdm_op_SpecRegionBegin, void @empty_608" [source/int4_linear_controller.cpp:506->source/int4_linear_controller.cpp:897]   --->   Operation 1377 'specregionbegin' 'rbegin163_i' <Predicate = (!icmp_ln457)> <Delay = 0.00>
ST_19 : Operation 1378 [1/1] (0.00ns)   --->   "%rbegin165_i = specregionbegin i32 @_ssdm_op_SpecRegionBegin, void @empty_57" [source/int4_linear_controller.cpp:185->source/int4_linear_controller.cpp:507->source/int4_linear_controller.cpp:897]   --->   Operation 1378 'specregionbegin' 'rbegin165_i' <Predicate = (!icmp_ln457)> <Delay = 0.00>
ST_19 : Operation 1379 [1/1] (0.00ns)   --->   "%rend166_i = specregionend i32 @_ssdm_op_SpecRegionEnd, void @empty_57, i32 %rbegin165_i" [source/int4_linear_controller.cpp:185->source/int4_linear_controller.cpp:507->source/int4_linear_controller.cpp:897]   --->   Operation 1379 'specregionend' 'rend166_i' <Predicate = (!icmp_ln457)> <Delay = 0.00>
ST_19 : Operation 1380 [1/1] (0.00ns)   --->   "%rend164_i = specregionend i32 @_ssdm_op_SpecRegionEnd, void @empty_608, i32 %rbegin163_i" [source/int4_linear_controller.cpp:506->source/int4_linear_controller.cpp:897]   --->   Operation 1380 'specregionend' 'rend164_i' <Predicate = (!icmp_ln457)> <Delay = 0.00>
ST_19 : Operation 1381 [1/1] (0.00ns)   --->   "%rbegin159_i = specregionbegin i32 @_ssdm_op_SpecRegionBegin, void @empty_54" [source/int4_linear_controller.cpp:506->source/int4_linear_controller.cpp:897]   --->   Operation 1381 'specregionbegin' 'rbegin159_i' <Predicate = (!icmp_ln457)> <Delay = 0.00>
ST_19 : Operation 1382 [1/1] (0.00ns)   --->   "%rbegin161_i = specregionbegin i32 @_ssdm_op_SpecRegionBegin, void @empty_55" [source/int4_linear_controller.cpp:185->source/int4_linear_controller.cpp:507->source/int4_linear_controller.cpp:897]   --->   Operation 1382 'specregionbegin' 'rbegin161_i' <Predicate = (!icmp_ln457)> <Delay = 0.00>
ST_19 : Operation 1383 [1/1] (0.00ns)   --->   "%rend162_i = specregionend i32 @_ssdm_op_SpecRegionEnd, void @empty_55, i32 %rbegin161_i" [source/int4_linear_controller.cpp:185->source/int4_linear_controller.cpp:507->source/int4_linear_controller.cpp:897]   --->   Operation 1383 'specregionend' 'rend162_i' <Predicate = (!icmp_ln457)> <Delay = 0.00>
ST_19 : Operation 1384 [1/1] (0.00ns)   --->   "%rend160_i = specregionend i32 @_ssdm_op_SpecRegionEnd, void @empty_54, i32 %rbegin159_i" [source/int4_linear_controller.cpp:506->source/int4_linear_controller.cpp:897]   --->   Operation 1384 'specregionend' 'rend160_i' <Predicate = (!icmp_ln457)> <Delay = 0.00>
ST_19 : Operation 1385 [1/1] (0.00ns)   --->   "%rbegin155_i = specregionbegin i32 @_ssdm_op_SpecRegionBegin, void @empty_52" [source/int4_linear_controller.cpp:506->source/int4_linear_controller.cpp:897]   --->   Operation 1385 'specregionbegin' 'rbegin155_i' <Predicate = (!icmp_ln457)> <Delay = 0.00>
ST_19 : Operation 1386 [1/1] (0.00ns)   --->   "%rbegin157_i = specregionbegin i32 @_ssdm_op_SpecRegionBegin, void @empty_53" [source/int4_linear_controller.cpp:185->source/int4_linear_controller.cpp:507->source/int4_linear_controller.cpp:897]   --->   Operation 1386 'specregionbegin' 'rbegin157_i' <Predicate = (!icmp_ln457)> <Delay = 0.00>
ST_19 : Operation 1387 [1/1] (0.00ns)   --->   "%rend158_i = specregionend i32 @_ssdm_op_SpecRegionEnd, void @empty_53, i32 %rbegin157_i" [source/int4_linear_controller.cpp:185->source/int4_linear_controller.cpp:507->source/int4_linear_controller.cpp:897]   --->   Operation 1387 'specregionend' 'rend158_i' <Predicate = (!icmp_ln457)> <Delay = 0.00>
ST_19 : Operation 1388 [1/1] (0.00ns)   --->   "%rend156_i = specregionend i32 @_ssdm_op_SpecRegionEnd, void @empty_52, i32 %rbegin155_i" [source/int4_linear_controller.cpp:506->source/int4_linear_controller.cpp:897]   --->   Operation 1388 'specregionend' 'rend156_i' <Predicate = (!icmp_ln457)> <Delay = 0.00>
ST_19 : Operation 1389 [1/1] (0.00ns)   --->   "%rbegin151_i = specregionbegin i32 @_ssdm_op_SpecRegionBegin, void @empty_50" [source/int4_linear_controller.cpp:506->source/int4_linear_controller.cpp:897]   --->   Operation 1389 'specregionbegin' 'rbegin151_i' <Predicate = (!icmp_ln457)> <Delay = 0.00>
ST_19 : Operation 1390 [1/1] (0.00ns)   --->   "%rbegin153_i = specregionbegin i32 @_ssdm_op_SpecRegionBegin, void @empty_51" [source/int4_linear_controller.cpp:185->source/int4_linear_controller.cpp:507->source/int4_linear_controller.cpp:897]   --->   Operation 1390 'specregionbegin' 'rbegin153_i' <Predicate = (!icmp_ln457)> <Delay = 0.00>
ST_19 : Operation 1391 [1/1] (0.00ns)   --->   "%rend154_i = specregionend i32 @_ssdm_op_SpecRegionEnd, void @empty_51, i32 %rbegin153_i" [source/int4_linear_controller.cpp:185->source/int4_linear_controller.cpp:507->source/int4_linear_controller.cpp:897]   --->   Operation 1391 'specregionend' 'rend154_i' <Predicate = (!icmp_ln457)> <Delay = 0.00>
ST_19 : Operation 1392 [1/1] (0.00ns)   --->   "%rend152_i = specregionend i32 @_ssdm_op_SpecRegionEnd, void @empty_50, i32 %rbegin151_i" [source/int4_linear_controller.cpp:506->source/int4_linear_controller.cpp:897]   --->   Operation 1392 'specregionend' 'rend152_i' <Predicate = (!icmp_ln457)> <Delay = 0.00>
ST_19 : Operation 1393 [1/1] (0.00ns)   --->   "%rbegin147_i = specregionbegin i32 @_ssdm_op_SpecRegionBegin, void @empty_48" [source/int4_linear_controller.cpp:506->source/int4_linear_controller.cpp:897]   --->   Operation 1393 'specregionbegin' 'rbegin147_i' <Predicate = (!icmp_ln457)> <Delay = 0.00>
ST_19 : Operation 1394 [1/1] (0.00ns)   --->   "%rbegin149_i = specregionbegin i32 @_ssdm_op_SpecRegionBegin, void @empty_49" [source/int4_linear_controller.cpp:185->source/int4_linear_controller.cpp:507->source/int4_linear_controller.cpp:897]   --->   Operation 1394 'specregionbegin' 'rbegin149_i' <Predicate = (!icmp_ln457)> <Delay = 0.00>
ST_19 : Operation 1395 [1/1] (0.00ns)   --->   "%rend150_i = specregionend i32 @_ssdm_op_SpecRegionEnd, void @empty_49, i32 %rbegin149_i" [source/int4_linear_controller.cpp:185->source/int4_linear_controller.cpp:507->source/int4_linear_controller.cpp:897]   --->   Operation 1395 'specregionend' 'rend150_i' <Predicate = (!icmp_ln457)> <Delay = 0.00>
ST_19 : Operation 1396 [1/1] (0.00ns)   --->   "%rend148_i = specregionend i32 @_ssdm_op_SpecRegionEnd, void @empty_48, i32 %rbegin147_i" [source/int4_linear_controller.cpp:506->source/int4_linear_controller.cpp:897]   --->   Operation 1396 'specregionend' 'rend148_i' <Predicate = (!icmp_ln457)> <Delay = 0.00>
ST_19 : Operation 1397 [1/1] (0.00ns)   --->   "%rbegin143_i = specregionbegin i32 @_ssdm_op_SpecRegionBegin, void @empty_46" [source/int4_linear_controller.cpp:506->source/int4_linear_controller.cpp:897]   --->   Operation 1397 'specregionbegin' 'rbegin143_i' <Predicate = (!icmp_ln457)> <Delay = 0.00>
ST_19 : Operation 1398 [1/1] (0.00ns)   --->   "%rbegin145_i = specregionbegin i32 @_ssdm_op_SpecRegionBegin, void @empty_47" [source/int4_linear_controller.cpp:185->source/int4_linear_controller.cpp:507->source/int4_linear_controller.cpp:897]   --->   Operation 1398 'specregionbegin' 'rbegin145_i' <Predicate = (!icmp_ln457)> <Delay = 0.00>
ST_19 : Operation 1399 [1/1] (0.00ns)   --->   "%rend146_i = specregionend i32 @_ssdm_op_SpecRegionEnd, void @empty_47, i32 %rbegin145_i" [source/int4_linear_controller.cpp:185->source/int4_linear_controller.cpp:507->source/int4_linear_controller.cpp:897]   --->   Operation 1399 'specregionend' 'rend146_i' <Predicate = (!icmp_ln457)> <Delay = 0.00>
ST_19 : Operation 1400 [1/1] (0.00ns)   --->   "%rend144_i = specregionend i32 @_ssdm_op_SpecRegionEnd, void @empty_46, i32 %rbegin143_i" [source/int4_linear_controller.cpp:506->source/int4_linear_controller.cpp:897]   --->   Operation 1400 'specregionend' 'rend144_i' <Predicate = (!icmp_ln457)> <Delay = 0.00>
ST_19 : Operation 1401 [1/1] (0.00ns)   --->   "%rbegin139_i = specregionbegin i32 @_ssdm_op_SpecRegionBegin, void @empty_44" [source/int4_linear_controller.cpp:506->source/int4_linear_controller.cpp:897]   --->   Operation 1401 'specregionbegin' 'rbegin139_i' <Predicate = (!icmp_ln457)> <Delay = 0.00>
ST_19 : Operation 1402 [1/1] (0.00ns)   --->   "%rbegin141_i = specregionbegin i32 @_ssdm_op_SpecRegionBegin, void @empty_45" [source/int4_linear_controller.cpp:185->source/int4_linear_controller.cpp:507->source/int4_linear_controller.cpp:897]   --->   Operation 1402 'specregionbegin' 'rbegin141_i' <Predicate = (!icmp_ln457)> <Delay = 0.00>
ST_19 : Operation 1403 [1/1] (0.00ns)   --->   "%rend142_i = specregionend i32 @_ssdm_op_SpecRegionEnd, void @empty_45, i32 %rbegin141_i" [source/int4_linear_controller.cpp:185->source/int4_linear_controller.cpp:507->source/int4_linear_controller.cpp:897]   --->   Operation 1403 'specregionend' 'rend142_i' <Predicate = (!icmp_ln457)> <Delay = 0.00>
ST_19 : Operation 1404 [1/1] (0.00ns)   --->   "%rend140_i = specregionend i32 @_ssdm_op_SpecRegionEnd, void @empty_44, i32 %rbegin139_i" [source/int4_linear_controller.cpp:506->source/int4_linear_controller.cpp:897]   --->   Operation 1404 'specregionend' 'rend140_i' <Predicate = (!icmp_ln457)> <Delay = 0.00>
ST_19 : Operation 1405 [1/1] (0.00ns)   --->   "%rbegin135_i = specregionbegin i32 @_ssdm_op_SpecRegionBegin, void @empty_42" [source/int4_linear_controller.cpp:506->source/int4_linear_controller.cpp:897]   --->   Operation 1405 'specregionbegin' 'rbegin135_i' <Predicate = (!icmp_ln457)> <Delay = 0.00>
ST_19 : Operation 1406 [1/1] (0.00ns)   --->   "%rbegin137_i = specregionbegin i32 @_ssdm_op_SpecRegionBegin, void @empty_43" [source/int4_linear_controller.cpp:185->source/int4_linear_controller.cpp:507->source/int4_linear_controller.cpp:897]   --->   Operation 1406 'specregionbegin' 'rbegin137_i' <Predicate = (!icmp_ln457)> <Delay = 0.00>
ST_19 : Operation 1407 [1/1] (0.00ns)   --->   "%rend138_i = specregionend i32 @_ssdm_op_SpecRegionEnd, void @empty_43, i32 %rbegin137_i" [source/int4_linear_controller.cpp:185->source/int4_linear_controller.cpp:507->source/int4_linear_controller.cpp:897]   --->   Operation 1407 'specregionend' 'rend138_i' <Predicate = (!icmp_ln457)> <Delay = 0.00>
ST_19 : Operation 1408 [1/1] (0.00ns)   --->   "%rend136_i = specregionend i32 @_ssdm_op_SpecRegionEnd, void @empty_42, i32 %rbegin135_i" [source/int4_linear_controller.cpp:506->source/int4_linear_controller.cpp:897]   --->   Operation 1408 'specregionend' 'rend136_i' <Predicate = (!icmp_ln457)> <Delay = 0.00>
ST_19 : Operation 1409 [1/1] (0.00ns)   --->   "%rbegin131_i = specregionbegin i32 @_ssdm_op_SpecRegionBegin, void @empty_40" [source/int4_linear_controller.cpp:506->source/int4_linear_controller.cpp:897]   --->   Operation 1409 'specregionbegin' 'rbegin131_i' <Predicate = (!icmp_ln457)> <Delay = 0.00>
ST_19 : Operation 1410 [1/1] (0.00ns)   --->   "%rbegin133_i = specregionbegin i32 @_ssdm_op_SpecRegionBegin, void @empty_41" [source/int4_linear_controller.cpp:185->source/int4_linear_controller.cpp:507->source/int4_linear_controller.cpp:897]   --->   Operation 1410 'specregionbegin' 'rbegin133_i' <Predicate = (!icmp_ln457)> <Delay = 0.00>
ST_19 : Operation 1411 [1/1] (0.00ns)   --->   "%rend134_i = specregionend i32 @_ssdm_op_SpecRegionEnd, void @empty_41, i32 %rbegin133_i" [source/int4_linear_controller.cpp:185->source/int4_linear_controller.cpp:507->source/int4_linear_controller.cpp:897]   --->   Operation 1411 'specregionend' 'rend134_i' <Predicate = (!icmp_ln457)> <Delay = 0.00>
ST_19 : Operation 1412 [1/1] (0.00ns)   --->   "%rend132_i = specregionend i32 @_ssdm_op_SpecRegionEnd, void @empty_40, i32 %rbegin131_i" [source/int4_linear_controller.cpp:506->source/int4_linear_controller.cpp:897]   --->   Operation 1412 'specregionend' 'rend132_i' <Predicate = (!icmp_ln457)> <Delay = 0.00>
ST_19 : Operation 1413 [1/1] (0.00ns)   --->   "%rbegin127_i = specregionbegin i32 @_ssdm_op_SpecRegionBegin, void @empty_375" [source/int4_linear_controller.cpp:506->source/int4_linear_controller.cpp:897]   --->   Operation 1413 'specregionbegin' 'rbegin127_i' <Predicate = (!icmp_ln457)> <Delay = 0.00>
ST_19 : Operation 1414 [1/1] (0.00ns)   --->   "%rbegin129_i = specregionbegin i32 @_ssdm_op_SpecRegionBegin, void @empty_39" [source/int4_linear_controller.cpp:185->source/int4_linear_controller.cpp:507->source/int4_linear_controller.cpp:897]   --->   Operation 1414 'specregionbegin' 'rbegin129_i' <Predicate = (!icmp_ln457)> <Delay = 0.00>
ST_19 : Operation 1415 [1/1] (0.00ns)   --->   "%rend130_i = specregionend i32 @_ssdm_op_SpecRegionEnd, void @empty_39, i32 %rbegin129_i" [source/int4_linear_controller.cpp:185->source/int4_linear_controller.cpp:507->source/int4_linear_controller.cpp:897]   --->   Operation 1415 'specregionend' 'rend130_i' <Predicate = (!icmp_ln457)> <Delay = 0.00>
ST_19 : Operation 1416 [1/1] (0.00ns)   --->   "%rend128_i = specregionend i32 @_ssdm_op_SpecRegionEnd, void @empty_375, i32 %rbegin127_i" [source/int4_linear_controller.cpp:506->source/int4_linear_controller.cpp:897]   --->   Operation 1416 'specregionend' 'rend128_i' <Predicate = (!icmp_ln457)> <Delay = 0.00>
ST_19 : Operation 1417 [1/1] (0.00ns)   --->   "%rbegin123_i = specregionbegin i32 @_ssdm_op_SpecRegionBegin, void @empty_36" [source/int4_linear_controller.cpp:506->source/int4_linear_controller.cpp:897]   --->   Operation 1417 'specregionbegin' 'rbegin123_i' <Predicate = (!icmp_ln457)> <Delay = 0.00>
ST_19 : Operation 1418 [1/1] (0.00ns)   --->   "%rbegin125_i = specregionbegin i32 @_ssdm_op_SpecRegionBegin, void @empty_37" [source/int4_linear_controller.cpp:185->source/int4_linear_controller.cpp:507->source/int4_linear_controller.cpp:897]   --->   Operation 1418 'specregionbegin' 'rbegin125_i' <Predicate = (!icmp_ln457)> <Delay = 0.00>
ST_19 : Operation 1419 [1/1] (0.00ns)   --->   "%rend126_i = specregionend i32 @_ssdm_op_SpecRegionEnd, void @empty_37, i32 %rbegin125_i" [source/int4_linear_controller.cpp:185->source/int4_linear_controller.cpp:507->source/int4_linear_controller.cpp:897]   --->   Operation 1419 'specregionend' 'rend126_i' <Predicate = (!icmp_ln457)> <Delay = 0.00>
ST_19 : Operation 1420 [1/1] (0.00ns)   --->   "%rend124_i = specregionend i32 @_ssdm_op_SpecRegionEnd, void @empty_36, i32 %rbegin123_i" [source/int4_linear_controller.cpp:506->source/int4_linear_controller.cpp:897]   --->   Operation 1420 'specregionend' 'rend124_i' <Predicate = (!icmp_ln457)> <Delay = 0.00>
ST_19 : Operation 1421 [1/1] (0.00ns)   --->   "%rbegin119_i = specregionbegin i32 @_ssdm_op_SpecRegionBegin, void @empty_564" [source/int4_linear_controller.cpp:506->source/int4_linear_controller.cpp:897]   --->   Operation 1421 'specregionbegin' 'rbegin119_i' <Predicate = (!icmp_ln457)> <Delay = 0.00>
ST_19 : Operation 1422 [1/1] (0.00ns)   --->   "%rbegin121_i = specregionbegin i32 @_ssdm_op_SpecRegionBegin, void @empty_35" [source/int4_linear_controller.cpp:185->source/int4_linear_controller.cpp:507->source/int4_linear_controller.cpp:897]   --->   Operation 1422 'specregionbegin' 'rbegin121_i' <Predicate = (!icmp_ln457)> <Delay = 0.00>
ST_19 : Operation 1423 [1/1] (0.00ns)   --->   "%rend122_i = specregionend i32 @_ssdm_op_SpecRegionEnd, void @empty_35, i32 %rbegin121_i" [source/int4_linear_controller.cpp:185->source/int4_linear_controller.cpp:507->source/int4_linear_controller.cpp:897]   --->   Operation 1423 'specregionend' 'rend122_i' <Predicate = (!icmp_ln457)> <Delay = 0.00>
ST_19 : Operation 1424 [1/1] (0.00ns)   --->   "%rend120_i = specregionend i32 @_ssdm_op_SpecRegionEnd, void @empty_564, i32 %rbegin119_i" [source/int4_linear_controller.cpp:506->source/int4_linear_controller.cpp:897]   --->   Operation 1424 'specregionend' 'rend120_i' <Predicate = (!icmp_ln457)> <Delay = 0.00>
ST_19 : Operation 1425 [1/1] (0.00ns)   --->   "%rbegin115_i = specregionbegin i32 @_ssdm_op_SpecRegionBegin, void @empty_32" [source/int4_linear_controller.cpp:506->source/int4_linear_controller.cpp:897]   --->   Operation 1425 'specregionbegin' 'rbegin115_i' <Predicate = (!icmp_ln457)> <Delay = 0.00>
ST_19 : Operation 1426 [1/1] (0.00ns)   --->   "%rbegin117_i = specregionbegin i32 @_ssdm_op_SpecRegionBegin, void @empty_33" [source/int4_linear_controller.cpp:185->source/int4_linear_controller.cpp:507->source/int4_linear_controller.cpp:897]   --->   Operation 1426 'specregionbegin' 'rbegin117_i' <Predicate = (!icmp_ln457)> <Delay = 0.00>
ST_19 : Operation 1427 [1/1] (0.00ns)   --->   "%rend118_i = specregionend i32 @_ssdm_op_SpecRegionEnd, void @empty_33, i32 %rbegin117_i" [source/int4_linear_controller.cpp:185->source/int4_linear_controller.cpp:507->source/int4_linear_controller.cpp:897]   --->   Operation 1427 'specregionend' 'rend118_i' <Predicate = (!icmp_ln457)> <Delay = 0.00>
ST_19 : Operation 1428 [1/1] (0.00ns)   --->   "%rend116_i = specregionend i32 @_ssdm_op_SpecRegionEnd, void @empty_32, i32 %rbegin115_i" [source/int4_linear_controller.cpp:506->source/int4_linear_controller.cpp:897]   --->   Operation 1428 'specregionend' 'rend116_i' <Predicate = (!icmp_ln457)> <Delay = 0.00>
ST_19 : Operation 1429 [1/1] (0.00ns)   --->   "%rbegin111_i = specregionbegin i32 @_ssdm_op_SpecRegionBegin, void @empty_30" [source/int4_linear_controller.cpp:506->source/int4_linear_controller.cpp:897]   --->   Operation 1429 'specregionbegin' 'rbegin111_i' <Predicate = (!icmp_ln457)> <Delay = 0.00>
ST_19 : Operation 1430 [1/1] (0.00ns)   --->   "%rbegin113_i = specregionbegin i32 @_ssdm_op_SpecRegionBegin, void @empty_31" [source/int4_linear_controller.cpp:185->source/int4_linear_controller.cpp:507->source/int4_linear_controller.cpp:897]   --->   Operation 1430 'specregionbegin' 'rbegin113_i' <Predicate = (!icmp_ln457)> <Delay = 0.00>
ST_19 : Operation 1431 [1/1] (0.00ns)   --->   "%rend114_i = specregionend i32 @_ssdm_op_SpecRegionEnd, void @empty_31, i32 %rbegin113_i" [source/int4_linear_controller.cpp:185->source/int4_linear_controller.cpp:507->source/int4_linear_controller.cpp:897]   --->   Operation 1431 'specregionend' 'rend114_i' <Predicate = (!icmp_ln457)> <Delay = 0.00>
ST_19 : Operation 1432 [1/1] (0.00ns)   --->   "%rend112_i = specregionend i32 @_ssdm_op_SpecRegionEnd, void @empty_30, i32 %rbegin111_i" [source/int4_linear_controller.cpp:506->source/int4_linear_controller.cpp:897]   --->   Operation 1432 'specregionend' 'rend112_i' <Predicate = (!icmp_ln457)> <Delay = 0.00>
ST_19 : Operation 1433 [1/1] (0.00ns)   --->   "%rbegin107_i = specregionbegin i32 @_ssdm_op_SpecRegionBegin, void @empty_28" [source/int4_linear_controller.cpp:506->source/int4_linear_controller.cpp:897]   --->   Operation 1433 'specregionbegin' 'rbegin107_i' <Predicate = (!icmp_ln457)> <Delay = 0.00>
ST_19 : Operation 1434 [1/1] (0.00ns)   --->   "%rbegin109_i = specregionbegin i32 @_ssdm_op_SpecRegionBegin, void @empty_29" [source/int4_linear_controller.cpp:185->source/int4_linear_controller.cpp:507->source/int4_linear_controller.cpp:897]   --->   Operation 1434 'specregionbegin' 'rbegin109_i' <Predicate = (!icmp_ln457)> <Delay = 0.00>
ST_19 : Operation 1435 [1/1] (0.00ns)   --->   "%rend110_i = specregionend i32 @_ssdm_op_SpecRegionEnd, void @empty_29, i32 %rbegin109_i" [source/int4_linear_controller.cpp:185->source/int4_linear_controller.cpp:507->source/int4_linear_controller.cpp:897]   --->   Operation 1435 'specregionend' 'rend110_i' <Predicate = (!icmp_ln457)> <Delay = 0.00>
ST_19 : Operation 1436 [1/1] (0.00ns)   --->   "%rend108_i = specregionend i32 @_ssdm_op_SpecRegionEnd, void @empty_28, i32 %rbegin107_i" [source/int4_linear_controller.cpp:506->source/int4_linear_controller.cpp:897]   --->   Operation 1436 'specregionend' 'rend108_i' <Predicate = (!icmp_ln457)> <Delay = 0.00>
ST_19 : Operation 1437 [1/1] (0.00ns)   --->   "%rbegin103_i = specregionbegin i32 @_ssdm_op_SpecRegionBegin, void @empty_26" [source/int4_linear_controller.cpp:506->source/int4_linear_controller.cpp:897]   --->   Operation 1437 'specregionbegin' 'rbegin103_i' <Predicate = (!icmp_ln457)> <Delay = 0.00>
ST_19 : Operation 1438 [1/1] (0.00ns)   --->   "%rbegin105_i = specregionbegin i32 @_ssdm_op_SpecRegionBegin, void @empty_27" [source/int4_linear_controller.cpp:185->source/int4_linear_controller.cpp:507->source/int4_linear_controller.cpp:897]   --->   Operation 1438 'specregionbegin' 'rbegin105_i' <Predicate = (!icmp_ln457)> <Delay = 0.00>
ST_19 : Operation 1439 [1/1] (0.00ns)   --->   "%rend106_i = specregionend i32 @_ssdm_op_SpecRegionEnd, void @empty_27, i32 %rbegin105_i" [source/int4_linear_controller.cpp:185->source/int4_linear_controller.cpp:507->source/int4_linear_controller.cpp:897]   --->   Operation 1439 'specregionend' 'rend106_i' <Predicate = (!icmp_ln457)> <Delay = 0.00>
ST_19 : Operation 1440 [1/1] (0.00ns)   --->   "%rend104_i = specregionend i32 @_ssdm_op_SpecRegionEnd, void @empty_26, i32 %rbegin103_i" [source/int4_linear_controller.cpp:506->source/int4_linear_controller.cpp:897]   --->   Operation 1440 'specregionend' 'rend104_i' <Predicate = (!icmp_ln457)> <Delay = 0.00>
ST_19 : Operation 1441 [1/1] (0.00ns)   --->   "%rbegin99_i = specregionbegin i32 @_ssdm_op_SpecRegionBegin, void @empty_24" [source/int4_linear_controller.cpp:506->source/int4_linear_controller.cpp:897]   --->   Operation 1441 'specregionbegin' 'rbegin99_i' <Predicate = (!icmp_ln457)> <Delay = 0.00>
ST_19 : Operation 1442 [1/1] (0.00ns)   --->   "%rbegin101_i = specregionbegin i32 @_ssdm_op_SpecRegionBegin, void @empty_25" [source/int4_linear_controller.cpp:185->source/int4_linear_controller.cpp:507->source/int4_linear_controller.cpp:897]   --->   Operation 1442 'specregionbegin' 'rbegin101_i' <Predicate = (!icmp_ln457)> <Delay = 0.00>
ST_19 : Operation 1443 [1/1] (0.00ns)   --->   "%rend102_i = specregionend i32 @_ssdm_op_SpecRegionEnd, void @empty_25, i32 %rbegin101_i" [source/int4_linear_controller.cpp:185->source/int4_linear_controller.cpp:507->source/int4_linear_controller.cpp:897]   --->   Operation 1443 'specregionend' 'rend102_i' <Predicate = (!icmp_ln457)> <Delay = 0.00>
ST_19 : Operation 1444 [1/1] (0.00ns)   --->   "%rend100_i = specregionend i32 @_ssdm_op_SpecRegionEnd, void @empty_24, i32 %rbegin99_i" [source/int4_linear_controller.cpp:506->source/int4_linear_controller.cpp:897]   --->   Operation 1444 'specregionend' 'rend100_i' <Predicate = (!icmp_ln457)> <Delay = 0.00>
ST_19 : Operation 1445 [1/1] (0.00ns)   --->   "%rbegin95_i = specregionbegin i32 @_ssdm_op_SpecRegionBegin, void @empty_22" [source/int4_linear_controller.cpp:506->source/int4_linear_controller.cpp:897]   --->   Operation 1445 'specregionbegin' 'rbegin95_i' <Predicate = (!icmp_ln457)> <Delay = 0.00>
ST_19 : Operation 1446 [1/1] (0.00ns)   --->   "%rbegin97_i = specregionbegin i32 @_ssdm_op_SpecRegionBegin, void @empty_23" [source/int4_linear_controller.cpp:185->source/int4_linear_controller.cpp:507->source/int4_linear_controller.cpp:897]   --->   Operation 1446 'specregionbegin' 'rbegin97_i' <Predicate = (!icmp_ln457)> <Delay = 0.00>
ST_19 : Operation 1447 [1/1] (0.00ns)   --->   "%rend98_i = specregionend i32 @_ssdm_op_SpecRegionEnd, void @empty_23, i32 %rbegin97_i" [source/int4_linear_controller.cpp:185->source/int4_linear_controller.cpp:507->source/int4_linear_controller.cpp:897]   --->   Operation 1447 'specregionend' 'rend98_i' <Predicate = (!icmp_ln457)> <Delay = 0.00>
ST_19 : Operation 1448 [1/1] (0.00ns)   --->   "%rend96_i = specregionend i32 @_ssdm_op_SpecRegionEnd, void @empty_22, i32 %rbegin95_i" [source/int4_linear_controller.cpp:506->source/int4_linear_controller.cpp:897]   --->   Operation 1448 'specregionend' 'rend96_i' <Predicate = (!icmp_ln457)> <Delay = 0.00>
ST_19 : Operation 1449 [1/1] (0.00ns)   --->   "%rbegin91_i = specregionbegin i32 @_ssdm_op_SpecRegionBegin, void @empty_20" [source/int4_linear_controller.cpp:506->source/int4_linear_controller.cpp:897]   --->   Operation 1449 'specregionbegin' 'rbegin91_i' <Predicate = (!icmp_ln457)> <Delay = 0.00>
ST_19 : Operation 1450 [1/1] (0.00ns)   --->   "%rbegin93_i = specregionbegin i32 @_ssdm_op_SpecRegionBegin, void @empty_21" [source/int4_linear_controller.cpp:185->source/int4_linear_controller.cpp:507->source/int4_linear_controller.cpp:897]   --->   Operation 1450 'specregionbegin' 'rbegin93_i' <Predicate = (!icmp_ln457)> <Delay = 0.00>
ST_19 : Operation 1451 [1/1] (0.00ns)   --->   "%rend94_i = specregionend i32 @_ssdm_op_SpecRegionEnd, void @empty_21, i32 %rbegin93_i" [source/int4_linear_controller.cpp:185->source/int4_linear_controller.cpp:507->source/int4_linear_controller.cpp:897]   --->   Operation 1451 'specregionend' 'rend94_i' <Predicate = (!icmp_ln457)> <Delay = 0.00>
ST_19 : Operation 1452 [1/1] (0.00ns)   --->   "%rend92_i = specregionend i32 @_ssdm_op_SpecRegionEnd, void @empty_20, i32 %rbegin91_i" [source/int4_linear_controller.cpp:506->source/int4_linear_controller.cpp:897]   --->   Operation 1452 'specregionend' 'rend92_i' <Predicate = (!icmp_ln457)> <Delay = 0.00>
ST_19 : Operation 1453 [1/1] (0.00ns)   --->   "%rbegin87_i = specregionbegin i32 @_ssdm_op_SpecRegionBegin, void @empty_18" [source/int4_linear_controller.cpp:506->source/int4_linear_controller.cpp:897]   --->   Operation 1453 'specregionbegin' 'rbegin87_i' <Predicate = (!icmp_ln457)> <Delay = 0.00>
ST_19 : Operation 1454 [1/1] (0.00ns)   --->   "%rbegin89_i = specregionbegin i32 @_ssdm_op_SpecRegionBegin, void @empty_19" [source/int4_linear_controller.cpp:185->source/int4_linear_controller.cpp:507->source/int4_linear_controller.cpp:897]   --->   Operation 1454 'specregionbegin' 'rbegin89_i' <Predicate = (!icmp_ln457)> <Delay = 0.00>
ST_19 : Operation 1455 [1/1] (0.00ns)   --->   "%rend90_i = specregionend i32 @_ssdm_op_SpecRegionEnd, void @empty_19, i32 %rbegin89_i" [source/int4_linear_controller.cpp:185->source/int4_linear_controller.cpp:507->source/int4_linear_controller.cpp:897]   --->   Operation 1455 'specregionend' 'rend90_i' <Predicate = (!icmp_ln457)> <Delay = 0.00>
ST_19 : Operation 1456 [1/1] (0.00ns)   --->   "%rend88_i = specregionend i32 @_ssdm_op_SpecRegionEnd, void @empty_18, i32 %rbegin87_i" [source/int4_linear_controller.cpp:506->source/int4_linear_controller.cpp:897]   --->   Operation 1456 'specregionend' 'rend88_i' <Predicate = (!icmp_ln457)> <Delay = 0.00>
ST_19 : Operation 1457 [1/1] (0.00ns)   --->   "%rbegin83_i = specregionbegin i32 @_ssdm_op_SpecRegionBegin, void @empty_16" [source/int4_linear_controller.cpp:506->source/int4_linear_controller.cpp:897]   --->   Operation 1457 'specregionbegin' 'rbegin83_i' <Predicate = (!icmp_ln457)> <Delay = 0.00>
ST_19 : Operation 1458 [1/1] (0.00ns)   --->   "%rbegin85_i = specregionbegin i32 @_ssdm_op_SpecRegionBegin, void @empty_17" [source/int4_linear_controller.cpp:185->source/int4_linear_controller.cpp:507->source/int4_linear_controller.cpp:897]   --->   Operation 1458 'specregionbegin' 'rbegin85_i' <Predicate = (!icmp_ln457)> <Delay = 0.00>
ST_19 : Operation 1459 [1/1] (0.00ns)   --->   "%rend86_i = specregionend i32 @_ssdm_op_SpecRegionEnd, void @empty_17, i32 %rbegin85_i" [source/int4_linear_controller.cpp:185->source/int4_linear_controller.cpp:507->source/int4_linear_controller.cpp:897]   --->   Operation 1459 'specregionend' 'rend86_i' <Predicate = (!icmp_ln457)> <Delay = 0.00>
ST_19 : Operation 1460 [1/1] (0.00ns)   --->   "%rend84_i = specregionend i32 @_ssdm_op_SpecRegionEnd, void @empty_16, i32 %rbegin83_i" [source/int4_linear_controller.cpp:506->source/int4_linear_controller.cpp:897]   --->   Operation 1460 'specregionend' 'rend84_i' <Predicate = (!icmp_ln457)> <Delay = 0.00>
ST_19 : Operation 1461 [1/1] (0.00ns)   --->   "%rbegin79_i = specregionbegin i32 @_ssdm_op_SpecRegionBegin, void @empty_14" [source/int4_linear_controller.cpp:506->source/int4_linear_controller.cpp:897]   --->   Operation 1461 'specregionbegin' 'rbegin79_i' <Predicate = (!icmp_ln457)> <Delay = 0.00>
ST_19 : Operation 1462 [1/1] (0.00ns)   --->   "%rbegin81_i = specregionbegin i32 @_ssdm_op_SpecRegionBegin, void @empty_15" [source/int4_linear_controller.cpp:185->source/int4_linear_controller.cpp:507->source/int4_linear_controller.cpp:897]   --->   Operation 1462 'specregionbegin' 'rbegin81_i' <Predicate = (!icmp_ln457)> <Delay = 0.00>
ST_19 : Operation 1463 [1/1] (0.00ns)   --->   "%rend82_i = specregionend i32 @_ssdm_op_SpecRegionEnd, void @empty_15, i32 %rbegin81_i" [source/int4_linear_controller.cpp:185->source/int4_linear_controller.cpp:507->source/int4_linear_controller.cpp:897]   --->   Operation 1463 'specregionend' 'rend82_i' <Predicate = (!icmp_ln457)> <Delay = 0.00>
ST_19 : Operation 1464 [1/1] (0.00ns)   --->   "%rend80_i = specregionend i32 @_ssdm_op_SpecRegionEnd, void @empty_14, i32 %rbegin79_i" [source/int4_linear_controller.cpp:506->source/int4_linear_controller.cpp:897]   --->   Operation 1464 'specregionend' 'rend80_i' <Predicate = (!icmp_ln457)> <Delay = 0.00>
ST_19 : Operation 1465 [1/1] (0.00ns)   --->   "%rbegin_i = specregionbegin i32 @_ssdm_op_SpecRegionBegin, void @empty_12" [source/int4_linear_controller.cpp:506->source/int4_linear_controller.cpp:897]   --->   Operation 1465 'specregionbegin' 'rbegin_i' <Predicate = (!icmp_ln457)> <Delay = 0.00>
ST_19 : Operation 1466 [1/1] (0.00ns)   --->   "%rbegin77_i = specregionbegin i32 @_ssdm_op_SpecRegionBegin, void @empty_13" [source/int4_linear_controller.cpp:185->source/int4_linear_controller.cpp:507->source/int4_linear_controller.cpp:897]   --->   Operation 1466 'specregionbegin' 'rbegin77_i' <Predicate = (!icmp_ln457)> <Delay = 0.00>
ST_19 : Operation 1467 [1/1] (0.00ns)   --->   "%rend78_i = specregionend i32 @_ssdm_op_SpecRegionEnd, void @empty_13, i32 %rbegin77_i" [source/int4_linear_controller.cpp:185->source/int4_linear_controller.cpp:507->source/int4_linear_controller.cpp:897]   --->   Operation 1467 'specregionend' 'rend78_i' <Predicate = (!icmp_ln457)> <Delay = 0.00>
ST_19 : Operation 1468 [1/1] (0.00ns)   --->   "%rend_i = specregionend i32 @_ssdm_op_SpecRegionEnd, void @empty_12, i32 %rbegin_i" [source/int4_linear_controller.cpp:506->source/int4_linear_controller.cpp:897]   --->   Operation 1468 'specregionend' 'rend_i' <Predicate = (!icmp_ln457)> <Delay = 0.00>
ST_19 : Operation 1469 [1/1] (0.00ns)   --->   "%zext_ln204 = zext i1 %tmp" [source/int4_linear_controller.cpp:204->source/int4_linear_controller.cpp:515->source/int4_linear_controller.cpp:897]   --->   Operation 1469 'zext' 'zext_ln204' <Predicate = (!icmp_ln457)> <Delay = 0.00>
ST_19 : Operation 1470 [1/1] (0.82ns)   --->   "%r0 = add i23 %high_raw, i23 %zext_ln204" [source/int4_linear_controller.cpp:205->source/int4_linear_controller.cpp:515->source/int4_linear_controller.cpp:897]   --->   Operation 1470 'add' 'r0' <Predicate = (!icmp_ln457)> <Delay = 0.82> <CoreInst = "Adder">   --->   Core 1 'Adder' <Latency = 0> <II = 1> <Delay = 0.82> <FuncUnit> <Opcode : 'add' 'sub'> <InPorts = 2> <OutPorts = 1>
ST_19 : Operation 1471 [1/1] (0.00ns)   --->   "%zext_ln204_3 = zext i1 %tmp_247" [source/int4_linear_controller.cpp:204->source/int4_linear_controller.cpp:516->source/int4_linear_controller.cpp:897]   --->   Operation 1471 'zext' 'zext_ln204_3' <Predicate = (!icmp_ln457)> <Delay = 0.00>
ST_19 : Operation 1472 [1/1] (0.82ns)   --->   "%r2 = add i23 %high_raw_4, i23 %zext_ln204_3" [source/int4_linear_controller.cpp:205->source/int4_linear_controller.cpp:516->source/int4_linear_controller.cpp:897]   --->   Operation 1472 'add' 'r2' <Predicate = (!icmp_ln457)> <Delay = 0.82> <CoreInst = "Adder">   --->   Core 1 'Adder' <Latency = 0> <II = 1> <Delay = 0.82> <FuncUnit> <Opcode : 'add' 'sub'> <InPorts = 2> <OutPorts = 1>
ST_19 : Operation 1473 [1/1] (0.00ns)   --->   "%result = bitconcatenate i92 @_ssdm_op_BitConcatenate.i92.i23.i23.i23.i23, i23 %low_value_4, i23 %r2, i23 %low_value, i23 %r0" [source/int4_linear_controller.cpp:525->source/int4_linear_controller.cpp:897]   --->   Operation 1473 'bitconcatenate' 'result' <Predicate = (!icmp_ln457)> <Delay = 0.00>
ST_19 : Operation 1474 [1/1] (1.08ns)   --->   "%write_ln527 = write void @_ssdm_op_Write.ap_fifo.volatile.i92P0A, i92 %group_stream, i92 %result" [source/int4_linear_controller.cpp:527->source/int4_linear_controller.cpp:897]   --->   Operation 1474 'write' 'write_ln527' <Predicate = (!icmp_ln457)> <Delay = 1.08> <CoreInst = "FIFO_SRL">   --->   Core 81 'FIFO_SRL' <Latency = 0> <II = 1> <Delay = 1.08> <Storage> <Opcode : 'read' 'write' 'nbread' 'nbwrite'> <Ports = 0> <Width = 92> <Depth = 64> <FIFO>


============================================================
+ Verbose Summary: Timing violations
============================================================
Target clock period: 3.333ns, clock uncertainty: 0.900ns.

 <State 1>: 0.387ns
The critical path consists of the following:
	'alloca' operation 20 bit ('indvar_flatten35') [9]  (0.000 ns)
	'store' operation 0 bit ('store_ln0') of constant 0 on local variable 'indvar_flatten35' [20]  (0.387 ns)

 <State 2>: 1.709ns
The critical path consists of the following:
	'load' operation 15 bit ('indvar_flatten14_load', source/int4_linear_controller.cpp:460->source/int4_linear_controller.cpp:897) on local variable 'indvar_flatten14' [29]  (0.000 ns)
	'icmp' operation 1 bit ('icmp_ln460', source/int4_linear_controller.cpp:460->source/int4_linear_controller.cpp:897) [37]  (0.775 ns)
	'xor' operation 1 bit ('xor_ln457', source/int4_linear_controller.cpp:457->source/int4_linear_controller.cpp:897) [39]  (0.122 ns)
	'and' operation 1 bit ('and_ln457_3', source/int4_linear_controller.cpp:457->source/int4_linear_controller.cpp:897) [43]  (0.122 ns)
	'or' operation 1 bit ('or_ln466', source/int4_linear_controller.cpp:466->source/int4_linear_controller.cpp:897) [1135]  (0.000 ns)
	'select' operation 10 bit ('select_ln466', source/int4_linear_controller.cpp:466->source/int4_linear_controller.cpp:897) [1136]  (0.303 ns)
	'store' operation 0 bit ('store_ln466', source/int4_linear_controller.cpp:466->source/int4_linear_controller.cpp:897) of variable 'select_ln466', source/int4_linear_controller.cpp:466->source/int4_linear_controller.cpp:897 on local variable 'indvar_flatten' [1141]  (0.387 ns)

 <State 3>: 1.982ns
The critical path consists of the following:
	fifo read operation ('weight_word', source/int4_linear_controller.cpp:479->source/int4_linear_controller.cpp:897) on port 'weight_stream' (source/int4_linear_controller.cpp:479->source/int4_linear_controller.cpp:897) [121]  (1.217 ns)
	'add' operation 27 bit ('packed_weight', source/int4_linear_controller.cpp:185->source/int4_linear_controller.cpp:507->source/int4_linear_controller.cpp:897) [128]  (0.766 ns)

 <State 4>: 2.165ns
The critical path consists of the following:
	'add' operation 27 bit ('packed_weight', source/int4_linear_controller.cpp:185->source/int4_linear_controller.cpp:507->source/int4_linear_controller.cpp:897) [128]  (0.766 ns)
	'mul' operation 42 bit ('packed_product', source/int4_linear_controller.cpp:507->source/int4_linear_controller.cpp:897) [132]  (1.399 ns)

 <State 5>: 1.399ns
The critical path consists of the following:
	'mul' operation 42 bit ('packed_product', source/int4_linear_controller.cpp:507->source/int4_linear_controller.cpp:897) [132]  (1.399 ns)

 <State 6>: 2.165ns
The critical path consists of the following:
	'add' operation 27 bit ('packed_weight', source/int4_linear_controller.cpp:185->source/int4_linear_controller.cpp:507->source/int4_linear_controller.cpp:897) [408]  (0.766 ns)
	'mul' operation 42 bit ('packed_product', source/int4_linear_controller.cpp:507->source/int4_linear_controller.cpp:897) [412]  (1.399 ns)

 <State 7>: 1.399ns
The critical path consists of the following:
	'mul' operation 42 bit ('packed_product', source/int4_linear_controller.cpp:507->source/int4_linear_controller.cpp:897) [132]  (1.399 ns)

 <State 8>: 1.815ns
The critical path consists of the following:
	'mul' operation 42 bit ('packed_product', source/int4_linear_controller.cpp:507->source/int4_linear_controller.cpp:897) [132]  (1.399 ns)
	'add' operation 43 bit of DSP[1004] ('add_ln510', source/int4_linear_controller.cpp:510->source/int4_linear_controller.cpp:897) [1004]  (0.416 ns)

 <State 9>: 1.399ns
The critical path consists of the following:
	'mul' operation 42 bit ('packed_product', source/int4_linear_controller.cpp:507->source/int4_linear_controller.cpp:897) [412]  (1.399 ns)

 <State 10>: 2.165ns
The critical path consists of the following:
	'add' operation 27 bit ('packed_weight', source/int4_linear_controller.cpp:185->source/int4_linear_controller.cpp:507->source/int4_linear_controller.cpp:897) [352]  (0.766 ns)
	'mul' operation 42 bit ('packed_product', source/int4_linear_controller.cpp:507->source/int4_linear_controller.cpp:897) [356]  (1.399 ns)

 <State 11>: 1.399ns
The critical path consists of the following:
	'mul' operation 42 bit ('packed_product', source/int4_linear_controller.cpp:507->source/int4_linear_controller.cpp:897) [356]  (1.399 ns)

 <State 12>: 2.338ns
The critical path consists of the following:
	'add' operation 43 bit of DSP[1044] ('add_ln510_147', source/int4_linear_controller.cpp:510->source/int4_linear_controller.cpp:897) [1044]  (0.416 ns)
	'add' operation 44 bit ('add_ln510_150', source/int4_linear_controller.cpp:510->source/int4_linear_controller.cpp:897) [1049]  (0.962 ns)
	'add' operation 45 bit ('add_ln510_151', source/int4_linear_controller.cpp:510->source/int4_linear_controller.cpp:897) [1051]  (0.961 ns)

 <State 13>: 1.399ns
The critical path consists of the following:
	'mul' operation 42 bit ('packed_product', source/int4_linear_controller.cpp:507->source/int4_linear_controller.cpp:897) [356]  (1.399 ns)

 <State 14>: 1.815ns
The critical path consists of the following:
	'mul' operation 42 bit ('packed_product', source/int4_linear_controller.cpp:507->source/int4_linear_controller.cpp:897) [356]  (1.399 ns)
	'add' operation 43 bit of DSP[1014] ('add_ln510_129', source/int4_linear_controller.cpp:510->source/int4_linear_controller.cpp:897) [1014]  (0.416 ns)

 <State 15>: 1.399ns
The critical path consists of the following:
	'mul' operation 42 bit ('packed_product', source/int4_linear_controller.cpp:507->source/int4_linear_controller.cpp:897) [972]  (1.399 ns)

 <State 16>: 1.815ns
The critical path consists of the following:
	'mul' operation 42 bit ('packed_product', source/int4_linear_controller.cpp:507->source/int4_linear_controller.cpp:897) [972]  (1.399 ns)
	'add' operation 43 bit of DSP[1027] ('add_ln510_137', source/int4_linear_controller.cpp:510->source/int4_linear_controller.cpp:897) [1027]  (0.416 ns)

 <State 17>: 0.416ns
The critical path consists of the following:
	'add' operation 46 bit of DSP[1026] ('add_ln510_136', source/int4_linear_controller.cpp:510->source/int4_linear_controller.cpp:897) [1026]  (0.416 ns)

 <State 18>: 2.151ns
The critical path consists of the following:
	'add' operation 46 bit of DSP[1026] ('add_ln510_136', source/int4_linear_controller.cpp:510->source/int4_linear_controller.cpp:897) [1026]  (0.416 ns)
	'add' operation 46 bit ('add_ln510_138', source/int4_linear_controller.cpp:510->source/int4_linear_controller.cpp:897) [1029]  (0.959 ns)
	'add' operation 46 bit ('add_ln510_143', source/int4_linear_controller.cpp:510->source/int4_linear_controller.cpp:897) [1037]  (0.000 ns)
	'add' operation 46 bit ('packed', source/int4_linear_controller.cpp:510->source/int4_linear_controller.cpp:897) [1053]  (0.776 ns)

 <State 19>: 1.912ns
The critical path consists of the following:
	'add' operation 23 bit ('r0', source/int4_linear_controller.cpp:205->source/int4_linear_controller.cpp:515->source/int4_linear_controller.cpp:897) [1122]  (0.827 ns)
	fifo write operation ('write_ln527', source/int4_linear_controller.cpp:527->source/int4_linear_controller.cpp:897) on port 'group_stream' (source/int4_linear_controller.cpp:527->source/int4_linear_controller.cpp:897) [1129]  (1.085 ns)


============================================================
+ Verbose Summary: Binding
============================================================
N/A
* FSMD analyzer results:
  - Output states:
 - Input state : 
  - Chain level:
	State 1
	State 2
	State 3
	State 4
	State 5
	State 6
	State 7
	State 8
	State 9
	State 10
	State 11
	State 12
	State 13
	State 14
	State 15
	State 16
	State 17
	State 18
	State 19


============================================================
+ Verbose Summary: Datapath Resource usage 
============================================================
N/A
