

================================================================
== Vitis HLS Report for 'int4_load_residual_4ddr'
================================================================
* Date:           Tue Aug 11 09:16:50 2026

* Version:        2023.2 (Build 4023990 on Oct 11 2023)
* Project:        proj_int4_decoder_xo
* Solution:       solution1 (Vitis Kernel Flow Target)
* Product family: virtexuplus
* Target device:  xcu250-figd2104-2L-e


================================================================
== Performance Estimates
================================================================
+ Timing: 
    * Summary: 
    +--------+---------+----------+------------+
    |  Clock |  Target | Estimated| Uncertainty|
    +--------+---------+----------+------------+
    |ap_clk  |  3.33 ns|  2.433 ns|     0.90 ns|
    +--------+---------+----------+------------+

+ Latency: 
    * Summary: 
    +---------+---------+----------+----------+-----+-----+---------+
    |  Latency (cycles) |  Latency (absolute) |  Interval | Pipeline|
    |   min   |   max   |    min   |    max   | min | max |   Type  |
    +---------+---------+----------+----------+-----+-----+---------+
    |      139|      139|  0.463 us|  0.463 us|  139|  139|       no|
    +---------+---------+----------+----------+-----+-----+---------+

    + Detail: 
        * Instance: 
        +---------------------------------------------------------------------+----------------------------------------------------------+---------+---------+----------+----------+-----+-----+---------+
        |                                                                     |                                                          |  Latency (cycles) |  Latency (absolute) |  Interval | Pipeline|
        |                               Instance                              |                          Module                          |   min   |   max   |    min   |    max   | min | max |   Type  |
        +---------------------------------------------------------------------+----------------------------------------------------------+---------+---------+----------+----------+-----+-----+---------+
        |grp_int4_load_residual_4ddr_Pipeline_load_residual_word_loop_fu_126  |int4_load_residual_4ddr_Pipeline_load_residual_word_loop  |       67|       67|  0.223 us|  0.223 us|   67|   67|       no|
        +---------------------------------------------------------------------+----------------------------------------------------------+---------+---------+----------+----------+-----+-----+---------+

        * Loop: 
        N/A

============================================================
+ Verbose Summary: Synthesis Manager
============================================================
InlineROM: 1
ExposeGlobal: 0
============================================================
+ Verbose Summary: CDFG Model
============================================================
IsTopModel: 0
ResetActiveHigh: 1
IsCombinational: 0
IsDatapathOnly: 0
HasWiredReturn: 1
HasMFsm: 0
HasVarLatency: 1
IsPipeline: 0
IsRtlPipelined: 0
IsInstanceOverlapped: 0
IsDontTouch: 0
HasImplIP: 0
IsGatedGlobalClock: 0


============================================================
+ Verbose Summary: Schedule
============================================================
* Number of FSM states : 73
* Pipeline : 0
* Dataflow Pipeline: 0

* FSM state transitions: 
1 --> 2 
2 --> 3 
3 --> 4 
4 --> 5 
5 --> 6 
6 --> 7 
7 --> 8 
8 --> 9 
9 --> 10 
10 --> 11 
11 --> 12 
12 --> 13 
13 --> 14 
14 --> 15 
15 --> 16 
16 --> 17 
17 --> 18 
18 --> 19 
19 --> 20 
20 --> 21 
21 --> 22 
22 --> 23 
23 --> 24 
24 --> 25 
25 --> 26 
26 --> 27 
27 --> 28 
28 --> 29 
29 --> 30 
30 --> 31 
31 --> 32 
32 --> 33 
33 --> 34 
34 --> 35 
35 --> 36 
36 --> 37 
37 --> 38 
38 --> 39 
39 --> 40 
40 --> 41 
41 --> 42 
42 --> 43 
43 --> 44 
44 --> 45 
45 --> 46 
46 --> 47 
47 --> 48 
48 --> 49 
49 --> 50 
50 --> 51 
51 --> 52 
52 --> 53 
53 --> 54 
54 --> 55 
55 --> 56 
56 --> 57 
57 --> 58 
58 --> 59 
59 --> 60 
60 --> 61 
61 --> 62 
62 --> 63 
63 --> 64 
64 --> 65 
65 --> 66 
66 --> 67 
67 --> 68 
68 --> 69 
69 --> 70 
70 --> 71 
71 --> 72 
72 --> 73 
73 --> 

* FSM state operations: 

State 1 <SV = 0> <Delay = 2.43>
ST_1 : Operation 74 [1/1] (0.00ns)   --->   "%residual_pe3_read = read i64 @_ssdm_op_Read.ap_auto.i64, i64 %residual_pe3" [source/int4_decoder_controller.cpp:458]   --->   Operation 74 'read' 'residual_pe3_read' <Predicate = true> <Delay = 0.00>
ST_1 : Operation 75 [1/1] (0.00ns)   --->   "%residual_pe2_read = read i64 @_ssdm_op_Read.ap_auto.i64, i64 %residual_pe2" [source/int4_decoder_controller.cpp:458]   --->   Operation 75 'read' 'residual_pe2_read' <Predicate = true> <Delay = 0.00>
ST_1 : Operation 76 [1/1] (0.00ns)   --->   "%residual_pe1_read = read i64 @_ssdm_op_Read.ap_auto.i64, i64 %residual_pe1" [source/int4_decoder_controller.cpp:458]   --->   Operation 76 'read' 'residual_pe1_read' <Predicate = true> <Delay = 0.00>
ST_1 : Operation 77 [1/1] (0.00ns)   --->   "%residual_pe0_read = read i64 @_ssdm_op_Read.ap_auto.i64, i64 %residual_pe0" [source/int4_decoder_controller.cpp:458]   --->   Operation 77 'read' 'residual_pe0_read' <Predicate = true> <Delay = 0.00>
ST_1 : Operation 78 [1/1] (0.00ns)   --->   "%trunc_ln = partselect i58 @_ssdm_op_PartSelect.i58.i64.i32.i32, i64 %residual_pe0_read, i32 6, i32 63" [source/int4_decoder_controller.cpp:470]   --->   Operation 78 'partselect' 'trunc_ln' <Predicate = true> <Delay = 0.00>
ST_1 : Operation 79 [1/1] (0.00ns)   --->   "%sext_ln470 = sext i58 %trunc_ln" [source/int4_decoder_controller.cpp:470]   --->   Operation 79 'sext' 'sext_ln470' <Predicate = true> <Delay = 0.00>
ST_1 : Operation 80 [1/1] (0.00ns)   --->   "%gmem0_addr = getelementptr i512 %gmem0, i64 %sext_ln470" [source/int4_decoder_controller.cpp:470]   --->   Operation 80 'getelementptr' 'gmem0_addr' <Predicate = true> <Delay = 0.00>
ST_1 : Operation 81 [71/71] (2.43ns)   --->   "%empty = readreq i1 @_ssdm_op_ReadReq.m_axi.p1i512, i512 %gmem0_addr, i32 64" [source/int4_decoder_controller.cpp:470]   --->   Operation 81 'readreq' 'empty' <Predicate = true> <Delay = 2.43> <CoreInst = "m_axi">   --->   Core 121 'm_axi' <Latency = 0> <II = 1> <Delay = 1.00> <Adapter> <Opcode : 'read' 'write' 'readreq' 'writereq' 'writeresp'>
ST_1 : Operation 82 [1/1] (0.00ns)   --->   "%trunc_ln470_1 = partselect i58 @_ssdm_op_PartSelect.i58.i64.i32.i32, i64 %residual_pe1_read, i32 6, i32 63" [source/int4_decoder_controller.cpp:470]   --->   Operation 82 'partselect' 'trunc_ln470_1' <Predicate = true> <Delay = 0.00>
ST_1 : Operation 83 [1/1] (0.00ns)   --->   "%sext_ln470_1 = sext i58 %trunc_ln470_1" [source/int4_decoder_controller.cpp:470]   --->   Operation 83 'sext' 'sext_ln470_1' <Predicate = true> <Delay = 0.00>
ST_1 : Operation 84 [1/1] (0.00ns)   --->   "%gmem1_addr = getelementptr i512 %gmem1, i64 %sext_ln470_1" [source/int4_decoder_controller.cpp:470]   --->   Operation 84 'getelementptr' 'gmem1_addr' <Predicate = true> <Delay = 0.00>
ST_1 : Operation 85 [71/71] (2.43ns)   --->   "%empty_940 = readreq i1 @_ssdm_op_ReadReq.m_axi.p1i512, i512 %gmem1_addr, i32 64" [source/int4_decoder_controller.cpp:470]   --->   Operation 85 'readreq' 'empty_940' <Predicate = true> <Delay = 2.43> <CoreInst = "m_axi">   --->   Core 121 'm_axi' <Latency = 0> <II = 1> <Delay = 1.00> <Adapter> <Opcode : 'read' 'write' 'readreq' 'writereq' 'writeresp'>
ST_1 : Operation 86 [1/1] (0.00ns)   --->   "%trunc_ln470_2 = partselect i58 @_ssdm_op_PartSelect.i58.i64.i32.i32, i64 %residual_pe2_read, i32 6, i32 63" [source/int4_decoder_controller.cpp:470]   --->   Operation 86 'partselect' 'trunc_ln470_2' <Predicate = true> <Delay = 0.00>
ST_1 : Operation 87 [1/1] (0.00ns)   --->   "%sext_ln470_2 = sext i58 %trunc_ln470_2" [source/int4_decoder_controller.cpp:470]   --->   Operation 87 'sext' 'sext_ln470_2' <Predicate = true> <Delay = 0.00>
ST_1 : Operation 88 [1/1] (0.00ns)   --->   "%gmem2_addr = getelementptr i512 %gmem2, i64 %sext_ln470_2" [source/int4_decoder_controller.cpp:470]   --->   Operation 88 'getelementptr' 'gmem2_addr' <Predicate = true> <Delay = 0.00>
ST_1 : Operation 89 [71/71] (2.43ns)   --->   "%empty_941 = readreq i1 @_ssdm_op_ReadReq.m_axi.p1i512, i512 %gmem2_addr, i32 64" [source/int4_decoder_controller.cpp:470]   --->   Operation 89 'readreq' 'empty_941' <Predicate = true> <Delay = 2.43> <CoreInst = "m_axi">   --->   Core 121 'm_axi' <Latency = 0> <II = 1> <Delay = 1.00> <Adapter> <Opcode : 'read' 'write' 'readreq' 'writereq' 'writeresp'>
ST_1 : Operation 90 [1/1] (0.00ns)   --->   "%trunc_ln470_3 = partselect i58 @_ssdm_op_PartSelect.i58.i64.i32.i32, i64 %residual_pe3_read, i32 6, i32 63" [source/int4_decoder_controller.cpp:470]   --->   Operation 90 'partselect' 'trunc_ln470_3' <Predicate = true> <Delay = 0.00>
ST_1 : Operation 91 [1/1] (0.00ns)   --->   "%sext_ln470_3 = sext i58 %trunc_ln470_3" [source/int4_decoder_controller.cpp:470]   --->   Operation 91 'sext' 'sext_ln470_3' <Predicate = true> <Delay = 0.00>
ST_1 : Operation 92 [1/1] (0.00ns)   --->   "%gmem3_addr = getelementptr i512 %gmem3, i64 %sext_ln470_3" [source/int4_decoder_controller.cpp:470]   --->   Operation 92 'getelementptr' 'gmem3_addr' <Predicate = true> <Delay = 0.00>
ST_1 : Operation 93 [71/71] (2.43ns)   --->   "%empty_942 = readreq i1 @_ssdm_op_ReadReq.m_axi.p1i512, i512 %gmem3_addr, i32 64" [source/int4_decoder_controller.cpp:470]   --->   Operation 93 'readreq' 'empty_942' <Predicate = true> <Delay = 2.43> <CoreInst = "m_axi">   --->   Core 121 'm_axi' <Latency = 0> <II = 1> <Delay = 1.00> <Adapter> <Opcode : 'read' 'write' 'readreq' 'writereq' 'writeresp'>

State 2 <SV = 1> <Delay = 2.43>
ST_2 : Operation 94 [70/71] (2.43ns)   --->   "%empty = readreq i1 @_ssdm_op_ReadReq.m_axi.p1i512, i512 %gmem0_addr, i32 64" [source/int4_decoder_controller.cpp:470]   --->   Operation 94 'readreq' 'empty' <Predicate = true> <Delay = 2.43> <CoreInst = "m_axi">   --->   Core 121 'm_axi' <Latency = 0> <II = 1> <Delay = 1.00> <Adapter> <Opcode : 'read' 'write' 'readreq' 'writereq' 'writeresp'>
ST_2 : Operation 95 [70/71] (2.43ns)   --->   "%empty_940 = readreq i1 @_ssdm_op_ReadReq.m_axi.p1i512, i512 %gmem1_addr, i32 64" [source/int4_decoder_controller.cpp:470]   --->   Operation 95 'readreq' 'empty_940' <Predicate = true> <Delay = 2.43> <CoreInst = "m_axi">   --->   Core 121 'm_axi' <Latency = 0> <II = 1> <Delay = 1.00> <Adapter> <Opcode : 'read' 'write' 'readreq' 'writereq' 'writeresp'>
ST_2 : Operation 96 [70/71] (2.43ns)   --->   "%empty_941 = readreq i1 @_ssdm_op_ReadReq.m_axi.p1i512, i512 %gmem2_addr, i32 64" [source/int4_decoder_controller.cpp:470]   --->   Operation 96 'readreq' 'empty_941' <Predicate = true> <Delay = 2.43> <CoreInst = "m_axi">   --->   Core 121 'm_axi' <Latency = 0> <II = 1> <Delay = 1.00> <Adapter> <Opcode : 'read' 'write' 'readreq' 'writereq' 'writeresp'>
ST_2 : Operation 97 [70/71] (2.43ns)   --->   "%empty_942 = readreq i1 @_ssdm_op_ReadReq.m_axi.p1i512, i512 %gmem3_addr, i32 64" [source/int4_decoder_controller.cpp:470]   --->   Operation 97 'readreq' 'empty_942' <Predicate = true> <Delay = 2.43> <CoreInst = "m_axi">   --->   Core 121 'm_axi' <Latency = 0> <II = 1> <Delay = 1.00> <Adapter> <Opcode : 'read' 'write' 'readreq' 'writereq' 'writeresp'>

State 3 <SV = 2> <Delay = 2.43>
ST_3 : Operation 98 [69/71] (2.43ns)   --->   "%empty = readreq i1 @_ssdm_op_ReadReq.m_axi.p1i512, i512 %gmem0_addr, i32 64" [source/int4_decoder_controller.cpp:470]   --->   Operation 98 'readreq' 'empty' <Predicate = true> <Delay = 2.43> <CoreInst = "m_axi">   --->   Core 121 'm_axi' <Latency = 0> <II = 1> <Delay = 1.00> <Adapter> <Opcode : 'read' 'write' 'readreq' 'writereq' 'writeresp'>
ST_3 : Operation 99 [69/71] (2.43ns)   --->   "%empty_940 = readreq i1 @_ssdm_op_ReadReq.m_axi.p1i512, i512 %gmem1_addr, i32 64" [source/int4_decoder_controller.cpp:470]   --->   Operation 99 'readreq' 'empty_940' <Predicate = true> <Delay = 2.43> <CoreInst = "m_axi">   --->   Core 121 'm_axi' <Latency = 0> <II = 1> <Delay = 1.00> <Adapter> <Opcode : 'read' 'write' 'readreq' 'writereq' 'writeresp'>
ST_3 : Operation 100 [69/71] (2.43ns)   --->   "%empty_941 = readreq i1 @_ssdm_op_ReadReq.m_axi.p1i512, i512 %gmem2_addr, i32 64" [source/int4_decoder_controller.cpp:470]   --->   Operation 100 'readreq' 'empty_941' <Predicate = true> <Delay = 2.43> <CoreInst = "m_axi">   --->   Core 121 'm_axi' <Latency = 0> <II = 1> <Delay = 1.00> <Adapter> <Opcode : 'read' 'write' 'readreq' 'writereq' 'writeresp'>
ST_3 : Operation 101 [69/71] (2.43ns)   --->   "%empty_942 = readreq i1 @_ssdm_op_ReadReq.m_axi.p1i512, i512 %gmem3_addr, i32 64" [source/int4_decoder_controller.cpp:470]   --->   Operation 101 'readreq' 'empty_942' <Predicate = true> <Delay = 2.43> <CoreInst = "m_axi">   --->   Core 121 'm_axi' <Latency = 0> <II = 1> <Delay = 1.00> <Adapter> <Opcode : 'read' 'write' 'readreq' 'writereq' 'writeresp'>

State 4 <SV = 3> <Delay = 2.43>
ST_4 : Operation 102 [68/71] (2.43ns)   --->   "%empty = readreq i1 @_ssdm_op_ReadReq.m_axi.p1i512, i512 %gmem0_addr, i32 64" [source/int4_decoder_controller.cpp:470]   --->   Operation 102 'readreq' 'empty' <Predicate = true> <Delay = 2.43> <CoreInst = "m_axi">   --->   Core 121 'm_axi' <Latency = 0> <II = 1> <Delay = 1.00> <Adapter> <Opcode : 'read' 'write' 'readreq' 'writereq' 'writeresp'>
ST_4 : Operation 103 [68/71] (2.43ns)   --->   "%empty_940 = readreq i1 @_ssdm_op_ReadReq.m_axi.p1i512, i512 %gmem1_addr, i32 64" [source/int4_decoder_controller.cpp:470]   --->   Operation 103 'readreq' 'empty_940' <Predicate = true> <Delay = 2.43> <CoreInst = "m_axi">   --->   Core 121 'm_axi' <Latency = 0> <II = 1> <Delay = 1.00> <Adapter> <Opcode : 'read' 'write' 'readreq' 'writereq' 'writeresp'>
ST_4 : Operation 104 [68/71] (2.43ns)   --->   "%empty_941 = readreq i1 @_ssdm_op_ReadReq.m_axi.p1i512, i512 %gmem2_addr, i32 64" [source/int4_decoder_controller.cpp:470]   --->   Operation 104 'readreq' 'empty_941' <Predicate = true> <Delay = 2.43> <CoreInst = "m_axi">   --->   Core 121 'm_axi' <Latency = 0> <II = 1> <Delay = 1.00> <Adapter> <Opcode : 'read' 'write' 'readreq' 'writereq' 'writeresp'>
ST_4 : Operation 105 [68/71] (2.43ns)   --->   "%empty_942 = readreq i1 @_ssdm_op_ReadReq.m_axi.p1i512, i512 %gmem3_addr, i32 64" [source/int4_decoder_controller.cpp:470]   --->   Operation 105 'readreq' 'empty_942' <Predicate = true> <Delay = 2.43> <CoreInst = "m_axi">   --->   Core 121 'm_axi' <Latency = 0> <II = 1> <Delay = 1.00> <Adapter> <Opcode : 'read' 'write' 'readreq' 'writereq' 'writeresp'>

State 5 <SV = 4> <Delay = 2.43>
ST_5 : Operation 106 [67/71] (2.43ns)   --->   "%empty = readreq i1 @_ssdm_op_ReadReq.m_axi.p1i512, i512 %gmem0_addr, i32 64" [source/int4_decoder_controller.cpp:470]   --->   Operation 106 'readreq' 'empty' <Predicate = true> <Delay = 2.43> <CoreInst = "m_axi">   --->   Core 121 'm_axi' <Latency = 0> <II = 1> <Delay = 1.00> <Adapter> <Opcode : 'read' 'write' 'readreq' 'writereq' 'writeresp'>
ST_5 : Operation 107 [67/71] (2.43ns)   --->   "%empty_940 = readreq i1 @_ssdm_op_ReadReq.m_axi.p1i512, i512 %gmem1_addr, i32 64" [source/int4_decoder_controller.cpp:470]   --->   Operation 107 'readreq' 'empty_940' <Predicate = true> <Delay = 2.43> <CoreInst = "m_axi">   --->   Core 121 'm_axi' <Latency = 0> <II = 1> <Delay = 1.00> <Adapter> <Opcode : 'read' 'write' 'readreq' 'writereq' 'writeresp'>
ST_5 : Operation 108 [67/71] (2.43ns)   --->   "%empty_941 = readreq i1 @_ssdm_op_ReadReq.m_axi.p1i512, i512 %gmem2_addr, i32 64" [source/int4_decoder_controller.cpp:470]   --->   Operation 108 'readreq' 'empty_941' <Predicate = true> <Delay = 2.43> <CoreInst = "m_axi">   --->   Core 121 'm_axi' <Latency = 0> <II = 1> <Delay = 1.00> <Adapter> <Opcode : 'read' 'write' 'readreq' 'writereq' 'writeresp'>
ST_5 : Operation 109 [67/71] (2.43ns)   --->   "%empty_942 = readreq i1 @_ssdm_op_ReadReq.m_axi.p1i512, i512 %gmem3_addr, i32 64" [source/int4_decoder_controller.cpp:470]   --->   Operation 109 'readreq' 'empty_942' <Predicate = true> <Delay = 2.43> <CoreInst = "m_axi">   --->   Core 121 'm_axi' <Latency = 0> <II = 1> <Delay = 1.00> <Adapter> <Opcode : 'read' 'write' 'readreq' 'writereq' 'writeresp'>

State 6 <SV = 5> <Delay = 2.43>
ST_6 : Operation 110 [66/71] (2.43ns)   --->   "%empty = readreq i1 @_ssdm_op_ReadReq.m_axi.p1i512, i512 %gmem0_addr, i32 64" [source/int4_decoder_controller.cpp:470]   --->   Operation 110 'readreq' 'empty' <Predicate = true> <Delay = 2.43> <CoreInst = "m_axi">   --->   Core 121 'm_axi' <Latency = 0> <II = 1> <Delay = 1.00> <Adapter> <Opcode : 'read' 'write' 'readreq' 'writereq' 'writeresp'>
ST_6 : Operation 111 [66/71] (2.43ns)   --->   "%empty_940 = readreq i1 @_ssdm_op_ReadReq.m_axi.p1i512, i512 %gmem1_addr, i32 64" [source/int4_decoder_controller.cpp:470]   --->   Operation 111 'readreq' 'empty_940' <Predicate = true> <Delay = 2.43> <CoreInst = "m_axi">   --->   Core 121 'm_axi' <Latency = 0> <II = 1> <Delay = 1.00> <Adapter> <Opcode : 'read' 'write' 'readreq' 'writereq' 'writeresp'>
ST_6 : Operation 112 [66/71] (2.43ns)   --->   "%empty_941 = readreq i1 @_ssdm_op_ReadReq.m_axi.p1i512, i512 %gmem2_addr, i32 64" [source/int4_decoder_controller.cpp:470]   --->   Operation 112 'readreq' 'empty_941' <Predicate = true> <Delay = 2.43> <CoreInst = "m_axi">   --->   Core 121 'm_axi' <Latency = 0> <II = 1> <Delay = 1.00> <Adapter> <Opcode : 'read' 'write' 'readreq' 'writereq' 'writeresp'>
ST_6 : Operation 113 [66/71] (2.43ns)   --->   "%empty_942 = readreq i1 @_ssdm_op_ReadReq.m_axi.p1i512, i512 %gmem3_addr, i32 64" [source/int4_decoder_controller.cpp:470]   --->   Operation 113 'readreq' 'empty_942' <Predicate = true> <Delay = 2.43> <CoreInst = "m_axi">   --->   Core 121 'm_axi' <Latency = 0> <II = 1> <Delay = 1.00> <Adapter> <Opcode : 'read' 'write' 'readreq' 'writereq' 'writeresp'>

State 7 <SV = 6> <Delay = 2.43>
ST_7 : Operation 114 [65/71] (2.43ns)   --->   "%empty = readreq i1 @_ssdm_op_ReadReq.m_axi.p1i512, i512 %gmem0_addr, i32 64" [source/int4_decoder_controller.cpp:470]   --->   Operation 114 'readreq' 'empty' <Predicate = true> <Delay = 2.43> <CoreInst = "m_axi">   --->   Core 121 'm_axi' <Latency = 0> <II = 1> <Delay = 1.00> <Adapter> <Opcode : 'read' 'write' 'readreq' 'writereq' 'writeresp'>
ST_7 : Operation 115 [65/71] (2.43ns)   --->   "%empty_940 = readreq i1 @_ssdm_op_ReadReq.m_axi.p1i512, i512 %gmem1_addr, i32 64" [source/int4_decoder_controller.cpp:470]   --->   Operation 115 'readreq' 'empty_940' <Predicate = true> <Delay = 2.43> <CoreInst = "m_axi">   --->   Core 121 'm_axi' <Latency = 0> <II = 1> <Delay = 1.00> <Adapter> <Opcode : 'read' 'write' 'readreq' 'writereq' 'writeresp'>
ST_7 : Operation 116 [65/71] (2.43ns)   --->   "%empty_941 = readreq i1 @_ssdm_op_ReadReq.m_axi.p1i512, i512 %gmem2_addr, i32 64" [source/int4_decoder_controller.cpp:470]   --->   Operation 116 'readreq' 'empty_941' <Predicate = true> <Delay = 2.43> <CoreInst = "m_axi">   --->   Core 121 'm_axi' <Latency = 0> <II = 1> <Delay = 1.00> <Adapter> <Opcode : 'read' 'write' 'readreq' 'writereq' 'writeresp'>
ST_7 : Operation 117 [65/71] (2.43ns)   --->   "%empty_942 = readreq i1 @_ssdm_op_ReadReq.m_axi.p1i512, i512 %gmem3_addr, i32 64" [source/int4_decoder_controller.cpp:470]   --->   Operation 117 'readreq' 'empty_942' <Predicate = true> <Delay = 2.43> <CoreInst = "m_axi">   --->   Core 121 'm_axi' <Latency = 0> <II = 1> <Delay = 1.00> <Adapter> <Opcode : 'read' 'write' 'readreq' 'writereq' 'writeresp'>

State 8 <SV = 7> <Delay = 2.43>
ST_8 : Operation 118 [64/71] (2.43ns)   --->   "%empty = readreq i1 @_ssdm_op_ReadReq.m_axi.p1i512, i512 %gmem0_addr, i32 64" [source/int4_decoder_controller.cpp:470]   --->   Operation 118 'readreq' 'empty' <Predicate = true> <Delay = 2.43> <CoreInst = "m_axi">   --->   Core 121 'm_axi' <Latency = 0> <II = 1> <Delay = 1.00> <Adapter> <Opcode : 'read' 'write' 'readreq' 'writereq' 'writeresp'>
ST_8 : Operation 119 [64/71] (2.43ns)   --->   "%empty_940 = readreq i1 @_ssdm_op_ReadReq.m_axi.p1i512, i512 %gmem1_addr, i32 64" [source/int4_decoder_controller.cpp:470]   --->   Operation 119 'readreq' 'empty_940' <Predicate = true> <Delay = 2.43> <CoreInst = "m_axi">   --->   Core 121 'm_axi' <Latency = 0> <II = 1> <Delay = 1.00> <Adapter> <Opcode : 'read' 'write' 'readreq' 'writereq' 'writeresp'>
ST_8 : Operation 120 [64/71] (2.43ns)   --->   "%empty_941 = readreq i1 @_ssdm_op_ReadReq.m_axi.p1i512, i512 %gmem2_addr, i32 64" [source/int4_decoder_controller.cpp:470]   --->   Operation 120 'readreq' 'empty_941' <Predicate = true> <Delay = 2.43> <CoreInst = "m_axi">   --->   Core 121 'm_axi' <Latency = 0> <II = 1> <Delay = 1.00> <Adapter> <Opcode : 'read' 'write' 'readreq' 'writereq' 'writeresp'>
ST_8 : Operation 121 [64/71] (2.43ns)   --->   "%empty_942 = readreq i1 @_ssdm_op_ReadReq.m_axi.p1i512, i512 %gmem3_addr, i32 64" [source/int4_decoder_controller.cpp:470]   --->   Operation 121 'readreq' 'empty_942' <Predicate = true> <Delay = 2.43> <CoreInst = "m_axi">   --->   Core 121 'm_axi' <Latency = 0> <II = 1> <Delay = 1.00> <Adapter> <Opcode : 'read' 'write' 'readreq' 'writereq' 'writeresp'>

State 9 <SV = 8> <Delay = 2.43>
ST_9 : Operation 122 [63/71] (2.43ns)   --->   "%empty = readreq i1 @_ssdm_op_ReadReq.m_axi.p1i512, i512 %gmem0_addr, i32 64" [source/int4_decoder_controller.cpp:470]   --->   Operation 122 'readreq' 'empty' <Predicate = true> <Delay = 2.43> <CoreInst = "m_axi">   --->   Core 121 'm_axi' <Latency = 0> <II = 1> <Delay = 1.00> <Adapter> <Opcode : 'read' 'write' 'readreq' 'writereq' 'writeresp'>
ST_9 : Operation 123 [63/71] (2.43ns)   --->   "%empty_940 = readreq i1 @_ssdm_op_ReadReq.m_axi.p1i512, i512 %gmem1_addr, i32 64" [source/int4_decoder_controller.cpp:470]   --->   Operation 123 'readreq' 'empty_940' <Predicate = true> <Delay = 2.43> <CoreInst = "m_axi">   --->   Core 121 'm_axi' <Latency = 0> <II = 1> <Delay = 1.00> <Adapter> <Opcode : 'read' 'write' 'readreq' 'writereq' 'writeresp'>
ST_9 : Operation 124 [63/71] (2.43ns)   --->   "%empty_941 = readreq i1 @_ssdm_op_ReadReq.m_axi.p1i512, i512 %gmem2_addr, i32 64" [source/int4_decoder_controller.cpp:470]   --->   Operation 124 'readreq' 'empty_941' <Predicate = true> <Delay = 2.43> <CoreInst = "m_axi">   --->   Core 121 'm_axi' <Latency = 0> <II = 1> <Delay = 1.00> <Adapter> <Opcode : 'read' 'write' 'readreq' 'writereq' 'writeresp'>
ST_9 : Operation 125 [63/71] (2.43ns)   --->   "%empty_942 = readreq i1 @_ssdm_op_ReadReq.m_axi.p1i512, i512 %gmem3_addr, i32 64" [source/int4_decoder_controller.cpp:470]   --->   Operation 125 'readreq' 'empty_942' <Predicate = true> <Delay = 2.43> <CoreInst = "m_axi">   --->   Core 121 'm_axi' <Latency = 0> <II = 1> <Delay = 1.00> <Adapter> <Opcode : 'read' 'write' 'readreq' 'writereq' 'writeresp'>

State 10 <SV = 9> <Delay = 2.43>
ST_10 : Operation 126 [62/71] (2.43ns)   --->   "%empty = readreq i1 @_ssdm_op_ReadReq.m_axi.p1i512, i512 %gmem0_addr, i32 64" [source/int4_decoder_controller.cpp:470]   --->   Operation 126 'readreq' 'empty' <Predicate = true> <Delay = 2.43> <CoreInst = "m_axi">   --->   Core 121 'm_axi' <Latency = 0> <II = 1> <Delay = 1.00> <Adapter> <Opcode : 'read' 'write' 'readreq' 'writereq' 'writeresp'>
ST_10 : Operation 127 [62/71] (2.43ns)   --->   "%empty_940 = readreq i1 @_ssdm_op_ReadReq.m_axi.p1i512, i512 %gmem1_addr, i32 64" [source/int4_decoder_controller.cpp:470]   --->   Operation 127 'readreq' 'empty_940' <Predicate = true> <Delay = 2.43> <CoreInst = "m_axi">   --->   Core 121 'm_axi' <Latency = 0> <II = 1> <Delay = 1.00> <Adapter> <Opcode : 'read' 'write' 'readreq' 'writereq' 'writeresp'>
ST_10 : Operation 128 [62/71] (2.43ns)   --->   "%empty_941 = readreq i1 @_ssdm_op_ReadReq.m_axi.p1i512, i512 %gmem2_addr, i32 64" [source/int4_decoder_controller.cpp:470]   --->   Operation 128 'readreq' 'empty_941' <Predicate = true> <Delay = 2.43> <CoreInst = "m_axi">   --->   Core 121 'm_axi' <Latency = 0> <II = 1> <Delay = 1.00> <Adapter> <Opcode : 'read' 'write' 'readreq' 'writereq' 'writeresp'>
ST_10 : Operation 129 [62/71] (2.43ns)   --->   "%empty_942 = readreq i1 @_ssdm_op_ReadReq.m_axi.p1i512, i512 %gmem3_addr, i32 64" [source/int4_decoder_controller.cpp:470]   --->   Operation 129 'readreq' 'empty_942' <Predicate = true> <Delay = 2.43> <CoreInst = "m_axi">   --->   Core 121 'm_axi' <Latency = 0> <II = 1> <Delay = 1.00> <Adapter> <Opcode : 'read' 'write' 'readreq' 'writereq' 'writeresp'>

State 11 <SV = 10> <Delay = 2.43>
ST_11 : Operation 130 [61/71] (2.43ns)   --->   "%empty = readreq i1 @_ssdm_op_ReadReq.m_axi.p1i512, i512 %gmem0_addr, i32 64" [source/int4_decoder_controller.cpp:470]   --->   Operation 130 'readreq' 'empty' <Predicate = true> <Delay = 2.43> <CoreInst = "m_axi">   --->   Core 121 'm_axi' <Latency = 0> <II = 1> <Delay = 1.00> <Adapter> <Opcode : 'read' 'write' 'readreq' 'writereq' 'writeresp'>
ST_11 : Operation 131 [61/71] (2.43ns)   --->   "%empty_940 = readreq i1 @_ssdm_op_ReadReq.m_axi.p1i512, i512 %gmem1_addr, i32 64" [source/int4_decoder_controller.cpp:470]   --->   Operation 131 'readreq' 'empty_940' <Predicate = true> <Delay = 2.43> <CoreInst = "m_axi">   --->   Core 121 'm_axi' <Latency = 0> <II = 1> <Delay = 1.00> <Adapter> <Opcode : 'read' 'write' 'readreq' 'writereq' 'writeresp'>
ST_11 : Operation 132 [61/71] (2.43ns)   --->   "%empty_941 = readreq i1 @_ssdm_op_ReadReq.m_axi.p1i512, i512 %gmem2_addr, i32 64" [source/int4_decoder_controller.cpp:470]   --->   Operation 132 'readreq' 'empty_941' <Predicate = true> <Delay = 2.43> <CoreInst = "m_axi">   --->   Core 121 'm_axi' <Latency = 0> <II = 1> <Delay = 1.00> <Adapter> <Opcode : 'read' 'write' 'readreq' 'writereq' 'writeresp'>
ST_11 : Operation 133 [61/71] (2.43ns)   --->   "%empty_942 = readreq i1 @_ssdm_op_ReadReq.m_axi.p1i512, i512 %gmem3_addr, i32 64" [source/int4_decoder_controller.cpp:470]   --->   Operation 133 'readreq' 'empty_942' <Predicate = true> <Delay = 2.43> <CoreInst = "m_axi">   --->   Core 121 'm_axi' <Latency = 0> <II = 1> <Delay = 1.00> <Adapter> <Opcode : 'read' 'write' 'readreq' 'writereq' 'writeresp'>

State 12 <SV = 11> <Delay = 2.43>
ST_12 : Operation 134 [60/71] (2.43ns)   --->   "%empty = readreq i1 @_ssdm_op_ReadReq.m_axi.p1i512, i512 %gmem0_addr, i32 64" [source/int4_decoder_controller.cpp:470]   --->   Operation 134 'readreq' 'empty' <Predicate = true> <Delay = 2.43> <CoreInst = "m_axi">   --->   Core 121 'm_axi' <Latency = 0> <II = 1> <Delay = 1.00> <Adapter> <Opcode : 'read' 'write' 'readreq' 'writereq' 'writeresp'>
ST_12 : Operation 135 [60/71] (2.43ns)   --->   "%empty_940 = readreq i1 @_ssdm_op_ReadReq.m_axi.p1i512, i512 %gmem1_addr, i32 64" [source/int4_decoder_controller.cpp:470]   --->   Operation 135 'readreq' 'empty_940' <Predicate = true> <Delay = 2.43> <CoreInst = "m_axi">   --->   Core 121 'm_axi' <Latency = 0> <II = 1> <Delay = 1.00> <Adapter> <Opcode : 'read' 'write' 'readreq' 'writereq' 'writeresp'>
ST_12 : Operation 136 [60/71] (2.43ns)   --->   "%empty_941 = readreq i1 @_ssdm_op_ReadReq.m_axi.p1i512, i512 %gmem2_addr, i32 64" [source/int4_decoder_controller.cpp:470]   --->   Operation 136 'readreq' 'empty_941' <Predicate = true> <Delay = 2.43> <CoreInst = "m_axi">   --->   Core 121 'm_axi' <Latency = 0> <II = 1> <Delay = 1.00> <Adapter> <Opcode : 'read' 'write' 'readreq' 'writereq' 'writeresp'>
ST_12 : Operation 137 [60/71] (2.43ns)   --->   "%empty_942 = readreq i1 @_ssdm_op_ReadReq.m_axi.p1i512, i512 %gmem3_addr, i32 64" [source/int4_decoder_controller.cpp:470]   --->   Operation 137 'readreq' 'empty_942' <Predicate = true> <Delay = 2.43> <CoreInst = "m_axi">   --->   Core 121 'm_axi' <Latency = 0> <II = 1> <Delay = 1.00> <Adapter> <Opcode : 'read' 'write' 'readreq' 'writereq' 'writeresp'>

State 13 <SV = 12> <Delay = 2.43>
ST_13 : Operation 138 [59/71] (2.43ns)   --->   "%empty = readreq i1 @_ssdm_op_ReadReq.m_axi.p1i512, i512 %gmem0_addr, i32 64" [source/int4_decoder_controller.cpp:470]   --->   Operation 138 'readreq' 'empty' <Predicate = true> <Delay = 2.43> <CoreInst = "m_axi">   --->   Core 121 'm_axi' <Latency = 0> <II = 1> <Delay = 1.00> <Adapter> <Opcode : 'read' 'write' 'readreq' 'writereq' 'writeresp'>
ST_13 : Operation 139 [59/71] (2.43ns)   --->   "%empty_940 = readreq i1 @_ssdm_op_ReadReq.m_axi.p1i512, i512 %gmem1_addr, i32 64" [source/int4_decoder_controller.cpp:470]   --->   Operation 139 'readreq' 'empty_940' <Predicate = true> <Delay = 2.43> <CoreInst = "m_axi">   --->   Core 121 'm_axi' <Latency = 0> <II = 1> <Delay = 1.00> <Adapter> <Opcode : 'read' 'write' 'readreq' 'writereq' 'writeresp'>
ST_13 : Operation 140 [59/71] (2.43ns)   --->   "%empty_941 = readreq i1 @_ssdm_op_ReadReq.m_axi.p1i512, i512 %gmem2_addr, i32 64" [source/int4_decoder_controller.cpp:470]   --->   Operation 140 'readreq' 'empty_941' <Predicate = true> <Delay = 2.43> <CoreInst = "m_axi">   --->   Core 121 'm_axi' <Latency = 0> <II = 1> <Delay = 1.00> <Adapter> <Opcode : 'read' 'write' 'readreq' 'writereq' 'writeresp'>
ST_13 : Operation 141 [59/71] (2.43ns)   --->   "%empty_942 = readreq i1 @_ssdm_op_ReadReq.m_axi.p1i512, i512 %gmem3_addr, i32 64" [source/int4_decoder_controller.cpp:470]   --->   Operation 141 'readreq' 'empty_942' <Predicate = true> <Delay = 2.43> <CoreInst = "m_axi">   --->   Core 121 'm_axi' <Latency = 0> <II = 1> <Delay = 1.00> <Adapter> <Opcode : 'read' 'write' 'readreq' 'writereq' 'writeresp'>

State 14 <SV = 13> <Delay = 2.43>
ST_14 : Operation 142 [58/71] (2.43ns)   --->   "%empty = readreq i1 @_ssdm_op_ReadReq.m_axi.p1i512, i512 %gmem0_addr, i32 64" [source/int4_decoder_controller.cpp:470]   --->   Operation 142 'readreq' 'empty' <Predicate = true> <Delay = 2.43> <CoreInst = "m_axi">   --->   Core 121 'm_axi' <Latency = 0> <II = 1> <Delay = 1.00> <Adapter> <Opcode : 'read' 'write' 'readreq' 'writereq' 'writeresp'>
ST_14 : Operation 143 [58/71] (2.43ns)   --->   "%empty_940 = readreq i1 @_ssdm_op_ReadReq.m_axi.p1i512, i512 %gmem1_addr, i32 64" [source/int4_decoder_controller.cpp:470]   --->   Operation 143 'readreq' 'empty_940' <Predicate = true> <Delay = 2.43> <CoreInst = "m_axi">   --->   Core 121 'm_axi' <Latency = 0> <II = 1> <Delay = 1.00> <Adapter> <Opcode : 'read' 'write' 'readreq' 'writereq' 'writeresp'>
ST_14 : Operation 144 [58/71] (2.43ns)   --->   "%empty_941 = readreq i1 @_ssdm_op_ReadReq.m_axi.p1i512, i512 %gmem2_addr, i32 64" [source/int4_decoder_controller.cpp:470]   --->   Operation 144 'readreq' 'empty_941' <Predicate = true> <Delay = 2.43> <CoreInst = "m_axi">   --->   Core 121 'm_axi' <Latency = 0> <II = 1> <Delay = 1.00> <Adapter> <Opcode : 'read' 'write' 'readreq' 'writereq' 'writeresp'>
ST_14 : Operation 145 [58/71] (2.43ns)   --->   "%empty_942 = readreq i1 @_ssdm_op_ReadReq.m_axi.p1i512, i512 %gmem3_addr, i32 64" [source/int4_decoder_controller.cpp:470]   --->   Operation 145 'readreq' 'empty_942' <Predicate = true> <Delay = 2.43> <CoreInst = "m_axi">   --->   Core 121 'm_axi' <Latency = 0> <II = 1> <Delay = 1.00> <Adapter> <Opcode : 'read' 'write' 'readreq' 'writereq' 'writeresp'>

State 15 <SV = 14> <Delay = 2.43>
ST_15 : Operation 146 [57/71] (2.43ns)   --->   "%empty = readreq i1 @_ssdm_op_ReadReq.m_axi.p1i512, i512 %gmem0_addr, i32 64" [source/int4_decoder_controller.cpp:470]   --->   Operation 146 'readreq' 'empty' <Predicate = true> <Delay = 2.43> <CoreInst = "m_axi">   --->   Core 121 'm_axi' <Latency = 0> <II = 1> <Delay = 1.00> <Adapter> <Opcode : 'read' 'write' 'readreq' 'writereq' 'writeresp'>
ST_15 : Operation 147 [57/71] (2.43ns)   --->   "%empty_940 = readreq i1 @_ssdm_op_ReadReq.m_axi.p1i512, i512 %gmem1_addr, i32 64" [source/int4_decoder_controller.cpp:470]   --->   Operation 147 'readreq' 'empty_940' <Predicate = true> <Delay = 2.43> <CoreInst = "m_axi">   --->   Core 121 'm_axi' <Latency = 0> <II = 1> <Delay = 1.00> <Adapter> <Opcode : 'read' 'write' 'readreq' 'writereq' 'writeresp'>
ST_15 : Operation 148 [57/71] (2.43ns)   --->   "%empty_941 = readreq i1 @_ssdm_op_ReadReq.m_axi.p1i512, i512 %gmem2_addr, i32 64" [source/int4_decoder_controller.cpp:470]   --->   Operation 148 'readreq' 'empty_941' <Predicate = true> <Delay = 2.43> <CoreInst = "m_axi">   --->   Core 121 'm_axi' <Latency = 0> <II = 1> <Delay = 1.00> <Adapter> <Opcode : 'read' 'write' 'readreq' 'writereq' 'writeresp'>
ST_15 : Operation 149 [57/71] (2.43ns)   --->   "%empty_942 = readreq i1 @_ssdm_op_ReadReq.m_axi.p1i512, i512 %gmem3_addr, i32 64" [source/int4_decoder_controller.cpp:470]   --->   Operation 149 'readreq' 'empty_942' <Predicate = true> <Delay = 2.43> <CoreInst = "m_axi">   --->   Core 121 'm_axi' <Latency = 0> <II = 1> <Delay = 1.00> <Adapter> <Opcode : 'read' 'write' 'readreq' 'writereq' 'writeresp'>

State 16 <SV = 15> <Delay = 2.43>
ST_16 : Operation 150 [56/71] (2.43ns)   --->   "%empty = readreq i1 @_ssdm_op_ReadReq.m_axi.p1i512, i512 %gmem0_addr, i32 64" [source/int4_decoder_controller.cpp:470]   --->   Operation 150 'readreq' 'empty' <Predicate = true> <Delay = 2.43> <CoreInst = "m_axi">   --->   Core 121 'm_axi' <Latency = 0> <II = 1> <Delay = 1.00> <Adapter> <Opcode : 'read' 'write' 'readreq' 'writereq' 'writeresp'>
ST_16 : Operation 151 [56/71] (2.43ns)   --->   "%empty_940 = readreq i1 @_ssdm_op_ReadReq.m_axi.p1i512, i512 %gmem1_addr, i32 64" [source/int4_decoder_controller.cpp:470]   --->   Operation 151 'readreq' 'empty_940' <Predicate = true> <Delay = 2.43> <CoreInst = "m_axi">   --->   Core 121 'm_axi' <Latency = 0> <II = 1> <Delay = 1.00> <Adapter> <Opcode : 'read' 'write' 'readreq' 'writereq' 'writeresp'>
ST_16 : Operation 152 [56/71] (2.43ns)   --->   "%empty_941 = readreq i1 @_ssdm_op_ReadReq.m_axi.p1i512, i512 %gmem2_addr, i32 64" [source/int4_decoder_controller.cpp:470]   --->   Operation 152 'readreq' 'empty_941' <Predicate = true> <Delay = 2.43> <CoreInst = "m_axi">   --->   Core 121 'm_axi' <Latency = 0> <II = 1> <Delay = 1.00> <Adapter> <Opcode : 'read' 'write' 'readreq' 'writereq' 'writeresp'>
ST_16 : Operation 153 [56/71] (2.43ns)   --->   "%empty_942 = readreq i1 @_ssdm_op_ReadReq.m_axi.p1i512, i512 %gmem3_addr, i32 64" [source/int4_decoder_controller.cpp:470]   --->   Operation 153 'readreq' 'empty_942' <Predicate = true> <Delay = 2.43> <CoreInst = "m_axi">   --->   Core 121 'm_axi' <Latency = 0> <II = 1> <Delay = 1.00> <Adapter> <Opcode : 'read' 'write' 'readreq' 'writereq' 'writeresp'>

State 17 <SV = 16> <Delay = 2.43>
ST_17 : Operation 154 [55/71] (2.43ns)   --->   "%empty = readreq i1 @_ssdm_op_ReadReq.m_axi.p1i512, i512 %gmem0_addr, i32 64" [source/int4_decoder_controller.cpp:470]   --->   Operation 154 'readreq' 'empty' <Predicate = true> <Delay = 2.43> <CoreInst = "m_axi">   --->   Core 121 'm_axi' <Latency = 0> <II = 1> <Delay = 1.00> <Adapter> <Opcode : 'read' 'write' 'readreq' 'writereq' 'writeresp'>
ST_17 : Operation 155 [55/71] (2.43ns)   --->   "%empty_940 = readreq i1 @_ssdm_op_ReadReq.m_axi.p1i512, i512 %gmem1_addr, i32 64" [source/int4_decoder_controller.cpp:470]   --->   Operation 155 'readreq' 'empty_940' <Predicate = true> <Delay = 2.43> <CoreInst = "m_axi">   --->   Core 121 'm_axi' <Latency = 0> <II = 1> <Delay = 1.00> <Adapter> <Opcode : 'read' 'write' 'readreq' 'writereq' 'writeresp'>
ST_17 : Operation 156 [55/71] (2.43ns)   --->   "%empty_941 = readreq i1 @_ssdm_op_ReadReq.m_axi.p1i512, i512 %gmem2_addr, i32 64" [source/int4_decoder_controller.cpp:470]   --->   Operation 156 'readreq' 'empty_941' <Predicate = true> <Delay = 2.43> <CoreInst = "m_axi">   --->   Core 121 'm_axi' <Latency = 0> <II = 1> <Delay = 1.00> <Adapter> <Opcode : 'read' 'write' 'readreq' 'writereq' 'writeresp'>
ST_17 : Operation 157 [55/71] (2.43ns)   --->   "%empty_942 = readreq i1 @_ssdm_op_ReadReq.m_axi.p1i512, i512 %gmem3_addr, i32 64" [source/int4_decoder_controller.cpp:470]   --->   Operation 157 'readreq' 'empty_942' <Predicate = true> <Delay = 2.43> <CoreInst = "m_axi">   --->   Core 121 'm_axi' <Latency = 0> <II = 1> <Delay = 1.00> <Adapter> <Opcode : 'read' 'write' 'readreq' 'writereq' 'writeresp'>

State 18 <SV = 17> <Delay = 2.43>
ST_18 : Operation 158 [54/71] (2.43ns)   --->   "%empty = readreq i1 @_ssdm_op_ReadReq.m_axi.p1i512, i512 %gmem0_addr, i32 64" [source/int4_decoder_controller.cpp:470]   --->   Operation 158 'readreq' 'empty' <Predicate = true> <Delay = 2.43> <CoreInst = "m_axi">   --->   Core 121 'm_axi' <Latency = 0> <II = 1> <Delay = 1.00> <Adapter> <Opcode : 'read' 'write' 'readreq' 'writereq' 'writeresp'>
ST_18 : Operation 159 [54/71] (2.43ns)   --->   "%empty_940 = readreq i1 @_ssdm_op_ReadReq.m_axi.p1i512, i512 %gmem1_addr, i32 64" [source/int4_decoder_controller.cpp:470]   --->   Operation 159 'readreq' 'empty_940' <Predicate = true> <Delay = 2.43> <CoreInst = "m_axi">   --->   Core 121 'm_axi' <Latency = 0> <II = 1> <Delay = 1.00> <Adapter> <Opcode : 'read' 'write' 'readreq' 'writereq' 'writeresp'>
ST_18 : Operation 160 [54/71] (2.43ns)   --->   "%empty_941 = readreq i1 @_ssdm_op_ReadReq.m_axi.p1i512, i512 %gmem2_addr, i32 64" [source/int4_decoder_controller.cpp:470]   --->   Operation 160 'readreq' 'empty_941' <Predicate = true> <Delay = 2.43> <CoreInst = "m_axi">   --->   Core 121 'm_axi' <Latency = 0> <II = 1> <Delay = 1.00> <Adapter> <Opcode : 'read' 'write' 'readreq' 'writereq' 'writeresp'>
ST_18 : Operation 161 [54/71] (2.43ns)   --->   "%empty_942 = readreq i1 @_ssdm_op_ReadReq.m_axi.p1i512, i512 %gmem3_addr, i32 64" [source/int4_decoder_controller.cpp:470]   --->   Operation 161 'readreq' 'empty_942' <Predicate = true> <Delay = 2.43> <CoreInst = "m_axi">   --->   Core 121 'm_axi' <Latency = 0> <II = 1> <Delay = 1.00> <Adapter> <Opcode : 'read' 'write' 'readreq' 'writereq' 'writeresp'>

State 19 <SV = 18> <Delay = 2.43>
ST_19 : Operation 162 [53/71] (2.43ns)   --->   "%empty = readreq i1 @_ssdm_op_ReadReq.m_axi.p1i512, i512 %gmem0_addr, i32 64" [source/int4_decoder_controller.cpp:470]   --->   Operation 162 'readreq' 'empty' <Predicate = true> <Delay = 2.43> <CoreInst = "m_axi">   --->   Core 121 'm_axi' <Latency = 0> <II = 1> <Delay = 1.00> <Adapter> <Opcode : 'read' 'write' 'readreq' 'writereq' 'writeresp'>
ST_19 : Operation 163 [53/71] (2.43ns)   --->   "%empty_940 = readreq i1 @_ssdm_op_ReadReq.m_axi.p1i512, i512 %gmem1_addr, i32 64" [source/int4_decoder_controller.cpp:470]   --->   Operation 163 'readreq' 'empty_940' <Predicate = true> <Delay = 2.43> <CoreInst = "m_axi">   --->   Core 121 'm_axi' <Latency = 0> <II = 1> <Delay = 1.00> <Adapter> <Opcode : 'read' 'write' 'readreq' 'writereq' 'writeresp'>
ST_19 : Operation 164 [53/71] (2.43ns)   --->   "%empty_941 = readreq i1 @_ssdm_op_ReadReq.m_axi.p1i512, i512 %gmem2_addr, i32 64" [source/int4_decoder_controller.cpp:470]   --->   Operation 164 'readreq' 'empty_941' <Predicate = true> <Delay = 2.43> <CoreInst = "m_axi">   --->   Core 121 'm_axi' <Latency = 0> <II = 1> <Delay = 1.00> <Adapter> <Opcode : 'read' 'write' 'readreq' 'writereq' 'writeresp'>
ST_19 : Operation 165 [53/71] (2.43ns)   --->   "%empty_942 = readreq i1 @_ssdm_op_ReadReq.m_axi.p1i512, i512 %gmem3_addr, i32 64" [source/int4_decoder_controller.cpp:470]   --->   Operation 165 'readreq' 'empty_942' <Predicate = true> <Delay = 2.43> <CoreInst = "m_axi">   --->   Core 121 'm_axi' <Latency = 0> <II = 1> <Delay = 1.00> <Adapter> <Opcode : 'read' 'write' 'readreq' 'writereq' 'writeresp'>

State 20 <SV = 19> <Delay = 2.43>
ST_20 : Operation 166 [52/71] (2.43ns)   --->   "%empty = readreq i1 @_ssdm_op_ReadReq.m_axi.p1i512, i512 %gmem0_addr, i32 64" [source/int4_decoder_controller.cpp:470]   --->   Operation 166 'readreq' 'empty' <Predicate = true> <Delay = 2.43> <CoreInst = "m_axi">   --->   Core 121 'm_axi' <Latency = 0> <II = 1> <Delay = 1.00> <Adapter> <Opcode : 'read' 'write' 'readreq' 'writereq' 'writeresp'>
ST_20 : Operation 167 [52/71] (2.43ns)   --->   "%empty_940 = readreq i1 @_ssdm_op_ReadReq.m_axi.p1i512, i512 %gmem1_addr, i32 64" [source/int4_decoder_controller.cpp:470]   --->   Operation 167 'readreq' 'empty_940' <Predicate = true> <Delay = 2.43> <CoreInst = "m_axi">   --->   Core 121 'm_axi' <Latency = 0> <II = 1> <Delay = 1.00> <Adapter> <Opcode : 'read' 'write' 'readreq' 'writereq' 'writeresp'>
ST_20 : Operation 168 [52/71] (2.43ns)   --->   "%empty_941 = readreq i1 @_ssdm_op_ReadReq.m_axi.p1i512, i512 %gmem2_addr, i32 64" [source/int4_decoder_controller.cpp:470]   --->   Operation 168 'readreq' 'empty_941' <Predicate = true> <Delay = 2.43> <CoreInst = "m_axi">   --->   Core 121 'm_axi' <Latency = 0> <II = 1> <Delay = 1.00> <Adapter> <Opcode : 'read' 'write' 'readreq' 'writereq' 'writeresp'>
ST_20 : Operation 169 [52/71] (2.43ns)   --->   "%empty_942 = readreq i1 @_ssdm_op_ReadReq.m_axi.p1i512, i512 %gmem3_addr, i32 64" [source/int4_decoder_controller.cpp:470]   --->   Operation 169 'readreq' 'empty_942' <Predicate = true> <Delay = 2.43> <CoreInst = "m_axi">   --->   Core 121 'm_axi' <Latency = 0> <II = 1> <Delay = 1.00> <Adapter> <Opcode : 'read' 'write' 'readreq' 'writereq' 'writeresp'>

State 21 <SV = 20> <Delay = 2.43>
ST_21 : Operation 170 [51/71] (2.43ns)   --->   "%empty = readreq i1 @_ssdm_op_ReadReq.m_axi.p1i512, i512 %gmem0_addr, i32 64" [source/int4_decoder_controller.cpp:470]   --->   Operation 170 'readreq' 'empty' <Predicate = true> <Delay = 2.43> <CoreInst = "m_axi">   --->   Core 121 'm_axi' <Latency = 0> <II = 1> <Delay = 1.00> <Adapter> <Opcode : 'read' 'write' 'readreq' 'writereq' 'writeresp'>
ST_21 : Operation 171 [51/71] (2.43ns)   --->   "%empty_940 = readreq i1 @_ssdm_op_ReadReq.m_axi.p1i512, i512 %gmem1_addr, i32 64" [source/int4_decoder_controller.cpp:470]   --->   Operation 171 'readreq' 'empty_940' <Predicate = true> <Delay = 2.43> <CoreInst = "m_axi">   --->   Core 121 'm_axi' <Latency = 0> <II = 1> <Delay = 1.00> <Adapter> <Opcode : 'read' 'write' 'readreq' 'writereq' 'writeresp'>
ST_21 : Operation 172 [51/71] (2.43ns)   --->   "%empty_941 = readreq i1 @_ssdm_op_ReadReq.m_axi.p1i512, i512 %gmem2_addr, i32 64" [source/int4_decoder_controller.cpp:470]   --->   Operation 172 'readreq' 'empty_941' <Predicate = true> <Delay = 2.43> <CoreInst = "m_axi">   --->   Core 121 'm_axi' <Latency = 0> <II = 1> <Delay = 1.00> <Adapter> <Opcode : 'read' 'write' 'readreq' 'writereq' 'writeresp'>
ST_21 : Operation 173 [51/71] (2.43ns)   --->   "%empty_942 = readreq i1 @_ssdm_op_ReadReq.m_axi.p1i512, i512 %gmem3_addr, i32 64" [source/int4_decoder_controller.cpp:470]   --->   Operation 173 'readreq' 'empty_942' <Predicate = true> <Delay = 2.43> <CoreInst = "m_axi">   --->   Core 121 'm_axi' <Latency = 0> <II = 1> <Delay = 1.00> <Adapter> <Opcode : 'read' 'write' 'readreq' 'writereq' 'writeresp'>

State 22 <SV = 21> <Delay = 2.43>
ST_22 : Operation 174 [50/71] (2.43ns)   --->   "%empty = readreq i1 @_ssdm_op_ReadReq.m_axi.p1i512, i512 %gmem0_addr, i32 64" [source/int4_decoder_controller.cpp:470]   --->   Operation 174 'readreq' 'empty' <Predicate = true> <Delay = 2.43> <CoreInst = "m_axi">   --->   Core 121 'm_axi' <Latency = 0> <II = 1> <Delay = 1.00> <Adapter> <Opcode : 'read' 'write' 'readreq' 'writereq' 'writeresp'>
ST_22 : Operation 175 [50/71] (2.43ns)   --->   "%empty_940 = readreq i1 @_ssdm_op_ReadReq.m_axi.p1i512, i512 %gmem1_addr, i32 64" [source/int4_decoder_controller.cpp:470]   --->   Operation 175 'readreq' 'empty_940' <Predicate = true> <Delay = 2.43> <CoreInst = "m_axi">   --->   Core 121 'm_axi' <Latency = 0> <II = 1> <Delay = 1.00> <Adapter> <Opcode : 'read' 'write' 'readreq' 'writereq' 'writeresp'>
ST_22 : Operation 176 [50/71] (2.43ns)   --->   "%empty_941 = readreq i1 @_ssdm_op_ReadReq.m_axi.p1i512, i512 %gmem2_addr, i32 64" [source/int4_decoder_controller.cpp:470]   --->   Operation 176 'readreq' 'empty_941' <Predicate = true> <Delay = 2.43> <CoreInst = "m_axi">   --->   Core 121 'm_axi' <Latency = 0> <II = 1> <Delay = 1.00> <Adapter> <Opcode : 'read' 'write' 'readreq' 'writereq' 'writeresp'>
ST_22 : Operation 177 [50/71] (2.43ns)   --->   "%empty_942 = readreq i1 @_ssdm_op_ReadReq.m_axi.p1i512, i512 %gmem3_addr, i32 64" [source/int4_decoder_controller.cpp:470]   --->   Operation 177 'readreq' 'empty_942' <Predicate = true> <Delay = 2.43> <CoreInst = "m_axi">   --->   Core 121 'm_axi' <Latency = 0> <II = 1> <Delay = 1.00> <Adapter> <Opcode : 'read' 'write' 'readreq' 'writereq' 'writeresp'>

State 23 <SV = 22> <Delay = 2.43>
ST_23 : Operation 178 [49/71] (2.43ns)   --->   "%empty = readreq i1 @_ssdm_op_ReadReq.m_axi.p1i512, i512 %gmem0_addr, i32 64" [source/int4_decoder_controller.cpp:470]   --->   Operation 178 'readreq' 'empty' <Predicate = true> <Delay = 2.43> <CoreInst = "m_axi">   --->   Core 121 'm_axi' <Latency = 0> <II = 1> <Delay = 1.00> <Adapter> <Opcode : 'read' 'write' 'readreq' 'writereq' 'writeresp'>
ST_23 : Operation 179 [49/71] (2.43ns)   --->   "%empty_940 = readreq i1 @_ssdm_op_ReadReq.m_axi.p1i512, i512 %gmem1_addr, i32 64" [source/int4_decoder_controller.cpp:470]   --->   Operation 179 'readreq' 'empty_940' <Predicate = true> <Delay = 2.43> <CoreInst = "m_axi">   --->   Core 121 'm_axi' <Latency = 0> <II = 1> <Delay = 1.00> <Adapter> <Opcode : 'read' 'write' 'readreq' 'writereq' 'writeresp'>
ST_23 : Operation 180 [49/71] (2.43ns)   --->   "%empty_941 = readreq i1 @_ssdm_op_ReadReq.m_axi.p1i512, i512 %gmem2_addr, i32 64" [source/int4_decoder_controller.cpp:470]   --->   Operation 180 'readreq' 'empty_941' <Predicate = true> <Delay = 2.43> <CoreInst = "m_axi">   --->   Core 121 'm_axi' <Latency = 0> <II = 1> <Delay = 1.00> <Adapter> <Opcode : 'read' 'write' 'readreq' 'writereq' 'writeresp'>
ST_23 : Operation 181 [49/71] (2.43ns)   --->   "%empty_942 = readreq i1 @_ssdm_op_ReadReq.m_axi.p1i512, i512 %gmem3_addr, i32 64" [source/int4_decoder_controller.cpp:470]   --->   Operation 181 'readreq' 'empty_942' <Predicate = true> <Delay = 2.43> <CoreInst = "m_axi">   --->   Core 121 'm_axi' <Latency = 0> <II = 1> <Delay = 1.00> <Adapter> <Opcode : 'read' 'write' 'readreq' 'writereq' 'writeresp'>

State 24 <SV = 23> <Delay = 2.43>
ST_24 : Operation 182 [48/71] (2.43ns)   --->   "%empty = readreq i1 @_ssdm_op_ReadReq.m_axi.p1i512, i512 %gmem0_addr, i32 64" [source/int4_decoder_controller.cpp:470]   --->   Operation 182 'readreq' 'empty' <Predicate = true> <Delay = 2.43> <CoreInst = "m_axi">   --->   Core 121 'm_axi' <Latency = 0> <II = 1> <Delay = 1.00> <Adapter> <Opcode : 'read' 'write' 'readreq' 'writereq' 'writeresp'>
ST_24 : Operation 183 [48/71] (2.43ns)   --->   "%empty_940 = readreq i1 @_ssdm_op_ReadReq.m_axi.p1i512, i512 %gmem1_addr, i32 64" [source/int4_decoder_controller.cpp:470]   --->   Operation 183 'readreq' 'empty_940' <Predicate = true> <Delay = 2.43> <CoreInst = "m_axi">   --->   Core 121 'm_axi' <Latency = 0> <II = 1> <Delay = 1.00> <Adapter> <Opcode : 'read' 'write' 'readreq' 'writereq' 'writeresp'>
ST_24 : Operation 184 [48/71] (2.43ns)   --->   "%empty_941 = readreq i1 @_ssdm_op_ReadReq.m_axi.p1i512, i512 %gmem2_addr, i32 64" [source/int4_decoder_controller.cpp:470]   --->   Operation 184 'readreq' 'empty_941' <Predicate = true> <Delay = 2.43> <CoreInst = "m_axi">   --->   Core 121 'm_axi' <Latency = 0> <II = 1> <Delay = 1.00> <Adapter> <Opcode : 'read' 'write' 'readreq' 'writereq' 'writeresp'>
ST_24 : Operation 185 [48/71] (2.43ns)   --->   "%empty_942 = readreq i1 @_ssdm_op_ReadReq.m_axi.p1i512, i512 %gmem3_addr, i32 64" [source/int4_decoder_controller.cpp:470]   --->   Operation 185 'readreq' 'empty_942' <Predicate = true> <Delay = 2.43> <CoreInst = "m_axi">   --->   Core 121 'm_axi' <Latency = 0> <II = 1> <Delay = 1.00> <Adapter> <Opcode : 'read' 'write' 'readreq' 'writereq' 'writeresp'>

State 25 <SV = 24> <Delay = 2.43>
ST_25 : Operation 186 [47/71] (2.43ns)   --->   "%empty = readreq i1 @_ssdm_op_ReadReq.m_axi.p1i512, i512 %gmem0_addr, i32 64" [source/int4_decoder_controller.cpp:470]   --->   Operation 186 'readreq' 'empty' <Predicate = true> <Delay = 2.43> <CoreInst = "m_axi">   --->   Core 121 'm_axi' <Latency = 0> <II = 1> <Delay = 1.00> <Adapter> <Opcode : 'read' 'write' 'readreq' 'writereq' 'writeresp'>
ST_25 : Operation 187 [47/71] (2.43ns)   --->   "%empty_940 = readreq i1 @_ssdm_op_ReadReq.m_axi.p1i512, i512 %gmem1_addr, i32 64" [source/int4_decoder_controller.cpp:470]   --->   Operation 187 'readreq' 'empty_940' <Predicate = true> <Delay = 2.43> <CoreInst = "m_axi">   --->   Core 121 'm_axi' <Latency = 0> <II = 1> <Delay = 1.00> <Adapter> <Opcode : 'read' 'write' 'readreq' 'writereq' 'writeresp'>
ST_25 : Operation 188 [47/71] (2.43ns)   --->   "%empty_941 = readreq i1 @_ssdm_op_ReadReq.m_axi.p1i512, i512 %gmem2_addr, i32 64" [source/int4_decoder_controller.cpp:470]   --->   Operation 188 'readreq' 'empty_941' <Predicate = true> <Delay = 2.43> <CoreInst = "m_axi">   --->   Core 121 'm_axi' <Latency = 0> <II = 1> <Delay = 1.00> <Adapter> <Opcode : 'read' 'write' 'readreq' 'writereq' 'writeresp'>
ST_25 : Operation 189 [47/71] (2.43ns)   --->   "%empty_942 = readreq i1 @_ssdm_op_ReadReq.m_axi.p1i512, i512 %gmem3_addr, i32 64" [source/int4_decoder_controller.cpp:470]   --->   Operation 189 'readreq' 'empty_942' <Predicate = true> <Delay = 2.43> <CoreInst = "m_axi">   --->   Core 121 'm_axi' <Latency = 0> <II = 1> <Delay = 1.00> <Adapter> <Opcode : 'read' 'write' 'readreq' 'writereq' 'writeresp'>

State 26 <SV = 25> <Delay = 2.43>
ST_26 : Operation 190 [46/71] (2.43ns)   --->   "%empty = readreq i1 @_ssdm_op_ReadReq.m_axi.p1i512, i512 %gmem0_addr, i32 64" [source/int4_decoder_controller.cpp:470]   --->   Operation 190 'readreq' 'empty' <Predicate = true> <Delay = 2.43> <CoreInst = "m_axi">   --->   Core 121 'm_axi' <Latency = 0> <II = 1> <Delay = 1.00> <Adapter> <Opcode : 'read' 'write' 'readreq' 'writereq' 'writeresp'>
ST_26 : Operation 191 [46/71] (2.43ns)   --->   "%empty_940 = readreq i1 @_ssdm_op_ReadReq.m_axi.p1i512, i512 %gmem1_addr, i32 64" [source/int4_decoder_controller.cpp:470]   --->   Operation 191 'readreq' 'empty_940' <Predicate = true> <Delay = 2.43> <CoreInst = "m_axi">   --->   Core 121 'm_axi' <Latency = 0> <II = 1> <Delay = 1.00> <Adapter> <Opcode : 'read' 'write' 'readreq' 'writereq' 'writeresp'>
ST_26 : Operation 192 [46/71] (2.43ns)   --->   "%empty_941 = readreq i1 @_ssdm_op_ReadReq.m_axi.p1i512, i512 %gmem2_addr, i32 64" [source/int4_decoder_controller.cpp:470]   --->   Operation 192 'readreq' 'empty_941' <Predicate = true> <Delay = 2.43> <CoreInst = "m_axi">   --->   Core 121 'm_axi' <Latency = 0> <II = 1> <Delay = 1.00> <Adapter> <Opcode : 'read' 'write' 'readreq' 'writereq' 'writeresp'>
ST_26 : Operation 193 [46/71] (2.43ns)   --->   "%empty_942 = readreq i1 @_ssdm_op_ReadReq.m_axi.p1i512, i512 %gmem3_addr, i32 64" [source/int4_decoder_controller.cpp:470]   --->   Operation 193 'readreq' 'empty_942' <Predicate = true> <Delay = 2.43> <CoreInst = "m_axi">   --->   Core 121 'm_axi' <Latency = 0> <II = 1> <Delay = 1.00> <Adapter> <Opcode : 'read' 'write' 'readreq' 'writereq' 'writeresp'>

State 27 <SV = 26> <Delay = 2.43>
ST_27 : Operation 194 [45/71] (2.43ns)   --->   "%empty = readreq i1 @_ssdm_op_ReadReq.m_axi.p1i512, i512 %gmem0_addr, i32 64" [source/int4_decoder_controller.cpp:470]   --->   Operation 194 'readreq' 'empty' <Predicate = true> <Delay = 2.43> <CoreInst = "m_axi">   --->   Core 121 'm_axi' <Latency = 0> <II = 1> <Delay = 1.00> <Adapter> <Opcode : 'read' 'write' 'readreq' 'writereq' 'writeresp'>
ST_27 : Operation 195 [45/71] (2.43ns)   --->   "%empty_940 = readreq i1 @_ssdm_op_ReadReq.m_axi.p1i512, i512 %gmem1_addr, i32 64" [source/int4_decoder_controller.cpp:470]   --->   Operation 195 'readreq' 'empty_940' <Predicate = true> <Delay = 2.43> <CoreInst = "m_axi">   --->   Core 121 'm_axi' <Latency = 0> <II = 1> <Delay = 1.00> <Adapter> <Opcode : 'read' 'write' 'readreq' 'writereq' 'writeresp'>
ST_27 : Operation 196 [45/71] (2.43ns)   --->   "%empty_941 = readreq i1 @_ssdm_op_ReadReq.m_axi.p1i512, i512 %gmem2_addr, i32 64" [source/int4_decoder_controller.cpp:470]   --->   Operation 196 'readreq' 'empty_941' <Predicate = true> <Delay = 2.43> <CoreInst = "m_axi">   --->   Core 121 'm_axi' <Latency = 0> <II = 1> <Delay = 1.00> <Adapter> <Opcode : 'read' 'write' 'readreq' 'writereq' 'writeresp'>
ST_27 : Operation 197 [45/71] (2.43ns)   --->   "%empty_942 = readreq i1 @_ssdm_op_ReadReq.m_axi.p1i512, i512 %gmem3_addr, i32 64" [source/int4_decoder_controller.cpp:470]   --->   Operation 197 'readreq' 'empty_942' <Predicate = true> <Delay = 2.43> <CoreInst = "m_axi">   --->   Core 121 'm_axi' <Latency = 0> <II = 1> <Delay = 1.00> <Adapter> <Opcode : 'read' 'write' 'readreq' 'writereq' 'writeresp'>

State 28 <SV = 27> <Delay = 2.43>
ST_28 : Operation 198 [44/71] (2.43ns)   --->   "%empty = readreq i1 @_ssdm_op_ReadReq.m_axi.p1i512, i512 %gmem0_addr, i32 64" [source/int4_decoder_controller.cpp:470]   --->   Operation 198 'readreq' 'empty' <Predicate = true> <Delay = 2.43> <CoreInst = "m_axi">   --->   Core 121 'm_axi' <Latency = 0> <II = 1> <Delay = 1.00> <Adapter> <Opcode : 'read' 'write' 'readreq' 'writereq' 'writeresp'>
ST_28 : Operation 199 [44/71] (2.43ns)   --->   "%empty_940 = readreq i1 @_ssdm_op_ReadReq.m_axi.p1i512, i512 %gmem1_addr, i32 64" [source/int4_decoder_controller.cpp:470]   --->   Operation 199 'readreq' 'empty_940' <Predicate = true> <Delay = 2.43> <CoreInst = "m_axi">   --->   Core 121 'm_axi' <Latency = 0> <II = 1> <Delay = 1.00> <Adapter> <Opcode : 'read' 'write' 'readreq' 'writereq' 'writeresp'>
ST_28 : Operation 200 [44/71] (2.43ns)   --->   "%empty_941 = readreq i1 @_ssdm_op_ReadReq.m_axi.p1i512, i512 %gmem2_addr, i32 64" [source/int4_decoder_controller.cpp:470]   --->   Operation 200 'readreq' 'empty_941' <Predicate = true> <Delay = 2.43> <CoreInst = "m_axi">   --->   Core 121 'm_axi' <Latency = 0> <II = 1> <Delay = 1.00> <Adapter> <Opcode : 'read' 'write' 'readreq' 'writereq' 'writeresp'>
ST_28 : Operation 201 [44/71] (2.43ns)   --->   "%empty_942 = readreq i1 @_ssdm_op_ReadReq.m_axi.p1i512, i512 %gmem3_addr, i32 64" [source/int4_decoder_controller.cpp:470]   --->   Operation 201 'readreq' 'empty_942' <Predicate = true> <Delay = 2.43> <CoreInst = "m_axi">   --->   Core 121 'm_axi' <Latency = 0> <II = 1> <Delay = 1.00> <Adapter> <Opcode : 'read' 'write' 'readreq' 'writereq' 'writeresp'>

State 29 <SV = 28> <Delay = 2.43>
ST_29 : Operation 202 [43/71] (2.43ns)   --->   "%empty = readreq i1 @_ssdm_op_ReadReq.m_axi.p1i512, i512 %gmem0_addr, i32 64" [source/int4_decoder_controller.cpp:470]   --->   Operation 202 'readreq' 'empty' <Predicate = true> <Delay = 2.43> <CoreInst = "m_axi">   --->   Core 121 'm_axi' <Latency = 0> <II = 1> <Delay = 1.00> <Adapter> <Opcode : 'read' 'write' 'readreq' 'writereq' 'writeresp'>
ST_29 : Operation 203 [43/71] (2.43ns)   --->   "%empty_940 = readreq i1 @_ssdm_op_ReadReq.m_axi.p1i512, i512 %gmem1_addr, i32 64" [source/int4_decoder_controller.cpp:470]   --->   Operation 203 'readreq' 'empty_940' <Predicate = true> <Delay = 2.43> <CoreInst = "m_axi">   --->   Core 121 'm_axi' <Latency = 0> <II = 1> <Delay = 1.00> <Adapter> <Opcode : 'read' 'write' 'readreq' 'writereq' 'writeresp'>
ST_29 : Operation 204 [43/71] (2.43ns)   --->   "%empty_941 = readreq i1 @_ssdm_op_ReadReq.m_axi.p1i512, i512 %gmem2_addr, i32 64" [source/int4_decoder_controller.cpp:470]   --->   Operation 204 'readreq' 'empty_941' <Predicate = true> <Delay = 2.43> <CoreInst = "m_axi">   --->   Core 121 'm_axi' <Latency = 0> <II = 1> <Delay = 1.00> <Adapter> <Opcode : 'read' 'write' 'readreq' 'writereq' 'writeresp'>
ST_29 : Operation 205 [43/71] (2.43ns)   --->   "%empty_942 = readreq i1 @_ssdm_op_ReadReq.m_axi.p1i512, i512 %gmem3_addr, i32 64" [source/int4_decoder_controller.cpp:470]   --->   Operation 205 'readreq' 'empty_942' <Predicate = true> <Delay = 2.43> <CoreInst = "m_axi">   --->   Core 121 'm_axi' <Latency = 0> <II = 1> <Delay = 1.00> <Adapter> <Opcode : 'read' 'write' 'readreq' 'writereq' 'writeresp'>

State 30 <SV = 29> <Delay = 2.43>
ST_30 : Operation 206 [42/71] (2.43ns)   --->   "%empty = readreq i1 @_ssdm_op_ReadReq.m_axi.p1i512, i512 %gmem0_addr, i32 64" [source/int4_decoder_controller.cpp:470]   --->   Operation 206 'readreq' 'empty' <Predicate = true> <Delay = 2.43> <CoreInst = "m_axi">   --->   Core 121 'm_axi' <Latency = 0> <II = 1> <Delay = 1.00> <Adapter> <Opcode : 'read' 'write' 'readreq' 'writereq' 'writeresp'>
ST_30 : Operation 207 [42/71] (2.43ns)   --->   "%empty_940 = readreq i1 @_ssdm_op_ReadReq.m_axi.p1i512, i512 %gmem1_addr, i32 64" [source/int4_decoder_controller.cpp:470]   --->   Operation 207 'readreq' 'empty_940' <Predicate = true> <Delay = 2.43> <CoreInst = "m_axi">   --->   Core 121 'm_axi' <Latency = 0> <II = 1> <Delay = 1.00> <Adapter> <Opcode : 'read' 'write' 'readreq' 'writereq' 'writeresp'>
ST_30 : Operation 208 [42/71] (2.43ns)   --->   "%empty_941 = readreq i1 @_ssdm_op_ReadReq.m_axi.p1i512, i512 %gmem2_addr, i32 64" [source/int4_decoder_controller.cpp:470]   --->   Operation 208 'readreq' 'empty_941' <Predicate = true> <Delay = 2.43> <CoreInst = "m_axi">   --->   Core 121 'm_axi' <Latency = 0> <II = 1> <Delay = 1.00> <Adapter> <Opcode : 'read' 'write' 'readreq' 'writereq' 'writeresp'>
ST_30 : Operation 209 [42/71] (2.43ns)   --->   "%empty_942 = readreq i1 @_ssdm_op_ReadReq.m_axi.p1i512, i512 %gmem3_addr, i32 64" [source/int4_decoder_controller.cpp:470]   --->   Operation 209 'readreq' 'empty_942' <Predicate = true> <Delay = 2.43> <CoreInst = "m_axi">   --->   Core 121 'm_axi' <Latency = 0> <II = 1> <Delay = 1.00> <Adapter> <Opcode : 'read' 'write' 'readreq' 'writereq' 'writeresp'>

State 31 <SV = 30> <Delay = 2.43>
ST_31 : Operation 210 [41/71] (2.43ns)   --->   "%empty = readreq i1 @_ssdm_op_ReadReq.m_axi.p1i512, i512 %gmem0_addr, i32 64" [source/int4_decoder_controller.cpp:470]   --->   Operation 210 'readreq' 'empty' <Predicate = true> <Delay = 2.43> <CoreInst = "m_axi">   --->   Core 121 'm_axi' <Latency = 0> <II = 1> <Delay = 1.00> <Adapter> <Opcode : 'read' 'write' 'readreq' 'writereq' 'writeresp'>
ST_31 : Operation 211 [41/71] (2.43ns)   --->   "%empty_940 = readreq i1 @_ssdm_op_ReadReq.m_axi.p1i512, i512 %gmem1_addr, i32 64" [source/int4_decoder_controller.cpp:470]   --->   Operation 211 'readreq' 'empty_940' <Predicate = true> <Delay = 2.43> <CoreInst = "m_axi">   --->   Core 121 'm_axi' <Latency = 0> <II = 1> <Delay = 1.00> <Adapter> <Opcode : 'read' 'write' 'readreq' 'writereq' 'writeresp'>
ST_31 : Operation 212 [41/71] (2.43ns)   --->   "%empty_941 = readreq i1 @_ssdm_op_ReadReq.m_axi.p1i512, i512 %gmem2_addr, i32 64" [source/int4_decoder_controller.cpp:470]   --->   Operation 212 'readreq' 'empty_941' <Predicate = true> <Delay = 2.43> <CoreInst = "m_axi">   --->   Core 121 'm_axi' <Latency = 0> <II = 1> <Delay = 1.00> <Adapter> <Opcode : 'read' 'write' 'readreq' 'writereq' 'writeresp'>
ST_31 : Operation 213 [41/71] (2.43ns)   --->   "%empty_942 = readreq i1 @_ssdm_op_ReadReq.m_axi.p1i512, i512 %gmem3_addr, i32 64" [source/int4_decoder_controller.cpp:470]   --->   Operation 213 'readreq' 'empty_942' <Predicate = true> <Delay = 2.43> <CoreInst = "m_axi">   --->   Core 121 'm_axi' <Latency = 0> <II = 1> <Delay = 1.00> <Adapter> <Opcode : 'read' 'write' 'readreq' 'writereq' 'writeresp'>

State 32 <SV = 31> <Delay = 2.43>
ST_32 : Operation 214 [40/71] (2.43ns)   --->   "%empty = readreq i1 @_ssdm_op_ReadReq.m_axi.p1i512, i512 %gmem0_addr, i32 64" [source/int4_decoder_controller.cpp:470]   --->   Operation 214 'readreq' 'empty' <Predicate = true> <Delay = 2.43> <CoreInst = "m_axi">   --->   Core 121 'm_axi' <Latency = 0> <II = 1> <Delay = 1.00> <Adapter> <Opcode : 'read' 'write' 'readreq' 'writereq' 'writeresp'>
ST_32 : Operation 215 [40/71] (2.43ns)   --->   "%empty_940 = readreq i1 @_ssdm_op_ReadReq.m_axi.p1i512, i512 %gmem1_addr, i32 64" [source/int4_decoder_controller.cpp:470]   --->   Operation 215 'readreq' 'empty_940' <Predicate = true> <Delay = 2.43> <CoreInst = "m_axi">   --->   Core 121 'm_axi' <Latency = 0> <II = 1> <Delay = 1.00> <Adapter> <Opcode : 'read' 'write' 'readreq' 'writereq' 'writeresp'>
ST_32 : Operation 216 [40/71] (2.43ns)   --->   "%empty_941 = readreq i1 @_ssdm_op_ReadReq.m_axi.p1i512, i512 %gmem2_addr, i32 64" [source/int4_decoder_controller.cpp:470]   --->   Operation 216 'readreq' 'empty_941' <Predicate = true> <Delay = 2.43> <CoreInst = "m_axi">   --->   Core 121 'm_axi' <Latency = 0> <II = 1> <Delay = 1.00> <Adapter> <Opcode : 'read' 'write' 'readreq' 'writereq' 'writeresp'>
ST_32 : Operation 217 [40/71] (2.43ns)   --->   "%empty_942 = readreq i1 @_ssdm_op_ReadReq.m_axi.p1i512, i512 %gmem3_addr, i32 64" [source/int4_decoder_controller.cpp:470]   --->   Operation 217 'readreq' 'empty_942' <Predicate = true> <Delay = 2.43> <CoreInst = "m_axi">   --->   Core 121 'm_axi' <Latency = 0> <II = 1> <Delay = 1.00> <Adapter> <Opcode : 'read' 'write' 'readreq' 'writereq' 'writeresp'>

State 33 <SV = 32> <Delay = 2.43>
ST_33 : Operation 218 [39/71] (2.43ns)   --->   "%empty = readreq i1 @_ssdm_op_ReadReq.m_axi.p1i512, i512 %gmem0_addr, i32 64" [source/int4_decoder_controller.cpp:470]   --->   Operation 218 'readreq' 'empty' <Predicate = true> <Delay = 2.43> <CoreInst = "m_axi">   --->   Core 121 'm_axi' <Latency = 0> <II = 1> <Delay = 1.00> <Adapter> <Opcode : 'read' 'write' 'readreq' 'writereq' 'writeresp'>
ST_33 : Operation 219 [39/71] (2.43ns)   --->   "%empty_940 = readreq i1 @_ssdm_op_ReadReq.m_axi.p1i512, i512 %gmem1_addr, i32 64" [source/int4_decoder_controller.cpp:470]   --->   Operation 219 'readreq' 'empty_940' <Predicate = true> <Delay = 2.43> <CoreInst = "m_axi">   --->   Core 121 'm_axi' <Latency = 0> <II = 1> <Delay = 1.00> <Adapter> <Opcode : 'read' 'write' 'readreq' 'writereq' 'writeresp'>
ST_33 : Operation 220 [39/71] (2.43ns)   --->   "%empty_941 = readreq i1 @_ssdm_op_ReadReq.m_axi.p1i512, i512 %gmem2_addr, i32 64" [source/int4_decoder_controller.cpp:470]   --->   Operation 220 'readreq' 'empty_941' <Predicate = true> <Delay = 2.43> <CoreInst = "m_axi">   --->   Core 121 'm_axi' <Latency = 0> <II = 1> <Delay = 1.00> <Adapter> <Opcode : 'read' 'write' 'readreq' 'writereq' 'writeresp'>
ST_33 : Operation 221 [39/71] (2.43ns)   --->   "%empty_942 = readreq i1 @_ssdm_op_ReadReq.m_axi.p1i512, i512 %gmem3_addr, i32 64" [source/int4_decoder_controller.cpp:470]   --->   Operation 221 'readreq' 'empty_942' <Predicate = true> <Delay = 2.43> <CoreInst = "m_axi">   --->   Core 121 'm_axi' <Latency = 0> <II = 1> <Delay = 1.00> <Adapter> <Opcode : 'read' 'write' 'readreq' 'writereq' 'writeresp'>

State 34 <SV = 33> <Delay = 2.43>
ST_34 : Operation 222 [38/71] (2.43ns)   --->   "%empty = readreq i1 @_ssdm_op_ReadReq.m_axi.p1i512, i512 %gmem0_addr, i32 64" [source/int4_decoder_controller.cpp:470]   --->   Operation 222 'readreq' 'empty' <Predicate = true> <Delay = 2.43> <CoreInst = "m_axi">   --->   Core 121 'm_axi' <Latency = 0> <II = 1> <Delay = 1.00> <Adapter> <Opcode : 'read' 'write' 'readreq' 'writereq' 'writeresp'>
ST_34 : Operation 223 [38/71] (2.43ns)   --->   "%empty_940 = readreq i1 @_ssdm_op_ReadReq.m_axi.p1i512, i512 %gmem1_addr, i32 64" [source/int4_decoder_controller.cpp:470]   --->   Operation 223 'readreq' 'empty_940' <Predicate = true> <Delay = 2.43> <CoreInst = "m_axi">   --->   Core 121 'm_axi' <Latency = 0> <II = 1> <Delay = 1.00> <Adapter> <Opcode : 'read' 'write' 'readreq' 'writereq' 'writeresp'>
ST_34 : Operation 224 [38/71] (2.43ns)   --->   "%empty_941 = readreq i1 @_ssdm_op_ReadReq.m_axi.p1i512, i512 %gmem2_addr, i32 64" [source/int4_decoder_controller.cpp:470]   --->   Operation 224 'readreq' 'empty_941' <Predicate = true> <Delay = 2.43> <CoreInst = "m_axi">   --->   Core 121 'm_axi' <Latency = 0> <II = 1> <Delay = 1.00> <Adapter> <Opcode : 'read' 'write' 'readreq' 'writereq' 'writeresp'>
ST_34 : Operation 225 [38/71] (2.43ns)   --->   "%empty_942 = readreq i1 @_ssdm_op_ReadReq.m_axi.p1i512, i512 %gmem3_addr, i32 64" [source/int4_decoder_controller.cpp:470]   --->   Operation 225 'readreq' 'empty_942' <Predicate = true> <Delay = 2.43> <CoreInst = "m_axi">   --->   Core 121 'm_axi' <Latency = 0> <II = 1> <Delay = 1.00> <Adapter> <Opcode : 'read' 'write' 'readreq' 'writereq' 'writeresp'>

State 35 <SV = 34> <Delay = 2.43>
ST_35 : Operation 226 [37/71] (2.43ns)   --->   "%empty = readreq i1 @_ssdm_op_ReadReq.m_axi.p1i512, i512 %gmem0_addr, i32 64" [source/int4_decoder_controller.cpp:470]   --->   Operation 226 'readreq' 'empty' <Predicate = true> <Delay = 2.43> <CoreInst = "m_axi">   --->   Core 121 'm_axi' <Latency = 0> <II = 1> <Delay = 1.00> <Adapter> <Opcode : 'read' 'write' 'readreq' 'writereq' 'writeresp'>
ST_35 : Operation 227 [37/71] (2.43ns)   --->   "%empty_940 = readreq i1 @_ssdm_op_ReadReq.m_axi.p1i512, i512 %gmem1_addr, i32 64" [source/int4_decoder_controller.cpp:470]   --->   Operation 227 'readreq' 'empty_940' <Predicate = true> <Delay = 2.43> <CoreInst = "m_axi">   --->   Core 121 'm_axi' <Latency = 0> <II = 1> <Delay = 1.00> <Adapter> <Opcode : 'read' 'write' 'readreq' 'writereq' 'writeresp'>
ST_35 : Operation 228 [37/71] (2.43ns)   --->   "%empty_941 = readreq i1 @_ssdm_op_ReadReq.m_axi.p1i512, i512 %gmem2_addr, i32 64" [source/int4_decoder_controller.cpp:470]   --->   Operation 228 'readreq' 'empty_941' <Predicate = true> <Delay = 2.43> <CoreInst = "m_axi">   --->   Core 121 'm_axi' <Latency = 0> <II = 1> <Delay = 1.00> <Adapter> <Opcode : 'read' 'write' 'readreq' 'writereq' 'writeresp'>
ST_35 : Operation 229 [37/71] (2.43ns)   --->   "%empty_942 = readreq i1 @_ssdm_op_ReadReq.m_axi.p1i512, i512 %gmem3_addr, i32 64" [source/int4_decoder_controller.cpp:470]   --->   Operation 229 'readreq' 'empty_942' <Predicate = true> <Delay = 2.43> <CoreInst = "m_axi">   --->   Core 121 'm_axi' <Latency = 0> <II = 1> <Delay = 1.00> <Adapter> <Opcode : 'read' 'write' 'readreq' 'writereq' 'writeresp'>

State 36 <SV = 35> <Delay = 2.43>
ST_36 : Operation 230 [36/71] (2.43ns)   --->   "%empty = readreq i1 @_ssdm_op_ReadReq.m_axi.p1i512, i512 %gmem0_addr, i32 64" [source/int4_decoder_controller.cpp:470]   --->   Operation 230 'readreq' 'empty' <Predicate = true> <Delay = 2.43> <CoreInst = "m_axi">   --->   Core 121 'm_axi' <Latency = 0> <II = 1> <Delay = 1.00> <Adapter> <Opcode : 'read' 'write' 'readreq' 'writereq' 'writeresp'>
ST_36 : Operation 231 [36/71] (2.43ns)   --->   "%empty_940 = readreq i1 @_ssdm_op_ReadReq.m_axi.p1i512, i512 %gmem1_addr, i32 64" [source/int4_decoder_controller.cpp:470]   --->   Operation 231 'readreq' 'empty_940' <Predicate = true> <Delay = 2.43> <CoreInst = "m_axi">   --->   Core 121 'm_axi' <Latency = 0> <II = 1> <Delay = 1.00> <Adapter> <Opcode : 'read' 'write' 'readreq' 'writereq' 'writeresp'>
ST_36 : Operation 232 [36/71] (2.43ns)   --->   "%empty_941 = readreq i1 @_ssdm_op_ReadReq.m_axi.p1i512, i512 %gmem2_addr, i32 64" [source/int4_decoder_controller.cpp:470]   --->   Operation 232 'readreq' 'empty_941' <Predicate = true> <Delay = 2.43> <CoreInst = "m_axi">   --->   Core 121 'm_axi' <Latency = 0> <II = 1> <Delay = 1.00> <Adapter> <Opcode : 'read' 'write' 'readreq' 'writereq' 'writeresp'>
ST_36 : Operation 233 [36/71] (2.43ns)   --->   "%empty_942 = readreq i1 @_ssdm_op_ReadReq.m_axi.p1i512, i512 %gmem3_addr, i32 64" [source/int4_decoder_controller.cpp:470]   --->   Operation 233 'readreq' 'empty_942' <Predicate = true> <Delay = 2.43> <CoreInst = "m_axi">   --->   Core 121 'm_axi' <Latency = 0> <II = 1> <Delay = 1.00> <Adapter> <Opcode : 'read' 'write' 'readreq' 'writereq' 'writeresp'>

State 37 <SV = 36> <Delay = 2.43>
ST_37 : Operation 234 [35/71] (2.43ns)   --->   "%empty = readreq i1 @_ssdm_op_ReadReq.m_axi.p1i512, i512 %gmem0_addr, i32 64" [source/int4_decoder_controller.cpp:470]   --->   Operation 234 'readreq' 'empty' <Predicate = true> <Delay = 2.43> <CoreInst = "m_axi">   --->   Core 121 'm_axi' <Latency = 0> <II = 1> <Delay = 1.00> <Adapter> <Opcode : 'read' 'write' 'readreq' 'writereq' 'writeresp'>
ST_37 : Operation 235 [35/71] (2.43ns)   --->   "%empty_940 = readreq i1 @_ssdm_op_ReadReq.m_axi.p1i512, i512 %gmem1_addr, i32 64" [source/int4_decoder_controller.cpp:470]   --->   Operation 235 'readreq' 'empty_940' <Predicate = true> <Delay = 2.43> <CoreInst = "m_axi">   --->   Core 121 'm_axi' <Latency = 0> <II = 1> <Delay = 1.00> <Adapter> <Opcode : 'read' 'write' 'readreq' 'writereq' 'writeresp'>
ST_37 : Operation 236 [35/71] (2.43ns)   --->   "%empty_941 = readreq i1 @_ssdm_op_ReadReq.m_axi.p1i512, i512 %gmem2_addr, i32 64" [source/int4_decoder_controller.cpp:470]   --->   Operation 236 'readreq' 'empty_941' <Predicate = true> <Delay = 2.43> <CoreInst = "m_axi">   --->   Core 121 'm_axi' <Latency = 0> <II = 1> <Delay = 1.00> <Adapter> <Opcode : 'read' 'write' 'readreq' 'writereq' 'writeresp'>
ST_37 : Operation 237 [35/71] (2.43ns)   --->   "%empty_942 = readreq i1 @_ssdm_op_ReadReq.m_axi.p1i512, i512 %gmem3_addr, i32 64" [source/int4_decoder_controller.cpp:470]   --->   Operation 237 'readreq' 'empty_942' <Predicate = true> <Delay = 2.43> <CoreInst = "m_axi">   --->   Core 121 'm_axi' <Latency = 0> <II = 1> <Delay = 1.00> <Adapter> <Opcode : 'read' 'write' 'readreq' 'writereq' 'writeresp'>

State 38 <SV = 37> <Delay = 2.43>
ST_38 : Operation 238 [34/71] (2.43ns)   --->   "%empty = readreq i1 @_ssdm_op_ReadReq.m_axi.p1i512, i512 %gmem0_addr, i32 64" [source/int4_decoder_controller.cpp:470]   --->   Operation 238 'readreq' 'empty' <Predicate = true> <Delay = 2.43> <CoreInst = "m_axi">   --->   Core 121 'm_axi' <Latency = 0> <II = 1> <Delay = 1.00> <Adapter> <Opcode : 'read' 'write' 'readreq' 'writereq' 'writeresp'>
ST_38 : Operation 239 [34/71] (2.43ns)   --->   "%empty_940 = readreq i1 @_ssdm_op_ReadReq.m_axi.p1i512, i512 %gmem1_addr, i32 64" [source/int4_decoder_controller.cpp:470]   --->   Operation 239 'readreq' 'empty_940' <Predicate = true> <Delay = 2.43> <CoreInst = "m_axi">   --->   Core 121 'm_axi' <Latency = 0> <II = 1> <Delay = 1.00> <Adapter> <Opcode : 'read' 'write' 'readreq' 'writereq' 'writeresp'>
ST_38 : Operation 240 [34/71] (2.43ns)   --->   "%empty_941 = readreq i1 @_ssdm_op_ReadReq.m_axi.p1i512, i512 %gmem2_addr, i32 64" [source/int4_decoder_controller.cpp:470]   --->   Operation 240 'readreq' 'empty_941' <Predicate = true> <Delay = 2.43> <CoreInst = "m_axi">   --->   Core 121 'm_axi' <Latency = 0> <II = 1> <Delay = 1.00> <Adapter> <Opcode : 'read' 'write' 'readreq' 'writereq' 'writeresp'>
ST_38 : Operation 241 [34/71] (2.43ns)   --->   "%empty_942 = readreq i1 @_ssdm_op_ReadReq.m_axi.p1i512, i512 %gmem3_addr, i32 64" [source/int4_decoder_controller.cpp:470]   --->   Operation 241 'readreq' 'empty_942' <Predicate = true> <Delay = 2.43> <CoreInst = "m_axi">   --->   Core 121 'm_axi' <Latency = 0> <II = 1> <Delay = 1.00> <Adapter> <Opcode : 'read' 'write' 'readreq' 'writereq' 'writeresp'>

State 39 <SV = 38> <Delay = 2.43>
ST_39 : Operation 242 [33/71] (2.43ns)   --->   "%empty = readreq i1 @_ssdm_op_ReadReq.m_axi.p1i512, i512 %gmem0_addr, i32 64" [source/int4_decoder_controller.cpp:470]   --->   Operation 242 'readreq' 'empty' <Predicate = true> <Delay = 2.43> <CoreInst = "m_axi">   --->   Core 121 'm_axi' <Latency = 0> <II = 1> <Delay = 1.00> <Adapter> <Opcode : 'read' 'write' 'readreq' 'writereq' 'writeresp'>
ST_39 : Operation 243 [33/71] (2.43ns)   --->   "%empty_940 = readreq i1 @_ssdm_op_ReadReq.m_axi.p1i512, i512 %gmem1_addr, i32 64" [source/int4_decoder_controller.cpp:470]   --->   Operation 243 'readreq' 'empty_940' <Predicate = true> <Delay = 2.43> <CoreInst = "m_axi">   --->   Core 121 'm_axi' <Latency = 0> <II = 1> <Delay = 1.00> <Adapter> <Opcode : 'read' 'write' 'readreq' 'writereq' 'writeresp'>
ST_39 : Operation 244 [33/71] (2.43ns)   --->   "%empty_941 = readreq i1 @_ssdm_op_ReadReq.m_axi.p1i512, i512 %gmem2_addr, i32 64" [source/int4_decoder_controller.cpp:470]   --->   Operation 244 'readreq' 'empty_941' <Predicate = true> <Delay = 2.43> <CoreInst = "m_axi">   --->   Core 121 'm_axi' <Latency = 0> <II = 1> <Delay = 1.00> <Adapter> <Opcode : 'read' 'write' 'readreq' 'writereq' 'writeresp'>
ST_39 : Operation 245 [33/71] (2.43ns)   --->   "%empty_942 = readreq i1 @_ssdm_op_ReadReq.m_axi.p1i512, i512 %gmem3_addr, i32 64" [source/int4_decoder_controller.cpp:470]   --->   Operation 245 'readreq' 'empty_942' <Predicate = true> <Delay = 2.43> <CoreInst = "m_axi">   --->   Core 121 'm_axi' <Latency = 0> <II = 1> <Delay = 1.00> <Adapter> <Opcode : 'read' 'write' 'readreq' 'writereq' 'writeresp'>

State 40 <SV = 39> <Delay = 2.43>
ST_40 : Operation 246 [32/71] (2.43ns)   --->   "%empty = readreq i1 @_ssdm_op_ReadReq.m_axi.p1i512, i512 %gmem0_addr, i32 64" [source/int4_decoder_controller.cpp:470]   --->   Operation 246 'readreq' 'empty' <Predicate = true> <Delay = 2.43> <CoreInst = "m_axi">   --->   Core 121 'm_axi' <Latency = 0> <II = 1> <Delay = 1.00> <Adapter> <Opcode : 'read' 'write' 'readreq' 'writereq' 'writeresp'>
ST_40 : Operation 247 [32/71] (2.43ns)   --->   "%empty_940 = readreq i1 @_ssdm_op_ReadReq.m_axi.p1i512, i512 %gmem1_addr, i32 64" [source/int4_decoder_controller.cpp:470]   --->   Operation 247 'readreq' 'empty_940' <Predicate = true> <Delay = 2.43> <CoreInst = "m_axi">   --->   Core 121 'm_axi' <Latency = 0> <II = 1> <Delay = 1.00> <Adapter> <Opcode : 'read' 'write' 'readreq' 'writereq' 'writeresp'>
ST_40 : Operation 248 [32/71] (2.43ns)   --->   "%empty_941 = readreq i1 @_ssdm_op_ReadReq.m_axi.p1i512, i512 %gmem2_addr, i32 64" [source/int4_decoder_controller.cpp:470]   --->   Operation 248 'readreq' 'empty_941' <Predicate = true> <Delay = 2.43> <CoreInst = "m_axi">   --->   Core 121 'm_axi' <Latency = 0> <II = 1> <Delay = 1.00> <Adapter> <Opcode : 'read' 'write' 'readreq' 'writereq' 'writeresp'>
ST_40 : Operation 249 [32/71] (2.43ns)   --->   "%empty_942 = readreq i1 @_ssdm_op_ReadReq.m_axi.p1i512, i512 %gmem3_addr, i32 64" [source/int4_decoder_controller.cpp:470]   --->   Operation 249 'readreq' 'empty_942' <Predicate = true> <Delay = 2.43> <CoreInst = "m_axi">   --->   Core 121 'm_axi' <Latency = 0> <II = 1> <Delay = 1.00> <Adapter> <Opcode : 'read' 'write' 'readreq' 'writereq' 'writeresp'>

State 41 <SV = 40> <Delay = 2.43>
ST_41 : Operation 250 [31/71] (2.43ns)   --->   "%empty = readreq i1 @_ssdm_op_ReadReq.m_axi.p1i512, i512 %gmem0_addr, i32 64" [source/int4_decoder_controller.cpp:470]   --->   Operation 250 'readreq' 'empty' <Predicate = true> <Delay = 2.43> <CoreInst = "m_axi">   --->   Core 121 'm_axi' <Latency = 0> <II = 1> <Delay = 1.00> <Adapter> <Opcode : 'read' 'write' 'readreq' 'writereq' 'writeresp'>
ST_41 : Operation 251 [31/71] (2.43ns)   --->   "%empty_940 = readreq i1 @_ssdm_op_ReadReq.m_axi.p1i512, i512 %gmem1_addr, i32 64" [source/int4_decoder_controller.cpp:470]   --->   Operation 251 'readreq' 'empty_940' <Predicate = true> <Delay = 2.43> <CoreInst = "m_axi">   --->   Core 121 'm_axi' <Latency = 0> <II = 1> <Delay = 1.00> <Adapter> <Opcode : 'read' 'write' 'readreq' 'writereq' 'writeresp'>
ST_41 : Operation 252 [31/71] (2.43ns)   --->   "%empty_941 = readreq i1 @_ssdm_op_ReadReq.m_axi.p1i512, i512 %gmem2_addr, i32 64" [source/int4_decoder_controller.cpp:470]   --->   Operation 252 'readreq' 'empty_941' <Predicate = true> <Delay = 2.43> <CoreInst = "m_axi">   --->   Core 121 'm_axi' <Latency = 0> <II = 1> <Delay = 1.00> <Adapter> <Opcode : 'read' 'write' 'readreq' 'writereq' 'writeresp'>
ST_41 : Operation 253 [31/71] (2.43ns)   --->   "%empty_942 = readreq i1 @_ssdm_op_ReadReq.m_axi.p1i512, i512 %gmem3_addr, i32 64" [source/int4_decoder_controller.cpp:470]   --->   Operation 253 'readreq' 'empty_942' <Predicate = true> <Delay = 2.43> <CoreInst = "m_axi">   --->   Core 121 'm_axi' <Latency = 0> <II = 1> <Delay = 1.00> <Adapter> <Opcode : 'read' 'write' 'readreq' 'writereq' 'writeresp'>

State 42 <SV = 41> <Delay = 2.43>
ST_42 : Operation 254 [30/71] (2.43ns)   --->   "%empty = readreq i1 @_ssdm_op_ReadReq.m_axi.p1i512, i512 %gmem0_addr, i32 64" [source/int4_decoder_controller.cpp:470]   --->   Operation 254 'readreq' 'empty' <Predicate = true> <Delay = 2.43> <CoreInst = "m_axi">   --->   Core 121 'm_axi' <Latency = 0> <II = 1> <Delay = 1.00> <Adapter> <Opcode : 'read' 'write' 'readreq' 'writereq' 'writeresp'>
ST_42 : Operation 255 [30/71] (2.43ns)   --->   "%empty_940 = readreq i1 @_ssdm_op_ReadReq.m_axi.p1i512, i512 %gmem1_addr, i32 64" [source/int4_decoder_controller.cpp:470]   --->   Operation 255 'readreq' 'empty_940' <Predicate = true> <Delay = 2.43> <CoreInst = "m_axi">   --->   Core 121 'm_axi' <Latency = 0> <II = 1> <Delay = 1.00> <Adapter> <Opcode : 'read' 'write' 'readreq' 'writereq' 'writeresp'>
ST_42 : Operation 256 [30/71] (2.43ns)   --->   "%empty_941 = readreq i1 @_ssdm_op_ReadReq.m_axi.p1i512, i512 %gmem2_addr, i32 64" [source/int4_decoder_controller.cpp:470]   --->   Operation 256 'readreq' 'empty_941' <Predicate = true> <Delay = 2.43> <CoreInst = "m_axi">   --->   Core 121 'm_axi' <Latency = 0> <II = 1> <Delay = 1.00> <Adapter> <Opcode : 'read' 'write' 'readreq' 'writereq' 'writeresp'>
ST_42 : Operation 257 [30/71] (2.43ns)   --->   "%empty_942 = readreq i1 @_ssdm_op_ReadReq.m_axi.p1i512, i512 %gmem3_addr, i32 64" [source/int4_decoder_controller.cpp:470]   --->   Operation 257 'readreq' 'empty_942' <Predicate = true> <Delay = 2.43> <CoreInst = "m_axi">   --->   Core 121 'm_axi' <Latency = 0> <II = 1> <Delay = 1.00> <Adapter> <Opcode : 'read' 'write' 'readreq' 'writereq' 'writeresp'>

State 43 <SV = 42> <Delay = 2.43>
ST_43 : Operation 258 [29/71] (2.43ns)   --->   "%empty = readreq i1 @_ssdm_op_ReadReq.m_axi.p1i512, i512 %gmem0_addr, i32 64" [source/int4_decoder_controller.cpp:470]   --->   Operation 258 'readreq' 'empty' <Predicate = true> <Delay = 2.43> <CoreInst = "m_axi">   --->   Core 121 'm_axi' <Latency = 0> <II = 1> <Delay = 1.00> <Adapter> <Opcode : 'read' 'write' 'readreq' 'writereq' 'writeresp'>
ST_43 : Operation 259 [29/71] (2.43ns)   --->   "%empty_940 = readreq i1 @_ssdm_op_ReadReq.m_axi.p1i512, i512 %gmem1_addr, i32 64" [source/int4_decoder_controller.cpp:470]   --->   Operation 259 'readreq' 'empty_940' <Predicate = true> <Delay = 2.43> <CoreInst = "m_axi">   --->   Core 121 'm_axi' <Latency = 0> <II = 1> <Delay = 1.00> <Adapter> <Opcode : 'read' 'write' 'readreq' 'writereq' 'writeresp'>
ST_43 : Operation 260 [29/71] (2.43ns)   --->   "%empty_941 = readreq i1 @_ssdm_op_ReadReq.m_axi.p1i512, i512 %gmem2_addr, i32 64" [source/int4_decoder_controller.cpp:470]   --->   Operation 260 'readreq' 'empty_941' <Predicate = true> <Delay = 2.43> <CoreInst = "m_axi">   --->   Core 121 'm_axi' <Latency = 0> <II = 1> <Delay = 1.00> <Adapter> <Opcode : 'read' 'write' 'readreq' 'writereq' 'writeresp'>
ST_43 : Operation 261 [29/71] (2.43ns)   --->   "%empty_942 = readreq i1 @_ssdm_op_ReadReq.m_axi.p1i512, i512 %gmem3_addr, i32 64" [source/int4_decoder_controller.cpp:470]   --->   Operation 261 'readreq' 'empty_942' <Predicate = true> <Delay = 2.43> <CoreInst = "m_axi">   --->   Core 121 'm_axi' <Latency = 0> <II = 1> <Delay = 1.00> <Adapter> <Opcode : 'read' 'write' 'readreq' 'writereq' 'writeresp'>

State 44 <SV = 43> <Delay = 2.43>
ST_44 : Operation 262 [28/71] (2.43ns)   --->   "%empty = readreq i1 @_ssdm_op_ReadReq.m_axi.p1i512, i512 %gmem0_addr, i32 64" [source/int4_decoder_controller.cpp:470]   --->   Operation 262 'readreq' 'empty' <Predicate = true> <Delay = 2.43> <CoreInst = "m_axi">   --->   Core 121 'm_axi' <Latency = 0> <II = 1> <Delay = 1.00> <Adapter> <Opcode : 'read' 'write' 'readreq' 'writereq' 'writeresp'>
ST_44 : Operation 263 [28/71] (2.43ns)   --->   "%empty_940 = readreq i1 @_ssdm_op_ReadReq.m_axi.p1i512, i512 %gmem1_addr, i32 64" [source/int4_decoder_controller.cpp:470]   --->   Operation 263 'readreq' 'empty_940' <Predicate = true> <Delay = 2.43> <CoreInst = "m_axi">   --->   Core 121 'm_axi' <Latency = 0> <II = 1> <Delay = 1.00> <Adapter> <Opcode : 'read' 'write' 'readreq' 'writereq' 'writeresp'>
ST_44 : Operation 264 [28/71] (2.43ns)   --->   "%empty_941 = readreq i1 @_ssdm_op_ReadReq.m_axi.p1i512, i512 %gmem2_addr, i32 64" [source/int4_decoder_controller.cpp:470]   --->   Operation 264 'readreq' 'empty_941' <Predicate = true> <Delay = 2.43> <CoreInst = "m_axi">   --->   Core 121 'm_axi' <Latency = 0> <II = 1> <Delay = 1.00> <Adapter> <Opcode : 'read' 'write' 'readreq' 'writereq' 'writeresp'>
ST_44 : Operation 265 [28/71] (2.43ns)   --->   "%empty_942 = readreq i1 @_ssdm_op_ReadReq.m_axi.p1i512, i512 %gmem3_addr, i32 64" [source/int4_decoder_controller.cpp:470]   --->   Operation 265 'readreq' 'empty_942' <Predicate = true> <Delay = 2.43> <CoreInst = "m_axi">   --->   Core 121 'm_axi' <Latency = 0> <II = 1> <Delay = 1.00> <Adapter> <Opcode : 'read' 'write' 'readreq' 'writereq' 'writeresp'>

State 45 <SV = 44> <Delay = 2.43>
ST_45 : Operation 266 [27/71] (2.43ns)   --->   "%empty = readreq i1 @_ssdm_op_ReadReq.m_axi.p1i512, i512 %gmem0_addr, i32 64" [source/int4_decoder_controller.cpp:470]   --->   Operation 266 'readreq' 'empty' <Predicate = true> <Delay = 2.43> <CoreInst = "m_axi">   --->   Core 121 'm_axi' <Latency = 0> <II = 1> <Delay = 1.00> <Adapter> <Opcode : 'read' 'write' 'readreq' 'writereq' 'writeresp'>
ST_45 : Operation 267 [27/71] (2.43ns)   --->   "%empty_940 = readreq i1 @_ssdm_op_ReadReq.m_axi.p1i512, i512 %gmem1_addr, i32 64" [source/int4_decoder_controller.cpp:470]   --->   Operation 267 'readreq' 'empty_940' <Predicate = true> <Delay = 2.43> <CoreInst = "m_axi">   --->   Core 121 'm_axi' <Latency = 0> <II = 1> <Delay = 1.00> <Adapter> <Opcode : 'read' 'write' 'readreq' 'writereq' 'writeresp'>
ST_45 : Operation 268 [27/71] (2.43ns)   --->   "%empty_941 = readreq i1 @_ssdm_op_ReadReq.m_axi.p1i512, i512 %gmem2_addr, i32 64" [source/int4_decoder_controller.cpp:470]   --->   Operation 268 'readreq' 'empty_941' <Predicate = true> <Delay = 2.43> <CoreInst = "m_axi">   --->   Core 121 'm_axi' <Latency = 0> <II = 1> <Delay = 1.00> <Adapter> <Opcode : 'read' 'write' 'readreq' 'writereq' 'writeresp'>
ST_45 : Operation 269 [27/71] (2.43ns)   --->   "%empty_942 = readreq i1 @_ssdm_op_ReadReq.m_axi.p1i512, i512 %gmem3_addr, i32 64" [source/int4_decoder_controller.cpp:470]   --->   Operation 269 'readreq' 'empty_942' <Predicate = true> <Delay = 2.43> <CoreInst = "m_axi">   --->   Core 121 'm_axi' <Latency = 0> <II = 1> <Delay = 1.00> <Adapter> <Opcode : 'read' 'write' 'readreq' 'writereq' 'writeresp'>

State 46 <SV = 45> <Delay = 2.43>
ST_46 : Operation 270 [26/71] (2.43ns)   --->   "%empty = readreq i1 @_ssdm_op_ReadReq.m_axi.p1i512, i512 %gmem0_addr, i32 64" [source/int4_decoder_controller.cpp:470]   --->   Operation 270 'readreq' 'empty' <Predicate = true> <Delay = 2.43> <CoreInst = "m_axi">   --->   Core 121 'm_axi' <Latency = 0> <II = 1> <Delay = 1.00> <Adapter> <Opcode : 'read' 'write' 'readreq' 'writereq' 'writeresp'>
ST_46 : Operation 271 [26/71] (2.43ns)   --->   "%empty_940 = readreq i1 @_ssdm_op_ReadReq.m_axi.p1i512, i512 %gmem1_addr, i32 64" [source/int4_decoder_controller.cpp:470]   --->   Operation 271 'readreq' 'empty_940' <Predicate = true> <Delay = 2.43> <CoreInst = "m_axi">   --->   Core 121 'm_axi' <Latency = 0> <II = 1> <Delay = 1.00> <Adapter> <Opcode : 'read' 'write' 'readreq' 'writereq' 'writeresp'>
ST_46 : Operation 272 [26/71] (2.43ns)   --->   "%empty_941 = readreq i1 @_ssdm_op_ReadReq.m_axi.p1i512, i512 %gmem2_addr, i32 64" [source/int4_decoder_controller.cpp:470]   --->   Operation 272 'readreq' 'empty_941' <Predicate = true> <Delay = 2.43> <CoreInst = "m_axi">   --->   Core 121 'm_axi' <Latency = 0> <II = 1> <Delay = 1.00> <Adapter> <Opcode : 'read' 'write' 'readreq' 'writereq' 'writeresp'>
ST_46 : Operation 273 [26/71] (2.43ns)   --->   "%empty_942 = readreq i1 @_ssdm_op_ReadReq.m_axi.p1i512, i512 %gmem3_addr, i32 64" [source/int4_decoder_controller.cpp:470]   --->   Operation 273 'readreq' 'empty_942' <Predicate = true> <Delay = 2.43> <CoreInst = "m_axi">   --->   Core 121 'm_axi' <Latency = 0> <II = 1> <Delay = 1.00> <Adapter> <Opcode : 'read' 'write' 'readreq' 'writereq' 'writeresp'>

State 47 <SV = 46> <Delay = 2.43>
ST_47 : Operation 274 [25/71] (2.43ns)   --->   "%empty = readreq i1 @_ssdm_op_ReadReq.m_axi.p1i512, i512 %gmem0_addr, i32 64" [source/int4_decoder_controller.cpp:470]   --->   Operation 274 'readreq' 'empty' <Predicate = true> <Delay = 2.43> <CoreInst = "m_axi">   --->   Core 121 'm_axi' <Latency = 0> <II = 1> <Delay = 1.00> <Adapter> <Opcode : 'read' 'write' 'readreq' 'writereq' 'writeresp'>
ST_47 : Operation 275 [25/71] (2.43ns)   --->   "%empty_940 = readreq i1 @_ssdm_op_ReadReq.m_axi.p1i512, i512 %gmem1_addr, i32 64" [source/int4_decoder_controller.cpp:470]   --->   Operation 275 'readreq' 'empty_940' <Predicate = true> <Delay = 2.43> <CoreInst = "m_axi">   --->   Core 121 'm_axi' <Latency = 0> <II = 1> <Delay = 1.00> <Adapter> <Opcode : 'read' 'write' 'readreq' 'writereq' 'writeresp'>
ST_47 : Operation 276 [25/71] (2.43ns)   --->   "%empty_941 = readreq i1 @_ssdm_op_ReadReq.m_axi.p1i512, i512 %gmem2_addr, i32 64" [source/int4_decoder_controller.cpp:470]   --->   Operation 276 'readreq' 'empty_941' <Predicate = true> <Delay = 2.43> <CoreInst = "m_axi">   --->   Core 121 'm_axi' <Latency = 0> <II = 1> <Delay = 1.00> <Adapter> <Opcode : 'read' 'write' 'readreq' 'writereq' 'writeresp'>
ST_47 : Operation 277 [25/71] (2.43ns)   --->   "%empty_942 = readreq i1 @_ssdm_op_ReadReq.m_axi.p1i512, i512 %gmem3_addr, i32 64" [source/int4_decoder_controller.cpp:470]   --->   Operation 277 'readreq' 'empty_942' <Predicate = true> <Delay = 2.43> <CoreInst = "m_axi">   --->   Core 121 'm_axi' <Latency = 0> <II = 1> <Delay = 1.00> <Adapter> <Opcode : 'read' 'write' 'readreq' 'writereq' 'writeresp'>

State 48 <SV = 47> <Delay = 2.43>
ST_48 : Operation 278 [24/71] (2.43ns)   --->   "%empty = readreq i1 @_ssdm_op_ReadReq.m_axi.p1i512, i512 %gmem0_addr, i32 64" [source/int4_decoder_controller.cpp:470]   --->   Operation 278 'readreq' 'empty' <Predicate = true> <Delay = 2.43> <CoreInst = "m_axi">   --->   Core 121 'm_axi' <Latency = 0> <II = 1> <Delay = 1.00> <Adapter> <Opcode : 'read' 'write' 'readreq' 'writereq' 'writeresp'>
ST_48 : Operation 279 [24/71] (2.43ns)   --->   "%empty_940 = readreq i1 @_ssdm_op_ReadReq.m_axi.p1i512, i512 %gmem1_addr, i32 64" [source/int4_decoder_controller.cpp:470]   --->   Operation 279 'readreq' 'empty_940' <Predicate = true> <Delay = 2.43> <CoreInst = "m_axi">   --->   Core 121 'm_axi' <Latency = 0> <II = 1> <Delay = 1.00> <Adapter> <Opcode : 'read' 'write' 'readreq' 'writereq' 'writeresp'>
ST_48 : Operation 280 [24/71] (2.43ns)   --->   "%empty_941 = readreq i1 @_ssdm_op_ReadReq.m_axi.p1i512, i512 %gmem2_addr, i32 64" [source/int4_decoder_controller.cpp:470]   --->   Operation 280 'readreq' 'empty_941' <Predicate = true> <Delay = 2.43> <CoreInst = "m_axi">   --->   Core 121 'm_axi' <Latency = 0> <II = 1> <Delay = 1.00> <Adapter> <Opcode : 'read' 'write' 'readreq' 'writereq' 'writeresp'>
ST_48 : Operation 281 [24/71] (2.43ns)   --->   "%empty_942 = readreq i1 @_ssdm_op_ReadReq.m_axi.p1i512, i512 %gmem3_addr, i32 64" [source/int4_decoder_controller.cpp:470]   --->   Operation 281 'readreq' 'empty_942' <Predicate = true> <Delay = 2.43> <CoreInst = "m_axi">   --->   Core 121 'm_axi' <Latency = 0> <II = 1> <Delay = 1.00> <Adapter> <Opcode : 'read' 'write' 'readreq' 'writereq' 'writeresp'>

State 49 <SV = 48> <Delay = 2.43>
ST_49 : Operation 282 [23/71] (2.43ns)   --->   "%empty = readreq i1 @_ssdm_op_ReadReq.m_axi.p1i512, i512 %gmem0_addr, i32 64" [source/int4_decoder_controller.cpp:470]   --->   Operation 282 'readreq' 'empty' <Predicate = true> <Delay = 2.43> <CoreInst = "m_axi">   --->   Core 121 'm_axi' <Latency = 0> <II = 1> <Delay = 1.00> <Adapter> <Opcode : 'read' 'write' 'readreq' 'writereq' 'writeresp'>
ST_49 : Operation 283 [23/71] (2.43ns)   --->   "%empty_940 = readreq i1 @_ssdm_op_ReadReq.m_axi.p1i512, i512 %gmem1_addr, i32 64" [source/int4_decoder_controller.cpp:470]   --->   Operation 283 'readreq' 'empty_940' <Predicate = true> <Delay = 2.43> <CoreInst = "m_axi">   --->   Core 121 'm_axi' <Latency = 0> <II = 1> <Delay = 1.00> <Adapter> <Opcode : 'read' 'write' 'readreq' 'writereq' 'writeresp'>
ST_49 : Operation 284 [23/71] (2.43ns)   --->   "%empty_941 = readreq i1 @_ssdm_op_ReadReq.m_axi.p1i512, i512 %gmem2_addr, i32 64" [source/int4_decoder_controller.cpp:470]   --->   Operation 284 'readreq' 'empty_941' <Predicate = true> <Delay = 2.43> <CoreInst = "m_axi">   --->   Core 121 'm_axi' <Latency = 0> <II = 1> <Delay = 1.00> <Adapter> <Opcode : 'read' 'write' 'readreq' 'writereq' 'writeresp'>
ST_49 : Operation 285 [23/71] (2.43ns)   --->   "%empty_942 = readreq i1 @_ssdm_op_ReadReq.m_axi.p1i512, i512 %gmem3_addr, i32 64" [source/int4_decoder_controller.cpp:470]   --->   Operation 285 'readreq' 'empty_942' <Predicate = true> <Delay = 2.43> <CoreInst = "m_axi">   --->   Core 121 'm_axi' <Latency = 0> <II = 1> <Delay = 1.00> <Adapter> <Opcode : 'read' 'write' 'readreq' 'writereq' 'writeresp'>

State 50 <SV = 49> <Delay = 2.43>
ST_50 : Operation 286 [22/71] (2.43ns)   --->   "%empty = readreq i1 @_ssdm_op_ReadReq.m_axi.p1i512, i512 %gmem0_addr, i32 64" [source/int4_decoder_controller.cpp:470]   --->   Operation 286 'readreq' 'empty' <Predicate = true> <Delay = 2.43> <CoreInst = "m_axi">   --->   Core 121 'm_axi' <Latency = 0> <II = 1> <Delay = 1.00> <Adapter> <Opcode : 'read' 'write' 'readreq' 'writereq' 'writeresp'>
ST_50 : Operation 287 [22/71] (2.43ns)   --->   "%empty_940 = readreq i1 @_ssdm_op_ReadReq.m_axi.p1i512, i512 %gmem1_addr, i32 64" [source/int4_decoder_controller.cpp:470]   --->   Operation 287 'readreq' 'empty_940' <Predicate = true> <Delay = 2.43> <CoreInst = "m_axi">   --->   Core 121 'm_axi' <Latency = 0> <II = 1> <Delay = 1.00> <Adapter> <Opcode : 'read' 'write' 'readreq' 'writereq' 'writeresp'>
ST_50 : Operation 288 [22/71] (2.43ns)   --->   "%empty_941 = readreq i1 @_ssdm_op_ReadReq.m_axi.p1i512, i512 %gmem2_addr, i32 64" [source/int4_decoder_controller.cpp:470]   --->   Operation 288 'readreq' 'empty_941' <Predicate = true> <Delay = 2.43> <CoreInst = "m_axi">   --->   Core 121 'm_axi' <Latency = 0> <II = 1> <Delay = 1.00> <Adapter> <Opcode : 'read' 'write' 'readreq' 'writereq' 'writeresp'>
ST_50 : Operation 289 [22/71] (2.43ns)   --->   "%empty_942 = readreq i1 @_ssdm_op_ReadReq.m_axi.p1i512, i512 %gmem3_addr, i32 64" [source/int4_decoder_controller.cpp:470]   --->   Operation 289 'readreq' 'empty_942' <Predicate = true> <Delay = 2.43> <CoreInst = "m_axi">   --->   Core 121 'm_axi' <Latency = 0> <II = 1> <Delay = 1.00> <Adapter> <Opcode : 'read' 'write' 'readreq' 'writereq' 'writeresp'>

State 51 <SV = 50> <Delay = 2.43>
ST_51 : Operation 290 [21/71] (2.43ns)   --->   "%empty = readreq i1 @_ssdm_op_ReadReq.m_axi.p1i512, i512 %gmem0_addr, i32 64" [source/int4_decoder_controller.cpp:470]   --->   Operation 290 'readreq' 'empty' <Predicate = true> <Delay = 2.43> <CoreInst = "m_axi">   --->   Core 121 'm_axi' <Latency = 0> <II = 1> <Delay = 1.00> <Adapter> <Opcode : 'read' 'write' 'readreq' 'writereq' 'writeresp'>
ST_51 : Operation 291 [21/71] (2.43ns)   --->   "%empty_940 = readreq i1 @_ssdm_op_ReadReq.m_axi.p1i512, i512 %gmem1_addr, i32 64" [source/int4_decoder_controller.cpp:470]   --->   Operation 291 'readreq' 'empty_940' <Predicate = true> <Delay = 2.43> <CoreInst = "m_axi">   --->   Core 121 'm_axi' <Latency = 0> <II = 1> <Delay = 1.00> <Adapter> <Opcode : 'read' 'write' 'readreq' 'writereq' 'writeresp'>
ST_51 : Operation 292 [21/71] (2.43ns)   --->   "%empty_941 = readreq i1 @_ssdm_op_ReadReq.m_axi.p1i512, i512 %gmem2_addr, i32 64" [source/int4_decoder_controller.cpp:470]   --->   Operation 292 'readreq' 'empty_941' <Predicate = true> <Delay = 2.43> <CoreInst = "m_axi">   --->   Core 121 'm_axi' <Latency = 0> <II = 1> <Delay = 1.00> <Adapter> <Opcode : 'read' 'write' 'readreq' 'writereq' 'writeresp'>
ST_51 : Operation 293 [21/71] (2.43ns)   --->   "%empty_942 = readreq i1 @_ssdm_op_ReadReq.m_axi.p1i512, i512 %gmem3_addr, i32 64" [source/int4_decoder_controller.cpp:470]   --->   Operation 293 'readreq' 'empty_942' <Predicate = true> <Delay = 2.43> <CoreInst = "m_axi">   --->   Core 121 'm_axi' <Latency = 0> <II = 1> <Delay = 1.00> <Adapter> <Opcode : 'read' 'write' 'readreq' 'writereq' 'writeresp'>

State 52 <SV = 51> <Delay = 2.43>
ST_52 : Operation 294 [20/71] (2.43ns)   --->   "%empty = readreq i1 @_ssdm_op_ReadReq.m_axi.p1i512, i512 %gmem0_addr, i32 64" [source/int4_decoder_controller.cpp:470]   --->   Operation 294 'readreq' 'empty' <Predicate = true> <Delay = 2.43> <CoreInst = "m_axi">   --->   Core 121 'm_axi' <Latency = 0> <II = 1> <Delay = 1.00> <Adapter> <Opcode : 'read' 'write' 'readreq' 'writereq' 'writeresp'>
ST_52 : Operation 295 [20/71] (2.43ns)   --->   "%empty_940 = readreq i1 @_ssdm_op_ReadReq.m_axi.p1i512, i512 %gmem1_addr, i32 64" [source/int4_decoder_controller.cpp:470]   --->   Operation 295 'readreq' 'empty_940' <Predicate = true> <Delay = 2.43> <CoreInst = "m_axi">   --->   Core 121 'm_axi' <Latency = 0> <II = 1> <Delay = 1.00> <Adapter> <Opcode : 'read' 'write' 'readreq' 'writereq' 'writeresp'>
ST_52 : Operation 296 [20/71] (2.43ns)   --->   "%empty_941 = readreq i1 @_ssdm_op_ReadReq.m_axi.p1i512, i512 %gmem2_addr, i32 64" [source/int4_decoder_controller.cpp:470]   --->   Operation 296 'readreq' 'empty_941' <Predicate = true> <Delay = 2.43> <CoreInst = "m_axi">   --->   Core 121 'm_axi' <Latency = 0> <II = 1> <Delay = 1.00> <Adapter> <Opcode : 'read' 'write' 'readreq' 'writereq' 'writeresp'>
ST_52 : Operation 297 [20/71] (2.43ns)   --->   "%empty_942 = readreq i1 @_ssdm_op_ReadReq.m_axi.p1i512, i512 %gmem3_addr, i32 64" [source/int4_decoder_controller.cpp:470]   --->   Operation 297 'readreq' 'empty_942' <Predicate = true> <Delay = 2.43> <CoreInst = "m_axi">   --->   Core 121 'm_axi' <Latency = 0> <II = 1> <Delay = 1.00> <Adapter> <Opcode : 'read' 'write' 'readreq' 'writereq' 'writeresp'>

State 53 <SV = 52> <Delay = 2.43>
ST_53 : Operation 298 [19/71] (2.43ns)   --->   "%empty = readreq i1 @_ssdm_op_ReadReq.m_axi.p1i512, i512 %gmem0_addr, i32 64" [source/int4_decoder_controller.cpp:470]   --->   Operation 298 'readreq' 'empty' <Predicate = true> <Delay = 2.43> <CoreInst = "m_axi">   --->   Core 121 'm_axi' <Latency = 0> <II = 1> <Delay = 1.00> <Adapter> <Opcode : 'read' 'write' 'readreq' 'writereq' 'writeresp'>
ST_53 : Operation 299 [19/71] (2.43ns)   --->   "%empty_940 = readreq i1 @_ssdm_op_ReadReq.m_axi.p1i512, i512 %gmem1_addr, i32 64" [source/int4_decoder_controller.cpp:470]   --->   Operation 299 'readreq' 'empty_940' <Predicate = true> <Delay = 2.43> <CoreInst = "m_axi">   --->   Core 121 'm_axi' <Latency = 0> <II = 1> <Delay = 1.00> <Adapter> <Opcode : 'read' 'write' 'readreq' 'writereq' 'writeresp'>
ST_53 : Operation 300 [19/71] (2.43ns)   --->   "%empty_941 = readreq i1 @_ssdm_op_ReadReq.m_axi.p1i512, i512 %gmem2_addr, i32 64" [source/int4_decoder_controller.cpp:470]   --->   Operation 300 'readreq' 'empty_941' <Predicate = true> <Delay = 2.43> <CoreInst = "m_axi">   --->   Core 121 'm_axi' <Latency = 0> <II = 1> <Delay = 1.00> <Adapter> <Opcode : 'read' 'write' 'readreq' 'writereq' 'writeresp'>
ST_53 : Operation 301 [19/71] (2.43ns)   --->   "%empty_942 = readreq i1 @_ssdm_op_ReadReq.m_axi.p1i512, i512 %gmem3_addr, i32 64" [source/int4_decoder_controller.cpp:470]   --->   Operation 301 'readreq' 'empty_942' <Predicate = true> <Delay = 2.43> <CoreInst = "m_axi">   --->   Core 121 'm_axi' <Latency = 0> <II = 1> <Delay = 1.00> <Adapter> <Opcode : 'read' 'write' 'readreq' 'writereq' 'writeresp'>

State 54 <SV = 53> <Delay = 2.43>
ST_54 : Operation 302 [18/71] (2.43ns)   --->   "%empty = readreq i1 @_ssdm_op_ReadReq.m_axi.p1i512, i512 %gmem0_addr, i32 64" [source/int4_decoder_controller.cpp:470]   --->   Operation 302 'readreq' 'empty' <Predicate = true> <Delay = 2.43> <CoreInst = "m_axi">   --->   Core 121 'm_axi' <Latency = 0> <II = 1> <Delay = 1.00> <Adapter> <Opcode : 'read' 'write' 'readreq' 'writereq' 'writeresp'>
ST_54 : Operation 303 [18/71] (2.43ns)   --->   "%empty_940 = readreq i1 @_ssdm_op_ReadReq.m_axi.p1i512, i512 %gmem1_addr, i32 64" [source/int4_decoder_controller.cpp:470]   --->   Operation 303 'readreq' 'empty_940' <Predicate = true> <Delay = 2.43> <CoreInst = "m_axi">   --->   Core 121 'm_axi' <Latency = 0> <II = 1> <Delay = 1.00> <Adapter> <Opcode : 'read' 'write' 'readreq' 'writereq' 'writeresp'>
ST_54 : Operation 304 [18/71] (2.43ns)   --->   "%empty_941 = readreq i1 @_ssdm_op_ReadReq.m_axi.p1i512, i512 %gmem2_addr, i32 64" [source/int4_decoder_controller.cpp:470]   --->   Operation 304 'readreq' 'empty_941' <Predicate = true> <Delay = 2.43> <CoreInst = "m_axi">   --->   Core 121 'm_axi' <Latency = 0> <II = 1> <Delay = 1.00> <Adapter> <Opcode : 'read' 'write' 'readreq' 'writereq' 'writeresp'>
ST_54 : Operation 305 [18/71] (2.43ns)   --->   "%empty_942 = readreq i1 @_ssdm_op_ReadReq.m_axi.p1i512, i512 %gmem3_addr, i32 64" [source/int4_decoder_controller.cpp:470]   --->   Operation 305 'readreq' 'empty_942' <Predicate = true> <Delay = 2.43> <CoreInst = "m_axi">   --->   Core 121 'm_axi' <Latency = 0> <II = 1> <Delay = 1.00> <Adapter> <Opcode : 'read' 'write' 'readreq' 'writereq' 'writeresp'>

State 55 <SV = 54> <Delay = 2.43>
ST_55 : Operation 306 [17/71] (2.43ns)   --->   "%empty = readreq i1 @_ssdm_op_ReadReq.m_axi.p1i512, i512 %gmem0_addr, i32 64" [source/int4_decoder_controller.cpp:470]   --->   Operation 306 'readreq' 'empty' <Predicate = true> <Delay = 2.43> <CoreInst = "m_axi">   --->   Core 121 'm_axi' <Latency = 0> <II = 1> <Delay = 1.00> <Adapter> <Opcode : 'read' 'write' 'readreq' 'writereq' 'writeresp'>
ST_55 : Operation 307 [17/71] (2.43ns)   --->   "%empty_940 = readreq i1 @_ssdm_op_ReadReq.m_axi.p1i512, i512 %gmem1_addr, i32 64" [source/int4_decoder_controller.cpp:470]   --->   Operation 307 'readreq' 'empty_940' <Predicate = true> <Delay = 2.43> <CoreInst = "m_axi">   --->   Core 121 'm_axi' <Latency = 0> <II = 1> <Delay = 1.00> <Adapter> <Opcode : 'read' 'write' 'readreq' 'writereq' 'writeresp'>
ST_55 : Operation 308 [17/71] (2.43ns)   --->   "%empty_941 = readreq i1 @_ssdm_op_ReadReq.m_axi.p1i512, i512 %gmem2_addr, i32 64" [source/int4_decoder_controller.cpp:470]   --->   Operation 308 'readreq' 'empty_941' <Predicate = true> <Delay = 2.43> <CoreInst = "m_axi">   --->   Core 121 'm_axi' <Latency = 0> <II = 1> <Delay = 1.00> <Adapter> <Opcode : 'read' 'write' 'readreq' 'writereq' 'writeresp'>
ST_55 : Operation 309 [17/71] (2.43ns)   --->   "%empty_942 = readreq i1 @_ssdm_op_ReadReq.m_axi.p1i512, i512 %gmem3_addr, i32 64" [source/int4_decoder_controller.cpp:470]   --->   Operation 309 'readreq' 'empty_942' <Predicate = true> <Delay = 2.43> <CoreInst = "m_axi">   --->   Core 121 'm_axi' <Latency = 0> <II = 1> <Delay = 1.00> <Adapter> <Opcode : 'read' 'write' 'readreq' 'writereq' 'writeresp'>

State 56 <SV = 55> <Delay = 2.43>
ST_56 : Operation 310 [16/71] (2.43ns)   --->   "%empty = readreq i1 @_ssdm_op_ReadReq.m_axi.p1i512, i512 %gmem0_addr, i32 64" [source/int4_decoder_controller.cpp:470]   --->   Operation 310 'readreq' 'empty' <Predicate = true> <Delay = 2.43> <CoreInst = "m_axi">   --->   Core 121 'm_axi' <Latency = 0> <II = 1> <Delay = 1.00> <Adapter> <Opcode : 'read' 'write' 'readreq' 'writereq' 'writeresp'>
ST_56 : Operation 311 [16/71] (2.43ns)   --->   "%empty_940 = readreq i1 @_ssdm_op_ReadReq.m_axi.p1i512, i512 %gmem1_addr, i32 64" [source/int4_decoder_controller.cpp:470]   --->   Operation 311 'readreq' 'empty_940' <Predicate = true> <Delay = 2.43> <CoreInst = "m_axi">   --->   Core 121 'm_axi' <Latency = 0> <II = 1> <Delay = 1.00> <Adapter> <Opcode : 'read' 'write' 'readreq' 'writereq' 'writeresp'>
ST_56 : Operation 312 [16/71] (2.43ns)   --->   "%empty_941 = readreq i1 @_ssdm_op_ReadReq.m_axi.p1i512, i512 %gmem2_addr, i32 64" [source/int4_decoder_controller.cpp:470]   --->   Operation 312 'readreq' 'empty_941' <Predicate = true> <Delay = 2.43> <CoreInst = "m_axi">   --->   Core 121 'm_axi' <Latency = 0> <II = 1> <Delay = 1.00> <Adapter> <Opcode : 'read' 'write' 'readreq' 'writereq' 'writeresp'>
ST_56 : Operation 313 [16/71] (2.43ns)   --->   "%empty_942 = readreq i1 @_ssdm_op_ReadReq.m_axi.p1i512, i512 %gmem3_addr, i32 64" [source/int4_decoder_controller.cpp:470]   --->   Operation 313 'readreq' 'empty_942' <Predicate = true> <Delay = 2.43> <CoreInst = "m_axi">   --->   Core 121 'm_axi' <Latency = 0> <II = 1> <Delay = 1.00> <Adapter> <Opcode : 'read' 'write' 'readreq' 'writereq' 'writeresp'>

State 57 <SV = 56> <Delay = 2.43>
ST_57 : Operation 314 [15/71] (2.43ns)   --->   "%empty = readreq i1 @_ssdm_op_ReadReq.m_axi.p1i512, i512 %gmem0_addr, i32 64" [source/int4_decoder_controller.cpp:470]   --->   Operation 314 'readreq' 'empty' <Predicate = true> <Delay = 2.43> <CoreInst = "m_axi">   --->   Core 121 'm_axi' <Latency = 0> <II = 1> <Delay = 1.00> <Adapter> <Opcode : 'read' 'write' 'readreq' 'writereq' 'writeresp'>
ST_57 : Operation 315 [15/71] (2.43ns)   --->   "%empty_940 = readreq i1 @_ssdm_op_ReadReq.m_axi.p1i512, i512 %gmem1_addr, i32 64" [source/int4_decoder_controller.cpp:470]   --->   Operation 315 'readreq' 'empty_940' <Predicate = true> <Delay = 2.43> <CoreInst = "m_axi">   --->   Core 121 'm_axi' <Latency = 0> <II = 1> <Delay = 1.00> <Adapter> <Opcode : 'read' 'write' 'readreq' 'writereq' 'writeresp'>
ST_57 : Operation 316 [15/71] (2.43ns)   --->   "%empty_941 = readreq i1 @_ssdm_op_ReadReq.m_axi.p1i512, i512 %gmem2_addr, i32 64" [source/int4_decoder_controller.cpp:470]   --->   Operation 316 'readreq' 'empty_941' <Predicate = true> <Delay = 2.43> <CoreInst = "m_axi">   --->   Core 121 'm_axi' <Latency = 0> <II = 1> <Delay = 1.00> <Adapter> <Opcode : 'read' 'write' 'readreq' 'writereq' 'writeresp'>
ST_57 : Operation 317 [15/71] (2.43ns)   --->   "%empty_942 = readreq i1 @_ssdm_op_ReadReq.m_axi.p1i512, i512 %gmem3_addr, i32 64" [source/int4_decoder_controller.cpp:470]   --->   Operation 317 'readreq' 'empty_942' <Predicate = true> <Delay = 2.43> <CoreInst = "m_axi">   --->   Core 121 'm_axi' <Latency = 0> <II = 1> <Delay = 1.00> <Adapter> <Opcode : 'read' 'write' 'readreq' 'writereq' 'writeresp'>

State 58 <SV = 57> <Delay = 2.43>
ST_58 : Operation 318 [14/71] (2.43ns)   --->   "%empty = readreq i1 @_ssdm_op_ReadReq.m_axi.p1i512, i512 %gmem0_addr, i32 64" [source/int4_decoder_controller.cpp:470]   --->   Operation 318 'readreq' 'empty' <Predicate = true> <Delay = 2.43> <CoreInst = "m_axi">   --->   Core 121 'm_axi' <Latency = 0> <II = 1> <Delay = 1.00> <Adapter> <Opcode : 'read' 'write' 'readreq' 'writereq' 'writeresp'>
ST_58 : Operation 319 [14/71] (2.43ns)   --->   "%empty_940 = readreq i1 @_ssdm_op_ReadReq.m_axi.p1i512, i512 %gmem1_addr, i32 64" [source/int4_decoder_controller.cpp:470]   --->   Operation 319 'readreq' 'empty_940' <Predicate = true> <Delay = 2.43> <CoreInst = "m_axi">   --->   Core 121 'm_axi' <Latency = 0> <II = 1> <Delay = 1.00> <Adapter> <Opcode : 'read' 'write' 'readreq' 'writereq' 'writeresp'>
ST_58 : Operation 320 [14/71] (2.43ns)   --->   "%empty_941 = readreq i1 @_ssdm_op_ReadReq.m_axi.p1i512, i512 %gmem2_addr, i32 64" [source/int4_decoder_controller.cpp:470]   --->   Operation 320 'readreq' 'empty_941' <Predicate = true> <Delay = 2.43> <CoreInst = "m_axi">   --->   Core 121 'm_axi' <Latency = 0> <II = 1> <Delay = 1.00> <Adapter> <Opcode : 'read' 'write' 'readreq' 'writereq' 'writeresp'>
ST_58 : Operation 321 [14/71] (2.43ns)   --->   "%empty_942 = readreq i1 @_ssdm_op_ReadReq.m_axi.p1i512, i512 %gmem3_addr, i32 64" [source/int4_decoder_controller.cpp:470]   --->   Operation 321 'readreq' 'empty_942' <Predicate = true> <Delay = 2.43> <CoreInst = "m_axi">   --->   Core 121 'm_axi' <Latency = 0> <II = 1> <Delay = 1.00> <Adapter> <Opcode : 'read' 'write' 'readreq' 'writereq' 'writeresp'>

State 59 <SV = 58> <Delay = 2.43>
ST_59 : Operation 322 [13/71] (2.43ns)   --->   "%empty = readreq i1 @_ssdm_op_ReadReq.m_axi.p1i512, i512 %gmem0_addr, i32 64" [source/int4_decoder_controller.cpp:470]   --->   Operation 322 'readreq' 'empty' <Predicate = true> <Delay = 2.43> <CoreInst = "m_axi">   --->   Core 121 'm_axi' <Latency = 0> <II = 1> <Delay = 1.00> <Adapter> <Opcode : 'read' 'write' 'readreq' 'writereq' 'writeresp'>
ST_59 : Operation 323 [13/71] (2.43ns)   --->   "%empty_940 = readreq i1 @_ssdm_op_ReadReq.m_axi.p1i512, i512 %gmem1_addr, i32 64" [source/int4_decoder_controller.cpp:470]   --->   Operation 323 'readreq' 'empty_940' <Predicate = true> <Delay = 2.43> <CoreInst = "m_axi">   --->   Core 121 'm_axi' <Latency = 0> <II = 1> <Delay = 1.00> <Adapter> <Opcode : 'read' 'write' 'readreq' 'writereq' 'writeresp'>
ST_59 : Operation 324 [13/71] (2.43ns)   --->   "%empty_941 = readreq i1 @_ssdm_op_ReadReq.m_axi.p1i512, i512 %gmem2_addr, i32 64" [source/int4_decoder_controller.cpp:470]   --->   Operation 324 'readreq' 'empty_941' <Predicate = true> <Delay = 2.43> <CoreInst = "m_axi">   --->   Core 121 'm_axi' <Latency = 0> <II = 1> <Delay = 1.00> <Adapter> <Opcode : 'read' 'write' 'readreq' 'writereq' 'writeresp'>
ST_59 : Operation 325 [13/71] (2.43ns)   --->   "%empty_942 = readreq i1 @_ssdm_op_ReadReq.m_axi.p1i512, i512 %gmem3_addr, i32 64" [source/int4_decoder_controller.cpp:470]   --->   Operation 325 'readreq' 'empty_942' <Predicate = true> <Delay = 2.43> <CoreInst = "m_axi">   --->   Core 121 'm_axi' <Latency = 0> <II = 1> <Delay = 1.00> <Adapter> <Opcode : 'read' 'write' 'readreq' 'writereq' 'writeresp'>

State 60 <SV = 59> <Delay = 2.43>
ST_60 : Operation 326 [12/71] (2.43ns)   --->   "%empty = readreq i1 @_ssdm_op_ReadReq.m_axi.p1i512, i512 %gmem0_addr, i32 64" [source/int4_decoder_controller.cpp:470]   --->   Operation 326 'readreq' 'empty' <Predicate = true> <Delay = 2.43> <CoreInst = "m_axi">   --->   Core 121 'm_axi' <Latency = 0> <II = 1> <Delay = 1.00> <Adapter> <Opcode : 'read' 'write' 'readreq' 'writereq' 'writeresp'>
ST_60 : Operation 327 [12/71] (2.43ns)   --->   "%empty_940 = readreq i1 @_ssdm_op_ReadReq.m_axi.p1i512, i512 %gmem1_addr, i32 64" [source/int4_decoder_controller.cpp:470]   --->   Operation 327 'readreq' 'empty_940' <Predicate = true> <Delay = 2.43> <CoreInst = "m_axi">   --->   Core 121 'm_axi' <Latency = 0> <II = 1> <Delay = 1.00> <Adapter> <Opcode : 'read' 'write' 'readreq' 'writereq' 'writeresp'>
ST_60 : Operation 328 [12/71] (2.43ns)   --->   "%empty_941 = readreq i1 @_ssdm_op_ReadReq.m_axi.p1i512, i512 %gmem2_addr, i32 64" [source/int4_decoder_controller.cpp:470]   --->   Operation 328 'readreq' 'empty_941' <Predicate = true> <Delay = 2.43> <CoreInst = "m_axi">   --->   Core 121 'm_axi' <Latency = 0> <II = 1> <Delay = 1.00> <Adapter> <Opcode : 'read' 'write' 'readreq' 'writereq' 'writeresp'>
ST_60 : Operation 329 [12/71] (2.43ns)   --->   "%empty_942 = readreq i1 @_ssdm_op_ReadReq.m_axi.p1i512, i512 %gmem3_addr, i32 64" [source/int4_decoder_controller.cpp:470]   --->   Operation 329 'readreq' 'empty_942' <Predicate = true> <Delay = 2.43> <CoreInst = "m_axi">   --->   Core 121 'm_axi' <Latency = 0> <II = 1> <Delay = 1.00> <Adapter> <Opcode : 'read' 'write' 'readreq' 'writereq' 'writeresp'>

State 61 <SV = 60> <Delay = 2.43>
ST_61 : Operation 330 [11/71] (2.43ns)   --->   "%empty = readreq i1 @_ssdm_op_ReadReq.m_axi.p1i512, i512 %gmem0_addr, i32 64" [source/int4_decoder_controller.cpp:470]   --->   Operation 330 'readreq' 'empty' <Predicate = true> <Delay = 2.43> <CoreInst = "m_axi">   --->   Core 121 'm_axi' <Latency = 0> <II = 1> <Delay = 1.00> <Adapter> <Opcode : 'read' 'write' 'readreq' 'writereq' 'writeresp'>
ST_61 : Operation 331 [11/71] (2.43ns)   --->   "%empty_940 = readreq i1 @_ssdm_op_ReadReq.m_axi.p1i512, i512 %gmem1_addr, i32 64" [source/int4_decoder_controller.cpp:470]   --->   Operation 331 'readreq' 'empty_940' <Predicate = true> <Delay = 2.43> <CoreInst = "m_axi">   --->   Core 121 'm_axi' <Latency = 0> <II = 1> <Delay = 1.00> <Adapter> <Opcode : 'read' 'write' 'readreq' 'writereq' 'writeresp'>
ST_61 : Operation 332 [11/71] (2.43ns)   --->   "%empty_941 = readreq i1 @_ssdm_op_ReadReq.m_axi.p1i512, i512 %gmem2_addr, i32 64" [source/int4_decoder_controller.cpp:470]   --->   Operation 332 'readreq' 'empty_941' <Predicate = true> <Delay = 2.43> <CoreInst = "m_axi">   --->   Core 121 'm_axi' <Latency = 0> <II = 1> <Delay = 1.00> <Adapter> <Opcode : 'read' 'write' 'readreq' 'writereq' 'writeresp'>
ST_61 : Operation 333 [11/71] (2.43ns)   --->   "%empty_942 = readreq i1 @_ssdm_op_ReadReq.m_axi.p1i512, i512 %gmem3_addr, i32 64" [source/int4_decoder_controller.cpp:470]   --->   Operation 333 'readreq' 'empty_942' <Predicate = true> <Delay = 2.43> <CoreInst = "m_axi">   --->   Core 121 'm_axi' <Latency = 0> <II = 1> <Delay = 1.00> <Adapter> <Opcode : 'read' 'write' 'readreq' 'writereq' 'writeresp'>

State 62 <SV = 61> <Delay = 2.43>
ST_62 : Operation 334 [10/71] (2.43ns)   --->   "%empty = readreq i1 @_ssdm_op_ReadReq.m_axi.p1i512, i512 %gmem0_addr, i32 64" [source/int4_decoder_controller.cpp:470]   --->   Operation 334 'readreq' 'empty' <Predicate = true> <Delay = 2.43> <CoreInst = "m_axi">   --->   Core 121 'm_axi' <Latency = 0> <II = 1> <Delay = 1.00> <Adapter> <Opcode : 'read' 'write' 'readreq' 'writereq' 'writeresp'>
ST_62 : Operation 335 [10/71] (2.43ns)   --->   "%empty_940 = readreq i1 @_ssdm_op_ReadReq.m_axi.p1i512, i512 %gmem1_addr, i32 64" [source/int4_decoder_controller.cpp:470]   --->   Operation 335 'readreq' 'empty_940' <Predicate = true> <Delay = 2.43> <CoreInst = "m_axi">   --->   Core 121 'm_axi' <Latency = 0> <II = 1> <Delay = 1.00> <Adapter> <Opcode : 'read' 'write' 'readreq' 'writereq' 'writeresp'>
ST_62 : Operation 336 [10/71] (2.43ns)   --->   "%empty_941 = readreq i1 @_ssdm_op_ReadReq.m_axi.p1i512, i512 %gmem2_addr, i32 64" [source/int4_decoder_controller.cpp:470]   --->   Operation 336 'readreq' 'empty_941' <Predicate = true> <Delay = 2.43> <CoreInst = "m_axi">   --->   Core 121 'm_axi' <Latency = 0> <II = 1> <Delay = 1.00> <Adapter> <Opcode : 'read' 'write' 'readreq' 'writereq' 'writeresp'>
ST_62 : Operation 337 [10/71] (2.43ns)   --->   "%empty_942 = readreq i1 @_ssdm_op_ReadReq.m_axi.p1i512, i512 %gmem3_addr, i32 64" [source/int4_decoder_controller.cpp:470]   --->   Operation 337 'readreq' 'empty_942' <Predicate = true> <Delay = 2.43> <CoreInst = "m_axi">   --->   Core 121 'm_axi' <Latency = 0> <II = 1> <Delay = 1.00> <Adapter> <Opcode : 'read' 'write' 'readreq' 'writereq' 'writeresp'>

State 63 <SV = 62> <Delay = 2.43>
ST_63 : Operation 338 [9/71] (2.43ns)   --->   "%empty = readreq i1 @_ssdm_op_ReadReq.m_axi.p1i512, i512 %gmem0_addr, i32 64" [source/int4_decoder_controller.cpp:470]   --->   Operation 338 'readreq' 'empty' <Predicate = true> <Delay = 2.43> <CoreInst = "m_axi">   --->   Core 121 'm_axi' <Latency = 0> <II = 1> <Delay = 1.00> <Adapter> <Opcode : 'read' 'write' 'readreq' 'writereq' 'writeresp'>
ST_63 : Operation 339 [9/71] (2.43ns)   --->   "%empty_940 = readreq i1 @_ssdm_op_ReadReq.m_axi.p1i512, i512 %gmem1_addr, i32 64" [source/int4_decoder_controller.cpp:470]   --->   Operation 339 'readreq' 'empty_940' <Predicate = true> <Delay = 2.43> <CoreInst = "m_axi">   --->   Core 121 'm_axi' <Latency = 0> <II = 1> <Delay = 1.00> <Adapter> <Opcode : 'read' 'write' 'readreq' 'writereq' 'writeresp'>
ST_63 : Operation 340 [9/71] (2.43ns)   --->   "%empty_941 = readreq i1 @_ssdm_op_ReadReq.m_axi.p1i512, i512 %gmem2_addr, i32 64" [source/int4_decoder_controller.cpp:470]   --->   Operation 340 'readreq' 'empty_941' <Predicate = true> <Delay = 2.43> <CoreInst = "m_axi">   --->   Core 121 'm_axi' <Latency = 0> <II = 1> <Delay = 1.00> <Adapter> <Opcode : 'read' 'write' 'readreq' 'writereq' 'writeresp'>
ST_63 : Operation 341 [9/71] (2.43ns)   --->   "%empty_942 = readreq i1 @_ssdm_op_ReadReq.m_axi.p1i512, i512 %gmem3_addr, i32 64" [source/int4_decoder_controller.cpp:470]   --->   Operation 341 'readreq' 'empty_942' <Predicate = true> <Delay = 2.43> <CoreInst = "m_axi">   --->   Core 121 'm_axi' <Latency = 0> <II = 1> <Delay = 1.00> <Adapter> <Opcode : 'read' 'write' 'readreq' 'writereq' 'writeresp'>

State 64 <SV = 63> <Delay = 2.43>
ST_64 : Operation 342 [8/71] (2.43ns)   --->   "%empty = readreq i1 @_ssdm_op_ReadReq.m_axi.p1i512, i512 %gmem0_addr, i32 64" [source/int4_decoder_controller.cpp:470]   --->   Operation 342 'readreq' 'empty' <Predicate = true> <Delay = 2.43> <CoreInst = "m_axi">   --->   Core 121 'm_axi' <Latency = 0> <II = 1> <Delay = 1.00> <Adapter> <Opcode : 'read' 'write' 'readreq' 'writereq' 'writeresp'>
ST_64 : Operation 343 [8/71] (2.43ns)   --->   "%empty_940 = readreq i1 @_ssdm_op_ReadReq.m_axi.p1i512, i512 %gmem1_addr, i32 64" [source/int4_decoder_controller.cpp:470]   --->   Operation 343 'readreq' 'empty_940' <Predicate = true> <Delay = 2.43> <CoreInst = "m_axi">   --->   Core 121 'm_axi' <Latency = 0> <II = 1> <Delay = 1.00> <Adapter> <Opcode : 'read' 'write' 'readreq' 'writereq' 'writeresp'>
ST_64 : Operation 344 [8/71] (2.43ns)   --->   "%empty_941 = readreq i1 @_ssdm_op_ReadReq.m_axi.p1i512, i512 %gmem2_addr, i32 64" [source/int4_decoder_controller.cpp:470]   --->   Operation 344 'readreq' 'empty_941' <Predicate = true> <Delay = 2.43> <CoreInst = "m_axi">   --->   Core 121 'm_axi' <Latency = 0> <II = 1> <Delay = 1.00> <Adapter> <Opcode : 'read' 'write' 'readreq' 'writereq' 'writeresp'>
ST_64 : Operation 345 [8/71] (2.43ns)   --->   "%empty_942 = readreq i1 @_ssdm_op_ReadReq.m_axi.p1i512, i512 %gmem3_addr, i32 64" [source/int4_decoder_controller.cpp:470]   --->   Operation 345 'readreq' 'empty_942' <Predicate = true> <Delay = 2.43> <CoreInst = "m_axi">   --->   Core 121 'm_axi' <Latency = 0> <II = 1> <Delay = 1.00> <Adapter> <Opcode : 'read' 'write' 'readreq' 'writereq' 'writeresp'>

State 65 <SV = 64> <Delay = 2.43>
ST_65 : Operation 346 [7/71] (2.43ns)   --->   "%empty = readreq i1 @_ssdm_op_ReadReq.m_axi.p1i512, i512 %gmem0_addr, i32 64" [source/int4_decoder_controller.cpp:470]   --->   Operation 346 'readreq' 'empty' <Predicate = true> <Delay = 2.43> <CoreInst = "m_axi">   --->   Core 121 'm_axi' <Latency = 0> <II = 1> <Delay = 1.00> <Adapter> <Opcode : 'read' 'write' 'readreq' 'writereq' 'writeresp'>
ST_65 : Operation 347 [7/71] (2.43ns)   --->   "%empty_940 = readreq i1 @_ssdm_op_ReadReq.m_axi.p1i512, i512 %gmem1_addr, i32 64" [source/int4_decoder_controller.cpp:470]   --->   Operation 347 'readreq' 'empty_940' <Predicate = true> <Delay = 2.43> <CoreInst = "m_axi">   --->   Core 121 'm_axi' <Latency = 0> <II = 1> <Delay = 1.00> <Adapter> <Opcode : 'read' 'write' 'readreq' 'writereq' 'writeresp'>
ST_65 : Operation 348 [7/71] (2.43ns)   --->   "%empty_941 = readreq i1 @_ssdm_op_ReadReq.m_axi.p1i512, i512 %gmem2_addr, i32 64" [source/int4_decoder_controller.cpp:470]   --->   Operation 348 'readreq' 'empty_941' <Predicate = true> <Delay = 2.43> <CoreInst = "m_axi">   --->   Core 121 'm_axi' <Latency = 0> <II = 1> <Delay = 1.00> <Adapter> <Opcode : 'read' 'write' 'readreq' 'writereq' 'writeresp'>
ST_65 : Operation 349 [7/71] (2.43ns)   --->   "%empty_942 = readreq i1 @_ssdm_op_ReadReq.m_axi.p1i512, i512 %gmem3_addr, i32 64" [source/int4_decoder_controller.cpp:470]   --->   Operation 349 'readreq' 'empty_942' <Predicate = true> <Delay = 2.43> <CoreInst = "m_axi">   --->   Core 121 'm_axi' <Latency = 0> <II = 1> <Delay = 1.00> <Adapter> <Opcode : 'read' 'write' 'readreq' 'writereq' 'writeresp'>

State 66 <SV = 65> <Delay = 2.43>
ST_66 : Operation 350 [6/71] (2.43ns)   --->   "%empty = readreq i1 @_ssdm_op_ReadReq.m_axi.p1i512, i512 %gmem0_addr, i32 64" [source/int4_decoder_controller.cpp:470]   --->   Operation 350 'readreq' 'empty' <Predicate = true> <Delay = 2.43> <CoreInst = "m_axi">   --->   Core 121 'm_axi' <Latency = 0> <II = 1> <Delay = 1.00> <Adapter> <Opcode : 'read' 'write' 'readreq' 'writereq' 'writeresp'>
ST_66 : Operation 351 [6/71] (2.43ns)   --->   "%empty_940 = readreq i1 @_ssdm_op_ReadReq.m_axi.p1i512, i512 %gmem1_addr, i32 64" [source/int4_decoder_controller.cpp:470]   --->   Operation 351 'readreq' 'empty_940' <Predicate = true> <Delay = 2.43> <CoreInst = "m_axi">   --->   Core 121 'm_axi' <Latency = 0> <II = 1> <Delay = 1.00> <Adapter> <Opcode : 'read' 'write' 'readreq' 'writereq' 'writeresp'>
ST_66 : Operation 352 [6/71] (2.43ns)   --->   "%empty_941 = readreq i1 @_ssdm_op_ReadReq.m_axi.p1i512, i512 %gmem2_addr, i32 64" [source/int4_decoder_controller.cpp:470]   --->   Operation 352 'readreq' 'empty_941' <Predicate = true> <Delay = 2.43> <CoreInst = "m_axi">   --->   Core 121 'm_axi' <Latency = 0> <II = 1> <Delay = 1.00> <Adapter> <Opcode : 'read' 'write' 'readreq' 'writereq' 'writeresp'>
ST_66 : Operation 353 [6/71] (2.43ns)   --->   "%empty_942 = readreq i1 @_ssdm_op_ReadReq.m_axi.p1i512, i512 %gmem3_addr, i32 64" [source/int4_decoder_controller.cpp:470]   --->   Operation 353 'readreq' 'empty_942' <Predicate = true> <Delay = 2.43> <CoreInst = "m_axi">   --->   Core 121 'm_axi' <Latency = 0> <II = 1> <Delay = 1.00> <Adapter> <Opcode : 'read' 'write' 'readreq' 'writereq' 'writeresp'>

State 67 <SV = 66> <Delay = 2.43>
ST_67 : Operation 354 [5/71] (2.43ns)   --->   "%empty = readreq i1 @_ssdm_op_ReadReq.m_axi.p1i512, i512 %gmem0_addr, i32 64" [source/int4_decoder_controller.cpp:470]   --->   Operation 354 'readreq' 'empty' <Predicate = true> <Delay = 2.43> <CoreInst = "m_axi">   --->   Core 121 'm_axi' <Latency = 0> <II = 1> <Delay = 1.00> <Adapter> <Opcode : 'read' 'write' 'readreq' 'writereq' 'writeresp'>
ST_67 : Operation 355 [5/71] (2.43ns)   --->   "%empty_940 = readreq i1 @_ssdm_op_ReadReq.m_axi.p1i512, i512 %gmem1_addr, i32 64" [source/int4_decoder_controller.cpp:470]   --->   Operation 355 'readreq' 'empty_940' <Predicate = true> <Delay = 2.43> <CoreInst = "m_axi">   --->   Core 121 'm_axi' <Latency = 0> <II = 1> <Delay = 1.00> <Adapter> <Opcode : 'read' 'write' 'readreq' 'writereq' 'writeresp'>
ST_67 : Operation 356 [5/71] (2.43ns)   --->   "%empty_941 = readreq i1 @_ssdm_op_ReadReq.m_axi.p1i512, i512 %gmem2_addr, i32 64" [source/int4_decoder_controller.cpp:470]   --->   Operation 356 'readreq' 'empty_941' <Predicate = true> <Delay = 2.43> <CoreInst = "m_axi">   --->   Core 121 'm_axi' <Latency = 0> <II = 1> <Delay = 1.00> <Adapter> <Opcode : 'read' 'write' 'readreq' 'writereq' 'writeresp'>
ST_67 : Operation 357 [5/71] (2.43ns)   --->   "%empty_942 = readreq i1 @_ssdm_op_ReadReq.m_axi.p1i512, i512 %gmem3_addr, i32 64" [source/int4_decoder_controller.cpp:470]   --->   Operation 357 'readreq' 'empty_942' <Predicate = true> <Delay = 2.43> <CoreInst = "m_axi">   --->   Core 121 'm_axi' <Latency = 0> <II = 1> <Delay = 1.00> <Adapter> <Opcode : 'read' 'write' 'readreq' 'writereq' 'writeresp'>

State 68 <SV = 67> <Delay = 2.43>
ST_68 : Operation 358 [4/71] (2.43ns)   --->   "%empty = readreq i1 @_ssdm_op_ReadReq.m_axi.p1i512, i512 %gmem0_addr, i32 64" [source/int4_decoder_controller.cpp:470]   --->   Operation 358 'readreq' 'empty' <Predicate = true> <Delay = 2.43> <CoreInst = "m_axi">   --->   Core 121 'm_axi' <Latency = 0> <II = 1> <Delay = 1.00> <Adapter> <Opcode : 'read' 'write' 'readreq' 'writereq' 'writeresp'>
ST_68 : Operation 359 [4/71] (2.43ns)   --->   "%empty_940 = readreq i1 @_ssdm_op_ReadReq.m_axi.p1i512, i512 %gmem1_addr, i32 64" [source/int4_decoder_controller.cpp:470]   --->   Operation 359 'readreq' 'empty_940' <Predicate = true> <Delay = 2.43> <CoreInst = "m_axi">   --->   Core 121 'm_axi' <Latency = 0> <II = 1> <Delay = 1.00> <Adapter> <Opcode : 'read' 'write' 'readreq' 'writereq' 'writeresp'>
ST_68 : Operation 360 [4/71] (2.43ns)   --->   "%empty_941 = readreq i1 @_ssdm_op_ReadReq.m_axi.p1i512, i512 %gmem2_addr, i32 64" [source/int4_decoder_controller.cpp:470]   --->   Operation 360 'readreq' 'empty_941' <Predicate = true> <Delay = 2.43> <CoreInst = "m_axi">   --->   Core 121 'm_axi' <Latency = 0> <II = 1> <Delay = 1.00> <Adapter> <Opcode : 'read' 'write' 'readreq' 'writereq' 'writeresp'>
ST_68 : Operation 361 [4/71] (2.43ns)   --->   "%empty_942 = readreq i1 @_ssdm_op_ReadReq.m_axi.p1i512, i512 %gmem3_addr, i32 64" [source/int4_decoder_controller.cpp:470]   --->   Operation 361 'readreq' 'empty_942' <Predicate = true> <Delay = 2.43> <CoreInst = "m_axi">   --->   Core 121 'm_axi' <Latency = 0> <II = 1> <Delay = 1.00> <Adapter> <Opcode : 'read' 'write' 'readreq' 'writereq' 'writeresp'>

State 69 <SV = 68> <Delay = 2.43>
ST_69 : Operation 362 [3/71] (2.43ns)   --->   "%empty = readreq i1 @_ssdm_op_ReadReq.m_axi.p1i512, i512 %gmem0_addr, i32 64" [source/int4_decoder_controller.cpp:470]   --->   Operation 362 'readreq' 'empty' <Predicate = true> <Delay = 2.43> <CoreInst = "m_axi">   --->   Core 121 'm_axi' <Latency = 0> <II = 1> <Delay = 1.00> <Adapter> <Opcode : 'read' 'write' 'readreq' 'writereq' 'writeresp'>
ST_69 : Operation 363 [3/71] (2.43ns)   --->   "%empty_940 = readreq i1 @_ssdm_op_ReadReq.m_axi.p1i512, i512 %gmem1_addr, i32 64" [source/int4_decoder_controller.cpp:470]   --->   Operation 363 'readreq' 'empty_940' <Predicate = true> <Delay = 2.43> <CoreInst = "m_axi">   --->   Core 121 'm_axi' <Latency = 0> <II = 1> <Delay = 1.00> <Adapter> <Opcode : 'read' 'write' 'readreq' 'writereq' 'writeresp'>
ST_69 : Operation 364 [3/71] (2.43ns)   --->   "%empty_941 = readreq i1 @_ssdm_op_ReadReq.m_axi.p1i512, i512 %gmem2_addr, i32 64" [source/int4_decoder_controller.cpp:470]   --->   Operation 364 'readreq' 'empty_941' <Predicate = true> <Delay = 2.43> <CoreInst = "m_axi">   --->   Core 121 'm_axi' <Latency = 0> <II = 1> <Delay = 1.00> <Adapter> <Opcode : 'read' 'write' 'readreq' 'writereq' 'writeresp'>
ST_69 : Operation 365 [3/71] (2.43ns)   --->   "%empty_942 = readreq i1 @_ssdm_op_ReadReq.m_axi.p1i512, i512 %gmem3_addr, i32 64" [source/int4_decoder_controller.cpp:470]   --->   Operation 365 'readreq' 'empty_942' <Predicate = true> <Delay = 2.43> <CoreInst = "m_axi">   --->   Core 121 'm_axi' <Latency = 0> <II = 1> <Delay = 1.00> <Adapter> <Opcode : 'read' 'write' 'readreq' 'writereq' 'writeresp'>

State 70 <SV = 69> <Delay = 2.43>
ST_70 : Operation 366 [2/71] (2.43ns)   --->   "%empty = readreq i1 @_ssdm_op_ReadReq.m_axi.p1i512, i512 %gmem0_addr, i32 64" [source/int4_decoder_controller.cpp:470]   --->   Operation 366 'readreq' 'empty' <Predicate = true> <Delay = 2.43> <CoreInst = "m_axi">   --->   Core 121 'm_axi' <Latency = 0> <II = 1> <Delay = 1.00> <Adapter> <Opcode : 'read' 'write' 'readreq' 'writereq' 'writeresp'>
ST_70 : Operation 367 [2/71] (2.43ns)   --->   "%empty_940 = readreq i1 @_ssdm_op_ReadReq.m_axi.p1i512, i512 %gmem1_addr, i32 64" [source/int4_decoder_controller.cpp:470]   --->   Operation 367 'readreq' 'empty_940' <Predicate = true> <Delay = 2.43> <CoreInst = "m_axi">   --->   Core 121 'm_axi' <Latency = 0> <II = 1> <Delay = 1.00> <Adapter> <Opcode : 'read' 'write' 'readreq' 'writereq' 'writeresp'>
ST_70 : Operation 368 [2/71] (2.43ns)   --->   "%empty_941 = readreq i1 @_ssdm_op_ReadReq.m_axi.p1i512, i512 %gmem2_addr, i32 64" [source/int4_decoder_controller.cpp:470]   --->   Operation 368 'readreq' 'empty_941' <Predicate = true> <Delay = 2.43> <CoreInst = "m_axi">   --->   Core 121 'm_axi' <Latency = 0> <II = 1> <Delay = 1.00> <Adapter> <Opcode : 'read' 'write' 'readreq' 'writereq' 'writeresp'>
ST_70 : Operation 369 [2/71] (2.43ns)   --->   "%empty_942 = readreq i1 @_ssdm_op_ReadReq.m_axi.p1i512, i512 %gmem3_addr, i32 64" [source/int4_decoder_controller.cpp:470]   --->   Operation 369 'readreq' 'empty_942' <Predicate = true> <Delay = 2.43> <CoreInst = "m_axi">   --->   Core 121 'm_axi' <Latency = 0> <II = 1> <Delay = 1.00> <Adapter> <Opcode : 'read' 'write' 'readreq' 'writereq' 'writeresp'>

State 71 <SV = 70> <Delay = 2.43>
ST_71 : Operation 370 [1/71] (2.43ns)   --->   "%empty = readreq i1 @_ssdm_op_ReadReq.m_axi.p1i512, i512 %gmem0_addr, i32 64" [source/int4_decoder_controller.cpp:470]   --->   Operation 370 'readreq' 'empty' <Predicate = true> <Delay = 2.43> <CoreInst = "m_axi">   --->   Core 121 'm_axi' <Latency = 0> <II = 1> <Delay = 1.00> <Adapter> <Opcode : 'read' 'write' 'readreq' 'writereq' 'writeresp'>
ST_71 : Operation 371 [1/71] (2.43ns)   --->   "%empty_940 = readreq i1 @_ssdm_op_ReadReq.m_axi.p1i512, i512 %gmem1_addr, i32 64" [source/int4_decoder_controller.cpp:470]   --->   Operation 371 'readreq' 'empty_940' <Predicate = true> <Delay = 2.43> <CoreInst = "m_axi">   --->   Core 121 'm_axi' <Latency = 0> <II = 1> <Delay = 1.00> <Adapter> <Opcode : 'read' 'write' 'readreq' 'writereq' 'writeresp'>
ST_71 : Operation 372 [1/71] (2.43ns)   --->   "%empty_941 = readreq i1 @_ssdm_op_ReadReq.m_axi.p1i512, i512 %gmem2_addr, i32 64" [source/int4_decoder_controller.cpp:470]   --->   Operation 372 'readreq' 'empty_941' <Predicate = true> <Delay = 2.43> <CoreInst = "m_axi">   --->   Core 121 'm_axi' <Latency = 0> <II = 1> <Delay = 1.00> <Adapter> <Opcode : 'read' 'write' 'readreq' 'writereq' 'writeresp'>
ST_71 : Operation 373 [1/71] (2.43ns)   --->   "%empty_942 = readreq i1 @_ssdm_op_ReadReq.m_axi.p1i512, i512 %gmem3_addr, i32 64" [source/int4_decoder_controller.cpp:470]   --->   Operation 373 'readreq' 'empty_942' <Predicate = true> <Delay = 2.43> <CoreInst = "m_axi">   --->   Core 121 'm_axi' <Latency = 0> <II = 1> <Delay = 1.00> <Adapter> <Opcode : 'read' 'write' 'readreq' 'writereq' 'writeresp'>

State 72 <SV = 71> <Delay = 0.00>
ST_72 : Operation 374 [2/2] (0.00ns)   --->   "%call_ln470 = call void @int4_load_residual_4ddr_Pipeline_load_residual_word_loop, i512 %gmem0, i58 %trunc_ln, i512 %gmem1, i58 %trunc_ln470_1, i512 %gmem2, i58 %trunc_ln470_2, i512 %gmem3, i58 %trunc_ln470_3, i512 %residual_buffer0, i512 %residual_buffer1, i512 %residual_buffer2, i512 %residual_buffer3" [source/int4_decoder_controller.cpp:470]   --->   Operation 374 'call' 'call_ln470' <Predicate = true> <Delay = 0.00> <CoreType = "Generic">   --->   Core 0 '' <Latency = 0> <II = 1> <Delay = 1.00> <Generic> <Opcode : >

State 73 <SV = 72> <Delay = 0.00>
ST_73 : Operation 375 [1/1] (0.00ns)   --->   "%specmemcore_ln0 = specmemcore void @_ssdm_op_SpecMemCore, i512 %residual_buffer3, i64 666, i64 22, i64 18446744073709551615"   --->   Operation 375 'specmemcore' 'specmemcore_ln0' <Predicate = true> <Delay = 0.00>
ST_73 : Operation 376 [1/1] (0.00ns)   --->   "%specmemcore_ln0 = specmemcore void @_ssdm_op_SpecMemCore, i512 %residual_buffer2, i64 666, i64 22, i64 18446744073709551615"   --->   Operation 376 'specmemcore' 'specmemcore_ln0' <Predicate = true> <Delay = 0.00>
ST_73 : Operation 377 [1/1] (0.00ns)   --->   "%specmemcore_ln0 = specmemcore void @_ssdm_op_SpecMemCore, i512 %residual_buffer1, i64 666, i64 22, i64 18446744073709551615"   --->   Operation 377 'specmemcore' 'specmemcore_ln0' <Predicate = true> <Delay = 0.00>
ST_73 : Operation 378 [1/1] (0.00ns)   --->   "%specmemcore_ln0 = specmemcore void @_ssdm_op_SpecMemCore, i512 %residual_buffer0, i64 666, i64 22, i64 18446744073709551615"   --->   Operation 378 'specmemcore' 'specmemcore_ln0' <Predicate = true> <Delay = 0.00>
ST_73 : Operation 379 [1/1] (0.00ns)   --->   "%specinterface_ln0 = specinterface void @_ssdm_op_SpecInterface, i512 %gmem3, void @empty_417, i32 0, i32 0, void @empty_418, i32 64, i32 13043328, void @empty_423, void @empty_420, void @empty_418, i32 8, i32 2, i32 256, i32 64, void @empty_418, void @empty_418, i32 4294967295, i32 0"   --->   Operation 379 'specinterface' 'specinterface_ln0' <Predicate = true> <Delay = 0.00>
ST_73 : Operation 380 [1/1] (0.00ns)   --->   "%specinterface_ln0 = specinterface void @_ssdm_op_SpecInterface, i512 %gmem2, void @empty_417, i32 0, i32 0, void @empty_418, i32 64, i32 13043328, void @empty_422, void @empty_420, void @empty_418, i32 8, i32 2, i32 256, i32 64, void @empty_418, void @empty_418, i32 4294967295, i32 0"   --->   Operation 380 'specinterface' 'specinterface_ln0' <Predicate = true> <Delay = 0.00>
ST_73 : Operation 381 [1/1] (0.00ns)   --->   "%specinterface_ln0 = specinterface void @_ssdm_op_SpecInterface, i512 %gmem1, void @empty_417, i32 0, i32 0, void @empty_418, i32 64, i32 13043328, void @empty_421, void @empty_420, void @empty_418, i32 8, i32 2, i32 256, i32 64, void @empty_418, void @empty_418, i32 4294967295, i32 0"   --->   Operation 381 'specinterface' 'specinterface_ln0' <Predicate = true> <Delay = 0.00>
ST_73 : Operation 382 [1/1] (0.00ns)   --->   "%specinterface_ln0 = specinterface void @_ssdm_op_SpecInterface, i512 %gmem0, void @empty_417, i32 0, i32 0, void @empty_418, i32 64, i32 13043328, void @empty_419, void @empty_420, void @empty_418, i32 8, i32 2, i32 256, i32 64, void @empty_418, void @empty_418, i32 4294967295, i32 0"   --->   Operation 382 'specinterface' 'specinterface_ln0' <Predicate = true> <Delay = 0.00>
ST_73 : Operation 383 [1/2] (0.00ns)   --->   "%call_ln470 = call void @int4_load_residual_4ddr_Pipeline_load_residual_word_loop, i512 %gmem0, i58 %trunc_ln, i512 %gmem1, i58 %trunc_ln470_1, i512 %gmem2, i58 %trunc_ln470_2, i512 %gmem3, i58 %trunc_ln470_3, i512 %residual_buffer0, i512 %residual_buffer1, i512 %residual_buffer2, i512 %residual_buffer3" [source/int4_decoder_controller.cpp:470]   --->   Operation 383 'call' 'call_ln470' <Predicate = true> <Delay = 0.00> <CoreType = "Generic">   --->   Core 0 '' <Latency = 0> <II = 1> <Delay = 1.00> <Generic> <Opcode : >
ST_73 : Operation 384 [1/1] (0.00ns)   --->   "%ret_ln479 = ret" [source/int4_decoder_controller.cpp:479]   --->   Operation 384 'ret' 'ret_ln479' <Predicate = true> <Delay = 0.00>


============================================================
+ Verbose Summary: Binding
============================================================
STG Binding: 
---------------- STG Properties BEGIN ----------------
- Is combinational: 0
- Is one-state seq: 0
- Is datapath-only: 0
- Is pipelined: 0
- Is top level: 0
Port [ Return ] is wired: 1; IO mode=ap_ctrl_hs:ce=0
Port [ gmem0]:  wired=1; compound=1; hidden=0; nouse=0; global=0; static=0; extern=0; dir=0; type=4; pingpong=0; private_global=0; IO mode=m_axi:ce=0
Port [ residual_pe0]:  wired=1; compound=0; hidden=0; nouse=0; global=0; static=0; extern=0; dir=0; type=0; pingpong=0; private_global=0; IO mode=ap_none:ce=0
Port [ gmem1]:  wired=1; compound=1; hidden=0; nouse=0; global=0; static=0; extern=0; dir=0; type=4; pingpong=0; private_global=0; IO mode=m_axi:ce=0
Port [ residual_pe1]:  wired=1; compound=0; hidden=0; nouse=0; global=0; static=0; extern=0; dir=0; type=0; pingpong=0; private_global=0; IO mode=ap_none:ce=0
Port [ gmem2]:  wired=1; compound=1; hidden=0; nouse=0; global=0; static=0; extern=0; dir=0; type=4; pingpong=0; private_global=0; IO mode=m_axi:ce=0
Port [ residual_pe2]:  wired=1; compound=0; hidden=0; nouse=0; global=0; static=0; extern=0; dir=0; type=0; pingpong=0; private_global=0; IO mode=ap_none:ce=0
Port [ gmem3]:  wired=1; compound=1; hidden=0; nouse=0; global=0; static=0; extern=0; dir=0; type=4; pingpong=0; private_global=0; IO mode=m_axi:ce=0
Port [ residual_pe3]:  wired=1; compound=0; hidden=0; nouse=0; global=0; static=0; extern=0; dir=0; type=0; pingpong=0; private_global=0; IO mode=ap_none:ce=0
Port [ residual_buffer0]:  wired=1; compound=1; hidden=0; nouse=0; global=0; static=0; extern=0; dir=1; type=1; pingpong=0; private_global=0; MemPort=[30]; IO mode=ap_memory:ce=0
Port [ residual_buffer1]:  wired=1; compound=1; hidden=0; nouse=0; global=0; static=0; extern=0; dir=1; type=1; pingpong=0; private_global=0; MemPort=[30]; IO mode=ap_memory:ce=0
Port [ residual_buffer2]:  wired=1; compound=1; hidden=0; nouse=0; global=0; static=0; extern=0; dir=1; type=1; pingpong=0; private_global=0; MemPort=[30]; IO mode=ap_memory:ce=0
Port [ residual_buffer3]:  wired=1; compound=1; hidden=0; nouse=0; global=0; static=0; extern=0; dir=1; type=1; pingpong=0; private_global=0; MemPort=[30]; IO mode=ap_memory:ce=0
---------------- STG Properties END ------------------

---------------- Datapath Model BEGIN ----------------

<LifeTime>
<method=bitvector/>
residual_pe3_read (read         ) [ 00000000000000000000000000000000000000000000000000000000000000000000000000]
residual_pe2_read (read         ) [ 00000000000000000000000000000000000000000000000000000000000000000000000000]
residual_pe1_read (read         ) [ 00000000000000000000000000000000000000000000000000000000000000000000000000]
residual_pe0_read (read         ) [ 00000000000000000000000000000000000000000000000000000000000000000000000000]
trunc_ln          (partselect   ) [ 00111111111111111111111111111111111111111111111111111111111111111111111111]
sext_ln470        (sext         ) [ 00000000000000000000000000000000000000000000000000000000000000000000000000]
gmem0_addr        (getelementptr) [ 00111111111111111111111111111111111111111111111111111111111111111111111100]
trunc_ln470_1     (partselect   ) [ 00111111111111111111111111111111111111111111111111111111111111111111111111]
sext_ln470_1      (sext         ) [ 00000000000000000000000000000000000000000000000000000000000000000000000000]
gmem1_addr        (getelementptr) [ 00111111111111111111111111111111111111111111111111111111111111111111111100]
trunc_ln470_2     (partselect   ) [ 00111111111111111111111111111111111111111111111111111111111111111111111111]
sext_ln470_2      (sext         ) [ 00000000000000000000000000000000000000000000000000000000000000000000000000]
gmem2_addr        (getelementptr) [ 00111111111111111111111111111111111111111111111111111111111111111111111100]
trunc_ln470_3     (partselect   ) [ 00111111111111111111111111111111111111111111111111111111111111111111111111]
sext_ln470_3      (sext         ) [ 00000000000000000000000000000000000000000000000000000000000000000000000000]
gmem3_addr        (getelementptr) [ 00111111111111111111111111111111111111111111111111111111111111111111111100]
empty             (readreq      ) [ 00000000000000000000000000000000000000000000000000000000000000000000000000]
empty_940         (readreq      ) [ 00000000000000000000000000000000000000000000000000000000000000000000000000]
empty_941         (readreq      ) [ 00000000000000000000000000000000000000000000000000000000000000000000000000]
empty_942         (readreq      ) [ 00000000000000000000000000000000000000000000000000000000000000000000000000]
specmemcore_ln0   (specmemcore  ) [ 00000000000000000000000000000000000000000000000000000000000000000000000000]
specmemcore_ln0   (specmemcore  ) [ 00000000000000000000000000000000000000000000000000000000000000000000000000]
specmemcore_ln0   (specmemcore  ) [ 00000000000000000000000000000000000000000000000000000000000000000000000000]
specmemcore_ln0   (specmemcore  ) [ 00000000000000000000000000000000000000000000000000000000000000000000000000]
specinterface_ln0 (specinterface) [ 00000000000000000000000000000000000000000000000000000000000000000000000000]
specinterface_ln0 (specinterface) [ 00000000000000000000000000000000000000000000000000000000000000000000000000]
specinterface_ln0 (specinterface) [ 00000000000000000000000000000000000000000000000000000000000000000000000000]
specinterface_ln0 (specinterface) [ 00000000000000000000000000000000000000000000000000000000000000000000000000]
call_ln470        (call         ) [ 00000000000000000000000000000000000000000000000000000000000000000000000000]
ret_ln479         (ret          ) [ 00000000000000000000000000000000000000000000000000000000000000000000000000]
</LifeTime>

<model>

<comp_list>
<comp id="0" class="1000" name="gmem0">
<pin_list>
<pin id="1" dir="1" index="0" bw="1" slack="0"/>
</pin_list>
<bind>
<StgValue><ssdm name="gmem0"/></StgValue>
</bind>
</comp>

<comp id="2" class="1000" name="residual_pe0">
<pin_list>
<pin id="3" dir="1" index="0" bw="1" slack="0"/>
</pin_list>
<bind>
<StgValue><ssdm name="residual_pe0"/></StgValue>
</bind>
</comp>

<comp id="4" class="1000" name="gmem1">
<pin_list>
<pin id="5" dir="1" index="0" bw="1" slack="0"/>
</pin_list>
<bind>
<StgValue><ssdm name="gmem1"/></StgValue>
</bind>
</comp>

<comp id="6" class="1000" name="residual_pe1">
<pin_list>
<pin id="7" dir="1" index="0" bw="1" slack="0"/>
</pin_list>
<bind>
<StgValue><ssdm name="residual_pe1"/></StgValue>
</bind>
</comp>

<comp id="8" class="1000" name="gmem2">
<pin_list>
<pin id="9" dir="1" index="0" bw="1" slack="0"/>
</pin_list>
<bind>
<StgValue><ssdm name="gmem2"/></StgValue>
</bind>
</comp>

<comp id="10" class="1000" name="residual_pe2">
<pin_list>
<pin id="11" dir="1" index="0" bw="1" slack="0"/>
</pin_list>
<bind>
<StgValue><ssdm name="residual_pe2"/></StgValue>
</bind>
</comp>

<comp id="12" class="1000" name="gmem3">
<pin_list>
<pin id="13" dir="1" index="0" bw="1" slack="0"/>
</pin_list>
<bind>
<StgValue><ssdm name="gmem3"/></StgValue>
</bind>
</comp>

<comp id="14" class="1000" name="residual_pe3">
<pin_list>
<pin id="15" dir="1" index="0" bw="1" slack="0"/>
</pin_list>
<bind>
<StgValue><ssdm name="residual_pe3"/></StgValue>
</bind>
</comp>

<comp id="16" class="1000" name="residual_buffer0">
<pin_list>
<pin id="17" dir="1" index="0" bw="1" slack="0"/>
</pin_list>
<bind>
<StgValue><ssdm name="residual_buffer0"/><MemPortTyVec>3 0 </MemPortTyVec>
</StgValue>
</bind>
</comp>

<comp id="18" class="1000" name="residual_buffer1">
<pin_list>
<pin id="19" dir="1" index="0" bw="1" slack="0"/>
</pin_list>
<bind>
<StgValue><ssdm name="residual_buffer1"/><MemPortTyVec>3 0 </MemPortTyVec>
</StgValue>
</bind>
</comp>

<comp id="20" class="1000" name="residual_buffer2">
<pin_list>
<pin id="21" dir="1" index="0" bw="1" slack="0"/>
</pin_list>
<bind>
<StgValue><ssdm name="residual_buffer2"/><MemPortTyVec>3 0 </MemPortTyVec>
</StgValue>
</bind>
</comp>

<comp id="22" class="1000" name="residual_buffer3">
<pin_list>
<pin id="23" dir="1" index="0" bw="1" slack="0"/>
</pin_list>
<bind>
<StgValue><ssdm name="residual_buffer3"/><MemPortTyVec>3 0 </MemPortTyVec>
</StgValue>
</bind>
</comp>

<comp id="24" class="1001" name="const_24">
<pin_list>
<pin id="25" dir="1" index="0" bw="1" slack="0"/>
</pin_list>
<bind>
<StgValue><ssdm name="_ssdm_op_Read.ap_auto.i64"/></StgValue>
</bind>
</comp>

<comp id="26" class="1001" name="const_26">
<pin_list>
<pin id="27" dir="1" index="0" bw="1" slack="0"/>
</pin_list>
<bind>
<StgValue><ssdm name="_ssdm_op_PartSelect.i58.i64.i32.i32"/></StgValue>
</bind>
</comp>

<comp id="28" class="1001" name="const_28">
<pin_list>
<pin id="29" dir="1" index="0" bw="1" slack="0"/>
</pin_list>
<bind>
<StgValue><ssdm name=""/></StgValue>
</bind>
</comp>

<comp id="30" class="1001" name="const_30">
<pin_list>
<pin id="31" dir="1" index="0" bw="1" slack="0"/>
</pin_list>
<bind>
<StgValue><ssdm name=""/></StgValue>
</bind>
</comp>

<comp id="32" class="1001" name="const_32">
<pin_list>
<pin id="33" dir="1" index="0" bw="1" slack="0"/>
</pin_list>
<bind>
<StgValue><ssdm name="_ssdm_op_ReadReq.m_axi.p1i512"/></StgValue>
</bind>
</comp>

<comp id="34" class="1001" name="const_34">
<pin_list>
<pin id="35" dir="1" index="0" bw="1" slack="0"/>
</pin_list>
<bind>
<StgValue><ssdm name=""/></StgValue>
</bind>
</comp>

<comp id="36" class="1001" name="const_36">
<pin_list>
<pin id="37" dir="1" index="0" bw="1" slack="0"/>
</pin_list>
<bind>
<StgValue><ssdm name="int4_load_residual_4ddr_Pipeline_load_residual_word_loop"/></StgValue>
</bind>
</comp>

<comp id="38" class="1001" name="const_38">
<pin_list>
<pin id="39" dir="1" index="0" bw="1" slack="2147483647"/>
</pin_list>
<bind>
<StgValue><ssdm name="_ssdm_op_SpecMemCore"/></StgValue>
</bind>
</comp>

<comp id="40" class="1001" name="const_40">
<pin_list>
<pin id="41" dir="1" index="0" bw="1" slack="2147483647"/>
</pin_list>
<bind>
<StgValue><ssdm name=""/></StgValue>
</bind>
</comp>

<comp id="42" class="1001" name="const_42">
<pin_list>
<pin id="43" dir="1" index="0" bw="1" slack="2147483647"/>
</pin_list>
<bind>
<StgValue><ssdm name=""/></StgValue>
</bind>
</comp>

<comp id="44" class="1001" name="const_44">
<pin_list>
<pin id="45" dir="1" index="0" bw="1" slack="2147483647"/>
</pin_list>
<bind>
<StgValue><ssdm name=""/></StgValue>
</bind>
</comp>

<comp id="46" class="1001" name="const_46">
<pin_list>
<pin id="47" dir="1" index="0" bw="1" slack="2147483647"/>
</pin_list>
<bind>
<StgValue><ssdm name="_ssdm_op_SpecInterface"/></StgValue>
</bind>
</comp>

<comp id="48" class="1001" name="const_48">
<pin_list>
<pin id="49" dir="1" index="0" bw="1" slack="2147483647"/>
</pin_list>
<bind>
<StgValue><ssdm name="empty_417"/></StgValue>
</bind>
</comp>

<comp id="50" class="1001" name="const_50">
<pin_list>
<pin id="51" dir="1" index="0" bw="1" slack="2147483647"/>
</pin_list>
<bind>
<StgValue><ssdm name=""/></StgValue>
</bind>
</comp>

<comp id="52" class="1001" name="const_52">
<pin_list>
<pin id="53" dir="1" index="0" bw="1" slack="2147483647"/>
</pin_list>
<bind>
<StgValue><ssdm name="empty_418"/></StgValue>
</bind>
</comp>

<comp id="54" class="1001" name="const_54">
<pin_list>
<pin id="55" dir="1" index="0" bw="1" slack="2147483647"/>
</pin_list>
<bind>
<StgValue><ssdm name=""/></StgValue>
</bind>
</comp>

<comp id="56" class="1001" name="const_56">
<pin_list>
<pin id="57" dir="1" index="0" bw="1" slack="2147483647"/>
</pin_list>
<bind>
<StgValue><ssdm name="empty_423"/></StgValue>
</bind>
</comp>

<comp id="58" class="1001" name="const_58">
<pin_list>
<pin id="59" dir="1" index="0" bw="1" slack="2147483647"/>
</pin_list>
<bind>
<StgValue><ssdm name="empty_420"/></StgValue>
</bind>
</comp>

<comp id="60" class="1001" name="const_60">
<pin_list>
<pin id="61" dir="1" index="0" bw="1" slack="2147483647"/>
</pin_list>
<bind>
<StgValue><ssdm name=""/></StgValue>
</bind>
</comp>

<comp id="62" class="1001" name="const_62">
<pin_list>
<pin id="63" dir="1" index="0" bw="1" slack="2147483647"/>
</pin_list>
<bind>
<StgValue><ssdm name=""/></StgValue>
</bind>
</comp>

<comp id="64" class="1001" name="const_64">
<pin_list>
<pin id="65" dir="1" index="0" bw="1" slack="2147483647"/>
</pin_list>
<bind>
<StgValue><ssdm name=""/></StgValue>
</bind>
</comp>

<comp id="66" class="1001" name="const_66">
<pin_list>
<pin id="67" dir="1" index="0" bw="1" slack="2147483647"/>
</pin_list>
<bind>
<StgValue><ssdm name=""/></StgValue>
</bind>
</comp>

<comp id="68" class="1001" name="const_68">
<pin_list>
<pin id="69" dir="1" index="0" bw="1" slack="2147483647"/>
</pin_list>
<bind>
<StgValue><ssdm name="empty_422"/></StgValue>
</bind>
</comp>

<comp id="70" class="1001" name="const_70">
<pin_list>
<pin id="71" dir="1" index="0" bw="1" slack="2147483647"/>
</pin_list>
<bind>
<StgValue><ssdm name="empty_421"/></StgValue>
</bind>
</comp>

<comp id="72" class="1001" name="const_72">
<pin_list>
<pin id="73" dir="1" index="0" bw="1" slack="2147483647"/>
</pin_list>
<bind>
<StgValue><ssdm name="empty_419"/></StgValue>
</bind>
</comp>

<comp id="74" class="1004" name="residual_pe3_read_read_fu_74">
<pin_list>
<pin id="75" dir="0" index="0" bw="64" slack="0"/>
<pin id="76" dir="0" index="1" bw="64" slack="0"/>
<pin id="77" dir="1" index="2" bw="64" slack="0"/>
</pin_list>
<bind>
<opcode="read(1150) " fcode="read"/>
<opset="residual_pe3_read/1 "/>
</bind>
</comp>

<comp id="80" class="1004" name="residual_pe2_read_read_fu_80">
<pin_list>
<pin id="81" dir="0" index="0" bw="64" slack="0"/>
<pin id="82" dir="0" index="1" bw="64" slack="0"/>
<pin id="83" dir="1" index="2" bw="64" slack="0"/>
</pin_list>
<bind>
<opcode="read(1150) " fcode="read"/>
<opset="residual_pe2_read/1 "/>
</bind>
</comp>

<comp id="86" class="1004" name="residual_pe1_read_read_fu_86">
<pin_list>
<pin id="87" dir="0" index="0" bw="64" slack="0"/>
<pin id="88" dir="0" index="1" bw="64" slack="0"/>
<pin id="89" dir="1" index="2" bw="64" slack="0"/>
</pin_list>
<bind>
<opcode="read(1150) " fcode="read"/>
<opset="residual_pe1_read/1 "/>
</bind>
</comp>

<comp id="92" class="1004" name="residual_pe0_read_read_fu_92">
<pin_list>
<pin id="93" dir="0" index="0" bw="64" slack="0"/>
<pin id="94" dir="0" index="1" bw="64" slack="0"/>
<pin id="95" dir="1" index="2" bw="64" slack="0"/>
</pin_list>
<bind>
<opcode="read(1150) " fcode="read"/>
<opset="residual_pe0_read/1 "/>
</bind>
</comp>

<comp id="98" class="1004" name="grp_readreq_fu_98">
<pin_list>
<pin id="99" dir="0" index="0" bw="1" slack="0"/>
<pin id="100" dir="0" index="1" bw="512" slack="0"/>
<pin id="101" dir="0" index="2" bw="8" slack="0"/>
<pin id="102" dir="1" index="3" bw="1" slack="2147483647"/>
</pin_list>
<bind>
<opcode="readreq(1154) " fcode="readreq"/>
<opset="empty/1 "/>
</bind>
</comp>

<comp id="105" class="1004" name="grp_readreq_fu_105">
<pin_list>
<pin id="106" dir="0" index="0" bw="1" slack="0"/>
<pin id="107" dir="0" index="1" bw="512" slack="0"/>
<pin id="108" dir="0" index="2" bw="8" slack="0"/>
<pin id="109" dir="1" index="3" bw="1" slack="2147483647"/>
</pin_list>
<bind>
<opcode="readreq(1154) " fcode="readreq"/>
<opset="empty_940/1 "/>
</bind>
</comp>

<comp id="112" class="1004" name="grp_readreq_fu_112">
<pin_list>
<pin id="113" dir="0" index="0" bw="1" slack="0"/>
<pin id="114" dir="0" index="1" bw="512" slack="0"/>
<pin id="115" dir="0" index="2" bw="8" slack="0"/>
<pin id="116" dir="1" index="3" bw="1" slack="2147483647"/>
</pin_list>
<bind>
<opcode="readreq(1154) " fcode="readreq"/>
<opset="empty_941/1 "/>
</bind>
</comp>

<comp id="119" class="1004" name="grp_readreq_fu_119">
<pin_list>
<pin id="120" dir="0" index="0" bw="1" slack="0"/>
<pin id="121" dir="0" index="1" bw="512" slack="0"/>
<pin id="122" dir="0" index="2" bw="8" slack="0"/>
<pin id="123" dir="1" index="3" bw="1" slack="2147483647"/>
</pin_list>
<bind>
<opcode="readreq(1154) " fcode="readreq"/>
<opset="empty_942/1 "/>
</bind>
</comp>

<comp id="126" class="1004" name="grp_int4_load_residual_4ddr_Pipeline_load_residual_word_loop_fu_126">
<pin_list>
<pin id="127" dir="0" index="0" bw="0" slack="0"/>
<pin id="128" dir="0" index="1" bw="512" slack="0"/>
<pin id="129" dir="0" index="2" bw="58" slack="71"/>
<pin id="130" dir="0" index="3" bw="512" slack="0"/>
<pin id="131" dir="0" index="4" bw="58" slack="71"/>
<pin id="132" dir="0" index="5" bw="512" slack="0"/>
<pin id="133" dir="0" index="6" bw="58" slack="71"/>
<pin id="134" dir="0" index="7" bw="512" slack="0"/>
<pin id="135" dir="0" index="8" bw="58" slack="71"/>
<pin id="136" dir="0" index="9" bw="512" slack="0"/>
<pin id="137" dir="0" index="10" bw="512" slack="0"/>
<pin id="138" dir="0" index="11" bw="512" slack="0"/>
<pin id="139" dir="0" index="12" bw="512" slack="0"/>
<pin id="140" dir="1" index="13" bw="0" slack="2147483647"/>
</pin_list>
<bind>
<opcode="call(48) " fcode="call"/>
<opset="call_ln470/72 "/>
</bind>
</comp>

<comp id="150" class="1004" name="trunc_ln_fu_150">
<pin_list>
<pin id="151" dir="0" index="0" bw="58" slack="0"/>
<pin id="152" dir="0" index="1" bw="64" slack="0"/>
<pin id="153" dir="0" index="2" bw="4" slack="0"/>
<pin id="154" dir="0" index="3" bw="7" slack="0"/>
<pin id="155" dir="1" index="4" bw="58" slack="0"/>
</pin_list>
<bind>
<opcode="partselect(1002) " fcode="partselect"/>
<opset="trunc_ln/1 "/>
</bind>
</comp>

<comp id="160" class="1004" name="sext_ln470_fu_160">
<pin_list>
<pin id="161" dir="0" index="0" bw="58" slack="0"/>
<pin id="162" dir="1" index="1" bw="64" slack="0"/>
</pin_list>
<bind>
<opcode="sext(35) " fcode="sext"/>
<opset="sext_ln470/1 "/>
</bind>
</comp>

<comp id="164" class="1004" name="gmem0_addr_fu_164">
<pin_list>
<pin id="165" dir="0" index="0" bw="512" slack="0"/>
<pin id="166" dir="0" index="1" bw="58" slack="0"/>
<pin id="167" dir="1" index="2" bw="512" slack="0"/>
</pin_list>
<bind>
<opcode="getelementptr(29) " fcode="getelementptr"/>
<opset="gmem0_addr/1 "/>
</bind>
</comp>

<comp id="171" class="1004" name="trunc_ln470_1_fu_171">
<pin_list>
<pin id="172" dir="0" index="0" bw="58" slack="0"/>
<pin id="173" dir="0" index="1" bw="64" slack="0"/>
<pin id="174" dir="0" index="2" bw="4" slack="0"/>
<pin id="175" dir="0" index="3" bw="7" slack="0"/>
<pin id="176" dir="1" index="4" bw="58" slack="0"/>
</pin_list>
<bind>
<opcode="partselect(1002) " fcode="partselect"/>
<opset="trunc_ln470_1/1 "/>
</bind>
</comp>

<comp id="181" class="1004" name="sext_ln470_1_fu_181">
<pin_list>
<pin id="182" dir="0" index="0" bw="58" slack="0"/>
<pin id="183" dir="1" index="1" bw="64" slack="0"/>
</pin_list>
<bind>
<opcode="sext(35) " fcode="sext"/>
<opset="sext_ln470_1/1 "/>
</bind>
</comp>

<comp id="185" class="1004" name="gmem1_addr_fu_185">
<pin_list>
<pin id="186" dir="0" index="0" bw="512" slack="0"/>
<pin id="187" dir="0" index="1" bw="58" slack="0"/>
<pin id="188" dir="1" index="2" bw="512" slack="0"/>
</pin_list>
<bind>
<opcode="getelementptr(29) " fcode="getelementptr"/>
<opset="gmem1_addr/1 "/>
</bind>
</comp>

<comp id="192" class="1004" name="trunc_ln470_2_fu_192">
<pin_list>
<pin id="193" dir="0" index="0" bw="58" slack="0"/>
<pin id="194" dir="0" index="1" bw="64" slack="0"/>
<pin id="195" dir="0" index="2" bw="4" slack="0"/>
<pin id="196" dir="0" index="3" bw="7" slack="0"/>
<pin id="197" dir="1" index="4" bw="58" slack="0"/>
</pin_list>
<bind>
<opcode="partselect(1002) " fcode="partselect"/>
<opset="trunc_ln470_2/1 "/>
</bind>
</comp>

<comp id="202" class="1004" name="sext_ln470_2_fu_202">
<pin_list>
<pin id="203" dir="0" index="0" bw="58" slack="0"/>
<pin id="204" dir="1" index="1" bw="64" slack="0"/>
</pin_list>
<bind>
<opcode="sext(35) " fcode="sext"/>
<opset="sext_ln470_2/1 "/>
</bind>
</comp>

<comp id="206" class="1004" name="gmem2_addr_fu_206">
<pin_list>
<pin id="207" dir="0" index="0" bw="512" slack="0"/>
<pin id="208" dir="0" index="1" bw="58" slack="0"/>
<pin id="209" dir="1" index="2" bw="512" slack="0"/>
</pin_list>
<bind>
<opcode="getelementptr(29) " fcode="getelementptr"/>
<opset="gmem2_addr/1 "/>
</bind>
</comp>

<comp id="213" class="1004" name="trunc_ln470_3_fu_213">
<pin_list>
<pin id="214" dir="0" index="0" bw="58" slack="0"/>
<pin id="215" dir="0" index="1" bw="64" slack="0"/>
<pin id="216" dir="0" index="2" bw="4" slack="0"/>
<pin id="217" dir="0" index="3" bw="7" slack="0"/>
<pin id="218" dir="1" index="4" bw="58" slack="0"/>
</pin_list>
<bind>
<opcode="partselect(1002) " fcode="partselect"/>
<opset="trunc_ln470_3/1 "/>
</bind>
</comp>

<comp id="223" class="1004" name="sext_ln470_3_fu_223">
<pin_list>
<pin id="224" dir="0" index="0" bw="58" slack="0"/>
<pin id="225" dir="1" index="1" bw="64" slack="0"/>
</pin_list>
<bind>
<opcode="sext(35) " fcode="sext"/>
<opset="sext_ln470_3/1 "/>
</bind>
</comp>

<comp id="227" class="1004" name="gmem3_addr_fu_227">
<pin_list>
<pin id="228" dir="0" index="0" bw="512" slack="0"/>
<pin id="229" dir="0" index="1" bw="58" slack="0"/>
<pin id="230" dir="1" index="2" bw="512" slack="0"/>
</pin_list>
<bind>
<opcode="getelementptr(29) " fcode="getelementptr"/>
<opset="gmem3_addr/1 "/>
</bind>
</comp>

<comp id="234" class="1005" name="trunc_ln_reg_234">
<pin_list>
<pin id="235" dir="0" index="0" bw="58" slack="71"/>
<pin id="236" dir="1" index="1" bw="58" slack="71"/>
</pin_list>
<bind>
<opset="trunc_ln "/>
</bind>
</comp>

<comp id="239" class="1005" name="gmem0_addr_reg_239">
<pin_list>
<pin id="240" dir="0" index="0" bw="512" slack="1"/>
<pin id="241" dir="1" index="1" bw="512" slack="1"/>
</pin_list>
<bind>
<opset="gmem0_addr "/>
</bind>
</comp>

<comp id="244" class="1005" name="trunc_ln470_1_reg_244">
<pin_list>
<pin id="245" dir="0" index="0" bw="58" slack="71"/>
<pin id="246" dir="1" index="1" bw="58" slack="71"/>
</pin_list>
<bind>
<opset="trunc_ln470_1 "/>
</bind>
</comp>

<comp id="249" class="1005" name="gmem1_addr_reg_249">
<pin_list>
<pin id="250" dir="0" index="0" bw="512" slack="1"/>
<pin id="251" dir="1" index="1" bw="512" slack="1"/>
</pin_list>
<bind>
<opset="gmem1_addr "/>
</bind>
</comp>

<comp id="254" class="1005" name="trunc_ln470_2_reg_254">
<pin_list>
<pin id="255" dir="0" index="0" bw="58" slack="71"/>
<pin id="256" dir="1" index="1" bw="58" slack="71"/>
</pin_list>
<bind>
<opset="trunc_ln470_2 "/>
</bind>
</comp>

<comp id="259" class="1005" name="gmem2_addr_reg_259">
<pin_list>
<pin id="260" dir="0" index="0" bw="512" slack="1"/>
<pin id="261" dir="1" index="1" bw="512" slack="1"/>
</pin_list>
<bind>
<opset="gmem2_addr "/>
</bind>
</comp>

<comp id="264" class="1005" name="trunc_ln470_3_reg_264">
<pin_list>
<pin id="265" dir="0" index="0" bw="58" slack="71"/>
<pin id="266" dir="1" index="1" bw="58" slack="71"/>
</pin_list>
<bind>
<opset="trunc_ln470_3 "/>
</bind>
</comp>

<comp id="269" class="1005" name="gmem3_addr_reg_269">
<pin_list>
<pin id="270" dir="0" index="0" bw="512" slack="1"/>
<pin id="271" dir="1" index="1" bw="512" slack="1"/>
</pin_list>
<bind>
<opset="gmem3_addr "/>
</bind>
</comp>

</comp_list>

<net_list>
<net id="78"><net_src comp="24" pin="0"/><net_sink comp="74" pin=0"/></net>

<net id="79"><net_src comp="14" pin="0"/><net_sink comp="74" pin=1"/></net>

<net id="84"><net_src comp="24" pin="0"/><net_sink comp="80" pin=0"/></net>

<net id="85"><net_src comp="10" pin="0"/><net_sink comp="80" pin=1"/></net>

<net id="90"><net_src comp="24" pin="0"/><net_sink comp="86" pin=0"/></net>

<net id="91"><net_src comp="6" pin="0"/><net_sink comp="86" pin=1"/></net>

<net id="96"><net_src comp="24" pin="0"/><net_sink comp="92" pin=0"/></net>

<net id="97"><net_src comp="2" pin="0"/><net_sink comp="92" pin=1"/></net>

<net id="103"><net_src comp="32" pin="0"/><net_sink comp="98" pin=0"/></net>

<net id="104"><net_src comp="34" pin="0"/><net_sink comp="98" pin=2"/></net>

<net id="110"><net_src comp="32" pin="0"/><net_sink comp="105" pin=0"/></net>

<net id="111"><net_src comp="34" pin="0"/><net_sink comp="105" pin=2"/></net>

<net id="117"><net_src comp="32" pin="0"/><net_sink comp="112" pin=0"/></net>

<net id="118"><net_src comp="34" pin="0"/><net_sink comp="112" pin=2"/></net>

<net id="124"><net_src comp="32" pin="0"/><net_sink comp="119" pin=0"/></net>

<net id="125"><net_src comp="34" pin="0"/><net_sink comp="119" pin=2"/></net>

<net id="141"><net_src comp="36" pin="0"/><net_sink comp="126" pin=0"/></net>

<net id="142"><net_src comp="0" pin="0"/><net_sink comp="126" pin=1"/></net>

<net id="143"><net_src comp="4" pin="0"/><net_sink comp="126" pin=3"/></net>

<net id="144"><net_src comp="8" pin="0"/><net_sink comp="126" pin=5"/></net>

<net id="145"><net_src comp="12" pin="0"/><net_sink comp="126" pin=7"/></net>

<net id="146"><net_src comp="16" pin="0"/><net_sink comp="126" pin=9"/></net>

<net id="147"><net_src comp="18" pin="0"/><net_sink comp="126" pin=10"/></net>

<net id="148"><net_src comp="20" pin="0"/><net_sink comp="126" pin=11"/></net>

<net id="149"><net_src comp="22" pin="0"/><net_sink comp="126" pin=12"/></net>

<net id="156"><net_src comp="26" pin="0"/><net_sink comp="150" pin=0"/></net>

<net id="157"><net_src comp="92" pin="2"/><net_sink comp="150" pin=1"/></net>

<net id="158"><net_src comp="28" pin="0"/><net_sink comp="150" pin=2"/></net>

<net id="159"><net_src comp="30" pin="0"/><net_sink comp="150" pin=3"/></net>

<net id="163"><net_src comp="150" pin="4"/><net_sink comp="160" pin=0"/></net>

<net id="168"><net_src comp="0" pin="0"/><net_sink comp="164" pin=0"/></net>

<net id="169"><net_src comp="160" pin="1"/><net_sink comp="164" pin=1"/></net>

<net id="170"><net_src comp="164" pin="2"/><net_sink comp="98" pin=1"/></net>

<net id="177"><net_src comp="26" pin="0"/><net_sink comp="171" pin=0"/></net>

<net id="178"><net_src comp="86" pin="2"/><net_sink comp="171" pin=1"/></net>

<net id="179"><net_src comp="28" pin="0"/><net_sink comp="171" pin=2"/></net>

<net id="180"><net_src comp="30" pin="0"/><net_sink comp="171" pin=3"/></net>

<net id="184"><net_src comp="171" pin="4"/><net_sink comp="181" pin=0"/></net>

<net id="189"><net_src comp="4" pin="0"/><net_sink comp="185" pin=0"/></net>

<net id="190"><net_src comp="181" pin="1"/><net_sink comp="185" pin=1"/></net>

<net id="191"><net_src comp="185" pin="2"/><net_sink comp="105" pin=1"/></net>

<net id="198"><net_src comp="26" pin="0"/><net_sink comp="192" pin=0"/></net>

<net id="199"><net_src comp="80" pin="2"/><net_sink comp="192" pin=1"/></net>

<net id="200"><net_src comp="28" pin="0"/><net_sink comp="192" pin=2"/></net>

<net id="201"><net_src comp="30" pin="0"/><net_sink comp="192" pin=3"/></net>

<net id="205"><net_src comp="192" pin="4"/><net_sink comp="202" pin=0"/></net>

<net id="210"><net_src comp="8" pin="0"/><net_sink comp="206" pin=0"/></net>

<net id="211"><net_src comp="202" pin="1"/><net_sink comp="206" pin=1"/></net>

<net id="212"><net_src comp="206" pin="2"/><net_sink comp="112" pin=1"/></net>

<net id="219"><net_src comp="26" pin="0"/><net_sink comp="213" pin=0"/></net>

<net id="220"><net_src comp="74" pin="2"/><net_sink comp="213" pin=1"/></net>

<net id="221"><net_src comp="28" pin="0"/><net_sink comp="213" pin=2"/></net>

<net id="222"><net_src comp="30" pin="0"/><net_sink comp="213" pin=3"/></net>

<net id="226"><net_src comp="213" pin="4"/><net_sink comp="223" pin=0"/></net>

<net id="231"><net_src comp="12" pin="0"/><net_sink comp="227" pin=0"/></net>

<net id="232"><net_src comp="223" pin="1"/><net_sink comp="227" pin=1"/></net>

<net id="233"><net_src comp="227" pin="2"/><net_sink comp="119" pin=1"/></net>

<net id="237"><net_src comp="150" pin="4"/><net_sink comp="234" pin=0"/></net>

<net id="238"><net_src comp="234" pin="1"/><net_sink comp="126" pin=2"/></net>

<net id="242"><net_src comp="164" pin="2"/><net_sink comp="239" pin=0"/></net>

<net id="243"><net_src comp="239" pin="1"/><net_sink comp="98" pin=1"/></net>

<net id="247"><net_src comp="171" pin="4"/><net_sink comp="244" pin=0"/></net>

<net id="248"><net_src comp="244" pin="1"/><net_sink comp="126" pin=4"/></net>

<net id="252"><net_src comp="185" pin="2"/><net_sink comp="249" pin=0"/></net>

<net id="253"><net_src comp="249" pin="1"/><net_sink comp="105" pin=1"/></net>

<net id="257"><net_src comp="192" pin="4"/><net_sink comp="254" pin=0"/></net>

<net id="258"><net_src comp="254" pin="1"/><net_sink comp="126" pin=6"/></net>

<net id="262"><net_src comp="206" pin="2"/><net_sink comp="259" pin=0"/></net>

<net id="263"><net_src comp="259" pin="1"/><net_sink comp="112" pin=1"/></net>

<net id="267"><net_src comp="213" pin="4"/><net_sink comp="264" pin=0"/></net>

<net id="268"><net_src comp="264" pin="1"/><net_sink comp="126" pin=8"/></net>

<net id="272"><net_src comp="227" pin="2"/><net_sink comp="269" pin=0"/></net>

<net id="273"><net_src comp="269" pin="1"/><net_sink comp="119" pin=1"/></net>

</net_list>

</model> 
---------------- Datapath Model END ------------------

* FSMD analyzer results:
  - Output states:
	Port: residual_buffer0 | {72 73 }
	Port: residual_buffer1 | {72 73 }
	Port: residual_buffer2 | {72 73 }
	Port: residual_buffer3 | {72 73 }
 - Input state : 
	Port: int4_load_residual_4ddr : gmem0 | {1 2 3 4 5 6 7 8 9 10 11 12 13 14 15 16 17 18 19 20 21 22 23 24 25 26 27 28 29 30 31 32 33 34 35 36 37 38 39 40 41 42 43 44 45 46 47 48 49 50 51 52 53 54 55 56 57 58 59 60 61 62 63 64 65 66 67 68 69 70 71 72 73 }
	Port: int4_load_residual_4ddr : residual_pe0 | {1 }
	Port: int4_load_residual_4ddr : gmem1 | {1 2 3 4 5 6 7 8 9 10 11 12 13 14 15 16 17 18 19 20 21 22 23 24 25 26 27 28 29 30 31 32 33 34 35 36 37 38 39 40 41 42 43 44 45 46 47 48 49 50 51 52 53 54 55 56 57 58 59 60 61 62 63 64 65 66 67 68 69 70 71 72 73 }
	Port: int4_load_residual_4ddr : residual_pe1 | {1 }
	Port: int4_load_residual_4ddr : gmem2 | {1 2 3 4 5 6 7 8 9 10 11 12 13 14 15 16 17 18 19 20 21 22 23 24 25 26 27 28 29 30 31 32 33 34 35 36 37 38 39 40 41 42 43 44 45 46 47 48 49 50 51 52 53 54 55 56 57 58 59 60 61 62 63 64 65 66 67 68 69 70 71 72 73 }
	Port: int4_load_residual_4ddr : residual_pe2 | {1 }
	Port: int4_load_residual_4ddr : gmem3 | {1 2 3 4 5 6 7 8 9 10 11 12 13 14 15 16 17 18 19 20 21 22 23 24 25 26 27 28 29 30 31 32 33 34 35 36 37 38 39 40 41 42 43 44 45 46 47 48 49 50 51 52 53 54 55 56 57 58 59 60 61 62 63 64 65 66 67 68 69 70 71 72 73 }
	Port: int4_load_residual_4ddr : residual_pe3 | {1 }
  - Chain level:
	State 1
		sext_ln470 : 1
		gmem0_addr : 2
		empty : 3
		sext_ln470_1 : 1
		gmem1_addr : 2
		empty_940 : 3
		sext_ln470_2 : 1
		gmem2_addr : 2
		empty_941 : 3
		sext_ln470_3 : 1
		gmem3_addr : 2
		empty_942 : 3
	State 2
	State 3
	State 4
	State 5
	State 6
	State 7
	State 8
	State 9
	State 10
	State 11
	State 12
	State 13
	State 14
	State 15
	State 16
	State 17
	State 18
	State 19
	State 20
	State 21
	State 22
	State 23
	State 24
	State 25
	State 26
	State 27
	State 28
	State 29
	State 30
	State 31
	State 32
	State 33
	State 34
	State 35
	State 36
	State 37
	State 38
	State 39
	State 40
	State 41
	State 42
	State 43
	State 44
	State 45
	State 46
	State 47
	State 48
	State 49
	State 50
	State 51
	State 52
	State 53
	State 54
	State 55
	State 56
	State 57
	State 58
	State 59
	State 60
	State 61
	State 62
	State 63
	State 64
	State 65
	State 66
	State 67
	State 68
	State 69
	State 70
	State 71
	State 72
	State 73


============================================================
+ Verbose Summary: Datapath Resource usage 
============================================================

* Functional unit list:
|----------|---------------------------------------------------------------------|---------|---------|
| Operation|                           Functional Unit                           |    FF   |   LUT   |
|----------|---------------------------------------------------------------------|---------|---------|
|   call   | grp_int4_load_residual_4ddr_Pipeline_load_residual_word_loop_fu_126 |   2319  |    28   |
|----------|---------------------------------------------------------------------|---------|---------|
|          |                     residual_pe3_read_read_fu_74                    |    0    |    0    |
|   read   |                     residual_pe2_read_read_fu_80                    |    0    |    0    |
|          |                     residual_pe1_read_read_fu_86                    |    0    |    0    |
|          |                     residual_pe0_read_read_fu_92                    |    0    |    0    |
|----------|---------------------------------------------------------------------|---------|---------|
|          |                          grp_readreq_fu_98                          |    0    |    0    |
|  readreq |                          grp_readreq_fu_105                         |    0    |    0    |
|          |                          grp_readreq_fu_112                         |    0    |    0    |
|          |                          grp_readreq_fu_119                         |    0    |    0    |
|----------|---------------------------------------------------------------------|---------|---------|
|          |                           trunc_ln_fu_150                           |    0    |    0    |
|partselect|                         trunc_ln470_1_fu_171                        |    0    |    0    |
|          |                         trunc_ln470_2_fu_192                        |    0    |    0    |
|          |                         trunc_ln470_3_fu_213                        |    0    |    0    |
|----------|---------------------------------------------------------------------|---------|---------|
|          |                          sext_ln470_fu_160                          |    0    |    0    |
|   sext   |                         sext_ln470_1_fu_181                         |    0    |    0    |
|          |                         sext_ln470_2_fu_202                         |    0    |    0    |
|          |                         sext_ln470_3_fu_223                         |    0    |    0    |
|----------|---------------------------------------------------------------------|---------|---------|
|   Total  |                                                                     |   2319  |    28   |
|----------|---------------------------------------------------------------------|---------|---------|

Memories:
N/A

* Register list:
+---------------------+--------+
|                     |   FF   |
+---------------------+--------+
|  gmem0_addr_reg_239 |   512  |
|  gmem1_addr_reg_249 |   512  |
|  gmem2_addr_reg_259 |   512  |
|  gmem3_addr_reg_269 |   512  |
|trunc_ln470_1_reg_244|   58   |
|trunc_ln470_2_reg_254|   58   |
|trunc_ln470_3_reg_264|   58   |
|   trunc_ln_reg_234  |   58   |
+---------------------+--------+
|        Total        |  2280  |
+---------------------+--------+

* Multiplexer (MUX) list: 
|--------------------|------|------|------|--------||---------||---------|
|        Comp        |  Pin | Size |  BW  | S x BW ||  Delay  ||   LUT   |
|--------------------|------|------|------|--------||---------||---------|
|  grp_readreq_fu_98 |  p1  |   2  |  512 |  1024  ||    9    |
| grp_readreq_fu_105 |  p1  |   2  |  512 |  1024  ||    9    |
| grp_readreq_fu_112 |  p1  |   2  |  512 |  1024  ||    9    |
| grp_readreq_fu_119 |  p1  |   2  |  512 |  1024  ||    9    |
|--------------------|------|------|------|--------||---------||---------|
|        Total       |      |      |      |  4096  ||  1.548  ||    36   |
|--------------------|------|------|------|--------||---------||---------|



* Summary:
+-----------+--------+--------+--------+
|           |  Delay |   FF   |   LUT  |
+-----------+--------+--------+--------+
|  Function |    -   |  2319  |   28   |
|   Memory  |    -   |    -   |    -   |
|Multiplexer|    1   |    -   |   36   |
|  Register |    -   |  2280  |    -   |
+-----------+--------+--------+--------+
|   Total   |    1   |  4599  |   64   |
+-----------+--------+--------+--------+
