In file included from source/int4_decoder_blocks.cpp:4:
In file included from C:/Xilinx/Vitis_HLS/2023.2/common/technology/autopilot\hls_math.h:1040:
In file included from C:/Xilinx/Vitis_HLS/2023.2/common/technology/autopilot/etc/hls_hotbm_apfixed.h:19:
C:/Xilinx/Vitis_HLS/2023.2/common/technology/autopilot\utils/x_hls_utils.h:224:9: warning: HLS pragma dump _XLX_SEP_ PragmaIsValid=1_XLX_SEP_ PragmaType=pipeline_XLX_SEP_ PragmaContext=_XLX_SEP_ PragmaFunction=reg_XLX_SEP_ PragmaOptions=II=1_XLX_SEP_ [-Wdump-hls-pragmas]
#pragma HLS PIPELINE II=1
        ^
C:/Xilinx/Vitis_HLS/2023.2/common/technology/autopilot\utils/x_hls_utils.h:225:9: warning: HLS pragma dump _XLX_SEP_ PragmaIsValid=1_XLX_SEP_ PragmaType=latency_XLX_SEP_ PragmaContext=_XLX_SEP_ PragmaFunction=reg_XLX_SEP_ PragmaOptions=min=1 max=1_XLX_SEP_ [-Wdump-hls-pragmas]
#pragma HLS LATENCY min=1 max=1
        ^
C:/Xilinx/Vitis_HLS/2023.2/common/technology/autopilot\utils/x_hls_utils.h:226:9: warning: HLS pragma dump _XLX_SEP_ PragmaIsValid=1_XLX_SEP_ PragmaType=inline_XLX_SEP_ PragmaContext=_XLX_SEP_ PragmaFunction=reg_XLX_SEP_ PragmaOptions=off_XLX_SEP_ [-Wdump-hls-pragmas]
#pragma HLS INLINE off
        ^
In file included from source/int4_decoder_blocks.cpp:4:
In file included from C:/Xilinx/Vitis_HLS/2023.2/common/technology/autopilot\hls_math.h:1040:
C:/Xilinx/Vitis_HLS/2023.2/common/technology/autopilot/etc/hls_hotbm_apfixed.h:90:9: warning: HLS pragma dump _XLX_SEP_ PragmaIsValid=1_XLX_SEP_ PragmaType=array_partition_XLX_SEP_ PragmaContext=_XLX_SEP_ PragmaFunction=sin_or_cos_approximation_XLX_SEP_ PragmaOptions=variable=swap_table complete_XLX_SEP_ [-Wdump-hls-pragmas]
#pragma HLS array_partition variable=swap_table complete
        ^
C:/Xilinx/Vitis_HLS/2023.2/common/technology/autopilot/etc/hls_hotbm_apfixed.h:91:9: warning: HLS pragma dump _XLX_SEP_ PragmaIsValid=1_XLX_SEP_ PragmaType=bind_storage_XLX_SEP_ PragmaContext=_XLX_SEP_ PragmaFunction=sin_or_cos_approximation_XLX_SEP_ PragmaOptions=variable=fourth_order_double::sin_cos_K0 type=ROM_1P impl=LUTRAM_XLX_SEP_ [-Wdump-hls-pragmas]
#pragma HLS BIND_STORAGE variable=fourth_order_double::sin_cos_K0 type=ROM_1P impl=LUTRAM
        ^
C:/Xilinx/Vitis_HLS/2023.2/common/technology/autopilot/etc/hls_hotbm_apfixed.h:92:9: warning: HLS pragma dump _XLX_SEP_ PragmaIsValid=1_XLX_SEP_ PragmaType=bind_storage_XLX_SEP_ PragmaContext=_XLX_SEP_ PragmaFunction=sin_or_cos_approximation_XLX_SEP_ PragmaOptions=variable=fourth_order_double::sin_cos_K1 type=ROM_1P impl=LUTRAM_XLX_SEP_ [-Wdump-hls-pragmas]
#pragma HLS BIND_STORAGE variable=fourth_order_double::sin_cos_K1 type=ROM_1P impl=LUTRAM
        ^
C:/Xilinx/Vitis_HLS/2023.2/common/technology/autopilot/etc/hls_hotbm_apfixed.h:93:9: warning: HLS pragma dump _XLX_SEP_ PragmaIsValid=1_XLX_SEP_ PragmaType=bind_storage_XLX_SEP_ PragmaContext=_XLX_SEP_ PragmaFunction=sin_or_cos_approximation_XLX_SEP_ PragmaOptions=variable=fourth_order_double::sin_cos_K2 type=ROM_1P impl=LUTRAM_XLX_SEP_ [-Wdump-hls-pragmas]
#pragma HLS BIND_STORAGE variable=fourth_order_double::sin_cos_K2 type=ROM_1P impl=LUTRAM
        ^
C:/Xilinx/Vitis_HLS/2023.2/common/technology/autopilot/etc/hls_hotbm_apfixed.h:94:9: warning: HLS pragma dump _XLX_SEP_ PragmaIsValid=1_XLX_SEP_ PragmaType=bind_storage_XLX_SEP_ PragmaContext=_XLX_SEP_ PragmaFunction=sin_or_cos_approximation_XLX_SEP_ PragmaOptions=variable=fourth_order_double::sin_cos_K3 type=ROM_1P impl=LUTRAM_XLX_SEP_ [-Wdump-hls-pragmas]
#pragma HLS BIND_STORAGE variable=fourth_order_double::sin_cos_K3 type=ROM_1P impl=LUTRAM
        ^
C:/Xilinx/Vitis_HLS/2023.2/common/technology/autopilot/etc/hls_hotbm_apfixed.h:95:9: warning: HLS pragma dump _XLX_SEP_ PragmaIsValid=1_XLX_SEP_ PragmaType=bind_storage_XLX_SEP_ PragmaContext=_XLX_SEP_ PragmaFunction=sin_or_cos_approximation_XLX_SEP_ PragmaOptions=variable=fourth_order_double::sin_cos_K4 type=ROM_1P impl=LUTRAM_XLX_SEP_ [-Wdump-hls-pragmas]
#pragma HLS BIND_STORAGE variable=fourth_order_double::sin_cos_K4 type=ROM_1P impl=LUTRAM
        ^
C:/Xilinx/Vitis_HLS/2023.2/common/technology/autopilot/etc/hls_hotbm_apfixed.h:125:9: warning: HLS pragma dump _XLX_SEP_ PragmaIsValid=1_XLX_SEP_ PragmaType=bind_storage_XLX_SEP_ PragmaContext=_XLX_SEP_ PragmaFunction=sincos_approximation_XLX_SEP_ PragmaOptions=variable=fourth_order_double::cos_K0 type=ROM_1P impl=LUTRAM_XLX_SEP_ [-Wdump-hls-pragmas]
#pragma HLS BIND_STORAGE variable=fourth_order_double::cos_K0 type=ROM_1P impl=LUTRAM
        ^
C:/Xilinx/Vitis_HLS/2023.2/common/technology/autopilot/etc/hls_hotbm_apfixed.h:126:9: warning: HLS pragma dump _XLX_SEP_ PragmaIsValid=1_XLX_SEP_ PragmaType=bind_storage_XLX_SEP_ PragmaContext=_XLX_SEP_ PragmaFunction=sincos_approximation_XLX_SEP_ PragmaOptions=variable=fourth_order_double::cos_K1 type=ROM_1P impl=LUTRAM_XLX_SEP_ [-Wdump-hls-pragmas]
#pragma HLS BIND_STORAGE variable=fourth_order_double::cos_K1 type=ROM_1P impl=LUTRAM
        ^
C:/Xilinx/Vitis_HLS/2023.2/common/technology/autopilot/etc/hls_hotbm_apfixed.h:127:9: warning: HLS pragma dump _XLX_SEP_ PragmaIsValid=1_XLX_SEP_ PragmaType=bind_storage_XLX_SEP_ PragmaContext=_XLX_SEP_ PragmaFunction=sincos_approximation_XLX_SEP_ PragmaOptions=variable=fourth_order_double::cos_K2 type=ROM_1P impl=LUTRAM_XLX_SEP_ [-Wdump-hls-pragmas]
#pragma HLS BIND_STORAGE variable=fourth_order_double::cos_K2 type=ROM_1P impl=LUTRAM
        ^
C:/Xilinx/Vitis_HLS/2023.2/common/technology/autopilot/etc/hls_hotbm_apfixed.h:128:9: warning: HLS pragma dump _XLX_SEP_ PragmaIsValid=1_XLX_SEP_ PragmaType=bind_storage_XLX_SEP_ PragmaContext=_XLX_SEP_ PragmaFunction=sincos_approximation_XLX_SEP_ PragmaOptions=variable=fourth_order_double::cos_K3 type=ROM_1P impl=LUTRAM_XLX_SEP_ [-Wdump-hls-pragmas]
#pragma HLS BIND_STORAGE variable=fourth_order_double::cos_K3 type=ROM_1P impl=LUTRAM
        ^
C:/Xilinx/Vitis_HLS/2023.2/common/technology/autopilot/etc/hls_hotbm_apfixed.h:129:9: warning: HLS pragma dump _XLX_SEP_ PragmaIsValid=1_XLX_SEP_ PragmaType=bind_storage_XLX_SEP_ PragmaContext=_XLX_SEP_ PragmaFunction=sincos_approximation_XLX_SEP_ PragmaOptions=variable=fourth_order_double::cos_K4 type=ROM_1P impl=LUTRAM_XLX_SEP_ [-Wdump-hls-pragmas]
#pragma HLS BIND_STORAGE variable=fourth_order_double::cos_K4 type=ROM_1P impl=LUTRAM
        ^
C:/Xilinx/Vitis_HLS/2023.2/common/technology/autopilot/etc/hls_hotbm_apfixed.h:130:9: warning: HLS pragma dump _XLX_SEP_ PragmaIsValid=1_XLX_SEP_ PragmaType=bind_storage_XLX_SEP_ PragmaContext=_XLX_SEP_ PragmaFunction=sincos_approximation_XLX_SEP_ PragmaOptions=variable=fourth_order_double::sin_K0 type=ROM_1P impl=LUTRAM_XLX_SEP_ [-Wdump-hls-pragmas]
#pragma HLS BIND_STORAGE variable=fourth_order_double::sin_K0 type=ROM_1P impl=LUTRAM
        ^
C:/Xilinx/Vitis_HLS/2023.2/common/technology/autopilot/etc/hls_hotbm_apfixed.h:131:9: warning: HLS pragma dump _XLX_SEP_ PragmaIsValid=1_XLX_SEP_ PragmaType=bind_storage_XLX_SEP_ PragmaContext=_XLX_SEP_ PragmaFunction=sincos_approximation_XLX_SEP_ PragmaOptions=variable=fourth_order_double::sin_K1 type=ROM_1P impl=LUTRAM_XLX_SEP_ [-Wdump-hls-pragmas]
#pragma HLS BIND_STORAGE variable=fourth_order_double::sin_K1 type=ROM_1P impl=LUTRAM
        ^
C:/Xilinx/Vitis_HLS/2023.2/common/technology/autopilot/etc/hls_hotbm_apfixed.h:132:9: warning: HLS pragma dump _XLX_SEP_ PragmaIsValid=1_XLX_SEP_ PragmaType=bind_storage_XLX_SEP_ PragmaContext=_XLX_SEP_ PragmaFunction=sincos_approximation_XLX_SEP_ PragmaOptions=variable=fourth_order_double::sin_K2 type=ROM_1P impl=LUTRAM_XLX_SEP_ [-Wdump-hls-pragmas]
#pragma HLS BIND_STORAGE variable=fourth_order_double::sin_K2 type=ROM_1P impl=LUTRAM
        ^
C:/Xilinx/Vitis_HLS/2023.2/common/technology/autopilot/etc/hls_hotbm_apfixed.h:133:9: warning: HLS pragma dump _XLX_SEP_ PragmaIsValid=1_XLX_SEP_ PragmaType=bind_storage_XLX_SEP_ PragmaContext=_XLX_SEP_ PragmaFunction=sincos_approximation_XLX_SEP_ PragmaOptions=variable=fourth_order_double::sin_K3 type=ROM_1P impl=LUTRAM_XLX_SEP_ [-Wdump-hls-pragmas]
#pragma HLS BIND_STORAGE variable=fourth_order_double::sin_K3 type=ROM_1P impl=LUTRAM
        ^
C:/Xilinx/Vitis_HLS/2023.2/common/technology/autopilot/etc/hls_hotbm_apfixed.h:134:9: warning: HLS pragma dump _XLX_SEP_ PragmaIsValid=1_XLX_SEP_ PragmaType=bind_storage_XLX_SEP_ PragmaContext=_XLX_SEP_ PragmaFunction=sincos_approximation_XLX_SEP_ PragmaOptions=variable=fourth_order_double::sin_K4 type=ROM_1P impl=LUTRAM_XLX_SEP_ [-Wdump-hls-pragmas]
#pragma HLS BIND_STORAGE variable=fourth_order_double::sin_K4 type=ROM_1P impl=LUTRAM
        ^
C:/Xilinx/Vitis_HLS/2023.2/common/technology/autopilot/etc/hls_hotbm_apfixed.h:183:9: warning: HLS pragma dump _XLX_SEP_ PragmaIsValid=1_XLX_SEP_ PragmaType=array_partition_XLX_SEP_ PragmaContext=_XLX_SEP_ PragmaFunction=sin_or_cos_approximation_XLX_SEP_ PragmaOptions=variable=swap_table complete_XLX_SEP_ [-Wdump-hls-pragmas]
#pragma HLS array_partition variable=swap_table complete
        ^
C:/Xilinx/Vitis_HLS/2023.2/common/technology/autopilot/etc/hls_hotbm_apfixed.h:184:9: warning: HLS pragma dump _XLX_SEP_ PragmaIsValid=1_XLX_SEP_ PragmaType=bind_storage_XLX_SEP_ PragmaContext=_XLX_SEP_ PragmaFunction=sin_or_cos_approximation_XLX_SEP_ PragmaOptions=variable=second_order_float::sin_cos_K0 type=ROM_1P impl=LUTRAM_XLX_SEP_ [-Wdump-hls-pragmas]
#pragma HLS BIND_STORAGE variable=second_order_float::sin_cos_K0 type=ROM_1P impl=LUTRAM
        ^
C:/Xilinx/Vitis_HLS/2023.2/common/technology/autopilot/etc/hls_hotbm_apfixed.h:185:9: warning: HLS pragma dump _XLX_SEP_ PragmaIsValid=1_XLX_SEP_ PragmaType=bind_storage_XLX_SEP_ PragmaContext=_XLX_SEP_ PragmaFunction=sin_or_cos_approximation_XLX_SEP_ PragmaOptions=variable=second_order_float::sin_cos_K1 type=ROM_1P impl=LUTRAM_XLX_SEP_ [-Wdump-hls-pragmas]
#pragma HLS BIND_STORAGE variable=second_order_float::sin_cos_K1 type=ROM_1P impl=LUTRAM
        ^
C:/Xilinx/Vitis_HLS/2023.2/common/technology/autopilot/etc/hls_hotbm_apfixed.h:186:9: warning: HLS pragma dump _XLX_SEP_ PragmaIsValid=1_XLX_SEP_ PragmaType=bind_storage_XLX_SEP_ PragmaContext=_XLX_SEP_ PragmaFunction=sin_or_cos_approximation_XLX_SEP_ PragmaOptions=variable=second_order_float::sin_cos_K2 type=ROM_1P impl=LUTRAM_XLX_SEP_ [-Wdump-hls-pragmas]
#pragma HLS BIND_STORAGE variable=second_order_float::sin_cos_K2 type=ROM_1P impl=LUTRAM
        ^
C:/Xilinx/Vitis_HLS/2023.2/common/technology/autopilot/etc/hls_hotbm_apfixed.h:213:9: warning: HLS pragma dump _XLX_SEP_ PragmaIsValid=1_XLX_SEP_ PragmaType=bind_storage_XLX_SEP_ PragmaContext=_XLX_SEP_ PragmaFunction=sincos_approximation_XLX_SEP_ PragmaOptions=variable=second_order_float::cos_K0 type=ROM_1P impl=LUTRAM_XLX_SEP_ [-Wdump-hls-pragmas]
#pragma HLS BIND_STORAGE variable=second_order_float::cos_K0 type=ROM_1P impl=LUTRAM
        ^
C:/Xilinx/Vitis_HLS/2023.2/common/technology/autopilot/etc/hls_hotbm_apfixed.h:214:9: warning: HLS pragma dump _XLX_SEP_ PragmaIsValid=1_XLX_SEP_ PragmaType=bind_storage_XLX_SEP_ PragmaContext=_XLX_SEP_ PragmaFunction=sincos_approximation_XLX_SEP_ PragmaOptions=variable=second_order_float::cos_K1 type=ROM_1P impl=LUTRAM_XLX_SEP_ [-Wdump-hls-pragmas]
#pragma HLS BIND_STORAGE variable=second_order_float::cos_K1 type=ROM_1P impl=LUTRAM
        ^
C:/Xilinx/Vitis_HLS/2023.2/common/technology/autopilot/etc/hls_hotbm_apfixed.h:215:9: warning: HLS pragma dump _XLX_SEP_ PragmaIsValid=1_XLX_SEP_ PragmaType=bind_storage_XLX_SEP_ PragmaContext=_XLX_SEP_ PragmaFunction=sincos_approximation_XLX_SEP_ PragmaOptions=variable=second_order_float::cos_K2 type=ROM_1P impl=LUTRAM_XLX_SEP_ [-Wdump-hls-pragmas]
#pragma HLS BIND_STORAGE variable=second_order_float::cos_K2 type=ROM_1P impl=LUTRAM
        ^
C:/Xilinx/Vitis_HLS/2023.2/common/technology/autopilot/etc/hls_hotbm_apfixed.h:216:9: warning: HLS pragma dump _XLX_SEP_ PragmaIsValid=1_XLX_SEP_ PragmaType=bind_storage_XLX_SEP_ PragmaContext=_XLX_SEP_ PragmaFunction=sincos_approximation_XLX_SEP_ PragmaOptions=variable=second_order_float::sin_K0 type=ROM_1P impl=LUTRAM_XLX_SEP_ [-Wdump-hls-pragmas]
#pragma HLS BIND_STORAGE variable=second_order_float::sin_K0 type=ROM_1P impl=LUTRAM
        ^
C:/Xilinx/Vitis_HLS/2023.2/common/technology/autopilot/etc/hls_hotbm_apfixed.h:217:9: warning: HLS pragma dump _XLX_SEP_ PragmaIsValid=1_XLX_SEP_ PragmaType=bind_storage_XLX_SEP_ PragmaContext=_XLX_SEP_ PragmaFunction=sincos_approximation_XLX_SEP_ PragmaOptions=variable=second_order_float::sin_K1 type=ROM_1P impl=LUTRAM_XLX_SEP_ [-Wdump-hls-pragmas]
#pragma HLS BIND_STORAGE variable=second_order_float::sin_K1 type=ROM_1P impl=LUTRAM
        ^
C:/Xilinx/Vitis_HLS/2023.2/common/technology/autopilot/etc/hls_hotbm_apfixed.h:218:9: warning: HLS pragma dump _XLX_SEP_ PragmaIsValid=1_XLX_SEP_ PragmaType=bind_storage_XLX_SEP_ PragmaContext=_XLX_SEP_ PragmaFunction=sincos_approximation_XLX_SEP_ PragmaOptions=variable=second_order_float::sin_K2 type=ROM_1P impl=LUTRAM_XLX_SEP_ [-Wdump-hls-pragmas]
#pragma HLS BIND_STORAGE variable=second_order_float::sin_K2 type=ROM_1P impl=LUTRAM
        ^
C:/Xilinx/Vitis_HLS/2023.2/common/technology/autopilot/etc/hls_hotbm_apfixed.h:254:9: warning: HLS pragma dump _XLX_SEP_ PragmaIsValid=1_XLX_SEP_ PragmaType=bind_storage_XLX_SEP_ PragmaContext=_XLX_SEP_ PragmaFunction=sin_or_cos_approximation_XLX_SEP_ PragmaOptions=variable=first_order_fixed_16::sin_cos_K0 type=ROM_1P impl=LUTRAM_XLX_SEP_ [-Wdump-hls-pragmas]
#pragma HLS BIND_STORAGE variable=first_order_fixed_16::sin_cos_K0 type=ROM_1P impl=LUTRAM
        ^
C:/Xilinx/Vitis_HLS/2023.2/common/technology/autopilot/etc/hls_hotbm_apfixed.h:255:9: warning: HLS pragma dump _XLX_SEP_ PragmaIsValid=1_XLX_SEP_ PragmaType=bind_storage_XLX_SEP_ PragmaContext=_XLX_SEP_ PragmaFunction=sin_or_cos_approximation_XLX_SEP_ PragmaOptions=variable=first_order_fixed_16::sin_cos_K1 type=ROM_1P impl=LUTRAM_XLX_SEP_ [-Wdump-hls-pragmas]
#pragma HLS BIND_STORAGE variable=first_order_fixed_16::sin_cos_K1 type=ROM_1P impl=LUTRAM
        ^
C:/Xilinx/Vitis_HLS/2023.2/common/technology/autopilot/etc/hls_hotbm_apfixed.h:284:9: warning: HLS pragma dump _XLX_SEP_ PragmaIsValid=1_XLX_SEP_ PragmaType=array_partition_XLX_SEP_ PragmaContext=_XLX_SEP_ PragmaFunction=sinf_or_cosf_XLX_SEP_ PragmaOptions=variable=swap_table complete_XLX_SEP_ [-Wdump-hls-pragmas]
#pragma HLS array_partition variable=swap_table complete
        ^
C:/Xilinx/Vitis_HLS/2023.2/common/technology/autopilot/etc/hls_hotbm_apfixed.h:285:9: warning: HLS pragma dump _XLX_SEP_ PragmaIsValid=1_XLX_SEP_ PragmaType=array_partition_XLX_SEP_ PragmaContext=_XLX_SEP_ PragmaFunction=sinf_or_cosf_XLX_SEP_ PragmaOptions=variable=neg_sin_table complete_XLX_SEP_ [-Wdump-hls-pragmas]
#pragma HLS array_partition variable=neg_sin_table complete
        ^
C:/Xilinx/Vitis_HLS/2023.2/common/technology/autopilot/etc/hls_hotbm_apfixed.h:286:9: warning: HLS pragma dump _XLX_SEP_ PragmaIsValid=1_XLX_SEP_ PragmaType=array_partition_XLX_SEP_ PragmaContext=_XLX_SEP_ PragmaFunction=sinf_or_cosf_XLX_SEP_ PragmaOptions=variable=neg_cos_table complete_XLX_SEP_ [-Wdump-hls-pragmas]
#pragma HLS array_partition variable=neg_cos_table complete
        ^
C:/Xilinx/Vitis_HLS/2023.2/common/technology/autopilot/etc/hls_hotbm_apfixed.h:356:9: warning: HLS pragma dump _XLX_SEP_ PragmaIsValid=1_XLX_SEP_ PragmaType=array_partition_XLX_SEP_ PragmaContext=_XLX_SEP_ PragmaFunction=sinf_or_cosf_XLX_SEP_ PragmaOptions=variable=swap_table complete_XLX_SEP_ [-Wdump-hls-pragmas]
#pragma HLS array_partition variable=swap_table complete
        ^
C:/Xilinx/Vitis_HLS/2023.2/common/technology/autopilot/etc/hls_hotbm_apfixed.h:357:9: warning: HLS pragma dump _XLX_SEP_ PragmaIsValid=1_XLX_SEP_ PragmaType=array_partition_XLX_SEP_ PragmaContext=_XLX_SEP_ PragmaFunction=sinf_or_cosf_XLX_SEP_ PragmaOptions=variable=neg_sin_table complete_XLX_SEP_ [-Wdump-hls-pragmas]
#pragma HLS array_partition variable=neg_sin_table complete
        ^
C:/Xilinx/Vitis_HLS/2023.2/common/technology/autopilot/etc/hls_hotbm_apfixed.h:358:9: warning: HLS pragma dump _XLX_SEP_ PragmaIsValid=1_XLX_SEP_ PragmaType=array_partition_XLX_SEP_ PragmaContext=_XLX_SEP_ PragmaFunction=sinf_or_cosf_XLX_SEP_ PragmaOptions=variable=neg_cos_table complete_XLX_SEP_ [-Wdump-hls-pragmas]
#pragma HLS array_partition variable=neg_cos_table complete
        ^
C:/Xilinx/Vitis_HLS/2023.2/common/technology/autopilot/etc/hls_hotbm_apfixed.h:427:9: warning: HLS pragma dump _XLX_SEP_ PragmaIsValid=1_XLX_SEP_ PragmaType=array_partition_XLX_SEP_ PragmaContext=_XLX_SEP_ PragmaFunction=sinf_or_cosf_XLX_SEP_ PragmaOptions=variable=neg_sin_table complete_XLX_SEP_ [-Wdump-hls-pragmas]
#pragma HLS array_partition variable=neg_sin_table complete
        ^
C:/Xilinx/Vitis_HLS/2023.2/common/technology/autopilot/etc/hls_hotbm_apfixed.h:428:9: warning: HLS pragma dump _XLX_SEP_ PragmaIsValid=1_XLX_SEP_ PragmaType=array_partition_XLX_SEP_ PragmaContext=_XLX_SEP_ PragmaFunction=sinf_or_cosf_XLX_SEP_ PragmaOptions=variable=neg_cos_table complete_XLX_SEP_ [-Wdump-hls-pragmas]
#pragma HLS array_partition variable=neg_cos_table complete
        ^
In file included from source/int4_decoder_blocks.cpp:4:
In file included from C:/Xilinx/Vitis_HLS/2023.2/common/technology/autopilot\hls_math.h:1040:
C:/Xilinx/Vitis_HLS/2023.2/common/technology/autopilot/etc/hls_cordic_apfixed.h:62:9: warning: HLS pragma dump _XLX_SEP_ PragmaIsValid=1_XLX_SEP_ PragmaType=pipeline_XLX_SEP_ PragmaContext=_XLX_SEP_ PragmaFunction=cordic_circ_apfixed_XLX_SEP_ PragmaOptions=_XLX_SEP_ [-Wdump-hls-pragmas]
#pragma HLS pipeline
        ^
C:/Xilinx/Vitis_HLS/2023.2/common/technology/autopilot/etc/hls_cordic_apfixed.h:120:9: warning: HLS pragma dump _XLX_SEP_ PragmaIsValid=1_XLX_SEP_ PragmaType=pipeline_XLX_SEP_ PragmaContext=_XLX_SEP_ PragmaFunction=doublecordic_apfixed_XLX_SEP_ PragmaOptions=II=5_XLX_SEP_ [-Wdump-hls-pragmas]
#pragma HLS pipeline II=5
        ^
C:/Xilinx/Vitis_HLS/2023.2/common/technology/autopilot/etc/hls_cordic_apfixed.h:123:9: warning: HLS pragma dump _XLX_SEP_ PragmaIsValid=1_XLX_SEP_ PragmaType=pipeline_XLX_SEP_ PragmaContext=_XLX_SEP_ PragmaFunction=doublecordic_apfixed_XLX_SEP_ PragmaOptions=II=3_XLX_SEP_ [-Wdump-hls-pragmas]
#pragma HLS pipeline II=3
        ^
C:/Xilinx/Vitis_HLS/2023.2/common/technology/autopilot/etc/hls_cordic_apfixed.h:126:9: warning: HLS pragma dump _XLX_SEP_ PragmaIsValid=1_XLX_SEP_ PragmaType=pipeline_XLX_SEP_ PragmaContext=_XLX_SEP_ PragmaFunction=doublecordic_apfixed_XLX_SEP_ PragmaOptions=II=1_XLX_SEP_ [-Wdump-hls-pragmas]
#pragma HLS pipeline II=1
        ^
C:/Xilinx/Vitis_HLS/2023.2/common/technology/autopilot/etc/hls_cordic_apfixed.h:129:9: warning: HLS pragma dump _XLX_SEP_ PragmaIsValid=1_XLX_SEP_ PragmaType=pipeline_XLX_SEP_ PragmaContext=_XLX_SEP_ PragmaFunction=doublecordic_apfixed_XLX_SEP_ PragmaOptions=II=4_XLX_SEP_ [-Wdump-hls-pragmas]
#pragma HLS pipeline II=4
        ^
C:/Xilinx/Vitis_HLS/2023.2/common/technology/autopilot/etc/hls_cordic_apfixed.h:290:9: warning: HLS pragma dump _XLX_SEP_ PragmaIsValid=1_XLX_SEP_ PragmaType=unroll_XLX_SEP_ PragmaContext=_XLX_SEP_ PragmaFunction=generic_tan_XLX_SEP_ PragmaOptions=_XLX_SEP_ [-Wdump-hls-pragmas]
#pragma HLS UNROLL
        ^
C:/Xilinx/Vitis_HLS/2023.2/common/technology/autopilot/etc/hls_cordic_apfixed.h:450:9: warning: HLS pragma dump _XLX_SEP_ PragmaIsValid=1_XLX_SEP_ PragmaType=unroll_XLX_SEP_ PragmaContext=_XLX_SEP_ PragmaFunction=generic_tanpi_XLX_SEP_ PragmaOptions=_XLX_SEP_ [-Wdump-hls-pragmas]
#pragma HLS UNROLL
        ^
C:/Xilinx/Vitis_HLS/2023.2/common/technology/autopilot/etc/hls_cordic_apfixed.h:630:9: warning: HLS pragma dump _XLX_SEP_ PragmaIsValid=1_XLX_SEP_ PragmaType=unroll_XLX_SEP_ PragmaContext=_XLX_SEP_ PragmaFunction=generic_atan2_XLX_SEP_ PragmaOptions=_XLX_SEP_ [-Wdump-hls-pragmas]
#pragma HLS UNROLL
        ^
C:/Xilinx/Vitis_HLS/2023.2/common/technology/autopilot/etc/hls_cordic_apfixed.h:634:9: warning: HLS pragma dump _XLX_SEP_ PragmaIsValid=1_XLX_SEP_ PragmaType=unroll_XLX_SEP_ PragmaContext=_XLX_SEP_ PragmaFunction=generic_atan2_XLX_SEP_ PragmaOptions=_XLX_SEP_ [-Wdump-hls-pragmas]
#pragma HLS UNROLL
        ^
C:/Xilinx/Vitis_HLS/2023.2/common/technology/autopilot/etc/hls_cordic_apfixed.h:841:9: warning: HLS pragma dump _XLX_SEP_ PragmaIsValid=1_XLX_SEP_ PragmaType=unroll_XLX_SEP_ PragmaContext=_XLX_SEP_ PragmaFunction=sinh_cosh_range_redux_cordic_XLX_SEP_ PragmaOptions=_XLX_SEP_ [-Wdump-hls-pragmas]
#pragma HLS UNROLL
        ^
C:/Xilinx/Vitis_HLS/2023.2/common/technology/autopilot/etc/hls_cordic_apfixed.h:860:9: warning: HLS pragma dump _XLX_SEP_ PragmaIsValid=1_XLX_SEP_ PragmaType=unroll_XLX_SEP_ PragmaContext=_XLX_SEP_ PragmaFunction=sinh_cosh_range_redux_cordic_XLX_SEP_ PragmaOptions=_XLX_SEP_ [-Wdump-hls-pragmas]
#pragma HLS UNROLL
        ^
In file included from source/int4_decoder_blocks.cpp:4:
In file included from C:/Xilinx/Vitis_HLS/2023.2/common/technology/autopilot\hls_math.h:1041:
C:/Xilinx/Vitis_HLS/2023.2/common/technology/autopilot/etc/hls_exp_apfixed.h:15:9: warning: HLS pragma dump _XLX_SEP_ PragmaIsValid=1_XLX_SEP_ PragmaType=pipeline_XLX_SEP_ PragmaContext=_XLX_SEP_ PragmaFunction=exp_XLX_SEP_ PragmaOptions=_XLX_SEP_ [-Wdump-hls-pragmas]
#pragma HLS pipeline
        ^
C:/Xilinx/Vitis_HLS/2023.2/common/technology/autopilot/etc/hls_exp_apfixed.h:69:9: warning: HLS pragma dump _XLX_SEP_ PragmaIsValid=1_XLX_SEP_ PragmaType=unroll_XLX_SEP_ PragmaContext=_XLX_SEP_ PragmaFunction=exp_XLX_SEP_ PragmaOptions=_XLX_SEP_ [-Wdump-hls-pragmas]
#pragma HLS unroll
        ^
C:/Xilinx/Vitis_HLS/2023.2/common/technology/autopilot/etc/hls_exp_apfixed.h:75:9: warning: HLS pragma dump _XLX_SEP_ PragmaIsValid=1_XLX_SEP_ PragmaType=unroll_XLX_SEP_ PragmaContext=_XLX_SEP_ PragmaFunction=exp_XLX_SEP_ PragmaOptions=_XLX_SEP_ [-Wdump-hls-pragmas]
#pragma HLS unroll
        ^
C:/Xilinx/Vitis_HLS/2023.2/common/technology/autopilot/etc/hls_exp_apfixed.h:79:9: warning: HLS pragma dump _XLX_SEP_ PragmaIsValid=1_XLX_SEP_ PragmaType=unroll_XLX_SEP_ PragmaContext=_XLX_SEP_ PragmaFunction=exp_XLX_SEP_ PragmaOptions=_XLX_SEP_ [-Wdump-hls-pragmas]
#pragma HLS unroll
        ^
C:/Xilinx/Vitis_HLS/2023.2/common/technology/autopilot/etc/hls_exp_apfixed.h:146:9: warning: HLS pragma dump _XLX_SEP_ PragmaIsValid=1_XLX_SEP_ PragmaType=unroll_XLX_SEP_ PragmaContext=_XLX_SEP_ PragmaFunction=exp_XLX_SEP_ PragmaOptions=_XLX_SEP_ [-Wdump-hls-pragmas]
#pragma HLS unroll
        ^
C:/Xilinx/Vitis_HLS/2023.2/common/technology/autopilot/etc/hls_exp_apfixed.h:152:9: warning: HLS pragma dump _XLX_SEP_ PragmaIsValid=1_XLX_SEP_ PragmaType=unroll_XLX_SEP_ PragmaContext=_XLX_SEP_ PragmaFunction=exp_XLX_SEP_ PragmaOptions=_XLX_SEP_ [-Wdump-hls-pragmas]
#pragma HLS unroll
        ^
C:/Xilinx/Vitis_HLS/2023.2/common/technology/autopilot/etc/hls_exp_apfixed.h:156:9: warning: HLS pragma dump _XLX_SEP_ PragmaIsValid=1_XLX_SEP_ PragmaType=unroll_XLX_SEP_ PragmaContext=_XLX_SEP_ PragmaFunction=exp_XLX_SEP_ PragmaOptions=_XLX_SEP_ [-Wdump-hls-pragmas]
#pragma HLS unroll
        ^
C:/Xilinx/Vitis_HLS/2023.2/common/technology/autopilot/etc/hls_exp_apfixed.h:171:9: warning: HLS pragma dump _XLX_SEP_ PragmaIsValid=1_XLX_SEP_ PragmaType=unroll_XLX_SEP_ PragmaContext=_XLX_SEP_ PragmaFunction=exp_XLX_SEP_ PragmaOptions=_XLX_SEP_ [-Wdump-hls-pragmas]
#pragma HLS unroll
        ^
C:/Xilinx/Vitis_HLS/2023.2/common/technology/autopilot/etc/hls_exp_apfixed.h:179:9: warning: HLS pragma dump _XLX_SEP_ PragmaIsValid=1_XLX_SEP_ PragmaType=unroll_XLX_SEP_ PragmaContext=_XLX_SEP_ PragmaFunction=exp_XLX_SEP_ PragmaOptions=_XLX_SEP_ [-Wdump-hls-pragmas]
#pragma HLS unroll
        ^
C:/Xilinx/Vitis_HLS/2023.2/common/technology/autopilot/etc/hls_exp_apfixed.h:244:9: warning: HLS pragma dump _XLX_SEP_ PragmaIsValid=1_XLX_SEP_ PragmaType=unroll_XLX_SEP_ PragmaContext=_XLX_SEP_ PragmaFunction=exp_XLX_SEP_ PragmaOptions=_XLX_SEP_ [-Wdump-hls-pragmas]
#pragma HLS unroll
        ^
C:/Xilinx/Vitis_HLS/2023.2/common/technology/autopilot/etc/hls_exp_apfixed.h:250:9: warning: HLS pragma dump _XLX_SEP_ PragmaIsValid=1_XLX_SEP_ PragmaType=unroll_XLX_SEP_ PragmaContext=_XLX_SEP_ PragmaFunction=exp_XLX_SEP_ PragmaOptions=_XLX_SEP_ [-Wdump-hls-pragmas]
#pragma HLS unroll
        ^
C:/Xilinx/Vitis_HLS/2023.2/common/technology/autopilot/etc/hls_exp_apfixed.h:254:9: warning: HLS pragma dump _XLX_SEP_ PragmaIsValid=1_XLX_SEP_ PragmaType=unroll_XLX_SEP_ PragmaContext=_XLX_SEP_ PragmaFunction=exp_XLX_SEP_ PragmaOptions=_XLX_SEP_ [-Wdump-hls-pragmas]
#pragma HLS unroll
        ^
C:/Xilinx/Vitis_HLS/2023.2/common/technology/autopilot/etc/hls_exp_apfixed.h:269:9: warning: HLS pragma dump _XLX_SEP_ PragmaIsValid=1_XLX_SEP_ PragmaType=unroll_XLX_SEP_ PragmaContext=_XLX_SEP_ PragmaFunction=exp_XLX_SEP_ PragmaOptions=_XLX_SEP_ [-Wdump-hls-pragmas]
#pragma HLS unroll
        ^
C:/Xilinx/Vitis_HLS/2023.2/common/technology/autopilot/etc/hls_exp_apfixed.h:277:9: warning: HLS pragma dump _XLX_SEP_ PragmaIsValid=1_XLX_SEP_ PragmaType=unroll_XLX_SEP_ PragmaContext=_XLX_SEP_ PragmaFunction=exp_XLX_SEP_ PragmaOptions=_XLX_SEP_ [-Wdump-hls-pragmas]
#pragma HLS unroll
        ^
C:/Xilinx/Vitis_HLS/2023.2/common/technology/autopilot/etc/hls_exp_apfixed.h:506:9: warning: HLS pragma dump _XLX_SEP_ PragmaIsValid=1_XLX_SEP_ PragmaType=unroll_XLX_SEP_ PragmaContext=_XLX_SEP_ PragmaFunction=exp_XLX_SEP_ PragmaOptions=_XLX_SEP_ [-Wdump-hls-pragmas]
#pragma HLS unroll
        ^
C:/Xilinx/Vitis_HLS/2023.2/common/technology/autopilot/etc/hls_exp_apfixed.h:512:9: warning: HLS pragma dump _XLX_SEP_ PragmaIsValid=1_XLX_SEP_ PragmaType=unroll_XLX_SEP_ PragmaContext=_XLX_SEP_ PragmaFunction=exp_XLX_SEP_ PragmaOptions=_XLX_SEP_ [-Wdump-hls-pragmas]
#pragma HLS unroll
        ^
C:/Xilinx/Vitis_HLS/2023.2/common/technology/autopilot/etc/hls_exp_apfixed.h:516:9: warning: HLS pragma dump _XLX_SEP_ PragmaIsValid=1_XLX_SEP_ PragmaType=unroll_XLX_SEP_ PragmaContext=_XLX_SEP_ PragmaFunction=exp_XLX_SEP_ PragmaOptions=_XLX_SEP_ [-Wdump-hls-pragmas]
#pragma HLS unroll
        ^
C:/Xilinx/Vitis_HLS/2023.2/common/technology/autopilot/etc/hls_exp_apfixed.h:526:9: warning: HLS pragma dump _XLX_SEP_ PragmaIsValid=1_XLX_SEP_ PragmaType=unroll_XLX_SEP_ PragmaContext=_XLX_SEP_ PragmaFunction=exp_XLX_SEP_ PragmaOptions=_XLX_SEP_ [-Wdump-hls-pragmas]
#pragma HLS unroll
        ^
C:/Xilinx/Vitis_HLS/2023.2/common/technology/autopilot/etc/hls_exp_apfixed.h:530:9: warning: HLS pragma dump _XLX_SEP_ PragmaIsValid=1_XLX_SEP_ PragmaType=unroll_XLX_SEP_ PragmaContext=_XLX_SEP_ PragmaFunction=exp_XLX_SEP_ PragmaOptions=_XLX_SEP_ [-Wdump-hls-pragmas]
#pragma HLS unroll
        ^
C:/Xilinx/Vitis_HLS/2023.2/common/technology/autopilot/etc/hls_exp_apfixed.h:540:9: warning: HLS pragma dump _XLX_SEP_ PragmaIsValid=1_XLX_SEP_ PragmaType=unroll_XLX_SEP_ PragmaContext=_XLX_SEP_ PragmaFunction=exp_XLX_SEP_ PragmaOptions=_XLX_SEP_ [-Wdump-hls-pragmas]
#pragma HLS unroll
        ^
C:/Xilinx/Vitis_HLS/2023.2/common/technology/autopilot/etc/hls_exp_apfixed.h:548:9: warning: HLS pragma dump _XLX_SEP_ PragmaIsValid=1_XLX_SEP_ PragmaType=unroll_XLX_SEP_ PragmaContext=_XLX_SEP_ PragmaFunction=exp_XLX_SEP_ PragmaOptions=_XLX_SEP_ [-Wdump-hls-pragmas]
#pragma HLS unroll
        ^
C:/Xilinx/Vitis_HLS/2023.2/common/technology/autopilot/etc/hls_exp_apfixed.h:909:9: warning: HLS pragma dump _XLX_SEP_ PragmaIsValid=1_XLX_SEP_ PragmaType=unroll_XLX_SEP_ PragmaContext=_XLX_SEP_ PragmaFunction=exp_XLX_SEP_ PragmaOptions=_XLX_SEP_ [-Wdump-hls-pragmas]
#pragma HLS unroll
        ^
C:/Xilinx/Vitis_HLS/2023.2/common/technology/autopilot/etc/hls_exp_apfixed.h:915:9: warning: HLS pragma dump _XLX_SEP_ PragmaIsValid=1_XLX_SEP_ PragmaType=unroll_XLX_SEP_ PragmaContext=_XLX_SEP_ PragmaFunction=exp_XLX_SEP_ PragmaOptions=_XLX_SEP_ [-Wdump-hls-pragmas]
#pragma HLS unroll
        ^
C:/Xilinx/Vitis_HLS/2023.2/common/technology/autopilot/etc/hls_exp_apfixed.h:919:9: warning: HLS pragma dump _XLX_SEP_ PragmaIsValid=1_XLX_SEP_ PragmaType=unroll_XLX_SEP_ PragmaContext=_XLX_SEP_ PragmaFunction=exp_XLX_SEP_ PragmaOptions=_XLX_SEP_ [-Wdump-hls-pragmas]
#pragma HLS unroll
        ^
C:/Xilinx/Vitis_HLS/2023.2/common/technology/autopilot/etc/hls_exp_apfixed.h:933:9: warning: HLS pragma dump _XLX_SEP_ PragmaIsValid=1_XLX_SEP_ PragmaType=pipeline_XLX_SEP_ PragmaContext=_XLX_SEP_ PragmaFunction=exp_core_XLX_SEP_ PragmaOptions=_XLX_SEP_ [-Wdump-hls-pragmas]
#pragma HLS pipeline
        ^
C:/Xilinx/Vitis_HLS/2023.2/common/technology/autopilot/etc/hls_exp_apfixed.h:1035:9: warning: HLS pragma dump _XLX_SEP_ PragmaIsValid=1_XLX_SEP_ PragmaType=unroll_XLX_SEP_ PragmaContext=_XLX_SEP_ PragmaFunction=exp_core_XLX_SEP_ PragmaOptions=_XLX_SEP_ [-Wdump-hls-pragmas]
#pragma HLS unroll
        ^
C:/Xilinx/Vitis_HLS/2023.2/common/technology/autopilot/etc/hls_exp_apfixed.h:1041:9: warning: HLS pragma dump _XLX_SEP_ PragmaIsValid=1_XLX_SEP_ PragmaType=unroll_XLX_SEP_ PragmaContext=_XLX_SEP_ PragmaFunction=exp_core_XLX_SEP_ PragmaOptions=_XLX_SEP_ [-Wdump-hls-pragmas]
#pragma HLS unroll
        ^
C:/Xilinx/Vitis_HLS/2023.2/common/technology/autopilot/etc/hls_exp_apfixed.h:1045:9: warning: HLS pragma dump _XLX_SEP_ PragmaIsValid=1_XLX_SEP_ PragmaType=unroll_XLX_SEP_ PragmaContext=_XLX_SEP_ PragmaFunction=exp_core_XLX_SEP_ PragmaOptions=_XLX_SEP_ [-Wdump-hls-pragmas]
#pragma HLS unroll
        ^
C:/Xilinx/Vitis_HLS/2023.2/common/technology/autopilot/etc/hls_exp_apfixed.h:1132:9: warning: HLS pragma dump _XLX_SEP_ PragmaIsValid=1_XLX_SEP_ PragmaType=unroll_XLX_SEP_ PragmaContext=_XLX_SEP_ PragmaFunction=exp_core_XLX_SEP_ PragmaOptions=_XLX_SEP_ [-Wdump-hls-pragmas]
#pragma HLS unroll
        ^
C:/Xilinx/Vitis_HLS/2023.2/common/technology/autopilot/etc/hls_exp_apfixed.h:1138:9: warning: HLS pragma dump _XLX_SEP_ PragmaIsValid=1_XLX_SEP_ PragmaType=unroll_XLX_SEP_ PragmaContext=_XLX_SEP_ PragmaFunction=exp_core_XLX_SEP_ PragmaOptions=_XLX_SEP_ [-Wdump-hls-pragmas]
#pragma HLS unroll
        ^
C:/Xilinx/Vitis_HLS/2023.2/common/technology/autopilot/etc/hls_exp_apfixed.h:1142:9: warning: HLS pragma dump _XLX_SEP_ PragmaIsValid=1_XLX_SEP_ PragmaType=unroll_XLX_SEP_ PragmaContext=_XLX_SEP_ PragmaFunction=exp_core_XLX_SEP_ PragmaOptions=_XLX_SEP_ [-Wdump-hls-pragmas]
#pragma HLS unroll
        ^
C:/Xilinx/Vitis_HLS/2023.2/common/technology/autopilot/etc/hls_exp_apfixed.h:1161:9: warning: HLS pragma dump _XLX_SEP_ PragmaIsValid=1_XLX_SEP_ PragmaType=unroll_XLX_SEP_ PragmaContext=_XLX_SEP_ PragmaFunction=exp_core_XLX_SEP_ PragmaOptions=_XLX_SEP_ [-Wdump-hls-pragmas]
#pragma HLS unroll
        ^
C:/Xilinx/Vitis_HLS/2023.2/common/technology/autopilot/etc/hls_exp_apfixed.h:1168:9: warning: HLS pragma dump _XLX_SEP_ PragmaIsValid=1_XLX_SEP_ PragmaType=unroll_XLX_SEP_ PragmaContext=_XLX_SEP_ PragmaFunction=exp_core_XLX_SEP_ PragmaOptions=_XLX_SEP_ [-Wdump-hls-pragmas]
#pragma HLS unroll
        ^
C:/Xilinx/Vitis_HLS/2023.2/common/technology/autopilot/etc/hls_exp_apfixed.h:1284:9: warning: HLS pragma dump _XLX_SEP_ PragmaIsValid=1_XLX_SEP_ PragmaType=unroll_XLX_SEP_ PragmaContext=_XLX_SEP_ PragmaFunction=exp_core_XLX_SEP_ PragmaOptions=_XLX_SEP_ [-Wdump-hls-pragmas]
#pragma HLS unroll
        ^
C:/Xilinx/Vitis_HLS/2023.2/common/technology/autopilot/etc/hls_exp_apfixed.h:1290:9: warning: HLS pragma dump _XLX_SEP_ PragmaIsValid=1_XLX_SEP_ PragmaType=unroll_XLX_SEP_ PragmaContext=_XLX_SEP_ PragmaFunction=exp_core_XLX_SEP_ PragmaOptions=_XLX_SEP_ [-Wdump-hls-pragmas]
#pragma HLS unroll
        ^
C:/Xilinx/Vitis_HLS/2023.2/common/technology/autopilot/etc/hls_exp_apfixed.h:1294:9: warning: HLS pragma dump _XLX_SEP_ PragmaIsValid=1_XLX_SEP_ PragmaType=unroll_XLX_SEP_ PragmaContext=_XLX_SEP_ PragmaFunction=exp_core_XLX_SEP_ PragmaOptions=_XLX_SEP_ [-Wdump-hls-pragmas]
#pragma HLS unroll
        ^
C:/Xilinx/Vitis_HLS/2023.2/common/technology/autopilot/etc/hls_exp_apfixed.h:1314:9: warning: HLS pragma dump _XLX_SEP_ PragmaIsValid=1_XLX_SEP_ PragmaType=unroll_XLX_SEP_ PragmaContext=_XLX_SEP_ PragmaFunction=exp_core_XLX_SEP_ PragmaOptions=_XLX_SEP_ [-Wdump-hls-pragmas]
#pragma HLS unroll
        ^
C:/Xilinx/Vitis_HLS/2023.2/common/technology/autopilot/etc/hls_exp_apfixed.h:1321:9: warning: HLS pragma dump _XLX_SEP_ PragmaIsValid=1_XLX_SEP_ PragmaType=unroll_XLX_SEP_ PragmaContext=_XLX_SEP_ PragmaFunction=exp_core_XLX_SEP_ PragmaOptions=_XLX_SEP_ [-Wdump-hls-pragmas]
#pragma HLS unroll
        ^
C:/Xilinx/Vitis_HLS/2023.2/common/technology/autopilot/etc/hls_exp_apfixed.h:1583:9: warning: HLS pragma dump _XLX_SEP_ PragmaIsValid=1_XLX_SEP_ PragmaType=unroll_XLX_SEP_ PragmaContext=_XLX_SEP_ PragmaFunction=exp_core_XLX_SEP_ PragmaOptions=_XLX_SEP_ [-Wdump-hls-pragmas]
#pragma HLS unroll
        ^
C:/Xilinx/Vitis_HLS/2023.2/common/technology/autopilot/etc/hls_exp_apfixed.h:1589:9: warning: HLS pragma dump _XLX_SEP_ PragmaIsValid=1_XLX_SEP_ PragmaType=unroll_XLX_SEP_ PragmaContext=_XLX_SEP_ PragmaFunction=exp_core_XLX_SEP_ PragmaOptions=_XLX_SEP_ [-Wdump-hls-pragmas]
#pragma HLS unroll
        ^
C:/Xilinx/Vitis_HLS/2023.2/common/technology/autopilot/etc/hls_exp_apfixed.h:1593:9: warning: HLS pragma dump _XLX_SEP_ PragmaIsValid=1_XLX_SEP_ PragmaType=unroll_XLX_SEP_ PragmaContext=_XLX_SEP_ PragmaFunction=exp_core_XLX_SEP_ PragmaOptions=_XLX_SEP_ [-Wdump-hls-pragmas]
#pragma HLS unroll
        ^
C:/Xilinx/Vitis_HLS/2023.2/common/technology/autopilot/etc/hls_exp_apfixed.h:1617:9: warning: HLS pragma dump _XLX_SEP_ PragmaIsValid=1_XLX_SEP_ PragmaType=unroll_XLX_SEP_ PragmaContext=_XLX_SEP_ PragmaFunction=exp_core_XLX_SEP_ PragmaOptions=_XLX_SEP_ [-Wdump-hls-pragmas]
#pragma HLS unroll
        ^
C:/Xilinx/Vitis_HLS/2023.2/common/technology/autopilot/etc/hls_exp_apfixed.h:1624:9: warning: HLS pragma dump _XLX_SEP_ PragmaIsValid=1_XLX_SEP_ PragmaType=unroll_XLX_SEP_ PragmaContext=_XLX_SEP_ PragmaFunction=exp_core_XLX_SEP_ PragmaOptions=_XLX_SEP_ [-Wdump-hls-pragmas]
#pragma HLS unroll
        ^
C:/Xilinx/Vitis_HLS/2023.2/common/technology/autopilot/etc/hls_exp_apfixed.h:2054:9: warning: HLS pragma dump _XLX_SEP_ PragmaIsValid=1_XLX_SEP_ PragmaType=unroll_XLX_SEP_ PragmaContext=_XLX_SEP_ PragmaFunction=exp_core_XLX_SEP_ PragmaOptions=_XLX_SEP_ [-Wdump-hls-pragmas]
#pragma HLS unroll
        ^
C:/Xilinx/Vitis_HLS/2023.2/common/technology/autopilot/etc/hls_exp_apfixed.h:2060:9: warning: HLS pragma dump _XLX_SEP_ PragmaIsValid=1_XLX_SEP_ PragmaType=unroll_XLX_SEP_ PragmaContext=_XLX_SEP_ PragmaFunction=exp_core_XLX_SEP_ PragmaOptions=_XLX_SEP_ [-Wdump-hls-pragmas]
#pragma HLS unroll
        ^
C:/Xilinx/Vitis_HLS/2023.2/common/technology/autopilot/etc/hls_exp_apfixed.h:2064:9: warning: HLS pragma dump _XLX_SEP_ PragmaIsValid=1_XLX_SEP_ PragmaType=unroll_XLX_SEP_ PragmaContext=_XLX_SEP_ PragmaFunction=exp_core_XLX_SEP_ PragmaOptions=_XLX_SEP_ [-Wdump-hls-pragmas]
#pragma HLS unroll
        ^
C:/Xilinx/Vitis_HLS/2023.2/common/technology/autopilot/etc/hls_exp_apfixed.h:2194:9: warning: HLS pragma dump _XLX_SEP_ PragmaIsValid=1_XLX_SEP_ PragmaType=unroll_XLX_SEP_ PragmaContext=_XLX_SEP_ PragmaFunction=exp2_XLX_SEP_ PragmaOptions=_XLX_SEP_ [-Wdump-hls-pragmas]
#pragma HLS unroll
        ^
C:/Xilinx/Vitis_HLS/2023.2/common/technology/autopilot/etc/hls_exp_apfixed.h:2201:9: warning: HLS pragma dump _XLX_SEP_ PragmaIsValid=1_XLX_SEP_ PragmaType=unroll_XLX_SEP_ PragmaContext=_XLX_SEP_ PragmaFunction=exp2_XLX_SEP_ PragmaOptions=_XLX_SEP_ [-Wdump-hls-pragmas]
#pragma HLS unroll
        ^
C:/Xilinx/Vitis_HLS/2023.2/common/technology/autopilot/etc/hls_exp_apfixed.h:2205:9: warning: HLS pragma dump _XLX_SEP_ PragmaIsValid=1_XLX_SEP_ PragmaType=unroll_XLX_SEP_ PragmaContext=_XLX_SEP_ PragmaFunction=exp2_XLX_SEP_ PragmaOptions=_XLX_SEP_ [-Wdump-hls-pragmas]
#pragma HLS unroll
        ^
C:/Xilinx/Vitis_HLS/2023.2/common/technology/autopilot/etc/hls_exp_apfixed.h:2252:9: warning: HLS pragma dump _XLX_SEP_ PragmaIsValid=1_XLX_SEP_ PragmaType=unroll_XLX_SEP_ PragmaContext=_XLX_SEP_ PragmaFunction=exp2_XLX_SEP_ PragmaOptions=_XLX_SEP_ [-Wdump-hls-pragmas]
#pragma HLS unroll
        ^
C:/Xilinx/Vitis_HLS/2023.2/common/technology/autopilot/etc/hls_exp_apfixed.h:2259:9: warning: HLS pragma dump _XLX_SEP_ PragmaIsValid=1_XLX_SEP_ PragmaType=unroll_XLX_SEP_ PragmaContext=_XLX_SEP_ PragmaFunction=exp2_XLX_SEP_ PragmaOptions=_XLX_SEP_ [-Wdump-hls-pragmas]
#pragma HLS unroll
        ^
C:/Xilinx/Vitis_HLS/2023.2/common/technology/autopilot/etc/hls_exp_apfixed.h:2263:9: warning: HLS pragma dump _XLX_SEP_ PragmaIsValid=1_XLX_SEP_ PragmaType=unroll_XLX_SEP_ PragmaContext=_XLX_SEP_ PragmaFunction=exp2_XLX_SEP_ PragmaOptions=_XLX_SEP_ [-Wdump-hls-pragmas]
#pragma HLS unroll
        ^
C:/Xilinx/Vitis_HLS/2023.2/common/technology/autopilot/etc/hls_exp_apfixed.h:2281:9: warning: HLS pragma dump _XLX_SEP_ PragmaIsValid=1_XLX_SEP_ PragmaType=unroll_XLX_SEP_ PragmaContext=_XLX_SEP_ PragmaFunction=exp2_XLX_SEP_ PragmaOptions=_XLX_SEP_ [-Wdump-hls-pragmas]
#pragma HLS unroll
        ^
C:/Xilinx/Vitis_HLS/2023.2/common/technology/autopilot/etc/hls_exp_apfixed.h:2336:9: warning: HLS pragma dump _XLX_SEP_ PragmaIsValid=1_XLX_SEP_ PragmaType=unroll_XLX_SEP_ PragmaContext=_XLX_SEP_ PragmaFunction=exp2_XLX_SEP_ PragmaOptions=_XLX_SEP_ [-Wdump-hls-pragmas]
#pragma HLS unroll
        ^
C:/Xilinx/Vitis_HLS/2023.2/common/technology/autopilot/etc/hls_exp_apfixed.h:2343:9: warning: HLS pragma dump _XLX_SEP_ PragmaIsValid=1_XLX_SEP_ PragmaType=unroll_XLX_SEP_ PragmaContext=_XLX_SEP_ PragmaFunction=exp2_XLX_SEP_ PragmaOptions=_XLX_SEP_ [-Wdump-hls-pragmas]
#pragma HLS unroll
        ^
C:/Xilinx/Vitis_HLS/2023.2/common/technology/autopilot/etc/hls_exp_apfixed.h:2347:9: warning: HLS pragma dump _XLX_SEP_ PragmaIsValid=1_XLX_SEP_ PragmaType=unroll_XLX_SEP_ PragmaContext=_XLX_SEP_ PragmaFunction=exp2_XLX_SEP_ PragmaOptions=_XLX_SEP_ [-Wdump-hls-pragmas]
#pragma HLS unroll
        ^
C:/Xilinx/Vitis_HLS/2023.2/common/technology/autopilot/etc/hls_exp_apfixed.h:2365:9: warning: HLS pragma dump _XLX_SEP_ PragmaIsValid=1_XLX_SEP_ PragmaType=unroll_XLX_SEP_ PragmaContext=_XLX_SEP_ PragmaFunction=exp2_XLX_SEP_ PragmaOptions=_XLX_SEP_ [-Wdump-hls-pragmas]
#pragma HLS unroll
        ^
C:/Xilinx/Vitis_HLS/2023.2/common/technology/autopilot/etc/hls_exp_apfixed.h:2454:9: warning: HLS pragma dump _XLX_SEP_ PragmaIsValid=1_XLX_SEP_ PragmaType=unroll_XLX_SEP_ PragmaContext=_XLX_SEP_ PragmaFunction=exp2_XLX_SEP_ PragmaOptions=_XLX_SEP_ [-Wdump-hls-pragmas]
#pragma HLS unroll
        ^
C:/Xilinx/Vitis_HLS/2023.2/common/technology/autopilot/etc/hls_exp_apfixed.h:2461:9: warning: HLS pragma dump _XLX_SEP_ PragmaIsValid=1_XLX_SEP_ PragmaType=unroll_XLX_SEP_ PragmaContext=_XLX_SEP_ PragmaFunction=exp2_XLX_SEP_ PragmaOptions=_XLX_SEP_ [-Wdump-hls-pragmas]
#pragma HLS unroll
        ^
C:/Xilinx/Vitis_HLS/2023.2/common/technology/autopilot/etc/hls_exp_apfixed.h:2465:9: warning: HLS pragma dump _XLX_SEP_ PragmaIsValid=1_XLX_SEP_ PragmaType=unroll_XLX_SEP_ PragmaContext=_XLX_SEP_ PragmaFunction=exp2_XLX_SEP_ PragmaOptions=_XLX_SEP_ [-Wdump-hls-pragmas]
#pragma HLS unroll
        ^
C:/Xilinx/Vitis_HLS/2023.2/common/technology/autopilot/etc/hls_exp_apfixed.h:2475:9: warning: HLS pragma dump _XLX_SEP_ PragmaIsValid=1_XLX_SEP_ PragmaType=unroll_XLX_SEP_ PragmaContext=_XLX_SEP_ PragmaFunction=exp2_XLX_SEP_ PragmaOptions=_XLX_SEP_ [-Wdump-hls-pragmas]
#pragma HLS unroll
        ^
C:/Xilinx/Vitis_HLS/2023.2/common/technology/autopilot/etc/hls_exp_apfixed.h:2479:9: warning: HLS pragma dump _XLX_SEP_ PragmaIsValid=1_XLX_SEP_ PragmaType=unroll_XLX_SEP_ PragmaContext=_XLX_SEP_ PragmaFunction=exp2_XLX_SEP_ PragmaOptions=_XLX_SEP_ [-Wdump-hls-pragmas]
#pragma HLS unroll
        ^
C:/Xilinx/Vitis_HLS/2023.2/common/technology/autopilot/etc/hls_exp_apfixed.h:2490:9: warning: HLS pragma dump _XLX_SEP_ PragmaIsValid=1_XLX_SEP_ PragmaType=unroll_XLX_SEP_ PragmaContext=_XLX_SEP_ PragmaFunction=exp2_XLX_SEP_ PragmaOptions=_XLX_SEP_ [-Wdump-hls-pragmas]
#pragma HLS unroll
        ^
C:/Xilinx/Vitis_HLS/2023.2/common/technology/autopilot/etc/hls_exp_apfixed.h:2498:9: warning: HLS pragma dump _XLX_SEP_ PragmaIsValid=1_XLX_SEP_ PragmaType=unroll_XLX_SEP_ PragmaContext=_XLX_SEP_ PragmaFunction=exp2_XLX_SEP_ PragmaOptions=_XLX_SEP_ [-Wdump-hls-pragmas]
#pragma HLS unroll
        ^
C:/Xilinx/Vitis_HLS/2023.2/common/technology/autopilot/etc/hls_exp_apfixed.h:2823:9: warning: HLS pragma dump _XLX_SEP_ PragmaIsValid=1_XLX_SEP_ PragmaType=unroll_XLX_SEP_ PragmaContext=_XLX_SEP_ PragmaFunction=exp2_XLX_SEP_ PragmaOptions=_XLX_SEP_ [-Wdump-hls-pragmas]
#pragma HLS unroll
        ^
C:/Xilinx/Vitis_HLS/2023.2/common/technology/autopilot/etc/hls_exp_apfixed.h:2830:9: warning: HLS pragma dump _XLX_SEP_ PragmaIsValid=1_XLX_SEP_ PragmaType=unroll_XLX_SEP_ PragmaContext=_XLX_SEP_ PragmaFunction=exp2_XLX_SEP_ PragmaOptions=_XLX_SEP_ [-Wdump-hls-pragmas]
#pragma HLS unroll
        ^
C:/Xilinx/Vitis_HLS/2023.2/common/technology/autopilot/etc/hls_exp_apfixed.h:2834:9: warning: HLS pragma dump _XLX_SEP_ PragmaIsValid=1_XLX_SEP_ PragmaType=unroll_XLX_SEP_ PragmaContext=_XLX_SEP_ PragmaFunction=exp2_XLX_SEP_ PragmaOptions=_XLX_SEP_ [-Wdump-hls-pragmas]
#pragma HLS unroll
        ^
C:/Xilinx/Vitis_HLS/2023.2/common/technology/autopilot/etc/hls_exp_apfixed.h:2922:9: warning: HLS pragma dump _XLX_SEP_ PragmaIsValid=1_XLX_SEP_ PragmaType=unroll_XLX_SEP_ PragmaContext=_XLX_SEP_ PragmaFunction=exp10_XLX_SEP_ PragmaOptions=_XLX_SEP_ [-Wdump-hls-pragmas]
#pragma HLS unroll
        ^
C:/Xilinx/Vitis_HLS/2023.2/common/technology/autopilot/etc/hls_exp_apfixed.h:2929:9: warning: HLS pragma dump _XLX_SEP_ PragmaIsValid=1_XLX_SEP_ PragmaType=unroll_XLX_SEP_ PragmaContext=_XLX_SEP_ PragmaFunction=exp10_XLX_SEP_ PragmaOptions=_XLX_SEP_ [-Wdump-hls-pragmas]
#pragma HLS unroll
        ^
C:/Xilinx/Vitis_HLS/2023.2/common/technology/autopilot/etc/hls_exp_apfixed.h:2933:9: warning: HLS pragma dump _XLX_SEP_ PragmaIsValid=1_XLX_SEP_ PragmaType=unroll_XLX_SEP_ PragmaContext=_XLX_SEP_ PragmaFunction=exp10_XLX_SEP_ PragmaOptions=_XLX_SEP_ [-Wdump-hls-pragmas]
#pragma HLS unroll
        ^
C:/Xilinx/Vitis_HLS/2023.2/common/technology/autopilot/etc/hls_exp_apfixed.h:2948:9: warning: HLS pragma dump _XLX_SEP_ PragmaIsValid=1_XLX_SEP_ PragmaType=unroll_XLX_SEP_ PragmaContext=_XLX_SEP_ PragmaFunction=exp10_XLX_SEP_ PragmaOptions=_XLX_SEP_ [-Wdump-hls-pragmas]
#pragma HLS unroll
        ^
C:/Xilinx/Vitis_HLS/2023.2/common/technology/autopilot/etc/hls_exp_apfixed.h:2980:9: warning: HLS pragma dump _XLX_SEP_ PragmaIsValid=1_XLX_SEP_ PragmaType=unroll_XLX_SEP_ PragmaContext=_XLX_SEP_ PragmaFunction=exp10_XLX_SEP_ PragmaOptions=_XLX_SEP_ [-Wdump-hls-pragmas]
#pragma HLS unroll
        ^
C:/Xilinx/Vitis_HLS/2023.2/common/technology/autopilot/etc/hls_exp_apfixed.h:2987:9: warning: HLS pragma dump _XLX_SEP_ PragmaIsValid=1_XLX_SEP_ PragmaType=unroll_XLX_SEP_ PragmaContext=_XLX_SEP_ PragmaFunction=exp10_XLX_SEP_ PragmaOptions=_XLX_SEP_ [-Wdump-hls-pragmas]
#pragma HLS unroll
        ^
C:/Xilinx/Vitis_HLS/2023.2/common/technology/autopilot/etc/hls_exp_apfixed.h:2991:9: warning: HLS pragma dump _XLX_SEP_ PragmaIsValid=1_XLX_SEP_ PragmaType=unroll_XLX_SEP_ PragmaContext=_XLX_SEP_ PragmaFunction=exp10_XLX_SEP_ PragmaOptions=_XLX_SEP_ [-Wdump-hls-pragmas]
#pragma HLS unroll
        ^
C:/Xilinx/Vitis_HLS/2023.2/common/technology/autopilot/etc/hls_exp_apfixed.h:3006:9: warning: HLS pragma dump _XLX_SEP_ PragmaIsValid=1_XLX_SEP_ PragmaType=unroll_XLX_SEP_ PragmaContext=_XLX_SEP_ PragmaFunction=exp10_XLX_SEP_ PragmaOptions=_XLX_SEP_ [-Wdump-hls-pragmas]
#pragma HLS unroll
        ^
C:/Xilinx/Vitis_HLS/2023.2/common/technology/autopilot/etc/hls_exp_apfixed.h:3056:9: warning: HLS pragma dump _XLX_SEP_ PragmaIsValid=1_XLX_SEP_ PragmaType=unroll_XLX_SEP_ PragmaContext=_XLX_SEP_ PragmaFunction=exp10_XLX_SEP_ PragmaOptions=_XLX_SEP_ [-Wdump-hls-pragmas]
#pragma HLS unroll
        ^
C:/Xilinx/Vitis_HLS/2023.2/common/technology/autopilot/etc/hls_exp_apfixed.h:3063:9: warning: HLS pragma dump _XLX_SEP_ PragmaIsValid=1_XLX_SEP_ PragmaType=unroll_XLX_SEP_ PragmaContext=_XLX_SEP_ PragmaFunction=exp10_XLX_SEP_ PragmaOptions=_XLX_SEP_ [-Wdump-hls-pragmas]
#pragma HLS unroll
        ^
C:/Xilinx/Vitis_HLS/2023.2/common/technology/autopilot/etc/hls_exp_apfixed.h:3067:9: warning: HLS pragma dump _XLX_SEP_ PragmaIsValid=1_XLX_SEP_ PragmaType=unroll_XLX_SEP_ PragmaContext=_XLX_SEP_ PragmaFunction=exp10_XLX_SEP_ PragmaOptions=_XLX_SEP_ [-Wdump-hls-pragmas]
#pragma HLS unroll
        ^
C:/Xilinx/Vitis_HLS/2023.2/common/technology/autopilot/etc/hls_exp_apfixed.h:3082:9: warning: HLS pragma dump _XLX_SEP_ PragmaIsValid=1_XLX_SEP_ PragmaType=unroll_XLX_SEP_ PragmaContext=_XLX_SEP_ PragmaFunction=exp10_XLX_SEP_ PragmaOptions=_XLX_SEP_ [-Wdump-hls-pragmas]
#pragma HLS unroll
        ^
C:/Xilinx/Vitis_HLS/2023.2/common/technology/autopilot/etc/hls_exp_apfixed.h:3219:9: warning: HLS pragma dump _XLX_SEP_ PragmaIsValid=1_XLX_SEP_ PragmaType=unroll_XLX_SEP_ PragmaContext=_XLX_SEP_ PragmaFunction=exp10_XLX_SEP_ PragmaOptions=_XLX_SEP_ [-Wdump-hls-pragmas]
#pragma HLS unroll
        ^
C:/Xilinx/Vitis_HLS/2023.2/common/technology/autopilot/etc/hls_exp_apfixed.h:3226:9: warning: HLS pragma dump _XLX_SEP_ PragmaIsValid=1_XLX_SEP_ PragmaType=unroll_XLX_SEP_ PragmaContext=_XLX_SEP_ PragmaFunction=exp10_XLX_SEP_ PragmaOptions=_XLX_SEP_ [-Wdump-hls-pragmas]
#pragma HLS unroll
        ^
C:/Xilinx/Vitis_HLS/2023.2/common/technology/autopilot/etc/hls_exp_apfixed.h:3230:9: warning: HLS pragma dump _XLX_SEP_ PragmaIsValid=1_XLX_SEP_ PragmaType=unroll_XLX_SEP_ PragmaContext=_XLX_SEP_ PragmaFunction=exp10_XLX_SEP_ PragmaOptions=_XLX_SEP_ [-Wdump-hls-pragmas]
#pragma HLS unroll
        ^
C:/Xilinx/Vitis_HLS/2023.2/common/technology/autopilot/etc/hls_exp_apfixed.h:3245:9: warning: HLS pragma dump _XLX_SEP_ PragmaIsValid=1_XLX_SEP_ PragmaType=unroll_XLX_SEP_ PragmaContext=_XLX_SEP_ PragmaFunction=exp10_XLX_SEP_ PragmaOptions=_XLX_SEP_ [-Wdump-hls-pragmas]
#pragma HLS unroll
        ^
C:/Xilinx/Vitis_HLS/2023.2/common/technology/autopilot/etc/hls_exp_apfixed.h:3405:9: warning: HLS pragma dump _XLX_SEP_ PragmaIsValid=1_XLX_SEP_ PragmaType=unroll_XLX_SEP_ PragmaContext=_XLX_SEP_ PragmaFunction=exp10_XLX_SEP_ PragmaOptions=_XLX_SEP_ [-Wdump-hls-pragmas]
#pragma HLS unroll
        ^
C:/Xilinx/Vitis_HLS/2023.2/common/technology/autopilot/etc/hls_exp_apfixed.h:3412:9: warning: HLS pragma dump _XLX_SEP_ PragmaIsValid=1_XLX_SEP_ PragmaType=unroll_XLX_SEP_ PragmaContext=_XLX_SEP_ PragmaFunction=exp10_XLX_SEP_ PragmaOptions=_XLX_SEP_ [-Wdump-hls-pragmas]
#pragma HLS unroll
        ^
C:/Xilinx/Vitis_HLS/2023.2/common/technology/autopilot/etc/hls_exp_apfixed.h:3416:9: warning: HLS pragma dump _XLX_SEP_ PragmaIsValid=1_XLX_SEP_ PragmaType=unroll_XLX_SEP_ PragmaContext=_XLX_SEP_ PragmaFunction=exp10_XLX_SEP_ PragmaOptions=_XLX_SEP_ [-Wdump-hls-pragmas]
#pragma HLS unroll
        ^
In file included from source/int4_decoder_blocks.cpp:4:
In file included from C:/Xilinx/Vitis_HLS/2023.2/common/technology/autopilot\hls_math.h:1042:
C:/Xilinx/Vitis_HLS/2023.2/common/technology/autopilot/etc/hls_log_apfixed.h:475:9: warning: HLS pragma dump _XLX_SEP_ PragmaIsValid=1_XLX_SEP_ PragmaType=pipeline_XLX_SEP_ PragmaContext=_XLX_SEP_ PragmaFunction=log_XLX_SEP_ PragmaOptions=_XLX_SEP_ [-Wdump-hls-pragmas]
#pragma HLS pipeline
        ^
C:/Xilinx/Vitis_HLS/2023.2/common/technology/autopilot/etc/hls_log_apfixed.h:704:9: warning: HLS pragma dump _XLX_SEP_ PragmaIsValid=1_XLX_SEP_ PragmaType=unroll_XLX_SEP_ PragmaContext=_XLX_SEP_ PragmaFunction=log_XLX_SEP_ PragmaOptions=_XLX_SEP_ [-Wdump-hls-pragmas]
#pragma HLS unroll
        ^
C:/Xilinx/Vitis_HLS/2023.2/common/technology/autopilot/etc/hls_log_apfixed.h:792:9: warning: HLS pragma dump _XLX_SEP_ PragmaIsValid=1_XLX_SEP_ PragmaType=pipeline_XLX_SEP_ PragmaContext=_XLX_SEP_ PragmaFunction=log10_XLX_SEP_ PragmaOptions=_XLX_SEP_ [-Wdump-hls-pragmas]
#pragma HLS pipeline
        ^
C:/Xilinx/Vitis_HLS/2023.2/common/technology/autopilot/etc/hls_log_apfixed.h:922:9: warning: HLS pragma dump _XLX_SEP_ PragmaIsValid=1_XLX_SEP_ PragmaType=unroll_XLX_SEP_ PragmaContext=_XLX_SEP_ PragmaFunction=log10_XLX_SEP_ PragmaOptions=_XLX_SEP_ [-Wdump-hls-pragmas]
#pragma HLS unroll
        ^
C:/Xilinx/Vitis_HLS/2023.2/common/technology/autopilot/etc/hls_log_apfixed.h:1068:9: warning: HLS pragma dump _XLX_SEP_ PragmaIsValid=1_XLX_SEP_ PragmaType=pipeline_XLX_SEP_ PragmaContext=_XLX_SEP_ PragmaFunction=log2_XLX_SEP_ PragmaOptions=_XLX_SEP_ [-Wdump-hls-pragmas]
#pragma HLS pipeline
        ^
C:/Xilinx/Vitis_HLS/2023.2/common/technology/autopilot/etc/hls_log_apfixed.h:1346:9: warning: HLS pragma dump _XLX_SEP_ PragmaIsValid=1_XLX_SEP_ PragmaType=unroll_XLX_SEP_ PragmaContext=_XLX_SEP_ PragmaFunction=log2_XLX_SEP_ PragmaOptions=_XLX_SEP_ [-Wdump-hls-pragmas]
#pragma HLS unroll
        ^
In file included from source/int4_decoder_blocks.cpp:4:
In file included from C:/Xilinx/Vitis_HLS/2023.2/common/technology/autopilot\hls_math.h:1043:
C:/Xilinx/Vitis_HLS/2023.2/common/technology/autopilot/etc/hls_sqrt_apfixed.h:18:9: warning: HLS pragma dump _XLX_SEP_ PragmaIsValid=1_XLX_SEP_ PragmaType=pipeline_XLX_SEP_ PragmaContext=_XLX_SEP_ PragmaFunction=sqrt_fixed_XLX_SEP_ PragmaOptions=_XLX_SEP_ [-Wdump-hls-pragmas]
#pragma HLS pipeline
        ^
C:/Xilinx/Vitis_HLS/2023.2/common/technology/autopilot/etc/hls_sqrt_apfixed.h:241:9: warning: HLS pragma dump _XLX_SEP_ PragmaIsValid=1_XLX_SEP_ PragmaType=unroll_XLX_SEP_ PragmaContext=_XLX_SEP_ PragmaFunction=sqrt_fixed_XLX_SEP_ PragmaOptions=_XLX_SEP_ [-Wdump-hls-pragmas]
#pragma HLS unroll
        ^
C:/Xilinx/Vitis_HLS/2023.2/common/technology/autopilot/etc/hls_sqrt_apfixed.h:269:9: warning: HLS pragma dump _XLX_SEP_ PragmaIsValid=1_XLX_SEP_ PragmaType=unroll_XLX_SEP_ PragmaContext=_XLX_SEP_ PragmaFunction=sqrt_fixed_XLX_SEP_ PragmaOptions=_XLX_SEP_ [-Wdump-hls-pragmas]
#pragma HLS unroll
        ^
C:/Xilinx/Vitis_HLS/2023.2/common/technology/autopilot/etc/hls_sqrt_apfixed.h:367:9: warning: HLS pragma dump _XLX_SEP_ PragmaIsValid=1_XLX_SEP_ PragmaType=pipeline_XLX_SEP_ PragmaContext=_XLX_SEP_ PragmaFunction=rsqrt_fixed_XLX_SEP_ PragmaOptions=_XLX_SEP_ [-Wdump-hls-pragmas]
#pragma HLS pipeline
        ^
C:/Xilinx/Vitis_HLS/2023.2/common/technology/autopilot/etc/hls_sqrt_apfixed.h:414:9: warning: HLS pragma dump _XLX_SEP_ PragmaIsValid=1_XLX_SEP_ PragmaType=pipeline_XLX_SEP_ PragmaContext=_XLX_SEP_ PragmaFunction=recip_fixed_XLX_SEP_ PragmaOptions=_XLX_SEP_ [-Wdump-hls-pragmas]
#pragma HLS pipeline
        ^
In file included from source/int4_decoder_blocks.cpp:4:
In file included from C:/Xilinx/Vitis_HLS/2023.2/common/technology/autopilot\hls_math.h:1044:
C:/Xilinx/Vitis_HLS/2023.2/common/technology/autopilot/etc/hls_round_copysign_apfixed.h:14:9: warning: HLS pragma dump _XLX_SEP_ PragmaIsValid=1_XLX_SEP_ PragmaType=pipeline_XLX_SEP_ PragmaContext=_XLX_SEP_ PragmaFunction=ceil_fixed_XLX_SEP_ PragmaOptions=_XLX_SEP_ [-Wdump-hls-pragmas]
#pragma HLS pipeline
        ^
C:/Xilinx/Vitis_HLS/2023.2/common/technology/autopilot/etc/hls_round_copysign_apfixed.h:31:9: warning: HLS pragma dump _XLX_SEP_ PragmaIsValid=1_XLX_SEP_ PragmaType=pipeline_XLX_SEP_ PragmaContext=_XLX_SEP_ PragmaFunction=ceil_fixed_XLX_SEP_ PragmaOptions=_XLX_SEP_ [-Wdump-hls-pragmas]
#pragma HLS pipeline
        ^
C:/Xilinx/Vitis_HLS/2023.2/common/technology/autopilot/etc/hls_round_copysign_apfixed.h:91:9: warning: HLS pragma dump _XLX_SEP_ PragmaIsValid=1_XLX_SEP_ PragmaType=pipeline_XLX_SEP_ PragmaContext=_XLX_SEP_ PragmaFunction=trunc_fixed_XLX_SEP_ PragmaOptions=_XLX_SEP_ [-Wdump-hls-pragmas]
#pragma HLS pipeline
        ^
C:/Xilinx/Vitis_HLS/2023.2/common/technology/autopilot/etc/hls_round_copysign_apfixed.h:177:9: warning: HLS pragma dump _XLX_SEP_ PragmaIsValid=1_XLX_SEP_ PragmaType=pipeline_XLX_SEP_ PragmaContext=_XLX_SEP_ PragmaFunction=round_fixed_XLX_SEP_ PragmaOptions=_XLX_SEP_ [-Wdump-hls-pragmas]
#pragma HLS pipeline
        ^
C:/Xilinx/Vitis_HLS/2023.2/common/technology/autopilot/etc/hls_round_copysign_apfixed.h:213:9: warning: HLS pragma dump _XLX_SEP_ PragmaIsValid=1_XLX_SEP_ PragmaType=pipeline_XLX_SEP_ PragmaContext=_XLX_SEP_ PragmaFunction=rint_fixed_XLX_SEP_ PragmaOptions=_XLX_SEP_ [-Wdump-hls-pragmas]
#pragma HLS pipeline
        ^
In file included from source/int4_decoder_blocks.cpp:4:
In file included from C:/Xilinx/Vitis_HLS/2023.2/common/technology/autopilot\hls_math.h:1045:
C:/Xilinx/Vitis_HLS/2023.2/common/technology/autopilot/etc/hls_pow_apfixed.h:49:9: warning: HLS pragma dump _XLX_SEP_ PragmaIsValid=1_XLX_SEP_ PragmaType=unroll_XLX_SEP_ PragmaContext=_XLX_SEP_ PragmaFunction=pow_XLX_SEP_ PragmaOptions=_XLX_SEP_ [-Wdump-hls-pragmas]
#pragma HLS unroll
        ^
C:/Xilinx/Vitis_HLS/2023.2/common/technology/autopilot/etc/hls_pow_apfixed.h:110:9: warning: HLS pragma dump _XLX_SEP_ PragmaIsValid=1_XLX_SEP_ PragmaType=unroll_XLX_SEP_ PragmaContext=_XLX_SEP_ PragmaFunction=pow_XLX_SEP_ PragmaOptions=_XLX_SEP_ [-Wdump-hls-pragmas]
#pragma HLS unroll
        ^
C:/Xilinx/Vitis_HLS/2023.2/common/technology/autopilot/etc/hls_pow_apfixed.h:124:9: warning: HLS pragma dump _XLX_SEP_ PragmaIsValid=1_XLX_SEP_ PragmaType=unroll_XLX_SEP_ PragmaContext=_XLX_SEP_ PragmaFunction=pow_XLX_SEP_ PragmaOptions=_XLX_SEP_ [-Wdump-hls-pragmas]
#pragma HLS unroll
        ^
C:/Xilinx/Vitis_HLS/2023.2/common/technology/autopilot/etc/hls_pow_apfixed.h:154:9: warning: HLS pragma dump _XLX_SEP_ PragmaIsValid=1_XLX_SEP_ PragmaType=unroll_XLX_SEP_ PragmaContext=_XLX_SEP_ PragmaFunction=pow_XLX_SEP_ PragmaOptions=_XLX_SEP_ [-Wdump-hls-pragmas]
#pragma HLS unroll
        ^
C:/Xilinx/Vitis_HLS/2023.2/common/technology/autopilot/etc/hls_pow_apfixed.h:282:9: warning: HLS pragma dump _XLX_SEP_ PragmaIsValid=1_XLX_SEP_ PragmaType=unroll_XLX_SEP_ PragmaContext=_XLX_SEP_ PragmaFunction=pown_XLX_SEP_ PragmaOptions=_XLX_SEP_ [-Wdump-hls-pragmas]
#pragma HLS unroll
        ^
C:/Xilinx/Vitis_HLS/2023.2/common/technology/autopilot/etc/hls_pow_apfixed.h:302:9: warning: HLS pragma dump _XLX_SEP_ PragmaIsValid=1_XLX_SEP_ PragmaType=unroll_XLX_SEP_ PragmaContext=_XLX_SEP_ PragmaFunction=pown_XLX_SEP_ PragmaOptions=_XLX_SEP_ [-Wdump-hls-pragmas]
#pragma HLS unroll
        ^
C:/Xilinx/Vitis_HLS/2023.2/common/technology/autopilot/etc/hls_pow_apfixed.h:316:9: warning: HLS pragma dump _XLX_SEP_ PragmaIsValid=1_XLX_SEP_ PragmaType=unroll_XLX_SEP_ PragmaContext=_XLX_SEP_ PragmaFunction=pown_XLX_SEP_ PragmaOptions=_XLX_SEP_ [-Wdump-hls-pragmas]
#pragma HLS unroll
        ^
C:/Xilinx/Vitis_HLS/2023.2/common/technology/autopilot/etc/hls_pow_apfixed.h:434:9: warning: HLS pragma dump _XLX_SEP_ PragmaIsValid=1_XLX_SEP_ PragmaType=unroll_XLX_SEP_ PragmaContext=_XLX_SEP_ PragmaFunction=rootn_XLX_SEP_ PragmaOptions=_XLX_SEP_ [-Wdump-hls-pragmas]
#pragma HLS unroll
        ^
C:/Xilinx/Vitis_HLS/2023.2/common/technology/autopilot/etc/hls_pow_apfixed.h:448:9: warning: HLS pragma dump _XLX_SEP_ PragmaIsValid=1_XLX_SEP_ PragmaType=unroll_XLX_SEP_ PragmaContext=_XLX_SEP_ PragmaFunction=rootn_XLX_SEP_ PragmaOptions=_XLX_SEP_ [-Wdump-hls-pragmas]
#pragma HLS unroll
        ^
In file included from source/int4_decoder_blocks.cpp:4:
In file included from C:/Xilinx/Vitis_HLS/2023.2/common/technology/autopilot\hls_math.h:1046:
C:/Xilinx/Vitis_HLS/2023.2/common/technology/autopilot/etc/hls_diff_apfixed.h:23:9: warning: HLS pragma dump _XLX_SEP_ PragmaIsValid=1_XLX_SEP_ PragmaType=pipeline_XLX_SEP_ PragmaContext=_XLX_SEP_ PragmaFunction=fdim_fixed_XLX_SEP_ PragmaOptions=II=1_XLX_SEP_ [-Wdump-hls-pragmas]
#pragma HLS PIPELINE II=1
        ^
C:/Xilinx/Vitis_HLS/2023.2/common/technology/autopilot/etc/hls_diff_apfixed.h:34:9: warning: HLS pragma dump _XLX_SEP_ PragmaIsValid=1_XLX_SEP_ PragmaType=unroll_XLX_SEP_ PragmaContext=_XLX_SEP_ PragmaFunction=fdim_fixed_XLX_SEP_ PragmaOptions=_XLX_SEP_ [-Wdump-hls-pragmas]
#pragma HLS UNROLL
        ^
C:/Xilinx/Vitis_HLS/2023.2/common/technology/autopilot/etc/hls_diff_apfixed.h:163:9: warning: HLS pragma dump _XLX_SEP_ PragmaIsValid=1_XLX_SEP_ PragmaType=pipeline_XLX_SEP_ PragmaContext=_XLX_SEP_ PragmaFunction=maxmag_fixed_XLX_SEP_ PragmaOptions=II=1_XLX_SEP_ [-Wdump-hls-pragmas]
#pragma HLS PIPELINE II=1
        ^
C:/Xilinx/Vitis_HLS/2023.2/common/technology/autopilot/etc/hls_diff_apfixed.h:184:9: warning: HLS pragma dump _XLX_SEP_ PragmaIsValid=1_XLX_SEP_ PragmaType=unroll_XLX_SEP_ PragmaContext=_XLX_SEP_ PragmaFunction=maxmag_fixed_XLX_SEP_ PragmaOptions=_XLX_SEP_ [-Wdump-hls-pragmas]
#pragma HLS UNROLL
        ^
C:/Xilinx/Vitis_HLS/2023.2/common/technology/autopilot/etc/hls_diff_apfixed.h:229:9: warning: HLS pragma dump _XLX_SEP_ PragmaIsValid=1_XLX_SEP_ PragmaType=pipeline_XLX_SEP_ PragmaContext=_XLX_SEP_ PragmaFunction=minmag_fixed_XLX_SEP_ PragmaOptions=II=1_XLX_SEP_ [-Wdump-hls-pragmas]
#pragma HLS PIPELINE II=1
        ^
C:/Xilinx/Vitis_HLS/2023.2/common/technology/autopilot/etc/hls_diff_apfixed.h:249:9: warning: HLS pragma dump _XLX_SEP_ PragmaIsValid=1_XLX_SEP_ PragmaType=unroll_XLX_SEP_ PragmaContext=_XLX_SEP_ PragmaFunction=minmag_fixed_XLX_SEP_ PragmaOptions=_XLX_SEP_ [-Wdump-hls-pragmas]
#pragma HLS UNROLL
        ^
In file included from source/int4_decoder_blocks.cpp:4:
In file included from C:/Xilinx/Vitis_HLS/2023.2/common/technology/autopilot\hls_math.h:1048:
C:/Xilinx/Vitis_HLS/2023.2/common/technology/autopilot/etc/hls_frexp_apfixed.h:46:9: warning: HLS pragma dump _XLX_SEP_ PragmaIsValid=1_XLX_SEP_ PragmaType=pipeline_XLX_SEP_ PragmaContext=_XLX_SEP_ PragmaFunction=frexp_XLX_SEP_ PragmaOptions=II=1_XLX_SEP_ [-Wdump-hls-pragmas]
#pragma HLS pipeline II=1
        ^
In file included from source/int4_decoder_blocks.cpp:4:
In file included from C:/Xilinx/Vitis_HLS/2023.2/common/technology/autopilot\hls_math.h:1050:
C:/Xilinx/Vitis_HLS/2023.2/common/technology/autopilot/etc/hls_isequal_isnotequal_apfixed.h:17:9: warning: HLS pragma dump _XLX_SEP_ PragmaIsValid=1_XLX_SEP_ PragmaType=pipeline_XLX_SEP_ PragmaContext=_XLX_SEP_ PragmaFunction=generic_isequal_XLX_SEP_ PragmaOptions=_XLX_SEP_ [-Wdump-hls-pragmas]
#pragma HLS pipeline
        ^
C:/Xilinx/Vitis_HLS/2023.2/common/technology/autopilot/etc/hls_isequal_isnotequal_apfixed.h:25:9: warning: HLS pragma dump _XLX_SEP_ PragmaIsValid=1_XLX_SEP_ PragmaType=pipeline_XLX_SEP_ PragmaContext=_XLX_SEP_ PragmaFunction=generic_isnotequal_XLX_SEP_ PragmaOptions=_XLX_SEP_ [-Wdump-hls-pragmas]
#pragma HLS pipeline
        ^
C:/Xilinx/Vitis_HLS/2023.2/common/technology/autopilot/etc/hls_isequal_isnotequal_apfixed.h:33:9: warning: HLS pragma dump _XLX_SEP_ PragmaIsValid=1_XLX_SEP_ PragmaType=pipeline_XLX_SEP_ PragmaContext=_XLX_SEP_ PragmaFunction=generic_isequal_XLX_SEP_ PragmaOptions=_XLX_SEP_ [-Wdump-hls-pragmas]
#pragma HLS pipeline
        ^
C:/Xilinx/Vitis_HLS/2023.2/common/technology/autopilot/etc/hls_isequal_isnotequal_apfixed.h:41:9: warning: HLS pragma dump _XLX_SEP_ PragmaIsValid=1_XLX_SEP_ PragmaType=pipeline_XLX_SEP_ PragmaContext=_XLX_SEP_ PragmaFunction=generic_isnotequal_XLX_SEP_ PragmaOptions=_XLX_SEP_ [-Wdump-hls-pragmas]
#pragma HLS pipeline
        ^
C:/Xilinx/Vitis_HLS/2023.2/common/technology/autopilot/etc/hls_isequal_isnotequal_apfixed.h:49:9: warning: HLS pragma dump _XLX_SEP_ PragmaIsValid=1_XLX_SEP_ PragmaType=pipeline_XLX_SEP_ PragmaContext=_XLX_SEP_ PragmaFunction=generic_isequal_XLX_SEP_ PragmaOptions=_XLX_SEP_ [-Wdump-hls-pragmas]
#pragma HLS pipeline
        ^
C:/Xilinx/Vitis_HLS/2023.2/common/technology/autopilot/etc/hls_isequal_isnotequal_apfixed.h:57:9: warning: HLS pragma dump _XLX_SEP_ PragmaIsValid=1_XLX_SEP_ PragmaType=pipeline_XLX_SEP_ PragmaContext=_XLX_SEP_ PragmaFunction=generic_isnotequal_XLX_SEP_ PragmaOptions=_XLX_SEP_ [-Wdump-hls-pragmas]
#pragma HLS pipeline
        ^
C:/Xilinx/Vitis_HLS/2023.2/common/technology/autopilot/etc/hls_isequal_isnotequal_apfixed.h:65:9: warning: HLS pragma dump _XLX_SEP_ PragmaIsValid=1_XLX_SEP_ PragmaType=pipeline_XLX_SEP_ PragmaContext=_XLX_SEP_ PragmaFunction=generic_isequal_XLX_SEP_ PragmaOptions=_XLX_SEP_ [-Wdump-hls-pragmas]
#pragma HLS pipeline
        ^
C:/Xilinx/Vitis_HLS/2023.2/common/technology/autopilot/etc/hls_isequal_isnotequal_apfixed.h:73:9: warning: HLS pragma dump _XLX_SEP_ PragmaIsValid=1_XLX_SEP_ PragmaType=pipeline_XLX_SEP_ PragmaContext=_XLX_SEP_ PragmaFunction=generic_isnotequal_XLX_SEP_ PragmaOptions=_XLX_SEP_ [-Wdump-hls-pragmas]
#pragma HLS pipeline
        ^
C:/Xilinx/Vitis_HLS/2023.2/common/technology/autopilot/etc/hls_isequal_isnotequal_apfixed.h:82:9: warning: HLS pragma dump _XLX_SEP_ PragmaIsValid=1_XLX_SEP_ PragmaType=pipeline_XLX_SEP_ PragmaContext=_XLX_SEP_ PragmaFunction=generic_isequal_XLX_SEP_ PragmaOptions=_XLX_SEP_ [-Wdump-hls-pragmas]
#pragma HLS pipeline
        ^
C:/Xilinx/Vitis_HLS/2023.2/common/technology/autopilot/etc/hls_isequal_isnotequal_apfixed.h:90:9: warning: HLS pragma dump _XLX_SEP_ PragmaIsValid=1_XLX_SEP_ PragmaType=pipeline_XLX_SEP_ PragmaContext=_XLX_SEP_ PragmaFunction=generic_isnotequal_XLX_SEP_ PragmaOptions=_XLX_SEP_ [-Wdump-hls-pragmas]
#pragma HLS pipeline
        ^
C:/Xilinx/Vitis_HLS/2023.2/common/technology/autopilot/etc/hls_isequal_isnotequal_apfixed.h:98:9: warning: HLS pragma dump _XLX_SEP_ PragmaIsValid=1_XLX_SEP_ PragmaType=pipeline_XLX_SEP_ PragmaContext=_XLX_SEP_ PragmaFunction=generic_isequal_XLX_SEP_ PragmaOptions=_XLX_SEP_ [-Wdump-hls-pragmas]
#pragma HLS pipeline
        ^
C:/Xilinx/Vitis_HLS/2023.2/common/technology/autopilot/etc/hls_isequal_isnotequal_apfixed.h:106:9: warning: HLS pragma dump _XLX_SEP_ PragmaIsValid=1_XLX_SEP_ PragmaType=pipeline_XLX_SEP_ PragmaContext=_XLX_SEP_ PragmaFunction=generic_isnotequal_XLX_SEP_ PragmaOptions=_XLX_SEP_ [-Wdump-hls-pragmas]
#pragma HLS pipeline
        ^
C:/Xilinx/Vitis_HLS/2023.2/common/technology/autopilot/etc/hls_isequal_isnotequal_apfixed.h:114:9: warning: HLS pragma dump _XLX_SEP_ PragmaIsValid=1_XLX_SEP_ PragmaType=pipeline_XLX_SEP_ PragmaContext=_XLX_SEP_ PragmaFunction=generic_isequal_XLX_SEP_ PragmaOptions=_XLX_SEP_ [-Wdump-hls-pragmas]
#pragma HLS pipeline
        ^
C:/Xilinx/Vitis_HLS/2023.2/common/technology/autopilot/etc/hls_isequal_isnotequal_apfixed.h:122:9: warning: HLS pragma dump _XLX_SEP_ PragmaIsValid=1_XLX_SEP_ PragmaType=pipeline_XLX_SEP_ PragmaContext=_XLX_SEP_ PragmaFunction=generic_isnotequal_XLX_SEP_ PragmaOptions=_XLX_SEP_ [-Wdump-hls-pragmas]
#pragma HLS pipeline
        ^
C:/Xilinx/Vitis_HLS/2023.2/common/technology/autopilot/etc/hls_isequal_isnotequal_apfixed.h:130:9: warning: HLS pragma dump _XLX_SEP_ PragmaIsValid=1_XLX_SEP_ PragmaType=pipeline_XLX_SEP_ PragmaContext=_XLX_SEP_ PragmaFunction=generic_isequal_XLX_SEP_ PragmaOptions=_XLX_SEP_ [-Wdump-hls-pragmas]
#pragma HLS pipeline
        ^
C:/Xilinx/Vitis_HLS/2023.2/common/technology/autopilot/etc/hls_isequal_isnotequal_apfixed.h:138:9: warning: HLS pragma dump _XLX_SEP_ PragmaIsValid=1_XLX_SEP_ PragmaType=pipeline_XLX_SEP_ PragmaContext=_XLX_SEP_ PragmaFunction=generic_isnotequal_XLX_SEP_ PragmaOptions=_XLX_SEP_ [-Wdump-hls-pragmas]
#pragma HLS pipeline
        ^
In file included from source/int4_decoder_blocks.cpp:4:
In file included from C:/Xilinx/Vitis_HLS/2023.2/common/technology/autopilot\hls_math.h:1051:
C:/Xilinx/Vitis_HLS/2023.2/common/technology/autopilot/etc/hls_all_any_apfixed.h:15:9: warning: HLS pragma dump _XLX_SEP_ PragmaIsValid=1_XLX_SEP_ PragmaType=pipeline_XLX_SEP_ PragmaContext=_XLX_SEP_ PragmaFunction=generic_all_XLX_SEP_ PragmaOptions=II=1_XLX_SEP_ [-Wdump-hls-pragmas]
#pragma HLS pipeline II=1
        ^
C:/Xilinx/Vitis_HLS/2023.2/common/technology/autopilot/etc/hls_all_any_apfixed.h:26:9: warning: HLS pragma dump _XLX_SEP_ PragmaIsValid=1_XLX_SEP_ PragmaType=pipeline_XLX_SEP_ PragmaContext=_XLX_SEP_ PragmaFunction=generic_all_XLX_SEP_ PragmaOptions=II=1_XLX_SEP_ [-Wdump-hls-pragmas]
#pragma HLS pipeline II=1
        ^
C:/Xilinx/Vitis_HLS/2023.2/common/technology/autopilot/etc/hls_all_any_apfixed.h:37:9: warning: HLS pragma dump _XLX_SEP_ PragmaIsValid=1_XLX_SEP_ PragmaType=pipeline_XLX_SEP_ PragmaContext=_XLX_SEP_ PragmaFunction=generic_all_XLX_SEP_ PragmaOptions=II=1_XLX_SEP_ [-Wdump-hls-pragmas]
#pragma HLS pipeline II=1
        ^
C:/Xilinx/Vitis_HLS/2023.2/common/technology/autopilot/etc/hls_all_any_apfixed.h:48:9: warning: HLS pragma dump _XLX_SEP_ PragmaIsValid=1_XLX_SEP_ PragmaType=pipeline_XLX_SEP_ PragmaContext=_XLX_SEP_ PragmaFunction=generic_all_XLX_SEP_ PragmaOptions=II=1_XLX_SEP_ [-Wdump-hls-pragmas]
#pragma HLS pipeline II=1
        ^
C:/Xilinx/Vitis_HLS/2023.2/common/technology/autopilot/etc/hls_all_any_apfixed.h:59:9: warning: HLS pragma dump _XLX_SEP_ PragmaIsValid=1_XLX_SEP_ PragmaType=pipeline_XLX_SEP_ PragmaContext=_XLX_SEP_ PragmaFunction=generic_any_XLX_SEP_ PragmaOptions=II=1_XLX_SEP_ [-Wdump-hls-pragmas]
#pragma HLS pipeline II=1
        ^
C:/Xilinx/Vitis_HLS/2023.2/common/technology/autopilot/etc/hls_all_any_apfixed.h:70:9: warning: HLS pragma dump _XLX_SEP_ PragmaIsValid=1_XLX_SEP_ PragmaType=pipeline_XLX_SEP_ PragmaContext=_XLX_SEP_ PragmaFunction=generic_any_XLX_SEP_ PragmaOptions=II=1_XLX_SEP_ [-Wdump-hls-pragmas]
#pragma HLS pipeline II=1
        ^
C:/Xilinx/Vitis_HLS/2023.2/common/technology/autopilot/etc/hls_all_any_apfixed.h:81:9: warning: HLS pragma dump _XLX_SEP_ PragmaIsValid=1_XLX_SEP_ PragmaType=pipeline_XLX_SEP_ PragmaContext=_XLX_SEP_ PragmaFunction=generic_any_XLX_SEP_ PragmaOptions=II=1_XLX_SEP_ [-Wdump-hls-pragmas]
#pragma HLS pipeline II=1
        ^
C:/Xilinx/Vitis_HLS/2023.2/common/technology/autopilot/etc/hls_all_any_apfixed.h:92:9: warning: HLS pragma dump _XLX_SEP_ PragmaIsValid=1_XLX_SEP_ PragmaType=pipeline_XLX_SEP_ PragmaContext=_XLX_SEP_ PragmaFunction=generic_any_XLX_SEP_ PragmaOptions=II=1_XLX_SEP_ [-Wdump-hls-pragmas]
#pragma HLS pipeline II=1
        ^
In file included from source/int4_decoder_blocks.cpp:4:
In file included from C:/Xilinx/Vitis_HLS/2023.2/common/technology/autopilot\hls_math.h:1052:
C:/Xilinx/Vitis_HLS/2023.2/common/technology/autopilot/etc/hls_select_bitselect_apfixed.h:39:9: warning: HLS pragma dump _XLX_SEP_ PragmaIsValid=1_XLX_SEP_ PragmaType=pipeline_XLX_SEP_ PragmaContext=_XLX_SEP_ PragmaFunction=generic_bitselect_XLX_SEP_ PragmaOptions=_XLX_SEP_ [-Wdump-hls-pragmas]
#pragma HLS pipeline
        ^
C:/Xilinx/Vitis_HLS/2023.2/common/technology/autopilot/etc/hls_select_bitselect_apfixed.h:47:9: warning: HLS pragma dump _XLX_SEP_ PragmaIsValid=1_XLX_SEP_ PragmaType=pipeline_XLX_SEP_ PragmaContext=_XLX_SEP_ PragmaFunction=generic_bitselect_XLX_SEP_ PragmaOptions=_XLX_SEP_ [-Wdump-hls-pragmas]
#pragma HLS pipeline
        ^
C:/Xilinx/Vitis_HLS/2023.2/common/technology/autopilot/etc/hls_select_bitselect_apfixed.h:55:9: warning: HLS pragma dump _XLX_SEP_ PragmaIsValid=1_XLX_SEP_ PragmaType=pipeline_XLX_SEP_ PragmaContext=_XLX_SEP_ PragmaFunction=generic_bitselect_XLX_SEP_ PragmaOptions=_XLX_SEP_ [-Wdump-hls-pragmas]
#pragma HLS pipeline
        ^
C:/Xilinx/Vitis_HLS/2023.2/common/technology/autopilot/etc/hls_select_bitselect_apfixed.h:62:9: warning: HLS pragma dump _XLX_SEP_ PragmaIsValid=1_XLX_SEP_ PragmaType=pipeline_XLX_SEP_ PragmaContext=_XLX_SEP_ PragmaFunction=generic_bitselect_XLX_SEP_ PragmaOptions=_XLX_SEP_ [-Wdump-hls-pragmas]
#pragma HLS pipeline
        ^
In file included from source/int4_decoder_blocks.cpp:4:
In file included from C:/Xilinx/Vitis_HLS/2023.2/common/technology/autopilot\hls_math.h:1053:
C:/Xilinx/Vitis_HLS/2023.2/common/technology/autopilot/etc/hls_erf_apfixed.h:490:9: warning: HLS pragma dump _XLX_SEP_ PragmaIsValid=1_XLX_SEP_ PragmaType=pipeline_XLX_SEP_ PragmaContext=_XLX_SEP_ PragmaFunction=erfc_XLX_SEP_ PragmaOptions=II=1_XLX_SEP_ [-Wdump-hls-pragmas]
#pragma HLS PIPELINE II=1
        ^
In file included from source/int4_decoder_blocks.cpp:4:
In file included from C:/Xilinx/Vitis_HLS/2023.2/common/technology/autopilot\hls_math.h:1055:
C:/Xilinx/Vitis_HLS/2023.2/common/technology/autopilot/etc/hls_lgamma_apfixed.h:17:9: warning: HLS pragma dump _XLX_SEP_ PragmaIsValid=1_XLX_SEP_ PragmaType=pipeline_XLX_SEP_ PragmaContext=_XLX_SEP_ PragmaFunction=lgamma_generic_XLX_SEP_ PragmaOptions=_XLX_SEP_ [-Wdump-hls-pragmas]
#pragma HLS pipeline
        ^
In file included from source/int4_decoder_blocks.cpp:4:
In file included from C:/Xilinx/Vitis_HLS/2023.2/common/technology/autopilot\hls_math.h:1056:
C:/Xilinx/Vitis_HLS/2023.2/common/technology/autopilot/etc/hls_tgamma_apfixed.h:18:9: warning: HLS pragma dump _XLX_SEP_ PragmaIsValid=1_XLX_SEP_ PragmaType=pipeline_XLX_SEP_ PragmaContext=_XLX_SEP_ PragmaFunction=tgamma_generic_XLX_SEP_ PragmaOptions=_XLX_SEP_ [-Wdump-hls-pragmas]
#pragma HLS pipeline
        ^
In file included from source/int4_decoder_blocks.cpp:4:
In file included from C:/Xilinx/Vitis_HLS/2023.2/common/technology/autopilot\hls_math.h:1058:
C:/Xilinx/Vitis_HLS/2023.2/common/technology/autopilot/etc/hls_mad_apfixed.h:27:9: warning: HLS pragma dump _XLX_SEP_ PragmaIsValid=1_XLX_SEP_ PragmaType=unroll_XLX_SEP_ PragmaContext=_XLX_SEP_ PragmaFunction=generic_mad_XLX_SEP_ PragmaOptions=_XLX_SEP_ [-Wdump-hls-pragmas]
#pragma HLS unroll
        ^
In file included from source/int4_decoder_blocks.cpp:4:
In file included from C:/Xilinx/Vitis_HLS/2023.2/common/technology/autopilot\hls_math.h:1060:
C:/Xilinx/Vitis_HLS/2023.2/common/technology/autopilot/etc/hls_hypot_apfixed.h:170:9: warning: HLS pragma dump _XLX_SEP_ PragmaIsValid=1_XLX_SEP_ PragmaType=unroll_XLX_SEP_ PragmaContext=_XLX_SEP_ PragmaFunction=hypot_fixed_XLX_SEP_ PragmaOptions=_XLX_SEP_ [-Wdump-hls-pragmas]
#pragma HLS unroll
        ^
source/int4_decoder_blocks.cpp:13:9: warning: HLS pragma dump _XLX_SEP_ PragmaIsValid=1_XLX_SEP_ PragmaType=inline_XLX_SEP_ PragmaContext=_XLX_SEP_ PragmaFunction=int4_block_bits_to_float_XLX_SEP_ PragmaOptions=_XLX_SEP_ [-Wdump-hls-pragmas]
#pragma HLS INLINE
        ^
source/int4_decoder_blocks.cpp:20:9: warning: HLS pragma dump _XLX_SEP_ PragmaIsValid=1_XLX_SEP_ PragmaType=inline_XLX_SEP_ PragmaContext=_XLX_SEP_ PragmaFunction=int4_block_float_to_bits_XLX_SEP_ PragmaOptions=_XLX_SEP_ [-Wdump-hls-pragmas]
#pragma HLS INLINE
        ^
source/int4_decoder_blocks.cpp:30:9: warning: HLS pragma dump _XLX_SEP_ PragmaIsValid=1_XLX_SEP_ PragmaType=inline_XLX_SEP_ PragmaContext=_XLX_SEP_ PragmaFunction=int4_block_unpack_fp32_lanes_XLX_SEP_ PragmaOptions=_XLX_SEP_ [-Wdump-hls-pragmas]
#pragma HLS INLINE
        ^
source/int4_decoder_blocks.cpp:31:9: warning: HLS pragma dump _XLX_SEP_ PragmaIsValid=1_XLX_SEP_ PragmaType=array_partition_XLX_SEP_ PragmaContext=_XLX_SEP_ PragmaFunction=int4_block_unpack_fp32_lanes_XLX_SEP_ PragmaOptions=variable=lanes complete_XLX_SEP_ [-Wdump-hls-pragmas]
#pragma HLS ARRAY_PARTITION variable=lanes complete
        ^
source/int4_decoder_blocks.cpp:35:9: warning: HLS pragma dump _XLX_SEP_ PragmaIsValid=1_XLX_SEP_ PragmaType=unroll_XLX_SEP_ PragmaContext=_XLX_SEP_ PragmaFunction=int4_block_unpack_fp32_lanes_XLX_SEP_ PragmaOptions=_XLX_SEP_ [-Wdump-hls-pragmas]
#pragma HLS UNROLL
        ^
source/int4_decoder_blocks.cpp:44:9: warning: HLS pragma dump _XLX_SEP_ PragmaIsValid=1_XLX_SEP_ PragmaType=inline_XLX_SEP_ PragmaContext=_XLX_SEP_ PragmaFunction=int4_rms_sumsq_pe_XLX_SEP_ PragmaOptions=off_XLX_SEP_ [-Wdump-hls-pragmas]
#pragma HLS INLINE off
        ^
source/int4_decoder_blocks.cpp:47:9: warning: HLS pragma dump _XLX_SEP_ PragmaIsValid=1_XLX_SEP_ PragmaType=array_partition_XLX_SEP_ PragmaContext=_XLX_SEP_ PragmaFunction=int4_rms_sumsq_pe_XLX_SEP_ PragmaOptions=variable=lane_accumulator complete_XLX_SEP_ [-Wdump-hls-pragmas]
#pragma HLS ARRAY_PARTITION variable=lane_accumulator complete
        ^
source/int4_decoder_blocks.cpp:51:9: warning: HLS pragma dump _XLX_SEP_ PragmaIsValid=1_XLX_SEP_ PragmaType=unroll_XLX_SEP_ PragmaContext=_XLX_SEP_ PragmaFunction=int4_rms_sumsq_pe_XLX_SEP_ PragmaOptions=_XLX_SEP_ [-Wdump-hls-pragmas]
#pragma HLS UNROLL
        ^
source/int4_decoder_blocks.cpp:60:9: warning: HLS pragma dump _XLX_SEP_ PragmaIsValid=1_XLX_SEP_ PragmaType=array_partition_XLX_SEP_ PragmaContext=_XLX_SEP_ PragmaFunction=int4_rms_sumsq_pe_XLX_SEP_ PragmaOptions=variable=packed_lanes complete_XLX_SEP_ [-Wdump-hls-pragmas]
#pragma HLS ARRAY_PARTITION variable=packed_lanes complete
        ^
source/int4_decoder_blocks.cpp:68:9: warning: HLS pragma dump _XLX_SEP_ PragmaIsValid=1_XLX_SEP_ PragmaType=pipeline_XLX_SEP_ PragmaContext=_XLX_SEP_ PragmaFunction=int4_rms_sumsq_pe_XLX_SEP_ PragmaOptions=II=1_XLX_SEP_ [-Wdump-hls-pragmas]
#pragma HLS PIPELINE II=1
        ^
source/int4_decoder_blocks.cpp:78:9: warning: HLS pragma dump _XLX_SEP_ PragmaIsValid=1_XLX_SEP_ PragmaType=pipeline_XLX_SEP_ PragmaContext=_XLX_SEP_ PragmaFunction=int4_rms_sumsq_pe_XLX_SEP_ PragmaOptions=II=1_XLX_SEP_ [-Wdump-hls-pragmas]
#pragma HLS PIPELINE II=1
        ^
source/int4_decoder_blocks.cpp:91:9: warning: HLS pragma dump _XLX_SEP_ PragmaIsValid=1_XLX_SEP_ PragmaType=inline_XLX_SEP_ PragmaContext=_XLX_SEP_ PragmaFunction=int4_rms_merge_and_rsqrt_XLX_SEP_ PragmaOptions=off_XLX_SEP_ [-Wdump-hls-pragmas]
#pragma HLS INLINE off
        ^
source/int4_decoder_blocks.cpp:107:9: warning: HLS pragma dump _XLX_SEP_ PragmaIsValid=1_XLX_SEP_ PragmaType=inline_XLX_SEP_ PragmaContext=_XLX_SEP_ PragmaFunction=int4_rms_normalize_quantize_pe_XLX_SEP_ PragmaOptions=off_XLX_SEP_ [-Wdump-hls-pragmas]
#pragma HLS INLINE off
        ^
source/int4_decoder_blocks.cpp:113:9: warning: HLS pragma dump _XLX_SEP_ PragmaIsValid=1_XLX_SEP_ PragmaType=bind_storage_XLX_SEP_ PragmaContext=_XLX_SEP_ PragmaFunction=int4_rms_normalize_quantize_pe_XLX_SEP_ PragmaOptions=variable=normalized type=ram_1p impl=bram latency=1_XLX_SEP_ [-Wdump-hls-pragmas]
#pragma HLS BIND_STORAGE variable=normalized type=ram_1p impl=bram latency=1
        ^
source/int4_decoder_blocks.cpp:128:9: warning: HLS pragma dump _XLX_SEP_ PragmaIsValid=1_XLX_SEP_ PragmaType=array_partition_XLX_SEP_ PragmaContext=_XLX_SEP_ PragmaFunction=int4_rms_normalize_quantize_pe_XLX_SEP_ PragmaOptions=variable=input_lanes complete_XLX_SEP_ [-Wdump-hls-pragmas]
#pragma HLS ARRAY_PARTITION variable=input_lanes complete
        ^
source/int4_decoder_blocks.cpp:129:9: warning: HLS pragma dump _XLX_SEP_ PragmaIsValid=1_XLX_SEP_ PragmaType=array_partition_XLX_SEP_ PragmaContext=_XLX_SEP_ PragmaFunction=int4_rms_normalize_quantize_pe_XLX_SEP_ PragmaOptions=variable=gamma_lanes complete_XLX_SEP_ [-Wdump-hls-pragmas]
#pragma HLS ARRAY_PARTITION variable=gamma_lanes complete
        ^
source/int4_decoder_blocks.cpp:139:9: warning: HLS pragma dump _XLX_SEP_ PragmaIsValid=1_XLX_SEP_ PragmaType=pipeline_XLX_SEP_ PragmaContext=_XLX_SEP_ PragmaFunction=int4_rms_normalize_quantize_pe_XLX_SEP_ PragmaOptions=II=1_XLX_SEP_ [-Wdump-hls-pragmas]
#pragma HLS PIPELINE II=1
        ^
source/int4_decoder_blocks.cpp:176:9: warning: HLS pragma dump _XLX_SEP_ PragmaIsValid=1_XLX_SEP_ PragmaType=pipeline_XLX_SEP_ PragmaContext=_XLX_SEP_ PragmaFunction=int4_rms_normalize_quantize_pe_XLX_SEP_ PragmaOptions=II=1_XLX_SEP_ [-Wdump-hls-pragmas]
#pragma HLS PIPELINE II=1
        ^
source/int4_decoder_blocks.cpp:208:9: warning: HLS pragma dump _XLX_SEP_ PragmaIsValid=1_XLX_SEP_ PragmaType=inline_XLX_SEP_ PragmaContext=_XLX_SEP_ PragmaFunction=int4_rms_gather_outputs_XLX_SEP_ PragmaOptions=off_XLX_SEP_ [-Wdump-hls-pragmas]
#pragma HLS INLINE off
        ^
source/int4_decoder_blocks.cpp:223:9: warning: HLS pragma dump _XLX_SEP_ PragmaIsValid=1_XLX_SEP_ PragmaType=pipeline_XLX_SEP_ PragmaContext=_XLX_SEP_ PragmaFunction=int4_rms_gather_outputs_XLX_SEP_ PragmaOptions=II=1_XLX_SEP_ [-Wdump-hls-pragmas]
#pragma HLS PIPELINE II=1
        ^
source/int4_decoder_blocks.cpp:266:9: warning: HLS pragma dump _XLX_SEP_ PragmaIsValid=1_XLX_SEP_ PragmaType=inline_XLX_SEP_ PragmaContext=_XLX_SEP_ PragmaFunction=int4_rms_gather_streams_XLX_SEP_ PragmaOptions=off_XLX_SEP_ [-Wdump-hls-pragmas]
#pragma HLS INLINE off
        ^
source/int4_decoder_blocks.cpp:279:9: warning: HLS pragma dump _XLX_SEP_ PragmaIsValid=1_XLX_SEP_ PragmaType=pipeline_XLX_SEP_ PragmaContext=_XLX_SEP_ PragmaFunction=int4_rms_gather_streams_XLX_SEP_ PragmaOptions=II=1_XLX_SEP_ [-Wdump-hls-pragmas]
#pragma HLS PIPELINE II=1
        ^
source/int4_decoder_blocks.cpp:309:9: warning: HLS pragma dump _XLX_SEP_ PragmaIsValid=1_XLX_SEP_ PragmaType=inline_XLX_SEP_ PragmaContext=_XLX_SEP_ PragmaFunction=int4_rms_sumsq_four_pes_XLX_SEP_ PragmaOptions=off_XLX_SEP_ [-Wdump-hls-pragmas]
#pragma HLS INLINE off
        ^
source/int4_decoder_blocks.cpp:310:9: warning: HLS pragma dump _XLX_SEP_ PragmaIsValid=1_XLX_SEP_ PragmaType=dataflow_XLX_SEP_ PragmaContext=_XLX_SEP_ PragmaFunction=int4_rms_sumsq_four_pes_XLX_SEP_ PragmaOptions=disable_start_propagation_XLX_SEP_ [-Wdump-hls-pragmas]
#pragma HLS DATAFLOW disable_start_propagation
        ^
source/int4_decoder_blocks.cpp:316:9: warning: HLS pragma dump _XLX_SEP_ PragmaIsValid=1_XLX_SEP_ PragmaType=stream_XLX_SEP_ PragmaContext=_XLX_SEP_ PragmaFunction=int4_rms_sumsq_four_pes_XLX_SEP_ PragmaOptions=variable=partial_0 depth=2_XLX_SEP_ [-Wdump-hls-pragmas]
#pragma HLS STREAM variable=partial_0 depth=2
        ^
source/int4_decoder_blocks.cpp:317:9: warning: HLS pragma dump _XLX_SEP_ PragmaIsValid=1_XLX_SEP_ PragmaType=stream_XLX_SEP_ PragmaContext=_XLX_SEP_ PragmaFunction=int4_rms_sumsq_four_pes_XLX_SEP_ PragmaOptions=variable=partial_1 depth=2_XLX_SEP_ [-Wdump-hls-pragmas]
#pragma HLS STREAM variable=partial_1 depth=2
        ^
source/int4_decoder_blocks.cpp:318:9: warning: HLS pragma dump _XLX_SEP_ PragmaIsValid=1_XLX_SEP_ PragmaType=stream_XLX_SEP_ PragmaContext=_XLX_SEP_ PragmaFunction=int4_rms_sumsq_four_pes_XLX_SEP_ PragmaOptions=variable=partial_2 depth=2_XLX_SEP_ [-Wdump-hls-pragmas]
#pragma HLS STREAM variable=partial_2 depth=2
        ^
source/int4_decoder_blocks.cpp:319:9: warning: HLS pragma dump _XLX_SEP_ PragmaIsValid=1_XLX_SEP_ PragmaType=stream_XLX_SEP_ PragmaContext=_XLX_SEP_ PragmaFunction=int4_rms_sumsq_four_pes_XLX_SEP_ PragmaOptions=variable=partial_3 depth=2_XLX_SEP_ [-Wdump-hls-pragmas]
#pragma HLS STREAM variable=partial_3 depth=2
        ^
source/int4_decoder_blocks.cpp:343:9: warning: HLS pragma dump _XLX_SEP_ PragmaIsValid=1_XLX_SEP_ PragmaType=inline_XLX_SEP_ PragmaContext=_XLX_SEP_ PragmaFunction=int4_rms_normalize_quantize_four_pes_XLX_SEP_ PragmaOptions=off_XLX_SEP_ [-Wdump-hls-pragmas]
#pragma HLS INLINE off
        ^
source/int4_decoder_blocks.cpp:344:9: warning: HLS pragma dump _XLX_SEP_ PragmaIsValid=1_XLX_SEP_ PragmaType=dataflow_XLX_SEP_ PragmaContext=_XLX_SEP_ PragmaFunction=int4_rms_normalize_quantize_four_pes_XLX_SEP_ PragmaOptions=disable_start_propagation_XLX_SEP_ [-Wdump-hls-pragmas]
#pragma HLS DATAFLOW disable_start_propagation
        ^
source/int4_decoder_blocks.cpp:354:9: warning: HLS pragma dump _XLX_SEP_ PragmaIsValid=1_XLX_SEP_ PragmaType=stream_XLX_SEP_ PragmaContext=_XLX_SEP_ PragmaFunction=int4_rms_normalize_quantize_four_pes_XLX_SEP_ PragmaOptions=variable=quantized_pe0 depth=4_XLX_SEP_ [-Wdump-hls-pragmas]
#pragma HLS STREAM variable=quantized_pe0 depth=4
        ^
source/int4_decoder_blocks.cpp:355:9: warning: HLS pragma dump _XLX_SEP_ PragmaIsValid=1_XLX_SEP_ PragmaType=stream_XLX_SEP_ PragmaContext=_XLX_SEP_ PragmaFunction=int4_rms_normalize_quantize_four_pes_XLX_SEP_ PragmaOptions=variable=quantized_pe1 depth=4_XLX_SEP_ [-Wdump-hls-pragmas]
#pragma HLS STREAM variable=quantized_pe1 depth=4
        ^
source/int4_decoder_blocks.cpp:356:9: warning: HLS pragma dump _XLX_SEP_ PragmaIsValid=1_XLX_SEP_ PragmaType=stream_XLX_SEP_ PragmaContext=_XLX_SEP_ PragmaFunction=int4_rms_normalize_quantize_four_pes_XLX_SEP_ PragmaOptions=variable=quantized_pe2 depth=4_XLX_SEP_ [-Wdump-hls-pragmas]
#pragma HLS STREAM variable=quantized_pe2 depth=4
        ^
source/int4_decoder_blocks.cpp:357:9: warning: HLS pragma dump _XLX_SEP_ PragmaIsValid=1_XLX_SEP_ PragmaType=stream_XLX_SEP_ PragmaContext=_XLX_SEP_ PragmaFunction=int4_rms_normalize_quantize_four_pes_XLX_SEP_ PragmaOptions=variable=quantized_pe3 depth=4_XLX_SEP_ [-Wdump-hls-pragmas]
#pragma HLS STREAM variable=quantized_pe3 depth=4
        ^
source/int4_decoder_blocks.cpp:358:9: warning: HLS pragma dump _XLX_SEP_ PragmaIsValid=1_XLX_SEP_ PragmaType=stream_XLX_SEP_ PragmaContext=_XLX_SEP_ PragmaFunction=int4_rms_normalize_quantize_four_pes_XLX_SEP_ PragmaOptions=variable=scale_pe0 depth=4_XLX_SEP_ [-Wdump-hls-pragmas]
#pragma HLS STREAM variable=scale_pe0 depth=4
        ^
source/int4_decoder_blocks.cpp:359:9: warning: HLS pragma dump _XLX_SEP_ PragmaIsValid=1_XLX_SEP_ PragmaType=stream_XLX_SEP_ PragmaContext=_XLX_SEP_ PragmaFunction=int4_rms_normalize_quantize_four_pes_XLX_SEP_ PragmaOptions=variable=scale_pe1 depth=4_XLX_SEP_ [-Wdump-hls-pragmas]
#pragma HLS STREAM variable=scale_pe1 depth=4
        ^
source/int4_decoder_blocks.cpp:360:9: warning: HLS pragma dump _XLX_SEP_ PragmaIsValid=1_XLX_SEP_ PragmaType=stream_XLX_SEP_ PragmaContext=_XLX_SEP_ PragmaFunction=int4_rms_normalize_quantize_four_pes_XLX_SEP_ PragmaOptions=variable=scale_pe2 depth=4_XLX_SEP_ [-Wdump-hls-pragmas]
#pragma HLS STREAM variable=scale_pe2 depth=4
        ^
source/int4_decoder_blocks.cpp:361:9: warning: HLS pragma dump _XLX_SEP_ PragmaIsValid=1_XLX_SEP_ PragmaType=stream_XLX_SEP_ PragmaContext=_XLX_SEP_ PragmaFunction=int4_rms_normalize_quantize_four_pes_XLX_SEP_ PragmaOptions=variable=scale_pe3 depth=4_XLX_SEP_ [-Wdump-hls-pragmas]
#pragma HLS STREAM variable=scale_pe3 depth=4
        ^
source/int4_decoder_blocks.cpp:362:9: warning: HLS pragma dump _XLX_SEP_ PragmaIsValid=1_XLX_SEP_ PragmaType=bind_storage_XLX_SEP_ PragmaContext=_XLX_SEP_ PragmaFunction=int4_rms_normalize_quantize_four_pes_XLX_SEP_ PragmaOptions=variable=quantized_pe0 type=fifo impl=bram_XLX_SEP_ [-Wdump-hls-pragmas]
#pragma HLS BIND_STORAGE variable=quantized_pe0 type=fifo impl=bram
        ^
source/int4_decoder_blocks.cpp:363:9: warning: HLS pragma dump _XLX_SEP_ PragmaIsValid=1_XLX_SEP_ PragmaType=bind_storage_XLX_SEP_ PragmaContext=_XLX_SEP_ PragmaFunction=int4_rms_normalize_quantize_four_pes_XLX_SEP_ PragmaOptions=variable=quantized_pe1 type=fifo impl=bram_XLX_SEP_ [-Wdump-hls-pragmas]
#pragma HLS BIND_STORAGE variable=quantized_pe1 type=fifo impl=bram
        ^
source/int4_decoder_blocks.cpp:364:9: warning: HLS pragma dump _XLX_SEP_ PragmaIsValid=1_XLX_SEP_ PragmaType=bind_storage_XLX_SEP_ PragmaContext=_XLX_SEP_ PragmaFunction=int4_rms_normalize_quantize_four_pes_XLX_SEP_ PragmaOptions=variable=quantized_pe2 type=fifo impl=bram_XLX_SEP_ [-Wdump-hls-pragmas]
#pragma HLS BIND_STORAGE variable=quantized_pe2 type=fifo impl=bram
        ^
source/int4_decoder_blocks.cpp:365:9: warning: HLS pragma dump _XLX_SEP_ PragmaIsValid=1_XLX_SEP_ PragmaType=bind_storage_XLX_SEP_ PragmaContext=_XLX_SEP_ PragmaFunction=int4_rms_normalize_quantize_four_pes_XLX_SEP_ PragmaOptions=variable=quantized_pe3 type=fifo impl=bram_XLX_SEP_ [-Wdump-hls-pragmas]
#pragma HLS BIND_STORAGE variable=quantized_pe3 type=fifo impl=bram
        ^
source/int4_decoder_blocks.cpp:399:9: warning: HLS pragma dump _XLX_SEP_ PragmaIsValid=1_XLX_SEP_ PragmaType=inline_XLX_SEP_ PragmaContext=_XLX_SEP_ PragmaFunction=int4_rms_normalize_quantize_four_pes_stream_XLX_SEP_ PragmaOptions=off_XLX_SEP_ [-Wdump-hls-pragmas]
#pragma HLS INLINE off
        ^
source/int4_decoder_blocks.cpp:400:9: warning: HLS pragma dump _XLX_SEP_ PragmaIsValid=1_XLX_SEP_ PragmaType=dataflow_XLX_SEP_ PragmaContext=_XLX_SEP_ PragmaFunction=int4_rms_normalize_quantize_four_pes_stream_XLX_SEP_ PragmaOptions=disable_start_propagation_XLX_SEP_ [-Wdump-hls-pragmas]
#pragma HLS DATAFLOW disable_start_propagation
        ^
source/int4_decoder_blocks.cpp:405:9: warning: HLS pragma dump _XLX_SEP_ PragmaIsValid=1_XLX_SEP_ PragmaType=stream_XLX_SEP_ PragmaContext=_XLX_SEP_ PragmaFunction=int4_rms_normalize_quantize_four_pes_stream_XLX_SEP_ PragmaOptions=variable=quantized_pe0 depth=4_XLX_SEP_ [-Wdump-hls-pragmas]
#pragma HLS STREAM variable=quantized_pe0 depth=4
        ^
source/int4_decoder_blocks.cpp:406:9: warning: HLS pragma dump _XLX_SEP_ PragmaIsValid=1_XLX_SEP_ PragmaType=stream_XLX_SEP_ PragmaContext=_XLX_SEP_ PragmaFunction=int4_rms_normalize_quantize_four_pes_stream_XLX_SEP_ PragmaOptions=variable=quantized_pe1 depth=4_XLX_SEP_ [-Wdump-hls-pragmas]
#pragma HLS STREAM variable=quantized_pe1 depth=4
        ^
source/int4_decoder_blocks.cpp:407:9: warning: HLS pragma dump _XLX_SEP_ PragmaIsValid=1_XLX_SEP_ PragmaType=stream_XLX_SEP_ PragmaContext=_XLX_SEP_ PragmaFunction=int4_rms_normalize_quantize_four_pes_stream_XLX_SEP_ PragmaOptions=variable=quantized_pe2 depth=4_XLX_SEP_ [-Wdump-hls-pragmas]
#pragma HLS STREAM variable=quantized_pe2 depth=4
        ^
source/int4_decoder_blocks.cpp:408:9: warning: HLS pragma dump _XLX_SEP_ PragmaIsValid=1_XLX_SEP_ PragmaType=stream_XLX_SEP_ PragmaContext=_XLX_SEP_ PragmaFunction=int4_rms_normalize_quantize_four_pes_stream_XLX_SEP_ PragmaOptions=variable=quantized_pe3 depth=4_XLX_SEP_ [-Wdump-hls-pragmas]
#pragma HLS STREAM variable=quantized_pe3 depth=4
        ^
source/int4_decoder_blocks.cpp:409:9: warning: HLS pragma dump _XLX_SEP_ PragmaIsValid=1_XLX_SEP_ PragmaType=stream_XLX_SEP_ PragmaContext=_XLX_SEP_ PragmaFunction=int4_rms_normalize_quantize_four_pes_stream_XLX_SEP_ PragmaOptions=variable=scale_pe0 depth=4_XLX_SEP_ [-Wdump-hls-pragmas]
#pragma HLS STREAM variable=scale_pe0 depth=4
        ^
source/int4_decoder_blocks.cpp:410:9: warning: HLS pragma dump _XLX_SEP_ PragmaIsValid=1_XLX_SEP_ PragmaType=stream_XLX_SEP_ PragmaContext=_XLX_SEP_ PragmaFunction=int4_rms_normalize_quantize_four_pes_stream_XLX_SEP_ PragmaOptions=variable=scale_pe1 depth=4_XLX_SEP_ [-Wdump-hls-pragmas]
#pragma HLS STREAM variable=scale_pe1 depth=4
        ^
source/int4_decoder_blocks.cpp:411:9: warning: HLS pragma dump _XLX_SEP_ PragmaIsValid=1_XLX_SEP_ PragmaType=stream_XLX_SEP_ PragmaContext=_XLX_SEP_ PragmaFunction=int4_rms_normalize_quantize_four_pes_stream_XLX_SEP_ PragmaOptions=variable=scale_pe2 depth=4_XLX_SEP_ [-Wdump-hls-pragmas]
#pragma HLS STREAM variable=scale_pe2 depth=4
        ^
source/int4_decoder_blocks.cpp:412:9: warning: HLS pragma dump _XLX_SEP_ PragmaIsValid=1_XLX_SEP_ PragmaType=stream_XLX_SEP_ PragmaContext=_XLX_SEP_ PragmaFunction=int4_rms_normalize_quantize_four_pes_stream_XLX_SEP_ PragmaOptions=variable=scale_pe3 depth=4_XLX_SEP_ [-Wdump-hls-pragmas]
#pragma HLS STREAM variable=scale_pe3 depth=4
        ^
source/int4_decoder_blocks.cpp:416:9: warning: HLS pragma dump _XLX_SEP_ PragmaIsValid=1_XLX_SEP_ PragmaType=bind_storage_XLX_SEP_ PragmaContext=_XLX_SEP_ PragmaFunction=int4_rms_normalize_quantize_four_pes_stream_XLX_SEP_ PragmaOptions=variable=quantized_pe0 type=fifo impl=bram_XLX_SEP_ [-Wdump-hls-pragmas]
#pragma HLS BIND_STORAGE variable=quantized_pe0 type=fifo impl=bram
        ^
source/int4_decoder_blocks.cpp:417:9: warning: HLS pragma dump _XLX_SEP_ PragmaIsValid=1_XLX_SEP_ PragmaType=bind_storage_XLX_SEP_ PragmaContext=_XLX_SEP_ PragmaFunction=int4_rms_normalize_quantize_four_pes_stream_XLX_SEP_ PragmaOptions=variable=quantized_pe1 type=fifo impl=bram_XLX_SEP_ [-Wdump-hls-pragmas]
#pragma HLS BIND_STORAGE variable=quantized_pe1 type=fifo impl=bram
        ^
source/int4_decoder_blocks.cpp:418:9: warning: HLS pragma dump _XLX_SEP_ PragmaIsValid=1_XLX_SEP_ PragmaType=bind_storage_XLX_SEP_ PragmaContext=_XLX_SEP_ PragmaFunction=int4_rms_normalize_quantize_four_pes_stream_XLX_SEP_ PragmaOptions=variable=quantized_pe2 type=fifo impl=bram_XLX_SEP_ [-Wdump-hls-pragmas]
#pragma HLS BIND_STORAGE variable=quantized_pe2 type=fifo impl=bram
        ^
source/int4_decoder_blocks.cpp:419:9: warning: HLS pragma dump _XLX_SEP_ PragmaIsValid=1_XLX_SEP_ PragmaType=bind_storage_XLX_SEP_ PragmaContext=_XLX_SEP_ PragmaFunction=int4_rms_normalize_quantize_four_pes_stream_XLX_SEP_ PragmaOptions=variable=quantized_pe3 type=fifo impl=bram_XLX_SEP_ [-Wdump-hls-pragmas]
#pragma HLS BIND_STORAGE variable=quantized_pe3 type=fifo impl=bram
        ^
source/int4_decoder_blocks.cpp:453:9: warning: HLS pragma dump _XLX_SEP_ PragmaIsValid=1_XLX_SEP_ PragmaType=inline_XLX_SEP_ PragmaContext=_XLX_SEP_ PragmaFunction=int4_rmsnorm_quantize_stream_4pe_XLX_SEP_ PragmaOptions=off_XLX_SEP_ [-Wdump-hls-pragmas]
#pragma HLS INLINE off
        ^
source/int4_decoder_blocks.cpp:471:9: warning: HLS pragma dump _XLX_SEP_ PragmaIsValid=1_XLX_SEP_ PragmaType=inline_XLX_SEP_ PragmaContext=_XLX_SEP_ PragmaFunction=int4_advance_controller_after_rmsnorm_XLX_SEP_ PragmaOptions=_XLX_SEP_ [-Wdump-hls-pragmas]
#pragma HLS INLINE
        ^
source/int4_decoder_blocks.cpp:504:9: warning: HLS pragma dump _XLX_SEP_ PragmaIsValid=1_XLX_SEP_ PragmaType=interface_XLX_SEP_ PragmaContext=_XLX_SEP_ PragmaFunction=int4_rmsnorm_quantize_4pe_XLX_SEP_ PragmaOptions=m_axi port=input_pe0 bundle=gmem0 offset=slave depth=INT4_VECTOR_WORDS_PER_PE_XLX_SEP_ [-Wdump-hls-pragmas]
#pragma HLS INTERFACE m_axi port=input_pe0 bundle=gmem0 offset=slave depth=INT4_VECTOR_WORDS_PER_PE
        ^
source/int4_decoder_blocks.cpp:506:9: warning: HLS pragma dump _XLX_SEP_ PragmaIsValid=1_XLX_SEP_ PragmaType=interface_XLX_SEP_ PragmaContext=_XLX_SEP_ PragmaFunction=int4_rmsnorm_quantize_4pe_XLX_SEP_ PragmaOptions=m_axi port=gamma_pe0 bundle=gmem0 offset=slave depth=INT4_VECTOR_WORDS_PER_PE_XLX_SEP_ [-Wdump-hls-pragmas]
#pragma HLS INTERFACE m_axi port=gamma_pe0 bundle=gmem0 offset=slave depth=INT4_VECTOR_WORDS_PER_PE
        ^
source/int4_decoder_blocks.cpp:508:9: warning: HLS pragma dump _XLX_SEP_ PragmaIsValid=1_XLX_SEP_ PragmaType=interface_XLX_SEP_ PragmaContext=_XLX_SEP_ PragmaFunction=int4_rmsnorm_quantize_4pe_XLX_SEP_ PragmaOptions=m_axi port=activation_q bundle=gmem0 offset=slave depth=INT4_GROUPS_PER_VECTOR_XLX_SEP_ [-Wdump-hls-pragmas]
#pragma HLS INTERFACE m_axi port=activation_q bundle=gmem0 offset=slave depth=INT4_GROUPS_PER_VECTOR
        ^
source/int4_decoder_blocks.cpp:510:9: warning: HLS pragma dump _XLX_SEP_ PragmaIsValid=1_XLX_SEP_ PragmaType=interface_XLX_SEP_ PragmaContext=_XLX_SEP_ PragmaFunction=int4_rmsnorm_quantize_4pe_XLX_SEP_ PragmaOptions=m_axi port=activation_scale bundle=gmem0 offset=slave depth=INT4_VECTOR_SCALE_WORDS_XLX_SEP_ [-Wdump-hls-pragmas]
#pragma HLS INTERFACE m_axi port=activation_scale bundle=gmem0 offset=slave depth=INT4_VECTOR_SCALE_WORDS
        ^
source/int4_decoder_blocks.cpp:512:9: warning: HLS pragma dump _XLX_SEP_ PragmaIsValid=1_XLX_SEP_ PragmaType=interface_XLX_SEP_ PragmaContext=_XLX_SEP_ PragmaFunction=int4_rmsnorm_quantize_4pe_XLX_SEP_ PragmaOptions=m_axi port=input_pe1 bundle=gmem1 offset=slave depth=INT4_VECTOR_WORDS_PER_PE_XLX_SEP_ [-Wdump-hls-pragmas]
#pragma HLS INTERFACE m_axi port=input_pe1 bundle=gmem1 offset=slave depth=INT4_VECTOR_WORDS_PER_PE
        ^
source/int4_decoder_blocks.cpp:514:9: warning: HLS pragma dump _XLX_SEP_ PragmaIsValid=1_XLX_SEP_ PragmaType=interface_XLX_SEP_ PragmaContext=_XLX_SEP_ PragmaFunction=int4_rmsnorm_quantize_4pe_XLX_SEP_ PragmaOptions=m_axi port=gamma_pe1 bundle=gmem1 offset=slave depth=INT4_VECTOR_WORDS_PER_PE_XLX_SEP_ [-Wdump-hls-pragmas]
#pragma HLS INTERFACE m_axi port=gamma_pe1 bundle=gmem1 offset=slave depth=INT4_VECTOR_WORDS_PER_PE
        ^
source/int4_decoder_blocks.cpp:516:9: warning: HLS pragma dump _XLX_SEP_ PragmaIsValid=1_XLX_SEP_ PragmaType=interface_XLX_SEP_ PragmaContext=_XLX_SEP_ PragmaFunction=int4_rmsnorm_quantize_4pe_XLX_SEP_ PragmaOptions=m_axi port=input_pe2 bundle=gmem2 offset=slave depth=INT4_VECTOR_WORDS_PER_PE_XLX_SEP_ [-Wdump-hls-pragmas]
#pragma HLS INTERFACE m_axi port=input_pe2 bundle=gmem2 offset=slave depth=INT4_VECTOR_WORDS_PER_PE
        ^
source/int4_decoder_blocks.cpp:518:9: warning: HLS pragma dump _XLX_SEP_ PragmaIsValid=1_XLX_SEP_ PragmaType=interface_XLX_SEP_ PragmaContext=_XLX_SEP_ PragmaFunction=int4_rmsnorm_quantize_4pe_XLX_SEP_ PragmaOptions=m_axi port=gamma_pe2 bundle=gmem2 offset=slave depth=INT4_VECTOR_WORDS_PER_PE_XLX_SEP_ [-Wdump-hls-pragmas]
#pragma HLS INTERFACE m_axi port=gamma_pe2 bundle=gmem2 offset=slave depth=INT4_VECTOR_WORDS_PER_PE
        ^
source/int4_decoder_blocks.cpp:520:9: warning: HLS pragma dump _XLX_SEP_ PragmaIsValid=1_XLX_SEP_ PragmaType=interface_XLX_SEP_ PragmaContext=_XLX_SEP_ PragmaFunction=int4_rmsnorm_quantize_4pe_XLX_SEP_ PragmaOptions=m_axi port=input_pe3 bundle=gmem3 offset=slave depth=INT4_VECTOR_WORDS_PER_PE_XLX_SEP_ [-Wdump-hls-pragmas]
#pragma HLS INTERFACE m_axi port=input_pe3 bundle=gmem3 offset=slave depth=INT4_VECTOR_WORDS_PER_PE
        ^
source/int4_decoder_blocks.cpp:522:9: warning: HLS pragma dump _XLX_SEP_ PragmaIsValid=1_XLX_SEP_ PragmaType=interface_XLX_SEP_ PragmaContext=_XLX_SEP_ PragmaFunction=int4_rmsnorm_quantize_4pe_XLX_SEP_ PragmaOptions=m_axi port=gamma_pe3 bundle=gmem3 offset=slave depth=INT4_VECTOR_WORDS_PER_PE_XLX_SEP_ [-Wdump-hls-pragmas]
#pragma HLS INTERFACE m_axi port=gamma_pe3 bundle=gmem3 offset=slave depth=INT4_VECTOR_WORDS_PER_PE
        ^
source/int4_decoder_blocks.cpp:525:9: warning: HLS pragma dump _XLX_SEP_ PragmaIsValid=1_XLX_SEP_ PragmaType=interface_XLX_SEP_ PragmaContext=_XLX_SEP_ PragmaFunction=int4_rmsnorm_quantize_4pe_XLX_SEP_ PragmaOptions=s_axilite port=input_pe0 bundle=control_XLX_SEP_ [-Wdump-hls-pragmas]
#pragma HLS INTERFACE s_axilite port=input_pe0 bundle=control
        ^
source/int4_decoder_blocks.cpp:526:9: warning: HLS pragma dump _XLX_SEP_ PragmaIsValid=1_XLX_SEP_ PragmaType=interface_XLX_SEP_ PragmaContext=_XLX_SEP_ PragmaFunction=int4_rmsnorm_quantize_4pe_XLX_SEP_ PragmaOptions=s_axilite port=input_pe1 bundle=control_XLX_SEP_ [-Wdump-hls-pragmas]
#pragma HLS INTERFACE s_axilite port=input_pe1 bundle=control
        ^
source/int4_decoder_blocks.cpp:527:9: warning: HLS pragma dump _XLX_SEP_ PragmaIsValid=1_XLX_SEP_ PragmaType=interface_XLX_SEP_ PragmaContext=_XLX_SEP_ PragmaFunction=int4_rmsnorm_quantize_4pe_XLX_SEP_ PragmaOptions=s_axilite port=input_pe2 bundle=control_XLX_SEP_ [-Wdump-hls-pragmas]
#pragma HLS INTERFACE s_axilite port=input_pe2 bundle=control
        ^
source/int4_decoder_blocks.cpp:528:9: warning: HLS pragma dump _XLX_SEP_ PragmaIsValid=1_XLX_SEP_ PragmaType=interface_XLX_SEP_ PragmaContext=_XLX_SEP_ PragmaFunction=int4_rmsnorm_quantize_4pe_XLX_SEP_ PragmaOptions=s_axilite port=input_pe3 bundle=control_XLX_SEP_ [-Wdump-hls-pragmas]
#pragma HLS INTERFACE s_axilite port=input_pe3 bundle=control
        ^
source/int4_decoder_blocks.cpp:529:9: warning: HLS pragma dump _XLX_SEP_ PragmaIsValid=1_XLX_SEP_ PragmaType=interface_XLX_SEP_ PragmaContext=_XLX_SEP_ PragmaFunction=int4_rmsnorm_quantize_4pe_XLX_SEP_ PragmaOptions=s_axilite port=gamma_pe0 bundle=control_XLX_SEP_ [-Wdump-hls-pragmas]
#pragma HLS INTERFACE s_axilite port=gamma_pe0 bundle=control
        ^
source/int4_decoder_blocks.cpp:530:9: warning: HLS pragma dump _XLX_SEP_ PragmaIsValid=1_XLX_SEP_ PragmaType=interface_XLX_SEP_ PragmaContext=_XLX_SEP_ PragmaFunction=int4_rmsnorm_quantize_4pe_XLX_SEP_ PragmaOptions=s_axilite port=gamma_pe1 bundle=control_XLX_SEP_ [-Wdump-hls-pragmas]
#pragma HLS INTERFACE s_axilite port=gamma_pe1 bundle=control
        ^
source/int4_decoder_blocks.cpp:531:9: warning: HLS pragma dump _XLX_SEP_ PragmaIsValid=1_XLX_SEP_ PragmaType=interface_XLX_SEP_ PragmaContext=_XLX_SEP_ PragmaFunction=int4_rmsnorm_quantize_4pe_XLX_SEP_ PragmaOptions=s_axilite port=gamma_pe2 bundle=control_XLX_SEP_ [-Wdump-hls-pragmas]
#pragma HLS INTERFACE s_axilite port=gamma_pe2 bundle=control
        ^
source/int4_decoder_blocks.cpp:532:9: warning: HLS pragma dump _XLX_SEP_ PragmaIsValid=1_XLX_SEP_ PragmaType=interface_XLX_SEP_ PragmaContext=_XLX_SEP_ PragmaFunction=int4_rmsnorm_quantize_4pe_XLX_SEP_ PragmaOptions=s_axilite port=gamma_pe3 bundle=control_XLX_SEP_ [-Wdump-hls-pragmas]
#pragma HLS INTERFACE s_axilite port=gamma_pe3 bundle=control
        ^
source/int4_decoder_blocks.cpp:533:9: warning: HLS pragma dump _XLX_SEP_ PragmaIsValid=1_XLX_SEP_ PragmaType=interface_XLX_SEP_ PragmaContext=_XLX_SEP_ PragmaFunction=int4_rmsnorm_quantize_4pe_XLX_SEP_ PragmaOptions=s_axilite port=activation_q bundle=control_XLX_SEP_ [-Wdump-hls-pragmas]
#pragma HLS INTERFACE s_axilite port=activation_q bundle=control
        ^
source/int4_decoder_blocks.cpp:534:9: warning: HLS pragma dump _XLX_SEP_ PragmaIsValid=1_XLX_SEP_ PragmaType=interface_XLX_SEP_ PragmaContext=_XLX_SEP_ PragmaFunction=int4_rmsnorm_quantize_4pe_XLX_SEP_ PragmaOptions=s_axilite port=activation_scale bundle=control_XLX_SEP_ [-Wdump-hls-pragmas]
#pragma HLS INTERFACE s_axilite port=activation_scale bundle=control
        ^
source/int4_decoder_blocks.cpp:535:9: warning: HLS pragma dump _XLX_SEP_ PragmaIsValid=1_XLX_SEP_ PragmaType=interface_XLX_SEP_ PragmaContext=_XLX_SEP_ PragmaFunction=int4_rmsnorm_quantize_4pe_XLX_SEP_ PragmaOptions=s_axilite port=controller bundle=control_XLX_SEP_ [-Wdump-hls-pragmas]
#pragma HLS INTERFACE s_axilite port=controller bundle=control
        ^
source/int4_decoder_blocks.cpp:536:9: warning: HLS pragma dump _XLX_SEP_ PragmaIsValid=1_XLX_SEP_ PragmaType=interface_XLX_SEP_ PragmaContext=_XLX_SEP_ PragmaFunction=int4_rmsnorm_quantize_4pe_XLX_SEP_ PragmaOptions=s_axilite port=return bundle=control_XLX_SEP_ [-Wdump-hls-pragmas]
#pragma HLS INTERFACE s_axilite port=return bundle=control
        ^
source/int4_decoder_blocks.cpp:558:9: warning: HLS pragma dump _XLX_SEP_ PragmaIsValid=1_XLX_SEP_ PragmaType=inline_XLX_SEP_ PragmaContext=_XLX_SEP_ PragmaFunction=int4_residual_add_pe_XLX_SEP_ PragmaOptions=off_XLX_SEP_ [-Wdump-hls-pragmas]
#pragma HLS INLINE off
        ^
source/int4_decoder_blocks.cpp:569:9: warning: HLS pragma dump _XLX_SEP_ PragmaIsValid=1_XLX_SEP_ PragmaType=array_partition_XLX_SEP_ PragmaContext=_XLX_SEP_ PragmaFunction=int4_residual_add_pe_XLX_SEP_ PragmaOptions=variable=residual_values complete_XLX_SEP_ [-Wdump-hls-pragmas]
#pragma HLS ARRAY_PARTITION variable=residual_values complete
        ^
source/int4_decoder_blocks.cpp:570:9: warning: HLS pragma dump _XLX_SEP_ PragmaIsValid=1_XLX_SEP_ PragmaType=array_partition_XLX_SEP_ PragmaContext=_XLX_SEP_ PragmaFunction=int4_residual_add_pe_XLX_SEP_ PragmaOptions=variable=branch_values complete_XLX_SEP_ [-Wdump-hls-pragmas]
#pragma HLS ARRAY_PARTITION variable=branch_values complete
        ^
source/int4_decoder_blocks.cpp:571:9: warning: HLS pragma dump _XLX_SEP_ PragmaIsValid=1_XLX_SEP_ PragmaType=array_partition_XLX_SEP_ PragmaContext=_XLX_SEP_ PragmaFunction=int4_residual_add_pe_XLX_SEP_ PragmaOptions=variable=sums complete_XLX_SEP_ [-Wdump-hls-pragmas]
#pragma HLS ARRAY_PARTITION variable=sums complete
        ^
source/int4_decoder_blocks.cpp:577:9: warning: HLS pragma dump _XLX_SEP_ PragmaIsValid=1_XLX_SEP_ PragmaType=unroll_XLX_SEP_ PragmaContext=_XLX_SEP_ PragmaFunction=int4_residual_add_pe_XLX_SEP_ PragmaOptions=_XLX_SEP_ [-Wdump-hls-pragmas]
#pragma HLS UNROLL
        ^
source/int4_decoder_blocks.cpp:595:9: warning: HLS pragma dump _XLX_SEP_ PragmaIsValid=1_XLX_SEP_ PragmaType=pipeline_XLX_SEP_ PragmaContext=_XLX_SEP_ PragmaFunction=int4_residual_add_pe_XLX_SEP_ PragmaOptions=II=1_XLX_SEP_ [-Wdump-hls-pragmas]
#pragma HLS PIPELINE II=1
        ^
source/int4_decoder_blocks.cpp:605:9: warning: HLS pragma dump _XLX_SEP_ PragmaIsValid=1_XLX_SEP_ PragmaType=unroll_XLX_SEP_ PragmaContext=_XLX_SEP_ PragmaFunction=int4_residual_add_pe_XLX_SEP_ PragmaOptions=_XLX_SEP_ [-Wdump-hls-pragmas]
#pragma HLS UNROLL
        ^
source/int4_decoder_blocks.cpp:623:9: warning: HLS pragma dump _XLX_SEP_ PragmaIsValid=1_XLX_SEP_ PragmaType=inline_XLX_SEP_ PragmaContext=_XLX_SEP_ PragmaFunction=int4_residual_add_four_pes_XLX_SEP_ PragmaOptions=off_XLX_SEP_ [-Wdump-hls-pragmas]
#pragma HLS INLINE off
        ^
source/int4_decoder_blocks.cpp:624:9: warning: HLS pragma dump _XLX_SEP_ PragmaIsValid=1_XLX_SEP_ PragmaType=dataflow_XLX_SEP_ PragmaContext=_XLX_SEP_ PragmaFunction=int4_residual_add_four_pes_XLX_SEP_ PragmaOptions=disable_start_propagation_XLX_SEP_ [-Wdump-hls-pragmas]
#pragma HLS DATAFLOW disable_start_propagation
        ^
source/int4_decoder_blocks.cpp:634:9: warning: HLS pragma dump _XLX_SEP_ PragmaIsValid=1_XLX_SEP_ PragmaType=inline_XLX_SEP_ PragmaContext=_XLX_SEP_ PragmaFunction=int4_advance_controller_after_residual_XLX_SEP_ PragmaOptions=_XLX_SEP_ [-Wdump-hls-pragmas]
#pragma HLS INLINE
        ^
source/int4_decoder_blocks.cpp:665:9: warning: HLS pragma dump _XLX_SEP_ PragmaIsValid=1_XLX_SEP_ PragmaType=interface_XLX_SEP_ PragmaContext=_XLX_SEP_ PragmaFunction=int4_residual_add_4pe_XLX_SEP_ PragmaOptions=m_axi port=residual_pe0 bundle=gmem0 offset=slave depth=INT4_VECTOR_WORDS_PER_PE_XLX_SEP_ [-Wdump-hls-pragmas]
#pragma HLS INTERFACE m_axi port=residual_pe0 bundle=gmem0 offset=slave depth=INT4_VECTOR_WORDS_PER_PE
        ^
source/int4_decoder_blocks.cpp:667:9: warning: HLS pragma dump _XLX_SEP_ PragmaIsValid=1_XLX_SEP_ PragmaType=interface_XLX_SEP_ PragmaContext=_XLX_SEP_ PragmaFunction=int4_residual_add_4pe_XLX_SEP_ PragmaOptions=m_axi port=branch_pe0 bundle=gmem0 offset=slave depth=INT4_VECTOR_WORDS_PER_PE_XLX_SEP_ [-Wdump-hls-pragmas]
#pragma HLS INTERFACE m_axi port=branch_pe0 bundle=gmem0 offset=slave depth=INT4_VECTOR_WORDS_PER_PE
        ^
source/int4_decoder_blocks.cpp:669:9: warning: HLS pragma dump _XLX_SEP_ PragmaIsValid=1_XLX_SEP_ PragmaType=interface_XLX_SEP_ PragmaContext=_XLX_SEP_ PragmaFunction=int4_residual_add_4pe_XLX_SEP_ PragmaOptions=m_axi port=residual_pe1 bundle=gmem1 offset=slave depth=INT4_VECTOR_WORDS_PER_PE_XLX_SEP_ [-Wdump-hls-pragmas]
#pragma HLS INTERFACE m_axi port=residual_pe1 bundle=gmem1 offset=slave depth=INT4_VECTOR_WORDS_PER_PE
        ^
source/int4_decoder_blocks.cpp:671:9: warning: HLS pragma dump _XLX_SEP_ PragmaIsValid=1_XLX_SEP_ PragmaType=interface_XLX_SEP_ PragmaContext=_XLX_SEP_ PragmaFunction=int4_residual_add_4pe_XLX_SEP_ PragmaOptions=m_axi port=branch_pe1 bundle=gmem1 offset=slave depth=INT4_VECTOR_WORDS_PER_PE_XLX_SEP_ [-Wdump-hls-pragmas]
#pragma HLS INTERFACE m_axi port=branch_pe1 bundle=gmem1 offset=slave depth=INT4_VECTOR_WORDS_PER_PE
        ^
source/int4_decoder_blocks.cpp:673:9: warning: HLS pragma dump _XLX_SEP_ PragmaIsValid=1_XLX_SEP_ PragmaType=interface_XLX_SEP_ PragmaContext=_XLX_SEP_ PragmaFunction=int4_residual_add_4pe_XLX_SEP_ PragmaOptions=m_axi port=residual_pe2 bundle=gmem2 offset=slave depth=INT4_VECTOR_WORDS_PER_PE_XLX_SEP_ [-Wdump-hls-pragmas]
#pragma HLS INTERFACE m_axi port=residual_pe2 bundle=gmem2 offset=slave depth=INT4_VECTOR_WORDS_PER_PE
        ^
source/int4_decoder_blocks.cpp:675:9: warning: HLS pragma dump _XLX_SEP_ PragmaIsValid=1_XLX_SEP_ PragmaType=interface_XLX_SEP_ PragmaContext=_XLX_SEP_ PragmaFunction=int4_residual_add_4pe_XLX_SEP_ PragmaOptions=m_axi port=branch_pe2 bundle=gmem2 offset=slave depth=INT4_VECTOR_WORDS_PER_PE_XLX_SEP_ [-Wdump-hls-pragmas]
#pragma HLS INTERFACE m_axi port=branch_pe2 bundle=gmem2 offset=slave depth=INT4_VECTOR_WORDS_PER_PE
        ^
source/int4_decoder_blocks.cpp:677:9: warning: HLS pragma dump _XLX_SEP_ PragmaIsValid=1_XLX_SEP_ PragmaType=interface_XLX_SEP_ PragmaContext=_XLX_SEP_ PragmaFunction=int4_residual_add_4pe_XLX_SEP_ PragmaOptions=m_axi port=residual_pe3 bundle=gmem3 offset=slave depth=INT4_VECTOR_WORDS_PER_PE_XLX_SEP_ [-Wdump-hls-pragmas]
#pragma HLS INTERFACE m_axi port=residual_pe3 bundle=gmem3 offset=slave depth=INT4_VECTOR_WORDS_PER_PE
        ^
source/int4_decoder_blocks.cpp:679:9: warning: HLS pragma dump _XLX_SEP_ PragmaIsValid=1_XLX_SEP_ PragmaType=interface_XLX_SEP_ PragmaContext=_XLX_SEP_ PragmaFunction=int4_residual_add_4pe_XLX_SEP_ PragmaOptions=m_axi port=branch_pe3 bundle=gmem3 offset=slave depth=INT4_VECTOR_WORDS_PER_PE_XLX_SEP_ [-Wdump-hls-pragmas]
#pragma HLS INTERFACE m_axi port=branch_pe3 bundle=gmem3 offset=slave depth=INT4_VECTOR_WORDS_PER_PE
        ^
source/int4_decoder_blocks.cpp:682:9: warning: HLS pragma dump _XLX_SEP_ PragmaIsValid=1_XLX_SEP_ PragmaType=interface_XLX_SEP_ PragmaContext=_XLX_SEP_ PragmaFunction=int4_residual_add_4pe_XLX_SEP_ PragmaOptions=s_axilite port=residual_pe0 bundle=control_XLX_SEP_ [-Wdump-hls-pragmas]
#pragma HLS INTERFACE s_axilite port=residual_pe0 bundle=control
        ^
source/int4_decoder_blocks.cpp:683:9: warning: HLS pragma dump _XLX_SEP_ PragmaIsValid=1_XLX_SEP_ PragmaType=interface_XLX_SEP_ PragmaContext=_XLX_SEP_ PragmaFunction=int4_residual_add_4pe_XLX_SEP_ PragmaOptions=s_axilite port=residual_pe1 bundle=control_XLX_SEP_ [-Wdump-hls-pragmas]
#pragma HLS INTERFACE s_axilite port=residual_pe1 bundle=control
        ^
source/int4_decoder_blocks.cpp:684:9: warning: HLS pragma dump _XLX_SEP_ PragmaIsValid=1_XLX_SEP_ PragmaType=interface_XLX_SEP_ PragmaContext=_XLX_SEP_ PragmaFunction=int4_residual_add_4pe_XLX_SEP_ PragmaOptions=s_axilite port=residual_pe2 bundle=control_XLX_SEP_ [-Wdump-hls-pragmas]
#pragma HLS INTERFACE s_axilite port=residual_pe2 bundle=control
        ^
source/int4_decoder_blocks.cpp:685:9: warning: HLS pragma dump _XLX_SEP_ PragmaIsValid=1_XLX_SEP_ PragmaType=interface_XLX_SEP_ PragmaContext=_XLX_SEP_ PragmaFunction=int4_residual_add_4pe_XLX_SEP_ PragmaOptions=s_axilite port=residual_pe3 bundle=control_XLX_SEP_ [-Wdump-hls-pragmas]
#pragma HLS INTERFACE s_axilite port=residual_pe3 bundle=control
        ^
source/int4_decoder_blocks.cpp:686:9: warning: HLS pragma dump _XLX_SEP_ PragmaIsValid=1_XLX_SEP_ PragmaType=interface_XLX_SEP_ PragmaContext=_XLX_SEP_ PragmaFunction=int4_residual_add_4pe_XLX_SEP_ PragmaOptions=s_axilite port=branch_pe0 bundle=control_XLX_SEP_ [-Wdump-hls-pragmas]
#pragma HLS INTERFACE s_axilite port=branch_pe0 bundle=control
        ^
source/int4_decoder_blocks.cpp:687:9: warning: HLS pragma dump _XLX_SEP_ PragmaIsValid=1_XLX_SEP_ PragmaType=interface_XLX_SEP_ PragmaContext=_XLX_SEP_ PragmaFunction=int4_residual_add_4pe_XLX_SEP_ PragmaOptions=s_axilite port=branch_pe1 bundle=control_XLX_SEP_ [-Wdump-hls-pragmas]
#pragma HLS INTERFACE s_axilite port=branch_pe1 bundle=control
        ^
source/int4_decoder_blocks.cpp:688:9: warning: HLS pragma dump _XLX_SEP_ PragmaIsValid=1_XLX_SEP_ PragmaType=interface_XLX_SEP_ PragmaContext=_XLX_SEP_ PragmaFunction=int4_residual_add_4pe_XLX_SEP_ PragmaOptions=s_axilite port=branch_pe2 bundle=control_XLX_SEP_ [-Wdump-hls-pragmas]
#pragma HLS INTERFACE s_axilite port=branch_pe2 bundle=control
        ^
source/int4_decoder_blocks.cpp:689:9: warning: HLS pragma dump _XLX_SEP_ PragmaIsValid=1_XLX_SEP_ PragmaType=interface_XLX_SEP_ PragmaContext=_XLX_SEP_ PragmaFunction=int4_residual_add_4pe_XLX_SEP_ PragmaOptions=s_axilite port=branch_pe3 bundle=control_XLX_SEP_ [-Wdump-hls-pragmas]
#pragma HLS INTERFACE s_axilite port=branch_pe3 bundle=control
        ^
source/int4_decoder_blocks.cpp:690:9: warning: HLS pragma dump _XLX_SEP_ PragmaIsValid=1_XLX_SEP_ PragmaType=interface_XLX_SEP_ PragmaContext=_XLX_SEP_ PragmaFunction=int4_residual_add_4pe_XLX_SEP_ PragmaOptions=s_axilite port=controller bundle=control_XLX_SEP_ [-Wdump-hls-pragmas]
#pragma HLS INTERFACE s_axilite port=controller bundle=control
        ^
source/int4_decoder_blocks.cpp:691:9: warning: HLS pragma dump _XLX_SEP_ PragmaIsValid=1_XLX_SEP_ PragmaType=interface_XLX_SEP_ PragmaContext=_XLX_SEP_ PragmaFunction=int4_residual_add_4pe_XLX_SEP_ PragmaOptions=s_axilite port=return bundle=control_XLX_SEP_ [-Wdump-hls-pragmas]
#pragma HLS INTERFACE s_axilite port=return bundle=control
        ^
source/int4_decoder_blocks.cpp:712:9: warning: HLS pragma dump _XLX_SEP_ PragmaIsValid=1_XLX_SEP_ PragmaType=inline_XLX_SEP_ PragmaContext=_XLX_SEP_ PragmaFunction=int4_swiglu_quantize_pe_XLX_SEP_ PragmaOptions=_XLX_SEP_ [-Wdump-hls-pragmas]
#pragma HLS INLINE
        ^
source/int4_decoder_blocks.cpp:717:9: warning: HLS pragma dump _XLX_SEP_ PragmaIsValid=1_XLX_SEP_ PragmaType=bind_storage_XLX_SEP_ PragmaContext=_XLX_SEP_ PragmaFunction=int4_swiglu_quantize_pe_XLX_SEP_ PragmaOptions=variable=swiglu_group type=ram_1p impl=bram latency=1_XLX_SEP_ [-Wdump-hls-pragmas]
#pragma HLS BIND_STORAGE variable=swiglu_group type=ram_1p impl=bram latency=1
        ^
source/int4_decoder_blocks.cpp:730:9: warning: HLS pragma dump _XLX_SEP_ PragmaIsValid=1_XLX_SEP_ PragmaType=array_partition_XLX_SEP_ PragmaContext=_XLX_SEP_ PragmaFunction=int4_swiglu_quantize_pe_XLX_SEP_ PragmaOptions=variable=gate_lanes complete_XLX_SEP_ [-Wdump-hls-pragmas]
#pragma HLS ARRAY_PARTITION variable=gate_lanes complete
        ^
source/int4_decoder_blocks.cpp:731:9: warning: HLS pragma dump _XLX_SEP_ PragmaIsValid=1_XLX_SEP_ PragmaType=array_partition_XLX_SEP_ PragmaContext=_XLX_SEP_ PragmaFunction=int4_swiglu_quantize_pe_XLX_SEP_ PragmaOptions=variable=up_lanes complete_XLX_SEP_ [-Wdump-hls-pragmas]
#pragma HLS ARRAY_PARTITION variable=up_lanes complete
        ^
source/int4_decoder_blocks.cpp:741:9: warning: HLS pragma dump _XLX_SEP_ PragmaIsValid=1_XLX_SEP_ PragmaType=pipeline_XLX_SEP_ PragmaContext=_XLX_SEP_ PragmaFunction=int4_swiglu_quantize_pe_XLX_SEP_ PragmaOptions=II=1_XLX_SEP_ [-Wdump-hls-pragmas]
#pragma HLS PIPELINE II=1
        ^
source/int4_decoder_blocks.cpp:779:9: warning: HLS pragma dump _XLX_SEP_ PragmaIsValid=1_XLX_SEP_ PragmaType=pipeline_XLX_SEP_ PragmaContext=_XLX_SEP_ PragmaFunction=int4_swiglu_quantize_pe_XLX_SEP_ PragmaOptions=II=1_XLX_SEP_ [-Wdump-hls-pragmas]
#pragma HLS PIPELINE II=1
        ^
source/int4_decoder_blocks.cpp:810:9: warning: HLS pragma dump _XLX_SEP_ PragmaIsValid=1_XLX_SEP_ PragmaType=inline_XLX_SEP_ PragmaContext=_XLX_SEP_ PragmaFunction=int4_swiglu_quantize_pe0_XLX_SEP_ PragmaOptions=off_XLX_SEP_ [-Wdump-hls-pragmas]
#pragma HLS INLINE off
        ^
source/int4_decoder_blocks.cpp:821:9: warning: HLS pragma dump _XLX_SEP_ PragmaIsValid=1_XLX_SEP_ PragmaType=inline_XLX_SEP_ PragmaContext=_XLX_SEP_ PragmaFunction=int4_swiglu_quantize_pe1_XLX_SEP_ PragmaOptions=off_XLX_SEP_ [-Wdump-hls-pragmas]
#pragma HLS INLINE off
        ^
source/int4_decoder_blocks.cpp:832:9: warning: HLS pragma dump _XLX_SEP_ PragmaIsValid=1_XLX_SEP_ PragmaType=inline_XLX_SEP_ PragmaContext=_XLX_SEP_ PragmaFunction=int4_swiglu_quantize_pe2_XLX_SEP_ PragmaOptions=off_XLX_SEP_ [-Wdump-hls-pragmas]
#pragma HLS INLINE off
        ^
source/int4_decoder_blocks.cpp:843:9: warning: HLS pragma dump _XLX_SEP_ PragmaIsValid=1_XLX_SEP_ PragmaType=inline_XLX_SEP_ PragmaContext=_XLX_SEP_ PragmaFunction=int4_swiglu_quantize_pe3_XLX_SEP_ PragmaOptions=off_XLX_SEP_ [-Wdump-hls-pragmas]
#pragma HLS INLINE off
        ^
source/int4_decoder_blocks.cpp:860:9: warning: HLS pragma dump _XLX_SEP_ PragmaIsValid=1_XLX_SEP_ PragmaType=inline_XLX_SEP_ PragmaContext=_XLX_SEP_ PragmaFunction=int4_swiglu_gather_outputs_XLX_SEP_ PragmaOptions=off_XLX_SEP_ [-Wdump-hls-pragmas]
#pragma HLS INLINE off
        ^
source/int4_decoder_blocks.cpp:885:9: warning: HLS pragma dump _XLX_SEP_ PragmaIsValid=1_XLX_SEP_ PragmaType=pipeline_XLX_SEP_ PragmaContext=_XLX_SEP_ PragmaFunction=int4_swiglu_gather_outputs_XLX_SEP_ PragmaOptions=II=1_XLX_SEP_ [-Wdump-hls-pragmas]
#pragma HLS PIPELINE II=1
        ^
source/int4_decoder_blocks.cpp:942:9: warning: HLS pragma dump _XLX_SEP_ PragmaIsValid=1_XLX_SEP_ PragmaType=inline_XLX_SEP_ PragmaContext=_XLX_SEP_ PragmaFunction=int4_swiglu_gather_streams_XLX_SEP_ PragmaOptions=off_XLX_SEP_ [-Wdump-hls-pragmas]
#pragma HLS INLINE off
        ^
source/int4_decoder_blocks.cpp:962:9: warning: HLS pragma dump _XLX_SEP_ PragmaIsValid=1_XLX_SEP_ PragmaType=pipeline_XLX_SEP_ PragmaContext=_XLX_SEP_ PragmaFunction=int4_swiglu_gather_streams_XLX_SEP_ PragmaOptions=II=1_XLX_SEP_ [-Wdump-hls-pragmas]
#pragma HLS PIPELINE II=1
        ^
source/int4_decoder_blocks.cpp:998:9: warning: HLS pragma dump _XLX_SEP_ PragmaIsValid=1_XLX_SEP_ PragmaType=inline_XLX_SEP_ PragmaContext=_XLX_SEP_ PragmaFunction=int4_swiglu_quantize_four_pes_XLX_SEP_ PragmaOptions=off_XLX_SEP_ [-Wdump-hls-pragmas]
#pragma HLS INLINE off
        ^
source/int4_decoder_blocks.cpp:1001:9: warning: HLS pragma dump _XLX_SEP_ PragmaIsValid=1_XLX_SEP_ PragmaType=dataflow_XLX_SEP_ PragmaContext=_XLX_SEP_ PragmaFunction=int4_swiglu_quantize_four_pes_XLX_SEP_ PragmaOptions=disable_start_propagation_XLX_SEP_ [-Wdump-hls-pragmas]
#pragma HLS DATAFLOW disable_start_propagation
        ^
source/int4_decoder_blocks.cpp:1011:9: warning: HLS pragma dump _XLX_SEP_ PragmaIsValid=1_XLX_SEP_ PragmaType=stream_XLX_SEP_ PragmaContext=_XLX_SEP_ PragmaFunction=int4_swiglu_quantize_four_pes_XLX_SEP_ PragmaOptions=variable=quantized_pe0 depth=4_XLX_SEP_ [-Wdump-hls-pragmas]
#pragma HLS STREAM variable=quantized_pe0 depth=4
        ^
source/int4_decoder_blocks.cpp:1012:9: warning: HLS pragma dump _XLX_SEP_ PragmaIsValid=1_XLX_SEP_ PragmaType=stream_XLX_SEP_ PragmaContext=_XLX_SEP_ PragmaFunction=int4_swiglu_quantize_four_pes_XLX_SEP_ PragmaOptions=variable=quantized_pe1 depth=4_XLX_SEP_ [-Wdump-hls-pragmas]
#pragma HLS STREAM variable=quantized_pe1 depth=4
        ^
source/int4_decoder_blocks.cpp:1013:9: warning: HLS pragma dump _XLX_SEP_ PragmaIsValid=1_XLX_SEP_ PragmaType=stream_XLX_SEP_ PragmaContext=_XLX_SEP_ PragmaFunction=int4_swiglu_quantize_four_pes_XLX_SEP_ PragmaOptions=variable=quantized_pe2 depth=4_XLX_SEP_ [-Wdump-hls-pragmas]
#pragma HLS STREAM variable=quantized_pe2 depth=4
        ^
source/int4_decoder_blocks.cpp:1014:9: warning: HLS pragma dump _XLX_SEP_ PragmaIsValid=1_XLX_SEP_ PragmaType=stream_XLX_SEP_ PragmaContext=_XLX_SEP_ PragmaFunction=int4_swiglu_quantize_four_pes_XLX_SEP_ PragmaOptions=variable=quantized_pe3 depth=4_XLX_SEP_ [-Wdump-hls-pragmas]
#pragma HLS STREAM variable=quantized_pe3 depth=4
        ^
source/int4_decoder_blocks.cpp:1015:9: warning: HLS pragma dump _XLX_SEP_ PragmaIsValid=1_XLX_SEP_ PragmaType=stream_XLX_SEP_ PragmaContext=_XLX_SEP_ PragmaFunction=int4_swiglu_quantize_four_pes_XLX_SEP_ PragmaOptions=variable=scale_pe0 depth=4_XLX_SEP_ [-Wdump-hls-pragmas]
#pragma HLS STREAM variable=scale_pe0 depth=4
        ^
source/int4_decoder_blocks.cpp:1016:9: warning: HLS pragma dump _XLX_SEP_ PragmaIsValid=1_XLX_SEP_ PragmaType=stream_XLX_SEP_ PragmaContext=_XLX_SEP_ PragmaFunction=int4_swiglu_quantize_four_pes_XLX_SEP_ PragmaOptions=variable=scale_pe1 depth=4_XLX_SEP_ [-Wdump-hls-pragmas]
#pragma HLS STREAM variable=scale_pe1 depth=4
        ^
source/int4_decoder_blocks.cpp:1017:9: warning: HLS pragma dump _XLX_SEP_ PragmaIsValid=1_XLX_SEP_ PragmaType=stream_XLX_SEP_ PragmaContext=_XLX_SEP_ PragmaFunction=int4_swiglu_quantize_four_pes_XLX_SEP_ PragmaOptions=variable=scale_pe2 depth=4_XLX_SEP_ [-Wdump-hls-pragmas]
#pragma HLS STREAM variable=scale_pe2 depth=4
        ^
source/int4_decoder_blocks.cpp:1018:9: warning: HLS pragma dump _XLX_SEP_ PragmaIsValid=1_XLX_SEP_ PragmaType=stream_XLX_SEP_ PragmaContext=_XLX_SEP_ PragmaFunction=int4_swiglu_quantize_four_pes_XLX_SEP_ PragmaOptions=variable=scale_pe3 depth=4_XLX_SEP_ [-Wdump-hls-pragmas]
#pragma HLS STREAM variable=scale_pe3 depth=4
        ^
source/int4_decoder_blocks.cpp:1019:9: warning: HLS pragma dump _XLX_SEP_ PragmaIsValid=1_XLX_SEP_ PragmaType=bind_storage_XLX_SEP_ PragmaContext=_XLX_SEP_ PragmaFunction=int4_swiglu_quantize_four_pes_XLX_SEP_ PragmaOptions=variable=quantized_pe0 type=fifo impl=bram_XLX_SEP_ [-Wdump-hls-pragmas]
#pragma HLS BIND_STORAGE variable=quantized_pe0 type=fifo impl=bram
        ^
source/int4_decoder_blocks.cpp:1020:9: warning: HLS pragma dump _XLX_SEP_ PragmaIsValid=1_XLX_SEP_ PragmaType=bind_storage_XLX_SEP_ PragmaContext=_XLX_SEP_ PragmaFunction=int4_swiglu_quantize_four_pes_XLX_SEP_ PragmaOptions=variable=quantized_pe1 type=fifo impl=bram_XLX_SEP_ [-Wdump-hls-pragmas]
#pragma HLS BIND_STORAGE variable=quantized_pe1 type=fifo impl=bram
        ^
source/int4_decoder_blocks.cpp:1021:9: warning: HLS pragma dump _XLX_SEP_ PragmaIsValid=1_XLX_SEP_ PragmaType=bind_storage_XLX_SEP_ PragmaContext=_XLX_SEP_ PragmaFunction=int4_swiglu_quantize_four_pes_XLX_SEP_ PragmaOptions=variable=quantized_pe2 type=fifo impl=bram_XLX_SEP_ [-Wdump-hls-pragmas]
#pragma HLS BIND_STORAGE variable=quantized_pe2 type=fifo impl=bram
        ^
source/int4_decoder_blocks.cpp:1022:9: warning: HLS pragma dump _XLX_SEP_ PragmaIsValid=1_XLX_SEP_ PragmaType=bind_storage_XLX_SEP_ PragmaContext=_XLX_SEP_ PragmaFunction=int4_swiglu_quantize_four_pes_XLX_SEP_ PragmaOptions=variable=quantized_pe3 type=fifo impl=bram_XLX_SEP_ [-Wdump-hls-pragmas]
#pragma HLS BIND_STORAGE variable=quantized_pe3 type=fifo impl=bram
        ^
source/int4_decoder_blocks.cpp:1023:9: warning: HLS pragma dump _XLX_SEP_ PragmaIsValid=1_XLX_SEP_ PragmaType=bind_storage_XLX_SEP_ PragmaContext=_XLX_SEP_ PragmaFunction=int4_swiglu_quantize_four_pes_XLX_SEP_ PragmaOptions=variable=scale_pe0 type=fifo impl=srl_XLX_SEP_ [-Wdump-hls-pragmas]
#pragma HLS BIND_STORAGE variable=scale_pe0 type=fifo impl=srl
        ^
source/int4_decoder_blocks.cpp:1024:9: warning: HLS pragma dump _XLX_SEP_ PragmaIsValid=1_XLX_SEP_ PragmaType=bind_storage_XLX_SEP_ PragmaContext=_XLX_SEP_ PragmaFunction=int4_swiglu_quantize_four_pes_XLX_SEP_ PragmaOptions=variable=scale_pe1 type=fifo impl=srl_XLX_SEP_ [-Wdump-hls-pragmas]
#pragma HLS BIND_STORAGE variable=scale_pe1 type=fifo impl=srl
        ^
source/int4_decoder_blocks.cpp:1025:9: warning: HLS pragma dump _XLX_SEP_ PragmaIsValid=1_XLX_SEP_ PragmaType=bind_storage_XLX_SEP_ PragmaContext=_XLX_SEP_ PragmaFunction=int4_swiglu_quantize_four_pes_XLX_SEP_ PragmaOptions=variable=scale_pe2 type=fifo impl=srl_XLX_SEP_ [-Wdump-hls-pragmas]
#pragma HLS BIND_STORAGE variable=scale_pe2 type=fifo impl=srl
        ^
source/int4_decoder_blocks.cpp:1026:9: warning: HLS pragma dump _XLX_SEP_ PragmaIsValid=1_XLX_SEP_ PragmaType=bind_storage_XLX_SEP_ PragmaContext=_XLX_SEP_ PragmaFunction=int4_swiglu_quantize_four_pes_XLX_SEP_ PragmaOptions=variable=scale_pe3 type=fifo impl=srl_XLX_SEP_ [-Wdump-hls-pragmas]
#pragma HLS BIND_STORAGE variable=scale_pe3 type=fifo impl=srl
        ^
source/int4_decoder_blocks.cpp:1055:9: warning: HLS pragma dump _XLX_SEP_ PragmaIsValid=1_XLX_SEP_ PragmaType=inline_XLX_SEP_ PragmaContext=_XLX_SEP_ PragmaFunction=int4_swiglu_quantize_four_pes_stream_XLX_SEP_ PragmaOptions=off_XLX_SEP_ [-Wdump-hls-pragmas]
#pragma HLS INLINE off
        ^
source/int4_decoder_blocks.cpp:1058:9: warning: HLS pragma dump _XLX_SEP_ PragmaIsValid=1_XLX_SEP_ PragmaType=dataflow_XLX_SEP_ PragmaContext=_XLX_SEP_ PragmaFunction=int4_swiglu_quantize_four_pes_stream_XLX_SEP_ PragmaOptions=disable_start_propagation_XLX_SEP_ [-Wdump-hls-pragmas]
#pragma HLS DATAFLOW disable_start_propagation
        ^
source/int4_decoder_blocks.cpp:1063:9: warning: HLS pragma dump _XLX_SEP_ PragmaIsValid=1_XLX_SEP_ PragmaType=stream_XLX_SEP_ PragmaContext=_XLX_SEP_ PragmaFunction=int4_swiglu_quantize_four_pes_stream_XLX_SEP_ PragmaOptions=variable=quantized_pe0 depth=4_XLX_SEP_ [-Wdump-hls-pragmas]
#pragma HLS STREAM variable=quantized_pe0 depth=4
        ^
source/int4_decoder_blocks.cpp:1064:9: warning: HLS pragma dump _XLX_SEP_ PragmaIsValid=1_XLX_SEP_ PragmaType=stream_XLX_SEP_ PragmaContext=_XLX_SEP_ PragmaFunction=int4_swiglu_quantize_four_pes_stream_XLX_SEP_ PragmaOptions=variable=quantized_pe1 depth=4_XLX_SEP_ [-Wdump-hls-pragmas]
#pragma HLS STREAM variable=quantized_pe1 depth=4
        ^
source/int4_decoder_blocks.cpp:1065:9: warning: HLS pragma dump _XLX_SEP_ PragmaIsValid=1_XLX_SEP_ PragmaType=stream_XLX_SEP_ PragmaContext=_XLX_SEP_ PragmaFunction=int4_swiglu_quantize_four_pes_stream_XLX_SEP_ PragmaOptions=variable=quantized_pe2 depth=4_XLX_SEP_ [-Wdump-hls-pragmas]
#pragma HLS STREAM variable=quantized_pe2 depth=4
        ^
source/int4_decoder_blocks.cpp:1066:9: warning: HLS pragma dump _XLX_SEP_ PragmaIsValid=1_XLX_SEP_ PragmaType=stream_XLX_SEP_ PragmaContext=_XLX_SEP_ PragmaFunction=int4_swiglu_quantize_four_pes_stream_XLX_SEP_ PragmaOptions=variable=quantized_pe3 depth=4_XLX_SEP_ [-Wdump-hls-pragmas]
#pragma HLS STREAM variable=quantized_pe3 depth=4
        ^
source/int4_decoder_blocks.cpp:1067:9: warning: HLS pragma dump _XLX_SEP_ PragmaIsValid=1_XLX_SEP_ PragmaType=stream_XLX_SEP_ PragmaContext=_XLX_SEP_ PragmaFunction=int4_swiglu_quantize_four_pes_stream_XLX_SEP_ PragmaOptions=variable=scale_pe0 depth=4_XLX_SEP_ [-Wdump-hls-pragmas]
#pragma HLS STREAM variable=scale_pe0 depth=4
        ^
source/int4_decoder_blocks.cpp:1068:9: warning: HLS pragma dump _XLX_SEP_ PragmaIsValid=1_XLX_SEP_ PragmaType=stream_XLX_SEP_ PragmaContext=_XLX_SEP_ PragmaFunction=int4_swiglu_quantize_four_pes_stream_XLX_SEP_ PragmaOptions=variable=scale_pe1 depth=4_XLX_SEP_ [-Wdump-hls-pragmas]
#pragma HLS STREAM variable=scale_pe1 depth=4
        ^
source/int4_decoder_blocks.cpp:1069:9: warning: HLS pragma dump _XLX_SEP_ PragmaIsValid=1_XLX_SEP_ PragmaType=stream_XLX_SEP_ PragmaContext=_XLX_SEP_ PragmaFunction=int4_swiglu_quantize_four_pes_stream_XLX_SEP_ PragmaOptions=variable=scale_pe2 depth=4_XLX_SEP_ [-Wdump-hls-pragmas]
#pragma HLS STREAM variable=scale_pe2 depth=4
        ^
source/int4_decoder_blocks.cpp:1070:9: warning: HLS pragma dump _XLX_SEP_ PragmaIsValid=1_XLX_SEP_ PragmaType=stream_XLX_SEP_ PragmaContext=_XLX_SEP_ PragmaFunction=int4_swiglu_quantize_four_pes_stream_XLX_SEP_ PragmaOptions=variable=scale_pe3 depth=4_XLX_SEP_ [-Wdump-hls-pragmas]
#pragma HLS STREAM variable=scale_pe3 depth=4
        ^
source/int4_decoder_blocks.cpp:1071:9: warning: HLS pragma dump _XLX_SEP_ PragmaIsValid=1_XLX_SEP_ PragmaType=bind_storage_XLX_SEP_ PragmaContext=_XLX_SEP_ PragmaFunction=int4_swiglu_quantize_four_pes_stream_XLX_SEP_ PragmaOptions=variable=quantized_pe0 type=fifo impl=bram_XLX_SEP_ [-Wdump-hls-pragmas]
#pragma HLS BIND_STORAGE variable=quantized_pe0 type=fifo impl=bram
        ^
source/int4_decoder_blocks.cpp:1072:9: warning: HLS pragma dump _XLX_SEP_ PragmaIsValid=1_XLX_SEP_ PragmaType=bind_storage_XLX_SEP_ PragmaContext=_XLX_SEP_ PragmaFunction=int4_swiglu_quantize_four_pes_stream_XLX_SEP_ PragmaOptions=variable=quantized_pe1 type=fifo impl=bram_XLX_SEP_ [-Wdump-hls-pragmas]
#pragma HLS BIND_STORAGE variable=quantized_pe1 type=fifo impl=bram
        ^
source/int4_decoder_blocks.cpp:1073:9: warning: HLS pragma dump _XLX_SEP_ PragmaIsValid=1_XLX_SEP_ PragmaType=bind_storage_XLX_SEP_ PragmaContext=_XLX_SEP_ PragmaFunction=int4_swiglu_quantize_four_pes_stream_XLX_SEP_ PragmaOptions=variable=quantized_pe2 type=fifo impl=bram_XLX_SEP_ [-Wdump-hls-pragmas]
#pragma HLS BIND_STORAGE variable=quantized_pe2 type=fifo impl=bram
        ^
source/int4_decoder_blocks.cpp:1074:9: warning: HLS pragma dump _XLX_SEP_ PragmaIsValid=1_XLX_SEP_ PragmaType=bind_storage_XLX_SEP_ PragmaContext=_XLX_SEP_ PragmaFunction=int4_swiglu_quantize_four_pes_stream_XLX_SEP_ PragmaOptions=variable=quantized_pe3 type=fifo impl=bram_XLX_SEP_ [-Wdump-hls-pragmas]
#pragma HLS BIND_STORAGE variable=quantized_pe3 type=fifo impl=bram
        ^
source/int4_decoder_blocks.cpp:1075:9: warning: HLS pragma dump _XLX_SEP_ PragmaIsValid=1_XLX_SEP_ PragmaType=bind_storage_XLX_SEP_ PragmaContext=_XLX_SEP_ PragmaFunction=int4_swiglu_quantize_four_pes_stream_XLX_SEP_ PragmaOptions=variable=scale_pe0 type=fifo impl=srl_XLX_SEP_ [-Wdump-hls-pragmas]
#pragma HLS BIND_STORAGE variable=scale_pe0 type=fifo impl=srl
        ^
source/int4_decoder_blocks.cpp:1076:9: warning: HLS pragma dump _XLX_SEP_ PragmaIsValid=1_XLX_SEP_ PragmaType=bind_storage_XLX_SEP_ PragmaContext=_XLX_SEP_ PragmaFunction=int4_swiglu_quantize_four_pes_stream_XLX_SEP_ PragmaOptions=variable=scale_pe1 type=fifo impl=srl_XLX_SEP_ [-Wdump-hls-pragmas]
#pragma HLS BIND_STORAGE variable=scale_pe1 type=fifo impl=srl
        ^
source/int4_decoder_blocks.cpp:1077:9: warning: HLS pragma dump _XLX_SEP_ PragmaIsValid=1_XLX_SEP_ PragmaType=bind_storage_XLX_SEP_ PragmaContext=_XLX_SEP_ PragmaFunction=int4_swiglu_quantize_four_pes_stream_XLX_SEP_ PragmaOptions=variable=scale_pe2 type=fifo impl=srl_XLX_SEP_ [-Wdump-hls-pragmas]
#pragma HLS BIND_STORAGE variable=scale_pe2 type=fifo impl=srl
        ^
source/int4_decoder_blocks.cpp:1078:9: warning: HLS pragma dump _XLX_SEP_ PragmaIsValid=1_XLX_SEP_ PragmaType=bind_storage_XLX_SEP_ PragmaContext=_XLX_SEP_ PragmaFunction=int4_swiglu_quantize_four_pes_stream_XLX_SEP_ PragmaOptions=variable=scale_pe3 type=fifo impl=srl_XLX_SEP_ [-Wdump-hls-pragmas]
#pragma HLS BIND_STORAGE variable=scale_pe3 type=fifo impl=srl
        ^
source/int4_decoder_blocks.cpp:1108:9: warning: HLS pragma dump _XLX_SEP_ PragmaIsValid=1_XLX_SEP_ PragmaType=interface_XLX_SEP_ PragmaContext=_XLX_SEP_ PragmaFunction=int4_swiglu_quantize_4pe_XLX_SEP_ PragmaOptions=m_axi port=gate_pe0 bundle=gmem0 offset=slave_XLX_SEP_ [-Wdump-hls-pragmas]
#pragma HLS INTERFACE m_axi port=gate_pe0 bundle=gmem0 offset=slave
        ^
source/int4_decoder_blocks.cpp:1109:9: warning: HLS pragma dump _XLX_SEP_ PragmaIsValid=1_XLX_SEP_ PragmaType=interface_XLX_SEP_ PragmaContext=_XLX_SEP_ PragmaFunction=int4_swiglu_quantize_4pe_XLX_SEP_ PragmaOptions=m_axi port=up_pe0 bundle=gmem0 offset=slave_XLX_SEP_ [-Wdump-hls-pragmas]
#pragma HLS INTERFACE m_axi port=up_pe0 bundle=gmem0 offset=slave
        ^
source/int4_decoder_blocks.cpp:1110:9: warning: HLS pragma dump _XLX_SEP_ PragmaIsValid=1_XLX_SEP_ PragmaType=interface_XLX_SEP_ PragmaContext=_XLX_SEP_ PragmaFunction=int4_swiglu_quantize_4pe_XLX_SEP_ PragmaOptions=m_axi port=activation_q bundle=gmem0 offset=slave depth=INT4_HIDDEN_GROUPS_XLX_SEP_ [-Wdump-hls-pragmas]
#pragma HLS INTERFACE m_axi port=activation_q bundle=gmem0 offset=slave depth=INT4_HIDDEN_GROUPS
        ^
source/int4_decoder_blocks.cpp:1112:9: warning: HLS pragma dump _XLX_SEP_ PragmaIsValid=1_XLX_SEP_ PragmaType=interface_XLX_SEP_ PragmaContext=_XLX_SEP_ PragmaFunction=int4_swiglu_quantize_4pe_XLX_SEP_ PragmaOptions=m_axi port=activation_scale bundle=gmem0 offset=slave depth=INT4_HIDDEN_SCALE_WORDS_XLX_SEP_ [-Wdump-hls-pragmas]
#pragma HLS INTERFACE m_axi port=activation_scale bundle=gmem0 offset=slave depth=INT4_HIDDEN_SCALE_WORDS
        ^
source/int4_decoder_blocks.cpp:1114:9: warning: HLS pragma dump _XLX_SEP_ PragmaIsValid=1_XLX_SEP_ PragmaType=interface_XLX_SEP_ PragmaContext=_XLX_SEP_ PragmaFunction=int4_swiglu_quantize_4pe_XLX_SEP_ PragmaOptions=m_axi port=gate_pe1 bundle=gmem1 offset=slave_XLX_SEP_ [-Wdump-hls-pragmas]
#pragma HLS INTERFACE m_axi port=gate_pe1 bundle=gmem1 offset=slave
        ^
source/int4_decoder_blocks.cpp:1115:9: warning: HLS pragma dump _XLX_SEP_ PragmaIsValid=1_XLX_SEP_ PragmaType=interface_XLX_SEP_ PragmaContext=_XLX_SEP_ PragmaFunction=int4_swiglu_quantize_4pe_XLX_SEP_ PragmaOptions=m_axi port=up_pe1 bundle=gmem1 offset=slave_XLX_SEP_ [-Wdump-hls-pragmas]
#pragma HLS INTERFACE m_axi port=up_pe1 bundle=gmem1 offset=slave
        ^
source/int4_decoder_blocks.cpp:1116:9: warning: HLS pragma dump _XLX_SEP_ PragmaIsValid=1_XLX_SEP_ PragmaType=interface_XLX_SEP_ PragmaContext=_XLX_SEP_ PragmaFunction=int4_swiglu_quantize_4pe_XLX_SEP_ PragmaOptions=m_axi port=gate_pe2 bundle=gmem2 offset=slave_XLX_SEP_ [-Wdump-hls-pragmas]
#pragma HLS INTERFACE m_axi port=gate_pe2 bundle=gmem2 offset=slave
        ^
source/int4_decoder_blocks.cpp:1117:9: warning: HLS pragma dump _XLX_SEP_ PragmaIsValid=1_XLX_SEP_ PragmaType=interface_XLX_SEP_ PragmaContext=_XLX_SEP_ PragmaFunction=int4_swiglu_quantize_4pe_XLX_SEP_ PragmaOptions=m_axi port=up_pe2 bundle=gmem2 offset=slave_XLX_SEP_ [-Wdump-hls-pragmas]
#pragma HLS INTERFACE m_axi port=up_pe2 bundle=gmem2 offset=slave
        ^
source/int4_decoder_blocks.cpp:1118:9: warning: HLS pragma dump _XLX_SEP_ PragmaIsValid=1_XLX_SEP_ PragmaType=interface_XLX_SEP_ PragmaContext=_XLX_SEP_ PragmaFunction=int4_swiglu_quantize_4pe_XLX_SEP_ PragmaOptions=m_axi port=gate_pe3 bundle=gmem3 offset=slave_XLX_SEP_ [-Wdump-hls-pragmas]
#pragma HLS INTERFACE m_axi port=gate_pe3 bundle=gmem3 offset=slave
        ^
source/int4_decoder_blocks.cpp:1119:9: warning: HLS pragma dump _XLX_SEP_ PragmaIsValid=1_XLX_SEP_ PragmaType=interface_XLX_SEP_ PragmaContext=_XLX_SEP_ PragmaFunction=int4_swiglu_quantize_4pe_XLX_SEP_ PragmaOptions=m_axi port=up_pe3 bundle=gmem3 offset=slave_XLX_SEP_ [-Wdump-hls-pragmas]
#pragma HLS INTERFACE m_axi port=up_pe3 bundle=gmem3 offset=slave
        ^
source/int4_decoder_blocks.cpp:1121:9: warning: HLS pragma dump _XLX_SEP_ PragmaIsValid=1_XLX_SEP_ PragmaType=interface_XLX_SEP_ PragmaContext=_XLX_SEP_ PragmaFunction=int4_swiglu_quantize_4pe_XLX_SEP_ PragmaOptions=s_axilite port=gate_pe0 bundle=control_XLX_SEP_ [-Wdump-hls-pragmas]
#pragma HLS INTERFACE s_axilite port=gate_pe0 bundle=control
        ^
source/int4_decoder_blocks.cpp:1122:9: warning: HLS pragma dump _XLX_SEP_ PragmaIsValid=1_XLX_SEP_ PragmaType=interface_XLX_SEP_ PragmaContext=_XLX_SEP_ PragmaFunction=int4_swiglu_quantize_4pe_XLX_SEP_ PragmaOptions=s_axilite port=gate_pe1 bundle=control_XLX_SEP_ [-Wdump-hls-pragmas]
#pragma HLS INTERFACE s_axilite port=gate_pe1 bundle=control
        ^
source/int4_decoder_blocks.cpp:1123:9: warning: HLS pragma dump _XLX_SEP_ PragmaIsValid=1_XLX_SEP_ PragmaType=interface_XLX_SEP_ PragmaContext=_XLX_SEP_ PragmaFunction=int4_swiglu_quantize_4pe_XLX_SEP_ PragmaOptions=s_axilite port=gate_pe2 bundle=control_XLX_SEP_ [-Wdump-hls-pragmas]
#pragma HLS INTERFACE s_axilite port=gate_pe2 bundle=control
        ^
source/int4_decoder_blocks.cpp:1124:9: warning: HLS pragma dump _XLX_SEP_ PragmaIsValid=1_XLX_SEP_ PragmaType=interface_XLX_SEP_ PragmaContext=_XLX_SEP_ PragmaFunction=int4_swiglu_quantize_4pe_XLX_SEP_ PragmaOptions=s_axilite port=gate_pe3 bundle=control_XLX_SEP_ [-Wdump-hls-pragmas]
#pragma HLS INTERFACE s_axilite port=gate_pe3 bundle=control
        ^
source/int4_decoder_blocks.cpp:1125:9: warning: HLS pragma dump _XLX_SEP_ PragmaIsValid=1_XLX_SEP_ PragmaType=interface_XLX_SEP_ PragmaContext=_XLX_SEP_ PragmaFunction=int4_swiglu_quantize_4pe_XLX_SEP_ PragmaOptions=s_axilite port=up_pe0 bundle=control_XLX_SEP_ [-Wdump-hls-pragmas]
#pragma HLS INTERFACE s_axilite port=up_pe0 bundle=control
        ^
source/int4_decoder_blocks.cpp:1126:9: warning: HLS pragma dump _XLX_SEP_ PragmaIsValid=1_XLX_SEP_ PragmaType=interface_XLX_SEP_ PragmaContext=_XLX_SEP_ PragmaFunction=int4_swiglu_quantize_4pe_XLX_SEP_ PragmaOptions=s_axilite port=up_pe1 bundle=control_XLX_SEP_ [-Wdump-hls-pragmas]
#pragma HLS INTERFACE s_axilite port=up_pe1 bundle=control
        ^
source/int4_decoder_blocks.cpp:1127:9: warning: HLS pragma dump _XLX_SEP_ PragmaIsValid=1_XLX_SEP_ PragmaType=interface_XLX_SEP_ PragmaContext=_XLX_SEP_ PragmaFunction=int4_swiglu_quantize_4pe_XLX_SEP_ PragmaOptions=s_axilite port=up_pe2 bundle=control_XLX_SEP_ [-Wdump-hls-pragmas]
#pragma HLS INTERFACE s_axilite port=up_pe2 bundle=control
        ^
source/int4_decoder_blocks.cpp:1128:9: warning: HLS pragma dump _XLX_SEP_ PragmaIsValid=1_XLX_SEP_ PragmaType=interface_XLX_SEP_ PragmaContext=_XLX_SEP_ PragmaFunction=int4_swiglu_quantize_4pe_XLX_SEP_ PragmaOptions=s_axilite port=up_pe3 bundle=control_XLX_SEP_ [-Wdump-hls-pragmas]
#pragma HLS INTERFACE s_axilite port=up_pe3 bundle=control
        ^
source/int4_decoder_blocks.cpp:1129:9: warning: HLS pragma dump _XLX_SEP_ PragmaIsValid=1_XLX_SEP_ PragmaType=interface_XLX_SEP_ PragmaContext=_XLX_SEP_ PragmaFunction=int4_swiglu_quantize_4pe_XLX_SEP_ PragmaOptions=s_axilite port=activation_q bundle=control_XLX_SEP_ [-Wdump-hls-pragmas]
#pragma HLS INTERFACE s_axilite port=activation_q bundle=control
        ^
source/int4_decoder_blocks.cpp:1130:9: warning: HLS pragma dump _XLX_SEP_ PragmaIsValid=1_XLX_SEP_ PragmaType=interface_XLX_SEP_ PragmaContext=_XLX_SEP_ PragmaFunction=int4_swiglu_quantize_4pe_XLX_SEP_ PragmaOptions=s_axilite port=activation_scale bundle=control_XLX_SEP_ [-Wdump-hls-pragmas]
#pragma HLS INTERFACE s_axilite port=activation_scale bundle=control
        ^
source/int4_decoder_blocks.cpp:1131:9: warning: HLS pragma dump _XLX_SEP_ PragmaIsValid=1_XLX_SEP_ PragmaType=interface_XLX_SEP_ PragmaContext=_XLX_SEP_ PragmaFunction=int4_swiglu_quantize_4pe_XLX_SEP_ PragmaOptions=s_axilite port=controller bundle=control_XLX_SEP_ [-Wdump-hls-pragmas]
#pragma HLS INTERFACE s_axilite port=controller bundle=control
        ^
source/int4_decoder_blocks.cpp:1132:9: warning: HLS pragma dump _XLX_SEP_ PragmaIsValid=1_XLX_SEP_ PragmaType=interface_XLX_SEP_ PragmaContext=_XLX_SEP_ PragmaFunction=int4_swiglu_quantize_4pe_XLX_SEP_ PragmaOptions=s_axilite port=return bundle=control_XLX_SEP_ [-Wdump-hls-pragmas]
#pragma HLS INTERFACE s_axilite port=return bundle=control
        ^
source/int4_decoder_blocks.cpp:1160:9: warning: HLS pragma dump _XLX_SEP_ PragmaIsValid=1_XLX_SEP_ PragmaType=inline_XLX_SEP_ PragmaContext=_XLX_SEP_ PragmaFunction=int4_swiglu_quantize_stream_4pe_XLX_SEP_ PragmaOptions=off_XLX_SEP_ [-Wdump-hls-pragmas]
#pragma HLS INLINE off
        ^
382 warnings generated.
