

================================================================
== Vitis HLS Report for 'int4_run_four_pes'
================================================================
* Date:           Tue Aug 11 09:19:34 2026

* Version:        2023.2 (Build 4023990 on Oct 11 2023)
* Project:        proj_int4_decoder_xo
* Solution:       solution1 (Vitis Kernel Flow Target)
* Product family: virtexuplus
* Target device:  xcu250-figd2104-2L-e


================================================================
== Performance Estimates
================================================================
+ Timing: 
    * Summary: 
    +--------+---------+----------+------------+
    |  Clock |  Target | Estimated| Uncertainty|
    +--------+---------+----------+------------+
    |ap_clk  |  3.33 ns|  2.605 ns|     0.90 ns|
    +--------+---------+----------+------------+

+ Latency: 
    * Summary: 
    +---------+---------+----------+----------+-------+--------+----------+
    |  Latency (cycles) |  Latency (absolute) |    Interval    | Pipeline |
    |   min   |   max   |    min   |    max   |  min  |   max  |   Type   |
    +---------+---------+----------+----------+-------+--------+----------+
    |    32879|   693615|  0.110 ms|  2.312 ms|  32843|  693532|  dataflow|
    +---------+---------+----------+----------+-------+--------+----------+

    + Detail: 
        * Instance: 
        +-----------------------------------+--------------------------------+---------+---------+----------+----------+-------+--------+----------+
        |                                   |                                |  Latency (cycles) |  Latency (absolute) |    Interval    | Pipeline |
        |              Instance             |             Module             |   min   |   max   |    min   |    max   |  min  |   max  |   Type   |
        +-----------------------------------+--------------------------------+---------+---------+----------+----------+-------+--------+----------+
        |int4_broadcast_linear_commands_U0  |int4_broadcast_linear_commands  |        0|        0|      0 ns|      0 ns|      0|       0|        no|
        |int4_broadcast_activation_U0       |int4_broadcast_activation       |      135|      351|  0.450 us|  1.170 us|    135|     351|        no|
        |int4_run_pe_dataflow_0_U0          |int4_run_pe_dataflow_0_s        |    32878|   693614|  0.110 ms|  2.312 ms|  32843|  693532|  dataflow|
        |int4_run_pe_dataflow_1_U0          |int4_run_pe_dataflow_1_s        |    32878|   693614|  0.110 ms|  2.312 ms|  32843|  693532|  dataflow|
        |int4_run_pe_dataflow_2_U0          |int4_run_pe_dataflow_2_s        |    32878|   693614|  0.110 ms|  2.312 ms|  32843|  693532|  dataflow|
        |int4_run_pe_dataflow_3_U0          |int4_run_pe_dataflow_3_s        |    32878|   693614|  0.110 ms|  2.312 ms|  32843|  693532|  dataflow|
        +-----------------------------------+--------------------------------+---------+---------+----------+----------+-------+--------+----------+

        * Loop: 
        N/A



================================================================
== Utilization Estimates
================================================================
* Summary: 
+---------------------+---------+-------+---------+---------+------+
|         Name        | BRAM_18K|  DSP  |    FF   |   LUT   | URAM |
+---------------------+---------+-------+---------+---------+------+
|DSP                  |        -|      -|        -|        -|     -|
|Expression           |        -|      -|        0|       32|     -|
|FIFO                 |       60|      -|     4540|     2352|     -|
|Instance             |      180|    364|    93887|    67516|   128|
|Memory               |        -|      -|        -|        -|     -|
|Multiplexer          |        -|      -|        -|       54|     -|
|Register             |        -|      -|        6|        -|     -|
+---------------------+---------+-------+---------+---------+------+
|Total                |      240|    364|    98433|    69954|   128|
+---------------------+---------+-------+---------+---------+------+
|Available SLR        |     1344|   3072|   864000|   432000|   320|
+---------------------+---------+-------+---------+---------+------+
|Utilization SLR (%)  |       17|     11|       11|       16|    40|
+---------------------+---------+-------+---------+---------+------+
|Available            |     5376|  12288|  3456000|  1728000|  1280|
+---------------------+---------+-------+---------+---------+------+
|Utilization (%)      |        4|      2|        2|        4|    10|
+---------------------+---------+-------+---------+---------+------+

+ Detail: 
    * Instance: 
    +-----------------------------------+--------------------------------+---------+----+-------+-------+-----+
    |              Instance             |             Module             | BRAM_18K| DSP|   FF  |  LUT  | URAM|
    +-----------------------------------+--------------------------------+---------+----+-------+-------+-----+
    |int4_broadcast_activation_U0       |int4_broadcast_activation       |        0|   0|   2637|    981|    0|
    |int4_broadcast_linear_commands_U0  |int4_broadcast_linear_commands  |        0|   0|      2|     47|    0|
    |int4_run_pe_dataflow_0_U0          |int4_run_pe_dataflow_0_s        |       45|  91|  22812|  16622|   32|
    |int4_run_pe_dataflow_1_U0          |int4_run_pe_dataflow_1_s        |       45|  91|  22812|  16622|   32|
    |int4_run_pe_dataflow_2_U0          |int4_run_pe_dataflow_2_s        |       45|  91|  22812|  16622|   32|
    |int4_run_pe_dataflow_3_U0          |int4_run_pe_dataflow_3_s        |       45|  91|  22812|  16622|   32|
    +-----------------------------------+--------------------------------+---------+----+-------+-------+-----+
    |Total                              |                                |      180| 364|  93887|  67516|  128|
    +-----------------------------------+--------------------------------+---------+----+-------+-------+-----+

    * DSP: 
    N/A

    * Memory: 
    N/A

    * FIFO: 
    +------------------------+---------+------+----+-----+------+-----+---------+
    |          Name          | BRAM_18K|  FF  | LUT| URAM| Depth| Bits| Size:D*B|
    +------------------------+---------+------+----+-----+------+-----+---------+
    |activation_scale_pe0_U  |        0|    68|   0|    -|     2|   32|       64|
    |activation_scale_pe1_U  |        0|    68|   0|    -|     2|   32|       64|
    |activation_scale_pe2_U  |        0|    68|   0|    -|     2|   32|       64|
    |activation_scale_pe3_U  |        0|    68|   0|    -|     2|   32|       64|
    |linear_command_pe0_U    |        0|    36|   0|    -|     2|   14|       28|
    |linear_command_pe1_U    |        0|    36|   0|    -|     2|   14|       28|
    |linear_command_pe2_U    |        0|    36|   0|    -|     2|   14|       28|
    |linear_command_pe3_U    |        0|    36|   0|    -|     2|   14|       28|
    |quantized_pe0_U         |       15|  1031|   0|    -|     2|  480|      960|
    |quantized_pe1_U         |       15|  1031|   0|    -|     2|  480|      960|
    |quantized_pe2_U         |       15|  1031|   0|    -|     2|  480|      960|
    |quantized_pe3_U         |       15|  1031|   0|    -|     2|  480|      960|
    +------------------------+---------+------+----+-----+------+-----+---------+
    |Total                   |       60|  4540|   0|    0|    24| 2104|     4208|
    +------------------------+---------+------+----+-----+------+-----+---------+

    * Expression: 
    +----------------------------------------------------+----------+----+---+----+------------+------------+
    |                    Variable Name                   | Operation| DSP| FF| LUT| Bitwidth P0| Bitwidth P1|
    +----------------------------------------------------+----------+----+---+----+------------+------------+
    |ap_idle                                             |       and|   0|  0|   2|           1|           1|
    |ap_sync_continue                                    |       and|   0|  0|   2|           1|           1|
    |ap_sync_done                                        |       and|   0|  0|   2|           1|           1|
    |ap_sync_ready                                       |       and|   0|  0|   2|           1|           1|
    |int4_broadcast_activation_U0_ap_start               |       and|   0|  0|   2|           1|           1|
    |int4_broadcast_linear_commands_U0_ap_start          |       and|   0|  0|   2|           1|           1|
    |int4_run_pe_dataflow_0_U0_ap_start                  |       and|   0|  0|   2|           1|           1|
    |int4_run_pe_dataflow_1_U0_ap_start                  |       and|   0|  0|   2|           1|           1|
    |int4_run_pe_dataflow_2_U0_ap_start                  |       and|   0|  0|   2|           1|           1|
    |int4_run_pe_dataflow_3_U0_ap_start                  |       and|   0|  0|   2|           1|           1|
    |ap_sync_int4_broadcast_activation_U0_ap_ready       |        or|   0|  0|   2|           1|           1|
    |ap_sync_int4_broadcast_linear_commands_U0_ap_ready  |        or|   0|  0|   2|           1|           1|
    |ap_sync_int4_run_pe_dataflow_0_U0_ap_ready          |        or|   0|  0|   2|           1|           1|
    |ap_sync_int4_run_pe_dataflow_1_U0_ap_ready          |        or|   0|  0|   2|           1|           1|
    |ap_sync_int4_run_pe_dataflow_2_U0_ap_ready          |        or|   0|  0|   2|           1|           1|
    |ap_sync_int4_run_pe_dataflow_3_U0_ap_ready          |        or|   0|  0|   2|           1|           1|
    +----------------------------------------------------+----------+----+---+----+------------+------------+
    |Total                                               |          |   0|  0|  32|          16|          16|
    +----------------------------------------------------+----------+----+---+----+------------+------------+

    * Multiplexer: 
    +--------------------------------------------------------+----+-----------+-----+-----------+
    |                          Name                          | LUT| Input Size| Bits| Total Bits|
    +--------------------------------------------------------+----+-----------+-----+-----------+
    |ap_sync_reg_int4_broadcast_activation_U0_ap_ready       |   9|          2|    1|          2|
    |ap_sync_reg_int4_broadcast_linear_commands_U0_ap_ready  |   9|          2|    1|          2|
    |ap_sync_reg_int4_run_pe_dataflow_0_U0_ap_ready          |   9|          2|    1|          2|
    |ap_sync_reg_int4_run_pe_dataflow_1_U0_ap_ready          |   9|          2|    1|          2|
    |ap_sync_reg_int4_run_pe_dataflow_2_U0_ap_ready          |   9|          2|    1|          2|
    |ap_sync_reg_int4_run_pe_dataflow_3_U0_ap_ready          |   9|          2|    1|          2|
    +--------------------------------------------------------+----+-----------+-----+-----------+
    |Total                                                   |  54|         12|    6|         12|
    +--------------------------------------------------------+----+-----------+-----+-----------+

    * Register: 
    +--------------------------------------------------------+---+----+-----+-----------+
    |                          Name                          | FF| LUT| Bits| Const Bits|
    +--------------------------------------------------------+---+----+-----+-----------+
    |ap_sync_reg_int4_broadcast_activation_U0_ap_ready       |  1|   0|    1|          0|
    |ap_sync_reg_int4_broadcast_linear_commands_U0_ap_ready  |  1|   0|    1|          0|
    |ap_sync_reg_int4_run_pe_dataflow_0_U0_ap_ready          |  1|   0|    1|          0|
    |ap_sync_reg_int4_run_pe_dataflow_1_U0_ap_ready          |  1|   0|    1|          0|
    |ap_sync_reg_int4_run_pe_dataflow_2_U0_ap_ready          |  1|   0|    1|          0|
    |ap_sync_reg_int4_run_pe_dataflow_3_U0_ap_ready          |  1|   0|    1|          0|
    +--------------------------------------------------------+---+----+-----+-----------+
    |Total                                                   |  6|   0|    6|          0|
    +--------------------------------------------------------+---+----+-----+-----------+



================================================================
== Interface
================================================================
* Summary: 
+-----------------------------+-----+-----+------------+--------------------+--------------+
|          RTL Ports          | Dir | Bits|  Protocol  |    Source Object   |    C Type    |
+-----------------------------+-----+-----+------------+--------------------+--------------+
|m_axi_gmem0_AWVALID          |  out|    1|       m_axi|               gmem0|       pointer|
|m_axi_gmem0_AWREADY          |   in|    1|       m_axi|               gmem0|       pointer|
|m_axi_gmem0_AWADDR           |  out|   64|       m_axi|               gmem0|       pointer|
|m_axi_gmem0_AWID             |  out|    1|       m_axi|               gmem0|       pointer|
|m_axi_gmem0_AWLEN            |  out|   32|       m_axi|               gmem0|       pointer|
|m_axi_gmem0_AWSIZE           |  out|    3|       m_axi|               gmem0|       pointer|
|m_axi_gmem0_AWBURST          |  out|    2|       m_axi|               gmem0|       pointer|
|m_axi_gmem0_AWLOCK           |  out|    2|       m_axi|               gmem0|       pointer|
|m_axi_gmem0_AWCACHE          |  out|    4|       m_axi|               gmem0|       pointer|
|m_axi_gmem0_AWPROT           |  out|    3|       m_axi|               gmem0|       pointer|
|m_axi_gmem0_AWQOS            |  out|    4|       m_axi|               gmem0|       pointer|
|m_axi_gmem0_AWREGION         |  out|    4|       m_axi|               gmem0|       pointer|
|m_axi_gmem0_AWUSER           |  out|    1|       m_axi|               gmem0|       pointer|
|m_axi_gmem0_WVALID           |  out|    1|       m_axi|               gmem0|       pointer|
|m_axi_gmem0_WREADY           |   in|    1|       m_axi|               gmem0|       pointer|
|m_axi_gmem0_WDATA            |  out|  512|       m_axi|               gmem0|       pointer|
|m_axi_gmem0_WSTRB            |  out|   64|       m_axi|               gmem0|       pointer|
|m_axi_gmem0_WLAST            |  out|    1|       m_axi|               gmem0|       pointer|
|m_axi_gmem0_WID              |  out|    1|       m_axi|               gmem0|       pointer|
|m_axi_gmem0_WUSER            |  out|    1|       m_axi|               gmem0|       pointer|
|m_axi_gmem0_ARVALID          |  out|    1|       m_axi|               gmem0|       pointer|
|m_axi_gmem0_ARREADY          |   in|    1|       m_axi|               gmem0|       pointer|
|m_axi_gmem0_ARADDR           |  out|   64|       m_axi|               gmem0|       pointer|
|m_axi_gmem0_ARID             |  out|    1|       m_axi|               gmem0|       pointer|
|m_axi_gmem0_ARLEN            |  out|   32|       m_axi|               gmem0|       pointer|
|m_axi_gmem0_ARSIZE           |  out|    3|       m_axi|               gmem0|       pointer|
|m_axi_gmem0_ARBURST          |  out|    2|       m_axi|               gmem0|       pointer|
|m_axi_gmem0_ARLOCK           |  out|    2|       m_axi|               gmem0|       pointer|
|m_axi_gmem0_ARCACHE          |  out|    4|       m_axi|               gmem0|       pointer|
|m_axi_gmem0_ARPROT           |  out|    3|       m_axi|               gmem0|       pointer|
|m_axi_gmem0_ARQOS            |  out|    4|       m_axi|               gmem0|       pointer|
|m_axi_gmem0_ARREGION         |  out|    4|       m_axi|               gmem0|       pointer|
|m_axi_gmem0_ARUSER           |  out|    1|       m_axi|               gmem0|       pointer|
|m_axi_gmem0_RVALID           |   in|    1|       m_axi|               gmem0|       pointer|
|m_axi_gmem0_RREADY           |  out|    1|       m_axi|               gmem0|       pointer|
|m_axi_gmem0_RDATA            |   in|  512|       m_axi|               gmem0|       pointer|
|m_axi_gmem0_RLAST            |   in|    1|       m_axi|               gmem0|       pointer|
|m_axi_gmem0_RID              |   in|    1|       m_axi|               gmem0|       pointer|
|m_axi_gmem0_RFIFONUM         |   in|   12|       m_axi|               gmem0|       pointer|
|m_axi_gmem0_RUSER            |   in|    1|       m_axi|               gmem0|       pointer|
|m_axi_gmem0_RRESP            |   in|    2|       m_axi|               gmem0|       pointer|
|m_axi_gmem0_BVALID           |   in|    1|       m_axi|               gmem0|       pointer|
|m_axi_gmem0_BREADY           |  out|    1|       m_axi|               gmem0|       pointer|
|m_axi_gmem0_BRESP            |   in|    2|       m_axi|               gmem0|       pointer|
|m_axi_gmem0_BID              |   in|    1|       m_axi|               gmem0|       pointer|
|m_axi_gmem0_BUSER            |   in|    1|       m_axi|               gmem0|       pointer|
|weight_pe0                   |   in|   64|     ap_none|          weight_pe0|        scalar|
|weight_pe0_ap_vld            |   in|    1|     ap_none|          weight_pe0|        scalar|
|m_axi_gmem1_AWVALID          |  out|    1|       m_axi|               gmem1|       pointer|
|m_axi_gmem1_AWREADY          |   in|    1|       m_axi|               gmem1|       pointer|
|m_axi_gmem1_AWADDR           |  out|   64|       m_axi|               gmem1|       pointer|
|m_axi_gmem1_AWID             |  out|    1|       m_axi|               gmem1|       pointer|
|m_axi_gmem1_AWLEN            |  out|   32|       m_axi|               gmem1|       pointer|
|m_axi_gmem1_AWSIZE           |  out|    3|       m_axi|               gmem1|       pointer|
|m_axi_gmem1_AWBURST          |  out|    2|       m_axi|               gmem1|       pointer|
|m_axi_gmem1_AWLOCK           |  out|    2|       m_axi|               gmem1|       pointer|
|m_axi_gmem1_AWCACHE          |  out|    4|       m_axi|               gmem1|       pointer|
|m_axi_gmem1_AWPROT           |  out|    3|       m_axi|               gmem1|       pointer|
|m_axi_gmem1_AWQOS            |  out|    4|       m_axi|               gmem1|       pointer|
|m_axi_gmem1_AWREGION         |  out|    4|       m_axi|               gmem1|       pointer|
|m_axi_gmem1_AWUSER           |  out|    1|       m_axi|               gmem1|       pointer|
|m_axi_gmem1_WVALID           |  out|    1|       m_axi|               gmem1|       pointer|
|m_axi_gmem1_WREADY           |   in|    1|       m_axi|               gmem1|       pointer|
|m_axi_gmem1_WDATA            |  out|  512|       m_axi|               gmem1|       pointer|
|m_axi_gmem1_WSTRB            |  out|   64|       m_axi|               gmem1|       pointer|
|m_axi_gmem1_WLAST            |  out|    1|       m_axi|               gmem1|       pointer|
|m_axi_gmem1_WID              |  out|    1|       m_axi|               gmem1|       pointer|
|m_axi_gmem1_WUSER            |  out|    1|       m_axi|               gmem1|       pointer|
|m_axi_gmem1_ARVALID          |  out|    1|       m_axi|               gmem1|       pointer|
|m_axi_gmem1_ARREADY          |   in|    1|       m_axi|               gmem1|       pointer|
|m_axi_gmem1_ARADDR           |  out|   64|       m_axi|               gmem1|       pointer|
|m_axi_gmem1_ARID             |  out|    1|       m_axi|               gmem1|       pointer|
|m_axi_gmem1_ARLEN            |  out|   32|       m_axi|               gmem1|       pointer|
|m_axi_gmem1_ARSIZE           |  out|    3|       m_axi|               gmem1|       pointer|
|m_axi_gmem1_ARBURST          |  out|    2|       m_axi|               gmem1|       pointer|
|m_axi_gmem1_ARLOCK           |  out|    2|       m_axi|               gmem1|       pointer|
|m_axi_gmem1_ARCACHE          |  out|    4|       m_axi|               gmem1|       pointer|
|m_axi_gmem1_ARPROT           |  out|    3|       m_axi|               gmem1|       pointer|
|m_axi_gmem1_ARQOS            |  out|    4|       m_axi|               gmem1|       pointer|
|m_axi_gmem1_ARREGION         |  out|    4|       m_axi|               gmem1|       pointer|
|m_axi_gmem1_ARUSER           |  out|    1|       m_axi|               gmem1|       pointer|
|m_axi_gmem1_RVALID           |   in|    1|       m_axi|               gmem1|       pointer|
|m_axi_gmem1_RREADY           |  out|    1|       m_axi|               gmem1|       pointer|
|m_axi_gmem1_RDATA            |   in|  512|       m_axi|               gmem1|       pointer|
|m_axi_gmem1_RLAST            |   in|    1|       m_axi|               gmem1|       pointer|
|m_axi_gmem1_RID              |   in|    1|       m_axi|               gmem1|       pointer|
|m_axi_gmem1_RFIFONUM         |   in|   12|       m_axi|               gmem1|       pointer|
|m_axi_gmem1_RUSER            |   in|    1|       m_axi|               gmem1|       pointer|
|m_axi_gmem1_RRESP            |   in|    2|       m_axi|               gmem1|       pointer|
|m_axi_gmem1_BVALID           |   in|    1|       m_axi|               gmem1|       pointer|
|m_axi_gmem1_BREADY           |  out|    1|       m_axi|               gmem1|       pointer|
|m_axi_gmem1_BRESP            |   in|    2|       m_axi|               gmem1|       pointer|
|m_axi_gmem1_BID              |   in|    1|       m_axi|               gmem1|       pointer|
|m_axi_gmem1_BUSER            |   in|    1|       m_axi|               gmem1|       pointer|
|weight_pe1                   |   in|   64|     ap_none|          weight_pe1|        scalar|
|weight_pe1_ap_vld            |   in|    1|     ap_none|          weight_pe1|        scalar|
|m_axi_gmem2_AWVALID          |  out|    1|       m_axi|               gmem2|       pointer|
|m_axi_gmem2_AWREADY          |   in|    1|       m_axi|               gmem2|       pointer|
|m_axi_gmem2_AWADDR           |  out|   64|       m_axi|               gmem2|       pointer|
|m_axi_gmem2_AWID             |  out|    1|       m_axi|               gmem2|       pointer|
|m_axi_gmem2_AWLEN            |  out|   32|       m_axi|               gmem2|       pointer|
|m_axi_gmem2_AWSIZE           |  out|    3|       m_axi|               gmem2|       pointer|
|m_axi_gmem2_AWBURST          |  out|    2|       m_axi|               gmem2|       pointer|
|m_axi_gmem2_AWLOCK           |  out|    2|       m_axi|               gmem2|       pointer|
|m_axi_gmem2_AWCACHE          |  out|    4|       m_axi|               gmem2|       pointer|
|m_axi_gmem2_AWPROT           |  out|    3|       m_axi|               gmem2|       pointer|
|m_axi_gmem2_AWQOS            |  out|    4|       m_axi|               gmem2|       pointer|
|m_axi_gmem2_AWREGION         |  out|    4|       m_axi|               gmem2|       pointer|
|m_axi_gmem2_AWUSER           |  out|    1|       m_axi|               gmem2|       pointer|
|m_axi_gmem2_WVALID           |  out|    1|       m_axi|               gmem2|       pointer|
|m_axi_gmem2_WREADY           |   in|    1|       m_axi|               gmem2|       pointer|
|m_axi_gmem2_WDATA            |  out|  512|       m_axi|               gmem2|       pointer|
|m_axi_gmem2_WSTRB            |  out|   64|       m_axi|               gmem2|       pointer|
|m_axi_gmem2_WLAST            |  out|    1|       m_axi|               gmem2|       pointer|
|m_axi_gmem2_WID              |  out|    1|       m_axi|               gmem2|       pointer|
|m_axi_gmem2_WUSER            |  out|    1|       m_axi|               gmem2|       pointer|
|m_axi_gmem2_ARVALID          |  out|    1|       m_axi|               gmem2|       pointer|
|m_axi_gmem2_ARREADY          |   in|    1|       m_axi|               gmem2|       pointer|
|m_axi_gmem2_ARADDR           |  out|   64|       m_axi|               gmem2|       pointer|
|m_axi_gmem2_ARID             |  out|    1|       m_axi|               gmem2|       pointer|
|m_axi_gmem2_ARLEN            |  out|   32|       m_axi|               gmem2|       pointer|
|m_axi_gmem2_ARSIZE           |  out|    3|       m_axi|               gmem2|       pointer|
|m_axi_gmem2_ARBURST          |  out|    2|       m_axi|               gmem2|       pointer|
|m_axi_gmem2_ARLOCK           |  out|    2|       m_axi|               gmem2|       pointer|
|m_axi_gmem2_ARCACHE          |  out|    4|       m_axi|               gmem2|       pointer|
|m_axi_gmem2_ARPROT           |  out|    3|       m_axi|               gmem2|       pointer|
|m_axi_gmem2_ARQOS            |  out|    4|       m_axi|               gmem2|       pointer|
|m_axi_gmem2_ARREGION         |  out|    4|       m_axi|               gmem2|       pointer|
|m_axi_gmem2_ARUSER           |  out|    1|       m_axi|               gmem2|       pointer|
|m_axi_gmem2_RVALID           |   in|    1|       m_axi|               gmem2|       pointer|
|m_axi_gmem2_RREADY           |  out|    1|       m_axi|               gmem2|       pointer|
|m_axi_gmem2_RDATA            |   in|  512|       m_axi|               gmem2|       pointer|
|m_axi_gmem2_RLAST            |   in|    1|       m_axi|               gmem2|       pointer|
|m_axi_gmem2_RID              |   in|    1|       m_axi|               gmem2|       pointer|
|m_axi_gmem2_RFIFONUM         |   in|   12|       m_axi|               gmem2|       pointer|
|m_axi_gmem2_RUSER            |   in|    1|       m_axi|               gmem2|       pointer|
|m_axi_gmem2_RRESP            |   in|    2|       m_axi|               gmem2|       pointer|
|m_axi_gmem2_BVALID           |   in|    1|       m_axi|               gmem2|       pointer|
|m_axi_gmem2_BREADY           |  out|    1|       m_axi|               gmem2|       pointer|
|m_axi_gmem2_BRESP            |   in|    2|       m_axi|               gmem2|       pointer|
|m_axi_gmem2_BID              |   in|    1|       m_axi|               gmem2|       pointer|
|m_axi_gmem2_BUSER            |   in|    1|       m_axi|               gmem2|       pointer|
|weight_pe2                   |   in|   64|     ap_none|          weight_pe2|        scalar|
|weight_pe2_ap_vld            |   in|    1|     ap_none|          weight_pe2|        scalar|
|m_axi_gmem3_AWVALID          |  out|    1|       m_axi|               gmem3|       pointer|
|m_axi_gmem3_AWREADY          |   in|    1|       m_axi|               gmem3|       pointer|
|m_axi_gmem3_AWADDR           |  out|   64|       m_axi|               gmem3|       pointer|
|m_axi_gmem3_AWID             |  out|    1|       m_axi|               gmem3|       pointer|
|m_axi_gmem3_AWLEN            |  out|   32|       m_axi|               gmem3|       pointer|
|m_axi_gmem3_AWSIZE           |  out|    3|       m_axi|               gmem3|       pointer|
|m_axi_gmem3_AWBURST          |  out|    2|       m_axi|               gmem3|       pointer|
|m_axi_gmem3_AWLOCK           |  out|    2|       m_axi|               gmem3|       pointer|
|m_axi_gmem3_AWCACHE          |  out|    4|       m_axi|               gmem3|       pointer|
|m_axi_gmem3_AWPROT           |  out|    3|       m_axi|               gmem3|       pointer|
|m_axi_gmem3_AWQOS            |  out|    4|       m_axi|               gmem3|       pointer|
|m_axi_gmem3_AWREGION         |  out|    4|       m_axi|               gmem3|       pointer|
|m_axi_gmem3_AWUSER           |  out|    1|       m_axi|               gmem3|       pointer|
|m_axi_gmem3_WVALID           |  out|    1|       m_axi|               gmem3|       pointer|
|m_axi_gmem3_WREADY           |   in|    1|       m_axi|               gmem3|       pointer|
|m_axi_gmem3_WDATA            |  out|  512|       m_axi|               gmem3|       pointer|
|m_axi_gmem3_WSTRB            |  out|   64|       m_axi|               gmem3|       pointer|
|m_axi_gmem3_WLAST            |  out|    1|       m_axi|               gmem3|       pointer|
|m_axi_gmem3_WID              |  out|    1|       m_axi|               gmem3|       pointer|
|m_axi_gmem3_WUSER            |  out|    1|       m_axi|               gmem3|       pointer|
|m_axi_gmem3_ARVALID          |  out|    1|       m_axi|               gmem3|       pointer|
|m_axi_gmem3_ARREADY          |   in|    1|       m_axi|               gmem3|       pointer|
|m_axi_gmem3_ARADDR           |  out|   64|       m_axi|               gmem3|       pointer|
|m_axi_gmem3_ARID             |  out|    1|       m_axi|               gmem3|       pointer|
|m_axi_gmem3_ARLEN            |  out|   32|       m_axi|               gmem3|       pointer|
|m_axi_gmem3_ARSIZE           |  out|    3|       m_axi|               gmem3|       pointer|
|m_axi_gmem3_ARBURST          |  out|    2|       m_axi|               gmem3|       pointer|
|m_axi_gmem3_ARLOCK           |  out|    2|       m_axi|               gmem3|       pointer|
|m_axi_gmem3_ARCACHE          |  out|    4|       m_axi|               gmem3|       pointer|
|m_axi_gmem3_ARPROT           |  out|    3|       m_axi|               gmem3|       pointer|
|m_axi_gmem3_ARQOS            |  out|    4|       m_axi|               gmem3|       pointer|
|m_axi_gmem3_ARREGION         |  out|    4|       m_axi|               gmem3|       pointer|
|m_axi_gmem3_ARUSER           |  out|    1|       m_axi|               gmem3|       pointer|
|m_axi_gmem3_RVALID           |   in|    1|       m_axi|               gmem3|       pointer|
|m_axi_gmem3_RREADY           |  out|    1|       m_axi|               gmem3|       pointer|
|m_axi_gmem3_RDATA            |   in|  512|       m_axi|               gmem3|       pointer|
|m_axi_gmem3_RLAST            |   in|    1|       m_axi|               gmem3|       pointer|
|m_axi_gmem3_RID              |   in|    1|       m_axi|               gmem3|       pointer|
|m_axi_gmem3_RFIFONUM         |   in|   12|       m_axi|               gmem3|       pointer|
|m_axi_gmem3_RUSER            |   in|    1|       m_axi|               gmem3|       pointer|
|m_axi_gmem3_RRESP            |   in|    2|       m_axi|               gmem3|       pointer|
|m_axi_gmem3_BVALID           |   in|    1|       m_axi|               gmem3|       pointer|
|m_axi_gmem3_BREADY           |  out|    1|       m_axi|               gmem3|       pointer|
|m_axi_gmem3_BRESP            |   in|    2|       m_axi|               gmem3|       pointer|
|m_axi_gmem3_BID              |   in|    1|       m_axi|               gmem3|       pointer|
|m_axi_gmem3_BUSER            |   in|    1|       m_axi|               gmem3|       pointer|
|weight_pe3                   |   in|   64|     ap_none|          weight_pe3|        scalar|
|weight_pe3_ap_vld            |   in|    1|     ap_none|          weight_pe3|        scalar|
|quantized_address0           |  out|    9|   ap_memory|           quantized|         array|
|quantized_ce0                |  out|    1|   ap_memory|           quantized|         array|
|quantized_d0                 |  out|  480|   ap_memory|           quantized|         array|
|quantized_q0                 |   in|  480|   ap_memory|           quantized|         array|
|quantized_we0                |  out|    1|   ap_memory|           quantized|         array|
|packed_scales_address0       |  out|    5|   ap_memory|       packed_scales|         array|
|packed_scales_ce0            |  out|    1|   ap_memory|       packed_scales|         array|
|packed_scales_d0             |  out|  512|   ap_memory|       packed_scales|         array|
|packed_scales_q0             |   in|  512|   ap_memory|       packed_scales|         array|
|packed_scales_we0            |  out|    1|   ap_memory|       packed_scales|         array|
|quantized_stream_dout        |   in|  480|     ap_fifo|    quantized_stream|       pointer|
|quantized_stream_empty_n     |   in|    1|     ap_fifo|    quantized_stream|       pointer|
|quantized_stream_read        |  out|    1|     ap_fifo|    quantized_stream|       pointer|
|scale_stream_dout            |   in|   32|     ap_fifo|        scale_stream|       pointer|
|scale_stream_empty_n         |   in|    1|     ap_fifo|        scale_stream|       pointer|
|scale_stream_read            |  out|    1|     ap_fifo|        scale_stream|       pointer|
|stream_activation            |   in|    1|     ap_none|   stream_activation|        scalar|
|stream_activation_ap_vld     |   in|    1|     ap_none|   stream_activation|        scalar|
|output_pe0_address0          |  out|    9|   ap_memory|          output_pe0|         array|
|output_pe0_ce0               |  out|    1|   ap_memory|          output_pe0|         array|
|output_pe0_d0                |  out|  512|   ap_memory|          output_pe0|         array|
|output_pe0_q0                |   in|  512|   ap_memory|          output_pe0|         array|
|output_pe0_we0               |  out|    1|   ap_memory|          output_pe0|         array|
|output_pe0_address1          |  out|    9|   ap_memory|          output_pe0|         array|
|output_pe0_ce1               |  out|    1|   ap_memory|          output_pe0|         array|
|output_pe0_d1                |  out|  512|   ap_memory|          output_pe0|         array|
|output_pe0_q1                |   in|  512|   ap_memory|          output_pe0|         array|
|output_pe0_we1               |  out|    1|   ap_memory|          output_pe0|         array|
|output_pe1_address0          |  out|    9|   ap_memory|          output_pe1|         array|
|output_pe1_ce0               |  out|    1|   ap_memory|          output_pe1|         array|
|output_pe1_d0                |  out|  512|   ap_memory|          output_pe1|         array|
|output_pe1_q0                |   in|  512|   ap_memory|          output_pe1|         array|
|output_pe1_we0               |  out|    1|   ap_memory|          output_pe1|         array|
|output_pe1_address1          |  out|    9|   ap_memory|          output_pe1|         array|
|output_pe1_ce1               |  out|    1|   ap_memory|          output_pe1|         array|
|output_pe1_d1                |  out|  512|   ap_memory|          output_pe1|         array|
|output_pe1_q1                |   in|  512|   ap_memory|          output_pe1|         array|
|output_pe1_we1               |  out|    1|   ap_memory|          output_pe1|         array|
|output_pe2_address0          |  out|    9|   ap_memory|          output_pe2|         array|
|output_pe2_ce0               |  out|    1|   ap_memory|          output_pe2|         array|
|output_pe2_d0                |  out|  512|   ap_memory|          output_pe2|         array|
|output_pe2_q0                |   in|  512|   ap_memory|          output_pe2|         array|
|output_pe2_we0               |  out|    1|   ap_memory|          output_pe2|         array|
|output_pe2_address1          |  out|    9|   ap_memory|          output_pe2|         array|
|output_pe2_ce1               |  out|    1|   ap_memory|          output_pe2|         array|
|output_pe2_d1                |  out|  512|   ap_memory|          output_pe2|         array|
|output_pe2_q1                |   in|  512|   ap_memory|          output_pe2|         array|
|output_pe2_we1               |  out|    1|   ap_memory|          output_pe2|         array|
|output_pe3_address0          |  out|    9|   ap_memory|          output_pe3|         array|
|output_pe3_ce0               |  out|    1|   ap_memory|          output_pe3|         array|
|output_pe3_d0                |  out|  512|   ap_memory|          output_pe3|         array|
|output_pe3_q0                |   in|  512|   ap_memory|          output_pe3|         array|
|output_pe3_we0               |  out|    1|   ap_memory|          output_pe3|         array|
|output_pe3_address1          |  out|    9|   ap_memory|          output_pe3|         array|
|output_pe3_ce1               |  out|    1|   ap_memory|          output_pe3|         array|
|output_pe3_d1                |  out|  512|   ap_memory|          output_pe3|         array|
|output_pe3_q1                |   in|  512|   ap_memory|          output_pe3|         array|
|output_pe3_we1               |  out|    1|   ap_memory|          output_pe3|         array|
|local_tiles_0                |   in|    6|     ap_none|       local_tiles_0|        scalar|
|local_tiles_0_ap_vld         |   in|    1|     ap_none|       local_tiles_0|        scalar|
|local_tiles_1                |   in|    6|     ap_none|       local_tiles_1|        scalar|
|local_tiles_1_ap_vld         |   in|    1|     ap_none|       local_tiles_1|        scalar|
|local_tiles_2                |   in|    6|     ap_none|       local_tiles_2|        scalar|
|local_tiles_2_ap_vld         |   in|    1|     ap_none|       local_tiles_2|        scalar|
|local_tiles_3                |   in|    6|     ap_none|       local_tiles_3|        scalar|
|local_tiles_3_ap_vld         |   in|    1|     ap_none|       local_tiles_3|        scalar|
|input_tiles                  |   in|    6|     ap_none|         input_tiles|        scalar|
|input_tiles_ap_vld           |   in|    1|     ap_none|         input_tiles|        scalar|
|output_fxp                   |   in|    1|     ap_none|          output_fxp|        scalar|
|output_fxp_ap_vld            |   in|    1|     ap_none|          output_fxp|        scalar|
|fuse_residual                |   in|    1|     ap_none|       fuse_residual|        scalar|
|fuse_residual_ap_vld         |   in|    1|     ap_none|       fuse_residual|        scalar|
|idx                          |   in|   25|     ap_none|                 idx|        scalar|
|idx_ap_vld                   |   in|    1|     ap_none|                 idx|        scalar|
|idx1                         |   in|   25|     ap_none|                idx1|        scalar|
|idx1_ap_vld                  |   in|    1|     ap_none|                idx1|        scalar|
|idx2                         |   in|   25|     ap_none|                idx2|        scalar|
|idx2_ap_vld                  |   in|    1|     ap_none|                idx2|        scalar|
|idx3                         |   in|   25|     ap_none|                idx3|        scalar|
|idx3_ap_vld                  |   in|    1|     ap_none|                idx3|        scalar|
|idx4                         |   in|   11|     ap_none|                idx4|        scalar|
|idx4_ap_vld                  |   in|    1|     ap_none|                idx4|        scalar|
|idx5                         |   in|   11|     ap_none|                idx5|        scalar|
|idx5_ap_vld                  |   in|    1|     ap_none|                idx5|        scalar|
|idx6                         |   in|   11|     ap_none|                idx6|        scalar|
|idx6_ap_vld                  |   in|    1|     ap_none|                idx6|        scalar|
|idx7                         |   in|   11|     ap_none|                idx7|        scalar|
|idx7_ap_vld                  |   in|    1|     ap_none|                idx7|        scalar|
|model_scale_cache0_address0  |  out|   11|   ap_memory|  model_scale_cache0|         array|
|model_scale_cache0_ce0       |  out|    1|   ap_memory|  model_scale_cache0|         array|
|model_scale_cache0_d0        |  out|  512|   ap_memory|  model_scale_cache0|         array|
|model_scale_cache0_q0        |   in|  512|   ap_memory|  model_scale_cache0|         array|
|model_scale_cache0_we0       |  out|    1|   ap_memory|  model_scale_cache0|         array|
|model_scale_cache1_address0  |  out|   11|   ap_memory|  model_scale_cache1|         array|
|model_scale_cache1_ce0       |  out|    1|   ap_memory|  model_scale_cache1|         array|
|model_scale_cache1_d0        |  out|  512|   ap_memory|  model_scale_cache1|         array|
|model_scale_cache1_q0        |   in|  512|   ap_memory|  model_scale_cache1|         array|
|model_scale_cache1_we0       |  out|    1|   ap_memory|  model_scale_cache1|         array|
|model_scale_cache2_address0  |  out|   11|   ap_memory|  model_scale_cache2|         array|
|model_scale_cache2_ce0       |  out|    1|   ap_memory|  model_scale_cache2|         array|
|model_scale_cache2_d0        |  out|  512|   ap_memory|  model_scale_cache2|         array|
|model_scale_cache2_q0        |   in|  512|   ap_memory|  model_scale_cache2|         array|
|model_scale_cache2_we0       |  out|    1|   ap_memory|  model_scale_cache2|         array|
|model_scale_cache3_address0  |  out|   11|   ap_memory|  model_scale_cache3|         array|
|model_scale_cache3_ce0       |  out|    1|   ap_memory|  model_scale_cache3|         array|
|model_scale_cache3_d0        |  out|  512|   ap_memory|  model_scale_cache3|         array|
|model_scale_cache3_q0        |   in|  512|   ap_memory|  model_scale_cache3|         array|
|model_scale_cache3_we0       |  out|    1|   ap_memory|  model_scale_cache3|         array|
|ap_clk                       |   in|    1|  ap_ctrl_hs|   int4_run_four_pes|  return value|
|ap_rst                       |   in|    1|  ap_ctrl_hs|   int4_run_four_pes|  return value|
|ap_start                     |   in|    1|  ap_ctrl_hs|   int4_run_four_pes|  return value|
|ap_done                      |  out|    1|  ap_ctrl_hs|   int4_run_four_pes|  return value|
|ap_ready                     |  out|    1|  ap_ctrl_hs|   int4_run_four_pes|  return value|
|ap_idle                      |  out|    1|  ap_ctrl_hs|   int4_run_four_pes|  return value|
|ap_continue                  |   in|    1|  ap_ctrl_hs|   int4_run_four_pes|  return value|
+-----------------------------+-----+-----+------------+--------------------+--------------+

============================================================
+ Verbose Summary: Synthesis Manager
============================================================
InlineROM: 1
ExposeGlobal: 0
============================================================
+ Verbose Summary: CDFG Model
============================================================
IsTopModel: 0
ResetActiveHigh: 1
IsCombinational: 2
IsDatapathOnly: 2
HasWiredReturn: 1
HasMFsm: 0
HasVarLatency: 1
IsPipeline: 0
IsRtlPipelined: 0
IsInstanceOverlapped: 0
IsDontTouch: 0
HasImplIP: 0
IsGatedGlobalClock: 0


============================================================
+ Verbose Summary: Schedule
============================================================
* Number of FSM states : 4
* Pipeline : 0
* Dataflow Pipeline: 1
  DF-Pipeline-0: Size = 4, States = { 1 2 3 4 }

* FSM state transitions: 
1 --> 2 
2 --> 3 
3 --> 4 
4 --> 

* FSM state operations: 

State 1 <SV = 0> <Delay = 1.21>
ST_1 : Operation 5 [1/1] (0.00ns)   --->   "%fuse_residual_read = read i1 @_ssdm_op_Read.ap_auto.i1, i1 %fuse_residual"   --->   Operation 5 'read' 'fuse_residual_read' <Predicate = true> <Delay = 0.00>
ST_1 : Operation 6 [1/1] (0.00ns)   --->   "%output_fxp_read = read i1 @_ssdm_op_Read.ap_auto.i1, i1 %output_fxp"   --->   Operation 6 'read' 'output_fxp_read' <Predicate = true> <Delay = 0.00>
ST_1 : Operation 7 [1/1] (0.00ns)   --->   "%input_tiles_read = read i6 @_ssdm_op_Read.ap_auto.i6, i6 %input_tiles"   --->   Operation 7 'read' 'input_tiles_read' <Predicate = true> <Delay = 0.00>
ST_1 : Operation 8 [1/1] (0.00ns)   --->   "%local_tiles_3_read = read i6 @_ssdm_op_Read.ap_auto.i6, i6 %local_tiles_3"   --->   Operation 8 'read' 'local_tiles_3_read' <Predicate = true> <Delay = 0.00>
ST_1 : Operation 9 [1/1] (0.00ns)   --->   "%local_tiles_2_read = read i6 @_ssdm_op_Read.ap_auto.i6, i6 %local_tiles_2"   --->   Operation 9 'read' 'local_tiles_2_read' <Predicate = true> <Delay = 0.00>
ST_1 : Operation 10 [1/1] (0.00ns)   --->   "%local_tiles_1_read = read i6 @_ssdm_op_Read.ap_auto.i6, i6 %local_tiles_1"   --->   Operation 10 'read' 'local_tiles_1_read' <Predicate = true> <Delay = 0.00>
ST_1 : Operation 11 [1/1] (0.00ns)   --->   "%local_tiles_0_read = read i6 @_ssdm_op_Read.ap_auto.i6, i6 %local_tiles_0"   --->   Operation 11 'read' 'local_tiles_0_read' <Predicate = true> <Delay = 0.00>
ST_1 : Operation 12 [1/1] (0.00ns)   --->   "%stream_activation_read = read i1 @_ssdm_op_Read.ap_auto.i1, i1 %stream_activation"   --->   Operation 12 'read' 'stream_activation_read' <Predicate = true> <Delay = 0.00>
ST_1 : Operation 13 [1/1] (0.00ns)   --->   "%quantized_pe0 = alloca i64 1" [source/int4_linear_controller.cpp:963]   --->   Operation 13 'alloca' 'quantized_pe0' <Predicate = true> <Delay = 0.00> <CoreInst = "FIFO_BRAM">   --->   Core 79 'FIFO_BRAM' <Latency = 0> <II = 1> <Delay = 1.31> <Storage> <Opcode : 'read' 'write' 'nbread' 'nbwrite'> <Ports = 0> <Width = 480> <Depth = 2> <FIFO>
ST_1 : Operation 14 [1/1] (0.00ns)   --->   "%quantized_pe1 = alloca i64 1" [source/int4_linear_controller.cpp:964]   --->   Operation 14 'alloca' 'quantized_pe1' <Predicate = true> <Delay = 0.00> <CoreInst = "FIFO_BRAM">   --->   Core 79 'FIFO_BRAM' <Latency = 0> <II = 1> <Delay = 1.31> <Storage> <Opcode : 'read' 'write' 'nbread' 'nbwrite'> <Ports = 0> <Width = 480> <Depth = 2> <FIFO>
ST_1 : Operation 15 [1/1] (0.00ns)   --->   "%quantized_pe2 = alloca i64 1" [source/int4_linear_controller.cpp:965]   --->   Operation 15 'alloca' 'quantized_pe2' <Predicate = true> <Delay = 0.00> <CoreInst = "FIFO_BRAM">   --->   Core 79 'FIFO_BRAM' <Latency = 0> <II = 1> <Delay = 1.31> <Storage> <Opcode : 'read' 'write' 'nbread' 'nbwrite'> <Ports = 0> <Width = 480> <Depth = 2> <FIFO>
ST_1 : Operation 16 [1/1] (0.00ns)   --->   "%quantized_pe3 = alloca i64 1" [source/int4_linear_controller.cpp:966]   --->   Operation 16 'alloca' 'quantized_pe3' <Predicate = true> <Delay = 0.00> <CoreInst = "FIFO_BRAM">   --->   Core 79 'FIFO_BRAM' <Latency = 0> <II = 1> <Delay = 1.31> <Storage> <Opcode : 'read' 'write' 'nbread' 'nbwrite'> <Ports = 0> <Width = 480> <Depth = 2> <FIFO>
ST_1 : Operation 17 [1/1] (0.00ns)   --->   "%activation_scale_pe0 = alloca i64 1" [source/int4_linear_controller.cpp:967]   --->   Operation 17 'alloca' 'activation_scale_pe0' <Predicate = true> <Delay = 0.00> <CoreInst = "FIFO_SRL">   --->   Core 81 'FIFO_SRL' <Latency = 0> <II = 1> <Delay = 1.39> <Storage> <Opcode : 'read' 'write' 'nbread' 'nbwrite'> <Ports = 0> <Width = 32> <Depth = 2> <FIFO>
ST_1 : Operation 18 [1/1] (0.00ns)   --->   "%activation_scale_pe1 = alloca i64 1" [source/int4_linear_controller.cpp:968]   --->   Operation 18 'alloca' 'activation_scale_pe1' <Predicate = true> <Delay = 0.00> <CoreInst = "FIFO_SRL">   --->   Core 81 'FIFO_SRL' <Latency = 0> <II = 1> <Delay = 1.39> <Storage> <Opcode : 'read' 'write' 'nbread' 'nbwrite'> <Ports = 0> <Width = 32> <Depth = 2> <FIFO>
ST_1 : Operation 19 [1/1] (0.00ns)   --->   "%activation_scale_pe2 = alloca i64 1" [source/int4_linear_controller.cpp:969]   --->   Operation 19 'alloca' 'activation_scale_pe2' <Predicate = true> <Delay = 0.00> <CoreInst = "FIFO_SRL">   --->   Core 81 'FIFO_SRL' <Latency = 0> <II = 1> <Delay = 1.39> <Storage> <Opcode : 'read' 'write' 'nbread' 'nbwrite'> <Ports = 0> <Width = 32> <Depth = 2> <FIFO>
ST_1 : Operation 20 [1/1] (0.00ns)   --->   "%activation_scale_pe3 = alloca i64 1" [source/int4_linear_controller.cpp:970]   --->   Operation 20 'alloca' 'activation_scale_pe3' <Predicate = true> <Delay = 0.00> <CoreInst = "FIFO_SRL">   --->   Core 81 'FIFO_SRL' <Latency = 0> <II = 1> <Delay = 1.39> <Storage> <Opcode : 'read' 'write' 'nbread' 'nbwrite'> <Ports = 0> <Width = 32> <Depth = 2> <FIFO>
ST_1 : Operation 21 [1/1] (0.00ns)   --->   "%linear_command_pe0 = alloca i64 1" [source/int4_linear_controller.cpp:971]   --->   Operation 21 'alloca' 'linear_command_pe0' <Predicate = true> <Delay = 0.00> <CoreInst = "FIFO_SRL">   --->   Core 81 'FIFO_SRL' <Latency = 0> <II = 1> <Delay = 1.34> <Storage> <Opcode : 'read' 'write' 'nbread' 'nbwrite'> <Ports = 0> <Width = 14> <Depth = 2> <FIFO>
ST_1 : Operation 22 [1/1] (0.00ns)   --->   "%linear_command_pe1 = alloca i64 1" [source/int4_linear_controller.cpp:972]   --->   Operation 22 'alloca' 'linear_command_pe1' <Predicate = true> <Delay = 0.00> <CoreInst = "FIFO_SRL">   --->   Core 81 'FIFO_SRL' <Latency = 0> <II = 1> <Delay = 1.34> <Storage> <Opcode : 'read' 'write' 'nbread' 'nbwrite'> <Ports = 0> <Width = 14> <Depth = 2> <FIFO>
ST_1 : Operation 23 [1/1] (0.00ns)   --->   "%linear_command_pe2 = alloca i64 1" [source/int4_linear_controller.cpp:973]   --->   Operation 23 'alloca' 'linear_command_pe2' <Predicate = true> <Delay = 0.00> <CoreInst = "FIFO_SRL">   --->   Core 81 'FIFO_SRL' <Latency = 0> <II = 1> <Delay = 1.34> <Storage> <Opcode : 'read' 'write' 'nbread' 'nbwrite'> <Ports = 0> <Width = 14> <Depth = 2> <FIFO>
ST_1 : Operation 24 [1/1] (0.00ns)   --->   "%linear_command_pe3 = alloca i64 1" [source/int4_linear_controller.cpp:974]   --->   Operation 24 'alloca' 'linear_command_pe3' <Predicate = true> <Delay = 0.00> <CoreInst = "FIFO_SRL">   --->   Core 81 'FIFO_SRL' <Latency = 0> <II = 1> <Delay = 1.34> <Storage> <Opcode : 'read' 'write' 'nbread' 'nbwrite'> <Ports = 0> <Width = 14> <Depth = 2> <FIFO>
ST_1 : Operation 25 [1/1] (1.21ns)   --->   "%call_ln1000 = call void @int4_broadcast_linear_commands, i14 %linear_command_pe0, i14 %linear_command_pe1, i14 %linear_command_pe2, i14 %linear_command_pe3, i6 %local_tiles_0_read, i6 %local_tiles_1_read, i6 %local_tiles_2_read, i6 %local_tiles_3_read, i6 %input_tiles_read, i1 %output_fxp_read, i1 %fuse_residual_read" [source/int4_linear_controller.cpp:1000]   --->   Operation 25 'call' 'call_ln1000' <Predicate = true> <Delay = 1.21> <CoreType = "Generic">   --->   Core 0 '' <Latency = 0> <II = 1> <Delay = 1.00> <Generic> <Opcode : >
ST_1 : Operation 26 [2/2] (0.70ns)   --->   "%call_ln1007 = call void @int4_broadcast_activation, i480 %quantized, i512 %packed_scales, i480 %quantized_stream, i32 %scale_stream, i1 %stream_activation_read, i480 %quantized_pe0, i480 %quantized_pe1, i480 %quantized_pe2, i480 %quantized_pe3, i32 %activation_scale_pe0, i32 %activation_scale_pe1, i32 %activation_scale_pe2, i32 %activation_scale_pe3, i6 %local_tiles_0_read, i6 %local_tiles_1_read, i6 %local_tiles_2_read, i6 %local_tiles_3_read, i6 %input_tiles_read" [source/int4_linear_controller.cpp:1007]   --->   Operation 26 'call' 'call_ln1007' <Predicate = true> <Delay = 0.70> <CoreType = "Generic">   --->   Core 0 '' <Latency = 0> <II = 1> <Delay = 1.00> <Generic> <Opcode : >

State 2 <SV = 1> <Delay = 0.00>
ST_2 : Operation 27 [1/2] (0.00ns)   --->   "%call_ln1007 = call void @int4_broadcast_activation, i480 %quantized, i512 %packed_scales, i480 %quantized_stream, i32 %scale_stream, i1 %stream_activation_read, i480 %quantized_pe0, i480 %quantized_pe1, i480 %quantized_pe2, i480 %quantized_pe3, i32 %activation_scale_pe0, i32 %activation_scale_pe1, i32 %activation_scale_pe2, i32 %activation_scale_pe3, i6 %local_tiles_0_read, i6 %local_tiles_1_read, i6 %local_tiles_2_read, i6 %local_tiles_3_read, i6 %input_tiles_read" [source/int4_linear_controller.cpp:1007]   --->   Operation 27 'call' 'call_ln1007' <Predicate = true> <Delay = 0.00> <CoreType = "Generic">   --->   Core 0 '' <Latency = 0> <II = 1> <Delay = 1.00> <Generic> <Opcode : >

State 3 <SV = 2> <Delay = 2.41>
ST_3 : Operation 28 [1/1] (0.00ns)   --->   "%idx7_read = read i11 @_ssdm_op_Read.ap_auto.i11, i11 %idx7"   --->   Operation 28 'read' 'idx7_read' <Predicate = true> <Delay = 0.00>
ST_3 : Operation 29 [1/1] (0.00ns)   --->   "%idx6_read = read i11 @_ssdm_op_Read.ap_auto.i11, i11 %idx6"   --->   Operation 29 'read' 'idx6_read' <Predicate = true> <Delay = 0.00>
ST_3 : Operation 30 [1/1] (0.00ns)   --->   "%idx5_read = read i11 @_ssdm_op_Read.ap_auto.i11, i11 %idx5"   --->   Operation 30 'read' 'idx5_read' <Predicate = true> <Delay = 0.00>
ST_3 : Operation 31 [1/1] (0.00ns)   --->   "%idx4_read = read i11 @_ssdm_op_Read.ap_auto.i11, i11 %idx4"   --->   Operation 31 'read' 'idx4_read' <Predicate = true> <Delay = 0.00>
ST_3 : Operation 32 [1/1] (0.00ns)   --->   "%idx3_read = read i25 @_ssdm_op_Read.ap_auto.i25, i25 %idx3"   --->   Operation 32 'read' 'idx3_read' <Predicate = true> <Delay = 0.00>
ST_3 : Operation 33 [1/1] (0.00ns)   --->   "%idx2_read = read i25 @_ssdm_op_Read.ap_auto.i25, i25 %idx2"   --->   Operation 33 'read' 'idx2_read' <Predicate = true> <Delay = 0.00>
ST_3 : Operation 34 [1/1] (0.00ns)   --->   "%idx1_read = read i25 @_ssdm_op_Read.ap_auto.i25, i25 %idx1"   --->   Operation 34 'read' 'idx1_read' <Predicate = true> <Delay = 0.00>
ST_3 : Operation 35 [1/1] (0.00ns)   --->   "%idx_read = read i25 @_ssdm_op_Read.ap_auto.i25, i25 %idx"   --->   Operation 35 'read' 'idx_read' <Predicate = true> <Delay = 0.00>
ST_3 : Operation 36 [1/1] (0.00ns)   --->   "%weight_pe3_read = read i64 @_ssdm_op_Read.ap_auto.i64, i64 %weight_pe3"   --->   Operation 36 'read' 'weight_pe3_read' <Predicate = true> <Delay = 0.00>
ST_3 : Operation 37 [1/1] (0.00ns)   --->   "%weight_pe2_read = read i64 @_ssdm_op_Read.ap_auto.i64, i64 %weight_pe2"   --->   Operation 37 'read' 'weight_pe2_read' <Predicate = true> <Delay = 0.00>
ST_3 : Operation 38 [1/1] (0.00ns)   --->   "%weight_pe1_read = read i64 @_ssdm_op_Read.ap_auto.i64, i64 %weight_pe1"   --->   Operation 38 'read' 'weight_pe1_read' <Predicate = true> <Delay = 0.00>
ST_3 : Operation 39 [1/1] (0.00ns)   --->   "%weight_pe0_read = read i64 @_ssdm_op_Read.ap_auto.i64, i64 %weight_pe0"   --->   Operation 39 'read' 'weight_pe0_read' <Predicate = true> <Delay = 0.00>
ST_3 : Operation 40 [2/2] (2.41ns)   --->   "%call_ln1025 = call void @int4_run_pe_dataflow<0>, i512 %gmem0, i64 %weight_pe0_read, i480 %quantized_pe0, i32 %activation_scale_pe0, i14 %linear_command_pe0, i512 %output_pe0, i25 %idx_read, i11 %idx4_read, i512 %model_scale_cache0" [source/int4_linear_controller.cpp:1025]   --->   Operation 40 'call' 'call_ln1025' <Predicate = true> <Delay = 2.41> <CoreType = "Generic">   --->   Core 0 '' <Latency = 0> <II = 1> <Delay = 1.00> <Generic> <Opcode : >
ST_3 : Operation 41 [2/2] (2.41ns)   --->   "%call_ln1029 = call void @int4_run_pe_dataflow<1>, i512 %gmem1, i64 %weight_pe1_read, i480 %quantized_pe1, i32 %activation_scale_pe1, i14 %linear_command_pe1, i512 %output_pe1, i25 %idx1_read, i11 %idx5_read, i512 %model_scale_cache1" [source/int4_linear_controller.cpp:1029]   --->   Operation 41 'call' 'call_ln1029' <Predicate = true> <Delay = 2.41> <CoreType = "Generic">   --->   Core 0 '' <Latency = 0> <II = 1> <Delay = 1.00> <Generic> <Opcode : >
ST_3 : Operation 42 [2/2] (2.41ns)   --->   "%call_ln1033 = call void @int4_run_pe_dataflow<2>, i512 %gmem2, i64 %weight_pe2_read, i480 %quantized_pe2, i32 %activation_scale_pe2, i14 %linear_command_pe2, i512 %output_pe2, i25 %idx2_read, i11 %idx6_read, i512 %model_scale_cache2" [source/int4_linear_controller.cpp:1033]   --->   Operation 42 'call' 'call_ln1033' <Predicate = true> <Delay = 2.41> <CoreType = "Generic">   --->   Core 0 '' <Latency = 0> <II = 1> <Delay = 1.00> <Generic> <Opcode : >
ST_3 : Operation 43 [2/2] (2.41ns)   --->   "%call_ln1037 = call void @int4_run_pe_dataflow<3>, i512 %gmem3, i64 %weight_pe3_read, i480 %quantized_pe3, i32 %activation_scale_pe3, i14 %linear_command_pe3, i512 %output_pe3, i25 %idx3_read, i11 %idx7_read, i512 %model_scale_cache3" [source/int4_linear_controller.cpp:1037]   --->   Operation 43 'call' 'call_ln1037' <Predicate = true> <Delay = 2.41> <CoreType = "Generic">   --->   Core 0 '' <Latency = 0> <II = 1> <Delay = 1.00> <Generic> <Opcode : >

State 4 <SV = 3> <Delay = 0.00>
ST_4 : Operation 44 [1/1] (0.00ns)   --->   "%specdataflowpipeline_ln0 = specdataflowpipeline void @_ssdm_op_SpecDataflowPipeline, i32 4294967295, i32 1, void @empty_418"   --->   Operation 44 'specdataflowpipeline' 'specdataflowpipeline_ln0' <Predicate = true> <Delay = 0.00>
ST_4 : Operation 45 [1/1] (0.00ns)   --->   "%specmemcore_ln0 = specmemcore void @_ssdm_op_SpecMemCore, i512 %packed_scales, i64 666, i64 18, i64 18446744073709551615"   --->   Operation 45 'specmemcore' 'specmemcore_ln0' <Predicate = true> <Delay = 0.00>
ST_4 : Operation 46 [1/1] (0.00ns)   --->   "%specmemcore_ln0 = specmemcore void @_ssdm_op_SpecMemCore, i480 %quantized, i64 666, i64 18, i64 18446744073709551615"   --->   Operation 46 'specmemcore' 'specmemcore_ln0' <Predicate = true> <Delay = 0.00>
ST_4 : Operation 47 [1/1] (0.00ns)   --->   "%specmemcore_ln0 = specmemcore void @_ssdm_op_SpecMemCore, i512 %output_pe3, i64 666, i64 24, i64 18446744073709551615"   --->   Operation 47 'specmemcore' 'specmemcore_ln0' <Predicate = true> <Delay = 0.00>
ST_4 : Operation 48 [1/1] (0.00ns)   --->   "%specmemcore_ln0 = specmemcore void @_ssdm_op_SpecMemCore, i512 %output_pe2, i64 666, i64 24, i64 18446744073709551615"   --->   Operation 48 'specmemcore' 'specmemcore_ln0' <Predicate = true> <Delay = 0.00>
ST_4 : Operation 49 [1/1] (0.00ns)   --->   "%specmemcore_ln0 = specmemcore void @_ssdm_op_SpecMemCore, i512 %output_pe1, i64 666, i64 24, i64 18446744073709551615"   --->   Operation 49 'specmemcore' 'specmemcore_ln0' <Predicate = true> <Delay = 0.00>
ST_4 : Operation 50 [1/1] (0.00ns)   --->   "%specmemcore_ln0 = specmemcore void @_ssdm_op_SpecMemCore, i512 %output_pe0, i64 666, i64 24, i64 18446744073709551615"   --->   Operation 50 'specmemcore' 'specmemcore_ln0' <Predicate = true> <Delay = 0.00>
ST_4 : Operation 51 [1/1] (0.00ns)   --->   "%specmemcore_ln0 = specmemcore void @_ssdm_op_SpecMemCore, i480 %quantized_stream, i64 666, i64 8, i64 18446744073709551615"   --->   Operation 51 'specmemcore' 'specmemcore_ln0' <Predicate = true> <Delay = 0.00>
ST_4 : Operation 52 [1/1] (0.00ns)   --->   "%specmemcore_ln0 = specmemcore void @_ssdm_op_SpecMemCore, i32 %scale_stream, i64 666, i64 10, i64 18446744073709551615"   --->   Operation 52 'specmemcore' 'specmemcore_ln0' <Predicate = true> <Delay = 0.00>
ST_4 : Operation 53 [1/1] (0.00ns)   --->   "%specinterface_ln0 = specinterface void @_ssdm_op_SpecInterface, i512 %gmem3, void @empty_417, i32 0, i32 0, void @empty_418, i32 64, i32 13043328, void @empty_423, void @empty_420, void @empty_418, i32 8, i32 2, i32 256, i32 64, void @empty_418, void @empty_418, i32 4294967295, i32 0"   --->   Operation 53 'specinterface' 'specinterface_ln0' <Predicate = true> <Delay = 0.00>
ST_4 : Operation 54 [1/1] (0.00ns)   --->   "%specinterface_ln0 = specinterface void @_ssdm_op_SpecInterface, i512 %gmem2, void @empty_417, i32 0, i32 0, void @empty_418, i32 64, i32 13043328, void @empty_422, void @empty_420, void @empty_418, i32 8, i32 2, i32 256, i32 64, void @empty_418, void @empty_418, i32 4294967295, i32 0"   --->   Operation 54 'specinterface' 'specinterface_ln0' <Predicate = true> <Delay = 0.00>
ST_4 : Operation 55 [1/1] (0.00ns)   --->   "%specinterface_ln0 = specinterface void @_ssdm_op_SpecInterface, i512 %gmem1, void @empty_417, i32 0, i32 0, void @empty_418, i32 64, i32 13043328, void @empty_421, void @empty_420, void @empty_418, i32 8, i32 2, i32 256, i32 64, void @empty_418, void @empty_418, i32 4294967295, i32 0"   --->   Operation 55 'specinterface' 'specinterface_ln0' <Predicate = true> <Delay = 0.00>
ST_4 : Operation 56 [1/1] (0.00ns)   --->   "%specinterface_ln0 = specinterface void @_ssdm_op_SpecInterface, i512 %gmem0, void @empty_417, i32 0, i32 0, void @empty_418, i32 64, i32 13043328, void @empty_419, void @empty_420, void @empty_418, i32 8, i32 2, i32 256, i32 64, void @empty_418, void @empty_418, i32 4294967295, i32 0"   --->   Operation 56 'specinterface' 'specinterface_ln0' <Predicate = true> <Delay = 0.00>
ST_4 : Operation 57 [1/1] (0.00ns)   --->   "%specinterface_ln0 = specinterface void @_ssdm_op_SpecInterface, i480 %quantized_stream, void @empty_447, i32 0, i32 0, void @empty_418, i32 0, i32 0, void @empty_418, void @empty_418, void @empty_418, i32 0, i32 0, i32 0, i32 0, void @empty_418, void @empty_418, i32 4294967295, i32 0"   --->   Operation 57 'specinterface' 'specinterface_ln0' <Predicate = true> <Delay = 0.00>
ST_4 : Operation 58 [1/1] (0.00ns)   --->   "%specinterface_ln0 = specinterface void @_ssdm_op_SpecInterface, i32 %scale_stream, void @empty_447, i32 0, i32 0, void @empty_418, i32 0, i32 0, void @empty_418, void @empty_418, void @empty_418, i32 0, i32 0, i32 0, i32 0, void @empty_418, void @empty_418, i32 4294967295, i32 0"   --->   Operation 58 'specinterface' 'specinterface_ln0' <Predicate = true> <Delay = 0.00>
ST_4 : Operation 59 [1/1] (0.00ns)   --->   "%empty = specchannel i32 @_ssdm_op_SpecChannel, void @quantized_pe0_str, i32 1, void @p_str, void @p_str, i32 2, i32 2, i480 %quantized_pe0, i480 %quantized_pe0"   --->   Operation 59 'specchannel' 'empty' <Predicate = true> <Delay = 0.00>
ST_4 : Operation 60 [1/1] (0.00ns)   --->   "%specmemcore_ln987 = specmemcore void @_ssdm_op_SpecMemCore, i480 %quantized_pe0, i64 666, i64 8, i64 18446744073709551615" [source/int4_linear_controller.cpp:987]   --->   Operation 60 'specmemcore' 'specmemcore_ln987' <Predicate = true> <Delay = 0.00>
ST_4 : Operation 61 [1/1] (0.00ns)   --->   "%specinterface_ln0 = specinterface void @_ssdm_op_SpecInterface, i480 %quantized_pe0, void @empty_447, i32 0, i32 0, void @empty_418, i32 0, i32 0, void @empty_418, void @empty_418, void @empty_418, i32 0, i32 0, i32 0, i32 0, void @empty_418, void @empty_418, i32 4294967295, i32 0"   --->   Operation 61 'specinterface' 'specinterface_ln0' <Predicate = true> <Delay = 0.00>
ST_4 : Operation 62 [1/1] (0.00ns)   --->   "%empty_905 = specchannel i32 @_ssdm_op_SpecChannel, void @quantized_pe1_str, i32 1, void @p_str, void @p_str, i32 2, i32 2, i480 %quantized_pe1, i480 %quantized_pe1"   --->   Operation 62 'specchannel' 'empty_905' <Predicate = true> <Delay = 0.00>
ST_4 : Operation 63 [1/1] (0.00ns)   --->   "%specmemcore_ln988 = specmemcore void @_ssdm_op_SpecMemCore, i480 %quantized_pe1, i64 666, i64 8, i64 18446744073709551615" [source/int4_linear_controller.cpp:988]   --->   Operation 63 'specmemcore' 'specmemcore_ln988' <Predicate = true> <Delay = 0.00>
ST_4 : Operation 64 [1/1] (0.00ns)   --->   "%specinterface_ln0 = specinterface void @_ssdm_op_SpecInterface, i480 %quantized_pe1, void @empty_447, i32 0, i32 0, void @empty_418, i32 0, i32 0, void @empty_418, void @empty_418, void @empty_418, i32 0, i32 0, i32 0, i32 0, void @empty_418, void @empty_418, i32 4294967295, i32 0"   --->   Operation 64 'specinterface' 'specinterface_ln0' <Predicate = true> <Delay = 0.00>
ST_4 : Operation 65 [1/1] (0.00ns)   --->   "%empty_906 = specchannel i32 @_ssdm_op_SpecChannel, void @quantized_pe2_str, i32 1, void @p_str, void @p_str, i32 2, i32 2, i480 %quantized_pe2, i480 %quantized_pe2"   --->   Operation 65 'specchannel' 'empty_906' <Predicate = true> <Delay = 0.00>
ST_4 : Operation 66 [1/1] (0.00ns)   --->   "%specmemcore_ln989 = specmemcore void @_ssdm_op_SpecMemCore, i480 %quantized_pe2, i64 666, i64 8, i64 18446744073709551615" [source/int4_linear_controller.cpp:989]   --->   Operation 66 'specmemcore' 'specmemcore_ln989' <Predicate = true> <Delay = 0.00>
ST_4 : Operation 67 [1/1] (0.00ns)   --->   "%specinterface_ln0 = specinterface void @_ssdm_op_SpecInterface, i480 %quantized_pe2, void @empty_447, i32 0, i32 0, void @empty_418, i32 0, i32 0, void @empty_418, void @empty_418, void @empty_418, i32 0, i32 0, i32 0, i32 0, void @empty_418, void @empty_418, i32 4294967295, i32 0"   --->   Operation 67 'specinterface' 'specinterface_ln0' <Predicate = true> <Delay = 0.00>
ST_4 : Operation 68 [1/1] (0.00ns)   --->   "%empty_907 = specchannel i32 @_ssdm_op_SpecChannel, void @quantized_pe3_str, i32 1, void @p_str, void @p_str, i32 2, i32 2, i480 %quantized_pe3, i480 %quantized_pe3"   --->   Operation 68 'specchannel' 'empty_907' <Predicate = true> <Delay = 0.00>
ST_4 : Operation 69 [1/1] (0.00ns)   --->   "%specmemcore_ln990 = specmemcore void @_ssdm_op_SpecMemCore, i480 %quantized_pe3, i64 666, i64 8, i64 18446744073709551615" [source/int4_linear_controller.cpp:990]   --->   Operation 69 'specmemcore' 'specmemcore_ln990' <Predicate = true> <Delay = 0.00>
ST_4 : Operation 70 [1/1] (0.00ns)   --->   "%specinterface_ln0 = specinterface void @_ssdm_op_SpecInterface, i480 %quantized_pe3, void @empty_447, i32 0, i32 0, void @empty_418, i32 0, i32 0, void @empty_418, void @empty_418, void @empty_418, i32 0, i32 0, i32 0, i32 0, void @empty_418, void @empty_418, i32 4294967295, i32 0"   --->   Operation 70 'specinterface' 'specinterface_ln0' <Predicate = true> <Delay = 0.00>
ST_4 : Operation 71 [1/1] (0.00ns)   --->   "%empty_908 = specchannel i32 @_ssdm_op_SpecChannel, void @activation_scale_pe0_str, i32 1, void @p_str, void @p_str, i32 2, i32 2, i32 %activation_scale_pe0, i32 %activation_scale_pe0"   --->   Operation 71 'specchannel' 'empty_908' <Predicate = true> <Delay = 0.00>
ST_4 : Operation 72 [1/1] (0.00ns)   --->   "%specmemcore_ln991 = specmemcore void @_ssdm_op_SpecMemCore, i32 %activation_scale_pe0, i64 666, i64 10, i64 18446744073709551615" [source/int4_linear_controller.cpp:991]   --->   Operation 72 'specmemcore' 'specmemcore_ln991' <Predicate = true> <Delay = 0.00>
ST_4 : Operation 73 [1/1] (0.00ns)   --->   "%specinterface_ln0 = specinterface void @_ssdm_op_SpecInterface, i32 %activation_scale_pe0, void @empty_447, i32 0, i32 0, void @empty_418, i32 0, i32 0, void @empty_418, void @empty_418, void @empty_418, i32 0, i32 0, i32 0, i32 0, void @empty_418, void @empty_418, i32 4294967295, i32 0"   --->   Operation 73 'specinterface' 'specinterface_ln0' <Predicate = true> <Delay = 0.00>
ST_4 : Operation 74 [1/1] (0.00ns)   --->   "%empty_909 = specchannel i32 @_ssdm_op_SpecChannel, void @activation_scale_pe1_str, i32 1, void @p_str, void @p_str, i32 2, i32 2, i32 %activation_scale_pe1, i32 %activation_scale_pe1"   --->   Operation 74 'specchannel' 'empty_909' <Predicate = true> <Delay = 0.00>
ST_4 : Operation 75 [1/1] (0.00ns)   --->   "%specmemcore_ln992 = specmemcore void @_ssdm_op_SpecMemCore, i32 %activation_scale_pe1, i64 666, i64 10, i64 18446744073709551615" [source/int4_linear_controller.cpp:992]   --->   Operation 75 'specmemcore' 'specmemcore_ln992' <Predicate = true> <Delay = 0.00>
ST_4 : Operation 76 [1/1] (0.00ns)   --->   "%specinterface_ln0 = specinterface void @_ssdm_op_SpecInterface, i32 %activation_scale_pe1, void @empty_447, i32 0, i32 0, void @empty_418, i32 0, i32 0, void @empty_418, void @empty_418, void @empty_418, i32 0, i32 0, i32 0, i32 0, void @empty_418, void @empty_418, i32 4294967295, i32 0"   --->   Operation 76 'specinterface' 'specinterface_ln0' <Predicate = true> <Delay = 0.00>
ST_4 : Operation 77 [1/1] (0.00ns)   --->   "%empty_910 = specchannel i32 @_ssdm_op_SpecChannel, void @activation_scale_pe2_str, i32 1, void @p_str, void @p_str, i32 2, i32 2, i32 %activation_scale_pe2, i32 %activation_scale_pe2"   --->   Operation 77 'specchannel' 'empty_910' <Predicate = true> <Delay = 0.00>
ST_4 : Operation 78 [1/1] (0.00ns)   --->   "%specmemcore_ln993 = specmemcore void @_ssdm_op_SpecMemCore, i32 %activation_scale_pe2, i64 666, i64 10, i64 18446744073709551615" [source/int4_linear_controller.cpp:993]   --->   Operation 78 'specmemcore' 'specmemcore_ln993' <Predicate = true> <Delay = 0.00>
ST_4 : Operation 79 [1/1] (0.00ns)   --->   "%specinterface_ln0 = specinterface void @_ssdm_op_SpecInterface, i32 %activation_scale_pe2, void @empty_447, i32 0, i32 0, void @empty_418, i32 0, i32 0, void @empty_418, void @empty_418, void @empty_418, i32 0, i32 0, i32 0, i32 0, void @empty_418, void @empty_418, i32 4294967295, i32 0"   --->   Operation 79 'specinterface' 'specinterface_ln0' <Predicate = true> <Delay = 0.00>
ST_4 : Operation 80 [1/1] (0.00ns)   --->   "%empty_911 = specchannel i32 @_ssdm_op_SpecChannel, void @activation_scale_pe3_str, i32 1, void @p_str, void @p_str, i32 2, i32 2, i32 %activation_scale_pe3, i32 %activation_scale_pe3"   --->   Operation 80 'specchannel' 'empty_911' <Predicate = true> <Delay = 0.00>
ST_4 : Operation 81 [1/1] (0.00ns)   --->   "%specmemcore_ln994 = specmemcore void @_ssdm_op_SpecMemCore, i32 %activation_scale_pe3, i64 666, i64 10, i64 18446744073709551615" [source/int4_linear_controller.cpp:994]   --->   Operation 81 'specmemcore' 'specmemcore_ln994' <Predicate = true> <Delay = 0.00>
ST_4 : Operation 82 [1/1] (0.00ns)   --->   "%specinterface_ln0 = specinterface void @_ssdm_op_SpecInterface, i32 %activation_scale_pe3, void @empty_447, i32 0, i32 0, void @empty_418, i32 0, i32 0, void @empty_418, void @empty_418, void @empty_418, i32 0, i32 0, i32 0, i32 0, void @empty_418, void @empty_418, i32 4294967295, i32 0"   --->   Operation 82 'specinterface' 'specinterface_ln0' <Predicate = true> <Delay = 0.00>
ST_4 : Operation 83 [1/1] (0.00ns)   --->   "%empty_912 = specchannel i32 @_ssdm_op_SpecChannel, void @linear_command_pe0_str, i32 1, void @p_str, void @p_str, i32 2, i32 2, i14 %linear_command_pe0, i14 %linear_command_pe0"   --->   Operation 83 'specchannel' 'empty_912' <Predicate = true> <Delay = 0.00>
ST_4 : Operation 84 [1/1] (0.00ns)   --->   "%specmemcore_ln995 = specmemcore void @_ssdm_op_SpecMemCore, i14 %linear_command_pe0, i64 666, i64 10, i64 18446744073709551615" [source/int4_linear_controller.cpp:995]   --->   Operation 84 'specmemcore' 'specmemcore_ln995' <Predicate = true> <Delay = 0.00>
ST_4 : Operation 85 [1/1] (0.00ns)   --->   "%specinterface_ln0 = specinterface void @_ssdm_op_SpecInterface, i14 %linear_command_pe0, void @empty_447, i32 0, i32 0, void @empty_418, i32 0, i32 0, void @empty_418, void @empty_418, void @empty_418, i32 0, i32 0, i32 0, i32 0, void @empty_418, void @empty_418, i32 4294967295, i32 0"   --->   Operation 85 'specinterface' 'specinterface_ln0' <Predicate = true> <Delay = 0.00>
ST_4 : Operation 86 [1/1] (0.00ns)   --->   "%empty_913 = specchannel i32 @_ssdm_op_SpecChannel, void @linear_command_pe1_str, i32 1, void @p_str, void @p_str, i32 2, i32 2, i14 %linear_command_pe1, i14 %linear_command_pe1"   --->   Operation 86 'specchannel' 'empty_913' <Predicate = true> <Delay = 0.00>
ST_4 : Operation 87 [1/1] (0.00ns)   --->   "%specmemcore_ln996 = specmemcore void @_ssdm_op_SpecMemCore, i14 %linear_command_pe1, i64 666, i64 10, i64 18446744073709551615" [source/int4_linear_controller.cpp:996]   --->   Operation 87 'specmemcore' 'specmemcore_ln996' <Predicate = true> <Delay = 0.00>
ST_4 : Operation 88 [1/1] (0.00ns)   --->   "%specinterface_ln0 = specinterface void @_ssdm_op_SpecInterface, i14 %linear_command_pe1, void @empty_447, i32 0, i32 0, void @empty_418, i32 0, i32 0, void @empty_418, void @empty_418, void @empty_418, i32 0, i32 0, i32 0, i32 0, void @empty_418, void @empty_418, i32 4294967295, i32 0"   --->   Operation 88 'specinterface' 'specinterface_ln0' <Predicate = true> <Delay = 0.00>
ST_4 : Operation 89 [1/1] (0.00ns)   --->   "%empty_914 = specchannel i32 @_ssdm_op_SpecChannel, void @linear_command_pe2_str, i32 1, void @p_str, void @p_str, i32 2, i32 2, i14 %linear_command_pe2, i14 %linear_command_pe2"   --->   Operation 89 'specchannel' 'empty_914' <Predicate = true> <Delay = 0.00>
ST_4 : Operation 90 [1/1] (0.00ns)   --->   "%specmemcore_ln997 = specmemcore void @_ssdm_op_SpecMemCore, i14 %linear_command_pe2, i64 666, i64 10, i64 18446744073709551615" [source/int4_linear_controller.cpp:997]   --->   Operation 90 'specmemcore' 'specmemcore_ln997' <Predicate = true> <Delay = 0.00>
ST_4 : Operation 91 [1/1] (0.00ns)   --->   "%specinterface_ln0 = specinterface void @_ssdm_op_SpecInterface, i14 %linear_command_pe2, void @empty_447, i32 0, i32 0, void @empty_418, i32 0, i32 0, void @empty_418, void @empty_418, void @empty_418, i32 0, i32 0, i32 0, i32 0, void @empty_418, void @empty_418, i32 4294967295, i32 0"   --->   Operation 91 'specinterface' 'specinterface_ln0' <Predicate = true> <Delay = 0.00>
ST_4 : Operation 92 [1/1] (0.00ns)   --->   "%empty_915 = specchannel i32 @_ssdm_op_SpecChannel, void @linear_command_pe3_str, i32 1, void @p_str, void @p_str, i32 2, i32 2, i14 %linear_command_pe3, i14 %linear_command_pe3"   --->   Operation 92 'specchannel' 'empty_915' <Predicate = true> <Delay = 0.00>
ST_4 : Operation 93 [1/1] (0.00ns)   --->   "%specmemcore_ln998 = specmemcore void @_ssdm_op_SpecMemCore, i14 %linear_command_pe3, i64 666, i64 10, i64 18446744073709551615" [source/int4_linear_controller.cpp:998]   --->   Operation 93 'specmemcore' 'specmemcore_ln998' <Predicate = true> <Delay = 0.00>
ST_4 : Operation 94 [1/1] (0.00ns)   --->   "%specinterface_ln0 = specinterface void @_ssdm_op_SpecInterface, i14 %linear_command_pe3, void @empty_447, i32 0, i32 0, void @empty_418, i32 0, i32 0, void @empty_418, void @empty_418, void @empty_418, i32 0, i32 0, i32 0, i32 0, void @empty_418, void @empty_418, i32 4294967295, i32 0"   --->   Operation 94 'specinterface' 'specinterface_ln0' <Predicate = true> <Delay = 0.00>
ST_4 : Operation 95 [1/2] (0.00ns)   --->   "%call_ln1025 = call void @int4_run_pe_dataflow<0>, i512 %gmem0, i64 %weight_pe0_read, i480 %quantized_pe0, i32 %activation_scale_pe0, i14 %linear_command_pe0, i512 %output_pe0, i25 %idx_read, i11 %idx4_read, i512 %model_scale_cache0" [source/int4_linear_controller.cpp:1025]   --->   Operation 95 'call' 'call_ln1025' <Predicate = true> <Delay = 0.00> <CoreType = "Generic">   --->   Core 0 '' <Latency = 0> <II = 1> <Delay = 1.00> <Generic> <Opcode : >
ST_4 : Operation 96 [1/2] (0.00ns)   --->   "%call_ln1029 = call void @int4_run_pe_dataflow<1>, i512 %gmem1, i64 %weight_pe1_read, i480 %quantized_pe1, i32 %activation_scale_pe1, i14 %linear_command_pe1, i512 %output_pe1, i25 %idx1_read, i11 %idx5_read, i512 %model_scale_cache1" [source/int4_linear_controller.cpp:1029]   --->   Operation 96 'call' 'call_ln1029' <Predicate = true> <Delay = 0.00> <CoreType = "Generic">   --->   Core 0 '' <Latency = 0> <II = 1> <Delay = 1.00> <Generic> <Opcode : >
ST_4 : Operation 97 [1/2] (0.00ns)   --->   "%call_ln1033 = call void @int4_run_pe_dataflow<2>, i512 %gmem2, i64 %weight_pe2_read, i480 %quantized_pe2, i32 %activation_scale_pe2, i14 %linear_command_pe2, i512 %output_pe2, i25 %idx2_read, i11 %idx6_read, i512 %model_scale_cache2" [source/int4_linear_controller.cpp:1033]   --->   Operation 97 'call' 'call_ln1033' <Predicate = true> <Delay = 0.00> <CoreType = "Generic">   --->   Core 0 '' <Latency = 0> <II = 1> <Delay = 1.00> <Generic> <Opcode : >
ST_4 : Operation 98 [1/2] (0.00ns)   --->   "%call_ln1037 = call void @int4_run_pe_dataflow<3>, i512 %gmem3, i64 %weight_pe3_read, i480 %quantized_pe3, i32 %activation_scale_pe3, i14 %linear_command_pe3, i512 %output_pe3, i25 %idx3_read, i11 %idx7_read, i512 %model_scale_cache3" [source/int4_linear_controller.cpp:1037]   --->   Operation 98 'call' 'call_ln1037' <Predicate = true> <Delay = 0.00> <CoreType = "Generic">   --->   Core 0 '' <Latency = 0> <II = 1> <Delay = 1.00> <Generic> <Opcode : >
ST_4 : Operation 99 [1/1] (0.00ns)   --->   "%ret_ln1041 = ret" [source/int4_linear_controller.cpp:1041]   --->   Operation 99 'ret' 'ret_ln1041' <Predicate = true> <Delay = 0.00>


============================================================
+ Verbose Summary: Binding
============================================================
STG Binding: 
---------------- STG Properties BEGIN ----------------
- Is combinational: 0
- Is one-state seq: 0
- Is datapath-only: 0
- Is pipelined: 0
- Is top level: 0
Port [ Return ] is wired: 1; IO mode=ap_ctrl_hs:ce=0
Port [ gmem0]:  wired=1; compound=1; hidden=0; nouse=0; global=0; static=0; extern=0; dir=0; type=4; pingpong=0; private_global=0; IO mode=m_axi:ce=0
Port [ weight_pe0]:  wired=1; compound=0; hidden=0; nouse=0; global=0; static=0; extern=0; dir=0; type=0; pingpong=0; private_global=0; IO mode=ap_none:ce=0
Port [ gmem1]:  wired=1; compound=1; hidden=0; nouse=0; global=0; static=0; extern=0; dir=0; type=4; pingpong=0; private_global=0; IO mode=m_axi:ce=0
Port [ weight_pe1]:  wired=1; compound=0; hidden=0; nouse=0; global=0; static=0; extern=0; dir=0; type=0; pingpong=0; private_global=0; IO mode=ap_none:ce=0
Port [ gmem2]:  wired=1; compound=1; hidden=0; nouse=0; global=0; static=0; extern=0; dir=0; type=4; pingpong=0; private_global=0; IO mode=m_axi:ce=0
Port [ weight_pe2]:  wired=1; compound=0; hidden=0; nouse=0; global=0; static=0; extern=0; dir=0; type=0; pingpong=0; private_global=0; IO mode=ap_none:ce=0
Port [ gmem3]:  wired=1; compound=1; hidden=0; nouse=0; global=0; static=0; extern=0; dir=0; type=4; pingpong=0; private_global=0; IO mode=m_axi:ce=0
Port [ weight_pe3]:  wired=1; compound=0; hidden=0; nouse=0; global=0; static=0; extern=0; dir=0; type=0; pingpong=0; private_global=0; IO mode=ap_none:ce=0
Port [ quantized]:  wired=1; compound=1; hidden=0; nouse=0; global=0; static=0; extern=0; dir=2; type=1; pingpong=0; private_global=0; MemPort=[2]; IO mode=ap_memory:ce=0
Port [ packed_scales]:  wired=1; compound=1; hidden=0; nouse=0; global=0; static=0; extern=0; dir=2; type=1; pingpong=0; private_global=0; MemPort=[2]; IO mode=ap_memory:ce=0
Port [ quantized_stream]:  wired=1; compound=1; hidden=0; nouse=0; global=0; static=0; extern=0; dir=0; type=3; pingpong=0; private_global=0; IO mode=ap_fifo:ce=0
Port [ scale_stream]:  wired=1; compound=1; hidden=0; nouse=0; global=0; static=0; extern=0; dir=0; type=3; pingpong=0; private_global=0; IO mode=ap_fifo:ce=0
Port [ stream_activation]:  wired=1; compound=0; hidden=0; nouse=0; global=0; static=0; extern=0; dir=0; type=0; pingpong=0; private_global=0; IO mode=ap_none:ce=0
Port [ output_pe0]:  wired=1; compound=1; hidden=0; nouse=0; global=0; static=0; extern=0; dir=2; type=1; pingpong=0; private_global=0; MemPort=[10]; IO mode=ap_memory:ce=0
Port [ output_pe1]:  wired=1; compound=1; hidden=0; nouse=0; global=0; static=0; extern=0; dir=2; type=1; pingpong=0; private_global=0; MemPort=[10]; IO mode=ap_memory:ce=0
Port [ output_pe2]:  wired=1; compound=1; hidden=0; nouse=0; global=0; static=0; extern=0; dir=2; type=1; pingpong=0; private_global=0; MemPort=[10]; IO mode=ap_memory:ce=0
Port [ output_pe3]:  wired=1; compound=1; hidden=0; nouse=0; global=0; static=0; extern=0; dir=2; type=1; pingpong=0; private_global=0; MemPort=[10]; IO mode=ap_memory:ce=0
Port [ local_tiles_0]:  wired=1; compound=0; hidden=0; nouse=0; global=0; static=0; extern=0; dir=0; type=0; pingpong=0; private_global=0; IO mode=ap_none:ce=0
Port [ local_tiles_1]:  wired=1; compound=0; hidden=0; nouse=0; global=0; static=0; extern=0; dir=0; type=0; pingpong=0; private_global=0; IO mode=ap_none:ce=0
Port [ local_tiles_2]:  wired=1; compound=0; hidden=0; nouse=0; global=0; static=0; extern=0; dir=0; type=0; pingpong=0; private_global=0; IO mode=ap_none:ce=0
Port [ local_tiles_3]:  wired=1; compound=0; hidden=0; nouse=0; global=0; static=0; extern=0; dir=0; type=0; pingpong=0; private_global=0; IO mode=ap_none:ce=0
Port [ input_tiles]:  wired=1; compound=0; hidden=0; nouse=0; global=0; static=0; extern=0; dir=0; type=0; pingpong=0; private_global=0; IO mode=ap_none:ce=0
Port [ output_fxp]:  wired=1; compound=0; hidden=0; nouse=0; global=0; static=0; extern=0; dir=0; type=0; pingpong=0; private_global=0; IO mode=ap_none:ce=0
Port [ fuse_residual]:  wired=1; compound=0; hidden=0; nouse=0; global=0; static=0; extern=0; dir=0; type=0; pingpong=0; private_global=0; IO mode=ap_none:ce=0
Port [ idx]:  wired=1; compound=0; hidden=0; nouse=0; global=0; static=0; extern=0; dir=0; type=0; pingpong=0; private_global=0; IO mode=ap_none:ce=0
Port [ idx1]:  wired=1; compound=0; hidden=0; nouse=0; global=0; static=0; extern=0; dir=0; type=0; pingpong=0; private_global=0; IO mode=ap_none:ce=0
Port [ idx2]:  wired=1; compound=0; hidden=0; nouse=0; global=0; static=0; extern=0; dir=0; type=0; pingpong=0; private_global=0; IO mode=ap_none:ce=0
Port [ idx3]:  wired=1; compound=0; hidden=0; nouse=0; global=0; static=0; extern=0; dir=0; type=0; pingpong=0; private_global=0; IO mode=ap_none:ce=0
Port [ idx4]:  wired=1; compound=0; hidden=0; nouse=0; global=0; static=0; extern=0; dir=0; type=0; pingpong=0; private_global=0; IO mode=ap_none:ce=0
Port [ idx5]:  wired=1; compound=0; hidden=0; nouse=0; global=0; static=0; extern=0; dir=0; type=0; pingpong=0; private_global=0; IO mode=ap_none:ce=0
Port [ idx6]:  wired=1; compound=0; hidden=0; nouse=0; global=0; static=0; extern=0; dir=0; type=0; pingpong=0; private_global=0; IO mode=ap_none:ce=0
Port [ idx7]:  wired=1; compound=0; hidden=0; nouse=0; global=0; static=0; extern=0; dir=0; type=0; pingpong=0; private_global=0; IO mode=ap_none:ce=0
Port [ model_scale_cache0]:  wired=1; compound=1; hidden=0; nouse=0; global=1; static=1; extern=0; dir=0; type=1; pingpong=0; private_global=0; MemPort=[1]; IO mode=ap_memory:ce=0
Port [ model_scale_cache1]:  wired=1; compound=1; hidden=0; nouse=0; global=1; static=1; extern=0; dir=0; type=1; pingpong=0; private_global=0; MemPort=[1]; IO mode=ap_memory:ce=0
Port [ model_scale_cache2]:  wired=1; compound=1; hidden=0; nouse=0; global=1; static=1; extern=0; dir=0; type=1; pingpong=0; private_global=0; MemPort=[1]; IO mode=ap_memory:ce=0
Port [ model_scale_cache3]:  wired=1; compound=1; hidden=0; nouse=0; global=1; static=1; extern=0; dir=0; type=1; pingpong=0; private_global=0; MemPort=[1]; IO mode=ap_memory:ce=0
---------------- STG Properties END ------------------

---------------- Datapath Model BEGIN ----------------

<LifeTime>
<method=bitvector/>
fuse_residual_read       (read                ) [ 00000]
output_fxp_read          (read                ) [ 00000]
input_tiles_read         (read                ) [ 00100]
local_tiles_3_read       (read                ) [ 00100]
local_tiles_2_read       (read                ) [ 00100]
local_tiles_1_read       (read                ) [ 00100]
local_tiles_0_read       (read                ) [ 00100]
stream_activation_read   (read                ) [ 00100]
quantized_pe0            (alloca              ) [ 01111]
quantized_pe1            (alloca              ) [ 01111]
quantized_pe2            (alloca              ) [ 01111]
quantized_pe3            (alloca              ) [ 01111]
activation_scale_pe0     (alloca              ) [ 01111]
activation_scale_pe1     (alloca              ) [ 01111]
activation_scale_pe2     (alloca              ) [ 01111]
activation_scale_pe3     (alloca              ) [ 01111]
linear_command_pe0       (alloca              ) [ 01111]
linear_command_pe1       (alloca              ) [ 01111]
linear_command_pe2       (alloca              ) [ 01111]
linear_command_pe3       (alloca              ) [ 01111]
call_ln1000              (call                ) [ 00000]
call_ln1007              (call                ) [ 00000]
idx7_read                (read                ) [ 00001]
idx6_read                (read                ) [ 00001]
idx5_read                (read                ) [ 00001]
idx4_read                (read                ) [ 00001]
idx3_read                (read                ) [ 00001]
idx2_read                (read                ) [ 00001]
idx1_read                (read                ) [ 00001]
idx_read                 (read                ) [ 00001]
weight_pe3_read          (read                ) [ 00001]
weight_pe2_read          (read                ) [ 00001]
weight_pe1_read          (read                ) [ 00001]
weight_pe0_read          (read                ) [ 00001]
specdataflowpipeline_ln0 (specdataflowpipeline) [ 00000]
specmemcore_ln0          (specmemcore         ) [ 00000]
specmemcore_ln0          (specmemcore         ) [ 00000]
specmemcore_ln0          (specmemcore         ) [ 00000]
specmemcore_ln0          (specmemcore         ) [ 00000]
specmemcore_ln0          (specmemcore         ) [ 00000]
specmemcore_ln0          (specmemcore         ) [ 00000]
specmemcore_ln0          (specmemcore         ) [ 00000]
specmemcore_ln0          (specmemcore         ) [ 00000]
specinterface_ln0        (specinterface       ) [ 00000]
specinterface_ln0        (specinterface       ) [ 00000]
specinterface_ln0        (specinterface       ) [ 00000]
specinterface_ln0        (specinterface       ) [ 00000]
specinterface_ln0        (specinterface       ) [ 00000]
specinterface_ln0        (specinterface       ) [ 00000]
empty                    (specchannel         ) [ 00000]
specmemcore_ln987        (specmemcore         ) [ 00000]
specinterface_ln0        (specinterface       ) [ 00000]
empty_905                (specchannel         ) [ 00000]
specmemcore_ln988        (specmemcore         ) [ 00000]
specinterface_ln0        (specinterface       ) [ 00000]
empty_906                (specchannel         ) [ 00000]
specmemcore_ln989        (specmemcore         ) [ 00000]
specinterface_ln0        (specinterface       ) [ 00000]
empty_907                (specchannel         ) [ 00000]
specmemcore_ln990        (specmemcore         ) [ 00000]
specinterface_ln0        (specinterface       ) [ 00000]
empty_908                (specchannel         ) [ 00000]
specmemcore_ln991        (specmemcore         ) [ 00000]
specinterface_ln0        (specinterface       ) [ 00000]
empty_909                (specchannel         ) [ 00000]
specmemcore_ln992        (specmemcore         ) [ 00000]
specinterface_ln0        (specinterface       ) [ 00000]
empty_910                (specchannel         ) [ 00000]
specmemcore_ln993        (specmemcore         ) [ 00000]
specinterface_ln0        (specinterface       ) [ 00000]
empty_911                (specchannel         ) [ 00000]
specmemcore_ln994        (specmemcore         ) [ 00000]
specinterface_ln0        (specinterface       ) [ 00000]
empty_912                (specchannel         ) [ 00000]
specmemcore_ln995        (specmemcore         ) [ 00000]
specinterface_ln0        (specinterface       ) [ 00000]
empty_913                (specchannel         ) [ 00000]
specmemcore_ln996        (specmemcore         ) [ 00000]
specinterface_ln0        (specinterface       ) [ 00000]
empty_914                (specchannel         ) [ 00000]
specmemcore_ln997        (specmemcore         ) [ 00000]
specinterface_ln0        (specinterface       ) [ 00000]
empty_915                (specchannel         ) [ 00000]
specmemcore_ln998        (specmemcore         ) [ 00000]
specinterface_ln0        (specinterface       ) [ 00000]
call_ln1025              (call                ) [ 00000]
call_ln1029              (call                ) [ 00000]
call_ln1033              (call                ) [ 00000]
call_ln1037              (call                ) [ 00000]
ret_ln1041               (ret                 ) [ 00000]
</LifeTime>

<model>

<comp_list>
<comp id="0" class="1000" name="gmem0">
<pin_list>
<pin id="1" dir="1" index="0" bw="1" slack="0"/>
</pin_list>
<bind>
<StgValue><ssdm name="gmem0"/></StgValue>
</bind>
</comp>

<comp id="2" class="1000" name="weight_pe0">
<pin_list>
<pin id="3" dir="1" index="0" bw="1" slack="0"/>
</pin_list>
<bind>
<StgValue><ssdm name="weight_pe0"/></StgValue>
</bind>
</comp>

<comp id="4" class="1000" name="gmem1">
<pin_list>
<pin id="5" dir="1" index="0" bw="1" slack="0"/>
</pin_list>
<bind>
<StgValue><ssdm name="gmem1"/></StgValue>
</bind>
</comp>

<comp id="6" class="1000" name="weight_pe1">
<pin_list>
<pin id="7" dir="1" index="0" bw="1" slack="0"/>
</pin_list>
<bind>
<StgValue><ssdm name="weight_pe1"/></StgValue>
</bind>
</comp>

<comp id="8" class="1000" name="gmem2">
<pin_list>
<pin id="9" dir="1" index="0" bw="1" slack="0"/>
</pin_list>
<bind>
<StgValue><ssdm name="gmem2"/></StgValue>
</bind>
</comp>

<comp id="10" class="1000" name="weight_pe2">
<pin_list>
<pin id="11" dir="1" index="0" bw="1" slack="0"/>
</pin_list>
<bind>
<StgValue><ssdm name="weight_pe2"/></StgValue>
</bind>
</comp>

<comp id="12" class="1000" name="gmem3">
<pin_list>
<pin id="13" dir="1" index="0" bw="1" slack="0"/>
</pin_list>
<bind>
<StgValue><ssdm name="gmem3"/></StgValue>
</bind>
</comp>

<comp id="14" class="1000" name="weight_pe3">
<pin_list>
<pin id="15" dir="1" index="0" bw="1" slack="0"/>
</pin_list>
<bind>
<StgValue><ssdm name="weight_pe3"/></StgValue>
</bind>
</comp>

<comp id="16" class="1000" name="quantized">
<pin_list>
<pin id="17" dir="1" index="0" bw="1" slack="0"/>
</pin_list>
<bind>
<StgValue><ssdm name="quantized"/><MemPortTyVec>2 </MemPortTyVec>
</StgValue>
</bind>
</comp>

<comp id="18" class="1000" name="packed_scales">
<pin_list>
<pin id="19" dir="1" index="0" bw="1" slack="0"/>
</pin_list>
<bind>
<StgValue><ssdm name="packed_scales"/><MemPortTyVec>2 </MemPortTyVec>
</StgValue>
</bind>
</comp>

<comp id="20" class="1000" name="quantized_stream">
<pin_list>
<pin id="21" dir="1" index="0" bw="1" slack="0"/>
</pin_list>
<bind>
<StgValue><ssdm name="quantized_stream"/></StgValue>
</bind>
</comp>

<comp id="22" class="1000" name="scale_stream">
<pin_list>
<pin id="23" dir="1" index="0" bw="1" slack="0"/>
</pin_list>
<bind>
<StgValue><ssdm name="scale_stream"/></StgValue>
</bind>
</comp>

<comp id="24" class="1000" name="stream_activation">
<pin_list>
<pin id="25" dir="1" index="0" bw="1" slack="0"/>
</pin_list>
<bind>
<StgValue><ssdm name="stream_activation"/></StgValue>
</bind>
</comp>

<comp id="26" class="1000" name="output_pe0">
<pin_list>
<pin id="27" dir="1" index="0" bw="1" slack="0"/>
</pin_list>
<bind>
<StgValue><ssdm name="output_pe0"/><MemPortTyVec>1 0 </MemPortTyVec>
</StgValue>
</bind>
</comp>

<comp id="28" class="1000" name="output_pe1">
<pin_list>
<pin id="29" dir="1" index="0" bw="1" slack="0"/>
</pin_list>
<bind>
<StgValue><ssdm name="output_pe1"/><MemPortTyVec>1 0 </MemPortTyVec>
</StgValue>
</bind>
</comp>

<comp id="30" class="1000" name="output_pe2">
<pin_list>
<pin id="31" dir="1" index="0" bw="1" slack="0"/>
</pin_list>
<bind>
<StgValue><ssdm name="output_pe2"/><MemPortTyVec>1 0 </MemPortTyVec>
</StgValue>
</bind>
</comp>

<comp id="32" class="1000" name="output_pe3">
<pin_list>
<pin id="33" dir="1" index="0" bw="1" slack="0"/>
</pin_list>
<bind>
<StgValue><ssdm name="output_pe3"/><MemPortTyVec>1 0 </MemPortTyVec>
</StgValue>
</bind>
</comp>

<comp id="34" class="1000" name="local_tiles_0">
<pin_list>
<pin id="35" dir="1" index="0" bw="1" slack="0"/>
</pin_list>
<bind>
<StgValue><ssdm name="local_tiles_0"/></StgValue>
</bind>
</comp>

<comp id="36" class="1000" name="local_tiles_1">
<pin_list>
<pin id="37" dir="1" index="0" bw="1" slack="0"/>
</pin_list>
<bind>
<StgValue><ssdm name="local_tiles_1"/></StgValue>
</bind>
</comp>

<comp id="38" class="1000" name="local_tiles_2">
<pin_list>
<pin id="39" dir="1" index="0" bw="1" slack="0"/>
</pin_list>
<bind>
<StgValue><ssdm name="local_tiles_2"/></StgValue>
</bind>
</comp>

<comp id="40" class="1000" name="local_tiles_3">
<pin_list>
<pin id="41" dir="1" index="0" bw="1" slack="0"/>
</pin_list>
<bind>
<StgValue><ssdm name="local_tiles_3"/></StgValue>
</bind>
</comp>

<comp id="42" class="1000" name="input_tiles">
<pin_list>
<pin id="43" dir="1" index="0" bw="1" slack="0"/>
</pin_list>
<bind>
<StgValue><ssdm name="input_tiles"/></StgValue>
</bind>
</comp>

<comp id="44" class="1000" name="output_fxp">
<pin_list>
<pin id="45" dir="1" index="0" bw="1" slack="0"/>
</pin_list>
<bind>
<StgValue><ssdm name="output_fxp"/></StgValue>
</bind>
</comp>

<comp id="46" class="1000" name="fuse_residual">
<pin_list>
<pin id="47" dir="1" index="0" bw="1" slack="0"/>
</pin_list>
<bind>
<StgValue><ssdm name="fuse_residual"/></StgValue>
</bind>
</comp>

<comp id="48" class="1000" name="idx">
<pin_list>
<pin id="49" dir="1" index="0" bw="1" slack="0"/>
</pin_list>
<bind>
<StgValue><ssdm name="idx"/></StgValue>
</bind>
</comp>

<comp id="50" class="1000" name="idx1">
<pin_list>
<pin id="51" dir="1" index="0" bw="1" slack="0"/>
</pin_list>
<bind>
<StgValue><ssdm name="idx1"/></StgValue>
</bind>
</comp>

<comp id="52" class="1000" name="idx2">
<pin_list>
<pin id="53" dir="1" index="0" bw="1" slack="0"/>
</pin_list>
<bind>
<StgValue><ssdm name="idx2"/></StgValue>
</bind>
</comp>

<comp id="54" class="1000" name="idx3">
<pin_list>
<pin id="55" dir="1" index="0" bw="1" slack="0"/>
</pin_list>
<bind>
<StgValue><ssdm name="idx3"/></StgValue>
</bind>
</comp>

<comp id="56" class="1000" name="idx4">
<pin_list>
<pin id="57" dir="1" index="0" bw="1" slack="0"/>
</pin_list>
<bind>
<StgValue><ssdm name="idx4"/></StgValue>
</bind>
</comp>

<comp id="58" class="1000" name="idx5">
<pin_list>
<pin id="59" dir="1" index="0" bw="1" slack="0"/>
</pin_list>
<bind>
<StgValue><ssdm name="idx5"/></StgValue>
</bind>
</comp>

<comp id="60" class="1000" name="idx6">
<pin_list>
<pin id="61" dir="1" index="0" bw="1" slack="0"/>
</pin_list>
<bind>
<StgValue><ssdm name="idx6"/></StgValue>
</bind>
</comp>

<comp id="62" class="1000" name="idx7">
<pin_list>
<pin id="63" dir="1" index="0" bw="1" slack="0"/>
</pin_list>
<bind>
<StgValue><ssdm name="idx7"/></StgValue>
</bind>
</comp>

<comp id="64" class="1000" name="model_scale_cache0">
<pin_list>
<pin id="65" dir="1" index="0" bw="1" slack="0"/>
</pin_list>
<bind>
<StgValue><ssdm name="model_scale_cache0"/><MemPortTyVec>1 </MemPortTyVec>
</StgValue>
</bind>
</comp>

<comp id="66" class="1000" name="model_scale_cache1">
<pin_list>
<pin id="67" dir="1" index="0" bw="1" slack="0"/>
</pin_list>
<bind>
<StgValue><ssdm name="model_scale_cache1"/><MemPortTyVec>1 </MemPortTyVec>
</StgValue>
</bind>
</comp>

<comp id="68" class="1000" name="model_scale_cache2">
<pin_list>
<pin id="69" dir="1" index="0" bw="1" slack="0"/>
</pin_list>
<bind>
<StgValue><ssdm name="model_scale_cache2"/><MemPortTyVec>1 </MemPortTyVec>
</StgValue>
</bind>
</comp>

<comp id="70" class="1000" name="model_scale_cache3">
<pin_list>
<pin id="71" dir="1" index="0" bw="1" slack="0"/>
</pin_list>
<bind>
<StgValue><ssdm name="model_scale_cache3"/><MemPortTyVec>1 </MemPortTyVec>
</StgValue>
</bind>
</comp>

<comp id="72" class="1001" name="const_72">
<pin_list>
<pin id="73" dir="1" index="0" bw="1" slack="0"/>
</pin_list>
<bind>
<StgValue><ssdm name="_ssdm_op_Read.ap_auto.i1"/></StgValue>
</bind>
</comp>

<comp id="74" class="1001" name="const_74">
<pin_list>
<pin id="75" dir="1" index="0" bw="1" slack="0"/>
</pin_list>
<bind>
<StgValue><ssdm name="_ssdm_op_Read.ap_auto.i6"/></StgValue>
</bind>
</comp>

<comp id="76" class="1001" name="const_76">
<pin_list>
<pin id="77" dir="1" index="0" bw="1" slack="0"/>
</pin_list>
<bind>
<StgValue><ssdm name=""/></StgValue>
</bind>
</comp>

<comp id="78" class="1001" name="const_78">
<pin_list>
<pin id="79" dir="1" index="0" bw="1" slack="0"/>
</pin_list>
<bind>
<StgValue><ssdm name="int4_broadcast_linear_commands"/></StgValue>
</bind>
</comp>

<comp id="80" class="1001" name="const_80">
<pin_list>
<pin id="81" dir="1" index="0" bw="1" slack="0"/>
</pin_list>
<bind>
<StgValue><ssdm name="int4_broadcast_activation"/></StgValue>
</bind>
</comp>

<comp id="82" class="1001" name="const_82">
<pin_list>
<pin id="83" dir="1" index="0" bw="1" slack="0"/>
</pin_list>
<bind>
<StgValue><ssdm name="_ssdm_op_Read.ap_auto.i11"/></StgValue>
</bind>
</comp>

<comp id="84" class="1001" name="const_84">
<pin_list>
<pin id="85" dir="1" index="0" bw="1" slack="0"/>
</pin_list>
<bind>
<StgValue><ssdm name="_ssdm_op_Read.ap_auto.i25"/></StgValue>
</bind>
</comp>

<comp id="86" class="1001" name="const_86">
<pin_list>
<pin id="87" dir="1" index="0" bw="1" slack="0"/>
</pin_list>
<bind>
<StgValue><ssdm name="_ssdm_op_Read.ap_auto.i64"/></StgValue>
</bind>
</comp>

<comp id="88" class="1001" name="const_88">
<pin_list>
<pin id="89" dir="1" index="0" bw="1" slack="0"/>
</pin_list>
<bind>
<StgValue><ssdm name="int4_run_pe_dataflow<0>"/></StgValue>
</bind>
</comp>

<comp id="90" class="1001" name="const_90">
<pin_list>
<pin id="91" dir="1" index="0" bw="1" slack="0"/>
</pin_list>
<bind>
<StgValue><ssdm name="int4_run_pe_dataflow<1>"/></StgValue>
</bind>
</comp>

<comp id="92" class="1001" name="const_92">
<pin_list>
<pin id="93" dir="1" index="0" bw="1" slack="0"/>
</pin_list>
<bind>
<StgValue><ssdm name="int4_run_pe_dataflow<2>"/></StgValue>
</bind>
</comp>

<comp id="94" class="1001" name="const_94">
<pin_list>
<pin id="95" dir="1" index="0" bw="1" slack="0"/>
</pin_list>
<bind>
<StgValue><ssdm name="int4_run_pe_dataflow<3>"/></StgValue>
</bind>
</comp>

<comp id="96" class="1001" name="const_96">
<pin_list>
<pin id="97" dir="1" index="0" bw="1" slack="2147483647"/>
</pin_list>
<bind>
<StgValue><ssdm name="_ssdm_op_SpecDataflowPipeline"/></StgValue>
</bind>
</comp>

<comp id="98" class="1001" name="const_98">
<pin_list>
<pin id="99" dir="1" index="0" bw="1" slack="2147483647"/>
</pin_list>
<bind>
<StgValue><ssdm name=""/></StgValue>
</bind>
</comp>

<comp id="100" class="1001" name="const_100">
<pin_list>
<pin id="101" dir="1" index="0" bw="1" slack="2147483647"/>
</pin_list>
<bind>
<StgValue><ssdm name=""/></StgValue>
</bind>
</comp>

<comp id="102" class="1001" name="const_102">
<pin_list>
<pin id="103" dir="1" index="0" bw="1" slack="2147483647"/>
</pin_list>
<bind>
<StgValue><ssdm name="empty_418"/></StgValue>
</bind>
</comp>

<comp id="104" class="1001" name="const_104">
<pin_list>
<pin id="105" dir="1" index="0" bw="1" slack="2147483647"/>
</pin_list>
<bind>
<StgValue><ssdm name="_ssdm_op_SpecMemCore"/></StgValue>
</bind>
</comp>

<comp id="106" class="1001" name="const_106">
<pin_list>
<pin id="107" dir="1" index="0" bw="1" slack="2147483647"/>
</pin_list>
<bind>
<StgValue><ssdm name=""/></StgValue>
</bind>
</comp>

<comp id="108" class="1001" name="const_108">
<pin_list>
<pin id="109" dir="1" index="0" bw="1" slack="2147483647"/>
</pin_list>
<bind>
<StgValue><ssdm name=""/></StgValue>
</bind>
</comp>

<comp id="110" class="1001" name="const_110">
<pin_list>
<pin id="111" dir="1" index="0" bw="1" slack="2147483647"/>
</pin_list>
<bind>
<StgValue><ssdm name=""/></StgValue>
</bind>
</comp>

<comp id="112" class="1001" name="const_112">
<pin_list>
<pin id="113" dir="1" index="0" bw="1" slack="2147483647"/>
</pin_list>
<bind>
<StgValue><ssdm name=""/></StgValue>
</bind>
</comp>

<comp id="114" class="1001" name="const_114">
<pin_list>
<pin id="115" dir="1" index="0" bw="1" slack="2147483647"/>
</pin_list>
<bind>
<StgValue><ssdm name=""/></StgValue>
</bind>
</comp>

<comp id="116" class="1001" name="const_116">
<pin_list>
<pin id="117" dir="1" index="0" bw="1" slack="2147483647"/>
</pin_list>
<bind>
<StgValue><ssdm name=""/></StgValue>
</bind>
</comp>

<comp id="118" class="1001" name="const_118">
<pin_list>
<pin id="119" dir="1" index="0" bw="1" slack="2147483647"/>
</pin_list>
<bind>
<StgValue><ssdm name="_ssdm_op_SpecInterface"/></StgValue>
</bind>
</comp>

<comp id="120" class="1001" name="const_120">
<pin_list>
<pin id="121" dir="1" index="0" bw="1" slack="2147483647"/>
</pin_list>
<bind>
<StgValue><ssdm name="empty_417"/></StgValue>
</bind>
</comp>

<comp id="122" class="1001" name="const_122">
<pin_list>
<pin id="123" dir="1" index="0" bw="1" slack="2147483647"/>
</pin_list>
<bind>
<StgValue><ssdm name=""/></StgValue>
</bind>
</comp>

<comp id="124" class="1001" name="const_124">
<pin_list>
<pin id="125" dir="1" index="0" bw="1" slack="2147483647"/>
</pin_list>
<bind>
<StgValue><ssdm name=""/></StgValue>
</bind>
</comp>

<comp id="126" class="1001" name="const_126">
<pin_list>
<pin id="127" dir="1" index="0" bw="1" slack="2147483647"/>
</pin_list>
<bind>
<StgValue><ssdm name=""/></StgValue>
</bind>
</comp>

<comp id="128" class="1001" name="const_128">
<pin_list>
<pin id="129" dir="1" index="0" bw="1" slack="2147483647"/>
</pin_list>
<bind>
<StgValue><ssdm name="empty_423"/></StgValue>
</bind>
</comp>

<comp id="130" class="1001" name="const_130">
<pin_list>
<pin id="131" dir="1" index="0" bw="1" slack="2147483647"/>
</pin_list>
<bind>
<StgValue><ssdm name="empty_420"/></StgValue>
</bind>
</comp>

<comp id="132" class="1001" name="const_132">
<pin_list>
<pin id="133" dir="1" index="0" bw="1" slack="2147483647"/>
</pin_list>
<bind>
<StgValue><ssdm name=""/></StgValue>
</bind>
</comp>

<comp id="134" class="1001" name="const_134">
<pin_list>
<pin id="135" dir="1" index="0" bw="1" slack="2147483647"/>
</pin_list>
<bind>
<StgValue><ssdm name=""/></StgValue>
</bind>
</comp>

<comp id="136" class="1001" name="const_136">
<pin_list>
<pin id="137" dir="1" index="0" bw="1" slack="2147483647"/>
</pin_list>
<bind>
<StgValue><ssdm name=""/></StgValue>
</bind>
</comp>

<comp id="138" class="1001" name="const_138">
<pin_list>
<pin id="139" dir="1" index="0" bw="1" slack="2147483647"/>
</pin_list>
<bind>
<StgValue><ssdm name="empty_422"/></StgValue>
</bind>
</comp>

<comp id="140" class="1001" name="const_140">
<pin_list>
<pin id="141" dir="1" index="0" bw="1" slack="2147483647"/>
</pin_list>
<bind>
<StgValue><ssdm name="empty_421"/></StgValue>
</bind>
</comp>

<comp id="142" class="1001" name="const_142">
<pin_list>
<pin id="143" dir="1" index="0" bw="1" slack="2147483647"/>
</pin_list>
<bind>
<StgValue><ssdm name="empty_419"/></StgValue>
</bind>
</comp>

<comp id="144" class="1001" name="const_144">
<pin_list>
<pin id="145" dir="1" index="0" bw="1" slack="2147483647"/>
</pin_list>
<bind>
<StgValue><ssdm name="empty_447"/></StgValue>
</bind>
</comp>

<comp id="146" class="1001" name="const_146">
<pin_list>
<pin id="147" dir="1" index="0" bw="1" slack="2147483647"/>
</pin_list>
<bind>
<StgValue><ssdm name="_ssdm_op_SpecChannel"/></StgValue>
</bind>
</comp>

<comp id="148" class="1001" name="const_148">
<pin_list>
<pin id="149" dir="1" index="0" bw="1" slack="2147483647"/>
</pin_list>
<bind>
<StgValue><ssdm name="quantized_pe0_str"/></StgValue>
</bind>
</comp>

<comp id="150" class="1001" name="const_150">
<pin_list>
<pin id="151" dir="1" index="0" bw="1" slack="2147483647"/>
</pin_list>
<bind>
<StgValue><ssdm name="p_str"/></StgValue>
</bind>
</comp>

<comp id="152" class="1001" name="const_152">
<pin_list>
<pin id="153" dir="1" index="0" bw="1" slack="2147483647"/>
</pin_list>
<bind>
<StgValue><ssdm name="quantized_pe1_str"/></StgValue>
</bind>
</comp>

<comp id="154" class="1001" name="const_154">
<pin_list>
<pin id="155" dir="1" index="0" bw="1" slack="2147483647"/>
</pin_list>
<bind>
<StgValue><ssdm name="quantized_pe2_str"/></StgValue>
</bind>
</comp>

<comp id="156" class="1001" name="const_156">
<pin_list>
<pin id="157" dir="1" index="0" bw="1" slack="2147483647"/>
</pin_list>
<bind>
<StgValue><ssdm name="quantized_pe3_str"/></StgValue>
</bind>
</comp>

<comp id="158" class="1001" name="const_158">
<pin_list>
<pin id="159" dir="1" index="0" bw="1" slack="2147483647"/>
</pin_list>
<bind>
<StgValue><ssdm name="activation_scale_pe0_str"/></StgValue>
</bind>
</comp>

<comp id="160" class="1001" name="const_160">
<pin_list>
<pin id="161" dir="1" index="0" bw="1" slack="2147483647"/>
</pin_list>
<bind>
<StgValue><ssdm name="activation_scale_pe1_str"/></StgValue>
</bind>
</comp>

<comp id="162" class="1001" name="const_162">
<pin_list>
<pin id="163" dir="1" index="0" bw="1" slack="2147483647"/>
</pin_list>
<bind>
<StgValue><ssdm name="activation_scale_pe2_str"/></StgValue>
</bind>
</comp>

<comp id="164" class="1001" name="const_164">
<pin_list>
<pin id="165" dir="1" index="0" bw="1" slack="2147483647"/>
</pin_list>
<bind>
<StgValue><ssdm name="activation_scale_pe3_str"/></StgValue>
</bind>
</comp>

<comp id="166" class="1001" name="const_166">
<pin_list>
<pin id="167" dir="1" index="0" bw="1" slack="2147483647"/>
</pin_list>
<bind>
<StgValue><ssdm name="linear_command_pe0_str"/></StgValue>
</bind>
</comp>

<comp id="168" class="1001" name="const_168">
<pin_list>
<pin id="169" dir="1" index="0" bw="1" slack="2147483647"/>
</pin_list>
<bind>
<StgValue><ssdm name="linear_command_pe1_str"/></StgValue>
</bind>
</comp>

<comp id="170" class="1001" name="const_170">
<pin_list>
<pin id="171" dir="1" index="0" bw="1" slack="2147483647"/>
</pin_list>
<bind>
<StgValue><ssdm name="linear_command_pe2_str"/></StgValue>
</bind>
</comp>

<comp id="172" class="1001" name="const_172">
<pin_list>
<pin id="173" dir="1" index="0" bw="1" slack="2147483647"/>
</pin_list>
<bind>
<StgValue><ssdm name="linear_command_pe3_str"/></StgValue>
</bind>
</comp>

<comp id="174" class="1004" name="quantized_pe0_fu_174">
<pin_list>
<pin id="175" dir="0" index="0" bw="1" slack="0"/>
<pin id="176" dir="1" index="1" bw="480" slack="0"/>
</pin_list>
<bind>
<opcode="alloca(26) " fcode="alloca"/>
<opset="quantized_pe0/1 "/>
</bind>
</comp>

<comp id="178" class="1004" name="quantized_pe1_fu_178">
<pin_list>
<pin id="179" dir="0" index="0" bw="1" slack="0"/>
<pin id="180" dir="1" index="1" bw="480" slack="0"/>
</pin_list>
<bind>
<opcode="alloca(26) " fcode="alloca"/>
<opset="quantized_pe1/1 "/>
</bind>
</comp>

<comp id="182" class="1004" name="quantized_pe2_fu_182">
<pin_list>
<pin id="183" dir="0" index="0" bw="1" slack="0"/>
<pin id="184" dir="1" index="1" bw="480" slack="0"/>
</pin_list>
<bind>
<opcode="alloca(26) " fcode="alloca"/>
<opset="quantized_pe2/1 "/>
</bind>
</comp>

<comp id="186" class="1004" name="quantized_pe3_fu_186">
<pin_list>
<pin id="187" dir="0" index="0" bw="1" slack="0"/>
<pin id="188" dir="1" index="1" bw="480" slack="0"/>
</pin_list>
<bind>
<opcode="alloca(26) " fcode="alloca"/>
<opset="quantized_pe3/1 "/>
</bind>
</comp>

<comp id="190" class="1004" name="activation_scale_pe0_fu_190">
<pin_list>
<pin id="191" dir="0" index="0" bw="1" slack="0"/>
<pin id="192" dir="1" index="1" bw="32" slack="0"/>
</pin_list>
<bind>
<opcode="alloca(26) " fcode="alloca"/>
<opset="activation_scale_pe0/1 "/>
</bind>
</comp>

<comp id="194" class="1004" name="activation_scale_pe1_fu_194">
<pin_list>
<pin id="195" dir="0" index="0" bw="1" slack="0"/>
<pin id="196" dir="1" index="1" bw="32" slack="0"/>
</pin_list>
<bind>
<opcode="alloca(26) " fcode="alloca"/>
<opset="activation_scale_pe1/1 "/>
</bind>
</comp>

<comp id="198" class="1004" name="activation_scale_pe2_fu_198">
<pin_list>
<pin id="199" dir="0" index="0" bw="1" slack="0"/>
<pin id="200" dir="1" index="1" bw="32" slack="0"/>
</pin_list>
<bind>
<opcode="alloca(26) " fcode="alloca"/>
<opset="activation_scale_pe2/1 "/>
</bind>
</comp>

<comp id="202" class="1004" name="activation_scale_pe3_fu_202">
<pin_list>
<pin id="203" dir="0" index="0" bw="1" slack="0"/>
<pin id="204" dir="1" index="1" bw="32" slack="0"/>
</pin_list>
<bind>
<opcode="alloca(26) " fcode="alloca"/>
<opset="activation_scale_pe3/1 "/>
</bind>
</comp>

<comp id="206" class="1004" name="linear_command_pe0_fu_206">
<pin_list>
<pin id="207" dir="0" index="0" bw="1" slack="0"/>
<pin id="208" dir="1" index="1" bw="14" slack="0"/>
</pin_list>
<bind>
<opcode="alloca(26) " fcode="alloca"/>
<opset="linear_command_pe0/1 "/>
</bind>
</comp>

<comp id="210" class="1004" name="linear_command_pe1_fu_210">
<pin_list>
<pin id="211" dir="0" index="0" bw="1" slack="0"/>
<pin id="212" dir="1" index="1" bw="14" slack="0"/>
</pin_list>
<bind>
<opcode="alloca(26) " fcode="alloca"/>
<opset="linear_command_pe1/1 "/>
</bind>
</comp>

<comp id="214" class="1004" name="linear_command_pe2_fu_214">
<pin_list>
<pin id="215" dir="0" index="0" bw="1" slack="0"/>
<pin id="216" dir="1" index="1" bw="14" slack="0"/>
</pin_list>
<bind>
<opcode="alloca(26) " fcode="alloca"/>
<opset="linear_command_pe2/1 "/>
</bind>
</comp>

<comp id="218" class="1004" name="linear_command_pe3_fu_218">
<pin_list>
<pin id="219" dir="0" index="0" bw="1" slack="0"/>
<pin id="220" dir="1" index="1" bw="14" slack="0"/>
</pin_list>
<bind>
<opcode="alloca(26) " fcode="alloca"/>
<opset="linear_command_pe3/1 "/>
</bind>
</comp>

<comp id="222" class="1004" name="fuse_residual_read_read_fu_222">
<pin_list>
<pin id="223" dir="0" index="0" bw="1" slack="0"/>
<pin id="224" dir="0" index="1" bw="1" slack="0"/>
<pin id="225" dir="1" index="2" bw="1" slack="0"/>
</pin_list>
<bind>
<opcode="read(1150) " fcode="read"/>
<opset="fuse_residual_read/1 "/>
</bind>
</comp>

<comp id="228" class="1004" name="output_fxp_read_read_fu_228">
<pin_list>
<pin id="229" dir="0" index="0" bw="1" slack="0"/>
<pin id="230" dir="0" index="1" bw="1" slack="0"/>
<pin id="231" dir="1" index="2" bw="1" slack="0"/>
</pin_list>
<bind>
<opcode="read(1150) " fcode="read"/>
<opset="output_fxp_read/1 "/>
</bind>
</comp>

<comp id="234" class="1004" name="input_tiles_read_read_fu_234">
<pin_list>
<pin id="235" dir="0" index="0" bw="6" slack="0"/>
<pin id="236" dir="0" index="1" bw="6" slack="0"/>
<pin id="237" dir="1" index="2" bw="6" slack="0"/>
</pin_list>
<bind>
<opcode="read(1150) " fcode="read"/>
<opset="input_tiles_read/1 "/>
</bind>
</comp>

<comp id="240" class="1004" name="local_tiles_3_read_read_fu_240">
<pin_list>
<pin id="241" dir="0" index="0" bw="6" slack="0"/>
<pin id="242" dir="0" index="1" bw="6" slack="0"/>
<pin id="243" dir="1" index="2" bw="6" slack="0"/>
</pin_list>
<bind>
<opcode="read(1150) " fcode="read"/>
<opset="local_tiles_3_read/1 "/>
</bind>
</comp>

<comp id="246" class="1004" name="local_tiles_2_read_read_fu_246">
<pin_list>
<pin id="247" dir="0" index="0" bw="6" slack="0"/>
<pin id="248" dir="0" index="1" bw="6" slack="0"/>
<pin id="249" dir="1" index="2" bw="6" slack="0"/>
</pin_list>
<bind>
<opcode="read(1150) " fcode="read"/>
<opset="local_tiles_2_read/1 "/>
</bind>
</comp>

<comp id="252" class="1004" name="local_tiles_1_read_read_fu_252">
<pin_list>
<pin id="253" dir="0" index="0" bw="6" slack="0"/>
<pin id="254" dir="0" index="1" bw="6" slack="0"/>
<pin id="255" dir="1" index="2" bw="6" slack="0"/>
</pin_list>
<bind>
<opcode="read(1150) " fcode="read"/>
<opset="local_tiles_1_read/1 "/>
</bind>
</comp>

<comp id="258" class="1004" name="local_tiles_0_read_read_fu_258">
<pin_list>
<pin id="259" dir="0" index="0" bw="6" slack="0"/>
<pin id="260" dir="0" index="1" bw="6" slack="0"/>
<pin id="261" dir="1" index="2" bw="6" slack="0"/>
</pin_list>
<bind>
<opcode="read(1150) " fcode="read"/>
<opset="local_tiles_0_read/1 "/>
</bind>
</comp>

<comp id="264" class="1004" name="stream_activation_read_read_fu_264">
<pin_list>
<pin id="265" dir="0" index="0" bw="1" slack="0"/>
<pin id="266" dir="0" index="1" bw="1" slack="0"/>
<pin id="267" dir="1" index="2" bw="1" slack="0"/>
</pin_list>
<bind>
<opcode="read(1150) " fcode="read"/>
<opset="stream_activation_read/1 "/>
</bind>
</comp>

<comp id="270" class="1004" name="idx7_read_read_fu_270">
<pin_list>
<pin id="271" dir="0" index="0" bw="11" slack="0"/>
<pin id="272" dir="0" index="1" bw="11" slack="0"/>
<pin id="273" dir="1" index="2" bw="11" slack="0"/>
</pin_list>
<bind>
<opcode="read(1150) " fcode="read"/>
<opset="idx7_read/3 "/>
</bind>
</comp>

<comp id="276" class="1004" name="idx6_read_read_fu_276">
<pin_list>
<pin id="277" dir="0" index="0" bw="11" slack="0"/>
<pin id="278" dir="0" index="1" bw="11" slack="0"/>
<pin id="279" dir="1" index="2" bw="11" slack="0"/>
</pin_list>
<bind>
<opcode="read(1150) " fcode="read"/>
<opset="idx6_read/3 "/>
</bind>
</comp>

<comp id="282" class="1004" name="idx5_read_read_fu_282">
<pin_list>
<pin id="283" dir="0" index="0" bw="11" slack="0"/>
<pin id="284" dir="0" index="1" bw="11" slack="0"/>
<pin id="285" dir="1" index="2" bw="11" slack="0"/>
</pin_list>
<bind>
<opcode="read(1150) " fcode="read"/>
<opset="idx5_read/3 "/>
</bind>
</comp>

<comp id="288" class="1004" name="idx4_read_read_fu_288">
<pin_list>
<pin id="289" dir="0" index="0" bw="11" slack="0"/>
<pin id="290" dir="0" index="1" bw="11" slack="0"/>
<pin id="291" dir="1" index="2" bw="11" slack="0"/>
</pin_list>
<bind>
<opcode="read(1150) " fcode="read"/>
<opset="idx4_read/3 "/>
</bind>
</comp>

<comp id="294" class="1004" name="idx3_read_read_fu_294">
<pin_list>
<pin id="295" dir="0" index="0" bw="25" slack="0"/>
<pin id="296" dir="0" index="1" bw="25" slack="0"/>
<pin id="297" dir="1" index="2" bw="25" slack="0"/>
</pin_list>
<bind>
<opcode="read(1150) " fcode="read"/>
<opset="idx3_read/3 "/>
</bind>
</comp>

<comp id="300" class="1004" name="idx2_read_read_fu_300">
<pin_list>
<pin id="301" dir="0" index="0" bw="25" slack="0"/>
<pin id="302" dir="0" index="1" bw="25" slack="0"/>
<pin id="303" dir="1" index="2" bw="25" slack="0"/>
</pin_list>
<bind>
<opcode="read(1150) " fcode="read"/>
<opset="idx2_read/3 "/>
</bind>
</comp>

<comp id="306" class="1004" name="idx1_read_read_fu_306">
<pin_list>
<pin id="307" dir="0" index="0" bw="25" slack="0"/>
<pin id="308" dir="0" index="1" bw="25" slack="0"/>
<pin id="309" dir="1" index="2" bw="25" slack="0"/>
</pin_list>
<bind>
<opcode="read(1150) " fcode="read"/>
<opset="idx1_read/3 "/>
</bind>
</comp>

<comp id="312" class="1004" name="idx_read_read_fu_312">
<pin_list>
<pin id="313" dir="0" index="0" bw="25" slack="0"/>
<pin id="314" dir="0" index="1" bw="25" slack="0"/>
<pin id="315" dir="1" index="2" bw="25" slack="0"/>
</pin_list>
<bind>
<opcode="read(1150) " fcode="read"/>
<opset="idx_read/3 "/>
</bind>
</comp>

<comp id="318" class="1004" name="weight_pe3_read_read_fu_318">
<pin_list>
<pin id="319" dir="0" index="0" bw="64" slack="0"/>
<pin id="320" dir="0" index="1" bw="64" slack="0"/>
<pin id="321" dir="1" index="2" bw="64" slack="0"/>
</pin_list>
<bind>
<opcode="read(1150) " fcode="read"/>
<opset="weight_pe3_read/3 "/>
</bind>
</comp>

<comp id="324" class="1004" name="weight_pe2_read_read_fu_324">
<pin_list>
<pin id="325" dir="0" index="0" bw="64" slack="0"/>
<pin id="326" dir="0" index="1" bw="64" slack="0"/>
<pin id="327" dir="1" index="2" bw="64" slack="0"/>
</pin_list>
<bind>
<opcode="read(1150) " fcode="read"/>
<opset="weight_pe2_read/3 "/>
</bind>
</comp>

<comp id="330" class="1004" name="weight_pe1_read_read_fu_330">
<pin_list>
<pin id="331" dir="0" index="0" bw="64" slack="0"/>
<pin id="332" dir="0" index="1" bw="64" slack="0"/>
<pin id="333" dir="1" index="2" bw="64" slack="0"/>
</pin_list>
<bind>
<opcode="read(1150) " fcode="read"/>
<opset="weight_pe1_read/3 "/>
</bind>
</comp>

<comp id="336" class="1004" name="weight_pe0_read_read_fu_336">
<pin_list>
<pin id="337" dir="0" index="0" bw="64" slack="0"/>
<pin id="338" dir="0" index="1" bw="64" slack="0"/>
<pin id="339" dir="1" index="2" bw="64" slack="0"/>
</pin_list>
<bind>
<opcode="read(1150) " fcode="read"/>
<opset="weight_pe0_read/3 "/>
</bind>
</comp>

<comp id="342" class="1004" name="call_ln1000_int4_broadcast_linear_commands_fu_342">
<pin_list>
<pin id="343" dir="0" index="0" bw="0" slack="0"/>
<pin id="344" dir="0" index="1" bw="14" slack="0"/>
<pin id="345" dir="0" index="2" bw="14" slack="0"/>
<pin id="346" dir="0" index="3" bw="14" slack="0"/>
<pin id="347" dir="0" index="4" bw="14" slack="0"/>
<pin id="348" dir="0" index="5" bw="6" slack="0"/>
<pin id="349" dir="0" index="6" bw="6" slack="0"/>
<pin id="350" dir="0" index="7" bw="6" slack="0"/>
<pin id="351" dir="0" index="8" bw="6" slack="0"/>
<pin id="352" dir="0" index="9" bw="6" slack="0"/>
<pin id="353" dir="0" index="10" bw="1" slack="0"/>
<pin id="354" dir="0" index="11" bw="1" slack="0"/>
<pin id="355" dir="1" index="12" bw="0" slack="2147483647"/>
</pin_list>
<bind>
<opcode="call(48) " fcode="call"/>
<opset="call_ln1000/1 "/>
</bind>
</comp>

<comp id="364" class="1004" name="grp_int4_broadcast_activation_fu_364">
<pin_list>
<pin id="365" dir="0" index="0" bw="0" slack="0"/>
<pin id="366" dir="0" index="1" bw="480" slack="0"/>
<pin id="367" dir="0" index="2" bw="512" slack="0"/>
<pin id="368" dir="0" index="3" bw="480" slack="0"/>
<pin id="369" dir="0" index="4" bw="32" slack="0"/>
<pin id="370" dir="0" index="5" bw="1" slack="0"/>
<pin id="371" dir="0" index="6" bw="480" slack="0"/>
<pin id="372" dir="0" index="7" bw="480" slack="0"/>
<pin id="373" dir="0" index="8" bw="480" slack="0"/>
<pin id="374" dir="0" index="9" bw="480" slack="0"/>
<pin id="375" dir="0" index="10" bw="32" slack="0"/>
<pin id="376" dir="0" index="11" bw="32" slack="0"/>
<pin id="377" dir="0" index="12" bw="32" slack="0"/>
<pin id="378" dir="0" index="13" bw="32" slack="0"/>
<pin id="379" dir="0" index="14" bw="6" slack="0"/>
<pin id="380" dir="0" index="15" bw="6" slack="0"/>
<pin id="381" dir="0" index="16" bw="6" slack="0"/>
<pin id="382" dir="0" index="17" bw="6" slack="0"/>
<pin id="383" dir="0" index="18" bw="6" slack="0"/>
<pin id="384" dir="1" index="19" bw="0" slack="2147483647"/>
</pin_list>
<bind>
<opcode="call(48) " fcode="call"/>
<opset="call_ln1007/1 "/>
</bind>
</comp>

<comp id="396" class="1004" name="grp_int4_run_pe_dataflow_0_s_fu_396">
<pin_list>
<pin id="397" dir="0" index="0" bw="0" slack="0"/>
<pin id="398" dir="0" index="1" bw="512" slack="0"/>
<pin id="399" dir="0" index="2" bw="64" slack="0"/>
<pin id="400" dir="0" index="3" bw="480" slack="2"/>
<pin id="401" dir="0" index="4" bw="32" slack="2"/>
<pin id="402" dir="0" index="5" bw="14" slack="2"/>
<pin id="403" dir="0" index="6" bw="512" slack="0"/>
<pin id="404" dir="0" index="7" bw="25" slack="0"/>
<pin id="405" dir="0" index="8" bw="11" slack="0"/>
<pin id="406" dir="0" index="9" bw="512" slack="0"/>
<pin id="407" dir="1" index="10" bw="0" slack="2147483647"/>
</pin_list>
<bind>
<opcode="call(48) " fcode="call"/>
<opset="call_ln1025/3 "/>
</bind>
</comp>

<comp id="415" class="1004" name="grp_int4_run_pe_dataflow_1_s_fu_415">
<pin_list>
<pin id="416" dir="0" index="0" bw="0" slack="0"/>
<pin id="417" dir="0" index="1" bw="512" slack="0"/>
<pin id="418" dir="0" index="2" bw="64" slack="0"/>
<pin id="419" dir="0" index="3" bw="480" slack="2"/>
<pin id="420" dir="0" index="4" bw="32" slack="2"/>
<pin id="421" dir="0" index="5" bw="14" slack="2"/>
<pin id="422" dir="0" index="6" bw="512" slack="0"/>
<pin id="423" dir="0" index="7" bw="25" slack="0"/>
<pin id="424" dir="0" index="8" bw="11" slack="0"/>
<pin id="425" dir="0" index="9" bw="512" slack="0"/>
<pin id="426" dir="1" index="10" bw="0" slack="2147483647"/>
</pin_list>
<bind>
<opcode="call(48) " fcode="call"/>
<opset="call_ln1029/3 "/>
</bind>
</comp>

<comp id="434" class="1004" name="grp_int4_run_pe_dataflow_2_s_fu_434">
<pin_list>
<pin id="435" dir="0" index="0" bw="0" slack="0"/>
<pin id="436" dir="0" index="1" bw="512" slack="0"/>
<pin id="437" dir="0" index="2" bw="64" slack="0"/>
<pin id="438" dir="0" index="3" bw="480" slack="2"/>
<pin id="439" dir="0" index="4" bw="32" slack="2"/>
<pin id="440" dir="0" index="5" bw="14" slack="2"/>
<pin id="441" dir="0" index="6" bw="512" slack="0"/>
<pin id="442" dir="0" index="7" bw="25" slack="0"/>
<pin id="443" dir="0" index="8" bw="11" slack="0"/>
<pin id="444" dir="0" index="9" bw="512" slack="0"/>
<pin id="445" dir="1" index="10" bw="0" slack="2147483647"/>
</pin_list>
<bind>
<opcode="call(48) " fcode="call"/>
<opset="call_ln1033/3 "/>
</bind>
</comp>

<comp id="453" class="1004" name="grp_int4_run_pe_dataflow_3_s_fu_453">
<pin_list>
<pin id="454" dir="0" index="0" bw="0" slack="0"/>
<pin id="455" dir="0" index="1" bw="512" slack="0"/>
<pin id="456" dir="0" index="2" bw="64" slack="0"/>
<pin id="457" dir="0" index="3" bw="480" slack="2"/>
<pin id="458" dir="0" index="4" bw="32" slack="2"/>
<pin id="459" dir="0" index="5" bw="14" slack="2"/>
<pin id="460" dir="0" index="6" bw="512" slack="0"/>
<pin id="461" dir="0" index="7" bw="25" slack="0"/>
<pin id="462" dir="0" index="8" bw="11" slack="0"/>
<pin id="463" dir="0" index="9" bw="512" slack="0"/>
<pin id="464" dir="1" index="10" bw="0" slack="2147483647"/>
</pin_list>
<bind>
<opcode="call(48) " fcode="call"/>
<opset="call_ln1037/3 "/>
</bind>
</comp>

<comp id="472" class="1005" name="input_tiles_read_reg_472">
<pin_list>
<pin id="473" dir="0" index="0" bw="6" slack="1"/>
<pin id="474" dir="1" index="1" bw="6" slack="1"/>
</pin_list>
<bind>
<opset="input_tiles_read "/>
</bind>
</comp>

<comp id="477" class="1005" name="local_tiles_3_read_reg_477">
<pin_list>
<pin id="478" dir="0" index="0" bw="6" slack="1"/>
<pin id="479" dir="1" index="1" bw="6" slack="1"/>
</pin_list>
<bind>
<opset="local_tiles_3_read "/>
</bind>
</comp>

<comp id="482" class="1005" name="local_tiles_2_read_reg_482">
<pin_list>
<pin id="483" dir="0" index="0" bw="6" slack="1"/>
<pin id="484" dir="1" index="1" bw="6" slack="1"/>
</pin_list>
<bind>
<opset="local_tiles_2_read "/>
</bind>
</comp>

<comp id="487" class="1005" name="local_tiles_1_read_reg_487">
<pin_list>
<pin id="488" dir="0" index="0" bw="6" slack="1"/>
<pin id="489" dir="1" index="1" bw="6" slack="1"/>
</pin_list>
<bind>
<opset="local_tiles_1_read "/>
</bind>
</comp>

<comp id="492" class="1005" name="local_tiles_0_read_reg_492">
<pin_list>
<pin id="493" dir="0" index="0" bw="6" slack="1"/>
<pin id="494" dir="1" index="1" bw="6" slack="1"/>
</pin_list>
<bind>
<opset="local_tiles_0_read "/>
</bind>
</comp>

<comp id="497" class="1005" name="stream_activation_read_reg_497">
<pin_list>
<pin id="498" dir="0" index="0" bw="1" slack="1"/>
<pin id="499" dir="1" index="1" bw="1" slack="1"/>
</pin_list>
<bind>
<opset="stream_activation_read "/>
</bind>
</comp>

<comp id="502" class="1005" name="quantized_pe0_reg_502">
<pin_list>
<pin id="503" dir="0" index="0" bw="480" slack="0"/>
<pin id="504" dir="1" index="1" bw="480" slack="0"/>
</pin_list>
<bind>
<opset="quantized_pe0 "/>
</bind>
</comp>

<comp id="508" class="1005" name="quantized_pe1_reg_508">
<pin_list>
<pin id="509" dir="0" index="0" bw="480" slack="0"/>
<pin id="510" dir="1" index="1" bw="480" slack="0"/>
</pin_list>
<bind>
<opset="quantized_pe1 "/>
</bind>
</comp>

<comp id="514" class="1005" name="quantized_pe2_reg_514">
<pin_list>
<pin id="515" dir="0" index="0" bw="480" slack="0"/>
<pin id="516" dir="1" index="1" bw="480" slack="0"/>
</pin_list>
<bind>
<opset="quantized_pe2 "/>
</bind>
</comp>

<comp id="520" class="1005" name="quantized_pe3_reg_520">
<pin_list>
<pin id="521" dir="0" index="0" bw="480" slack="0"/>
<pin id="522" dir="1" index="1" bw="480" slack="0"/>
</pin_list>
<bind>
<opset="quantized_pe3 "/>
</bind>
</comp>

<comp id="526" class="1005" name="activation_scale_pe0_reg_526">
<pin_list>
<pin id="527" dir="0" index="0" bw="32" slack="0"/>
<pin id="528" dir="1" index="1" bw="32" slack="0"/>
</pin_list>
<bind>
<opset="activation_scale_pe0 "/>
</bind>
</comp>

<comp id="532" class="1005" name="activation_scale_pe1_reg_532">
<pin_list>
<pin id="533" dir="0" index="0" bw="32" slack="0"/>
<pin id="534" dir="1" index="1" bw="32" slack="0"/>
</pin_list>
<bind>
<opset="activation_scale_pe1 "/>
</bind>
</comp>

<comp id="538" class="1005" name="activation_scale_pe2_reg_538">
<pin_list>
<pin id="539" dir="0" index="0" bw="32" slack="0"/>
<pin id="540" dir="1" index="1" bw="32" slack="0"/>
</pin_list>
<bind>
<opset="activation_scale_pe2 "/>
</bind>
</comp>

<comp id="544" class="1005" name="activation_scale_pe3_reg_544">
<pin_list>
<pin id="545" dir="0" index="0" bw="32" slack="0"/>
<pin id="546" dir="1" index="1" bw="32" slack="0"/>
</pin_list>
<bind>
<opset="activation_scale_pe3 "/>
</bind>
</comp>

<comp id="550" class="1005" name="linear_command_pe0_reg_550">
<pin_list>
<pin id="551" dir="0" index="0" bw="14" slack="0"/>
<pin id="552" dir="1" index="1" bw="14" slack="0"/>
</pin_list>
<bind>
<opset="linear_command_pe0 "/>
</bind>
</comp>

<comp id="556" class="1005" name="linear_command_pe1_reg_556">
<pin_list>
<pin id="557" dir="0" index="0" bw="14" slack="0"/>
<pin id="558" dir="1" index="1" bw="14" slack="0"/>
</pin_list>
<bind>
<opset="linear_command_pe1 "/>
</bind>
</comp>

<comp id="562" class="1005" name="linear_command_pe2_reg_562">
<pin_list>
<pin id="563" dir="0" index="0" bw="14" slack="0"/>
<pin id="564" dir="1" index="1" bw="14" slack="0"/>
</pin_list>
<bind>
<opset="linear_command_pe2 "/>
</bind>
</comp>

<comp id="568" class="1005" name="linear_command_pe3_reg_568">
<pin_list>
<pin id="569" dir="0" index="0" bw="14" slack="0"/>
<pin id="570" dir="1" index="1" bw="14" slack="0"/>
</pin_list>
<bind>
<opset="linear_command_pe3 "/>
</bind>
</comp>

<comp id="574" class="1005" name="idx7_read_reg_574">
<pin_list>
<pin id="575" dir="0" index="0" bw="11" slack="1"/>
<pin id="576" dir="1" index="1" bw="11" slack="1"/>
</pin_list>
<bind>
<opset="idx7_read "/>
</bind>
</comp>

<comp id="579" class="1005" name="idx6_read_reg_579">
<pin_list>
<pin id="580" dir="0" index="0" bw="11" slack="1"/>
<pin id="581" dir="1" index="1" bw="11" slack="1"/>
</pin_list>
<bind>
<opset="idx6_read "/>
</bind>
</comp>

<comp id="584" class="1005" name="idx5_read_reg_584">
<pin_list>
<pin id="585" dir="0" index="0" bw="11" slack="1"/>
<pin id="586" dir="1" index="1" bw="11" slack="1"/>
</pin_list>
<bind>
<opset="idx5_read "/>
</bind>
</comp>

<comp id="589" class="1005" name="idx4_read_reg_589">
<pin_list>
<pin id="590" dir="0" index="0" bw="11" slack="1"/>
<pin id="591" dir="1" index="1" bw="11" slack="1"/>
</pin_list>
<bind>
<opset="idx4_read "/>
</bind>
</comp>

<comp id="594" class="1005" name="idx3_read_reg_594">
<pin_list>
<pin id="595" dir="0" index="0" bw="25" slack="1"/>
<pin id="596" dir="1" index="1" bw="25" slack="1"/>
</pin_list>
<bind>
<opset="idx3_read "/>
</bind>
</comp>

<comp id="599" class="1005" name="idx2_read_reg_599">
<pin_list>
<pin id="600" dir="0" index="0" bw="25" slack="1"/>
<pin id="601" dir="1" index="1" bw="25" slack="1"/>
</pin_list>
<bind>
<opset="idx2_read "/>
</bind>
</comp>

<comp id="604" class="1005" name="idx1_read_reg_604">
<pin_list>
<pin id="605" dir="0" index="0" bw="25" slack="1"/>
<pin id="606" dir="1" index="1" bw="25" slack="1"/>
</pin_list>
<bind>
<opset="idx1_read "/>
</bind>
</comp>

<comp id="609" class="1005" name="idx_read_reg_609">
<pin_list>
<pin id="610" dir="0" index="0" bw="25" slack="1"/>
<pin id="611" dir="1" index="1" bw="25" slack="1"/>
</pin_list>
<bind>
<opset="idx_read "/>
</bind>
</comp>

<comp id="614" class="1005" name="weight_pe3_read_reg_614">
<pin_list>
<pin id="615" dir="0" index="0" bw="64" slack="1"/>
<pin id="616" dir="1" index="1" bw="64" slack="1"/>
</pin_list>
<bind>
<opset="weight_pe3_read "/>
</bind>
</comp>

<comp id="619" class="1005" name="weight_pe2_read_reg_619">
<pin_list>
<pin id="620" dir="0" index="0" bw="64" slack="1"/>
<pin id="621" dir="1" index="1" bw="64" slack="1"/>
</pin_list>
<bind>
<opset="weight_pe2_read "/>
</bind>
</comp>

<comp id="624" class="1005" name="weight_pe1_read_reg_624">
<pin_list>
<pin id="625" dir="0" index="0" bw="64" slack="1"/>
<pin id="626" dir="1" index="1" bw="64" slack="1"/>
</pin_list>
<bind>
<opset="weight_pe1_read "/>
</bind>
</comp>

<comp id="629" class="1005" name="weight_pe0_read_reg_629">
<pin_list>
<pin id="630" dir="0" index="0" bw="64" slack="1"/>
<pin id="631" dir="1" index="1" bw="64" slack="1"/>
</pin_list>
<bind>
<opset="weight_pe0_read "/>
</bind>
</comp>

</comp_list>

<net_list>
<net id="177"><net_src comp="76" pin="0"/><net_sink comp="174" pin=0"/></net>

<net id="181"><net_src comp="76" pin="0"/><net_sink comp="178" pin=0"/></net>

<net id="185"><net_src comp="76" pin="0"/><net_sink comp="182" pin=0"/></net>

<net id="189"><net_src comp="76" pin="0"/><net_sink comp="186" pin=0"/></net>

<net id="193"><net_src comp="76" pin="0"/><net_sink comp="190" pin=0"/></net>

<net id="197"><net_src comp="76" pin="0"/><net_sink comp="194" pin=0"/></net>

<net id="201"><net_src comp="76" pin="0"/><net_sink comp="198" pin=0"/></net>

<net id="205"><net_src comp="76" pin="0"/><net_sink comp="202" pin=0"/></net>

<net id="209"><net_src comp="76" pin="0"/><net_sink comp="206" pin=0"/></net>

<net id="213"><net_src comp="76" pin="0"/><net_sink comp="210" pin=0"/></net>

<net id="217"><net_src comp="76" pin="0"/><net_sink comp="214" pin=0"/></net>

<net id="221"><net_src comp="76" pin="0"/><net_sink comp="218" pin=0"/></net>

<net id="226"><net_src comp="72" pin="0"/><net_sink comp="222" pin=0"/></net>

<net id="227"><net_src comp="46" pin="0"/><net_sink comp="222" pin=1"/></net>

<net id="232"><net_src comp="72" pin="0"/><net_sink comp="228" pin=0"/></net>

<net id="233"><net_src comp="44" pin="0"/><net_sink comp="228" pin=1"/></net>

<net id="238"><net_src comp="74" pin="0"/><net_sink comp="234" pin=0"/></net>

<net id="239"><net_src comp="42" pin="0"/><net_sink comp="234" pin=1"/></net>

<net id="244"><net_src comp="74" pin="0"/><net_sink comp="240" pin=0"/></net>

<net id="245"><net_src comp="40" pin="0"/><net_sink comp="240" pin=1"/></net>

<net id="250"><net_src comp="74" pin="0"/><net_sink comp="246" pin=0"/></net>

<net id="251"><net_src comp="38" pin="0"/><net_sink comp="246" pin=1"/></net>

<net id="256"><net_src comp="74" pin="0"/><net_sink comp="252" pin=0"/></net>

<net id="257"><net_src comp="36" pin="0"/><net_sink comp="252" pin=1"/></net>

<net id="262"><net_src comp="74" pin="0"/><net_sink comp="258" pin=0"/></net>

<net id="263"><net_src comp="34" pin="0"/><net_sink comp="258" pin=1"/></net>

<net id="268"><net_src comp="72" pin="0"/><net_sink comp="264" pin=0"/></net>

<net id="269"><net_src comp="24" pin="0"/><net_sink comp="264" pin=1"/></net>

<net id="274"><net_src comp="82" pin="0"/><net_sink comp="270" pin=0"/></net>

<net id="275"><net_src comp="62" pin="0"/><net_sink comp="270" pin=1"/></net>

<net id="280"><net_src comp="82" pin="0"/><net_sink comp="276" pin=0"/></net>

<net id="281"><net_src comp="60" pin="0"/><net_sink comp="276" pin=1"/></net>

<net id="286"><net_src comp="82" pin="0"/><net_sink comp="282" pin=0"/></net>

<net id="287"><net_src comp="58" pin="0"/><net_sink comp="282" pin=1"/></net>

<net id="292"><net_src comp="82" pin="0"/><net_sink comp="288" pin=0"/></net>

<net id="293"><net_src comp="56" pin="0"/><net_sink comp="288" pin=1"/></net>

<net id="298"><net_src comp="84" pin="0"/><net_sink comp="294" pin=0"/></net>

<net id="299"><net_src comp="54" pin="0"/><net_sink comp="294" pin=1"/></net>

<net id="304"><net_src comp="84" pin="0"/><net_sink comp="300" pin=0"/></net>

<net id="305"><net_src comp="52" pin="0"/><net_sink comp="300" pin=1"/></net>

<net id="310"><net_src comp="84" pin="0"/><net_sink comp="306" pin=0"/></net>

<net id="311"><net_src comp="50" pin="0"/><net_sink comp="306" pin=1"/></net>

<net id="316"><net_src comp="84" pin="0"/><net_sink comp="312" pin=0"/></net>

<net id="317"><net_src comp="48" pin="0"/><net_sink comp="312" pin=1"/></net>

<net id="322"><net_src comp="86" pin="0"/><net_sink comp="318" pin=0"/></net>

<net id="323"><net_src comp="14" pin="0"/><net_sink comp="318" pin=1"/></net>

<net id="328"><net_src comp="86" pin="0"/><net_sink comp="324" pin=0"/></net>

<net id="329"><net_src comp="10" pin="0"/><net_sink comp="324" pin=1"/></net>

<net id="334"><net_src comp="86" pin="0"/><net_sink comp="330" pin=0"/></net>

<net id="335"><net_src comp="6" pin="0"/><net_sink comp="330" pin=1"/></net>

<net id="340"><net_src comp="86" pin="0"/><net_sink comp="336" pin=0"/></net>

<net id="341"><net_src comp="2" pin="0"/><net_sink comp="336" pin=1"/></net>

<net id="356"><net_src comp="78" pin="0"/><net_sink comp="342" pin=0"/></net>

<net id="357"><net_src comp="258" pin="2"/><net_sink comp="342" pin=5"/></net>

<net id="358"><net_src comp="252" pin="2"/><net_sink comp="342" pin=6"/></net>

<net id="359"><net_src comp="246" pin="2"/><net_sink comp="342" pin=7"/></net>

<net id="360"><net_src comp="240" pin="2"/><net_sink comp="342" pin=8"/></net>

<net id="361"><net_src comp="234" pin="2"/><net_sink comp="342" pin=9"/></net>

<net id="362"><net_src comp="228" pin="2"/><net_sink comp="342" pin=10"/></net>

<net id="363"><net_src comp="222" pin="2"/><net_sink comp="342" pin=11"/></net>

<net id="385"><net_src comp="80" pin="0"/><net_sink comp="364" pin=0"/></net>

<net id="386"><net_src comp="16" pin="0"/><net_sink comp="364" pin=1"/></net>

<net id="387"><net_src comp="18" pin="0"/><net_sink comp="364" pin=2"/></net>

<net id="388"><net_src comp="20" pin="0"/><net_sink comp="364" pin=3"/></net>

<net id="389"><net_src comp="22" pin="0"/><net_sink comp="364" pin=4"/></net>

<net id="390"><net_src comp="264" pin="2"/><net_sink comp="364" pin=5"/></net>

<net id="391"><net_src comp="258" pin="2"/><net_sink comp="364" pin=14"/></net>

<net id="392"><net_src comp="252" pin="2"/><net_sink comp="364" pin=15"/></net>

<net id="393"><net_src comp="246" pin="2"/><net_sink comp="364" pin=16"/></net>

<net id="394"><net_src comp="240" pin="2"/><net_sink comp="364" pin=17"/></net>

<net id="395"><net_src comp="234" pin="2"/><net_sink comp="364" pin=18"/></net>

<net id="408"><net_src comp="88" pin="0"/><net_sink comp="396" pin=0"/></net>

<net id="409"><net_src comp="0" pin="0"/><net_sink comp="396" pin=1"/></net>

<net id="410"><net_src comp="336" pin="2"/><net_sink comp="396" pin=2"/></net>

<net id="411"><net_src comp="26" pin="0"/><net_sink comp="396" pin=6"/></net>

<net id="412"><net_src comp="312" pin="2"/><net_sink comp="396" pin=7"/></net>

<net id="413"><net_src comp="288" pin="2"/><net_sink comp="396" pin=8"/></net>

<net id="414"><net_src comp="64" pin="0"/><net_sink comp="396" pin=9"/></net>

<net id="427"><net_src comp="90" pin="0"/><net_sink comp="415" pin=0"/></net>

<net id="428"><net_src comp="4" pin="0"/><net_sink comp="415" pin=1"/></net>

<net id="429"><net_src comp="330" pin="2"/><net_sink comp="415" pin=2"/></net>

<net id="430"><net_src comp="28" pin="0"/><net_sink comp="415" pin=6"/></net>

<net id="431"><net_src comp="306" pin="2"/><net_sink comp="415" pin=7"/></net>

<net id="432"><net_src comp="282" pin="2"/><net_sink comp="415" pin=8"/></net>

<net id="433"><net_src comp="66" pin="0"/><net_sink comp="415" pin=9"/></net>

<net id="446"><net_src comp="92" pin="0"/><net_sink comp="434" pin=0"/></net>

<net id="447"><net_src comp="8" pin="0"/><net_sink comp="434" pin=1"/></net>

<net id="448"><net_src comp="324" pin="2"/><net_sink comp="434" pin=2"/></net>

<net id="449"><net_src comp="30" pin="0"/><net_sink comp="434" pin=6"/></net>

<net id="450"><net_src comp="300" pin="2"/><net_sink comp="434" pin=7"/></net>

<net id="451"><net_src comp="276" pin="2"/><net_sink comp="434" pin=8"/></net>

<net id="452"><net_src comp="68" pin="0"/><net_sink comp="434" pin=9"/></net>

<net id="465"><net_src comp="94" pin="0"/><net_sink comp="453" pin=0"/></net>

<net id="466"><net_src comp="12" pin="0"/><net_sink comp="453" pin=1"/></net>

<net id="467"><net_src comp="318" pin="2"/><net_sink comp="453" pin=2"/></net>

<net id="468"><net_src comp="32" pin="0"/><net_sink comp="453" pin=6"/></net>

<net id="469"><net_src comp="294" pin="2"/><net_sink comp="453" pin=7"/></net>

<net id="470"><net_src comp="270" pin="2"/><net_sink comp="453" pin=8"/></net>

<net id="471"><net_src comp="70" pin="0"/><net_sink comp="453" pin=9"/></net>

<net id="475"><net_src comp="234" pin="2"/><net_sink comp="472" pin=0"/></net>

<net id="476"><net_src comp="472" pin="1"/><net_sink comp="364" pin=18"/></net>

<net id="480"><net_src comp="240" pin="2"/><net_sink comp="477" pin=0"/></net>

<net id="481"><net_src comp="477" pin="1"/><net_sink comp="364" pin=17"/></net>

<net id="485"><net_src comp="246" pin="2"/><net_sink comp="482" pin=0"/></net>

<net id="486"><net_src comp="482" pin="1"/><net_sink comp="364" pin=16"/></net>

<net id="490"><net_src comp="252" pin="2"/><net_sink comp="487" pin=0"/></net>

<net id="491"><net_src comp="487" pin="1"/><net_sink comp="364" pin=15"/></net>

<net id="495"><net_src comp="258" pin="2"/><net_sink comp="492" pin=0"/></net>

<net id="496"><net_src comp="492" pin="1"/><net_sink comp="364" pin=14"/></net>

<net id="500"><net_src comp="264" pin="2"/><net_sink comp="497" pin=0"/></net>

<net id="501"><net_src comp="497" pin="1"/><net_sink comp="364" pin=5"/></net>

<net id="505"><net_src comp="174" pin="1"/><net_sink comp="502" pin=0"/></net>

<net id="506"><net_src comp="502" pin="1"/><net_sink comp="364" pin=6"/></net>

<net id="507"><net_src comp="502" pin="1"/><net_sink comp="396" pin=3"/></net>

<net id="511"><net_src comp="178" pin="1"/><net_sink comp="508" pin=0"/></net>

<net id="512"><net_src comp="508" pin="1"/><net_sink comp="364" pin=7"/></net>

<net id="513"><net_src comp="508" pin="1"/><net_sink comp="415" pin=3"/></net>

<net id="517"><net_src comp="182" pin="1"/><net_sink comp="514" pin=0"/></net>

<net id="518"><net_src comp="514" pin="1"/><net_sink comp="364" pin=8"/></net>

<net id="519"><net_src comp="514" pin="1"/><net_sink comp="434" pin=3"/></net>

<net id="523"><net_src comp="186" pin="1"/><net_sink comp="520" pin=0"/></net>

<net id="524"><net_src comp="520" pin="1"/><net_sink comp="364" pin=9"/></net>

<net id="525"><net_src comp="520" pin="1"/><net_sink comp="453" pin=3"/></net>

<net id="529"><net_src comp="190" pin="1"/><net_sink comp="526" pin=0"/></net>

<net id="530"><net_src comp="526" pin="1"/><net_sink comp="364" pin=10"/></net>

<net id="531"><net_src comp="526" pin="1"/><net_sink comp="396" pin=4"/></net>

<net id="535"><net_src comp="194" pin="1"/><net_sink comp="532" pin=0"/></net>

<net id="536"><net_src comp="532" pin="1"/><net_sink comp="364" pin=11"/></net>

<net id="537"><net_src comp="532" pin="1"/><net_sink comp="415" pin=4"/></net>

<net id="541"><net_src comp="198" pin="1"/><net_sink comp="538" pin=0"/></net>

<net id="542"><net_src comp="538" pin="1"/><net_sink comp="364" pin=12"/></net>

<net id="543"><net_src comp="538" pin="1"/><net_sink comp="434" pin=4"/></net>

<net id="547"><net_src comp="202" pin="1"/><net_sink comp="544" pin=0"/></net>

<net id="548"><net_src comp="544" pin="1"/><net_sink comp="364" pin=13"/></net>

<net id="549"><net_src comp="544" pin="1"/><net_sink comp="453" pin=4"/></net>

<net id="553"><net_src comp="206" pin="1"/><net_sink comp="550" pin=0"/></net>

<net id="554"><net_src comp="550" pin="1"/><net_sink comp="342" pin=1"/></net>

<net id="555"><net_src comp="550" pin="1"/><net_sink comp="396" pin=5"/></net>

<net id="559"><net_src comp="210" pin="1"/><net_sink comp="556" pin=0"/></net>

<net id="560"><net_src comp="556" pin="1"/><net_sink comp="342" pin=2"/></net>

<net id="561"><net_src comp="556" pin="1"/><net_sink comp="415" pin=5"/></net>

<net id="565"><net_src comp="214" pin="1"/><net_sink comp="562" pin=0"/></net>

<net id="566"><net_src comp="562" pin="1"/><net_sink comp="342" pin=3"/></net>

<net id="567"><net_src comp="562" pin="1"/><net_sink comp="434" pin=5"/></net>

<net id="571"><net_src comp="218" pin="1"/><net_sink comp="568" pin=0"/></net>

<net id="572"><net_src comp="568" pin="1"/><net_sink comp="342" pin=4"/></net>

<net id="573"><net_src comp="568" pin="1"/><net_sink comp="453" pin=5"/></net>

<net id="577"><net_src comp="270" pin="2"/><net_sink comp="574" pin=0"/></net>

<net id="578"><net_src comp="574" pin="1"/><net_sink comp="453" pin=8"/></net>

<net id="582"><net_src comp="276" pin="2"/><net_sink comp="579" pin=0"/></net>

<net id="583"><net_src comp="579" pin="1"/><net_sink comp="434" pin=8"/></net>

<net id="587"><net_src comp="282" pin="2"/><net_sink comp="584" pin=0"/></net>

<net id="588"><net_src comp="584" pin="1"/><net_sink comp="415" pin=8"/></net>

<net id="592"><net_src comp="288" pin="2"/><net_sink comp="589" pin=0"/></net>

<net id="593"><net_src comp="589" pin="1"/><net_sink comp="396" pin=8"/></net>

<net id="597"><net_src comp="294" pin="2"/><net_sink comp="594" pin=0"/></net>

<net id="598"><net_src comp="594" pin="1"/><net_sink comp="453" pin=7"/></net>

<net id="602"><net_src comp="300" pin="2"/><net_sink comp="599" pin=0"/></net>

<net id="603"><net_src comp="599" pin="1"/><net_sink comp="434" pin=7"/></net>

<net id="607"><net_src comp="306" pin="2"/><net_sink comp="604" pin=0"/></net>

<net id="608"><net_src comp="604" pin="1"/><net_sink comp="415" pin=7"/></net>

<net id="612"><net_src comp="312" pin="2"/><net_sink comp="609" pin=0"/></net>

<net id="613"><net_src comp="609" pin="1"/><net_sink comp="396" pin=7"/></net>

<net id="617"><net_src comp="318" pin="2"/><net_sink comp="614" pin=0"/></net>

<net id="618"><net_src comp="614" pin="1"/><net_sink comp="453" pin=2"/></net>

<net id="622"><net_src comp="324" pin="2"/><net_sink comp="619" pin=0"/></net>

<net id="623"><net_src comp="619" pin="1"/><net_sink comp="434" pin=2"/></net>

<net id="627"><net_src comp="330" pin="2"/><net_sink comp="624" pin=0"/></net>

<net id="628"><net_src comp="624" pin="1"/><net_sink comp="415" pin=2"/></net>

<net id="632"><net_src comp="336" pin="2"/><net_sink comp="629" pin=0"/></net>

<net id="633"><net_src comp="629" pin="1"/><net_sink comp="396" pin=2"/></net>

</net_list>

</model> 
---------------- Datapath Model END ------------------

* FSMD analyzer results:
  - Output states:
	Port: gmem0 | {}
	Port: gmem1 | {}
	Port: gmem2 | {}
	Port: gmem3 | {}
	Port: quantized | {1 2 }
	Port: packed_scales | {1 2 }
	Port: quantized_stream | {}
	Port: scale_stream | {}
	Port: output_pe0 | {3 4 }
	Port: output_pe1 | {3 4 }
	Port: output_pe2 | {3 4 }
	Port: output_pe3 | {3 4 }
	Port: model_scale_cache0 | {}
	Port: model_scale_cache1 | {}
	Port: model_scale_cache2 | {}
	Port: model_scale_cache3 | {}
 - Input state : 
	Port: int4_run_four_pes : gmem0 | {3 4 }
	Port: int4_run_four_pes : weight_pe0 | {3 }
	Port: int4_run_four_pes : gmem1 | {3 4 }
	Port: int4_run_four_pes : weight_pe1 | {3 }
	Port: int4_run_four_pes : gmem2 | {3 4 }
	Port: int4_run_four_pes : weight_pe2 | {3 }
	Port: int4_run_four_pes : gmem3 | {3 4 }
	Port: int4_run_four_pes : weight_pe3 | {3 }
	Port: int4_run_four_pes : quantized | {1 2 }
	Port: int4_run_four_pes : packed_scales | {1 2 }
	Port: int4_run_four_pes : quantized_stream | {1 2 }
	Port: int4_run_four_pes : scale_stream | {1 2 }
	Port: int4_run_four_pes : stream_activation | {1 }
	Port: int4_run_four_pes : output_pe0 | {3 4 }
	Port: int4_run_four_pes : output_pe1 | {3 4 }
	Port: int4_run_four_pes : output_pe2 | {3 4 }
	Port: int4_run_four_pes : output_pe3 | {3 4 }
	Port: int4_run_four_pes : local_tiles_0 | {1 }
	Port: int4_run_four_pes : local_tiles_1 | {1 }
	Port: int4_run_four_pes : local_tiles_2 | {1 }
	Port: int4_run_four_pes : local_tiles_3 | {1 }
	Port: int4_run_four_pes : input_tiles | {1 }
	Port: int4_run_four_pes : output_fxp | {1 }
	Port: int4_run_four_pes : fuse_residual | {1 }
	Port: int4_run_four_pes : idx | {3 }
	Port: int4_run_four_pes : idx1 | {3 }
	Port: int4_run_four_pes : idx2 | {3 }
	Port: int4_run_four_pes : idx3 | {3 }
	Port: int4_run_four_pes : idx4 | {3 }
	Port: int4_run_four_pes : idx5 | {3 }
	Port: int4_run_four_pes : idx6 | {3 }
	Port: int4_run_four_pes : idx7 | {3 }
	Port: int4_run_four_pes : model_scale_cache0 | {3 4 }
	Port: int4_run_four_pes : model_scale_cache1 | {3 4 }
	Port: int4_run_four_pes : model_scale_cache2 | {3 4 }
	Port: int4_run_four_pes : model_scale_cache3 | {3 4 }
  - Chain level:
	State 1
		call_ln1000 : 1
		call_ln1007 : 1
	State 2
	State 3
	State 4


============================================================
+ Verbose Summary: Datapath Resource usage 
============================================================

* Functional unit list:
|----------|---------------------------------------------------|---------|---------|---------|---------|---------|---------|
| Operation|                  Functional Unit                  |   BRAM  |   DSP   |  Delay  |    FF   |   LUT   |   URAM  |
|----------|---------------------------------------------------|---------|---------|---------|---------|---------|---------|
|          | call_ln1000_int4_broadcast_linear_commands_fu_342 |    0    |    0    |    0    |    0    |    0    |    0    |
|          |        grp_int4_broadcast_activation_fu_364       |    0    |    0    | 1.22671 |   3133  |   575   |    0    |
|   call   |        grp_int4_run_pe_dataflow_0_s_fu_396        |    11   |    91   | 122.832 |  23749  |  12111  |    0    |
|          |        grp_int4_run_pe_dataflow_1_s_fu_415        |    11   |    91   | 122.832 |  23749  |  12111  |    0    |
|          |        grp_int4_run_pe_dataflow_2_s_fu_434        |    11   |    91   | 122.832 |  23749  |  12111  |    0    |
|          |        grp_int4_run_pe_dataflow_3_s_fu_453        |    11   |    91   | 122.832 |  23749  |  12111  |    0    |
|----------|---------------------------------------------------|---------|---------|---------|---------|---------|---------|
|          |           fuse_residual_read_read_fu_222          |    0    |    0    |    0    |    0    |    0    |    0    |
|          |            output_fxp_read_read_fu_228            |    0    |    0    |    0    |    0    |    0    |    0    |
|          |            input_tiles_read_read_fu_234           |    0    |    0    |    0    |    0    |    0    |    0    |
|          |           local_tiles_3_read_read_fu_240          |    0    |    0    |    0    |    0    |    0    |    0    |
|          |           local_tiles_2_read_read_fu_246          |    0    |    0    |    0    |    0    |    0    |    0    |
|          |           local_tiles_1_read_read_fu_252          |    0    |    0    |    0    |    0    |    0    |    0    |
|          |           local_tiles_0_read_read_fu_258          |    0    |    0    |    0    |    0    |    0    |    0    |
|          |         stream_activation_read_read_fu_264        |    0    |    0    |    0    |    0    |    0    |    0    |
|          |               idx7_read_read_fu_270               |    0    |    0    |    0    |    0    |    0    |    0    |
|   read   |               idx6_read_read_fu_276               |    0    |    0    |    0    |    0    |    0    |    0    |
|          |               idx5_read_read_fu_282               |    0    |    0    |    0    |    0    |    0    |    0    |
|          |               idx4_read_read_fu_288               |    0    |    0    |    0    |    0    |    0    |    0    |
|          |               idx3_read_read_fu_294               |    0    |    0    |    0    |    0    |    0    |    0    |
|          |               idx2_read_read_fu_300               |    0    |    0    |    0    |    0    |    0    |    0    |
|          |               idx1_read_read_fu_306               |    0    |    0    |    0    |    0    |    0    |    0    |
|          |                idx_read_read_fu_312               |    0    |    0    |    0    |    0    |    0    |    0    |
|          |            weight_pe3_read_read_fu_318            |    0    |    0    |    0    |    0    |    0    |    0    |
|          |            weight_pe2_read_read_fu_324            |    0    |    0    |    0    |    0    |    0    |    0    |
|          |            weight_pe1_read_read_fu_330            |    0    |    0    |    0    |    0    |    0    |    0    |
|          |            weight_pe0_read_read_fu_336            |    0    |    0    |    0    |    0    |    0    |    0    |
|----------|---------------------------------------------------|---------|---------|---------|---------|---------|---------|
|   Total  |                                                   |    44   |   364   | 492.556 |  98129  |  49019  |    0    |
|----------|---------------------------------------------------|---------|---------|---------|---------|---------|---------|

Memories:
N/A

* Register list:
+------------------------------+--------+
|                              |   FF   |
+------------------------------+--------+
| activation_scale_pe0_reg_526 |   32   |
| activation_scale_pe1_reg_532 |   32   |
| activation_scale_pe2_reg_538 |   32   |
| activation_scale_pe3_reg_544 |   32   |
|       idx1_read_reg_604      |   25   |
|       idx2_read_reg_599      |   25   |
|       idx3_read_reg_594      |   25   |
|       idx4_read_reg_589      |   11   |
|       idx5_read_reg_584      |   11   |
|       idx6_read_reg_579      |   11   |
|       idx7_read_reg_574      |   11   |
|       idx_read_reg_609       |   25   |
|   input_tiles_read_reg_472   |    6   |
|  linear_command_pe0_reg_550  |   14   |
|  linear_command_pe1_reg_556  |   14   |
|  linear_command_pe2_reg_562  |   14   |
|  linear_command_pe3_reg_568  |   14   |
|  local_tiles_0_read_reg_492  |    6   |
|  local_tiles_1_read_reg_487  |    6   |
|  local_tiles_2_read_reg_482  |    6   |
|  local_tiles_3_read_reg_477  |    6   |
|     quantized_pe0_reg_502    |   480  |
|     quantized_pe1_reg_508    |   480  |
|     quantized_pe2_reg_514    |   480  |
|     quantized_pe3_reg_520    |   480  |
|stream_activation_read_reg_497|    1   |
|    weight_pe0_read_reg_629   |   64   |
|    weight_pe1_read_reg_624   |   64   |
|    weight_pe2_read_reg_619   |   64   |
|    weight_pe3_read_reg_614   |   64   |
+------------------------------+--------+
|             Total            |  2535  |
+------------------------------+--------+

* Multiplexer (MUX) list: 
|--------------------------------------|------|------|------|--------||---------||---------|
|                 Comp                 |  Pin | Size |  BW  | S x BW ||  Delay  ||   LUT   |
|--------------------------------------|------|------|------|--------||---------||---------|
| grp_int4_broadcast_activation_fu_364 |  p5  |   2  |   1  |    2   ||    9    |
| grp_int4_broadcast_activation_fu_364 |  p14 |   2  |   6  |   12   ||    9    |
| grp_int4_broadcast_activation_fu_364 |  p15 |   2  |   6  |   12   ||    9    |
| grp_int4_broadcast_activation_fu_364 |  p16 |   2  |   6  |   12   ||    9    |
| grp_int4_broadcast_activation_fu_364 |  p17 |   2  |   6  |   12   ||    9    |
| grp_int4_broadcast_activation_fu_364 |  p18 |   2  |   6  |   12   ||    9    |
|  grp_int4_run_pe_dataflow_0_s_fu_396 |  p2  |   2  |  64  |   128  ||    9    |
|  grp_int4_run_pe_dataflow_0_s_fu_396 |  p7  |   2  |  25  |   50   ||    9    |
|  grp_int4_run_pe_dataflow_0_s_fu_396 |  p8  |   2  |  11  |   22   ||    9    |
|  grp_int4_run_pe_dataflow_1_s_fu_415 |  p2  |   2  |  64  |   128  ||    9    |
|  grp_int4_run_pe_dataflow_1_s_fu_415 |  p7  |   2  |  25  |   50   ||    9    |
|  grp_int4_run_pe_dataflow_1_s_fu_415 |  p8  |   2  |  11  |   22   ||    9    |
|  grp_int4_run_pe_dataflow_2_s_fu_434 |  p2  |   2  |  64  |   128  ||    9    |
|  grp_int4_run_pe_dataflow_2_s_fu_434 |  p7  |   2  |  25  |   50   ||    9    |
|  grp_int4_run_pe_dataflow_2_s_fu_434 |  p8  |   2  |  11  |   22   ||    9    |
|  grp_int4_run_pe_dataflow_3_s_fu_453 |  p2  |   2  |  64  |   128  ||    9    |
|  grp_int4_run_pe_dataflow_3_s_fu_453 |  p7  |   2  |  25  |   50   ||    9    |
|  grp_int4_run_pe_dataflow_3_s_fu_453 |  p8  |   2  |  11  |   22   ||    9    |
|--------------------------------------|------|------|------|--------||---------||---------|
|                 Total                |      |      |      |   862  ||  6.966  ||   162   |
|--------------------------------------|------|------|------|--------||---------||---------|



* Summary:
+-----------+--------+--------+--------+--------+--------+--------+
|           |  BRAM  |   DSP  |  Delay |   FF   |   LUT  |  URAM  |
+-----------+--------+--------+--------+--------+--------+--------+
|  Function |   44   |   364  |   492  |  98129 |  49019 |    0   |
|   Memory  |    -   |    -   |    -   |    -   |    -   |    -   |
|Multiplexer|    -   |    -   |    6   |    -   |   162  |    -   |
|  Register |    -   |    -   |    -   |  2535  |    -   |    -   |
+-----------+--------+--------+--------+--------+--------+--------+
|   Total   |   44   |   364  |   499  | 100664 |  49181 |    0   |
+-----------+--------+--------+--------+--------+--------+--------+
