

================================================================
== Vitis HLS Report for 'int4_preload_model_prefix_4ddr_Pipeline_preload_model_prefix_word_loop'
================================================================
* Date:           Tue Aug 11 09:18:00 2026

* Version:        2023.2 (Build 4023990 on Oct 11 2023)
* Project:        proj_int4_decoder_xo
* Solution:       solution1 (Vitis Kernel Flow Target)
* Product family: virtexuplus
* Target device:  xcu250-figd2104-2L-e


================================================================
== Performance Estimates
================================================================
+ Timing: 
    * Summary: 
    +--------+---------+----------+------------+
    |  Clock |  Target | Estimated| Uncertainty|
    +--------+---------+----------+------------+
    |ap_clk  |  3.33 ns|  2.433 ns|     0.90 ns|
    +--------+---------+----------+------------+

+ Latency: 
    * Summary: 
    +---------+---------+-----------+-----------+------+------+---------+
    |  Latency (cycles) |   Latency (absolute)  |   Interval  | Pipeline|
    |   min   |   max   |    min    |    max    |  min |  max |   Type  |
    +---------+---------+-----------+-----------+------+------+---------+
    |     5763|     5763|  19.208 us|  19.208 us|  5763|  5763|       no|
    +---------+---------+-----------+-----------+------+------+---------+

    + Detail: 
        * Instance: 
        N/A

        * Loop: 
        +----------------------------------+---------+---------+----------+-----------+-----------+------+----------+
        |                                  |  Latency (cycles) | Iteration|  Initiation Interval  | Trip |          |
        |             Loop Name            |   min   |   max   |  Latency |  achieved |   target  | Count| Pipelined|
        +----------------------------------+---------+---------+----------+-----------+-----------+------+----------+
        |- preload_model_prefix_word_loop  |     5761|     5761|         3|          1|          1|  5760|       yes|
        +----------------------------------+---------+---------+----------+-----------+-----------+------+----------+



================================================================
== Utilization Estimates
================================================================
* Summary: 
+---------------------+---------+-------+---------+---------+------+
|         Name        | BRAM_18K|  DSP  |    FF   |   LUT   | URAM |
+---------------------+---------+-------+---------+---------+------+
|DSP                  |        -|      -|        -|        -|     -|
|Expression           |        -|      -|        0|       86|     -|
|FIFO                 |        -|      -|        -|        -|     -|
|Instance             |        -|      -|        -|        -|     -|
|Memory               |        -|      -|        -|        -|     -|
|Multiplexer          |        -|      -|        -|       72|     -|
|Register             |        -|      -|     2106|        -|     -|
+---------------------+---------+-------+---------+---------+------+
|Total                |        0|      0|     2106|      158|     0|
+---------------------+---------+-------+---------+---------+------+
|Available SLR        |     1344|   3072|   864000|   432000|   320|
+---------------------+---------+-------+---------+---------+------+
|Utilization SLR (%)  |        0|      0|       ~0|       ~0|     0|
+---------------------+---------+-------+---------+---------+------+
|Available            |     5376|  12288|  3456000|  1728000|  1280|
+---------------------+---------+-------+---------+---------+------+
|Utilization (%)      |        0|      0|       ~0|       ~0|     0|
+---------------------+---------+-------+---------+---------+------+

+ Detail: 
    * Instance: 
    N/A

    * DSP: 
    N/A

    * Memory: 
    N/A

    * FIFO: 
    N/A

    * Expression: 
    +----------------------------------+----------+----+---+----+------------+------------+
    |           Variable Name          | Operation| DSP| FF| LUT| Bitwidth P0| Bitwidth P1|
    +----------------------------------+----------+----+---+----+------------+------------+
    |add_ln435_fu_280_p2               |         +|   0|  0|  20|          13|           1|
    |add_ln448_fu_320_p2               |         +|   0|  0|  20|          13|          12|
    |ap_block_pp0_stage0_11001         |       and|   0|  0|   2|           1|           1|
    |icmp_ln434_fu_274_p2              |      icmp|   0|  0|  20|          13|          13|
    |icmp_ln441_fu_315_p2              |      icmp|   0|  0|  20|          13|          11|
    |ap_block_state2_pp0_stage0_iter1  |        or|   0|  0|   2|           1|           1|
    |ap_enable_pp0                     |       xor|   0|  0|   2|           1|           2|
    +----------------------------------+----------+----+---+----+------------+------------+
    |Total                             |          |   0|  0|  86|          55|          41|
    +----------------------------------+----------+----+---+----+------------+------------+

    * Multiplexer: 
    +--------------------------+----+-----------+-----+-----------+
    |           Name           | LUT| Input Size| Bits| Total Bits|
    +--------------------------+----+-----------+-----+-----------+
    |ap_done_int               |   9|          2|    1|          2|
    |ap_enable_reg_pp0_iter1   |   9|          2|    1|          2|
    |ap_sig_allocacmp_word_24  |   9|          2|   13|         26|
    |gmem0_blk_n_R             |   9|          2|    1|          2|
    |gmem1_blk_n_R             |   9|          2|    1|          2|
    |gmem2_blk_n_R             |   9|          2|    1|          2|
    |gmem3_blk_n_R             |   9|          2|    1|          2|
    |word_fu_98                |   9|          2|   13|         26|
    +--------------------------+----+-----------+-----+-----------+
    |Total                     |  72|         16|   32|         64|
    +--------------------------+----+-----------+-----+-----------+

    * Register: 
    +----------------------------------+-----+----+-----+-----------+
    |               Name               |  FF | LUT| Bits| Const Bits|
    +----------------------------------+-----+----+-----+-----------+
    |add_ln448_reg_405                 |   13|   0|   13|          0|
    |ap_CS_fsm                         |    1|   0|    1|          0|
    |ap_done_reg                       |    1|   0|    1|          0|
    |ap_enable_reg_pp0_iter1           |    1|   0|    1|          0|
    |ap_enable_reg_pp0_iter2           |    1|   0|    1|          0|
    |ap_loop_exit_ready_pp0_iter1_reg  |    1|   0|    1|          0|
    |gmem0_addr_read_reg_377           |  512|   0|  512|          0|
    |gmem1_addr_read_reg_383           |  512|   0|  512|          0|
    |gmem2_addr_read_reg_389           |  512|   0|  512|          0|
    |gmem3_addr_read_reg_395           |  512|   0|  512|          0|
    |icmp_ln441_reg_401                |    1|   0|    1|          0|
    |word_24_reg_366                   |   13|   0|   13|          0|
    |word_24_reg_366_pp0_iter1_reg     |   13|   0|   13|          0|
    |word_fu_98                        |   13|   0|   13|          0|
    +----------------------------------+-----+----+-----+-----------+
    |Total                             | 2106|   0| 2106|          0|
    +----------------------------------+-----+----+-----+-----------+



================================================================
== Interface
================================================================
* Summary: 
+-----------------------------+-----+-----+------------+------------------------------------------------------------------------+--------------+
|          RTL Ports          | Dir | Bits|  Protocol  |                              Source Object                             |    C Type    |
+-----------------------------+-----+-----+------------+------------------------------------------------------------------------+--------------+
|ap_clk                       |   in|    1|  ap_ctrl_hs|  int4_preload_model_prefix_4ddr_Pipeline_preload_model_prefix_word_loop|  return value|
|ap_rst                       |   in|    1|  ap_ctrl_hs|  int4_preload_model_prefix_4ddr_Pipeline_preload_model_prefix_word_loop|  return value|
|ap_start                     |   in|    1|  ap_ctrl_hs|  int4_preload_model_prefix_4ddr_Pipeline_preload_model_prefix_word_loop|  return value|
|ap_done                      |  out|    1|  ap_ctrl_hs|  int4_preload_model_prefix_4ddr_Pipeline_preload_model_prefix_word_loop|  return value|
|ap_idle                      |  out|    1|  ap_ctrl_hs|  int4_preload_model_prefix_4ddr_Pipeline_preload_model_prefix_word_loop|  return value|
|ap_ready                     |  out|    1|  ap_ctrl_hs|  int4_preload_model_prefix_4ddr_Pipeline_preload_model_prefix_word_loop|  return value|
|m_axi_gmem0_AWVALID          |  out|    1|       m_axi|                                                                   gmem0|       pointer|
|m_axi_gmem0_AWREADY          |   in|    1|       m_axi|                                                                   gmem0|       pointer|
|m_axi_gmem0_AWADDR           |  out|   64|       m_axi|                                                                   gmem0|       pointer|
|m_axi_gmem0_AWID             |  out|    1|       m_axi|                                                                   gmem0|       pointer|
|m_axi_gmem0_AWLEN            |  out|   32|       m_axi|                                                                   gmem0|       pointer|
|m_axi_gmem0_AWSIZE           |  out|    3|       m_axi|                                                                   gmem0|       pointer|
|m_axi_gmem0_AWBURST          |  out|    2|       m_axi|                                                                   gmem0|       pointer|
|m_axi_gmem0_AWLOCK           |  out|    2|       m_axi|                                                                   gmem0|       pointer|
|m_axi_gmem0_AWCACHE          |  out|    4|       m_axi|                                                                   gmem0|       pointer|
|m_axi_gmem0_AWPROT           |  out|    3|       m_axi|                                                                   gmem0|       pointer|
|m_axi_gmem0_AWQOS            |  out|    4|       m_axi|                                                                   gmem0|       pointer|
|m_axi_gmem0_AWREGION         |  out|    4|       m_axi|                                                                   gmem0|       pointer|
|m_axi_gmem0_AWUSER           |  out|    1|       m_axi|                                                                   gmem0|       pointer|
|m_axi_gmem0_WVALID           |  out|    1|       m_axi|                                                                   gmem0|       pointer|
|m_axi_gmem0_WREADY           |   in|    1|       m_axi|                                                                   gmem0|       pointer|
|m_axi_gmem0_WDATA            |  out|  512|       m_axi|                                                                   gmem0|       pointer|
|m_axi_gmem0_WSTRB            |  out|   64|       m_axi|                                                                   gmem0|       pointer|
|m_axi_gmem0_WLAST            |  out|    1|       m_axi|                                                                   gmem0|       pointer|
|m_axi_gmem0_WID              |  out|    1|       m_axi|                                                                   gmem0|       pointer|
|m_axi_gmem0_WUSER            |  out|    1|       m_axi|                                                                   gmem0|       pointer|
|m_axi_gmem0_ARVALID          |  out|    1|       m_axi|                                                                   gmem0|       pointer|
|m_axi_gmem0_ARREADY          |   in|    1|       m_axi|                                                                   gmem0|       pointer|
|m_axi_gmem0_ARADDR           |  out|   64|       m_axi|                                                                   gmem0|       pointer|
|m_axi_gmem0_ARID             |  out|    1|       m_axi|                                                                   gmem0|       pointer|
|m_axi_gmem0_ARLEN            |  out|   32|       m_axi|                                                                   gmem0|       pointer|
|m_axi_gmem0_ARSIZE           |  out|    3|       m_axi|                                                                   gmem0|       pointer|
|m_axi_gmem0_ARBURST          |  out|    2|       m_axi|                                                                   gmem0|       pointer|
|m_axi_gmem0_ARLOCK           |  out|    2|       m_axi|                                                                   gmem0|       pointer|
|m_axi_gmem0_ARCACHE          |  out|    4|       m_axi|                                                                   gmem0|       pointer|
|m_axi_gmem0_ARPROT           |  out|    3|       m_axi|                                                                   gmem0|       pointer|
|m_axi_gmem0_ARQOS            |  out|    4|       m_axi|                                                                   gmem0|       pointer|
|m_axi_gmem0_ARREGION         |  out|    4|       m_axi|                                                                   gmem0|       pointer|
|m_axi_gmem0_ARUSER           |  out|    1|       m_axi|                                                                   gmem0|       pointer|
|m_axi_gmem0_RVALID           |   in|    1|       m_axi|                                                                   gmem0|       pointer|
|m_axi_gmem0_RREADY           |  out|    1|       m_axi|                                                                   gmem0|       pointer|
|m_axi_gmem0_RDATA            |   in|  512|       m_axi|                                                                   gmem0|       pointer|
|m_axi_gmem0_RLAST            |   in|    1|       m_axi|                                                                   gmem0|       pointer|
|m_axi_gmem0_RID              |   in|    1|       m_axi|                                                                   gmem0|       pointer|
|m_axi_gmem0_RFIFONUM         |   in|   12|       m_axi|                                                                   gmem0|       pointer|
|m_axi_gmem0_RUSER            |   in|    1|       m_axi|                                                                   gmem0|       pointer|
|m_axi_gmem0_RRESP            |   in|    2|       m_axi|                                                                   gmem0|       pointer|
|m_axi_gmem0_BVALID           |   in|    1|       m_axi|                                                                   gmem0|       pointer|
|m_axi_gmem0_BREADY           |  out|    1|       m_axi|                                                                   gmem0|       pointer|
|m_axi_gmem0_BRESP            |   in|    2|       m_axi|                                                                   gmem0|       pointer|
|m_axi_gmem0_BID              |   in|    1|       m_axi|                                                                   gmem0|       pointer|
|m_axi_gmem0_BUSER            |   in|    1|       m_axi|                                                                   gmem0|       pointer|
|m_axi_gmem1_AWVALID          |  out|    1|       m_axi|                                                                   gmem1|       pointer|
|m_axi_gmem1_AWREADY          |   in|    1|       m_axi|                                                                   gmem1|       pointer|
|m_axi_gmem1_AWADDR           |  out|   64|       m_axi|                                                                   gmem1|       pointer|
|m_axi_gmem1_AWID             |  out|    1|       m_axi|                                                                   gmem1|       pointer|
|m_axi_gmem1_AWLEN            |  out|   32|       m_axi|                                                                   gmem1|       pointer|
|m_axi_gmem1_AWSIZE           |  out|    3|       m_axi|                                                                   gmem1|       pointer|
|m_axi_gmem1_AWBURST          |  out|    2|       m_axi|                                                                   gmem1|       pointer|
|m_axi_gmem1_AWLOCK           |  out|    2|       m_axi|                                                                   gmem1|       pointer|
|m_axi_gmem1_AWCACHE          |  out|    4|       m_axi|                                                                   gmem1|       pointer|
|m_axi_gmem1_AWPROT           |  out|    3|       m_axi|                                                                   gmem1|       pointer|
|m_axi_gmem1_AWQOS            |  out|    4|       m_axi|                                                                   gmem1|       pointer|
|m_axi_gmem1_AWREGION         |  out|    4|       m_axi|                                                                   gmem1|       pointer|
|m_axi_gmem1_AWUSER           |  out|    1|       m_axi|                                                                   gmem1|       pointer|
|m_axi_gmem1_WVALID           |  out|    1|       m_axi|                                                                   gmem1|       pointer|
|m_axi_gmem1_WREADY           |   in|    1|       m_axi|                                                                   gmem1|       pointer|
|m_axi_gmem1_WDATA            |  out|  512|       m_axi|                                                                   gmem1|       pointer|
|m_axi_gmem1_WSTRB            |  out|   64|       m_axi|                                                                   gmem1|       pointer|
|m_axi_gmem1_WLAST            |  out|    1|       m_axi|                                                                   gmem1|       pointer|
|m_axi_gmem1_WID              |  out|    1|       m_axi|                                                                   gmem1|       pointer|
|m_axi_gmem1_WUSER            |  out|    1|       m_axi|                                                                   gmem1|       pointer|
|m_axi_gmem1_ARVALID          |  out|    1|       m_axi|                                                                   gmem1|       pointer|
|m_axi_gmem1_ARREADY          |   in|    1|       m_axi|                                                                   gmem1|       pointer|
|m_axi_gmem1_ARADDR           |  out|   64|       m_axi|                                                                   gmem1|       pointer|
|m_axi_gmem1_ARID             |  out|    1|       m_axi|                                                                   gmem1|       pointer|
|m_axi_gmem1_ARLEN            |  out|   32|       m_axi|                                                                   gmem1|       pointer|
|m_axi_gmem1_ARSIZE           |  out|    3|       m_axi|                                                                   gmem1|       pointer|
|m_axi_gmem1_ARBURST          |  out|    2|       m_axi|                                                                   gmem1|       pointer|
|m_axi_gmem1_ARLOCK           |  out|    2|       m_axi|                                                                   gmem1|       pointer|
|m_axi_gmem1_ARCACHE          |  out|    4|       m_axi|                                                                   gmem1|       pointer|
|m_axi_gmem1_ARPROT           |  out|    3|       m_axi|                                                                   gmem1|       pointer|
|m_axi_gmem1_ARQOS            |  out|    4|       m_axi|                                                                   gmem1|       pointer|
|m_axi_gmem1_ARREGION         |  out|    4|       m_axi|                                                                   gmem1|       pointer|
|m_axi_gmem1_ARUSER           |  out|    1|       m_axi|                                                                   gmem1|       pointer|
|m_axi_gmem1_RVALID           |   in|    1|       m_axi|                                                                   gmem1|       pointer|
|m_axi_gmem1_RREADY           |  out|    1|       m_axi|                                                                   gmem1|       pointer|
|m_axi_gmem1_RDATA            |   in|  512|       m_axi|                                                                   gmem1|       pointer|
|m_axi_gmem1_RLAST            |   in|    1|       m_axi|                                                                   gmem1|       pointer|
|m_axi_gmem1_RID              |   in|    1|       m_axi|                                                                   gmem1|       pointer|
|m_axi_gmem1_RFIFONUM         |   in|   12|       m_axi|                                                                   gmem1|       pointer|
|m_axi_gmem1_RUSER            |   in|    1|       m_axi|                                                                   gmem1|       pointer|
|m_axi_gmem1_RRESP            |   in|    2|       m_axi|                                                                   gmem1|       pointer|
|m_axi_gmem1_BVALID           |   in|    1|       m_axi|                                                                   gmem1|       pointer|
|m_axi_gmem1_BREADY           |  out|    1|       m_axi|                                                                   gmem1|       pointer|
|m_axi_gmem1_BRESP            |   in|    2|       m_axi|                                                                   gmem1|       pointer|
|m_axi_gmem1_BID              |   in|    1|       m_axi|                                                                   gmem1|       pointer|
|m_axi_gmem1_BUSER            |   in|    1|       m_axi|                                                                   gmem1|       pointer|
|m_axi_gmem2_AWVALID          |  out|    1|       m_axi|                                                                   gmem2|       pointer|
|m_axi_gmem2_AWREADY          |   in|    1|       m_axi|                                                                   gmem2|       pointer|
|m_axi_gmem2_AWADDR           |  out|   64|       m_axi|                                                                   gmem2|       pointer|
|m_axi_gmem2_AWID             |  out|    1|       m_axi|                                                                   gmem2|       pointer|
|m_axi_gmem2_AWLEN            |  out|   32|       m_axi|                                                                   gmem2|       pointer|
|m_axi_gmem2_AWSIZE           |  out|    3|       m_axi|                                                                   gmem2|       pointer|
|m_axi_gmem2_AWBURST          |  out|    2|       m_axi|                                                                   gmem2|       pointer|
|m_axi_gmem2_AWLOCK           |  out|    2|       m_axi|                                                                   gmem2|       pointer|
|m_axi_gmem2_AWCACHE          |  out|    4|       m_axi|                                                                   gmem2|       pointer|
|m_axi_gmem2_AWPROT           |  out|    3|       m_axi|                                                                   gmem2|       pointer|
|m_axi_gmem2_AWQOS            |  out|    4|       m_axi|                                                                   gmem2|       pointer|
|m_axi_gmem2_AWREGION         |  out|    4|       m_axi|                                                                   gmem2|       pointer|
|m_axi_gmem2_AWUSER           |  out|    1|       m_axi|                                                                   gmem2|       pointer|
|m_axi_gmem2_WVALID           |  out|    1|       m_axi|                                                                   gmem2|       pointer|
|m_axi_gmem2_WREADY           |   in|    1|       m_axi|                                                                   gmem2|       pointer|
|m_axi_gmem2_WDATA            |  out|  512|       m_axi|                                                                   gmem2|       pointer|
|m_axi_gmem2_WSTRB            |  out|   64|       m_axi|                                                                   gmem2|       pointer|
|m_axi_gmem2_WLAST            |  out|    1|       m_axi|                                                                   gmem2|       pointer|
|m_axi_gmem2_WID              |  out|    1|       m_axi|                                                                   gmem2|       pointer|
|m_axi_gmem2_WUSER            |  out|    1|       m_axi|                                                                   gmem2|       pointer|
|m_axi_gmem2_ARVALID          |  out|    1|       m_axi|                                                                   gmem2|       pointer|
|m_axi_gmem2_ARREADY          |   in|    1|       m_axi|                                                                   gmem2|       pointer|
|m_axi_gmem2_ARADDR           |  out|   64|       m_axi|                                                                   gmem2|       pointer|
|m_axi_gmem2_ARID             |  out|    1|       m_axi|                                                                   gmem2|       pointer|
|m_axi_gmem2_ARLEN            |  out|   32|       m_axi|                                                                   gmem2|       pointer|
|m_axi_gmem2_ARSIZE           |  out|    3|       m_axi|                                                                   gmem2|       pointer|
|m_axi_gmem2_ARBURST          |  out|    2|       m_axi|                                                                   gmem2|       pointer|
|m_axi_gmem2_ARLOCK           |  out|    2|       m_axi|                                                                   gmem2|       pointer|
|m_axi_gmem2_ARCACHE          |  out|    4|       m_axi|                                                                   gmem2|       pointer|
|m_axi_gmem2_ARPROT           |  out|    3|       m_axi|                                                                   gmem2|       pointer|
|m_axi_gmem2_ARQOS            |  out|    4|       m_axi|                                                                   gmem2|       pointer|
|m_axi_gmem2_ARREGION         |  out|    4|       m_axi|                                                                   gmem2|       pointer|
|m_axi_gmem2_ARUSER           |  out|    1|       m_axi|                                                                   gmem2|       pointer|
|m_axi_gmem2_RVALID           |   in|    1|       m_axi|                                                                   gmem2|       pointer|
|m_axi_gmem2_RREADY           |  out|    1|       m_axi|                                                                   gmem2|       pointer|
|m_axi_gmem2_RDATA            |   in|  512|       m_axi|                                                                   gmem2|       pointer|
|m_axi_gmem2_RLAST            |   in|    1|       m_axi|                                                                   gmem2|       pointer|
|m_axi_gmem2_RID              |   in|    1|       m_axi|                                                                   gmem2|       pointer|
|m_axi_gmem2_RFIFONUM         |   in|   12|       m_axi|                                                                   gmem2|       pointer|
|m_axi_gmem2_RUSER            |   in|    1|       m_axi|                                                                   gmem2|       pointer|
|m_axi_gmem2_RRESP            |   in|    2|       m_axi|                                                                   gmem2|       pointer|
|m_axi_gmem2_BVALID           |   in|    1|       m_axi|                                                                   gmem2|       pointer|
|m_axi_gmem2_BREADY           |  out|    1|       m_axi|                                                                   gmem2|       pointer|
|m_axi_gmem2_BRESP            |   in|    2|       m_axi|                                                                   gmem2|       pointer|
|m_axi_gmem2_BID              |   in|    1|       m_axi|                                                                   gmem2|       pointer|
|m_axi_gmem2_BUSER            |   in|    1|       m_axi|                                                                   gmem2|       pointer|
|m_axi_gmem3_AWVALID          |  out|    1|       m_axi|                                                                   gmem3|       pointer|
|m_axi_gmem3_AWREADY          |   in|    1|       m_axi|                                                                   gmem3|       pointer|
|m_axi_gmem3_AWADDR           |  out|   64|       m_axi|                                                                   gmem3|       pointer|
|m_axi_gmem3_AWID             |  out|    1|       m_axi|                                                                   gmem3|       pointer|
|m_axi_gmem3_AWLEN            |  out|   32|       m_axi|                                                                   gmem3|       pointer|
|m_axi_gmem3_AWSIZE           |  out|    3|       m_axi|                                                                   gmem3|       pointer|
|m_axi_gmem3_AWBURST          |  out|    2|       m_axi|                                                                   gmem3|       pointer|
|m_axi_gmem3_AWLOCK           |  out|    2|       m_axi|                                                                   gmem3|       pointer|
|m_axi_gmem3_AWCACHE          |  out|    4|       m_axi|                                                                   gmem3|       pointer|
|m_axi_gmem3_AWPROT           |  out|    3|       m_axi|                                                                   gmem3|       pointer|
|m_axi_gmem3_AWQOS            |  out|    4|       m_axi|                                                                   gmem3|       pointer|
|m_axi_gmem3_AWREGION         |  out|    4|       m_axi|                                                                   gmem3|       pointer|
|m_axi_gmem3_AWUSER           |  out|    1|       m_axi|                                                                   gmem3|       pointer|
|m_axi_gmem3_WVALID           |  out|    1|       m_axi|                                                                   gmem3|       pointer|
|m_axi_gmem3_WREADY           |   in|    1|       m_axi|                                                                   gmem3|       pointer|
|m_axi_gmem3_WDATA            |  out|  512|       m_axi|                                                                   gmem3|       pointer|
|m_axi_gmem3_WSTRB            |  out|   64|       m_axi|                                                                   gmem3|       pointer|
|m_axi_gmem3_WLAST            |  out|    1|       m_axi|                                                                   gmem3|       pointer|
|m_axi_gmem3_WID              |  out|    1|       m_axi|                                                                   gmem3|       pointer|
|m_axi_gmem3_WUSER            |  out|    1|       m_axi|                                                                   gmem3|       pointer|
|m_axi_gmem3_ARVALID          |  out|    1|       m_axi|                                                                   gmem3|       pointer|
|m_axi_gmem3_ARREADY          |   in|    1|       m_axi|                                                                   gmem3|       pointer|
|m_axi_gmem3_ARADDR           |  out|   64|       m_axi|                                                                   gmem3|       pointer|
|m_axi_gmem3_ARID             |  out|    1|       m_axi|                                                                   gmem3|       pointer|
|m_axi_gmem3_ARLEN            |  out|   32|       m_axi|                                                                   gmem3|       pointer|
|m_axi_gmem3_ARSIZE           |  out|    3|       m_axi|                                                                   gmem3|       pointer|
|m_axi_gmem3_ARBURST          |  out|    2|       m_axi|                                                                   gmem3|       pointer|
|m_axi_gmem3_ARLOCK           |  out|    2|       m_axi|                                                                   gmem3|       pointer|
|m_axi_gmem3_ARCACHE          |  out|    4|       m_axi|                                                                   gmem3|       pointer|
|m_axi_gmem3_ARPROT           |  out|    3|       m_axi|                                                                   gmem3|       pointer|
|m_axi_gmem3_ARQOS            |  out|    4|       m_axi|                                                                   gmem3|       pointer|
|m_axi_gmem3_ARREGION         |  out|    4|       m_axi|                                                                   gmem3|       pointer|
|m_axi_gmem3_ARUSER           |  out|    1|       m_axi|                                                                   gmem3|       pointer|
|m_axi_gmem3_RVALID           |   in|    1|       m_axi|                                                                   gmem3|       pointer|
|m_axi_gmem3_RREADY           |  out|    1|       m_axi|                                                                   gmem3|       pointer|
|m_axi_gmem3_RDATA            |   in|  512|       m_axi|                                                                   gmem3|       pointer|
|m_axi_gmem3_RLAST            |   in|    1|       m_axi|                                                                   gmem3|       pointer|
|m_axi_gmem3_RID              |   in|    1|       m_axi|                                                                   gmem3|       pointer|
|m_axi_gmem3_RFIFONUM         |   in|   12|       m_axi|                                                                   gmem3|       pointer|
|m_axi_gmem3_RUSER            |   in|    1|       m_axi|                                                                   gmem3|       pointer|
|m_axi_gmem3_RRESP            |   in|    2|       m_axi|                                                                   gmem3|       pointer|
|m_axi_gmem3_BVALID           |   in|    1|       m_axi|                                                                   gmem3|       pointer|
|m_axi_gmem3_BREADY           |  out|    1|       m_axi|                                                                   gmem3|       pointer|
|m_axi_gmem3_BRESP            |   in|    2|       m_axi|                                                                   gmem3|       pointer|
|m_axi_gmem3_BID              |   in|    1|       m_axi|                                                                   gmem3|       pointer|
|m_axi_gmem3_BUSER            |   in|    1|       m_axi|                                                                   gmem3|       pointer|
|sext_ln433                   |   in|   58|     ap_none|                                                              sext_ln433|        scalar|
|sext_ln433_1                 |   in|   58|     ap_none|                                                            sext_ln433_1|        scalar|
|sext_ln433_2                 |   in|   58|     ap_none|                                                            sext_ln433_2|        scalar|
|sext_ln433_3                 |   in|   58|     ap_none|                                                            sext_ln433_3|        scalar|
|model_scale_cache0_address0  |  out|   11|   ap_memory|                                                      model_scale_cache0|         array|
|model_scale_cache0_ce0       |  out|    1|   ap_memory|                                                      model_scale_cache0|         array|
|model_scale_cache0_we0       |  out|    1|   ap_memory|                                                      model_scale_cache0|         array|
|model_scale_cache0_d0        |  out|  512|   ap_memory|                                                      model_scale_cache0|         array|
|model_scale_cache1_address0  |  out|   11|   ap_memory|                                                      model_scale_cache1|         array|
|model_scale_cache1_ce0       |  out|    1|   ap_memory|                                                      model_scale_cache1|         array|
|model_scale_cache1_we0       |  out|    1|   ap_memory|                                                      model_scale_cache1|         array|
|model_scale_cache1_d0        |  out|  512|   ap_memory|                                                      model_scale_cache1|         array|
|model_scale_cache2_address0  |  out|   11|   ap_memory|                                                      model_scale_cache2|         array|
|model_scale_cache2_ce0       |  out|    1|   ap_memory|                                                      model_scale_cache2|         array|
|model_scale_cache2_we0       |  out|    1|   ap_memory|                                                      model_scale_cache2|         array|
|model_scale_cache2_d0        |  out|  512|   ap_memory|                                                      model_scale_cache2|         array|
|model_scale_cache3_address0  |  out|   11|   ap_memory|                                                      model_scale_cache3|         array|
|model_scale_cache3_ce0       |  out|    1|   ap_memory|                                                      model_scale_cache3|         array|
|model_scale_cache3_we0       |  out|    1|   ap_memory|                                                      model_scale_cache3|         array|
|model_scale_cache3_d0        |  out|  512|   ap_memory|                                                      model_scale_cache3|         array|
|model_norm_cache0_address0   |  out|   13|   ap_memory|                                                       model_norm_cache0|         array|
|model_norm_cache0_ce0        |  out|    1|   ap_memory|                                                       model_norm_cache0|         array|
|model_norm_cache0_we0        |  out|    1|   ap_memory|                                                       model_norm_cache0|         array|
|model_norm_cache0_d0         |  out|  512|   ap_memory|                                                       model_norm_cache0|         array|
|model_norm_cache1_address0   |  out|   13|   ap_memory|                                                       model_norm_cache1|         array|
|model_norm_cache1_ce0        |  out|    1|   ap_memory|                                                       model_norm_cache1|         array|
|model_norm_cache1_we0        |  out|    1|   ap_memory|                                                       model_norm_cache1|         array|
|model_norm_cache1_d0         |  out|  512|   ap_memory|                                                       model_norm_cache1|         array|
|model_norm_cache2_address0   |  out|   13|   ap_memory|                                                       model_norm_cache2|         array|
|model_norm_cache2_ce0        |  out|    1|   ap_memory|                                                       model_norm_cache2|         array|
|model_norm_cache2_we0        |  out|    1|   ap_memory|                                                       model_norm_cache2|         array|
|model_norm_cache2_d0         |  out|  512|   ap_memory|                                                       model_norm_cache2|         array|
|model_norm_cache3_address0   |  out|   13|   ap_memory|                                                       model_norm_cache3|         array|
|model_norm_cache3_ce0        |  out|    1|   ap_memory|                                                       model_norm_cache3|         array|
|model_norm_cache3_we0        |  out|    1|   ap_memory|                                                       model_norm_cache3|         array|
|model_norm_cache3_d0         |  out|  512|   ap_memory|                                                       model_norm_cache3|         array|
+-----------------------------+-----+-----+------------+------------------------------------------------------------------------+--------------+

============================================================
+ Verbose Summary: Synthesis Manager
============================================================
InlineROM: 1
ExposeGlobal: 0
============================================================
+ Verbose Summary: CDFG Model
============================================================
IsTopModel: 0
ResetActiveHigh: 1
IsCombinational: 2
IsDatapathOnly: 2
HasWiredReturn: 1
HasMFsm: 2
HasVarLatency: 1
IsPipeline: 0
IsRtlPipelined: 0
IsInstanceOverlapped: 0
IsDontTouch: 0
HasImplIP: 0
IsGatedGlobalClock: 0

+ Individual pipeline summary: 
  * Pipeline-0: initiation interval (II) = 1, depth = 3


============================================================
+ Verbose Summary: Schedule
============================================================
* Number of FSM states : 3
* Pipeline : 1
  Pipeline-0 : II = 1, D = 3, States = { 1 2 3 }
* Dataflow Pipeline: 0

* FSM state transitions: 
1 --> 2 
2 --> 3 
3 --> 

* FSM state operations: 

State 1 <SV = 0> <Delay = 1.52>
ST_1 : Operation 6 [1/1] (0.00ns)   --->   "%word = alloca i32 1" [source/int4_decoder_controller.cpp:433]   --->   Operation 6 'alloca' 'word' <Predicate = true> <Delay = 0.00>
ST_1 : Operation 7 [1/1] (0.00ns)   --->   "%sext_ln433_3_read = read i58 @_ssdm_op_Read.ap_auto.i58, i58 %sext_ln433_3"   --->   Operation 7 'read' 'sext_ln433_3_read' <Predicate = true> <Delay = 0.00>
ST_1 : Operation 8 [1/1] (0.00ns)   --->   "%sext_ln433_2_read = read i58 @_ssdm_op_Read.ap_auto.i58, i58 %sext_ln433_2"   --->   Operation 8 'read' 'sext_ln433_2_read' <Predicate = true> <Delay = 0.00>
ST_1 : Operation 9 [1/1] (0.00ns)   --->   "%sext_ln433_1_read = read i58 @_ssdm_op_Read.ap_auto.i58, i58 %sext_ln433_1"   --->   Operation 9 'read' 'sext_ln433_1_read' <Predicate = true> <Delay = 0.00>
ST_1 : Operation 10 [1/1] (0.00ns)   --->   "%sext_ln433_read = read i58 @_ssdm_op_Read.ap_auto.i58, i58 %sext_ln433"   --->   Operation 10 'read' 'sext_ln433_read' <Predicate = true> <Delay = 0.00>
ST_1 : Operation 11 [1/1] (0.00ns)   --->   "%sext_ln433_3_cast = sext i58 %sext_ln433_3_read"   --->   Operation 11 'sext' 'sext_ln433_3_cast' <Predicate = true> <Delay = 0.00>
ST_1 : Operation 12 [1/1] (0.00ns)   --->   "%sext_ln433_2_cast = sext i58 %sext_ln433_2_read"   --->   Operation 12 'sext' 'sext_ln433_2_cast' <Predicate = true> <Delay = 0.00>
ST_1 : Operation 13 [1/1] (0.00ns)   --->   "%sext_ln433_1_cast = sext i58 %sext_ln433_1_read"   --->   Operation 13 'sext' 'sext_ln433_1_cast' <Predicate = true> <Delay = 0.00>
ST_1 : Operation 14 [1/1] (0.00ns)   --->   "%sext_ln433_cast = sext i58 %sext_ln433_read"   --->   Operation 14 'sext' 'sext_ln433_cast' <Predicate = true> <Delay = 0.00>
ST_1 : Operation 15 [1/1] (0.00ns)   --->   "%specmemcore_ln0 = specmemcore void @_ssdm_op_SpecMemCore, i512 %model_norm_cache3, i64 666, i64 20, i64 18446744073709551615"   --->   Operation 15 'specmemcore' 'specmemcore_ln0' <Predicate = true> <Delay = 0.00>
ST_1 : Operation 16 [1/1] (0.00ns)   --->   "%specmemcore_ln0 = specmemcore void @_ssdm_op_SpecMemCore, i512 %model_norm_cache2, i64 666, i64 20, i64 18446744073709551615"   --->   Operation 16 'specmemcore' 'specmemcore_ln0' <Predicate = true> <Delay = 0.00>
ST_1 : Operation 17 [1/1] (0.00ns)   --->   "%specmemcore_ln0 = specmemcore void @_ssdm_op_SpecMemCore, i512 %model_norm_cache1, i64 666, i64 20, i64 18446744073709551615"   --->   Operation 17 'specmemcore' 'specmemcore_ln0' <Predicate = true> <Delay = 0.00>
ST_1 : Operation 18 [1/1] (0.00ns)   --->   "%specmemcore_ln0 = specmemcore void @_ssdm_op_SpecMemCore, i512 %model_norm_cache0, i64 666, i64 20, i64 18446744073709551615"   --->   Operation 18 'specmemcore' 'specmemcore_ln0' <Predicate = true> <Delay = 0.00>
ST_1 : Operation 19 [1/1] (0.00ns)   --->   "%specmemcore_ln0 = specmemcore void @_ssdm_op_SpecMemCore, i512 %model_scale_cache3, i64 666, i64 20, i64 18446744073709551615"   --->   Operation 19 'specmemcore' 'specmemcore_ln0' <Predicate = true> <Delay = 0.00>
ST_1 : Operation 20 [1/1] (0.00ns)   --->   "%specmemcore_ln0 = specmemcore void @_ssdm_op_SpecMemCore, i512 %model_scale_cache2, i64 666, i64 20, i64 18446744073709551615"   --->   Operation 20 'specmemcore' 'specmemcore_ln0' <Predicate = true> <Delay = 0.00>
ST_1 : Operation 21 [1/1] (0.00ns)   --->   "%specmemcore_ln0 = specmemcore void @_ssdm_op_SpecMemCore, i512 %model_scale_cache1, i64 666, i64 20, i64 18446744073709551615"   --->   Operation 21 'specmemcore' 'specmemcore_ln0' <Predicate = true> <Delay = 0.00>
ST_1 : Operation 22 [1/1] (0.00ns)   --->   "%specmemcore_ln0 = specmemcore void @_ssdm_op_SpecMemCore, i512 %model_scale_cache0, i64 666, i64 20, i64 18446744073709551615"   --->   Operation 22 'specmemcore' 'specmemcore_ln0' <Predicate = true> <Delay = 0.00>
ST_1 : Operation 23 [1/1] (0.00ns)   --->   "%specinterface_ln0 = specinterface void @_ssdm_op_SpecInterface, i512 %gmem0, void @empty_417, i32 0, i32 0, void @empty_418, i32 64, i32 13043328, void @empty_419, void @empty_420, void @empty_418, i32 8, i32 2, i32 256, i32 64, void @empty_418, void @empty_418, i32 4294967295, i32 0"   --->   Operation 23 'specinterface' 'specinterface_ln0' <Predicate = true> <Delay = 0.00>
ST_1 : Operation 24 [1/1] (0.00ns)   --->   "%specinterface_ln0 = specinterface void @_ssdm_op_SpecInterface, i512 %gmem1, void @empty_417, i32 0, i32 0, void @empty_418, i32 64, i32 13043328, void @empty_421, void @empty_420, void @empty_418, i32 8, i32 2, i32 256, i32 64, void @empty_418, void @empty_418, i32 4294967295, i32 0"   --->   Operation 24 'specinterface' 'specinterface_ln0' <Predicate = true> <Delay = 0.00>
ST_1 : Operation 25 [1/1] (0.00ns)   --->   "%specinterface_ln0 = specinterface void @_ssdm_op_SpecInterface, i512 %gmem2, void @empty_417, i32 0, i32 0, void @empty_418, i32 64, i32 13043328, void @empty_422, void @empty_420, void @empty_418, i32 8, i32 2, i32 256, i32 64, void @empty_418, void @empty_418, i32 4294967295, i32 0"   --->   Operation 25 'specinterface' 'specinterface_ln0' <Predicate = true> <Delay = 0.00>
ST_1 : Operation 26 [1/1] (0.00ns)   --->   "%specinterface_ln0 = specinterface void @_ssdm_op_SpecInterface, i512 %gmem3, void @empty_417, i32 0, i32 0, void @empty_418, i32 64, i32 13043328, void @empty_423, void @empty_420, void @empty_418, i32 8, i32 2, i32 256, i32 64, void @empty_418, void @empty_418, i32 4294967295, i32 0"   --->   Operation 26 'specinterface' 'specinterface_ln0' <Predicate = true> <Delay = 0.00>
ST_1 : Operation 27 [1/1] (0.38ns)   --->   "%store_ln433 = store i13 0, i13 %word" [source/int4_decoder_controller.cpp:433]   --->   Operation 27 'store' 'store_ln433' <Predicate = true> <Delay = 0.38>
ST_1 : Operation 28 [1/1] (0.00ns)   --->   "%br_ln0 = br void %for.body"   --->   Operation 28 'br' 'br_ln0' <Predicate = true> <Delay = 0.00>
ST_1 : Operation 29 [1/1] (0.00ns)   --->   "%word_24 = load i13 %word" [source/int4_decoder_controller.cpp:448]   --->   Operation 29 'load' 'word_24' <Predicate = true> <Delay = 0.00>
ST_1 : Operation 30 [1/1] (0.75ns)   --->   "%icmp_ln434 = icmp_eq  i13 %word_24, i13 5760" [source/int4_decoder_controller.cpp:434]   --->   Operation 30 'icmp' 'icmp_ln434' <Predicate = true> <Delay = 0.75> <CoreInst = "Cmp">   --->   Core 9 'Cmp' <Latency = 0> <II = 1> <Delay = 0.75> <FuncUnit> <Opcode : 'icmp'> <InPorts = 2> <OutPorts = 1>
ST_1 : Operation 31 [1/1] (0.75ns)   --->   "%add_ln435 = add i13 %word_24, i13 1" [source/int4_decoder_controller.cpp:435]   --->   Operation 31 'add' 'add_ln435' <Predicate = true> <Delay = 0.75> <CoreInst = "Adder">   --->   Core 1 'Adder' <Latency = 0> <II = 1> <Delay = 0.75> <FuncUnit> <Opcode : 'add' 'sub'> <InPorts = 2> <OutPorts = 1>
ST_1 : Operation 32 [1/1] (0.00ns)   --->   "%br_ln433 = br i1 %icmp_ln434, void %for.body.split, void %for.end.exitStub" [source/int4_decoder_controller.cpp:433]   --->   Operation 32 'br' 'br_ln433' <Predicate = true> <Delay = 0.00>
ST_1 : Operation 33 [1/1] (0.38ns)   --->   "%store_ln433 = store i13 %add_ln435, i13 %word" [source/int4_decoder_controller.cpp:433]   --->   Operation 33 'store' 'store_ln433' <Predicate = (!icmp_ln434)> <Delay = 0.38>
ST_1 : Operation 34 [1/1] (0.00ns)   --->   "%br_ln433 = br void %for.body" [source/int4_decoder_controller.cpp:433]   --->   Operation 34 'br' 'br_ln433' <Predicate = (!icmp_ln434)> <Delay = 0.00>

State 2 <SV = 1> <Delay = 2.43>
ST_2 : Operation 35 [1/1] (0.00ns)   --->   "%gmem0_addr = getelementptr i512 %gmem0, i64 %sext_ln433_cast" [source/int4_decoder_controller.cpp:433]   --->   Operation 35 'getelementptr' 'gmem0_addr' <Predicate = true> <Delay = 0.00>
ST_2 : Operation 36 [1/1] (0.00ns)   --->   "%gmem1_addr = getelementptr i512 %gmem1, i64 %sext_ln433_1_cast" [source/int4_decoder_controller.cpp:433]   --->   Operation 36 'getelementptr' 'gmem1_addr' <Predicate = true> <Delay = 0.00>
ST_2 : Operation 37 [1/1] (0.00ns)   --->   "%gmem2_addr = getelementptr i512 %gmem2, i64 %sext_ln433_2_cast" [source/int4_decoder_controller.cpp:433]   --->   Operation 37 'getelementptr' 'gmem2_addr' <Predicate = true> <Delay = 0.00>
ST_2 : Operation 38 [1/1] (0.00ns)   --->   "%gmem3_addr = getelementptr i512 %gmem3, i64 %sext_ln433_3_cast" [source/int4_decoder_controller.cpp:433]   --->   Operation 38 'getelementptr' 'gmem3_addr' <Predicate = true> <Delay = 0.00>
ST_2 : Operation 39 [1/1] (2.43ns)   --->   "%gmem0_addr_read = read i512 @_ssdm_op_Read.m_axi.p1i512, i64 %gmem0_addr" [source/int4_decoder_controller.cpp:449]   --->   Operation 39 'read' 'gmem0_addr_read' <Predicate = true> <Delay = 2.43> <CoreInst = "m_axi">   --->   Core 121 'm_axi' <Latency = 0> <II = 1> <Delay = 1.00> <Adapter> <Opcode : 'read' 'write' 'readreq' 'writereq' 'writeresp'>
ST_2 : Operation 40 [1/1] (2.43ns)   --->   "%gmem1_addr_read = read i512 @_ssdm_op_Read.m_axi.p1i512, i64 %gmem1_addr" [source/int4_decoder_controller.cpp:450]   --->   Operation 40 'read' 'gmem1_addr_read' <Predicate = true> <Delay = 2.43> <CoreInst = "m_axi">   --->   Core 121 'm_axi' <Latency = 0> <II = 1> <Delay = 1.00> <Adapter> <Opcode : 'read' 'write' 'readreq' 'writereq' 'writeresp'>
ST_2 : Operation 41 [1/1] (2.43ns)   --->   "%gmem2_addr_read = read i512 @_ssdm_op_Read.m_axi.p1i512, i64 %gmem2_addr" [source/int4_decoder_controller.cpp:451]   --->   Operation 41 'read' 'gmem2_addr_read' <Predicate = true> <Delay = 2.43> <CoreInst = "m_axi">   --->   Core 121 'm_axi' <Latency = 0> <II = 1> <Delay = 1.00> <Adapter> <Opcode : 'read' 'write' 'readreq' 'writereq' 'writeresp'>
ST_2 : Operation 42 [1/1] (2.43ns)   --->   "%gmem3_addr_read = read i512 @_ssdm_op_Read.m_axi.p1i512, i64 %gmem3_addr" [source/int4_decoder_controller.cpp:452]   --->   Operation 42 'read' 'gmem3_addr_read' <Predicate = true> <Delay = 2.43> <CoreInst = "m_axi">   --->   Core 121 'm_axi' <Latency = 0> <II = 1> <Delay = 1.00> <Adapter> <Opcode : 'read' 'write' 'readreq' 'writereq' 'writeresp'>
ST_2 : Operation 43 [1/1] (0.75ns)   --->   "%icmp_ln441 = icmp_ult  i13 %word_24, i13 1600" [source/int4_decoder_controller.cpp:441]   --->   Operation 43 'icmp' 'icmp_ln441' <Predicate = true> <Delay = 0.75> <CoreInst = "Cmp">   --->   Core 9 'Cmp' <Latency = 0> <II = 1> <Delay = 0.75> <FuncUnit> <Opcode : 'icmp'> <InPorts = 2> <OutPorts = 1>
ST_2 : Operation 44 [1/1] (0.00ns)   --->   "%br_ln441 = br i1 %icmp_ln441, void %if.else, void %if.then" [source/int4_decoder_controller.cpp:441]   --->   Operation 44 'br' 'br_ln441' <Predicate = true> <Delay = 0.00>
ST_2 : Operation 45 [1/1] (0.75ns)   --->   "%add_ln448 = add i13 %word_24, i13 6592" [source/int4_decoder_controller.cpp:448]   --->   Operation 45 'add' 'add_ln448' <Predicate = (!icmp_ln441)> <Delay = 0.75> <CoreInst = "Adder">   --->   Core 1 'Adder' <Latency = 0> <II = 1> <Delay = 0.75> <FuncUnit> <Opcode : 'add' 'sub'> <InPorts = 2> <OutPorts = 1>
ST_2 : Operation 69 [1/1] (0.00ns)   --->   "%ret_ln0 = ret"   --->   Operation 69 'ret' 'ret_ln0' <Predicate = (icmp_ln434)> <Delay = 0.00>

State 3 <SV = 2> <Delay = 2.38>
ST_3 : Operation 46 [1/1] (0.00ns)   --->   "%zext_ln434 = zext i13 %word_24" [source/int4_decoder_controller.cpp:434]   --->   Operation 46 'zext' 'zext_ln434' <Predicate = true> <Delay = 0.00>
ST_3 : Operation 47 [1/1] (0.00ns)   --->   "%specpipeline_ln436 = specpipeline void @_ssdm_op_SpecPipeline, i32 1, i32 0, i32 0, i32 0, void @empty_418" [source/int4_decoder_controller.cpp:436]   --->   Operation 47 'specpipeline' 'specpipeline_ln436' <Predicate = true> <Delay = 0.00>
ST_3 : Operation 48 [1/1] (0.00ns)   --->   "%speclooptripcount_ln433 = speclooptripcount void @_ssdm_op_SpecLoopTripCount, i64 5760, i64 5760, i64 5760" [source/int4_decoder_controller.cpp:433]   --->   Operation 48 'speclooptripcount' 'speclooptripcount_ln433' <Predicate = true> <Delay = 0.00>
ST_3 : Operation 49 [1/1] (0.00ns)   --->   "%specloopname_ln433 = specloopname void @_ssdm_op_SpecLoopName, void @empty_469" [source/int4_decoder_controller.cpp:433]   --->   Operation 49 'specloopname' 'specloopname_ln433' <Predicate = true> <Delay = 0.00>
ST_3 : Operation 50 [1/1] (0.00ns)   --->   "%zext_ln449 = zext i13 %add_ln448" [source/int4_decoder_controller.cpp:449]   --->   Operation 50 'zext' 'zext_ln449' <Predicate = (!icmp_ln441)> <Delay = 0.00>
ST_3 : Operation 51 [1/1] (0.00ns)   --->   "%model_norm_cache0_addr = getelementptr i512 %model_norm_cache0, i64 0, i64 %zext_ln449" [source/int4_decoder_controller.cpp:449]   --->   Operation 51 'getelementptr' 'model_norm_cache0_addr' <Predicate = (!icmp_ln441)> <Delay = 0.00>
ST_3 : Operation 52 [1/1] (2.38ns)   --->   "%store_ln449 = store i512 %gmem0_addr_read, i13 %model_norm_cache0_addr" [source/int4_decoder_controller.cpp:449]   --->   Operation 52 'store' 'store_ln449' <Predicate = (!icmp_ln441)> <Delay = 2.38> <CoreInst = "RAM_1P_URAM">   --->   Core 91 'RAM_1P_URAM' <Latency = 2> <II = 1> <Delay = 2.38> <Storage> <Opcode : 'load' 'store'> <Ports = 1> <Width = 512> <Depth = 4160> <RAM>
ST_3 : Operation 53 [1/1] (0.00ns)   --->   "%model_norm_cache1_addr = getelementptr i512 %model_norm_cache1, i64 0, i64 %zext_ln449" [source/int4_decoder_controller.cpp:450]   --->   Operation 53 'getelementptr' 'model_norm_cache1_addr' <Predicate = (!icmp_ln441)> <Delay = 0.00>
ST_3 : Operation 54 [1/1] (2.38ns)   --->   "%store_ln450 = store i512 %gmem1_addr_read, i13 %model_norm_cache1_addr" [source/int4_decoder_controller.cpp:450]   --->   Operation 54 'store' 'store_ln450' <Predicate = (!icmp_ln441)> <Delay = 2.38> <CoreInst = "RAM_1P_URAM">   --->   Core 91 'RAM_1P_URAM' <Latency = 2> <II = 1> <Delay = 2.38> <Storage> <Opcode : 'load' 'store'> <Ports = 1> <Width = 512> <Depth = 4160> <RAM>
ST_3 : Operation 55 [1/1] (0.00ns)   --->   "%model_norm_cache2_addr = getelementptr i512 %model_norm_cache2, i64 0, i64 %zext_ln449" [source/int4_decoder_controller.cpp:451]   --->   Operation 55 'getelementptr' 'model_norm_cache2_addr' <Predicate = (!icmp_ln441)> <Delay = 0.00>
ST_3 : Operation 56 [1/1] (2.38ns)   --->   "%store_ln451 = store i512 %gmem2_addr_read, i13 %model_norm_cache2_addr" [source/int4_decoder_controller.cpp:451]   --->   Operation 56 'store' 'store_ln451' <Predicate = (!icmp_ln441)> <Delay = 2.38> <CoreInst = "RAM_1P_URAM">   --->   Core 91 'RAM_1P_URAM' <Latency = 2> <II = 1> <Delay = 2.38> <Storage> <Opcode : 'load' 'store'> <Ports = 1> <Width = 512> <Depth = 4160> <RAM>
ST_3 : Operation 57 [1/1] (0.00ns)   --->   "%model_norm_cache3_addr = getelementptr i512 %model_norm_cache3, i64 0, i64 %zext_ln449" [source/int4_decoder_controller.cpp:452]   --->   Operation 57 'getelementptr' 'model_norm_cache3_addr' <Predicate = (!icmp_ln441)> <Delay = 0.00>
ST_3 : Operation 58 [1/1] (2.38ns)   --->   "%store_ln452 = store i512 %gmem3_addr_read, i13 %model_norm_cache3_addr" [source/int4_decoder_controller.cpp:452]   --->   Operation 58 'store' 'store_ln452' <Predicate = (!icmp_ln441)> <Delay = 2.38> <CoreInst = "RAM_1P_URAM">   --->   Core 91 'RAM_1P_URAM' <Latency = 2> <II = 1> <Delay = 2.38> <Storage> <Opcode : 'load' 'store'> <Ports = 1> <Width = 512> <Depth = 4160> <RAM>
ST_3 : Operation 59 [1/1] (0.00ns)   --->   "%br_ln0 = br void %for.inc"   --->   Operation 59 'br' 'br_ln0' <Predicate = (!icmp_ln441)> <Delay = 0.00>
ST_3 : Operation 60 [1/1] (0.00ns)   --->   "%model_scale_cache0_addr = getelementptr i512 %model_scale_cache0, i64 0, i64 %zext_ln434" [source/int4_decoder_controller.cpp:442]   --->   Operation 60 'getelementptr' 'model_scale_cache0_addr' <Predicate = (icmp_ln441)> <Delay = 0.00>
ST_3 : Operation 61 [1/1] (2.22ns)   --->   "%store_ln442 = store i512 %gmem0_addr_read, i11 %model_scale_cache0_addr" [source/int4_decoder_controller.cpp:442]   --->   Operation 61 'store' 'store_ln442' <Predicate = (icmp_ln441)> <Delay = 2.22> <CoreInst = "RAM_1P_URAM">   --->   Core 91 'RAM_1P_URAM' <Latency = 1> <II = 1> <Delay = 2.22> <Storage> <Opcode : 'load' 'store'> <Ports = 1> <Width = 512> <Depth = 1600> <RAM>
ST_3 : Operation 62 [1/1] (0.00ns)   --->   "%model_scale_cache1_addr = getelementptr i512 %model_scale_cache1, i64 0, i64 %zext_ln434" [source/int4_decoder_controller.cpp:443]   --->   Operation 62 'getelementptr' 'model_scale_cache1_addr' <Predicate = (icmp_ln441)> <Delay = 0.00>
ST_3 : Operation 63 [1/1] (2.22ns)   --->   "%store_ln443 = store i512 %gmem1_addr_read, i11 %model_scale_cache1_addr" [source/int4_decoder_controller.cpp:443]   --->   Operation 63 'store' 'store_ln443' <Predicate = (icmp_ln441)> <Delay = 2.22> <CoreInst = "RAM_1P_URAM">   --->   Core 91 'RAM_1P_URAM' <Latency = 1> <II = 1> <Delay = 2.22> <Storage> <Opcode : 'load' 'store'> <Ports = 1> <Width = 512> <Depth = 1600> <RAM>
ST_3 : Operation 64 [1/1] (0.00ns)   --->   "%model_scale_cache2_addr = getelementptr i512 %model_scale_cache2, i64 0, i64 %zext_ln434" [source/int4_decoder_controller.cpp:444]   --->   Operation 64 'getelementptr' 'model_scale_cache2_addr' <Predicate = (icmp_ln441)> <Delay = 0.00>
ST_3 : Operation 65 [1/1] (2.22ns)   --->   "%store_ln444 = store i512 %gmem2_addr_read, i11 %model_scale_cache2_addr" [source/int4_decoder_controller.cpp:444]   --->   Operation 65 'store' 'store_ln444' <Predicate = (icmp_ln441)> <Delay = 2.22> <CoreInst = "RAM_1P_URAM">   --->   Core 91 'RAM_1P_URAM' <Latency = 1> <II = 1> <Delay = 2.22> <Storage> <Opcode : 'load' 'store'> <Ports = 1> <Width = 512> <Depth = 1600> <RAM>
ST_3 : Operation 66 [1/1] (0.00ns)   --->   "%model_scale_cache3_addr = getelementptr i512 %model_scale_cache3, i64 0, i64 %zext_ln434" [source/int4_decoder_controller.cpp:445]   --->   Operation 66 'getelementptr' 'model_scale_cache3_addr' <Predicate = (icmp_ln441)> <Delay = 0.00>
ST_3 : Operation 67 [1/1] (2.22ns)   --->   "%store_ln445 = store i512 %gmem3_addr_read, i11 %model_scale_cache3_addr" [source/int4_decoder_controller.cpp:445]   --->   Operation 67 'store' 'store_ln445' <Predicate = (icmp_ln441)> <Delay = 2.22> <CoreInst = "RAM_1P_URAM">   --->   Core 91 'RAM_1P_URAM' <Latency = 1> <II = 1> <Delay = 2.22> <Storage> <Opcode : 'load' 'store'> <Ports = 1> <Width = 512> <Depth = 1600> <RAM>
ST_3 : Operation 68 [1/1] (0.00ns)   --->   "%br_ln446 = br void %for.inc" [source/int4_decoder_controller.cpp:446]   --->   Operation 68 'br' 'br_ln446' <Predicate = (icmp_ln441)> <Delay = 0.00>


============================================================
+ Verbose Summary: Binding
============================================================
STG Binding: 
---------------- STG Properties BEGIN ----------------
- Is combinational: 0
- Is one-state seq: 0
- Is datapath-only: 0
- Is pipelined: 0
- Is top level: 0
Port [ Return ] is wired: 1; IO mode=ap_ctrl_hs:ce=0
Port [ gmem0]:  wired=1; compound=1; hidden=0; nouse=0; global=0; static=0; extern=0; dir=0; type=4; pingpong=0; private_global=0; IO mode=m_axi:ce=0
Port [ sext_ln433]:  wired=1; compound=0; hidden=0; nouse=0; global=0; static=0; extern=0; dir=0; type=0; pingpong=0; private_global=0; IO mode=ap_none:ce=0
Port [ gmem1]:  wired=1; compound=1; hidden=0; nouse=0; global=0; static=0; extern=0; dir=0; type=4; pingpong=0; private_global=0; IO mode=m_axi:ce=0
Port [ sext_ln433_1]:  wired=1; compound=0; hidden=0; nouse=0; global=0; static=0; extern=0; dir=0; type=0; pingpong=0; private_global=0; IO mode=ap_none:ce=0
Port [ gmem2]:  wired=1; compound=1; hidden=0; nouse=0; global=0; static=0; extern=0; dir=0; type=4; pingpong=0; private_global=0; IO mode=m_axi:ce=0
Port [ sext_ln433_2]:  wired=1; compound=0; hidden=0; nouse=0; global=0; static=0; extern=0; dir=0; type=0; pingpong=0; private_global=0; IO mode=ap_none:ce=0
Port [ gmem3]:  wired=1; compound=1; hidden=0; nouse=0; global=0; static=0; extern=0; dir=0; type=4; pingpong=0; private_global=0; IO mode=m_axi:ce=0
Port [ sext_ln433_3]:  wired=1; compound=0; hidden=0; nouse=0; global=0; static=0; extern=0; dir=0; type=0; pingpong=0; private_global=0; IO mode=ap_none:ce=0
Port [ model_scale_cache0]:  wired=1; compound=1; hidden=0; nouse=0; global=1; static=1; extern=0; dir=1; type=1; pingpong=0; private_global=0; MemPort=[0]; IO mode=ap_memory:ce=0
Port [ model_scale_cache1]:  wired=1; compound=1; hidden=0; nouse=0; global=1; static=1; extern=0; dir=1; type=1; pingpong=0; private_global=0; MemPort=[0]; IO mode=ap_memory:ce=0
Port [ model_scale_cache2]:  wired=1; compound=1; hidden=0; nouse=0; global=1; static=1; extern=0; dir=1; type=1; pingpong=0; private_global=0; MemPort=[0]; IO mode=ap_memory:ce=0
Port [ model_scale_cache3]:  wired=1; compound=1; hidden=0; nouse=0; global=1; static=1; extern=0; dir=1; type=1; pingpong=0; private_global=0; MemPort=[0]; IO mode=ap_memory:ce=0
Port [ model_norm_cache0]:  wired=1; compound=1; hidden=0; nouse=0; global=1; static=1; extern=0; dir=1; type=1; pingpong=0; private_global=0; MemPort=[0]; IO mode=ap_memory:ce=0
Port [ model_norm_cache1]:  wired=1; compound=1; hidden=0; nouse=0; global=1; static=1; extern=0; dir=1; type=1; pingpong=0; private_global=0; MemPort=[0]; IO mode=ap_memory:ce=0
Port [ model_norm_cache2]:  wired=1; compound=1; hidden=0; nouse=0; global=1; static=1; extern=0; dir=1; type=1; pingpong=0; private_global=0; MemPort=[0]; IO mode=ap_memory:ce=0
Port [ model_norm_cache3]:  wired=1; compound=1; hidden=0; nouse=0; global=1; static=1; extern=0; dir=1; type=1; pingpong=0; private_global=0; MemPort=[0]; IO mode=ap_memory:ce=0
---------------- STG Properties END ------------------

---------------- Datapath Model BEGIN ----------------

<LifeTime>
<method=bitvector/>
word                    (alloca           ) [ 0100]
sext_ln433_3_read       (read             ) [ 0000]
sext_ln433_2_read       (read             ) [ 0000]
sext_ln433_1_read       (read             ) [ 0000]
sext_ln433_read         (read             ) [ 0000]
sext_ln433_3_cast       (sext             ) [ 0110]
sext_ln433_2_cast       (sext             ) [ 0110]
sext_ln433_1_cast       (sext             ) [ 0110]
sext_ln433_cast         (sext             ) [ 0110]
specmemcore_ln0         (specmemcore      ) [ 0000]
specmemcore_ln0         (specmemcore      ) [ 0000]
specmemcore_ln0         (specmemcore      ) [ 0000]
specmemcore_ln0         (specmemcore      ) [ 0000]
specmemcore_ln0         (specmemcore      ) [ 0000]
specmemcore_ln0         (specmemcore      ) [ 0000]
specmemcore_ln0         (specmemcore      ) [ 0000]
specmemcore_ln0         (specmemcore      ) [ 0000]
specinterface_ln0       (specinterface    ) [ 0000]
specinterface_ln0       (specinterface    ) [ 0000]
specinterface_ln0       (specinterface    ) [ 0000]
specinterface_ln0       (specinterface    ) [ 0000]
store_ln433             (store            ) [ 0000]
br_ln0                  (br               ) [ 0000]
word_24                 (load             ) [ 0111]
icmp_ln434              (icmp             ) [ 0110]
add_ln435               (add              ) [ 0000]
br_ln433                (br               ) [ 0000]
store_ln433             (store            ) [ 0000]
br_ln433                (br               ) [ 0000]
gmem0_addr              (getelementptr    ) [ 0000]
gmem1_addr              (getelementptr    ) [ 0000]
gmem2_addr              (getelementptr    ) [ 0000]
gmem3_addr              (getelementptr    ) [ 0000]
gmem0_addr_read         (read             ) [ 0101]
gmem1_addr_read         (read             ) [ 0101]
gmem2_addr_read         (read             ) [ 0101]
gmem3_addr_read         (read             ) [ 0101]
icmp_ln441              (icmp             ) [ 0111]
br_ln441                (br               ) [ 0000]
add_ln448               (add              ) [ 0101]
zext_ln434              (zext             ) [ 0000]
specpipeline_ln436      (specpipeline     ) [ 0000]
speclooptripcount_ln433 (speclooptripcount) [ 0000]
specloopname_ln433      (specloopname     ) [ 0000]
zext_ln449              (zext             ) [ 0000]
model_norm_cache0_addr  (getelementptr    ) [ 0000]
store_ln449             (store            ) [ 0000]
model_norm_cache1_addr  (getelementptr    ) [ 0000]
store_ln450             (store            ) [ 0000]
model_norm_cache2_addr  (getelementptr    ) [ 0000]
store_ln451             (store            ) [ 0000]
model_norm_cache3_addr  (getelementptr    ) [ 0000]
store_ln452             (store            ) [ 0000]
br_ln0                  (br               ) [ 0000]
model_scale_cache0_addr (getelementptr    ) [ 0000]
store_ln442             (store            ) [ 0000]
model_scale_cache1_addr (getelementptr    ) [ 0000]
store_ln443             (store            ) [ 0000]
model_scale_cache2_addr (getelementptr    ) [ 0000]
store_ln444             (store            ) [ 0000]
model_scale_cache3_addr (getelementptr    ) [ 0000]
store_ln445             (store            ) [ 0000]
br_ln446                (br               ) [ 0000]
ret_ln0                 (ret              ) [ 0000]
</LifeTime>

<model>

<comp_list>
<comp id="0" class="1000" name="gmem0">
<pin_list>
<pin id="1" dir="1" index="0" bw="1" slack="0"/>
</pin_list>
<bind>
<StgValue><ssdm name="gmem0"/></StgValue>
</bind>
</comp>

<comp id="2" class="1000" name="sext_ln433">
<pin_list>
<pin id="3" dir="1" index="0" bw="1" slack="0"/>
</pin_list>
<bind>
<StgValue><ssdm name="sext_ln433"/></StgValue>
</bind>
</comp>

<comp id="4" class="1000" name="gmem1">
<pin_list>
<pin id="5" dir="1" index="0" bw="1" slack="0"/>
</pin_list>
<bind>
<StgValue><ssdm name="gmem1"/></StgValue>
</bind>
</comp>

<comp id="6" class="1000" name="sext_ln433_1">
<pin_list>
<pin id="7" dir="1" index="0" bw="1" slack="0"/>
</pin_list>
<bind>
<StgValue><ssdm name="sext_ln433_1"/></StgValue>
</bind>
</comp>

<comp id="8" class="1000" name="gmem2">
<pin_list>
<pin id="9" dir="1" index="0" bw="1" slack="0"/>
</pin_list>
<bind>
<StgValue><ssdm name="gmem2"/></StgValue>
</bind>
</comp>

<comp id="10" class="1000" name="sext_ln433_2">
<pin_list>
<pin id="11" dir="1" index="0" bw="1" slack="0"/>
</pin_list>
<bind>
<StgValue><ssdm name="sext_ln433_2"/></StgValue>
</bind>
</comp>

<comp id="12" class="1000" name="gmem3">
<pin_list>
<pin id="13" dir="1" index="0" bw="1" slack="0"/>
</pin_list>
<bind>
<StgValue><ssdm name="gmem3"/></StgValue>
</bind>
</comp>

<comp id="14" class="1000" name="sext_ln433_3">
<pin_list>
<pin id="15" dir="1" index="0" bw="1" slack="0"/>
</pin_list>
<bind>
<StgValue><ssdm name="sext_ln433_3"/></StgValue>
</bind>
</comp>

<comp id="16" class="1000" name="model_scale_cache0">
<pin_list>
<pin id="17" dir="1" index="0" bw="1" slack="0"/>
</pin_list>
<bind>
<StgValue><ssdm name="model_scale_cache0"/><MemPortTyVec>0 </MemPortTyVec>
</StgValue>
</bind>
</comp>

<comp id="18" class="1000" name="model_scale_cache1">
<pin_list>
<pin id="19" dir="1" index="0" bw="1" slack="0"/>
</pin_list>
<bind>
<StgValue><ssdm name="model_scale_cache1"/><MemPortTyVec>0 </MemPortTyVec>
</StgValue>
</bind>
</comp>

<comp id="20" class="1000" name="model_scale_cache2">
<pin_list>
<pin id="21" dir="1" index="0" bw="1" slack="0"/>
</pin_list>
<bind>
<StgValue><ssdm name="model_scale_cache2"/><MemPortTyVec>0 </MemPortTyVec>
</StgValue>
</bind>
</comp>

<comp id="22" class="1000" name="model_scale_cache3">
<pin_list>
<pin id="23" dir="1" index="0" bw="1" slack="0"/>
</pin_list>
<bind>
<StgValue><ssdm name="model_scale_cache3"/><MemPortTyVec>0 </MemPortTyVec>
</StgValue>
</bind>
</comp>

<comp id="24" class="1000" name="model_norm_cache0">
<pin_list>
<pin id="25" dir="1" index="0" bw="1" slack="0"/>
</pin_list>
<bind>
<StgValue><ssdm name="model_norm_cache0"/><MemPortTyVec>0 </MemPortTyVec>
</StgValue>
</bind>
</comp>

<comp id="26" class="1000" name="model_norm_cache1">
<pin_list>
<pin id="27" dir="1" index="0" bw="1" slack="0"/>
</pin_list>
<bind>
<StgValue><ssdm name="model_norm_cache1"/><MemPortTyVec>0 </MemPortTyVec>
</StgValue>
</bind>
</comp>

<comp id="28" class="1000" name="model_norm_cache2">
<pin_list>
<pin id="29" dir="1" index="0" bw="1" slack="0"/>
</pin_list>
<bind>
<StgValue><ssdm name="model_norm_cache2"/><MemPortTyVec>0 </MemPortTyVec>
</StgValue>
</bind>
</comp>

<comp id="30" class="1000" name="model_norm_cache3">
<pin_list>
<pin id="31" dir="1" index="0" bw="1" slack="0"/>
</pin_list>
<bind>
<StgValue><ssdm name="model_norm_cache3"/><MemPortTyVec>0 </MemPortTyVec>
</StgValue>
</bind>
</comp>

<comp id="32" class="1001" name="const_32">
<pin_list>
<pin id="33" dir="1" index="0" bw="1" slack="0"/>
</pin_list>
<bind>
<StgValue><ssdm name=""/></StgValue>
</bind>
</comp>

<comp id="34" class="1001" name="const_34">
<pin_list>
<pin id="35" dir="1" index="0" bw="1" slack="0"/>
</pin_list>
<bind>
<StgValue><ssdm name="_ssdm_op_Read.ap_auto.i58"/></StgValue>
</bind>
</comp>

<comp id="36" class="1001" name="const_36">
<pin_list>
<pin id="37" dir="1" index="0" bw="1" slack="2147483647"/>
</pin_list>
<bind>
<StgValue><ssdm name="_ssdm_op_SpecMemCore"/></StgValue>
</bind>
</comp>

<comp id="38" class="1001" name="const_38">
<pin_list>
<pin id="39" dir="1" index="0" bw="1" slack="2147483647"/>
</pin_list>
<bind>
<StgValue><ssdm name=""/></StgValue>
</bind>
</comp>

<comp id="40" class="1001" name="const_40">
<pin_list>
<pin id="41" dir="1" index="0" bw="1" slack="2147483647"/>
</pin_list>
<bind>
<StgValue><ssdm name=""/></StgValue>
</bind>
</comp>

<comp id="42" class="1001" name="const_42">
<pin_list>
<pin id="43" dir="1" index="0" bw="1" slack="2147483647"/>
</pin_list>
<bind>
<StgValue><ssdm name=""/></StgValue>
</bind>
</comp>

<comp id="44" class="1001" name="const_44">
<pin_list>
<pin id="45" dir="1" index="0" bw="1" slack="2147483647"/>
</pin_list>
<bind>
<StgValue><ssdm name="_ssdm_op_SpecInterface"/></StgValue>
</bind>
</comp>

<comp id="46" class="1001" name="const_46">
<pin_list>
<pin id="47" dir="1" index="0" bw="1" slack="2147483647"/>
</pin_list>
<bind>
<StgValue><ssdm name="empty_417"/></StgValue>
</bind>
</comp>

<comp id="48" class="1001" name="const_48">
<pin_list>
<pin id="49" dir="1" index="0" bw="1" slack="2147483647"/>
</pin_list>
<bind>
<StgValue><ssdm name=""/></StgValue>
</bind>
</comp>

<comp id="50" class="1001" name="const_50">
<pin_list>
<pin id="51" dir="1" index="0" bw="1" slack="2147483647"/>
</pin_list>
<bind>
<StgValue><ssdm name="empty_418"/></StgValue>
</bind>
</comp>

<comp id="52" class="1001" name="const_52">
<pin_list>
<pin id="53" dir="1" index="0" bw="1" slack="2147483647"/>
</pin_list>
<bind>
<StgValue><ssdm name=""/></StgValue>
</bind>
</comp>

<comp id="54" class="1001" name="const_54">
<pin_list>
<pin id="55" dir="1" index="0" bw="1" slack="2147483647"/>
</pin_list>
<bind>
<StgValue><ssdm name=""/></StgValue>
</bind>
</comp>

<comp id="56" class="1001" name="const_56">
<pin_list>
<pin id="57" dir="1" index="0" bw="1" slack="2147483647"/>
</pin_list>
<bind>
<StgValue><ssdm name="empty_419"/></StgValue>
</bind>
</comp>

<comp id="58" class="1001" name="const_58">
<pin_list>
<pin id="59" dir="1" index="0" bw="1" slack="2147483647"/>
</pin_list>
<bind>
<StgValue><ssdm name="empty_420"/></StgValue>
</bind>
</comp>

<comp id="60" class="1001" name="const_60">
<pin_list>
<pin id="61" dir="1" index="0" bw="1" slack="2147483647"/>
</pin_list>
<bind>
<StgValue><ssdm name=""/></StgValue>
</bind>
</comp>

<comp id="62" class="1001" name="const_62">
<pin_list>
<pin id="63" dir="1" index="0" bw="1" slack="2147483647"/>
</pin_list>
<bind>
<StgValue><ssdm name=""/></StgValue>
</bind>
</comp>

<comp id="64" class="1001" name="const_64">
<pin_list>
<pin id="65" dir="1" index="0" bw="1" slack="2147483647"/>
</pin_list>
<bind>
<StgValue><ssdm name=""/></StgValue>
</bind>
</comp>

<comp id="66" class="1001" name="const_66">
<pin_list>
<pin id="67" dir="1" index="0" bw="1" slack="2147483647"/>
</pin_list>
<bind>
<StgValue><ssdm name=""/></StgValue>
</bind>
</comp>

<comp id="68" class="1001" name="const_68">
<pin_list>
<pin id="69" dir="1" index="0" bw="1" slack="2147483647"/>
</pin_list>
<bind>
<StgValue><ssdm name="empty_421"/></StgValue>
</bind>
</comp>

<comp id="70" class="1001" name="const_70">
<pin_list>
<pin id="71" dir="1" index="0" bw="1" slack="2147483647"/>
</pin_list>
<bind>
<StgValue><ssdm name="empty_422"/></StgValue>
</bind>
</comp>

<comp id="72" class="1001" name="const_72">
<pin_list>
<pin id="73" dir="1" index="0" bw="1" slack="2147483647"/>
</pin_list>
<bind>
<StgValue><ssdm name="empty_423"/></StgValue>
</bind>
</comp>

<comp id="74" class="1001" name="const_74">
<pin_list>
<pin id="75" dir="1" index="0" bw="1" slack="0"/>
</pin_list>
<bind>
<StgValue><ssdm name=""/></StgValue>
</bind>
</comp>

<comp id="76" class="1001" name="const_76">
<pin_list>
<pin id="77" dir="1" index="0" bw="1" slack="0"/>
</pin_list>
<bind>
<StgValue><ssdm name=""/></StgValue>
</bind>
</comp>

<comp id="78" class="1001" name="const_78">
<pin_list>
<pin id="79" dir="1" index="0" bw="1" slack="0"/>
</pin_list>
<bind>
<StgValue><ssdm name=""/></StgValue>
</bind>
</comp>

<comp id="80" class="1001" name="const_80">
<pin_list>
<pin id="81" dir="1" index="0" bw="1" slack="0"/>
</pin_list>
<bind>
<StgValue><ssdm name="_ssdm_op_Read.m_axi.p1i512"/></StgValue>
</bind>
</comp>

<comp id="82" class="1001" name="const_82">
<pin_list>
<pin id="83" dir="1" index="0" bw="1" slack="0"/>
</pin_list>
<bind>
<StgValue><ssdm name=""/></StgValue>
</bind>
</comp>

<comp id="84" class="1001" name="const_84">
<pin_list>
<pin id="85" dir="1" index="0" bw="1" slack="0"/>
</pin_list>
<bind>
<StgValue><ssdm name=""/></StgValue>
</bind>
</comp>

<comp id="86" class="1001" name="const_86">
<pin_list>
<pin id="87" dir="1" index="0" bw="1" slack="2147483647"/>
</pin_list>
<bind>
<StgValue><ssdm name="_ssdm_op_SpecPipeline"/></StgValue>
</bind>
</comp>

<comp id="88" class="1001" name="const_88">
<pin_list>
<pin id="89" dir="1" index="0" bw="1" slack="2147483647"/>
</pin_list>
<bind>
<StgValue><ssdm name="_ssdm_op_SpecLoopTripCount"/></StgValue>
</bind>
</comp>

<comp id="90" class="1001" name="const_90">
<pin_list>
<pin id="91" dir="1" index="0" bw="1" slack="2147483647"/>
</pin_list>
<bind>
<StgValue><ssdm name=""/></StgValue>
</bind>
</comp>

<comp id="92" class="1001" name="const_92">
<pin_list>
<pin id="93" dir="1" index="0" bw="1" slack="2147483647"/>
</pin_list>
<bind>
<StgValue><ssdm name="_ssdm_op_SpecLoopName"/></StgValue>
</bind>
</comp>

<comp id="94" class="1001" name="const_94">
<pin_list>
<pin id="95" dir="1" index="0" bw="1" slack="2147483647"/>
</pin_list>
<bind>
<StgValue><ssdm name="empty_469"/></StgValue>
</bind>
</comp>

<comp id="96" class="1001" name="const_96">
<pin_list>
<pin id="97" dir="1" index="0" bw="1" slack="0"/>
</pin_list>
<bind>
<StgValue><ssdm name=""/></StgValue>
</bind>
</comp>

<comp id="98" class="1004" name="word_fu_98">
<pin_list>
<pin id="99" dir="0" index="0" bw="1" slack="0"/>
<pin id="100" dir="1" index="1" bw="13" slack="0"/>
</pin_list>
<bind>
<opcode="alloca(26) " fcode="alloca"/>
<opset="word/1 "/>
</bind>
</comp>

<comp id="102" class="1004" name="sext_ln433_3_read_read_fu_102">
<pin_list>
<pin id="103" dir="0" index="0" bw="58" slack="0"/>
<pin id="104" dir="0" index="1" bw="58" slack="0"/>
<pin id="105" dir="1" index="2" bw="58" slack="0"/>
</pin_list>
<bind>
<opcode="read(1150) " fcode="read"/>
<opset="sext_ln433_3_read/1 "/>
</bind>
</comp>

<comp id="108" class="1004" name="sext_ln433_2_read_read_fu_108">
<pin_list>
<pin id="109" dir="0" index="0" bw="58" slack="0"/>
<pin id="110" dir="0" index="1" bw="58" slack="0"/>
<pin id="111" dir="1" index="2" bw="58" slack="0"/>
</pin_list>
<bind>
<opcode="read(1150) " fcode="read"/>
<opset="sext_ln433_2_read/1 "/>
</bind>
</comp>

<comp id="114" class="1004" name="sext_ln433_1_read_read_fu_114">
<pin_list>
<pin id="115" dir="0" index="0" bw="58" slack="0"/>
<pin id="116" dir="0" index="1" bw="58" slack="0"/>
<pin id="117" dir="1" index="2" bw="58" slack="0"/>
</pin_list>
<bind>
<opcode="read(1150) " fcode="read"/>
<opset="sext_ln433_1_read/1 "/>
</bind>
</comp>

<comp id="120" class="1004" name="sext_ln433_read_read_fu_120">
<pin_list>
<pin id="121" dir="0" index="0" bw="58" slack="0"/>
<pin id="122" dir="0" index="1" bw="58" slack="0"/>
<pin id="123" dir="1" index="2" bw="58" slack="0"/>
</pin_list>
<bind>
<opcode="read(1150) " fcode="read"/>
<opset="sext_ln433_read/1 "/>
</bind>
</comp>

<comp id="126" class="1004" name="gmem0_addr_read_read_fu_126">
<pin_list>
<pin id="127" dir="0" index="0" bw="512" slack="0"/>
<pin id="128" dir="0" index="1" bw="512" slack="0"/>
<pin id="129" dir="1" index="2" bw="512" slack="1"/>
</pin_list>
<bind>
<opcode="read(1150) " fcode="read"/>
<opset="gmem0_addr_read/2 "/>
</bind>
</comp>

<comp id="131" class="1004" name="gmem1_addr_read_read_fu_131">
<pin_list>
<pin id="132" dir="0" index="0" bw="512" slack="0"/>
<pin id="133" dir="0" index="1" bw="512" slack="0"/>
<pin id="134" dir="1" index="2" bw="512" slack="1"/>
</pin_list>
<bind>
<opcode="read(1150) " fcode="read"/>
<opset="gmem1_addr_read/2 "/>
</bind>
</comp>

<comp id="136" class="1004" name="gmem2_addr_read_read_fu_136">
<pin_list>
<pin id="137" dir="0" index="0" bw="512" slack="0"/>
<pin id="138" dir="0" index="1" bw="512" slack="0"/>
<pin id="139" dir="1" index="2" bw="512" slack="1"/>
</pin_list>
<bind>
<opcode="read(1150) " fcode="read"/>
<opset="gmem2_addr_read/2 "/>
</bind>
</comp>

<comp id="141" class="1004" name="gmem3_addr_read_read_fu_141">
<pin_list>
<pin id="142" dir="0" index="0" bw="512" slack="0"/>
<pin id="143" dir="0" index="1" bw="512" slack="0"/>
<pin id="144" dir="1" index="2" bw="512" slack="1"/>
</pin_list>
<bind>
<opcode="read(1150) " fcode="read"/>
<opset="gmem3_addr_read/2 "/>
</bind>
</comp>

<comp id="146" class="1004" name="model_norm_cache0_addr_gep_fu_146">
<pin_list>
<pin id="147" dir="0" index="0" bw="512" slack="0"/>
<pin id="148" dir="0" index="1" bw="1" slack="0"/>
<pin id="149" dir="0" index="2" bw="13" slack="0"/>
<pin id="150" dir="1" index="3" bw="13" slack="0"/>
</pin_list>
<bind>
<opcode="getelementptr(29) " fcode="getelementptr"/>
<opset="model_norm_cache0_addr/3 "/>
</bind>
</comp>

<comp id="153" class="1004" name="store_ln449_access_fu_153">
<pin_list>
<pin id="154" dir="0" index="0" bw="13" slack="0"/>
<pin id="155" dir="0" index="1" bw="512" slack="1"/>
<pin id="156" dir="0" index="2" bw="0" slack="2147483647"/>
<pin id="157" dir="1" index="3" bw="512" slack="2147483647"/>
</pin_list>
<bind>
<opcode="store(28) " fcode="store"/>
<opset="store_ln449/3 "/>
</bind>
</comp>

<comp id="159" class="1004" name="model_norm_cache1_addr_gep_fu_159">
<pin_list>
<pin id="160" dir="0" index="0" bw="512" slack="0"/>
<pin id="161" dir="0" index="1" bw="1" slack="0"/>
<pin id="162" dir="0" index="2" bw="13" slack="0"/>
<pin id="163" dir="1" index="3" bw="13" slack="0"/>
</pin_list>
<bind>
<opcode="getelementptr(29) " fcode="getelementptr"/>
<opset="model_norm_cache1_addr/3 "/>
</bind>
</comp>

<comp id="166" class="1004" name="store_ln450_access_fu_166">
<pin_list>
<pin id="167" dir="0" index="0" bw="13" slack="0"/>
<pin id="168" dir="0" index="1" bw="512" slack="1"/>
<pin id="169" dir="0" index="2" bw="0" slack="2147483647"/>
<pin id="170" dir="1" index="3" bw="512" slack="2147483647"/>
</pin_list>
<bind>
<opcode="store(28) " fcode="store"/>
<opset="store_ln450/3 "/>
</bind>
</comp>

<comp id="172" class="1004" name="model_norm_cache2_addr_gep_fu_172">
<pin_list>
<pin id="173" dir="0" index="0" bw="512" slack="0"/>
<pin id="174" dir="0" index="1" bw="1" slack="0"/>
<pin id="175" dir="0" index="2" bw="13" slack="0"/>
<pin id="176" dir="1" index="3" bw="13" slack="0"/>
</pin_list>
<bind>
<opcode="getelementptr(29) " fcode="getelementptr"/>
<opset="model_norm_cache2_addr/3 "/>
</bind>
</comp>

<comp id="179" class="1004" name="store_ln451_access_fu_179">
<pin_list>
<pin id="180" dir="0" index="0" bw="13" slack="0"/>
<pin id="181" dir="0" index="1" bw="512" slack="1"/>
<pin id="182" dir="0" index="2" bw="0" slack="2147483647"/>
<pin id="183" dir="1" index="3" bw="512" slack="2147483647"/>
</pin_list>
<bind>
<opcode="store(28) " fcode="store"/>
<opset="store_ln451/3 "/>
</bind>
</comp>

<comp id="185" class="1004" name="model_norm_cache3_addr_gep_fu_185">
<pin_list>
<pin id="186" dir="0" index="0" bw="512" slack="0"/>
<pin id="187" dir="0" index="1" bw="1" slack="0"/>
<pin id="188" dir="0" index="2" bw="13" slack="0"/>
<pin id="189" dir="1" index="3" bw="13" slack="0"/>
</pin_list>
<bind>
<opcode="getelementptr(29) " fcode="getelementptr"/>
<opset="model_norm_cache3_addr/3 "/>
</bind>
</comp>

<comp id="192" class="1004" name="store_ln452_access_fu_192">
<pin_list>
<pin id="193" dir="0" index="0" bw="13" slack="0"/>
<pin id="194" dir="0" index="1" bw="512" slack="1"/>
<pin id="195" dir="0" index="2" bw="0" slack="2147483647"/>
<pin id="196" dir="1" index="3" bw="512" slack="2147483647"/>
</pin_list>
<bind>
<opcode="store(28) " fcode="store"/>
<opset="store_ln452/3 "/>
</bind>
</comp>

<comp id="198" class="1004" name="model_scale_cache0_addr_gep_fu_198">
<pin_list>
<pin id="199" dir="0" index="0" bw="512" slack="0"/>
<pin id="200" dir="0" index="1" bw="1" slack="0"/>
<pin id="201" dir="0" index="2" bw="13" slack="0"/>
<pin id="202" dir="1" index="3" bw="11" slack="0"/>
</pin_list>
<bind>
<opcode="getelementptr(29) " fcode="getelementptr"/>
<opset="model_scale_cache0_addr/3 "/>
</bind>
</comp>

<comp id="205" class="1004" name="store_ln442_access_fu_205">
<pin_list>
<pin id="206" dir="0" index="0" bw="11" slack="0"/>
<pin id="207" dir="0" index="1" bw="512" slack="1"/>
<pin id="208" dir="0" index="2" bw="0" slack="2147483647"/>
<pin id="209" dir="1" index="3" bw="512" slack="2147483647"/>
</pin_list>
<bind>
<opcode="store(28) " fcode="store"/>
<opset="store_ln442/3 "/>
</bind>
</comp>

<comp id="211" class="1004" name="model_scale_cache1_addr_gep_fu_211">
<pin_list>
<pin id="212" dir="0" index="0" bw="512" slack="0"/>
<pin id="213" dir="0" index="1" bw="1" slack="0"/>
<pin id="214" dir="0" index="2" bw="13" slack="0"/>
<pin id="215" dir="1" index="3" bw="11" slack="0"/>
</pin_list>
<bind>
<opcode="getelementptr(29) " fcode="getelementptr"/>
<opset="model_scale_cache1_addr/3 "/>
</bind>
</comp>

<comp id="218" class="1004" name="store_ln443_access_fu_218">
<pin_list>
<pin id="219" dir="0" index="0" bw="11" slack="0"/>
<pin id="220" dir="0" index="1" bw="512" slack="1"/>
<pin id="221" dir="0" index="2" bw="0" slack="2147483647"/>
<pin id="222" dir="1" index="3" bw="512" slack="2147483647"/>
</pin_list>
<bind>
<opcode="store(28) " fcode="store"/>
<opset="store_ln443/3 "/>
</bind>
</comp>

<comp id="224" class="1004" name="model_scale_cache2_addr_gep_fu_224">
<pin_list>
<pin id="225" dir="0" index="0" bw="512" slack="0"/>
<pin id="226" dir="0" index="1" bw="1" slack="0"/>
<pin id="227" dir="0" index="2" bw="13" slack="0"/>
<pin id="228" dir="1" index="3" bw="11" slack="0"/>
</pin_list>
<bind>
<opcode="getelementptr(29) " fcode="getelementptr"/>
<opset="model_scale_cache2_addr/3 "/>
</bind>
</comp>

<comp id="231" class="1004" name="store_ln444_access_fu_231">
<pin_list>
<pin id="232" dir="0" index="0" bw="11" slack="0"/>
<pin id="233" dir="0" index="1" bw="512" slack="1"/>
<pin id="234" dir="0" index="2" bw="0" slack="2147483647"/>
<pin id="235" dir="1" index="3" bw="512" slack="2147483647"/>
</pin_list>
<bind>
<opcode="store(28) " fcode="store"/>
<opset="store_ln444/3 "/>
</bind>
</comp>

<comp id="237" class="1004" name="model_scale_cache3_addr_gep_fu_237">
<pin_list>
<pin id="238" dir="0" index="0" bw="512" slack="0"/>
<pin id="239" dir="0" index="1" bw="1" slack="0"/>
<pin id="240" dir="0" index="2" bw="13" slack="0"/>
<pin id="241" dir="1" index="3" bw="11" slack="0"/>
</pin_list>
<bind>
<opcode="getelementptr(29) " fcode="getelementptr"/>
<opset="model_scale_cache3_addr/3 "/>
</bind>
</comp>

<comp id="244" class="1004" name="store_ln445_access_fu_244">
<pin_list>
<pin id="245" dir="0" index="0" bw="11" slack="0"/>
<pin id="246" dir="0" index="1" bw="512" slack="1"/>
<pin id="247" dir="0" index="2" bw="0" slack="2147483647"/>
<pin id="248" dir="1" index="3" bw="512" slack="2147483647"/>
</pin_list>
<bind>
<opcode="store(28) " fcode="store"/>
<opset="store_ln445/3 "/>
</bind>
</comp>

<comp id="250" class="1004" name="sext_ln433_3_cast_fu_250">
<pin_list>
<pin id="251" dir="0" index="0" bw="58" slack="0"/>
<pin id="252" dir="1" index="1" bw="64" slack="1"/>
</pin_list>
<bind>
<opcode="sext(35) " fcode="sext"/>
<opset="sext_ln433_3_cast/1 "/>
</bind>
</comp>

<comp id="254" class="1004" name="sext_ln433_2_cast_fu_254">
<pin_list>
<pin id="255" dir="0" index="0" bw="58" slack="0"/>
<pin id="256" dir="1" index="1" bw="64" slack="1"/>
</pin_list>
<bind>
<opcode="sext(35) " fcode="sext"/>
<opset="sext_ln433_2_cast/1 "/>
</bind>
</comp>

<comp id="258" class="1004" name="sext_ln433_1_cast_fu_258">
<pin_list>
<pin id="259" dir="0" index="0" bw="58" slack="0"/>
<pin id="260" dir="1" index="1" bw="64" slack="1"/>
</pin_list>
<bind>
<opcode="sext(35) " fcode="sext"/>
<opset="sext_ln433_1_cast/1 "/>
</bind>
</comp>

<comp id="262" class="1004" name="sext_ln433_cast_fu_262">
<pin_list>
<pin id="263" dir="0" index="0" bw="58" slack="0"/>
<pin id="264" dir="1" index="1" bw="64" slack="1"/>
</pin_list>
<bind>
<opcode="sext(35) " fcode="sext"/>
<opset="sext_ln433_cast/1 "/>
</bind>
</comp>

<comp id="266" class="1004" name="store_ln433_store_fu_266">
<pin_list>
<pin id="267" dir="0" index="0" bw="1" slack="0"/>
<pin id="268" dir="0" index="1" bw="13" slack="0"/>
<pin id="269" dir="1" index="2" bw="0" slack="2147483647"/>
</pin_list>
<bind>
<opcode="store(28) " fcode="store"/>
<opset="store_ln433/1 "/>
</bind>
</comp>

<comp id="271" class="1004" name="word_24_load_fu_271">
<pin_list>
<pin id="272" dir="0" index="0" bw="13" slack="0"/>
<pin id="273" dir="1" index="1" bw="13" slack="0"/>
</pin_list>
<bind>
<opcode="load(27) " fcode="load"/>
<opset="word_24/1 "/>
</bind>
</comp>

<comp id="274" class="1004" name="icmp_ln434_fu_274">
<pin_list>
<pin id="275" dir="0" index="0" bw="13" slack="0"/>
<pin id="276" dir="0" index="1" bw="13" slack="0"/>
<pin id="277" dir="1" index="2" bw="1" slack="1"/>
</pin_list>
<bind>
<opcode="icmp(45) " fcode="icmp"/>
<opset="icmp_ln434/1 "/>
</bind>
</comp>

<comp id="280" class="1004" name="add_ln435_fu_280">
<pin_list>
<pin id="281" dir="0" index="0" bw="13" slack="0"/>
<pin id="282" dir="0" index="1" bw="1" slack="0"/>
<pin id="283" dir="1" index="2" bw="13" slack="0"/>
</pin_list>
<bind>
<opcode="add(8) " fcode="add"/>
<opset="add_ln435/1 "/>
</bind>
</comp>

<comp id="286" class="1004" name="store_ln433_store_fu_286">
<pin_list>
<pin id="287" dir="0" index="0" bw="13" slack="0"/>
<pin id="288" dir="0" index="1" bw="13" slack="0"/>
<pin id="289" dir="1" index="2" bw="0" slack="2147483647"/>
</pin_list>
<bind>
<opcode="store(28) " fcode="store"/>
<opset="store_ln433/1 "/>
</bind>
</comp>

<comp id="291" class="1004" name="gmem0_addr_fu_291">
<pin_list>
<pin id="292" dir="0" index="0" bw="64" slack="0"/>
<pin id="293" dir="0" index="1" bw="64" slack="1"/>
<pin id="294" dir="1" index="2" bw="64" slack="0"/>
</pin_list>
<bind>
<opcode="getelementptr(29) " fcode="getelementptr"/>
<opset="gmem0_addr/2 "/>
</bind>
</comp>

<comp id="297" class="1004" name="gmem1_addr_fu_297">
<pin_list>
<pin id="298" dir="0" index="0" bw="64" slack="0"/>
<pin id="299" dir="0" index="1" bw="64" slack="1"/>
<pin id="300" dir="1" index="2" bw="64" slack="0"/>
</pin_list>
<bind>
<opcode="getelementptr(29) " fcode="getelementptr"/>
<opset="gmem1_addr/2 "/>
</bind>
</comp>

<comp id="303" class="1004" name="gmem2_addr_fu_303">
<pin_list>
<pin id="304" dir="0" index="0" bw="64" slack="0"/>
<pin id="305" dir="0" index="1" bw="64" slack="1"/>
<pin id="306" dir="1" index="2" bw="64" slack="0"/>
</pin_list>
<bind>
<opcode="getelementptr(29) " fcode="getelementptr"/>
<opset="gmem2_addr/2 "/>
</bind>
</comp>

<comp id="309" class="1004" name="gmem3_addr_fu_309">
<pin_list>
<pin id="310" dir="0" index="0" bw="64" slack="0"/>
<pin id="311" dir="0" index="1" bw="64" slack="1"/>
<pin id="312" dir="1" index="2" bw="64" slack="0"/>
</pin_list>
<bind>
<opcode="getelementptr(29) " fcode="getelementptr"/>
<opset="gmem3_addr/2 "/>
</bind>
</comp>

<comp id="315" class="1004" name="icmp_ln441_fu_315">
<pin_list>
<pin id="316" dir="0" index="0" bw="13" slack="1"/>
<pin id="317" dir="0" index="1" bw="13" slack="0"/>
<pin id="318" dir="1" index="2" bw="1" slack="1"/>
</pin_list>
<bind>
<opcode="icmp(45) " fcode="icmp"/>
<opset="icmp_ln441/2 "/>
</bind>
</comp>

<comp id="320" class="1004" name="add_ln448_fu_320">
<pin_list>
<pin id="321" dir="0" index="0" bw="13" slack="1"/>
<pin id="322" dir="0" index="1" bw="12" slack="0"/>
<pin id="323" dir="1" index="2" bw="13" slack="1"/>
</pin_list>
<bind>
<opcode="add(8) " fcode="add"/>
<opset="add_ln448/2 "/>
</bind>
</comp>

<comp id="325" class="1004" name="zext_ln434_fu_325">
<pin_list>
<pin id="326" dir="0" index="0" bw="13" slack="2"/>
<pin id="327" dir="1" index="1" bw="64" slack="0"/>
</pin_list>
<bind>
<opcode="zext(34) " fcode="zext"/>
<opset="zext_ln434/3 "/>
</bind>
</comp>

<comp id="332" class="1004" name="zext_ln449_fu_332">
<pin_list>
<pin id="333" dir="0" index="0" bw="13" slack="1"/>
<pin id="334" dir="1" index="1" bw="64" slack="0"/>
</pin_list>
<bind>
<opcode="zext(34) " fcode="zext"/>
<opset="zext_ln449/3 "/>
</bind>
</comp>

<comp id="339" class="1005" name="word_reg_339">
<pin_list>
<pin id="340" dir="0" index="0" bw="13" slack="0"/>
<pin id="341" dir="1" index="1" bw="13" slack="0"/>
</pin_list>
<bind>
<opset="word "/>
</bind>
</comp>

<comp id="346" class="1005" name="sext_ln433_3_cast_reg_346">
<pin_list>
<pin id="347" dir="0" index="0" bw="64" slack="1"/>
<pin id="348" dir="1" index="1" bw="64" slack="1"/>
</pin_list>
<bind>
<opset="sext_ln433_3_cast "/>
</bind>
</comp>

<comp id="351" class="1005" name="sext_ln433_2_cast_reg_351">
<pin_list>
<pin id="352" dir="0" index="0" bw="64" slack="1"/>
<pin id="353" dir="1" index="1" bw="64" slack="1"/>
</pin_list>
<bind>
<opset="sext_ln433_2_cast "/>
</bind>
</comp>

<comp id="356" class="1005" name="sext_ln433_1_cast_reg_356">
<pin_list>
<pin id="357" dir="0" index="0" bw="64" slack="1"/>
<pin id="358" dir="1" index="1" bw="64" slack="1"/>
</pin_list>
<bind>
<opset="sext_ln433_1_cast "/>
</bind>
</comp>

<comp id="361" class="1005" name="sext_ln433_cast_reg_361">
<pin_list>
<pin id="362" dir="0" index="0" bw="64" slack="1"/>
<pin id="363" dir="1" index="1" bw="64" slack="1"/>
</pin_list>
<bind>
<opset="sext_ln433_cast "/>
</bind>
</comp>

<comp id="366" class="1005" name="word_24_reg_366">
<pin_list>
<pin id="367" dir="0" index="0" bw="13" slack="1"/>
<pin id="368" dir="1" index="1" bw="13" slack="1"/>
</pin_list>
<bind>
<opset="word_24 "/>
</bind>
</comp>

<comp id="373" class="1005" name="icmp_ln434_reg_373">
<pin_list>
<pin id="374" dir="0" index="0" bw="1" slack="1"/>
<pin id="375" dir="1" index="1" bw="1" slack="2147483647"/>
</pin_list>
<bind>
<opset="icmp_ln434 "/>
</bind>
</comp>

<comp id="377" class="1005" name="gmem0_addr_read_reg_377">
<pin_list>
<pin id="378" dir="0" index="0" bw="512" slack="1"/>
<pin id="379" dir="1" index="1" bw="512" slack="1"/>
</pin_list>
<bind>
<opset="gmem0_addr_read "/>
</bind>
</comp>

<comp id="383" class="1005" name="gmem1_addr_read_reg_383">
<pin_list>
<pin id="384" dir="0" index="0" bw="512" slack="1"/>
<pin id="385" dir="1" index="1" bw="512" slack="1"/>
</pin_list>
<bind>
<opset="gmem1_addr_read "/>
</bind>
</comp>

<comp id="389" class="1005" name="gmem2_addr_read_reg_389">
<pin_list>
<pin id="390" dir="0" index="0" bw="512" slack="1"/>
<pin id="391" dir="1" index="1" bw="512" slack="1"/>
</pin_list>
<bind>
<opset="gmem2_addr_read "/>
</bind>
</comp>

<comp id="395" class="1005" name="gmem3_addr_read_reg_395">
<pin_list>
<pin id="396" dir="0" index="0" bw="512" slack="1"/>
<pin id="397" dir="1" index="1" bw="512" slack="1"/>
</pin_list>
<bind>
<opset="gmem3_addr_read "/>
</bind>
</comp>

<comp id="401" class="1005" name="icmp_ln441_reg_401">
<pin_list>
<pin id="402" dir="0" index="0" bw="1" slack="1"/>
<pin id="403" dir="1" index="1" bw="1" slack="2147483647"/>
</pin_list>
<bind>
<opset="icmp_ln441 "/>
</bind>
</comp>

<comp id="405" class="1005" name="add_ln448_reg_405">
<pin_list>
<pin id="406" dir="0" index="0" bw="13" slack="1"/>
<pin id="407" dir="1" index="1" bw="13" slack="1"/>
</pin_list>
<bind>
<opset="add_ln448 "/>
</bind>
</comp>

</comp_list>

<net_list>
<net id="101"><net_src comp="32" pin="0"/><net_sink comp="98" pin=0"/></net>

<net id="106"><net_src comp="34" pin="0"/><net_sink comp="102" pin=0"/></net>

<net id="107"><net_src comp="14" pin="0"/><net_sink comp="102" pin=1"/></net>

<net id="112"><net_src comp="34" pin="0"/><net_sink comp="108" pin=0"/></net>

<net id="113"><net_src comp="10" pin="0"/><net_sink comp="108" pin=1"/></net>

<net id="118"><net_src comp="34" pin="0"/><net_sink comp="114" pin=0"/></net>

<net id="119"><net_src comp="6" pin="0"/><net_sink comp="114" pin=1"/></net>

<net id="124"><net_src comp="34" pin="0"/><net_sink comp="120" pin=0"/></net>

<net id="125"><net_src comp="2" pin="0"/><net_sink comp="120" pin=1"/></net>

<net id="130"><net_src comp="80" pin="0"/><net_sink comp="126" pin=0"/></net>

<net id="135"><net_src comp="80" pin="0"/><net_sink comp="131" pin=0"/></net>

<net id="140"><net_src comp="80" pin="0"/><net_sink comp="136" pin=0"/></net>

<net id="145"><net_src comp="80" pin="0"/><net_sink comp="141" pin=0"/></net>

<net id="151"><net_src comp="24" pin="0"/><net_sink comp="146" pin=0"/></net>

<net id="152"><net_src comp="96" pin="0"/><net_sink comp="146" pin=1"/></net>

<net id="158"><net_src comp="146" pin="3"/><net_sink comp="153" pin=0"/></net>

<net id="164"><net_src comp="26" pin="0"/><net_sink comp="159" pin=0"/></net>

<net id="165"><net_src comp="96" pin="0"/><net_sink comp="159" pin=1"/></net>

<net id="171"><net_src comp="159" pin="3"/><net_sink comp="166" pin=0"/></net>

<net id="177"><net_src comp="28" pin="0"/><net_sink comp="172" pin=0"/></net>

<net id="178"><net_src comp="96" pin="0"/><net_sink comp="172" pin=1"/></net>

<net id="184"><net_src comp="172" pin="3"/><net_sink comp="179" pin=0"/></net>

<net id="190"><net_src comp="30" pin="0"/><net_sink comp="185" pin=0"/></net>

<net id="191"><net_src comp="96" pin="0"/><net_sink comp="185" pin=1"/></net>

<net id="197"><net_src comp="185" pin="3"/><net_sink comp="192" pin=0"/></net>

<net id="203"><net_src comp="16" pin="0"/><net_sink comp="198" pin=0"/></net>

<net id="204"><net_src comp="96" pin="0"/><net_sink comp="198" pin=1"/></net>

<net id="210"><net_src comp="198" pin="3"/><net_sink comp="205" pin=0"/></net>

<net id="216"><net_src comp="18" pin="0"/><net_sink comp="211" pin=0"/></net>

<net id="217"><net_src comp="96" pin="0"/><net_sink comp="211" pin=1"/></net>

<net id="223"><net_src comp="211" pin="3"/><net_sink comp="218" pin=0"/></net>

<net id="229"><net_src comp="20" pin="0"/><net_sink comp="224" pin=0"/></net>

<net id="230"><net_src comp="96" pin="0"/><net_sink comp="224" pin=1"/></net>

<net id="236"><net_src comp="224" pin="3"/><net_sink comp="231" pin=0"/></net>

<net id="242"><net_src comp="22" pin="0"/><net_sink comp="237" pin=0"/></net>

<net id="243"><net_src comp="96" pin="0"/><net_sink comp="237" pin=1"/></net>

<net id="249"><net_src comp="237" pin="3"/><net_sink comp="244" pin=0"/></net>

<net id="253"><net_src comp="102" pin="2"/><net_sink comp="250" pin=0"/></net>

<net id="257"><net_src comp="108" pin="2"/><net_sink comp="254" pin=0"/></net>

<net id="261"><net_src comp="114" pin="2"/><net_sink comp="258" pin=0"/></net>

<net id="265"><net_src comp="120" pin="2"/><net_sink comp="262" pin=0"/></net>

<net id="270"><net_src comp="74" pin="0"/><net_sink comp="266" pin=0"/></net>

<net id="278"><net_src comp="271" pin="1"/><net_sink comp="274" pin=0"/></net>

<net id="279"><net_src comp="76" pin="0"/><net_sink comp="274" pin=1"/></net>

<net id="284"><net_src comp="271" pin="1"/><net_sink comp="280" pin=0"/></net>

<net id="285"><net_src comp="78" pin="0"/><net_sink comp="280" pin=1"/></net>

<net id="290"><net_src comp="280" pin="2"/><net_sink comp="286" pin=0"/></net>

<net id="295"><net_src comp="0" pin="0"/><net_sink comp="291" pin=0"/></net>

<net id="296"><net_src comp="291" pin="2"/><net_sink comp="126" pin=1"/></net>

<net id="301"><net_src comp="4" pin="0"/><net_sink comp="297" pin=0"/></net>

<net id="302"><net_src comp="297" pin="2"/><net_sink comp="131" pin=1"/></net>

<net id="307"><net_src comp="8" pin="0"/><net_sink comp="303" pin=0"/></net>

<net id="308"><net_src comp="303" pin="2"/><net_sink comp="136" pin=1"/></net>

<net id="313"><net_src comp="12" pin="0"/><net_sink comp="309" pin=0"/></net>

<net id="314"><net_src comp="309" pin="2"/><net_sink comp="141" pin=1"/></net>

<net id="319"><net_src comp="82" pin="0"/><net_sink comp="315" pin=1"/></net>

<net id="324"><net_src comp="84" pin="0"/><net_sink comp="320" pin=1"/></net>

<net id="328"><net_src comp="325" pin="1"/><net_sink comp="198" pin=2"/></net>

<net id="329"><net_src comp="325" pin="1"/><net_sink comp="211" pin=2"/></net>

<net id="330"><net_src comp="325" pin="1"/><net_sink comp="224" pin=2"/></net>

<net id="331"><net_src comp="325" pin="1"/><net_sink comp="237" pin=2"/></net>

<net id="335"><net_src comp="332" pin="1"/><net_sink comp="146" pin=2"/></net>

<net id="336"><net_src comp="332" pin="1"/><net_sink comp="159" pin=2"/></net>

<net id="337"><net_src comp="332" pin="1"/><net_sink comp="172" pin=2"/></net>

<net id="338"><net_src comp="332" pin="1"/><net_sink comp="185" pin=2"/></net>

<net id="342"><net_src comp="98" pin="1"/><net_sink comp="339" pin=0"/></net>

<net id="343"><net_src comp="339" pin="1"/><net_sink comp="266" pin=1"/></net>

<net id="344"><net_src comp="339" pin="1"/><net_sink comp="271" pin=0"/></net>

<net id="345"><net_src comp="339" pin="1"/><net_sink comp="286" pin=1"/></net>

<net id="349"><net_src comp="250" pin="1"/><net_sink comp="346" pin=0"/></net>

<net id="350"><net_src comp="346" pin="1"/><net_sink comp="309" pin=1"/></net>

<net id="354"><net_src comp="254" pin="1"/><net_sink comp="351" pin=0"/></net>

<net id="355"><net_src comp="351" pin="1"/><net_sink comp="303" pin=1"/></net>

<net id="359"><net_src comp="258" pin="1"/><net_sink comp="356" pin=0"/></net>

<net id="360"><net_src comp="356" pin="1"/><net_sink comp="297" pin=1"/></net>

<net id="364"><net_src comp="262" pin="1"/><net_sink comp="361" pin=0"/></net>

<net id="365"><net_src comp="361" pin="1"/><net_sink comp="291" pin=1"/></net>

<net id="369"><net_src comp="271" pin="1"/><net_sink comp="366" pin=0"/></net>

<net id="370"><net_src comp="366" pin="1"/><net_sink comp="315" pin=0"/></net>

<net id="371"><net_src comp="366" pin="1"/><net_sink comp="320" pin=0"/></net>

<net id="372"><net_src comp="366" pin="1"/><net_sink comp="325" pin=0"/></net>

<net id="376"><net_src comp="274" pin="2"/><net_sink comp="373" pin=0"/></net>

<net id="380"><net_src comp="126" pin="2"/><net_sink comp="377" pin=0"/></net>

<net id="381"><net_src comp="377" pin="1"/><net_sink comp="153" pin=1"/></net>

<net id="382"><net_src comp="377" pin="1"/><net_sink comp="205" pin=1"/></net>

<net id="386"><net_src comp="131" pin="2"/><net_sink comp="383" pin=0"/></net>

<net id="387"><net_src comp="383" pin="1"/><net_sink comp="166" pin=1"/></net>

<net id="388"><net_src comp="383" pin="1"/><net_sink comp="218" pin=1"/></net>

<net id="392"><net_src comp="136" pin="2"/><net_sink comp="389" pin=0"/></net>

<net id="393"><net_src comp="389" pin="1"/><net_sink comp="179" pin=1"/></net>

<net id="394"><net_src comp="389" pin="1"/><net_sink comp="231" pin=1"/></net>

<net id="398"><net_src comp="141" pin="2"/><net_sink comp="395" pin=0"/></net>

<net id="399"><net_src comp="395" pin="1"/><net_sink comp="192" pin=1"/></net>

<net id="400"><net_src comp="395" pin="1"/><net_sink comp="244" pin=1"/></net>

<net id="404"><net_src comp="315" pin="2"/><net_sink comp="401" pin=0"/></net>

<net id="408"><net_src comp="320" pin="2"/><net_sink comp="405" pin=0"/></net>

<net id="409"><net_src comp="405" pin="1"/><net_sink comp="332" pin=0"/></net>

</net_list>

</model> 
---------------- Datapath Model END ------------------

* FSMD analyzer results:
  - Output states:
	Port: gmem0 | {}
	Port: gmem1 | {}
	Port: gmem2 | {}
	Port: gmem3 | {}
	Port: model_scale_cache0 | {3 }
	Port: model_scale_cache1 | {3 }
	Port: model_scale_cache2 | {3 }
	Port: model_scale_cache3 | {3 }
	Port: model_norm_cache0 | {3 }
	Port: model_norm_cache1 | {3 }
	Port: model_norm_cache2 | {3 }
	Port: model_norm_cache3 | {3 }
 - Input state : 
	Port: int4_preload_model_prefix_4ddr_Pipeline_preload_model_prefix_word_loop : gmem0 | {2 }
	Port: int4_preload_model_prefix_4ddr_Pipeline_preload_model_prefix_word_loop : sext_ln433 | {1 }
	Port: int4_preload_model_prefix_4ddr_Pipeline_preload_model_prefix_word_loop : gmem1 | {2 }
	Port: int4_preload_model_prefix_4ddr_Pipeline_preload_model_prefix_word_loop : sext_ln433_1 | {1 }
	Port: int4_preload_model_prefix_4ddr_Pipeline_preload_model_prefix_word_loop : gmem2 | {2 }
	Port: int4_preload_model_prefix_4ddr_Pipeline_preload_model_prefix_word_loop : sext_ln433_2 | {1 }
	Port: int4_preload_model_prefix_4ddr_Pipeline_preload_model_prefix_word_loop : gmem3 | {2 }
	Port: int4_preload_model_prefix_4ddr_Pipeline_preload_model_prefix_word_loop : sext_ln433_3 | {1 }
	Port: int4_preload_model_prefix_4ddr_Pipeline_preload_model_prefix_word_loop : model_scale_cache0 | {}
	Port: int4_preload_model_prefix_4ddr_Pipeline_preload_model_prefix_word_loop : model_scale_cache1 | {}
	Port: int4_preload_model_prefix_4ddr_Pipeline_preload_model_prefix_word_loop : model_scale_cache2 | {}
	Port: int4_preload_model_prefix_4ddr_Pipeline_preload_model_prefix_word_loop : model_scale_cache3 | {}
	Port: int4_preload_model_prefix_4ddr_Pipeline_preload_model_prefix_word_loop : model_norm_cache0 | {}
	Port: int4_preload_model_prefix_4ddr_Pipeline_preload_model_prefix_word_loop : model_norm_cache1 | {}
	Port: int4_preload_model_prefix_4ddr_Pipeline_preload_model_prefix_word_loop : model_norm_cache2 | {}
	Port: int4_preload_model_prefix_4ddr_Pipeline_preload_model_prefix_word_loop : model_norm_cache3 | {}
  - Chain level:
	State 1
		store_ln433 : 1
		word_24 : 1
		icmp_ln434 : 2
		add_ln435 : 2
		br_ln433 : 3
		store_ln433 : 3
	State 2
		gmem0_addr_read : 1
		gmem1_addr_read : 1
		gmem2_addr_read : 1
		gmem3_addr_read : 1
		br_ln441 : 1
	State 3
		model_norm_cache0_addr : 1
		store_ln449 : 2
		model_norm_cache1_addr : 1
		store_ln450 : 2
		model_norm_cache2_addr : 1
		store_ln451 : 2
		model_norm_cache3_addr : 1
		store_ln452 : 2
		model_scale_cache0_addr : 1
		store_ln442 : 2
		model_scale_cache1_addr : 1
		store_ln443 : 2
		model_scale_cache2_addr : 1
		store_ln444 : 2
		model_scale_cache3_addr : 1
		store_ln445 : 2


============================================================
+ Verbose Summary: Datapath Resource usage 
============================================================

* Functional unit list:
|----------|-------------------------------|---------|---------|
| Operation|        Functional Unit        |    FF   |   LUT   |
|----------|-------------------------------|---------|---------|
|   icmp   |       icmp_ln434_fu_274       |    0    |    20   |
|          |       icmp_ln441_fu_315       |    0    |    20   |
|----------|-------------------------------|---------|---------|
|    add   |        add_ln435_fu_280       |    0    |    20   |
|          |        add_ln448_fu_320       |    0    |    20   |
|----------|-------------------------------|---------|---------|
|          | sext_ln433_3_read_read_fu_102 |    0    |    0    |
|          | sext_ln433_2_read_read_fu_108 |    0    |    0    |
|          | sext_ln433_1_read_read_fu_114 |    0    |    0    |
|   read   |  sext_ln433_read_read_fu_120  |    0    |    0    |
|          |  gmem0_addr_read_read_fu_126  |    0    |    0    |
|          |  gmem1_addr_read_read_fu_131  |    0    |    0    |
|          |  gmem2_addr_read_read_fu_136  |    0    |    0    |
|          |  gmem3_addr_read_read_fu_141  |    0    |    0    |
|----------|-------------------------------|---------|---------|
|          |    sext_ln433_3_cast_fu_250   |    0    |    0    |
|   sext   |    sext_ln433_2_cast_fu_254   |    0    |    0    |
|          |    sext_ln433_1_cast_fu_258   |    0    |    0    |
|          |     sext_ln433_cast_fu_262    |    0    |    0    |
|----------|-------------------------------|---------|---------|
|   zext   |       zext_ln434_fu_325       |    0    |    0    |
|          |       zext_ln449_fu_332       |    0    |    0    |
|----------|-------------------------------|---------|---------|
|   Total  |                               |    0    |    80   |
|----------|-------------------------------|---------|---------|

Memories:
N/A

* Register list:
+-------------------------+--------+
|                         |   FF   |
+-------------------------+--------+
|    add_ln448_reg_405    |   13   |
| gmem0_addr_read_reg_377 |   512  |
| gmem1_addr_read_reg_383 |   512  |
| gmem2_addr_read_reg_389 |   512  |
| gmem3_addr_read_reg_395 |   512  |
|    icmp_ln434_reg_373   |    1   |
|    icmp_ln441_reg_401   |    1   |
|sext_ln433_1_cast_reg_356|   64   |
|sext_ln433_2_cast_reg_351|   64   |
|sext_ln433_3_cast_reg_346|   64   |
| sext_ln433_cast_reg_361 |   64   |
|     word_24_reg_366     |   13   |
|       word_reg_339      |   13   |
+-------------------------+--------+
|          Total          |  2345  |
+-------------------------+--------+

* Multiplexer (MUX) list: 
|--------|------|------|------|--------|
|  Comp  |  Pin | Size |  BW  | S x BW |
|--------|------|------|------|--------|
|  Total |      |      |      |    0   |
|--------|------|------|------|--------|



* Summary:
+-----------+--------+--------+
|           |   FF   |   LUT  |
+-----------+--------+--------+
|  Function |    0   |   80   |
|   Memory  |    -   |    -   |
|Multiplexer|    -   |    -   |
|  Register |  2345  |    -   |
+-----------+--------+--------+
|   Total   |  2345  |   80   |
+-----------+--------+--------+
