

================================================================
== Vitis HLS Report for 'int4_store_residual_4ddr'
================================================================
* Date:           Tue Aug 11 09:17:56 2026

* Version:        2023.2 (Build 4023990 on Oct 11 2023)
* Project:        proj_int4_decoder_xo
* Solution:       solution1 (Vitis Kernel Flow Target)
* Product family: virtexuplus
* Target device:  xcu250-figd2104-2L-e


================================================================
== Performance Estimates
================================================================
+ Timing: 
    * Summary: 
    +--------+---------+----------+------------+
    |  Clock |  Target | Estimated| Uncertainty|
    +--------+---------+----------+------------+
    |ap_clk  |  3.33 ns|  2.433 ns|     0.90 ns|
    +--------+---------+----------+------------+

+ Latency: 
    * Summary: 
    +---------+---------+----------+----------+-----+-----+---------+
    |  Latency (cycles) |  Latency (absolute) |  Interval | Pipeline|
    |   min   |   max   |    min   |    max   | min | max |   Type  |
    +---------+---------+----------+----------+-----+-----+---------+
    |      137|      137|  0.457 us|  0.457 us|  137|  137|       no|
    +---------+---------+----------+----------+-----+-----+---------+

    + Detail: 
        * Instance: 
        +-----------------------------------------------------------------------+------------------------------------------------------------+---------+---------+----------+----------+-----+-----+---------+
        |                                                                       |                                                            |  Latency (cycles) |  Latency (absolute) |  Interval | Pipeline|
        |                                Instance                               |                           Module                           |   min   |   max   |    min   |    max   | min | max |   Type  |
        +-----------------------------------------------------------------------+------------------------------------------------------------+---------+---------+----------+----------+-----+-----+---------+
        |grp_int4_store_residual_4ddr_Pipeline_store_residual_word_loop_fu_132  |int4_store_residual_4ddr_Pipeline_store_residual_word_loop  |       67|       67|  0.223 us|  0.223 us|   67|   67|       no|
        +-----------------------------------------------------------------------+------------------------------------------------------------+---------+---------+----------+----------+-----+-----+---------+

        * Loop: 
        N/A

============================================================
+ Verbose Summary: Synthesis Manager
============================================================
InlineROM: 1
ExposeGlobal: 0
============================================================
+ Verbose Summary: CDFG Model
============================================================
IsTopModel: 0
ResetActiveHigh: 1
IsCombinational: 0
IsDatapathOnly: 0
HasWiredReturn: 1
HasMFsm: 0
HasVarLatency: 1
IsPipeline: 0
IsRtlPipelined: 0
IsInstanceOverlapped: 0
IsDontTouch: 0
HasImplIP: 0
IsGatedGlobalClock: 0


============================================================
+ Verbose Summary: Schedule
============================================================
* Number of FSM states : 71
* Pipeline : 0
* Dataflow Pipeline: 0

* FSM state transitions: 
1 --> 2 
2 --> 3 
3 --> 4 
4 --> 5 
5 --> 6 
6 --> 7 
7 --> 8 
8 --> 9 
9 --> 10 
10 --> 11 
11 --> 12 
12 --> 13 
13 --> 14 
14 --> 15 
15 --> 16 
16 --> 17 
17 --> 18 
18 --> 19 
19 --> 20 
20 --> 21 
21 --> 22 
22 --> 23 
23 --> 24 
24 --> 25 
25 --> 26 
26 --> 27 
27 --> 28 
28 --> 29 
29 --> 30 
30 --> 31 
31 --> 32 
32 --> 33 
33 --> 34 
34 --> 35 
35 --> 36 
36 --> 37 
37 --> 38 
38 --> 39 
39 --> 40 
40 --> 41 
41 --> 42 
42 --> 43 
43 --> 44 
44 --> 45 
45 --> 46 
46 --> 47 
47 --> 48 
48 --> 49 
49 --> 50 
50 --> 51 
51 --> 52 
52 --> 53 
53 --> 54 
54 --> 55 
55 --> 56 
56 --> 57 
57 --> 58 
58 --> 59 
59 --> 60 
60 --> 61 
61 --> 62 
62 --> 63 
63 --> 64 
64 --> 65 
65 --> 66 
66 --> 67 
67 --> 68 
68 --> 69 
69 --> 70 
70 --> 71 
71 --> 

* FSM state operations: 

State 1 <SV = 0> <Delay = 2.43>
ST_1 : Operation 72 [1/1] (0.00ns)   --->   "%residual_pe3_read = read i64 @_ssdm_op_Read.ap_auto.i64, i64 %residual_pe3" [source/int4_decoder_controller.cpp:483]   --->   Operation 72 'read' 'residual_pe3_read' <Predicate = true> <Delay = 0.00>
ST_1 : Operation 73 [1/1] (0.00ns)   --->   "%residual_pe2_read = read i64 @_ssdm_op_Read.ap_auto.i64, i64 %residual_pe2" [source/int4_decoder_controller.cpp:483]   --->   Operation 73 'read' 'residual_pe2_read' <Predicate = true> <Delay = 0.00>
ST_1 : Operation 74 [1/1] (0.00ns)   --->   "%residual_pe1_read = read i64 @_ssdm_op_Read.ap_auto.i64, i64 %residual_pe1" [source/int4_decoder_controller.cpp:483]   --->   Operation 74 'read' 'residual_pe1_read' <Predicate = true> <Delay = 0.00>
ST_1 : Operation 75 [1/1] (0.00ns)   --->   "%residual_pe0_read = read i64 @_ssdm_op_Read.ap_auto.i64, i64 %residual_pe0" [source/int4_decoder_controller.cpp:483]   --->   Operation 75 'read' 'residual_pe0_read' <Predicate = true> <Delay = 0.00>
ST_1 : Operation 76 [1/1] (0.00ns)   --->   "%trunc_ln = partselect i58 @_ssdm_op_PartSelect.i58.i64.i32.i32, i64 %residual_pe0_read, i32 6, i32 63" [source/int4_decoder_controller.cpp:498]   --->   Operation 76 'partselect' 'trunc_ln' <Predicate = true> <Delay = 0.00>
ST_1 : Operation 77 [1/1] (0.00ns)   --->   "%sext_ln498 = sext i58 %trunc_ln" [source/int4_decoder_controller.cpp:498]   --->   Operation 77 'sext' 'sext_ln498' <Predicate = true> <Delay = 0.00>
ST_1 : Operation 78 [1/1] (0.00ns)   --->   "%gmem0_addr = getelementptr i512 %gmem0, i64 %sext_ln498" [source/int4_decoder_controller.cpp:498]   --->   Operation 78 'getelementptr' 'gmem0_addr' <Predicate = true> <Delay = 0.00>
ST_1 : Operation 79 [1/1] (2.43ns)   --->   "%empty = writereq i1 @_ssdm_op_WriteReq.m_axi.p1i512, i512 %gmem0_addr, i32 64" [source/int4_decoder_controller.cpp:498]   --->   Operation 79 'writereq' 'empty' <Predicate = true> <Delay = 2.43> <CoreInst = "m_axi">   --->   Core 121 'm_axi' <Latency = 0> <II = 1> <Delay = 1.00> <Adapter> <Opcode : 'read' 'write' 'readreq' 'writereq' 'writeresp'>
ST_1 : Operation 80 [1/1] (0.00ns)   --->   "%trunc_ln498_1 = partselect i58 @_ssdm_op_PartSelect.i58.i64.i32.i32, i64 %residual_pe1_read, i32 6, i32 63" [source/int4_decoder_controller.cpp:498]   --->   Operation 80 'partselect' 'trunc_ln498_1' <Predicate = true> <Delay = 0.00>
ST_1 : Operation 81 [1/1] (0.00ns)   --->   "%sext_ln498_1 = sext i58 %trunc_ln498_1" [source/int4_decoder_controller.cpp:498]   --->   Operation 81 'sext' 'sext_ln498_1' <Predicate = true> <Delay = 0.00>
ST_1 : Operation 82 [1/1] (0.00ns)   --->   "%gmem1_addr = getelementptr i512 %gmem1, i64 %sext_ln498_1" [source/int4_decoder_controller.cpp:498]   --->   Operation 82 'getelementptr' 'gmem1_addr' <Predicate = true> <Delay = 0.00>
ST_1 : Operation 83 [1/1] (2.43ns)   --->   "%empty_849 = writereq i1 @_ssdm_op_WriteReq.m_axi.p1i512, i512 %gmem1_addr, i32 64" [source/int4_decoder_controller.cpp:498]   --->   Operation 83 'writereq' 'empty_849' <Predicate = true> <Delay = 2.43> <CoreInst = "m_axi">   --->   Core 121 'm_axi' <Latency = 0> <II = 1> <Delay = 1.00> <Adapter> <Opcode : 'read' 'write' 'readreq' 'writereq' 'writeresp'>
ST_1 : Operation 84 [1/1] (0.00ns)   --->   "%trunc_ln498_2 = partselect i58 @_ssdm_op_PartSelect.i58.i64.i32.i32, i64 %residual_pe2_read, i32 6, i32 63" [source/int4_decoder_controller.cpp:498]   --->   Operation 84 'partselect' 'trunc_ln498_2' <Predicate = true> <Delay = 0.00>
ST_1 : Operation 85 [1/1] (0.00ns)   --->   "%sext_ln498_2 = sext i58 %trunc_ln498_2" [source/int4_decoder_controller.cpp:498]   --->   Operation 85 'sext' 'sext_ln498_2' <Predicate = true> <Delay = 0.00>
ST_1 : Operation 86 [1/1] (0.00ns)   --->   "%gmem2_addr = getelementptr i512 %gmem2, i64 %sext_ln498_2" [source/int4_decoder_controller.cpp:498]   --->   Operation 86 'getelementptr' 'gmem2_addr' <Predicate = true> <Delay = 0.00>
ST_1 : Operation 87 [1/1] (2.43ns)   --->   "%empty_850 = writereq i1 @_ssdm_op_WriteReq.m_axi.p1i512, i512 %gmem2_addr, i32 64" [source/int4_decoder_controller.cpp:498]   --->   Operation 87 'writereq' 'empty_850' <Predicate = true> <Delay = 2.43> <CoreInst = "m_axi">   --->   Core 121 'm_axi' <Latency = 0> <II = 1> <Delay = 1.00> <Adapter> <Opcode : 'read' 'write' 'readreq' 'writereq' 'writeresp'>
ST_1 : Operation 88 [1/1] (0.00ns)   --->   "%trunc_ln498_3 = partselect i58 @_ssdm_op_PartSelect.i58.i64.i32.i32, i64 %residual_pe3_read, i32 6, i32 63" [source/int4_decoder_controller.cpp:498]   --->   Operation 88 'partselect' 'trunc_ln498_3' <Predicate = true> <Delay = 0.00>
ST_1 : Operation 89 [1/1] (0.00ns)   --->   "%sext_ln498_3 = sext i58 %trunc_ln498_3" [source/int4_decoder_controller.cpp:498]   --->   Operation 89 'sext' 'sext_ln498_3' <Predicate = true> <Delay = 0.00>
ST_1 : Operation 90 [1/1] (0.00ns)   --->   "%gmem3_addr = getelementptr i512 %gmem3, i64 %sext_ln498_3" [source/int4_decoder_controller.cpp:498]   --->   Operation 90 'getelementptr' 'gmem3_addr' <Predicate = true> <Delay = 0.00>
ST_1 : Operation 91 [1/1] (2.43ns)   --->   "%empty_851 = writereq i1 @_ssdm_op_WriteReq.m_axi.p1i512, i512 %gmem3_addr, i32 64" [source/int4_decoder_controller.cpp:498]   --->   Operation 91 'writereq' 'empty_851' <Predicate = true> <Delay = 2.43> <CoreInst = "m_axi">   --->   Core 121 'm_axi' <Latency = 0> <II = 1> <Delay = 1.00> <Adapter> <Opcode : 'read' 'write' 'readreq' 'writereq' 'writeresp'>

State 2 <SV = 1> <Delay = 0.00>
ST_2 : Operation 92 [2/2] (0.00ns)   --->   "%call_ln498 = call void @int4_store_residual_4ddr_Pipeline_store_residual_word_loop, i512 %gmem0, i58 %trunc_ln, i512 %gmem1, i58 %trunc_ln498_1, i512 %gmem2, i58 %trunc_ln498_2, i512 %gmem3, i58 %trunc_ln498_3, i512 %residual_buffer0, i512 %residual_buffer1, i512 %residual_buffer2, i512 %residual_buffer3" [source/int4_decoder_controller.cpp:498]   --->   Operation 92 'call' 'call_ln498' <Predicate = true> <Delay = 0.00> <CoreType = "Generic">   --->   Core 0 '' <Latency = 0> <II = 1> <Delay = 1.00> <Generic> <Opcode : >

State 3 <SV = 2> <Delay = 0.00>
ST_3 : Operation 93 [1/2] (0.00ns)   --->   "%call_ln498 = call void @int4_store_residual_4ddr_Pipeline_store_residual_word_loop, i512 %gmem0, i58 %trunc_ln, i512 %gmem1, i58 %trunc_ln498_1, i512 %gmem2, i58 %trunc_ln498_2, i512 %gmem3, i58 %trunc_ln498_3, i512 %residual_buffer0, i512 %residual_buffer1, i512 %residual_buffer2, i512 %residual_buffer3" [source/int4_decoder_controller.cpp:498]   --->   Operation 93 'call' 'call_ln498' <Predicate = true> <Delay = 0.00> <CoreType = "Generic">   --->   Core 0 '' <Latency = 0> <II = 1> <Delay = 1.00> <Generic> <Opcode : >

State 4 <SV = 3> <Delay = 2.43>
ST_4 : Operation 94 [68/68] (2.43ns)   --->   "%empty_852 = writeresp i1 @_ssdm_op_WriteResp.m_axi.p1i512, i512 %gmem0_addr" [source/int4_decoder_controller.cpp:507]   --->   Operation 94 'writeresp' 'empty_852' <Predicate = true> <Delay = 2.43> <CoreInst = "m_axi">   --->   Core 121 'm_axi' <Latency = 0> <II = 1> <Delay = 1.00> <Adapter> <Opcode : 'read' 'write' 'readreq' 'writereq' 'writeresp'>
ST_4 : Operation 95 [68/68] (2.43ns)   --->   "%empty_853 = writeresp i1 @_ssdm_op_WriteResp.m_axi.p1i512, i512 %gmem1_addr" [source/int4_decoder_controller.cpp:507]   --->   Operation 95 'writeresp' 'empty_853' <Predicate = true> <Delay = 2.43> <CoreInst = "m_axi">   --->   Core 121 'm_axi' <Latency = 0> <II = 1> <Delay = 1.00> <Adapter> <Opcode : 'read' 'write' 'readreq' 'writereq' 'writeresp'>
ST_4 : Operation 96 [68/68] (2.43ns)   --->   "%empty_854 = writeresp i1 @_ssdm_op_WriteResp.m_axi.p1i512, i512 %gmem2_addr" [source/int4_decoder_controller.cpp:507]   --->   Operation 96 'writeresp' 'empty_854' <Predicate = true> <Delay = 2.43> <CoreInst = "m_axi">   --->   Core 121 'm_axi' <Latency = 0> <II = 1> <Delay = 1.00> <Adapter> <Opcode : 'read' 'write' 'readreq' 'writereq' 'writeresp'>
ST_4 : Operation 97 [68/68] (2.43ns)   --->   "%empty_855 = writeresp i1 @_ssdm_op_WriteResp.m_axi.p1i512, i512 %gmem3_addr" [source/int4_decoder_controller.cpp:507]   --->   Operation 97 'writeresp' 'empty_855' <Predicate = true> <Delay = 2.43> <CoreInst = "m_axi">   --->   Core 121 'm_axi' <Latency = 0> <II = 1> <Delay = 1.00> <Adapter> <Opcode : 'read' 'write' 'readreq' 'writereq' 'writeresp'>

State 5 <SV = 4> <Delay = 2.43>
ST_5 : Operation 98 [67/68] (2.43ns)   --->   "%empty_852 = writeresp i1 @_ssdm_op_WriteResp.m_axi.p1i512, i512 %gmem0_addr" [source/int4_decoder_controller.cpp:507]   --->   Operation 98 'writeresp' 'empty_852' <Predicate = true> <Delay = 2.43> <CoreInst = "m_axi">   --->   Core 121 'm_axi' <Latency = 0> <II = 1> <Delay = 1.00> <Adapter> <Opcode : 'read' 'write' 'readreq' 'writereq' 'writeresp'>
ST_5 : Operation 99 [67/68] (2.43ns)   --->   "%empty_853 = writeresp i1 @_ssdm_op_WriteResp.m_axi.p1i512, i512 %gmem1_addr" [source/int4_decoder_controller.cpp:507]   --->   Operation 99 'writeresp' 'empty_853' <Predicate = true> <Delay = 2.43> <CoreInst = "m_axi">   --->   Core 121 'm_axi' <Latency = 0> <II = 1> <Delay = 1.00> <Adapter> <Opcode : 'read' 'write' 'readreq' 'writereq' 'writeresp'>
ST_5 : Operation 100 [67/68] (2.43ns)   --->   "%empty_854 = writeresp i1 @_ssdm_op_WriteResp.m_axi.p1i512, i512 %gmem2_addr" [source/int4_decoder_controller.cpp:507]   --->   Operation 100 'writeresp' 'empty_854' <Predicate = true> <Delay = 2.43> <CoreInst = "m_axi">   --->   Core 121 'm_axi' <Latency = 0> <II = 1> <Delay = 1.00> <Adapter> <Opcode : 'read' 'write' 'readreq' 'writereq' 'writeresp'>
ST_5 : Operation 101 [67/68] (2.43ns)   --->   "%empty_855 = writeresp i1 @_ssdm_op_WriteResp.m_axi.p1i512, i512 %gmem3_addr" [source/int4_decoder_controller.cpp:507]   --->   Operation 101 'writeresp' 'empty_855' <Predicate = true> <Delay = 2.43> <CoreInst = "m_axi">   --->   Core 121 'm_axi' <Latency = 0> <II = 1> <Delay = 1.00> <Adapter> <Opcode : 'read' 'write' 'readreq' 'writereq' 'writeresp'>

State 6 <SV = 5> <Delay = 2.43>
ST_6 : Operation 102 [66/68] (2.43ns)   --->   "%empty_852 = writeresp i1 @_ssdm_op_WriteResp.m_axi.p1i512, i512 %gmem0_addr" [source/int4_decoder_controller.cpp:507]   --->   Operation 102 'writeresp' 'empty_852' <Predicate = true> <Delay = 2.43> <CoreInst = "m_axi">   --->   Core 121 'm_axi' <Latency = 0> <II = 1> <Delay = 1.00> <Adapter> <Opcode : 'read' 'write' 'readreq' 'writereq' 'writeresp'>
ST_6 : Operation 103 [66/68] (2.43ns)   --->   "%empty_853 = writeresp i1 @_ssdm_op_WriteResp.m_axi.p1i512, i512 %gmem1_addr" [source/int4_decoder_controller.cpp:507]   --->   Operation 103 'writeresp' 'empty_853' <Predicate = true> <Delay = 2.43> <CoreInst = "m_axi">   --->   Core 121 'm_axi' <Latency = 0> <II = 1> <Delay = 1.00> <Adapter> <Opcode : 'read' 'write' 'readreq' 'writereq' 'writeresp'>
ST_6 : Operation 104 [66/68] (2.43ns)   --->   "%empty_854 = writeresp i1 @_ssdm_op_WriteResp.m_axi.p1i512, i512 %gmem2_addr" [source/int4_decoder_controller.cpp:507]   --->   Operation 104 'writeresp' 'empty_854' <Predicate = true> <Delay = 2.43> <CoreInst = "m_axi">   --->   Core 121 'm_axi' <Latency = 0> <II = 1> <Delay = 1.00> <Adapter> <Opcode : 'read' 'write' 'readreq' 'writereq' 'writeresp'>
ST_6 : Operation 105 [66/68] (2.43ns)   --->   "%empty_855 = writeresp i1 @_ssdm_op_WriteResp.m_axi.p1i512, i512 %gmem3_addr" [source/int4_decoder_controller.cpp:507]   --->   Operation 105 'writeresp' 'empty_855' <Predicate = true> <Delay = 2.43> <CoreInst = "m_axi">   --->   Core 121 'm_axi' <Latency = 0> <II = 1> <Delay = 1.00> <Adapter> <Opcode : 'read' 'write' 'readreq' 'writereq' 'writeresp'>

State 7 <SV = 6> <Delay = 2.43>
ST_7 : Operation 106 [65/68] (2.43ns)   --->   "%empty_852 = writeresp i1 @_ssdm_op_WriteResp.m_axi.p1i512, i512 %gmem0_addr" [source/int4_decoder_controller.cpp:507]   --->   Operation 106 'writeresp' 'empty_852' <Predicate = true> <Delay = 2.43> <CoreInst = "m_axi">   --->   Core 121 'm_axi' <Latency = 0> <II = 1> <Delay = 1.00> <Adapter> <Opcode : 'read' 'write' 'readreq' 'writereq' 'writeresp'>
ST_7 : Operation 107 [65/68] (2.43ns)   --->   "%empty_853 = writeresp i1 @_ssdm_op_WriteResp.m_axi.p1i512, i512 %gmem1_addr" [source/int4_decoder_controller.cpp:507]   --->   Operation 107 'writeresp' 'empty_853' <Predicate = true> <Delay = 2.43> <CoreInst = "m_axi">   --->   Core 121 'm_axi' <Latency = 0> <II = 1> <Delay = 1.00> <Adapter> <Opcode : 'read' 'write' 'readreq' 'writereq' 'writeresp'>
ST_7 : Operation 108 [65/68] (2.43ns)   --->   "%empty_854 = writeresp i1 @_ssdm_op_WriteResp.m_axi.p1i512, i512 %gmem2_addr" [source/int4_decoder_controller.cpp:507]   --->   Operation 108 'writeresp' 'empty_854' <Predicate = true> <Delay = 2.43> <CoreInst = "m_axi">   --->   Core 121 'm_axi' <Latency = 0> <II = 1> <Delay = 1.00> <Adapter> <Opcode : 'read' 'write' 'readreq' 'writereq' 'writeresp'>
ST_7 : Operation 109 [65/68] (2.43ns)   --->   "%empty_855 = writeresp i1 @_ssdm_op_WriteResp.m_axi.p1i512, i512 %gmem3_addr" [source/int4_decoder_controller.cpp:507]   --->   Operation 109 'writeresp' 'empty_855' <Predicate = true> <Delay = 2.43> <CoreInst = "m_axi">   --->   Core 121 'm_axi' <Latency = 0> <II = 1> <Delay = 1.00> <Adapter> <Opcode : 'read' 'write' 'readreq' 'writereq' 'writeresp'>

State 8 <SV = 7> <Delay = 2.43>
ST_8 : Operation 110 [64/68] (2.43ns)   --->   "%empty_852 = writeresp i1 @_ssdm_op_WriteResp.m_axi.p1i512, i512 %gmem0_addr" [source/int4_decoder_controller.cpp:507]   --->   Operation 110 'writeresp' 'empty_852' <Predicate = true> <Delay = 2.43> <CoreInst = "m_axi">   --->   Core 121 'm_axi' <Latency = 0> <II = 1> <Delay = 1.00> <Adapter> <Opcode : 'read' 'write' 'readreq' 'writereq' 'writeresp'>
ST_8 : Operation 111 [64/68] (2.43ns)   --->   "%empty_853 = writeresp i1 @_ssdm_op_WriteResp.m_axi.p1i512, i512 %gmem1_addr" [source/int4_decoder_controller.cpp:507]   --->   Operation 111 'writeresp' 'empty_853' <Predicate = true> <Delay = 2.43> <CoreInst = "m_axi">   --->   Core 121 'm_axi' <Latency = 0> <II = 1> <Delay = 1.00> <Adapter> <Opcode : 'read' 'write' 'readreq' 'writereq' 'writeresp'>
ST_8 : Operation 112 [64/68] (2.43ns)   --->   "%empty_854 = writeresp i1 @_ssdm_op_WriteResp.m_axi.p1i512, i512 %gmem2_addr" [source/int4_decoder_controller.cpp:507]   --->   Operation 112 'writeresp' 'empty_854' <Predicate = true> <Delay = 2.43> <CoreInst = "m_axi">   --->   Core 121 'm_axi' <Latency = 0> <II = 1> <Delay = 1.00> <Adapter> <Opcode : 'read' 'write' 'readreq' 'writereq' 'writeresp'>
ST_8 : Operation 113 [64/68] (2.43ns)   --->   "%empty_855 = writeresp i1 @_ssdm_op_WriteResp.m_axi.p1i512, i512 %gmem3_addr" [source/int4_decoder_controller.cpp:507]   --->   Operation 113 'writeresp' 'empty_855' <Predicate = true> <Delay = 2.43> <CoreInst = "m_axi">   --->   Core 121 'm_axi' <Latency = 0> <II = 1> <Delay = 1.00> <Adapter> <Opcode : 'read' 'write' 'readreq' 'writereq' 'writeresp'>

State 9 <SV = 8> <Delay = 2.43>
ST_9 : Operation 114 [63/68] (2.43ns)   --->   "%empty_852 = writeresp i1 @_ssdm_op_WriteResp.m_axi.p1i512, i512 %gmem0_addr" [source/int4_decoder_controller.cpp:507]   --->   Operation 114 'writeresp' 'empty_852' <Predicate = true> <Delay = 2.43> <CoreInst = "m_axi">   --->   Core 121 'm_axi' <Latency = 0> <II = 1> <Delay = 1.00> <Adapter> <Opcode : 'read' 'write' 'readreq' 'writereq' 'writeresp'>
ST_9 : Operation 115 [63/68] (2.43ns)   --->   "%empty_853 = writeresp i1 @_ssdm_op_WriteResp.m_axi.p1i512, i512 %gmem1_addr" [source/int4_decoder_controller.cpp:507]   --->   Operation 115 'writeresp' 'empty_853' <Predicate = true> <Delay = 2.43> <CoreInst = "m_axi">   --->   Core 121 'm_axi' <Latency = 0> <II = 1> <Delay = 1.00> <Adapter> <Opcode : 'read' 'write' 'readreq' 'writereq' 'writeresp'>
ST_9 : Operation 116 [63/68] (2.43ns)   --->   "%empty_854 = writeresp i1 @_ssdm_op_WriteResp.m_axi.p1i512, i512 %gmem2_addr" [source/int4_decoder_controller.cpp:507]   --->   Operation 116 'writeresp' 'empty_854' <Predicate = true> <Delay = 2.43> <CoreInst = "m_axi">   --->   Core 121 'm_axi' <Latency = 0> <II = 1> <Delay = 1.00> <Adapter> <Opcode : 'read' 'write' 'readreq' 'writereq' 'writeresp'>
ST_9 : Operation 117 [63/68] (2.43ns)   --->   "%empty_855 = writeresp i1 @_ssdm_op_WriteResp.m_axi.p1i512, i512 %gmem3_addr" [source/int4_decoder_controller.cpp:507]   --->   Operation 117 'writeresp' 'empty_855' <Predicate = true> <Delay = 2.43> <CoreInst = "m_axi">   --->   Core 121 'm_axi' <Latency = 0> <II = 1> <Delay = 1.00> <Adapter> <Opcode : 'read' 'write' 'readreq' 'writereq' 'writeresp'>

State 10 <SV = 9> <Delay = 2.43>
ST_10 : Operation 118 [62/68] (2.43ns)   --->   "%empty_852 = writeresp i1 @_ssdm_op_WriteResp.m_axi.p1i512, i512 %gmem0_addr" [source/int4_decoder_controller.cpp:507]   --->   Operation 118 'writeresp' 'empty_852' <Predicate = true> <Delay = 2.43> <CoreInst = "m_axi">   --->   Core 121 'm_axi' <Latency = 0> <II = 1> <Delay = 1.00> <Adapter> <Opcode : 'read' 'write' 'readreq' 'writereq' 'writeresp'>
ST_10 : Operation 119 [62/68] (2.43ns)   --->   "%empty_853 = writeresp i1 @_ssdm_op_WriteResp.m_axi.p1i512, i512 %gmem1_addr" [source/int4_decoder_controller.cpp:507]   --->   Operation 119 'writeresp' 'empty_853' <Predicate = true> <Delay = 2.43> <CoreInst = "m_axi">   --->   Core 121 'm_axi' <Latency = 0> <II = 1> <Delay = 1.00> <Adapter> <Opcode : 'read' 'write' 'readreq' 'writereq' 'writeresp'>
ST_10 : Operation 120 [62/68] (2.43ns)   --->   "%empty_854 = writeresp i1 @_ssdm_op_WriteResp.m_axi.p1i512, i512 %gmem2_addr" [source/int4_decoder_controller.cpp:507]   --->   Operation 120 'writeresp' 'empty_854' <Predicate = true> <Delay = 2.43> <CoreInst = "m_axi">   --->   Core 121 'm_axi' <Latency = 0> <II = 1> <Delay = 1.00> <Adapter> <Opcode : 'read' 'write' 'readreq' 'writereq' 'writeresp'>
ST_10 : Operation 121 [62/68] (2.43ns)   --->   "%empty_855 = writeresp i1 @_ssdm_op_WriteResp.m_axi.p1i512, i512 %gmem3_addr" [source/int4_decoder_controller.cpp:507]   --->   Operation 121 'writeresp' 'empty_855' <Predicate = true> <Delay = 2.43> <CoreInst = "m_axi">   --->   Core 121 'm_axi' <Latency = 0> <II = 1> <Delay = 1.00> <Adapter> <Opcode : 'read' 'write' 'readreq' 'writereq' 'writeresp'>

State 11 <SV = 10> <Delay = 2.43>
ST_11 : Operation 122 [61/68] (2.43ns)   --->   "%empty_852 = writeresp i1 @_ssdm_op_WriteResp.m_axi.p1i512, i512 %gmem0_addr" [source/int4_decoder_controller.cpp:507]   --->   Operation 122 'writeresp' 'empty_852' <Predicate = true> <Delay = 2.43> <CoreInst = "m_axi">   --->   Core 121 'm_axi' <Latency = 0> <II = 1> <Delay = 1.00> <Adapter> <Opcode : 'read' 'write' 'readreq' 'writereq' 'writeresp'>
ST_11 : Operation 123 [61/68] (2.43ns)   --->   "%empty_853 = writeresp i1 @_ssdm_op_WriteResp.m_axi.p1i512, i512 %gmem1_addr" [source/int4_decoder_controller.cpp:507]   --->   Operation 123 'writeresp' 'empty_853' <Predicate = true> <Delay = 2.43> <CoreInst = "m_axi">   --->   Core 121 'm_axi' <Latency = 0> <II = 1> <Delay = 1.00> <Adapter> <Opcode : 'read' 'write' 'readreq' 'writereq' 'writeresp'>
ST_11 : Operation 124 [61/68] (2.43ns)   --->   "%empty_854 = writeresp i1 @_ssdm_op_WriteResp.m_axi.p1i512, i512 %gmem2_addr" [source/int4_decoder_controller.cpp:507]   --->   Operation 124 'writeresp' 'empty_854' <Predicate = true> <Delay = 2.43> <CoreInst = "m_axi">   --->   Core 121 'm_axi' <Latency = 0> <II = 1> <Delay = 1.00> <Adapter> <Opcode : 'read' 'write' 'readreq' 'writereq' 'writeresp'>
ST_11 : Operation 125 [61/68] (2.43ns)   --->   "%empty_855 = writeresp i1 @_ssdm_op_WriteResp.m_axi.p1i512, i512 %gmem3_addr" [source/int4_decoder_controller.cpp:507]   --->   Operation 125 'writeresp' 'empty_855' <Predicate = true> <Delay = 2.43> <CoreInst = "m_axi">   --->   Core 121 'm_axi' <Latency = 0> <II = 1> <Delay = 1.00> <Adapter> <Opcode : 'read' 'write' 'readreq' 'writereq' 'writeresp'>

State 12 <SV = 11> <Delay = 2.43>
ST_12 : Operation 126 [60/68] (2.43ns)   --->   "%empty_852 = writeresp i1 @_ssdm_op_WriteResp.m_axi.p1i512, i512 %gmem0_addr" [source/int4_decoder_controller.cpp:507]   --->   Operation 126 'writeresp' 'empty_852' <Predicate = true> <Delay = 2.43> <CoreInst = "m_axi">   --->   Core 121 'm_axi' <Latency = 0> <II = 1> <Delay = 1.00> <Adapter> <Opcode : 'read' 'write' 'readreq' 'writereq' 'writeresp'>
ST_12 : Operation 127 [60/68] (2.43ns)   --->   "%empty_853 = writeresp i1 @_ssdm_op_WriteResp.m_axi.p1i512, i512 %gmem1_addr" [source/int4_decoder_controller.cpp:507]   --->   Operation 127 'writeresp' 'empty_853' <Predicate = true> <Delay = 2.43> <CoreInst = "m_axi">   --->   Core 121 'm_axi' <Latency = 0> <II = 1> <Delay = 1.00> <Adapter> <Opcode : 'read' 'write' 'readreq' 'writereq' 'writeresp'>
ST_12 : Operation 128 [60/68] (2.43ns)   --->   "%empty_854 = writeresp i1 @_ssdm_op_WriteResp.m_axi.p1i512, i512 %gmem2_addr" [source/int4_decoder_controller.cpp:507]   --->   Operation 128 'writeresp' 'empty_854' <Predicate = true> <Delay = 2.43> <CoreInst = "m_axi">   --->   Core 121 'm_axi' <Latency = 0> <II = 1> <Delay = 1.00> <Adapter> <Opcode : 'read' 'write' 'readreq' 'writereq' 'writeresp'>
ST_12 : Operation 129 [60/68] (2.43ns)   --->   "%empty_855 = writeresp i1 @_ssdm_op_WriteResp.m_axi.p1i512, i512 %gmem3_addr" [source/int4_decoder_controller.cpp:507]   --->   Operation 129 'writeresp' 'empty_855' <Predicate = true> <Delay = 2.43> <CoreInst = "m_axi">   --->   Core 121 'm_axi' <Latency = 0> <II = 1> <Delay = 1.00> <Adapter> <Opcode : 'read' 'write' 'readreq' 'writereq' 'writeresp'>

State 13 <SV = 12> <Delay = 2.43>
ST_13 : Operation 130 [59/68] (2.43ns)   --->   "%empty_852 = writeresp i1 @_ssdm_op_WriteResp.m_axi.p1i512, i512 %gmem0_addr" [source/int4_decoder_controller.cpp:507]   --->   Operation 130 'writeresp' 'empty_852' <Predicate = true> <Delay = 2.43> <CoreInst = "m_axi">   --->   Core 121 'm_axi' <Latency = 0> <II = 1> <Delay = 1.00> <Adapter> <Opcode : 'read' 'write' 'readreq' 'writereq' 'writeresp'>
ST_13 : Operation 131 [59/68] (2.43ns)   --->   "%empty_853 = writeresp i1 @_ssdm_op_WriteResp.m_axi.p1i512, i512 %gmem1_addr" [source/int4_decoder_controller.cpp:507]   --->   Operation 131 'writeresp' 'empty_853' <Predicate = true> <Delay = 2.43> <CoreInst = "m_axi">   --->   Core 121 'm_axi' <Latency = 0> <II = 1> <Delay = 1.00> <Adapter> <Opcode : 'read' 'write' 'readreq' 'writereq' 'writeresp'>
ST_13 : Operation 132 [59/68] (2.43ns)   --->   "%empty_854 = writeresp i1 @_ssdm_op_WriteResp.m_axi.p1i512, i512 %gmem2_addr" [source/int4_decoder_controller.cpp:507]   --->   Operation 132 'writeresp' 'empty_854' <Predicate = true> <Delay = 2.43> <CoreInst = "m_axi">   --->   Core 121 'm_axi' <Latency = 0> <II = 1> <Delay = 1.00> <Adapter> <Opcode : 'read' 'write' 'readreq' 'writereq' 'writeresp'>
ST_13 : Operation 133 [59/68] (2.43ns)   --->   "%empty_855 = writeresp i1 @_ssdm_op_WriteResp.m_axi.p1i512, i512 %gmem3_addr" [source/int4_decoder_controller.cpp:507]   --->   Operation 133 'writeresp' 'empty_855' <Predicate = true> <Delay = 2.43> <CoreInst = "m_axi">   --->   Core 121 'm_axi' <Latency = 0> <II = 1> <Delay = 1.00> <Adapter> <Opcode : 'read' 'write' 'readreq' 'writereq' 'writeresp'>

State 14 <SV = 13> <Delay = 2.43>
ST_14 : Operation 134 [58/68] (2.43ns)   --->   "%empty_852 = writeresp i1 @_ssdm_op_WriteResp.m_axi.p1i512, i512 %gmem0_addr" [source/int4_decoder_controller.cpp:507]   --->   Operation 134 'writeresp' 'empty_852' <Predicate = true> <Delay = 2.43> <CoreInst = "m_axi">   --->   Core 121 'm_axi' <Latency = 0> <II = 1> <Delay = 1.00> <Adapter> <Opcode : 'read' 'write' 'readreq' 'writereq' 'writeresp'>
ST_14 : Operation 135 [58/68] (2.43ns)   --->   "%empty_853 = writeresp i1 @_ssdm_op_WriteResp.m_axi.p1i512, i512 %gmem1_addr" [source/int4_decoder_controller.cpp:507]   --->   Operation 135 'writeresp' 'empty_853' <Predicate = true> <Delay = 2.43> <CoreInst = "m_axi">   --->   Core 121 'm_axi' <Latency = 0> <II = 1> <Delay = 1.00> <Adapter> <Opcode : 'read' 'write' 'readreq' 'writereq' 'writeresp'>
ST_14 : Operation 136 [58/68] (2.43ns)   --->   "%empty_854 = writeresp i1 @_ssdm_op_WriteResp.m_axi.p1i512, i512 %gmem2_addr" [source/int4_decoder_controller.cpp:507]   --->   Operation 136 'writeresp' 'empty_854' <Predicate = true> <Delay = 2.43> <CoreInst = "m_axi">   --->   Core 121 'm_axi' <Latency = 0> <II = 1> <Delay = 1.00> <Adapter> <Opcode : 'read' 'write' 'readreq' 'writereq' 'writeresp'>
ST_14 : Operation 137 [58/68] (2.43ns)   --->   "%empty_855 = writeresp i1 @_ssdm_op_WriteResp.m_axi.p1i512, i512 %gmem3_addr" [source/int4_decoder_controller.cpp:507]   --->   Operation 137 'writeresp' 'empty_855' <Predicate = true> <Delay = 2.43> <CoreInst = "m_axi">   --->   Core 121 'm_axi' <Latency = 0> <II = 1> <Delay = 1.00> <Adapter> <Opcode : 'read' 'write' 'readreq' 'writereq' 'writeresp'>

State 15 <SV = 14> <Delay = 2.43>
ST_15 : Operation 138 [57/68] (2.43ns)   --->   "%empty_852 = writeresp i1 @_ssdm_op_WriteResp.m_axi.p1i512, i512 %gmem0_addr" [source/int4_decoder_controller.cpp:507]   --->   Operation 138 'writeresp' 'empty_852' <Predicate = true> <Delay = 2.43> <CoreInst = "m_axi">   --->   Core 121 'm_axi' <Latency = 0> <II = 1> <Delay = 1.00> <Adapter> <Opcode : 'read' 'write' 'readreq' 'writereq' 'writeresp'>
ST_15 : Operation 139 [57/68] (2.43ns)   --->   "%empty_853 = writeresp i1 @_ssdm_op_WriteResp.m_axi.p1i512, i512 %gmem1_addr" [source/int4_decoder_controller.cpp:507]   --->   Operation 139 'writeresp' 'empty_853' <Predicate = true> <Delay = 2.43> <CoreInst = "m_axi">   --->   Core 121 'm_axi' <Latency = 0> <II = 1> <Delay = 1.00> <Adapter> <Opcode : 'read' 'write' 'readreq' 'writereq' 'writeresp'>
ST_15 : Operation 140 [57/68] (2.43ns)   --->   "%empty_854 = writeresp i1 @_ssdm_op_WriteResp.m_axi.p1i512, i512 %gmem2_addr" [source/int4_decoder_controller.cpp:507]   --->   Operation 140 'writeresp' 'empty_854' <Predicate = true> <Delay = 2.43> <CoreInst = "m_axi">   --->   Core 121 'm_axi' <Latency = 0> <II = 1> <Delay = 1.00> <Adapter> <Opcode : 'read' 'write' 'readreq' 'writereq' 'writeresp'>
ST_15 : Operation 141 [57/68] (2.43ns)   --->   "%empty_855 = writeresp i1 @_ssdm_op_WriteResp.m_axi.p1i512, i512 %gmem3_addr" [source/int4_decoder_controller.cpp:507]   --->   Operation 141 'writeresp' 'empty_855' <Predicate = true> <Delay = 2.43> <CoreInst = "m_axi">   --->   Core 121 'm_axi' <Latency = 0> <II = 1> <Delay = 1.00> <Adapter> <Opcode : 'read' 'write' 'readreq' 'writereq' 'writeresp'>

State 16 <SV = 15> <Delay = 2.43>
ST_16 : Operation 142 [56/68] (2.43ns)   --->   "%empty_852 = writeresp i1 @_ssdm_op_WriteResp.m_axi.p1i512, i512 %gmem0_addr" [source/int4_decoder_controller.cpp:507]   --->   Operation 142 'writeresp' 'empty_852' <Predicate = true> <Delay = 2.43> <CoreInst = "m_axi">   --->   Core 121 'm_axi' <Latency = 0> <II = 1> <Delay = 1.00> <Adapter> <Opcode : 'read' 'write' 'readreq' 'writereq' 'writeresp'>
ST_16 : Operation 143 [56/68] (2.43ns)   --->   "%empty_853 = writeresp i1 @_ssdm_op_WriteResp.m_axi.p1i512, i512 %gmem1_addr" [source/int4_decoder_controller.cpp:507]   --->   Operation 143 'writeresp' 'empty_853' <Predicate = true> <Delay = 2.43> <CoreInst = "m_axi">   --->   Core 121 'm_axi' <Latency = 0> <II = 1> <Delay = 1.00> <Adapter> <Opcode : 'read' 'write' 'readreq' 'writereq' 'writeresp'>
ST_16 : Operation 144 [56/68] (2.43ns)   --->   "%empty_854 = writeresp i1 @_ssdm_op_WriteResp.m_axi.p1i512, i512 %gmem2_addr" [source/int4_decoder_controller.cpp:507]   --->   Operation 144 'writeresp' 'empty_854' <Predicate = true> <Delay = 2.43> <CoreInst = "m_axi">   --->   Core 121 'm_axi' <Latency = 0> <II = 1> <Delay = 1.00> <Adapter> <Opcode : 'read' 'write' 'readreq' 'writereq' 'writeresp'>
ST_16 : Operation 145 [56/68] (2.43ns)   --->   "%empty_855 = writeresp i1 @_ssdm_op_WriteResp.m_axi.p1i512, i512 %gmem3_addr" [source/int4_decoder_controller.cpp:507]   --->   Operation 145 'writeresp' 'empty_855' <Predicate = true> <Delay = 2.43> <CoreInst = "m_axi">   --->   Core 121 'm_axi' <Latency = 0> <II = 1> <Delay = 1.00> <Adapter> <Opcode : 'read' 'write' 'readreq' 'writereq' 'writeresp'>

State 17 <SV = 16> <Delay = 2.43>
ST_17 : Operation 146 [55/68] (2.43ns)   --->   "%empty_852 = writeresp i1 @_ssdm_op_WriteResp.m_axi.p1i512, i512 %gmem0_addr" [source/int4_decoder_controller.cpp:507]   --->   Operation 146 'writeresp' 'empty_852' <Predicate = true> <Delay = 2.43> <CoreInst = "m_axi">   --->   Core 121 'm_axi' <Latency = 0> <II = 1> <Delay = 1.00> <Adapter> <Opcode : 'read' 'write' 'readreq' 'writereq' 'writeresp'>
ST_17 : Operation 147 [55/68] (2.43ns)   --->   "%empty_853 = writeresp i1 @_ssdm_op_WriteResp.m_axi.p1i512, i512 %gmem1_addr" [source/int4_decoder_controller.cpp:507]   --->   Operation 147 'writeresp' 'empty_853' <Predicate = true> <Delay = 2.43> <CoreInst = "m_axi">   --->   Core 121 'm_axi' <Latency = 0> <II = 1> <Delay = 1.00> <Adapter> <Opcode : 'read' 'write' 'readreq' 'writereq' 'writeresp'>
ST_17 : Operation 148 [55/68] (2.43ns)   --->   "%empty_854 = writeresp i1 @_ssdm_op_WriteResp.m_axi.p1i512, i512 %gmem2_addr" [source/int4_decoder_controller.cpp:507]   --->   Operation 148 'writeresp' 'empty_854' <Predicate = true> <Delay = 2.43> <CoreInst = "m_axi">   --->   Core 121 'm_axi' <Latency = 0> <II = 1> <Delay = 1.00> <Adapter> <Opcode : 'read' 'write' 'readreq' 'writereq' 'writeresp'>
ST_17 : Operation 149 [55/68] (2.43ns)   --->   "%empty_855 = writeresp i1 @_ssdm_op_WriteResp.m_axi.p1i512, i512 %gmem3_addr" [source/int4_decoder_controller.cpp:507]   --->   Operation 149 'writeresp' 'empty_855' <Predicate = true> <Delay = 2.43> <CoreInst = "m_axi">   --->   Core 121 'm_axi' <Latency = 0> <II = 1> <Delay = 1.00> <Adapter> <Opcode : 'read' 'write' 'readreq' 'writereq' 'writeresp'>

State 18 <SV = 17> <Delay = 2.43>
ST_18 : Operation 150 [54/68] (2.43ns)   --->   "%empty_852 = writeresp i1 @_ssdm_op_WriteResp.m_axi.p1i512, i512 %gmem0_addr" [source/int4_decoder_controller.cpp:507]   --->   Operation 150 'writeresp' 'empty_852' <Predicate = true> <Delay = 2.43> <CoreInst = "m_axi">   --->   Core 121 'm_axi' <Latency = 0> <II = 1> <Delay = 1.00> <Adapter> <Opcode : 'read' 'write' 'readreq' 'writereq' 'writeresp'>
ST_18 : Operation 151 [54/68] (2.43ns)   --->   "%empty_853 = writeresp i1 @_ssdm_op_WriteResp.m_axi.p1i512, i512 %gmem1_addr" [source/int4_decoder_controller.cpp:507]   --->   Operation 151 'writeresp' 'empty_853' <Predicate = true> <Delay = 2.43> <CoreInst = "m_axi">   --->   Core 121 'm_axi' <Latency = 0> <II = 1> <Delay = 1.00> <Adapter> <Opcode : 'read' 'write' 'readreq' 'writereq' 'writeresp'>
ST_18 : Operation 152 [54/68] (2.43ns)   --->   "%empty_854 = writeresp i1 @_ssdm_op_WriteResp.m_axi.p1i512, i512 %gmem2_addr" [source/int4_decoder_controller.cpp:507]   --->   Operation 152 'writeresp' 'empty_854' <Predicate = true> <Delay = 2.43> <CoreInst = "m_axi">   --->   Core 121 'm_axi' <Latency = 0> <II = 1> <Delay = 1.00> <Adapter> <Opcode : 'read' 'write' 'readreq' 'writereq' 'writeresp'>
ST_18 : Operation 153 [54/68] (2.43ns)   --->   "%empty_855 = writeresp i1 @_ssdm_op_WriteResp.m_axi.p1i512, i512 %gmem3_addr" [source/int4_decoder_controller.cpp:507]   --->   Operation 153 'writeresp' 'empty_855' <Predicate = true> <Delay = 2.43> <CoreInst = "m_axi">   --->   Core 121 'm_axi' <Latency = 0> <II = 1> <Delay = 1.00> <Adapter> <Opcode : 'read' 'write' 'readreq' 'writereq' 'writeresp'>

State 19 <SV = 18> <Delay = 2.43>
ST_19 : Operation 154 [53/68] (2.43ns)   --->   "%empty_852 = writeresp i1 @_ssdm_op_WriteResp.m_axi.p1i512, i512 %gmem0_addr" [source/int4_decoder_controller.cpp:507]   --->   Operation 154 'writeresp' 'empty_852' <Predicate = true> <Delay = 2.43> <CoreInst = "m_axi">   --->   Core 121 'm_axi' <Latency = 0> <II = 1> <Delay = 1.00> <Adapter> <Opcode : 'read' 'write' 'readreq' 'writereq' 'writeresp'>
ST_19 : Operation 155 [53/68] (2.43ns)   --->   "%empty_853 = writeresp i1 @_ssdm_op_WriteResp.m_axi.p1i512, i512 %gmem1_addr" [source/int4_decoder_controller.cpp:507]   --->   Operation 155 'writeresp' 'empty_853' <Predicate = true> <Delay = 2.43> <CoreInst = "m_axi">   --->   Core 121 'm_axi' <Latency = 0> <II = 1> <Delay = 1.00> <Adapter> <Opcode : 'read' 'write' 'readreq' 'writereq' 'writeresp'>
ST_19 : Operation 156 [53/68] (2.43ns)   --->   "%empty_854 = writeresp i1 @_ssdm_op_WriteResp.m_axi.p1i512, i512 %gmem2_addr" [source/int4_decoder_controller.cpp:507]   --->   Operation 156 'writeresp' 'empty_854' <Predicate = true> <Delay = 2.43> <CoreInst = "m_axi">   --->   Core 121 'm_axi' <Latency = 0> <II = 1> <Delay = 1.00> <Adapter> <Opcode : 'read' 'write' 'readreq' 'writereq' 'writeresp'>
ST_19 : Operation 157 [53/68] (2.43ns)   --->   "%empty_855 = writeresp i1 @_ssdm_op_WriteResp.m_axi.p1i512, i512 %gmem3_addr" [source/int4_decoder_controller.cpp:507]   --->   Operation 157 'writeresp' 'empty_855' <Predicate = true> <Delay = 2.43> <CoreInst = "m_axi">   --->   Core 121 'm_axi' <Latency = 0> <II = 1> <Delay = 1.00> <Adapter> <Opcode : 'read' 'write' 'readreq' 'writereq' 'writeresp'>

State 20 <SV = 19> <Delay = 2.43>
ST_20 : Operation 158 [52/68] (2.43ns)   --->   "%empty_852 = writeresp i1 @_ssdm_op_WriteResp.m_axi.p1i512, i512 %gmem0_addr" [source/int4_decoder_controller.cpp:507]   --->   Operation 158 'writeresp' 'empty_852' <Predicate = true> <Delay = 2.43> <CoreInst = "m_axi">   --->   Core 121 'm_axi' <Latency = 0> <II = 1> <Delay = 1.00> <Adapter> <Opcode : 'read' 'write' 'readreq' 'writereq' 'writeresp'>
ST_20 : Operation 159 [52/68] (2.43ns)   --->   "%empty_853 = writeresp i1 @_ssdm_op_WriteResp.m_axi.p1i512, i512 %gmem1_addr" [source/int4_decoder_controller.cpp:507]   --->   Operation 159 'writeresp' 'empty_853' <Predicate = true> <Delay = 2.43> <CoreInst = "m_axi">   --->   Core 121 'm_axi' <Latency = 0> <II = 1> <Delay = 1.00> <Adapter> <Opcode : 'read' 'write' 'readreq' 'writereq' 'writeresp'>
ST_20 : Operation 160 [52/68] (2.43ns)   --->   "%empty_854 = writeresp i1 @_ssdm_op_WriteResp.m_axi.p1i512, i512 %gmem2_addr" [source/int4_decoder_controller.cpp:507]   --->   Operation 160 'writeresp' 'empty_854' <Predicate = true> <Delay = 2.43> <CoreInst = "m_axi">   --->   Core 121 'm_axi' <Latency = 0> <II = 1> <Delay = 1.00> <Adapter> <Opcode : 'read' 'write' 'readreq' 'writereq' 'writeresp'>
ST_20 : Operation 161 [52/68] (2.43ns)   --->   "%empty_855 = writeresp i1 @_ssdm_op_WriteResp.m_axi.p1i512, i512 %gmem3_addr" [source/int4_decoder_controller.cpp:507]   --->   Operation 161 'writeresp' 'empty_855' <Predicate = true> <Delay = 2.43> <CoreInst = "m_axi">   --->   Core 121 'm_axi' <Latency = 0> <II = 1> <Delay = 1.00> <Adapter> <Opcode : 'read' 'write' 'readreq' 'writereq' 'writeresp'>

State 21 <SV = 20> <Delay = 2.43>
ST_21 : Operation 162 [51/68] (2.43ns)   --->   "%empty_852 = writeresp i1 @_ssdm_op_WriteResp.m_axi.p1i512, i512 %gmem0_addr" [source/int4_decoder_controller.cpp:507]   --->   Operation 162 'writeresp' 'empty_852' <Predicate = true> <Delay = 2.43> <CoreInst = "m_axi">   --->   Core 121 'm_axi' <Latency = 0> <II = 1> <Delay = 1.00> <Adapter> <Opcode : 'read' 'write' 'readreq' 'writereq' 'writeresp'>
ST_21 : Operation 163 [51/68] (2.43ns)   --->   "%empty_853 = writeresp i1 @_ssdm_op_WriteResp.m_axi.p1i512, i512 %gmem1_addr" [source/int4_decoder_controller.cpp:507]   --->   Operation 163 'writeresp' 'empty_853' <Predicate = true> <Delay = 2.43> <CoreInst = "m_axi">   --->   Core 121 'm_axi' <Latency = 0> <II = 1> <Delay = 1.00> <Adapter> <Opcode : 'read' 'write' 'readreq' 'writereq' 'writeresp'>
ST_21 : Operation 164 [51/68] (2.43ns)   --->   "%empty_854 = writeresp i1 @_ssdm_op_WriteResp.m_axi.p1i512, i512 %gmem2_addr" [source/int4_decoder_controller.cpp:507]   --->   Operation 164 'writeresp' 'empty_854' <Predicate = true> <Delay = 2.43> <CoreInst = "m_axi">   --->   Core 121 'm_axi' <Latency = 0> <II = 1> <Delay = 1.00> <Adapter> <Opcode : 'read' 'write' 'readreq' 'writereq' 'writeresp'>
ST_21 : Operation 165 [51/68] (2.43ns)   --->   "%empty_855 = writeresp i1 @_ssdm_op_WriteResp.m_axi.p1i512, i512 %gmem3_addr" [source/int4_decoder_controller.cpp:507]   --->   Operation 165 'writeresp' 'empty_855' <Predicate = true> <Delay = 2.43> <CoreInst = "m_axi">   --->   Core 121 'm_axi' <Latency = 0> <II = 1> <Delay = 1.00> <Adapter> <Opcode : 'read' 'write' 'readreq' 'writereq' 'writeresp'>

State 22 <SV = 21> <Delay = 2.43>
ST_22 : Operation 166 [50/68] (2.43ns)   --->   "%empty_852 = writeresp i1 @_ssdm_op_WriteResp.m_axi.p1i512, i512 %gmem0_addr" [source/int4_decoder_controller.cpp:507]   --->   Operation 166 'writeresp' 'empty_852' <Predicate = true> <Delay = 2.43> <CoreInst = "m_axi">   --->   Core 121 'm_axi' <Latency = 0> <II = 1> <Delay = 1.00> <Adapter> <Opcode : 'read' 'write' 'readreq' 'writereq' 'writeresp'>
ST_22 : Operation 167 [50/68] (2.43ns)   --->   "%empty_853 = writeresp i1 @_ssdm_op_WriteResp.m_axi.p1i512, i512 %gmem1_addr" [source/int4_decoder_controller.cpp:507]   --->   Operation 167 'writeresp' 'empty_853' <Predicate = true> <Delay = 2.43> <CoreInst = "m_axi">   --->   Core 121 'm_axi' <Latency = 0> <II = 1> <Delay = 1.00> <Adapter> <Opcode : 'read' 'write' 'readreq' 'writereq' 'writeresp'>
ST_22 : Operation 168 [50/68] (2.43ns)   --->   "%empty_854 = writeresp i1 @_ssdm_op_WriteResp.m_axi.p1i512, i512 %gmem2_addr" [source/int4_decoder_controller.cpp:507]   --->   Operation 168 'writeresp' 'empty_854' <Predicate = true> <Delay = 2.43> <CoreInst = "m_axi">   --->   Core 121 'm_axi' <Latency = 0> <II = 1> <Delay = 1.00> <Adapter> <Opcode : 'read' 'write' 'readreq' 'writereq' 'writeresp'>
ST_22 : Operation 169 [50/68] (2.43ns)   --->   "%empty_855 = writeresp i1 @_ssdm_op_WriteResp.m_axi.p1i512, i512 %gmem3_addr" [source/int4_decoder_controller.cpp:507]   --->   Operation 169 'writeresp' 'empty_855' <Predicate = true> <Delay = 2.43> <CoreInst = "m_axi">   --->   Core 121 'm_axi' <Latency = 0> <II = 1> <Delay = 1.00> <Adapter> <Opcode : 'read' 'write' 'readreq' 'writereq' 'writeresp'>

State 23 <SV = 22> <Delay = 2.43>
ST_23 : Operation 170 [49/68] (2.43ns)   --->   "%empty_852 = writeresp i1 @_ssdm_op_WriteResp.m_axi.p1i512, i512 %gmem0_addr" [source/int4_decoder_controller.cpp:507]   --->   Operation 170 'writeresp' 'empty_852' <Predicate = true> <Delay = 2.43> <CoreInst = "m_axi">   --->   Core 121 'm_axi' <Latency = 0> <II = 1> <Delay = 1.00> <Adapter> <Opcode : 'read' 'write' 'readreq' 'writereq' 'writeresp'>
ST_23 : Operation 171 [49/68] (2.43ns)   --->   "%empty_853 = writeresp i1 @_ssdm_op_WriteResp.m_axi.p1i512, i512 %gmem1_addr" [source/int4_decoder_controller.cpp:507]   --->   Operation 171 'writeresp' 'empty_853' <Predicate = true> <Delay = 2.43> <CoreInst = "m_axi">   --->   Core 121 'm_axi' <Latency = 0> <II = 1> <Delay = 1.00> <Adapter> <Opcode : 'read' 'write' 'readreq' 'writereq' 'writeresp'>
ST_23 : Operation 172 [49/68] (2.43ns)   --->   "%empty_854 = writeresp i1 @_ssdm_op_WriteResp.m_axi.p1i512, i512 %gmem2_addr" [source/int4_decoder_controller.cpp:507]   --->   Operation 172 'writeresp' 'empty_854' <Predicate = true> <Delay = 2.43> <CoreInst = "m_axi">   --->   Core 121 'm_axi' <Latency = 0> <II = 1> <Delay = 1.00> <Adapter> <Opcode : 'read' 'write' 'readreq' 'writereq' 'writeresp'>
ST_23 : Operation 173 [49/68] (2.43ns)   --->   "%empty_855 = writeresp i1 @_ssdm_op_WriteResp.m_axi.p1i512, i512 %gmem3_addr" [source/int4_decoder_controller.cpp:507]   --->   Operation 173 'writeresp' 'empty_855' <Predicate = true> <Delay = 2.43> <CoreInst = "m_axi">   --->   Core 121 'm_axi' <Latency = 0> <II = 1> <Delay = 1.00> <Adapter> <Opcode : 'read' 'write' 'readreq' 'writereq' 'writeresp'>

State 24 <SV = 23> <Delay = 2.43>
ST_24 : Operation 174 [48/68] (2.43ns)   --->   "%empty_852 = writeresp i1 @_ssdm_op_WriteResp.m_axi.p1i512, i512 %gmem0_addr" [source/int4_decoder_controller.cpp:507]   --->   Operation 174 'writeresp' 'empty_852' <Predicate = true> <Delay = 2.43> <CoreInst = "m_axi">   --->   Core 121 'm_axi' <Latency = 0> <II = 1> <Delay = 1.00> <Adapter> <Opcode : 'read' 'write' 'readreq' 'writereq' 'writeresp'>
ST_24 : Operation 175 [48/68] (2.43ns)   --->   "%empty_853 = writeresp i1 @_ssdm_op_WriteResp.m_axi.p1i512, i512 %gmem1_addr" [source/int4_decoder_controller.cpp:507]   --->   Operation 175 'writeresp' 'empty_853' <Predicate = true> <Delay = 2.43> <CoreInst = "m_axi">   --->   Core 121 'm_axi' <Latency = 0> <II = 1> <Delay = 1.00> <Adapter> <Opcode : 'read' 'write' 'readreq' 'writereq' 'writeresp'>
ST_24 : Operation 176 [48/68] (2.43ns)   --->   "%empty_854 = writeresp i1 @_ssdm_op_WriteResp.m_axi.p1i512, i512 %gmem2_addr" [source/int4_decoder_controller.cpp:507]   --->   Operation 176 'writeresp' 'empty_854' <Predicate = true> <Delay = 2.43> <CoreInst = "m_axi">   --->   Core 121 'm_axi' <Latency = 0> <II = 1> <Delay = 1.00> <Adapter> <Opcode : 'read' 'write' 'readreq' 'writereq' 'writeresp'>
ST_24 : Operation 177 [48/68] (2.43ns)   --->   "%empty_855 = writeresp i1 @_ssdm_op_WriteResp.m_axi.p1i512, i512 %gmem3_addr" [source/int4_decoder_controller.cpp:507]   --->   Operation 177 'writeresp' 'empty_855' <Predicate = true> <Delay = 2.43> <CoreInst = "m_axi">   --->   Core 121 'm_axi' <Latency = 0> <II = 1> <Delay = 1.00> <Adapter> <Opcode : 'read' 'write' 'readreq' 'writereq' 'writeresp'>

State 25 <SV = 24> <Delay = 2.43>
ST_25 : Operation 178 [47/68] (2.43ns)   --->   "%empty_852 = writeresp i1 @_ssdm_op_WriteResp.m_axi.p1i512, i512 %gmem0_addr" [source/int4_decoder_controller.cpp:507]   --->   Operation 178 'writeresp' 'empty_852' <Predicate = true> <Delay = 2.43> <CoreInst = "m_axi">   --->   Core 121 'm_axi' <Latency = 0> <II = 1> <Delay = 1.00> <Adapter> <Opcode : 'read' 'write' 'readreq' 'writereq' 'writeresp'>
ST_25 : Operation 179 [47/68] (2.43ns)   --->   "%empty_853 = writeresp i1 @_ssdm_op_WriteResp.m_axi.p1i512, i512 %gmem1_addr" [source/int4_decoder_controller.cpp:507]   --->   Operation 179 'writeresp' 'empty_853' <Predicate = true> <Delay = 2.43> <CoreInst = "m_axi">   --->   Core 121 'm_axi' <Latency = 0> <II = 1> <Delay = 1.00> <Adapter> <Opcode : 'read' 'write' 'readreq' 'writereq' 'writeresp'>
ST_25 : Operation 180 [47/68] (2.43ns)   --->   "%empty_854 = writeresp i1 @_ssdm_op_WriteResp.m_axi.p1i512, i512 %gmem2_addr" [source/int4_decoder_controller.cpp:507]   --->   Operation 180 'writeresp' 'empty_854' <Predicate = true> <Delay = 2.43> <CoreInst = "m_axi">   --->   Core 121 'm_axi' <Latency = 0> <II = 1> <Delay = 1.00> <Adapter> <Opcode : 'read' 'write' 'readreq' 'writereq' 'writeresp'>
ST_25 : Operation 181 [47/68] (2.43ns)   --->   "%empty_855 = writeresp i1 @_ssdm_op_WriteResp.m_axi.p1i512, i512 %gmem3_addr" [source/int4_decoder_controller.cpp:507]   --->   Operation 181 'writeresp' 'empty_855' <Predicate = true> <Delay = 2.43> <CoreInst = "m_axi">   --->   Core 121 'm_axi' <Latency = 0> <II = 1> <Delay = 1.00> <Adapter> <Opcode : 'read' 'write' 'readreq' 'writereq' 'writeresp'>

State 26 <SV = 25> <Delay = 2.43>
ST_26 : Operation 182 [46/68] (2.43ns)   --->   "%empty_852 = writeresp i1 @_ssdm_op_WriteResp.m_axi.p1i512, i512 %gmem0_addr" [source/int4_decoder_controller.cpp:507]   --->   Operation 182 'writeresp' 'empty_852' <Predicate = true> <Delay = 2.43> <CoreInst = "m_axi">   --->   Core 121 'm_axi' <Latency = 0> <II = 1> <Delay = 1.00> <Adapter> <Opcode : 'read' 'write' 'readreq' 'writereq' 'writeresp'>
ST_26 : Operation 183 [46/68] (2.43ns)   --->   "%empty_853 = writeresp i1 @_ssdm_op_WriteResp.m_axi.p1i512, i512 %gmem1_addr" [source/int4_decoder_controller.cpp:507]   --->   Operation 183 'writeresp' 'empty_853' <Predicate = true> <Delay = 2.43> <CoreInst = "m_axi">   --->   Core 121 'm_axi' <Latency = 0> <II = 1> <Delay = 1.00> <Adapter> <Opcode : 'read' 'write' 'readreq' 'writereq' 'writeresp'>
ST_26 : Operation 184 [46/68] (2.43ns)   --->   "%empty_854 = writeresp i1 @_ssdm_op_WriteResp.m_axi.p1i512, i512 %gmem2_addr" [source/int4_decoder_controller.cpp:507]   --->   Operation 184 'writeresp' 'empty_854' <Predicate = true> <Delay = 2.43> <CoreInst = "m_axi">   --->   Core 121 'm_axi' <Latency = 0> <II = 1> <Delay = 1.00> <Adapter> <Opcode : 'read' 'write' 'readreq' 'writereq' 'writeresp'>
ST_26 : Operation 185 [46/68] (2.43ns)   --->   "%empty_855 = writeresp i1 @_ssdm_op_WriteResp.m_axi.p1i512, i512 %gmem3_addr" [source/int4_decoder_controller.cpp:507]   --->   Operation 185 'writeresp' 'empty_855' <Predicate = true> <Delay = 2.43> <CoreInst = "m_axi">   --->   Core 121 'm_axi' <Latency = 0> <II = 1> <Delay = 1.00> <Adapter> <Opcode : 'read' 'write' 'readreq' 'writereq' 'writeresp'>

State 27 <SV = 26> <Delay = 2.43>
ST_27 : Operation 186 [45/68] (2.43ns)   --->   "%empty_852 = writeresp i1 @_ssdm_op_WriteResp.m_axi.p1i512, i512 %gmem0_addr" [source/int4_decoder_controller.cpp:507]   --->   Operation 186 'writeresp' 'empty_852' <Predicate = true> <Delay = 2.43> <CoreInst = "m_axi">   --->   Core 121 'm_axi' <Latency = 0> <II = 1> <Delay = 1.00> <Adapter> <Opcode : 'read' 'write' 'readreq' 'writereq' 'writeresp'>
ST_27 : Operation 187 [45/68] (2.43ns)   --->   "%empty_853 = writeresp i1 @_ssdm_op_WriteResp.m_axi.p1i512, i512 %gmem1_addr" [source/int4_decoder_controller.cpp:507]   --->   Operation 187 'writeresp' 'empty_853' <Predicate = true> <Delay = 2.43> <CoreInst = "m_axi">   --->   Core 121 'm_axi' <Latency = 0> <II = 1> <Delay = 1.00> <Adapter> <Opcode : 'read' 'write' 'readreq' 'writereq' 'writeresp'>
ST_27 : Operation 188 [45/68] (2.43ns)   --->   "%empty_854 = writeresp i1 @_ssdm_op_WriteResp.m_axi.p1i512, i512 %gmem2_addr" [source/int4_decoder_controller.cpp:507]   --->   Operation 188 'writeresp' 'empty_854' <Predicate = true> <Delay = 2.43> <CoreInst = "m_axi">   --->   Core 121 'm_axi' <Latency = 0> <II = 1> <Delay = 1.00> <Adapter> <Opcode : 'read' 'write' 'readreq' 'writereq' 'writeresp'>
ST_27 : Operation 189 [45/68] (2.43ns)   --->   "%empty_855 = writeresp i1 @_ssdm_op_WriteResp.m_axi.p1i512, i512 %gmem3_addr" [source/int4_decoder_controller.cpp:507]   --->   Operation 189 'writeresp' 'empty_855' <Predicate = true> <Delay = 2.43> <CoreInst = "m_axi">   --->   Core 121 'm_axi' <Latency = 0> <II = 1> <Delay = 1.00> <Adapter> <Opcode : 'read' 'write' 'readreq' 'writereq' 'writeresp'>

State 28 <SV = 27> <Delay = 2.43>
ST_28 : Operation 190 [44/68] (2.43ns)   --->   "%empty_852 = writeresp i1 @_ssdm_op_WriteResp.m_axi.p1i512, i512 %gmem0_addr" [source/int4_decoder_controller.cpp:507]   --->   Operation 190 'writeresp' 'empty_852' <Predicate = true> <Delay = 2.43> <CoreInst = "m_axi">   --->   Core 121 'm_axi' <Latency = 0> <II = 1> <Delay = 1.00> <Adapter> <Opcode : 'read' 'write' 'readreq' 'writereq' 'writeresp'>
ST_28 : Operation 191 [44/68] (2.43ns)   --->   "%empty_853 = writeresp i1 @_ssdm_op_WriteResp.m_axi.p1i512, i512 %gmem1_addr" [source/int4_decoder_controller.cpp:507]   --->   Operation 191 'writeresp' 'empty_853' <Predicate = true> <Delay = 2.43> <CoreInst = "m_axi">   --->   Core 121 'm_axi' <Latency = 0> <II = 1> <Delay = 1.00> <Adapter> <Opcode : 'read' 'write' 'readreq' 'writereq' 'writeresp'>
ST_28 : Operation 192 [44/68] (2.43ns)   --->   "%empty_854 = writeresp i1 @_ssdm_op_WriteResp.m_axi.p1i512, i512 %gmem2_addr" [source/int4_decoder_controller.cpp:507]   --->   Operation 192 'writeresp' 'empty_854' <Predicate = true> <Delay = 2.43> <CoreInst = "m_axi">   --->   Core 121 'm_axi' <Latency = 0> <II = 1> <Delay = 1.00> <Adapter> <Opcode : 'read' 'write' 'readreq' 'writereq' 'writeresp'>
ST_28 : Operation 193 [44/68] (2.43ns)   --->   "%empty_855 = writeresp i1 @_ssdm_op_WriteResp.m_axi.p1i512, i512 %gmem3_addr" [source/int4_decoder_controller.cpp:507]   --->   Operation 193 'writeresp' 'empty_855' <Predicate = true> <Delay = 2.43> <CoreInst = "m_axi">   --->   Core 121 'm_axi' <Latency = 0> <II = 1> <Delay = 1.00> <Adapter> <Opcode : 'read' 'write' 'readreq' 'writereq' 'writeresp'>

State 29 <SV = 28> <Delay = 2.43>
ST_29 : Operation 194 [43/68] (2.43ns)   --->   "%empty_852 = writeresp i1 @_ssdm_op_WriteResp.m_axi.p1i512, i512 %gmem0_addr" [source/int4_decoder_controller.cpp:507]   --->   Operation 194 'writeresp' 'empty_852' <Predicate = true> <Delay = 2.43> <CoreInst = "m_axi">   --->   Core 121 'm_axi' <Latency = 0> <II = 1> <Delay = 1.00> <Adapter> <Opcode : 'read' 'write' 'readreq' 'writereq' 'writeresp'>
ST_29 : Operation 195 [43/68] (2.43ns)   --->   "%empty_853 = writeresp i1 @_ssdm_op_WriteResp.m_axi.p1i512, i512 %gmem1_addr" [source/int4_decoder_controller.cpp:507]   --->   Operation 195 'writeresp' 'empty_853' <Predicate = true> <Delay = 2.43> <CoreInst = "m_axi">   --->   Core 121 'm_axi' <Latency = 0> <II = 1> <Delay = 1.00> <Adapter> <Opcode : 'read' 'write' 'readreq' 'writereq' 'writeresp'>
ST_29 : Operation 196 [43/68] (2.43ns)   --->   "%empty_854 = writeresp i1 @_ssdm_op_WriteResp.m_axi.p1i512, i512 %gmem2_addr" [source/int4_decoder_controller.cpp:507]   --->   Operation 196 'writeresp' 'empty_854' <Predicate = true> <Delay = 2.43> <CoreInst = "m_axi">   --->   Core 121 'm_axi' <Latency = 0> <II = 1> <Delay = 1.00> <Adapter> <Opcode : 'read' 'write' 'readreq' 'writereq' 'writeresp'>
ST_29 : Operation 197 [43/68] (2.43ns)   --->   "%empty_855 = writeresp i1 @_ssdm_op_WriteResp.m_axi.p1i512, i512 %gmem3_addr" [source/int4_decoder_controller.cpp:507]   --->   Operation 197 'writeresp' 'empty_855' <Predicate = true> <Delay = 2.43> <CoreInst = "m_axi">   --->   Core 121 'm_axi' <Latency = 0> <II = 1> <Delay = 1.00> <Adapter> <Opcode : 'read' 'write' 'readreq' 'writereq' 'writeresp'>

State 30 <SV = 29> <Delay = 2.43>
ST_30 : Operation 198 [42/68] (2.43ns)   --->   "%empty_852 = writeresp i1 @_ssdm_op_WriteResp.m_axi.p1i512, i512 %gmem0_addr" [source/int4_decoder_controller.cpp:507]   --->   Operation 198 'writeresp' 'empty_852' <Predicate = true> <Delay = 2.43> <CoreInst = "m_axi">   --->   Core 121 'm_axi' <Latency = 0> <II = 1> <Delay = 1.00> <Adapter> <Opcode : 'read' 'write' 'readreq' 'writereq' 'writeresp'>
ST_30 : Operation 199 [42/68] (2.43ns)   --->   "%empty_853 = writeresp i1 @_ssdm_op_WriteResp.m_axi.p1i512, i512 %gmem1_addr" [source/int4_decoder_controller.cpp:507]   --->   Operation 199 'writeresp' 'empty_853' <Predicate = true> <Delay = 2.43> <CoreInst = "m_axi">   --->   Core 121 'm_axi' <Latency = 0> <II = 1> <Delay = 1.00> <Adapter> <Opcode : 'read' 'write' 'readreq' 'writereq' 'writeresp'>
ST_30 : Operation 200 [42/68] (2.43ns)   --->   "%empty_854 = writeresp i1 @_ssdm_op_WriteResp.m_axi.p1i512, i512 %gmem2_addr" [source/int4_decoder_controller.cpp:507]   --->   Operation 200 'writeresp' 'empty_854' <Predicate = true> <Delay = 2.43> <CoreInst = "m_axi">   --->   Core 121 'm_axi' <Latency = 0> <II = 1> <Delay = 1.00> <Adapter> <Opcode : 'read' 'write' 'readreq' 'writereq' 'writeresp'>
ST_30 : Operation 201 [42/68] (2.43ns)   --->   "%empty_855 = writeresp i1 @_ssdm_op_WriteResp.m_axi.p1i512, i512 %gmem3_addr" [source/int4_decoder_controller.cpp:507]   --->   Operation 201 'writeresp' 'empty_855' <Predicate = true> <Delay = 2.43> <CoreInst = "m_axi">   --->   Core 121 'm_axi' <Latency = 0> <II = 1> <Delay = 1.00> <Adapter> <Opcode : 'read' 'write' 'readreq' 'writereq' 'writeresp'>

State 31 <SV = 30> <Delay = 2.43>
ST_31 : Operation 202 [41/68] (2.43ns)   --->   "%empty_852 = writeresp i1 @_ssdm_op_WriteResp.m_axi.p1i512, i512 %gmem0_addr" [source/int4_decoder_controller.cpp:507]   --->   Operation 202 'writeresp' 'empty_852' <Predicate = true> <Delay = 2.43> <CoreInst = "m_axi">   --->   Core 121 'm_axi' <Latency = 0> <II = 1> <Delay = 1.00> <Adapter> <Opcode : 'read' 'write' 'readreq' 'writereq' 'writeresp'>
ST_31 : Operation 203 [41/68] (2.43ns)   --->   "%empty_853 = writeresp i1 @_ssdm_op_WriteResp.m_axi.p1i512, i512 %gmem1_addr" [source/int4_decoder_controller.cpp:507]   --->   Operation 203 'writeresp' 'empty_853' <Predicate = true> <Delay = 2.43> <CoreInst = "m_axi">   --->   Core 121 'm_axi' <Latency = 0> <II = 1> <Delay = 1.00> <Adapter> <Opcode : 'read' 'write' 'readreq' 'writereq' 'writeresp'>
ST_31 : Operation 204 [41/68] (2.43ns)   --->   "%empty_854 = writeresp i1 @_ssdm_op_WriteResp.m_axi.p1i512, i512 %gmem2_addr" [source/int4_decoder_controller.cpp:507]   --->   Operation 204 'writeresp' 'empty_854' <Predicate = true> <Delay = 2.43> <CoreInst = "m_axi">   --->   Core 121 'm_axi' <Latency = 0> <II = 1> <Delay = 1.00> <Adapter> <Opcode : 'read' 'write' 'readreq' 'writereq' 'writeresp'>
ST_31 : Operation 205 [41/68] (2.43ns)   --->   "%empty_855 = writeresp i1 @_ssdm_op_WriteResp.m_axi.p1i512, i512 %gmem3_addr" [source/int4_decoder_controller.cpp:507]   --->   Operation 205 'writeresp' 'empty_855' <Predicate = true> <Delay = 2.43> <CoreInst = "m_axi">   --->   Core 121 'm_axi' <Latency = 0> <II = 1> <Delay = 1.00> <Adapter> <Opcode : 'read' 'write' 'readreq' 'writereq' 'writeresp'>

State 32 <SV = 31> <Delay = 2.43>
ST_32 : Operation 206 [40/68] (2.43ns)   --->   "%empty_852 = writeresp i1 @_ssdm_op_WriteResp.m_axi.p1i512, i512 %gmem0_addr" [source/int4_decoder_controller.cpp:507]   --->   Operation 206 'writeresp' 'empty_852' <Predicate = true> <Delay = 2.43> <CoreInst = "m_axi">   --->   Core 121 'm_axi' <Latency = 0> <II = 1> <Delay = 1.00> <Adapter> <Opcode : 'read' 'write' 'readreq' 'writereq' 'writeresp'>
ST_32 : Operation 207 [40/68] (2.43ns)   --->   "%empty_853 = writeresp i1 @_ssdm_op_WriteResp.m_axi.p1i512, i512 %gmem1_addr" [source/int4_decoder_controller.cpp:507]   --->   Operation 207 'writeresp' 'empty_853' <Predicate = true> <Delay = 2.43> <CoreInst = "m_axi">   --->   Core 121 'm_axi' <Latency = 0> <II = 1> <Delay = 1.00> <Adapter> <Opcode : 'read' 'write' 'readreq' 'writereq' 'writeresp'>
ST_32 : Operation 208 [40/68] (2.43ns)   --->   "%empty_854 = writeresp i1 @_ssdm_op_WriteResp.m_axi.p1i512, i512 %gmem2_addr" [source/int4_decoder_controller.cpp:507]   --->   Operation 208 'writeresp' 'empty_854' <Predicate = true> <Delay = 2.43> <CoreInst = "m_axi">   --->   Core 121 'm_axi' <Latency = 0> <II = 1> <Delay = 1.00> <Adapter> <Opcode : 'read' 'write' 'readreq' 'writereq' 'writeresp'>
ST_32 : Operation 209 [40/68] (2.43ns)   --->   "%empty_855 = writeresp i1 @_ssdm_op_WriteResp.m_axi.p1i512, i512 %gmem3_addr" [source/int4_decoder_controller.cpp:507]   --->   Operation 209 'writeresp' 'empty_855' <Predicate = true> <Delay = 2.43> <CoreInst = "m_axi">   --->   Core 121 'm_axi' <Latency = 0> <II = 1> <Delay = 1.00> <Adapter> <Opcode : 'read' 'write' 'readreq' 'writereq' 'writeresp'>

State 33 <SV = 32> <Delay = 2.43>
ST_33 : Operation 210 [39/68] (2.43ns)   --->   "%empty_852 = writeresp i1 @_ssdm_op_WriteResp.m_axi.p1i512, i512 %gmem0_addr" [source/int4_decoder_controller.cpp:507]   --->   Operation 210 'writeresp' 'empty_852' <Predicate = true> <Delay = 2.43> <CoreInst = "m_axi">   --->   Core 121 'm_axi' <Latency = 0> <II = 1> <Delay = 1.00> <Adapter> <Opcode : 'read' 'write' 'readreq' 'writereq' 'writeresp'>
ST_33 : Operation 211 [39/68] (2.43ns)   --->   "%empty_853 = writeresp i1 @_ssdm_op_WriteResp.m_axi.p1i512, i512 %gmem1_addr" [source/int4_decoder_controller.cpp:507]   --->   Operation 211 'writeresp' 'empty_853' <Predicate = true> <Delay = 2.43> <CoreInst = "m_axi">   --->   Core 121 'm_axi' <Latency = 0> <II = 1> <Delay = 1.00> <Adapter> <Opcode : 'read' 'write' 'readreq' 'writereq' 'writeresp'>
ST_33 : Operation 212 [39/68] (2.43ns)   --->   "%empty_854 = writeresp i1 @_ssdm_op_WriteResp.m_axi.p1i512, i512 %gmem2_addr" [source/int4_decoder_controller.cpp:507]   --->   Operation 212 'writeresp' 'empty_854' <Predicate = true> <Delay = 2.43> <CoreInst = "m_axi">   --->   Core 121 'm_axi' <Latency = 0> <II = 1> <Delay = 1.00> <Adapter> <Opcode : 'read' 'write' 'readreq' 'writereq' 'writeresp'>
ST_33 : Operation 213 [39/68] (2.43ns)   --->   "%empty_855 = writeresp i1 @_ssdm_op_WriteResp.m_axi.p1i512, i512 %gmem3_addr" [source/int4_decoder_controller.cpp:507]   --->   Operation 213 'writeresp' 'empty_855' <Predicate = true> <Delay = 2.43> <CoreInst = "m_axi">   --->   Core 121 'm_axi' <Latency = 0> <II = 1> <Delay = 1.00> <Adapter> <Opcode : 'read' 'write' 'readreq' 'writereq' 'writeresp'>

State 34 <SV = 33> <Delay = 2.43>
ST_34 : Operation 214 [38/68] (2.43ns)   --->   "%empty_852 = writeresp i1 @_ssdm_op_WriteResp.m_axi.p1i512, i512 %gmem0_addr" [source/int4_decoder_controller.cpp:507]   --->   Operation 214 'writeresp' 'empty_852' <Predicate = true> <Delay = 2.43> <CoreInst = "m_axi">   --->   Core 121 'm_axi' <Latency = 0> <II = 1> <Delay = 1.00> <Adapter> <Opcode : 'read' 'write' 'readreq' 'writereq' 'writeresp'>
ST_34 : Operation 215 [38/68] (2.43ns)   --->   "%empty_853 = writeresp i1 @_ssdm_op_WriteResp.m_axi.p1i512, i512 %gmem1_addr" [source/int4_decoder_controller.cpp:507]   --->   Operation 215 'writeresp' 'empty_853' <Predicate = true> <Delay = 2.43> <CoreInst = "m_axi">   --->   Core 121 'm_axi' <Latency = 0> <II = 1> <Delay = 1.00> <Adapter> <Opcode : 'read' 'write' 'readreq' 'writereq' 'writeresp'>
ST_34 : Operation 216 [38/68] (2.43ns)   --->   "%empty_854 = writeresp i1 @_ssdm_op_WriteResp.m_axi.p1i512, i512 %gmem2_addr" [source/int4_decoder_controller.cpp:507]   --->   Operation 216 'writeresp' 'empty_854' <Predicate = true> <Delay = 2.43> <CoreInst = "m_axi">   --->   Core 121 'm_axi' <Latency = 0> <II = 1> <Delay = 1.00> <Adapter> <Opcode : 'read' 'write' 'readreq' 'writereq' 'writeresp'>
ST_34 : Operation 217 [38/68] (2.43ns)   --->   "%empty_855 = writeresp i1 @_ssdm_op_WriteResp.m_axi.p1i512, i512 %gmem3_addr" [source/int4_decoder_controller.cpp:507]   --->   Operation 217 'writeresp' 'empty_855' <Predicate = true> <Delay = 2.43> <CoreInst = "m_axi">   --->   Core 121 'm_axi' <Latency = 0> <II = 1> <Delay = 1.00> <Adapter> <Opcode : 'read' 'write' 'readreq' 'writereq' 'writeresp'>

State 35 <SV = 34> <Delay = 2.43>
ST_35 : Operation 218 [37/68] (2.43ns)   --->   "%empty_852 = writeresp i1 @_ssdm_op_WriteResp.m_axi.p1i512, i512 %gmem0_addr" [source/int4_decoder_controller.cpp:507]   --->   Operation 218 'writeresp' 'empty_852' <Predicate = true> <Delay = 2.43> <CoreInst = "m_axi">   --->   Core 121 'm_axi' <Latency = 0> <II = 1> <Delay = 1.00> <Adapter> <Opcode : 'read' 'write' 'readreq' 'writereq' 'writeresp'>
ST_35 : Operation 219 [37/68] (2.43ns)   --->   "%empty_853 = writeresp i1 @_ssdm_op_WriteResp.m_axi.p1i512, i512 %gmem1_addr" [source/int4_decoder_controller.cpp:507]   --->   Operation 219 'writeresp' 'empty_853' <Predicate = true> <Delay = 2.43> <CoreInst = "m_axi">   --->   Core 121 'm_axi' <Latency = 0> <II = 1> <Delay = 1.00> <Adapter> <Opcode : 'read' 'write' 'readreq' 'writereq' 'writeresp'>
ST_35 : Operation 220 [37/68] (2.43ns)   --->   "%empty_854 = writeresp i1 @_ssdm_op_WriteResp.m_axi.p1i512, i512 %gmem2_addr" [source/int4_decoder_controller.cpp:507]   --->   Operation 220 'writeresp' 'empty_854' <Predicate = true> <Delay = 2.43> <CoreInst = "m_axi">   --->   Core 121 'm_axi' <Latency = 0> <II = 1> <Delay = 1.00> <Adapter> <Opcode : 'read' 'write' 'readreq' 'writereq' 'writeresp'>
ST_35 : Operation 221 [37/68] (2.43ns)   --->   "%empty_855 = writeresp i1 @_ssdm_op_WriteResp.m_axi.p1i512, i512 %gmem3_addr" [source/int4_decoder_controller.cpp:507]   --->   Operation 221 'writeresp' 'empty_855' <Predicate = true> <Delay = 2.43> <CoreInst = "m_axi">   --->   Core 121 'm_axi' <Latency = 0> <II = 1> <Delay = 1.00> <Adapter> <Opcode : 'read' 'write' 'readreq' 'writereq' 'writeresp'>

State 36 <SV = 35> <Delay = 2.43>
ST_36 : Operation 222 [36/68] (2.43ns)   --->   "%empty_852 = writeresp i1 @_ssdm_op_WriteResp.m_axi.p1i512, i512 %gmem0_addr" [source/int4_decoder_controller.cpp:507]   --->   Operation 222 'writeresp' 'empty_852' <Predicate = true> <Delay = 2.43> <CoreInst = "m_axi">   --->   Core 121 'm_axi' <Latency = 0> <II = 1> <Delay = 1.00> <Adapter> <Opcode : 'read' 'write' 'readreq' 'writereq' 'writeresp'>
ST_36 : Operation 223 [36/68] (2.43ns)   --->   "%empty_853 = writeresp i1 @_ssdm_op_WriteResp.m_axi.p1i512, i512 %gmem1_addr" [source/int4_decoder_controller.cpp:507]   --->   Operation 223 'writeresp' 'empty_853' <Predicate = true> <Delay = 2.43> <CoreInst = "m_axi">   --->   Core 121 'm_axi' <Latency = 0> <II = 1> <Delay = 1.00> <Adapter> <Opcode : 'read' 'write' 'readreq' 'writereq' 'writeresp'>
ST_36 : Operation 224 [36/68] (2.43ns)   --->   "%empty_854 = writeresp i1 @_ssdm_op_WriteResp.m_axi.p1i512, i512 %gmem2_addr" [source/int4_decoder_controller.cpp:507]   --->   Operation 224 'writeresp' 'empty_854' <Predicate = true> <Delay = 2.43> <CoreInst = "m_axi">   --->   Core 121 'm_axi' <Latency = 0> <II = 1> <Delay = 1.00> <Adapter> <Opcode : 'read' 'write' 'readreq' 'writereq' 'writeresp'>
ST_36 : Operation 225 [36/68] (2.43ns)   --->   "%empty_855 = writeresp i1 @_ssdm_op_WriteResp.m_axi.p1i512, i512 %gmem3_addr" [source/int4_decoder_controller.cpp:507]   --->   Operation 225 'writeresp' 'empty_855' <Predicate = true> <Delay = 2.43> <CoreInst = "m_axi">   --->   Core 121 'm_axi' <Latency = 0> <II = 1> <Delay = 1.00> <Adapter> <Opcode : 'read' 'write' 'readreq' 'writereq' 'writeresp'>

State 37 <SV = 36> <Delay = 2.43>
ST_37 : Operation 226 [35/68] (2.43ns)   --->   "%empty_852 = writeresp i1 @_ssdm_op_WriteResp.m_axi.p1i512, i512 %gmem0_addr" [source/int4_decoder_controller.cpp:507]   --->   Operation 226 'writeresp' 'empty_852' <Predicate = true> <Delay = 2.43> <CoreInst = "m_axi">   --->   Core 121 'm_axi' <Latency = 0> <II = 1> <Delay = 1.00> <Adapter> <Opcode : 'read' 'write' 'readreq' 'writereq' 'writeresp'>
ST_37 : Operation 227 [35/68] (2.43ns)   --->   "%empty_853 = writeresp i1 @_ssdm_op_WriteResp.m_axi.p1i512, i512 %gmem1_addr" [source/int4_decoder_controller.cpp:507]   --->   Operation 227 'writeresp' 'empty_853' <Predicate = true> <Delay = 2.43> <CoreInst = "m_axi">   --->   Core 121 'm_axi' <Latency = 0> <II = 1> <Delay = 1.00> <Adapter> <Opcode : 'read' 'write' 'readreq' 'writereq' 'writeresp'>
ST_37 : Operation 228 [35/68] (2.43ns)   --->   "%empty_854 = writeresp i1 @_ssdm_op_WriteResp.m_axi.p1i512, i512 %gmem2_addr" [source/int4_decoder_controller.cpp:507]   --->   Operation 228 'writeresp' 'empty_854' <Predicate = true> <Delay = 2.43> <CoreInst = "m_axi">   --->   Core 121 'm_axi' <Latency = 0> <II = 1> <Delay = 1.00> <Adapter> <Opcode : 'read' 'write' 'readreq' 'writereq' 'writeresp'>
ST_37 : Operation 229 [35/68] (2.43ns)   --->   "%empty_855 = writeresp i1 @_ssdm_op_WriteResp.m_axi.p1i512, i512 %gmem3_addr" [source/int4_decoder_controller.cpp:507]   --->   Operation 229 'writeresp' 'empty_855' <Predicate = true> <Delay = 2.43> <CoreInst = "m_axi">   --->   Core 121 'm_axi' <Latency = 0> <II = 1> <Delay = 1.00> <Adapter> <Opcode : 'read' 'write' 'readreq' 'writereq' 'writeresp'>

State 38 <SV = 37> <Delay = 2.43>
ST_38 : Operation 230 [34/68] (2.43ns)   --->   "%empty_852 = writeresp i1 @_ssdm_op_WriteResp.m_axi.p1i512, i512 %gmem0_addr" [source/int4_decoder_controller.cpp:507]   --->   Operation 230 'writeresp' 'empty_852' <Predicate = true> <Delay = 2.43> <CoreInst = "m_axi">   --->   Core 121 'm_axi' <Latency = 0> <II = 1> <Delay = 1.00> <Adapter> <Opcode : 'read' 'write' 'readreq' 'writereq' 'writeresp'>
ST_38 : Operation 231 [34/68] (2.43ns)   --->   "%empty_853 = writeresp i1 @_ssdm_op_WriteResp.m_axi.p1i512, i512 %gmem1_addr" [source/int4_decoder_controller.cpp:507]   --->   Operation 231 'writeresp' 'empty_853' <Predicate = true> <Delay = 2.43> <CoreInst = "m_axi">   --->   Core 121 'm_axi' <Latency = 0> <II = 1> <Delay = 1.00> <Adapter> <Opcode : 'read' 'write' 'readreq' 'writereq' 'writeresp'>
ST_38 : Operation 232 [34/68] (2.43ns)   --->   "%empty_854 = writeresp i1 @_ssdm_op_WriteResp.m_axi.p1i512, i512 %gmem2_addr" [source/int4_decoder_controller.cpp:507]   --->   Operation 232 'writeresp' 'empty_854' <Predicate = true> <Delay = 2.43> <CoreInst = "m_axi">   --->   Core 121 'm_axi' <Latency = 0> <II = 1> <Delay = 1.00> <Adapter> <Opcode : 'read' 'write' 'readreq' 'writereq' 'writeresp'>
ST_38 : Operation 233 [34/68] (2.43ns)   --->   "%empty_855 = writeresp i1 @_ssdm_op_WriteResp.m_axi.p1i512, i512 %gmem3_addr" [source/int4_decoder_controller.cpp:507]   --->   Operation 233 'writeresp' 'empty_855' <Predicate = true> <Delay = 2.43> <CoreInst = "m_axi">   --->   Core 121 'm_axi' <Latency = 0> <II = 1> <Delay = 1.00> <Adapter> <Opcode : 'read' 'write' 'readreq' 'writereq' 'writeresp'>

State 39 <SV = 38> <Delay = 2.43>
ST_39 : Operation 234 [33/68] (2.43ns)   --->   "%empty_852 = writeresp i1 @_ssdm_op_WriteResp.m_axi.p1i512, i512 %gmem0_addr" [source/int4_decoder_controller.cpp:507]   --->   Operation 234 'writeresp' 'empty_852' <Predicate = true> <Delay = 2.43> <CoreInst = "m_axi">   --->   Core 121 'm_axi' <Latency = 0> <II = 1> <Delay = 1.00> <Adapter> <Opcode : 'read' 'write' 'readreq' 'writereq' 'writeresp'>
ST_39 : Operation 235 [33/68] (2.43ns)   --->   "%empty_853 = writeresp i1 @_ssdm_op_WriteResp.m_axi.p1i512, i512 %gmem1_addr" [source/int4_decoder_controller.cpp:507]   --->   Operation 235 'writeresp' 'empty_853' <Predicate = true> <Delay = 2.43> <CoreInst = "m_axi">   --->   Core 121 'm_axi' <Latency = 0> <II = 1> <Delay = 1.00> <Adapter> <Opcode : 'read' 'write' 'readreq' 'writereq' 'writeresp'>
ST_39 : Operation 236 [33/68] (2.43ns)   --->   "%empty_854 = writeresp i1 @_ssdm_op_WriteResp.m_axi.p1i512, i512 %gmem2_addr" [source/int4_decoder_controller.cpp:507]   --->   Operation 236 'writeresp' 'empty_854' <Predicate = true> <Delay = 2.43> <CoreInst = "m_axi">   --->   Core 121 'm_axi' <Latency = 0> <II = 1> <Delay = 1.00> <Adapter> <Opcode : 'read' 'write' 'readreq' 'writereq' 'writeresp'>
ST_39 : Operation 237 [33/68] (2.43ns)   --->   "%empty_855 = writeresp i1 @_ssdm_op_WriteResp.m_axi.p1i512, i512 %gmem3_addr" [source/int4_decoder_controller.cpp:507]   --->   Operation 237 'writeresp' 'empty_855' <Predicate = true> <Delay = 2.43> <CoreInst = "m_axi">   --->   Core 121 'm_axi' <Latency = 0> <II = 1> <Delay = 1.00> <Adapter> <Opcode : 'read' 'write' 'readreq' 'writereq' 'writeresp'>

State 40 <SV = 39> <Delay = 2.43>
ST_40 : Operation 238 [32/68] (2.43ns)   --->   "%empty_852 = writeresp i1 @_ssdm_op_WriteResp.m_axi.p1i512, i512 %gmem0_addr" [source/int4_decoder_controller.cpp:507]   --->   Operation 238 'writeresp' 'empty_852' <Predicate = true> <Delay = 2.43> <CoreInst = "m_axi">   --->   Core 121 'm_axi' <Latency = 0> <II = 1> <Delay = 1.00> <Adapter> <Opcode : 'read' 'write' 'readreq' 'writereq' 'writeresp'>
ST_40 : Operation 239 [32/68] (2.43ns)   --->   "%empty_853 = writeresp i1 @_ssdm_op_WriteResp.m_axi.p1i512, i512 %gmem1_addr" [source/int4_decoder_controller.cpp:507]   --->   Operation 239 'writeresp' 'empty_853' <Predicate = true> <Delay = 2.43> <CoreInst = "m_axi">   --->   Core 121 'm_axi' <Latency = 0> <II = 1> <Delay = 1.00> <Adapter> <Opcode : 'read' 'write' 'readreq' 'writereq' 'writeresp'>
ST_40 : Operation 240 [32/68] (2.43ns)   --->   "%empty_854 = writeresp i1 @_ssdm_op_WriteResp.m_axi.p1i512, i512 %gmem2_addr" [source/int4_decoder_controller.cpp:507]   --->   Operation 240 'writeresp' 'empty_854' <Predicate = true> <Delay = 2.43> <CoreInst = "m_axi">   --->   Core 121 'm_axi' <Latency = 0> <II = 1> <Delay = 1.00> <Adapter> <Opcode : 'read' 'write' 'readreq' 'writereq' 'writeresp'>
ST_40 : Operation 241 [32/68] (2.43ns)   --->   "%empty_855 = writeresp i1 @_ssdm_op_WriteResp.m_axi.p1i512, i512 %gmem3_addr" [source/int4_decoder_controller.cpp:507]   --->   Operation 241 'writeresp' 'empty_855' <Predicate = true> <Delay = 2.43> <CoreInst = "m_axi">   --->   Core 121 'm_axi' <Latency = 0> <II = 1> <Delay = 1.00> <Adapter> <Opcode : 'read' 'write' 'readreq' 'writereq' 'writeresp'>

State 41 <SV = 40> <Delay = 2.43>
ST_41 : Operation 242 [31/68] (2.43ns)   --->   "%empty_852 = writeresp i1 @_ssdm_op_WriteResp.m_axi.p1i512, i512 %gmem0_addr" [source/int4_decoder_controller.cpp:507]   --->   Operation 242 'writeresp' 'empty_852' <Predicate = true> <Delay = 2.43> <CoreInst = "m_axi">   --->   Core 121 'm_axi' <Latency = 0> <II = 1> <Delay = 1.00> <Adapter> <Opcode : 'read' 'write' 'readreq' 'writereq' 'writeresp'>
ST_41 : Operation 243 [31/68] (2.43ns)   --->   "%empty_853 = writeresp i1 @_ssdm_op_WriteResp.m_axi.p1i512, i512 %gmem1_addr" [source/int4_decoder_controller.cpp:507]   --->   Operation 243 'writeresp' 'empty_853' <Predicate = true> <Delay = 2.43> <CoreInst = "m_axi">   --->   Core 121 'm_axi' <Latency = 0> <II = 1> <Delay = 1.00> <Adapter> <Opcode : 'read' 'write' 'readreq' 'writereq' 'writeresp'>
ST_41 : Operation 244 [31/68] (2.43ns)   --->   "%empty_854 = writeresp i1 @_ssdm_op_WriteResp.m_axi.p1i512, i512 %gmem2_addr" [source/int4_decoder_controller.cpp:507]   --->   Operation 244 'writeresp' 'empty_854' <Predicate = true> <Delay = 2.43> <CoreInst = "m_axi">   --->   Core 121 'm_axi' <Latency = 0> <II = 1> <Delay = 1.00> <Adapter> <Opcode : 'read' 'write' 'readreq' 'writereq' 'writeresp'>
ST_41 : Operation 245 [31/68] (2.43ns)   --->   "%empty_855 = writeresp i1 @_ssdm_op_WriteResp.m_axi.p1i512, i512 %gmem3_addr" [source/int4_decoder_controller.cpp:507]   --->   Operation 245 'writeresp' 'empty_855' <Predicate = true> <Delay = 2.43> <CoreInst = "m_axi">   --->   Core 121 'm_axi' <Latency = 0> <II = 1> <Delay = 1.00> <Adapter> <Opcode : 'read' 'write' 'readreq' 'writereq' 'writeresp'>

State 42 <SV = 41> <Delay = 2.43>
ST_42 : Operation 246 [30/68] (2.43ns)   --->   "%empty_852 = writeresp i1 @_ssdm_op_WriteResp.m_axi.p1i512, i512 %gmem0_addr" [source/int4_decoder_controller.cpp:507]   --->   Operation 246 'writeresp' 'empty_852' <Predicate = true> <Delay = 2.43> <CoreInst = "m_axi">   --->   Core 121 'm_axi' <Latency = 0> <II = 1> <Delay = 1.00> <Adapter> <Opcode : 'read' 'write' 'readreq' 'writereq' 'writeresp'>
ST_42 : Operation 247 [30/68] (2.43ns)   --->   "%empty_853 = writeresp i1 @_ssdm_op_WriteResp.m_axi.p1i512, i512 %gmem1_addr" [source/int4_decoder_controller.cpp:507]   --->   Operation 247 'writeresp' 'empty_853' <Predicate = true> <Delay = 2.43> <CoreInst = "m_axi">   --->   Core 121 'm_axi' <Latency = 0> <II = 1> <Delay = 1.00> <Adapter> <Opcode : 'read' 'write' 'readreq' 'writereq' 'writeresp'>
ST_42 : Operation 248 [30/68] (2.43ns)   --->   "%empty_854 = writeresp i1 @_ssdm_op_WriteResp.m_axi.p1i512, i512 %gmem2_addr" [source/int4_decoder_controller.cpp:507]   --->   Operation 248 'writeresp' 'empty_854' <Predicate = true> <Delay = 2.43> <CoreInst = "m_axi">   --->   Core 121 'm_axi' <Latency = 0> <II = 1> <Delay = 1.00> <Adapter> <Opcode : 'read' 'write' 'readreq' 'writereq' 'writeresp'>
ST_42 : Operation 249 [30/68] (2.43ns)   --->   "%empty_855 = writeresp i1 @_ssdm_op_WriteResp.m_axi.p1i512, i512 %gmem3_addr" [source/int4_decoder_controller.cpp:507]   --->   Operation 249 'writeresp' 'empty_855' <Predicate = true> <Delay = 2.43> <CoreInst = "m_axi">   --->   Core 121 'm_axi' <Latency = 0> <II = 1> <Delay = 1.00> <Adapter> <Opcode : 'read' 'write' 'readreq' 'writereq' 'writeresp'>

State 43 <SV = 42> <Delay = 2.43>
ST_43 : Operation 250 [29/68] (2.43ns)   --->   "%empty_852 = writeresp i1 @_ssdm_op_WriteResp.m_axi.p1i512, i512 %gmem0_addr" [source/int4_decoder_controller.cpp:507]   --->   Operation 250 'writeresp' 'empty_852' <Predicate = true> <Delay = 2.43> <CoreInst = "m_axi">   --->   Core 121 'm_axi' <Latency = 0> <II = 1> <Delay = 1.00> <Adapter> <Opcode : 'read' 'write' 'readreq' 'writereq' 'writeresp'>
ST_43 : Operation 251 [29/68] (2.43ns)   --->   "%empty_853 = writeresp i1 @_ssdm_op_WriteResp.m_axi.p1i512, i512 %gmem1_addr" [source/int4_decoder_controller.cpp:507]   --->   Operation 251 'writeresp' 'empty_853' <Predicate = true> <Delay = 2.43> <CoreInst = "m_axi">   --->   Core 121 'm_axi' <Latency = 0> <II = 1> <Delay = 1.00> <Adapter> <Opcode : 'read' 'write' 'readreq' 'writereq' 'writeresp'>
ST_43 : Operation 252 [29/68] (2.43ns)   --->   "%empty_854 = writeresp i1 @_ssdm_op_WriteResp.m_axi.p1i512, i512 %gmem2_addr" [source/int4_decoder_controller.cpp:507]   --->   Operation 252 'writeresp' 'empty_854' <Predicate = true> <Delay = 2.43> <CoreInst = "m_axi">   --->   Core 121 'm_axi' <Latency = 0> <II = 1> <Delay = 1.00> <Adapter> <Opcode : 'read' 'write' 'readreq' 'writereq' 'writeresp'>
ST_43 : Operation 253 [29/68] (2.43ns)   --->   "%empty_855 = writeresp i1 @_ssdm_op_WriteResp.m_axi.p1i512, i512 %gmem3_addr" [source/int4_decoder_controller.cpp:507]   --->   Operation 253 'writeresp' 'empty_855' <Predicate = true> <Delay = 2.43> <CoreInst = "m_axi">   --->   Core 121 'm_axi' <Latency = 0> <II = 1> <Delay = 1.00> <Adapter> <Opcode : 'read' 'write' 'readreq' 'writereq' 'writeresp'>

State 44 <SV = 43> <Delay = 2.43>
ST_44 : Operation 254 [28/68] (2.43ns)   --->   "%empty_852 = writeresp i1 @_ssdm_op_WriteResp.m_axi.p1i512, i512 %gmem0_addr" [source/int4_decoder_controller.cpp:507]   --->   Operation 254 'writeresp' 'empty_852' <Predicate = true> <Delay = 2.43> <CoreInst = "m_axi">   --->   Core 121 'm_axi' <Latency = 0> <II = 1> <Delay = 1.00> <Adapter> <Opcode : 'read' 'write' 'readreq' 'writereq' 'writeresp'>
ST_44 : Operation 255 [28/68] (2.43ns)   --->   "%empty_853 = writeresp i1 @_ssdm_op_WriteResp.m_axi.p1i512, i512 %gmem1_addr" [source/int4_decoder_controller.cpp:507]   --->   Operation 255 'writeresp' 'empty_853' <Predicate = true> <Delay = 2.43> <CoreInst = "m_axi">   --->   Core 121 'm_axi' <Latency = 0> <II = 1> <Delay = 1.00> <Adapter> <Opcode : 'read' 'write' 'readreq' 'writereq' 'writeresp'>
ST_44 : Operation 256 [28/68] (2.43ns)   --->   "%empty_854 = writeresp i1 @_ssdm_op_WriteResp.m_axi.p1i512, i512 %gmem2_addr" [source/int4_decoder_controller.cpp:507]   --->   Operation 256 'writeresp' 'empty_854' <Predicate = true> <Delay = 2.43> <CoreInst = "m_axi">   --->   Core 121 'm_axi' <Latency = 0> <II = 1> <Delay = 1.00> <Adapter> <Opcode : 'read' 'write' 'readreq' 'writereq' 'writeresp'>
ST_44 : Operation 257 [28/68] (2.43ns)   --->   "%empty_855 = writeresp i1 @_ssdm_op_WriteResp.m_axi.p1i512, i512 %gmem3_addr" [source/int4_decoder_controller.cpp:507]   --->   Operation 257 'writeresp' 'empty_855' <Predicate = true> <Delay = 2.43> <CoreInst = "m_axi">   --->   Core 121 'm_axi' <Latency = 0> <II = 1> <Delay = 1.00> <Adapter> <Opcode : 'read' 'write' 'readreq' 'writereq' 'writeresp'>

State 45 <SV = 44> <Delay = 2.43>
ST_45 : Operation 258 [27/68] (2.43ns)   --->   "%empty_852 = writeresp i1 @_ssdm_op_WriteResp.m_axi.p1i512, i512 %gmem0_addr" [source/int4_decoder_controller.cpp:507]   --->   Operation 258 'writeresp' 'empty_852' <Predicate = true> <Delay = 2.43> <CoreInst = "m_axi">   --->   Core 121 'm_axi' <Latency = 0> <II = 1> <Delay = 1.00> <Adapter> <Opcode : 'read' 'write' 'readreq' 'writereq' 'writeresp'>
ST_45 : Operation 259 [27/68] (2.43ns)   --->   "%empty_853 = writeresp i1 @_ssdm_op_WriteResp.m_axi.p1i512, i512 %gmem1_addr" [source/int4_decoder_controller.cpp:507]   --->   Operation 259 'writeresp' 'empty_853' <Predicate = true> <Delay = 2.43> <CoreInst = "m_axi">   --->   Core 121 'm_axi' <Latency = 0> <II = 1> <Delay = 1.00> <Adapter> <Opcode : 'read' 'write' 'readreq' 'writereq' 'writeresp'>
ST_45 : Operation 260 [27/68] (2.43ns)   --->   "%empty_854 = writeresp i1 @_ssdm_op_WriteResp.m_axi.p1i512, i512 %gmem2_addr" [source/int4_decoder_controller.cpp:507]   --->   Operation 260 'writeresp' 'empty_854' <Predicate = true> <Delay = 2.43> <CoreInst = "m_axi">   --->   Core 121 'm_axi' <Latency = 0> <II = 1> <Delay = 1.00> <Adapter> <Opcode : 'read' 'write' 'readreq' 'writereq' 'writeresp'>
ST_45 : Operation 261 [27/68] (2.43ns)   --->   "%empty_855 = writeresp i1 @_ssdm_op_WriteResp.m_axi.p1i512, i512 %gmem3_addr" [source/int4_decoder_controller.cpp:507]   --->   Operation 261 'writeresp' 'empty_855' <Predicate = true> <Delay = 2.43> <CoreInst = "m_axi">   --->   Core 121 'm_axi' <Latency = 0> <II = 1> <Delay = 1.00> <Adapter> <Opcode : 'read' 'write' 'readreq' 'writereq' 'writeresp'>

State 46 <SV = 45> <Delay = 2.43>
ST_46 : Operation 262 [26/68] (2.43ns)   --->   "%empty_852 = writeresp i1 @_ssdm_op_WriteResp.m_axi.p1i512, i512 %gmem0_addr" [source/int4_decoder_controller.cpp:507]   --->   Operation 262 'writeresp' 'empty_852' <Predicate = true> <Delay = 2.43> <CoreInst = "m_axi">   --->   Core 121 'm_axi' <Latency = 0> <II = 1> <Delay = 1.00> <Adapter> <Opcode : 'read' 'write' 'readreq' 'writereq' 'writeresp'>
ST_46 : Operation 263 [26/68] (2.43ns)   --->   "%empty_853 = writeresp i1 @_ssdm_op_WriteResp.m_axi.p1i512, i512 %gmem1_addr" [source/int4_decoder_controller.cpp:507]   --->   Operation 263 'writeresp' 'empty_853' <Predicate = true> <Delay = 2.43> <CoreInst = "m_axi">   --->   Core 121 'm_axi' <Latency = 0> <II = 1> <Delay = 1.00> <Adapter> <Opcode : 'read' 'write' 'readreq' 'writereq' 'writeresp'>
ST_46 : Operation 264 [26/68] (2.43ns)   --->   "%empty_854 = writeresp i1 @_ssdm_op_WriteResp.m_axi.p1i512, i512 %gmem2_addr" [source/int4_decoder_controller.cpp:507]   --->   Operation 264 'writeresp' 'empty_854' <Predicate = true> <Delay = 2.43> <CoreInst = "m_axi">   --->   Core 121 'm_axi' <Latency = 0> <II = 1> <Delay = 1.00> <Adapter> <Opcode : 'read' 'write' 'readreq' 'writereq' 'writeresp'>
ST_46 : Operation 265 [26/68] (2.43ns)   --->   "%empty_855 = writeresp i1 @_ssdm_op_WriteResp.m_axi.p1i512, i512 %gmem3_addr" [source/int4_decoder_controller.cpp:507]   --->   Operation 265 'writeresp' 'empty_855' <Predicate = true> <Delay = 2.43> <CoreInst = "m_axi">   --->   Core 121 'm_axi' <Latency = 0> <II = 1> <Delay = 1.00> <Adapter> <Opcode : 'read' 'write' 'readreq' 'writereq' 'writeresp'>

State 47 <SV = 46> <Delay = 2.43>
ST_47 : Operation 266 [25/68] (2.43ns)   --->   "%empty_852 = writeresp i1 @_ssdm_op_WriteResp.m_axi.p1i512, i512 %gmem0_addr" [source/int4_decoder_controller.cpp:507]   --->   Operation 266 'writeresp' 'empty_852' <Predicate = true> <Delay = 2.43> <CoreInst = "m_axi">   --->   Core 121 'm_axi' <Latency = 0> <II = 1> <Delay = 1.00> <Adapter> <Opcode : 'read' 'write' 'readreq' 'writereq' 'writeresp'>
ST_47 : Operation 267 [25/68] (2.43ns)   --->   "%empty_853 = writeresp i1 @_ssdm_op_WriteResp.m_axi.p1i512, i512 %gmem1_addr" [source/int4_decoder_controller.cpp:507]   --->   Operation 267 'writeresp' 'empty_853' <Predicate = true> <Delay = 2.43> <CoreInst = "m_axi">   --->   Core 121 'm_axi' <Latency = 0> <II = 1> <Delay = 1.00> <Adapter> <Opcode : 'read' 'write' 'readreq' 'writereq' 'writeresp'>
ST_47 : Operation 268 [25/68] (2.43ns)   --->   "%empty_854 = writeresp i1 @_ssdm_op_WriteResp.m_axi.p1i512, i512 %gmem2_addr" [source/int4_decoder_controller.cpp:507]   --->   Operation 268 'writeresp' 'empty_854' <Predicate = true> <Delay = 2.43> <CoreInst = "m_axi">   --->   Core 121 'm_axi' <Latency = 0> <II = 1> <Delay = 1.00> <Adapter> <Opcode : 'read' 'write' 'readreq' 'writereq' 'writeresp'>
ST_47 : Operation 269 [25/68] (2.43ns)   --->   "%empty_855 = writeresp i1 @_ssdm_op_WriteResp.m_axi.p1i512, i512 %gmem3_addr" [source/int4_decoder_controller.cpp:507]   --->   Operation 269 'writeresp' 'empty_855' <Predicate = true> <Delay = 2.43> <CoreInst = "m_axi">   --->   Core 121 'm_axi' <Latency = 0> <II = 1> <Delay = 1.00> <Adapter> <Opcode : 'read' 'write' 'readreq' 'writereq' 'writeresp'>

State 48 <SV = 47> <Delay = 2.43>
ST_48 : Operation 270 [24/68] (2.43ns)   --->   "%empty_852 = writeresp i1 @_ssdm_op_WriteResp.m_axi.p1i512, i512 %gmem0_addr" [source/int4_decoder_controller.cpp:507]   --->   Operation 270 'writeresp' 'empty_852' <Predicate = true> <Delay = 2.43> <CoreInst = "m_axi">   --->   Core 121 'm_axi' <Latency = 0> <II = 1> <Delay = 1.00> <Adapter> <Opcode : 'read' 'write' 'readreq' 'writereq' 'writeresp'>
ST_48 : Operation 271 [24/68] (2.43ns)   --->   "%empty_853 = writeresp i1 @_ssdm_op_WriteResp.m_axi.p1i512, i512 %gmem1_addr" [source/int4_decoder_controller.cpp:507]   --->   Operation 271 'writeresp' 'empty_853' <Predicate = true> <Delay = 2.43> <CoreInst = "m_axi">   --->   Core 121 'm_axi' <Latency = 0> <II = 1> <Delay = 1.00> <Adapter> <Opcode : 'read' 'write' 'readreq' 'writereq' 'writeresp'>
ST_48 : Operation 272 [24/68] (2.43ns)   --->   "%empty_854 = writeresp i1 @_ssdm_op_WriteResp.m_axi.p1i512, i512 %gmem2_addr" [source/int4_decoder_controller.cpp:507]   --->   Operation 272 'writeresp' 'empty_854' <Predicate = true> <Delay = 2.43> <CoreInst = "m_axi">   --->   Core 121 'm_axi' <Latency = 0> <II = 1> <Delay = 1.00> <Adapter> <Opcode : 'read' 'write' 'readreq' 'writereq' 'writeresp'>
ST_48 : Operation 273 [24/68] (2.43ns)   --->   "%empty_855 = writeresp i1 @_ssdm_op_WriteResp.m_axi.p1i512, i512 %gmem3_addr" [source/int4_decoder_controller.cpp:507]   --->   Operation 273 'writeresp' 'empty_855' <Predicate = true> <Delay = 2.43> <CoreInst = "m_axi">   --->   Core 121 'm_axi' <Latency = 0> <II = 1> <Delay = 1.00> <Adapter> <Opcode : 'read' 'write' 'readreq' 'writereq' 'writeresp'>

State 49 <SV = 48> <Delay = 2.43>
ST_49 : Operation 274 [23/68] (2.43ns)   --->   "%empty_852 = writeresp i1 @_ssdm_op_WriteResp.m_axi.p1i512, i512 %gmem0_addr" [source/int4_decoder_controller.cpp:507]   --->   Operation 274 'writeresp' 'empty_852' <Predicate = true> <Delay = 2.43> <CoreInst = "m_axi">   --->   Core 121 'm_axi' <Latency = 0> <II = 1> <Delay = 1.00> <Adapter> <Opcode : 'read' 'write' 'readreq' 'writereq' 'writeresp'>
ST_49 : Operation 275 [23/68] (2.43ns)   --->   "%empty_853 = writeresp i1 @_ssdm_op_WriteResp.m_axi.p1i512, i512 %gmem1_addr" [source/int4_decoder_controller.cpp:507]   --->   Operation 275 'writeresp' 'empty_853' <Predicate = true> <Delay = 2.43> <CoreInst = "m_axi">   --->   Core 121 'm_axi' <Latency = 0> <II = 1> <Delay = 1.00> <Adapter> <Opcode : 'read' 'write' 'readreq' 'writereq' 'writeresp'>
ST_49 : Operation 276 [23/68] (2.43ns)   --->   "%empty_854 = writeresp i1 @_ssdm_op_WriteResp.m_axi.p1i512, i512 %gmem2_addr" [source/int4_decoder_controller.cpp:507]   --->   Operation 276 'writeresp' 'empty_854' <Predicate = true> <Delay = 2.43> <CoreInst = "m_axi">   --->   Core 121 'm_axi' <Latency = 0> <II = 1> <Delay = 1.00> <Adapter> <Opcode : 'read' 'write' 'readreq' 'writereq' 'writeresp'>
ST_49 : Operation 277 [23/68] (2.43ns)   --->   "%empty_855 = writeresp i1 @_ssdm_op_WriteResp.m_axi.p1i512, i512 %gmem3_addr" [source/int4_decoder_controller.cpp:507]   --->   Operation 277 'writeresp' 'empty_855' <Predicate = true> <Delay = 2.43> <CoreInst = "m_axi">   --->   Core 121 'm_axi' <Latency = 0> <II = 1> <Delay = 1.00> <Adapter> <Opcode : 'read' 'write' 'readreq' 'writereq' 'writeresp'>

State 50 <SV = 49> <Delay = 2.43>
ST_50 : Operation 278 [22/68] (2.43ns)   --->   "%empty_852 = writeresp i1 @_ssdm_op_WriteResp.m_axi.p1i512, i512 %gmem0_addr" [source/int4_decoder_controller.cpp:507]   --->   Operation 278 'writeresp' 'empty_852' <Predicate = true> <Delay = 2.43> <CoreInst = "m_axi">   --->   Core 121 'm_axi' <Latency = 0> <II = 1> <Delay = 1.00> <Adapter> <Opcode : 'read' 'write' 'readreq' 'writereq' 'writeresp'>
ST_50 : Operation 279 [22/68] (2.43ns)   --->   "%empty_853 = writeresp i1 @_ssdm_op_WriteResp.m_axi.p1i512, i512 %gmem1_addr" [source/int4_decoder_controller.cpp:507]   --->   Operation 279 'writeresp' 'empty_853' <Predicate = true> <Delay = 2.43> <CoreInst = "m_axi">   --->   Core 121 'm_axi' <Latency = 0> <II = 1> <Delay = 1.00> <Adapter> <Opcode : 'read' 'write' 'readreq' 'writereq' 'writeresp'>
ST_50 : Operation 280 [22/68] (2.43ns)   --->   "%empty_854 = writeresp i1 @_ssdm_op_WriteResp.m_axi.p1i512, i512 %gmem2_addr" [source/int4_decoder_controller.cpp:507]   --->   Operation 280 'writeresp' 'empty_854' <Predicate = true> <Delay = 2.43> <CoreInst = "m_axi">   --->   Core 121 'm_axi' <Latency = 0> <II = 1> <Delay = 1.00> <Adapter> <Opcode : 'read' 'write' 'readreq' 'writereq' 'writeresp'>
ST_50 : Operation 281 [22/68] (2.43ns)   --->   "%empty_855 = writeresp i1 @_ssdm_op_WriteResp.m_axi.p1i512, i512 %gmem3_addr" [source/int4_decoder_controller.cpp:507]   --->   Operation 281 'writeresp' 'empty_855' <Predicate = true> <Delay = 2.43> <CoreInst = "m_axi">   --->   Core 121 'm_axi' <Latency = 0> <II = 1> <Delay = 1.00> <Adapter> <Opcode : 'read' 'write' 'readreq' 'writereq' 'writeresp'>

State 51 <SV = 50> <Delay = 2.43>
ST_51 : Operation 282 [21/68] (2.43ns)   --->   "%empty_852 = writeresp i1 @_ssdm_op_WriteResp.m_axi.p1i512, i512 %gmem0_addr" [source/int4_decoder_controller.cpp:507]   --->   Operation 282 'writeresp' 'empty_852' <Predicate = true> <Delay = 2.43> <CoreInst = "m_axi">   --->   Core 121 'm_axi' <Latency = 0> <II = 1> <Delay = 1.00> <Adapter> <Opcode : 'read' 'write' 'readreq' 'writereq' 'writeresp'>
ST_51 : Operation 283 [21/68] (2.43ns)   --->   "%empty_853 = writeresp i1 @_ssdm_op_WriteResp.m_axi.p1i512, i512 %gmem1_addr" [source/int4_decoder_controller.cpp:507]   --->   Operation 283 'writeresp' 'empty_853' <Predicate = true> <Delay = 2.43> <CoreInst = "m_axi">   --->   Core 121 'm_axi' <Latency = 0> <II = 1> <Delay = 1.00> <Adapter> <Opcode : 'read' 'write' 'readreq' 'writereq' 'writeresp'>
ST_51 : Operation 284 [21/68] (2.43ns)   --->   "%empty_854 = writeresp i1 @_ssdm_op_WriteResp.m_axi.p1i512, i512 %gmem2_addr" [source/int4_decoder_controller.cpp:507]   --->   Operation 284 'writeresp' 'empty_854' <Predicate = true> <Delay = 2.43> <CoreInst = "m_axi">   --->   Core 121 'm_axi' <Latency = 0> <II = 1> <Delay = 1.00> <Adapter> <Opcode : 'read' 'write' 'readreq' 'writereq' 'writeresp'>
ST_51 : Operation 285 [21/68] (2.43ns)   --->   "%empty_855 = writeresp i1 @_ssdm_op_WriteResp.m_axi.p1i512, i512 %gmem3_addr" [source/int4_decoder_controller.cpp:507]   --->   Operation 285 'writeresp' 'empty_855' <Predicate = true> <Delay = 2.43> <CoreInst = "m_axi">   --->   Core 121 'm_axi' <Latency = 0> <II = 1> <Delay = 1.00> <Adapter> <Opcode : 'read' 'write' 'readreq' 'writereq' 'writeresp'>

State 52 <SV = 51> <Delay = 2.43>
ST_52 : Operation 286 [20/68] (2.43ns)   --->   "%empty_852 = writeresp i1 @_ssdm_op_WriteResp.m_axi.p1i512, i512 %gmem0_addr" [source/int4_decoder_controller.cpp:507]   --->   Operation 286 'writeresp' 'empty_852' <Predicate = true> <Delay = 2.43> <CoreInst = "m_axi">   --->   Core 121 'm_axi' <Latency = 0> <II = 1> <Delay = 1.00> <Adapter> <Opcode : 'read' 'write' 'readreq' 'writereq' 'writeresp'>
ST_52 : Operation 287 [20/68] (2.43ns)   --->   "%empty_853 = writeresp i1 @_ssdm_op_WriteResp.m_axi.p1i512, i512 %gmem1_addr" [source/int4_decoder_controller.cpp:507]   --->   Operation 287 'writeresp' 'empty_853' <Predicate = true> <Delay = 2.43> <CoreInst = "m_axi">   --->   Core 121 'm_axi' <Latency = 0> <II = 1> <Delay = 1.00> <Adapter> <Opcode : 'read' 'write' 'readreq' 'writereq' 'writeresp'>
ST_52 : Operation 288 [20/68] (2.43ns)   --->   "%empty_854 = writeresp i1 @_ssdm_op_WriteResp.m_axi.p1i512, i512 %gmem2_addr" [source/int4_decoder_controller.cpp:507]   --->   Operation 288 'writeresp' 'empty_854' <Predicate = true> <Delay = 2.43> <CoreInst = "m_axi">   --->   Core 121 'm_axi' <Latency = 0> <II = 1> <Delay = 1.00> <Adapter> <Opcode : 'read' 'write' 'readreq' 'writereq' 'writeresp'>
ST_52 : Operation 289 [20/68] (2.43ns)   --->   "%empty_855 = writeresp i1 @_ssdm_op_WriteResp.m_axi.p1i512, i512 %gmem3_addr" [source/int4_decoder_controller.cpp:507]   --->   Operation 289 'writeresp' 'empty_855' <Predicate = true> <Delay = 2.43> <CoreInst = "m_axi">   --->   Core 121 'm_axi' <Latency = 0> <II = 1> <Delay = 1.00> <Adapter> <Opcode : 'read' 'write' 'readreq' 'writereq' 'writeresp'>

State 53 <SV = 52> <Delay = 2.43>
ST_53 : Operation 290 [19/68] (2.43ns)   --->   "%empty_852 = writeresp i1 @_ssdm_op_WriteResp.m_axi.p1i512, i512 %gmem0_addr" [source/int4_decoder_controller.cpp:507]   --->   Operation 290 'writeresp' 'empty_852' <Predicate = true> <Delay = 2.43> <CoreInst = "m_axi">   --->   Core 121 'm_axi' <Latency = 0> <II = 1> <Delay = 1.00> <Adapter> <Opcode : 'read' 'write' 'readreq' 'writereq' 'writeresp'>
ST_53 : Operation 291 [19/68] (2.43ns)   --->   "%empty_853 = writeresp i1 @_ssdm_op_WriteResp.m_axi.p1i512, i512 %gmem1_addr" [source/int4_decoder_controller.cpp:507]   --->   Operation 291 'writeresp' 'empty_853' <Predicate = true> <Delay = 2.43> <CoreInst = "m_axi">   --->   Core 121 'm_axi' <Latency = 0> <II = 1> <Delay = 1.00> <Adapter> <Opcode : 'read' 'write' 'readreq' 'writereq' 'writeresp'>
ST_53 : Operation 292 [19/68] (2.43ns)   --->   "%empty_854 = writeresp i1 @_ssdm_op_WriteResp.m_axi.p1i512, i512 %gmem2_addr" [source/int4_decoder_controller.cpp:507]   --->   Operation 292 'writeresp' 'empty_854' <Predicate = true> <Delay = 2.43> <CoreInst = "m_axi">   --->   Core 121 'm_axi' <Latency = 0> <II = 1> <Delay = 1.00> <Adapter> <Opcode : 'read' 'write' 'readreq' 'writereq' 'writeresp'>
ST_53 : Operation 293 [19/68] (2.43ns)   --->   "%empty_855 = writeresp i1 @_ssdm_op_WriteResp.m_axi.p1i512, i512 %gmem3_addr" [source/int4_decoder_controller.cpp:507]   --->   Operation 293 'writeresp' 'empty_855' <Predicate = true> <Delay = 2.43> <CoreInst = "m_axi">   --->   Core 121 'm_axi' <Latency = 0> <II = 1> <Delay = 1.00> <Adapter> <Opcode : 'read' 'write' 'readreq' 'writereq' 'writeresp'>

State 54 <SV = 53> <Delay = 2.43>
ST_54 : Operation 294 [18/68] (2.43ns)   --->   "%empty_852 = writeresp i1 @_ssdm_op_WriteResp.m_axi.p1i512, i512 %gmem0_addr" [source/int4_decoder_controller.cpp:507]   --->   Operation 294 'writeresp' 'empty_852' <Predicate = true> <Delay = 2.43> <CoreInst = "m_axi">   --->   Core 121 'm_axi' <Latency = 0> <II = 1> <Delay = 1.00> <Adapter> <Opcode : 'read' 'write' 'readreq' 'writereq' 'writeresp'>
ST_54 : Operation 295 [18/68] (2.43ns)   --->   "%empty_853 = writeresp i1 @_ssdm_op_WriteResp.m_axi.p1i512, i512 %gmem1_addr" [source/int4_decoder_controller.cpp:507]   --->   Operation 295 'writeresp' 'empty_853' <Predicate = true> <Delay = 2.43> <CoreInst = "m_axi">   --->   Core 121 'm_axi' <Latency = 0> <II = 1> <Delay = 1.00> <Adapter> <Opcode : 'read' 'write' 'readreq' 'writereq' 'writeresp'>
ST_54 : Operation 296 [18/68] (2.43ns)   --->   "%empty_854 = writeresp i1 @_ssdm_op_WriteResp.m_axi.p1i512, i512 %gmem2_addr" [source/int4_decoder_controller.cpp:507]   --->   Operation 296 'writeresp' 'empty_854' <Predicate = true> <Delay = 2.43> <CoreInst = "m_axi">   --->   Core 121 'm_axi' <Latency = 0> <II = 1> <Delay = 1.00> <Adapter> <Opcode : 'read' 'write' 'readreq' 'writereq' 'writeresp'>
ST_54 : Operation 297 [18/68] (2.43ns)   --->   "%empty_855 = writeresp i1 @_ssdm_op_WriteResp.m_axi.p1i512, i512 %gmem3_addr" [source/int4_decoder_controller.cpp:507]   --->   Operation 297 'writeresp' 'empty_855' <Predicate = true> <Delay = 2.43> <CoreInst = "m_axi">   --->   Core 121 'm_axi' <Latency = 0> <II = 1> <Delay = 1.00> <Adapter> <Opcode : 'read' 'write' 'readreq' 'writereq' 'writeresp'>

State 55 <SV = 54> <Delay = 2.43>
ST_55 : Operation 298 [17/68] (2.43ns)   --->   "%empty_852 = writeresp i1 @_ssdm_op_WriteResp.m_axi.p1i512, i512 %gmem0_addr" [source/int4_decoder_controller.cpp:507]   --->   Operation 298 'writeresp' 'empty_852' <Predicate = true> <Delay = 2.43> <CoreInst = "m_axi">   --->   Core 121 'm_axi' <Latency = 0> <II = 1> <Delay = 1.00> <Adapter> <Opcode : 'read' 'write' 'readreq' 'writereq' 'writeresp'>
ST_55 : Operation 299 [17/68] (2.43ns)   --->   "%empty_853 = writeresp i1 @_ssdm_op_WriteResp.m_axi.p1i512, i512 %gmem1_addr" [source/int4_decoder_controller.cpp:507]   --->   Operation 299 'writeresp' 'empty_853' <Predicate = true> <Delay = 2.43> <CoreInst = "m_axi">   --->   Core 121 'm_axi' <Latency = 0> <II = 1> <Delay = 1.00> <Adapter> <Opcode : 'read' 'write' 'readreq' 'writereq' 'writeresp'>
ST_55 : Operation 300 [17/68] (2.43ns)   --->   "%empty_854 = writeresp i1 @_ssdm_op_WriteResp.m_axi.p1i512, i512 %gmem2_addr" [source/int4_decoder_controller.cpp:507]   --->   Operation 300 'writeresp' 'empty_854' <Predicate = true> <Delay = 2.43> <CoreInst = "m_axi">   --->   Core 121 'm_axi' <Latency = 0> <II = 1> <Delay = 1.00> <Adapter> <Opcode : 'read' 'write' 'readreq' 'writereq' 'writeresp'>
ST_55 : Operation 301 [17/68] (2.43ns)   --->   "%empty_855 = writeresp i1 @_ssdm_op_WriteResp.m_axi.p1i512, i512 %gmem3_addr" [source/int4_decoder_controller.cpp:507]   --->   Operation 301 'writeresp' 'empty_855' <Predicate = true> <Delay = 2.43> <CoreInst = "m_axi">   --->   Core 121 'm_axi' <Latency = 0> <II = 1> <Delay = 1.00> <Adapter> <Opcode : 'read' 'write' 'readreq' 'writereq' 'writeresp'>

State 56 <SV = 55> <Delay = 2.43>
ST_56 : Operation 302 [16/68] (2.43ns)   --->   "%empty_852 = writeresp i1 @_ssdm_op_WriteResp.m_axi.p1i512, i512 %gmem0_addr" [source/int4_decoder_controller.cpp:507]   --->   Operation 302 'writeresp' 'empty_852' <Predicate = true> <Delay = 2.43> <CoreInst = "m_axi">   --->   Core 121 'm_axi' <Latency = 0> <II = 1> <Delay = 1.00> <Adapter> <Opcode : 'read' 'write' 'readreq' 'writereq' 'writeresp'>
ST_56 : Operation 303 [16/68] (2.43ns)   --->   "%empty_853 = writeresp i1 @_ssdm_op_WriteResp.m_axi.p1i512, i512 %gmem1_addr" [source/int4_decoder_controller.cpp:507]   --->   Operation 303 'writeresp' 'empty_853' <Predicate = true> <Delay = 2.43> <CoreInst = "m_axi">   --->   Core 121 'm_axi' <Latency = 0> <II = 1> <Delay = 1.00> <Adapter> <Opcode : 'read' 'write' 'readreq' 'writereq' 'writeresp'>
ST_56 : Operation 304 [16/68] (2.43ns)   --->   "%empty_854 = writeresp i1 @_ssdm_op_WriteResp.m_axi.p1i512, i512 %gmem2_addr" [source/int4_decoder_controller.cpp:507]   --->   Operation 304 'writeresp' 'empty_854' <Predicate = true> <Delay = 2.43> <CoreInst = "m_axi">   --->   Core 121 'm_axi' <Latency = 0> <II = 1> <Delay = 1.00> <Adapter> <Opcode : 'read' 'write' 'readreq' 'writereq' 'writeresp'>
ST_56 : Operation 305 [16/68] (2.43ns)   --->   "%empty_855 = writeresp i1 @_ssdm_op_WriteResp.m_axi.p1i512, i512 %gmem3_addr" [source/int4_decoder_controller.cpp:507]   --->   Operation 305 'writeresp' 'empty_855' <Predicate = true> <Delay = 2.43> <CoreInst = "m_axi">   --->   Core 121 'm_axi' <Latency = 0> <II = 1> <Delay = 1.00> <Adapter> <Opcode : 'read' 'write' 'readreq' 'writereq' 'writeresp'>

State 57 <SV = 56> <Delay = 2.43>
ST_57 : Operation 306 [15/68] (2.43ns)   --->   "%empty_852 = writeresp i1 @_ssdm_op_WriteResp.m_axi.p1i512, i512 %gmem0_addr" [source/int4_decoder_controller.cpp:507]   --->   Operation 306 'writeresp' 'empty_852' <Predicate = true> <Delay = 2.43> <CoreInst = "m_axi">   --->   Core 121 'm_axi' <Latency = 0> <II = 1> <Delay = 1.00> <Adapter> <Opcode : 'read' 'write' 'readreq' 'writereq' 'writeresp'>
ST_57 : Operation 307 [15/68] (2.43ns)   --->   "%empty_853 = writeresp i1 @_ssdm_op_WriteResp.m_axi.p1i512, i512 %gmem1_addr" [source/int4_decoder_controller.cpp:507]   --->   Operation 307 'writeresp' 'empty_853' <Predicate = true> <Delay = 2.43> <CoreInst = "m_axi">   --->   Core 121 'm_axi' <Latency = 0> <II = 1> <Delay = 1.00> <Adapter> <Opcode : 'read' 'write' 'readreq' 'writereq' 'writeresp'>
ST_57 : Operation 308 [15/68] (2.43ns)   --->   "%empty_854 = writeresp i1 @_ssdm_op_WriteResp.m_axi.p1i512, i512 %gmem2_addr" [source/int4_decoder_controller.cpp:507]   --->   Operation 308 'writeresp' 'empty_854' <Predicate = true> <Delay = 2.43> <CoreInst = "m_axi">   --->   Core 121 'm_axi' <Latency = 0> <II = 1> <Delay = 1.00> <Adapter> <Opcode : 'read' 'write' 'readreq' 'writereq' 'writeresp'>
ST_57 : Operation 309 [15/68] (2.43ns)   --->   "%empty_855 = writeresp i1 @_ssdm_op_WriteResp.m_axi.p1i512, i512 %gmem3_addr" [source/int4_decoder_controller.cpp:507]   --->   Operation 309 'writeresp' 'empty_855' <Predicate = true> <Delay = 2.43> <CoreInst = "m_axi">   --->   Core 121 'm_axi' <Latency = 0> <II = 1> <Delay = 1.00> <Adapter> <Opcode : 'read' 'write' 'readreq' 'writereq' 'writeresp'>

State 58 <SV = 57> <Delay = 2.43>
ST_58 : Operation 310 [14/68] (2.43ns)   --->   "%empty_852 = writeresp i1 @_ssdm_op_WriteResp.m_axi.p1i512, i512 %gmem0_addr" [source/int4_decoder_controller.cpp:507]   --->   Operation 310 'writeresp' 'empty_852' <Predicate = true> <Delay = 2.43> <CoreInst = "m_axi">   --->   Core 121 'm_axi' <Latency = 0> <II = 1> <Delay = 1.00> <Adapter> <Opcode : 'read' 'write' 'readreq' 'writereq' 'writeresp'>
ST_58 : Operation 311 [14/68] (2.43ns)   --->   "%empty_853 = writeresp i1 @_ssdm_op_WriteResp.m_axi.p1i512, i512 %gmem1_addr" [source/int4_decoder_controller.cpp:507]   --->   Operation 311 'writeresp' 'empty_853' <Predicate = true> <Delay = 2.43> <CoreInst = "m_axi">   --->   Core 121 'm_axi' <Latency = 0> <II = 1> <Delay = 1.00> <Adapter> <Opcode : 'read' 'write' 'readreq' 'writereq' 'writeresp'>
ST_58 : Operation 312 [14/68] (2.43ns)   --->   "%empty_854 = writeresp i1 @_ssdm_op_WriteResp.m_axi.p1i512, i512 %gmem2_addr" [source/int4_decoder_controller.cpp:507]   --->   Operation 312 'writeresp' 'empty_854' <Predicate = true> <Delay = 2.43> <CoreInst = "m_axi">   --->   Core 121 'm_axi' <Latency = 0> <II = 1> <Delay = 1.00> <Adapter> <Opcode : 'read' 'write' 'readreq' 'writereq' 'writeresp'>
ST_58 : Operation 313 [14/68] (2.43ns)   --->   "%empty_855 = writeresp i1 @_ssdm_op_WriteResp.m_axi.p1i512, i512 %gmem3_addr" [source/int4_decoder_controller.cpp:507]   --->   Operation 313 'writeresp' 'empty_855' <Predicate = true> <Delay = 2.43> <CoreInst = "m_axi">   --->   Core 121 'm_axi' <Latency = 0> <II = 1> <Delay = 1.00> <Adapter> <Opcode : 'read' 'write' 'readreq' 'writereq' 'writeresp'>

State 59 <SV = 58> <Delay = 2.43>
ST_59 : Operation 314 [13/68] (2.43ns)   --->   "%empty_852 = writeresp i1 @_ssdm_op_WriteResp.m_axi.p1i512, i512 %gmem0_addr" [source/int4_decoder_controller.cpp:507]   --->   Operation 314 'writeresp' 'empty_852' <Predicate = true> <Delay = 2.43> <CoreInst = "m_axi">   --->   Core 121 'm_axi' <Latency = 0> <II = 1> <Delay = 1.00> <Adapter> <Opcode : 'read' 'write' 'readreq' 'writereq' 'writeresp'>
ST_59 : Operation 315 [13/68] (2.43ns)   --->   "%empty_853 = writeresp i1 @_ssdm_op_WriteResp.m_axi.p1i512, i512 %gmem1_addr" [source/int4_decoder_controller.cpp:507]   --->   Operation 315 'writeresp' 'empty_853' <Predicate = true> <Delay = 2.43> <CoreInst = "m_axi">   --->   Core 121 'm_axi' <Latency = 0> <II = 1> <Delay = 1.00> <Adapter> <Opcode : 'read' 'write' 'readreq' 'writereq' 'writeresp'>
ST_59 : Operation 316 [13/68] (2.43ns)   --->   "%empty_854 = writeresp i1 @_ssdm_op_WriteResp.m_axi.p1i512, i512 %gmem2_addr" [source/int4_decoder_controller.cpp:507]   --->   Operation 316 'writeresp' 'empty_854' <Predicate = true> <Delay = 2.43> <CoreInst = "m_axi">   --->   Core 121 'm_axi' <Latency = 0> <II = 1> <Delay = 1.00> <Adapter> <Opcode : 'read' 'write' 'readreq' 'writereq' 'writeresp'>
ST_59 : Operation 317 [13/68] (2.43ns)   --->   "%empty_855 = writeresp i1 @_ssdm_op_WriteResp.m_axi.p1i512, i512 %gmem3_addr" [source/int4_decoder_controller.cpp:507]   --->   Operation 317 'writeresp' 'empty_855' <Predicate = true> <Delay = 2.43> <CoreInst = "m_axi">   --->   Core 121 'm_axi' <Latency = 0> <II = 1> <Delay = 1.00> <Adapter> <Opcode : 'read' 'write' 'readreq' 'writereq' 'writeresp'>

State 60 <SV = 59> <Delay = 2.43>
ST_60 : Operation 318 [12/68] (2.43ns)   --->   "%empty_852 = writeresp i1 @_ssdm_op_WriteResp.m_axi.p1i512, i512 %gmem0_addr" [source/int4_decoder_controller.cpp:507]   --->   Operation 318 'writeresp' 'empty_852' <Predicate = true> <Delay = 2.43> <CoreInst = "m_axi">   --->   Core 121 'm_axi' <Latency = 0> <II = 1> <Delay = 1.00> <Adapter> <Opcode : 'read' 'write' 'readreq' 'writereq' 'writeresp'>
ST_60 : Operation 319 [12/68] (2.43ns)   --->   "%empty_853 = writeresp i1 @_ssdm_op_WriteResp.m_axi.p1i512, i512 %gmem1_addr" [source/int4_decoder_controller.cpp:507]   --->   Operation 319 'writeresp' 'empty_853' <Predicate = true> <Delay = 2.43> <CoreInst = "m_axi">   --->   Core 121 'm_axi' <Latency = 0> <II = 1> <Delay = 1.00> <Adapter> <Opcode : 'read' 'write' 'readreq' 'writereq' 'writeresp'>
ST_60 : Operation 320 [12/68] (2.43ns)   --->   "%empty_854 = writeresp i1 @_ssdm_op_WriteResp.m_axi.p1i512, i512 %gmem2_addr" [source/int4_decoder_controller.cpp:507]   --->   Operation 320 'writeresp' 'empty_854' <Predicate = true> <Delay = 2.43> <CoreInst = "m_axi">   --->   Core 121 'm_axi' <Latency = 0> <II = 1> <Delay = 1.00> <Adapter> <Opcode : 'read' 'write' 'readreq' 'writereq' 'writeresp'>
ST_60 : Operation 321 [12/68] (2.43ns)   --->   "%empty_855 = writeresp i1 @_ssdm_op_WriteResp.m_axi.p1i512, i512 %gmem3_addr" [source/int4_decoder_controller.cpp:507]   --->   Operation 321 'writeresp' 'empty_855' <Predicate = true> <Delay = 2.43> <CoreInst = "m_axi">   --->   Core 121 'm_axi' <Latency = 0> <II = 1> <Delay = 1.00> <Adapter> <Opcode : 'read' 'write' 'readreq' 'writereq' 'writeresp'>

State 61 <SV = 60> <Delay = 2.43>
ST_61 : Operation 322 [11/68] (2.43ns)   --->   "%empty_852 = writeresp i1 @_ssdm_op_WriteResp.m_axi.p1i512, i512 %gmem0_addr" [source/int4_decoder_controller.cpp:507]   --->   Operation 322 'writeresp' 'empty_852' <Predicate = true> <Delay = 2.43> <CoreInst = "m_axi">   --->   Core 121 'm_axi' <Latency = 0> <II = 1> <Delay = 1.00> <Adapter> <Opcode : 'read' 'write' 'readreq' 'writereq' 'writeresp'>
ST_61 : Operation 323 [11/68] (2.43ns)   --->   "%empty_853 = writeresp i1 @_ssdm_op_WriteResp.m_axi.p1i512, i512 %gmem1_addr" [source/int4_decoder_controller.cpp:507]   --->   Operation 323 'writeresp' 'empty_853' <Predicate = true> <Delay = 2.43> <CoreInst = "m_axi">   --->   Core 121 'm_axi' <Latency = 0> <II = 1> <Delay = 1.00> <Adapter> <Opcode : 'read' 'write' 'readreq' 'writereq' 'writeresp'>
ST_61 : Operation 324 [11/68] (2.43ns)   --->   "%empty_854 = writeresp i1 @_ssdm_op_WriteResp.m_axi.p1i512, i512 %gmem2_addr" [source/int4_decoder_controller.cpp:507]   --->   Operation 324 'writeresp' 'empty_854' <Predicate = true> <Delay = 2.43> <CoreInst = "m_axi">   --->   Core 121 'm_axi' <Latency = 0> <II = 1> <Delay = 1.00> <Adapter> <Opcode : 'read' 'write' 'readreq' 'writereq' 'writeresp'>
ST_61 : Operation 325 [11/68] (2.43ns)   --->   "%empty_855 = writeresp i1 @_ssdm_op_WriteResp.m_axi.p1i512, i512 %gmem3_addr" [source/int4_decoder_controller.cpp:507]   --->   Operation 325 'writeresp' 'empty_855' <Predicate = true> <Delay = 2.43> <CoreInst = "m_axi">   --->   Core 121 'm_axi' <Latency = 0> <II = 1> <Delay = 1.00> <Adapter> <Opcode : 'read' 'write' 'readreq' 'writereq' 'writeresp'>

State 62 <SV = 61> <Delay = 2.43>
ST_62 : Operation 326 [10/68] (2.43ns)   --->   "%empty_852 = writeresp i1 @_ssdm_op_WriteResp.m_axi.p1i512, i512 %gmem0_addr" [source/int4_decoder_controller.cpp:507]   --->   Operation 326 'writeresp' 'empty_852' <Predicate = true> <Delay = 2.43> <CoreInst = "m_axi">   --->   Core 121 'm_axi' <Latency = 0> <II = 1> <Delay = 1.00> <Adapter> <Opcode : 'read' 'write' 'readreq' 'writereq' 'writeresp'>
ST_62 : Operation 327 [10/68] (2.43ns)   --->   "%empty_853 = writeresp i1 @_ssdm_op_WriteResp.m_axi.p1i512, i512 %gmem1_addr" [source/int4_decoder_controller.cpp:507]   --->   Operation 327 'writeresp' 'empty_853' <Predicate = true> <Delay = 2.43> <CoreInst = "m_axi">   --->   Core 121 'm_axi' <Latency = 0> <II = 1> <Delay = 1.00> <Adapter> <Opcode : 'read' 'write' 'readreq' 'writereq' 'writeresp'>
ST_62 : Operation 328 [10/68] (2.43ns)   --->   "%empty_854 = writeresp i1 @_ssdm_op_WriteResp.m_axi.p1i512, i512 %gmem2_addr" [source/int4_decoder_controller.cpp:507]   --->   Operation 328 'writeresp' 'empty_854' <Predicate = true> <Delay = 2.43> <CoreInst = "m_axi">   --->   Core 121 'm_axi' <Latency = 0> <II = 1> <Delay = 1.00> <Adapter> <Opcode : 'read' 'write' 'readreq' 'writereq' 'writeresp'>
ST_62 : Operation 329 [10/68] (2.43ns)   --->   "%empty_855 = writeresp i1 @_ssdm_op_WriteResp.m_axi.p1i512, i512 %gmem3_addr" [source/int4_decoder_controller.cpp:507]   --->   Operation 329 'writeresp' 'empty_855' <Predicate = true> <Delay = 2.43> <CoreInst = "m_axi">   --->   Core 121 'm_axi' <Latency = 0> <II = 1> <Delay = 1.00> <Adapter> <Opcode : 'read' 'write' 'readreq' 'writereq' 'writeresp'>

State 63 <SV = 62> <Delay = 2.43>
ST_63 : Operation 330 [9/68] (2.43ns)   --->   "%empty_852 = writeresp i1 @_ssdm_op_WriteResp.m_axi.p1i512, i512 %gmem0_addr" [source/int4_decoder_controller.cpp:507]   --->   Operation 330 'writeresp' 'empty_852' <Predicate = true> <Delay = 2.43> <CoreInst = "m_axi">   --->   Core 121 'm_axi' <Latency = 0> <II = 1> <Delay = 1.00> <Adapter> <Opcode : 'read' 'write' 'readreq' 'writereq' 'writeresp'>
ST_63 : Operation 331 [9/68] (2.43ns)   --->   "%empty_853 = writeresp i1 @_ssdm_op_WriteResp.m_axi.p1i512, i512 %gmem1_addr" [source/int4_decoder_controller.cpp:507]   --->   Operation 331 'writeresp' 'empty_853' <Predicate = true> <Delay = 2.43> <CoreInst = "m_axi">   --->   Core 121 'm_axi' <Latency = 0> <II = 1> <Delay = 1.00> <Adapter> <Opcode : 'read' 'write' 'readreq' 'writereq' 'writeresp'>
ST_63 : Operation 332 [9/68] (2.43ns)   --->   "%empty_854 = writeresp i1 @_ssdm_op_WriteResp.m_axi.p1i512, i512 %gmem2_addr" [source/int4_decoder_controller.cpp:507]   --->   Operation 332 'writeresp' 'empty_854' <Predicate = true> <Delay = 2.43> <CoreInst = "m_axi">   --->   Core 121 'm_axi' <Latency = 0> <II = 1> <Delay = 1.00> <Adapter> <Opcode : 'read' 'write' 'readreq' 'writereq' 'writeresp'>
ST_63 : Operation 333 [9/68] (2.43ns)   --->   "%empty_855 = writeresp i1 @_ssdm_op_WriteResp.m_axi.p1i512, i512 %gmem3_addr" [source/int4_decoder_controller.cpp:507]   --->   Operation 333 'writeresp' 'empty_855' <Predicate = true> <Delay = 2.43> <CoreInst = "m_axi">   --->   Core 121 'm_axi' <Latency = 0> <II = 1> <Delay = 1.00> <Adapter> <Opcode : 'read' 'write' 'readreq' 'writereq' 'writeresp'>

State 64 <SV = 63> <Delay = 2.43>
ST_64 : Operation 334 [8/68] (2.43ns)   --->   "%empty_852 = writeresp i1 @_ssdm_op_WriteResp.m_axi.p1i512, i512 %gmem0_addr" [source/int4_decoder_controller.cpp:507]   --->   Operation 334 'writeresp' 'empty_852' <Predicate = true> <Delay = 2.43> <CoreInst = "m_axi">   --->   Core 121 'm_axi' <Latency = 0> <II = 1> <Delay = 1.00> <Adapter> <Opcode : 'read' 'write' 'readreq' 'writereq' 'writeresp'>
ST_64 : Operation 335 [8/68] (2.43ns)   --->   "%empty_853 = writeresp i1 @_ssdm_op_WriteResp.m_axi.p1i512, i512 %gmem1_addr" [source/int4_decoder_controller.cpp:507]   --->   Operation 335 'writeresp' 'empty_853' <Predicate = true> <Delay = 2.43> <CoreInst = "m_axi">   --->   Core 121 'm_axi' <Latency = 0> <II = 1> <Delay = 1.00> <Adapter> <Opcode : 'read' 'write' 'readreq' 'writereq' 'writeresp'>
ST_64 : Operation 336 [8/68] (2.43ns)   --->   "%empty_854 = writeresp i1 @_ssdm_op_WriteResp.m_axi.p1i512, i512 %gmem2_addr" [source/int4_decoder_controller.cpp:507]   --->   Operation 336 'writeresp' 'empty_854' <Predicate = true> <Delay = 2.43> <CoreInst = "m_axi">   --->   Core 121 'm_axi' <Latency = 0> <II = 1> <Delay = 1.00> <Adapter> <Opcode : 'read' 'write' 'readreq' 'writereq' 'writeresp'>
ST_64 : Operation 337 [8/68] (2.43ns)   --->   "%empty_855 = writeresp i1 @_ssdm_op_WriteResp.m_axi.p1i512, i512 %gmem3_addr" [source/int4_decoder_controller.cpp:507]   --->   Operation 337 'writeresp' 'empty_855' <Predicate = true> <Delay = 2.43> <CoreInst = "m_axi">   --->   Core 121 'm_axi' <Latency = 0> <II = 1> <Delay = 1.00> <Adapter> <Opcode : 'read' 'write' 'readreq' 'writereq' 'writeresp'>

State 65 <SV = 64> <Delay = 2.43>
ST_65 : Operation 338 [7/68] (2.43ns)   --->   "%empty_852 = writeresp i1 @_ssdm_op_WriteResp.m_axi.p1i512, i512 %gmem0_addr" [source/int4_decoder_controller.cpp:507]   --->   Operation 338 'writeresp' 'empty_852' <Predicate = true> <Delay = 2.43> <CoreInst = "m_axi">   --->   Core 121 'm_axi' <Latency = 0> <II = 1> <Delay = 1.00> <Adapter> <Opcode : 'read' 'write' 'readreq' 'writereq' 'writeresp'>
ST_65 : Operation 339 [7/68] (2.43ns)   --->   "%empty_853 = writeresp i1 @_ssdm_op_WriteResp.m_axi.p1i512, i512 %gmem1_addr" [source/int4_decoder_controller.cpp:507]   --->   Operation 339 'writeresp' 'empty_853' <Predicate = true> <Delay = 2.43> <CoreInst = "m_axi">   --->   Core 121 'm_axi' <Latency = 0> <II = 1> <Delay = 1.00> <Adapter> <Opcode : 'read' 'write' 'readreq' 'writereq' 'writeresp'>
ST_65 : Operation 340 [7/68] (2.43ns)   --->   "%empty_854 = writeresp i1 @_ssdm_op_WriteResp.m_axi.p1i512, i512 %gmem2_addr" [source/int4_decoder_controller.cpp:507]   --->   Operation 340 'writeresp' 'empty_854' <Predicate = true> <Delay = 2.43> <CoreInst = "m_axi">   --->   Core 121 'm_axi' <Latency = 0> <II = 1> <Delay = 1.00> <Adapter> <Opcode : 'read' 'write' 'readreq' 'writereq' 'writeresp'>
ST_65 : Operation 341 [7/68] (2.43ns)   --->   "%empty_855 = writeresp i1 @_ssdm_op_WriteResp.m_axi.p1i512, i512 %gmem3_addr" [source/int4_decoder_controller.cpp:507]   --->   Operation 341 'writeresp' 'empty_855' <Predicate = true> <Delay = 2.43> <CoreInst = "m_axi">   --->   Core 121 'm_axi' <Latency = 0> <II = 1> <Delay = 1.00> <Adapter> <Opcode : 'read' 'write' 'readreq' 'writereq' 'writeresp'>

State 66 <SV = 65> <Delay = 2.43>
ST_66 : Operation 342 [6/68] (2.43ns)   --->   "%empty_852 = writeresp i1 @_ssdm_op_WriteResp.m_axi.p1i512, i512 %gmem0_addr" [source/int4_decoder_controller.cpp:507]   --->   Operation 342 'writeresp' 'empty_852' <Predicate = true> <Delay = 2.43> <CoreInst = "m_axi">   --->   Core 121 'm_axi' <Latency = 0> <II = 1> <Delay = 1.00> <Adapter> <Opcode : 'read' 'write' 'readreq' 'writereq' 'writeresp'>
ST_66 : Operation 343 [6/68] (2.43ns)   --->   "%empty_853 = writeresp i1 @_ssdm_op_WriteResp.m_axi.p1i512, i512 %gmem1_addr" [source/int4_decoder_controller.cpp:507]   --->   Operation 343 'writeresp' 'empty_853' <Predicate = true> <Delay = 2.43> <CoreInst = "m_axi">   --->   Core 121 'm_axi' <Latency = 0> <II = 1> <Delay = 1.00> <Adapter> <Opcode : 'read' 'write' 'readreq' 'writereq' 'writeresp'>
ST_66 : Operation 344 [6/68] (2.43ns)   --->   "%empty_854 = writeresp i1 @_ssdm_op_WriteResp.m_axi.p1i512, i512 %gmem2_addr" [source/int4_decoder_controller.cpp:507]   --->   Operation 344 'writeresp' 'empty_854' <Predicate = true> <Delay = 2.43> <CoreInst = "m_axi">   --->   Core 121 'm_axi' <Latency = 0> <II = 1> <Delay = 1.00> <Adapter> <Opcode : 'read' 'write' 'readreq' 'writereq' 'writeresp'>
ST_66 : Operation 345 [6/68] (2.43ns)   --->   "%empty_855 = writeresp i1 @_ssdm_op_WriteResp.m_axi.p1i512, i512 %gmem3_addr" [source/int4_decoder_controller.cpp:507]   --->   Operation 345 'writeresp' 'empty_855' <Predicate = true> <Delay = 2.43> <CoreInst = "m_axi">   --->   Core 121 'm_axi' <Latency = 0> <II = 1> <Delay = 1.00> <Adapter> <Opcode : 'read' 'write' 'readreq' 'writereq' 'writeresp'>

State 67 <SV = 66> <Delay = 2.43>
ST_67 : Operation 346 [5/68] (2.43ns)   --->   "%empty_852 = writeresp i1 @_ssdm_op_WriteResp.m_axi.p1i512, i512 %gmem0_addr" [source/int4_decoder_controller.cpp:507]   --->   Operation 346 'writeresp' 'empty_852' <Predicate = true> <Delay = 2.43> <CoreInst = "m_axi">   --->   Core 121 'm_axi' <Latency = 0> <II = 1> <Delay = 1.00> <Adapter> <Opcode : 'read' 'write' 'readreq' 'writereq' 'writeresp'>
ST_67 : Operation 347 [5/68] (2.43ns)   --->   "%empty_853 = writeresp i1 @_ssdm_op_WriteResp.m_axi.p1i512, i512 %gmem1_addr" [source/int4_decoder_controller.cpp:507]   --->   Operation 347 'writeresp' 'empty_853' <Predicate = true> <Delay = 2.43> <CoreInst = "m_axi">   --->   Core 121 'm_axi' <Latency = 0> <II = 1> <Delay = 1.00> <Adapter> <Opcode : 'read' 'write' 'readreq' 'writereq' 'writeresp'>
ST_67 : Operation 348 [5/68] (2.43ns)   --->   "%empty_854 = writeresp i1 @_ssdm_op_WriteResp.m_axi.p1i512, i512 %gmem2_addr" [source/int4_decoder_controller.cpp:507]   --->   Operation 348 'writeresp' 'empty_854' <Predicate = true> <Delay = 2.43> <CoreInst = "m_axi">   --->   Core 121 'm_axi' <Latency = 0> <II = 1> <Delay = 1.00> <Adapter> <Opcode : 'read' 'write' 'readreq' 'writereq' 'writeresp'>
ST_67 : Operation 349 [5/68] (2.43ns)   --->   "%empty_855 = writeresp i1 @_ssdm_op_WriteResp.m_axi.p1i512, i512 %gmem3_addr" [source/int4_decoder_controller.cpp:507]   --->   Operation 349 'writeresp' 'empty_855' <Predicate = true> <Delay = 2.43> <CoreInst = "m_axi">   --->   Core 121 'm_axi' <Latency = 0> <II = 1> <Delay = 1.00> <Adapter> <Opcode : 'read' 'write' 'readreq' 'writereq' 'writeresp'>

State 68 <SV = 67> <Delay = 2.43>
ST_68 : Operation 350 [4/68] (2.43ns)   --->   "%empty_852 = writeresp i1 @_ssdm_op_WriteResp.m_axi.p1i512, i512 %gmem0_addr" [source/int4_decoder_controller.cpp:507]   --->   Operation 350 'writeresp' 'empty_852' <Predicate = true> <Delay = 2.43> <CoreInst = "m_axi">   --->   Core 121 'm_axi' <Latency = 0> <II = 1> <Delay = 1.00> <Adapter> <Opcode : 'read' 'write' 'readreq' 'writereq' 'writeresp'>
ST_68 : Operation 351 [4/68] (2.43ns)   --->   "%empty_853 = writeresp i1 @_ssdm_op_WriteResp.m_axi.p1i512, i512 %gmem1_addr" [source/int4_decoder_controller.cpp:507]   --->   Operation 351 'writeresp' 'empty_853' <Predicate = true> <Delay = 2.43> <CoreInst = "m_axi">   --->   Core 121 'm_axi' <Latency = 0> <II = 1> <Delay = 1.00> <Adapter> <Opcode : 'read' 'write' 'readreq' 'writereq' 'writeresp'>
ST_68 : Operation 352 [4/68] (2.43ns)   --->   "%empty_854 = writeresp i1 @_ssdm_op_WriteResp.m_axi.p1i512, i512 %gmem2_addr" [source/int4_decoder_controller.cpp:507]   --->   Operation 352 'writeresp' 'empty_854' <Predicate = true> <Delay = 2.43> <CoreInst = "m_axi">   --->   Core 121 'm_axi' <Latency = 0> <II = 1> <Delay = 1.00> <Adapter> <Opcode : 'read' 'write' 'readreq' 'writereq' 'writeresp'>
ST_68 : Operation 353 [4/68] (2.43ns)   --->   "%empty_855 = writeresp i1 @_ssdm_op_WriteResp.m_axi.p1i512, i512 %gmem3_addr" [source/int4_decoder_controller.cpp:507]   --->   Operation 353 'writeresp' 'empty_855' <Predicate = true> <Delay = 2.43> <CoreInst = "m_axi">   --->   Core 121 'm_axi' <Latency = 0> <II = 1> <Delay = 1.00> <Adapter> <Opcode : 'read' 'write' 'readreq' 'writereq' 'writeresp'>

State 69 <SV = 68> <Delay = 2.43>
ST_69 : Operation 354 [3/68] (2.43ns)   --->   "%empty_852 = writeresp i1 @_ssdm_op_WriteResp.m_axi.p1i512, i512 %gmem0_addr" [source/int4_decoder_controller.cpp:507]   --->   Operation 354 'writeresp' 'empty_852' <Predicate = true> <Delay = 2.43> <CoreInst = "m_axi">   --->   Core 121 'm_axi' <Latency = 0> <II = 1> <Delay = 1.00> <Adapter> <Opcode : 'read' 'write' 'readreq' 'writereq' 'writeresp'>
ST_69 : Operation 355 [3/68] (2.43ns)   --->   "%empty_853 = writeresp i1 @_ssdm_op_WriteResp.m_axi.p1i512, i512 %gmem1_addr" [source/int4_decoder_controller.cpp:507]   --->   Operation 355 'writeresp' 'empty_853' <Predicate = true> <Delay = 2.43> <CoreInst = "m_axi">   --->   Core 121 'm_axi' <Latency = 0> <II = 1> <Delay = 1.00> <Adapter> <Opcode : 'read' 'write' 'readreq' 'writereq' 'writeresp'>
ST_69 : Operation 356 [3/68] (2.43ns)   --->   "%empty_854 = writeresp i1 @_ssdm_op_WriteResp.m_axi.p1i512, i512 %gmem2_addr" [source/int4_decoder_controller.cpp:507]   --->   Operation 356 'writeresp' 'empty_854' <Predicate = true> <Delay = 2.43> <CoreInst = "m_axi">   --->   Core 121 'm_axi' <Latency = 0> <II = 1> <Delay = 1.00> <Adapter> <Opcode : 'read' 'write' 'readreq' 'writereq' 'writeresp'>
ST_69 : Operation 357 [3/68] (2.43ns)   --->   "%empty_855 = writeresp i1 @_ssdm_op_WriteResp.m_axi.p1i512, i512 %gmem3_addr" [source/int4_decoder_controller.cpp:507]   --->   Operation 357 'writeresp' 'empty_855' <Predicate = true> <Delay = 2.43> <CoreInst = "m_axi">   --->   Core 121 'm_axi' <Latency = 0> <II = 1> <Delay = 1.00> <Adapter> <Opcode : 'read' 'write' 'readreq' 'writereq' 'writeresp'>

State 70 <SV = 69> <Delay = 2.43>
ST_70 : Operation 358 [2/68] (2.43ns)   --->   "%empty_852 = writeresp i1 @_ssdm_op_WriteResp.m_axi.p1i512, i512 %gmem0_addr" [source/int4_decoder_controller.cpp:507]   --->   Operation 358 'writeresp' 'empty_852' <Predicate = true> <Delay = 2.43> <CoreInst = "m_axi">   --->   Core 121 'm_axi' <Latency = 0> <II = 1> <Delay = 1.00> <Adapter> <Opcode : 'read' 'write' 'readreq' 'writereq' 'writeresp'>
ST_70 : Operation 359 [2/68] (2.43ns)   --->   "%empty_853 = writeresp i1 @_ssdm_op_WriteResp.m_axi.p1i512, i512 %gmem1_addr" [source/int4_decoder_controller.cpp:507]   --->   Operation 359 'writeresp' 'empty_853' <Predicate = true> <Delay = 2.43> <CoreInst = "m_axi">   --->   Core 121 'm_axi' <Latency = 0> <II = 1> <Delay = 1.00> <Adapter> <Opcode : 'read' 'write' 'readreq' 'writereq' 'writeresp'>
ST_70 : Operation 360 [2/68] (2.43ns)   --->   "%empty_854 = writeresp i1 @_ssdm_op_WriteResp.m_axi.p1i512, i512 %gmem2_addr" [source/int4_decoder_controller.cpp:507]   --->   Operation 360 'writeresp' 'empty_854' <Predicate = true> <Delay = 2.43> <CoreInst = "m_axi">   --->   Core 121 'm_axi' <Latency = 0> <II = 1> <Delay = 1.00> <Adapter> <Opcode : 'read' 'write' 'readreq' 'writereq' 'writeresp'>
ST_70 : Operation 361 [2/68] (2.43ns)   --->   "%empty_855 = writeresp i1 @_ssdm_op_WriteResp.m_axi.p1i512, i512 %gmem3_addr" [source/int4_decoder_controller.cpp:507]   --->   Operation 361 'writeresp' 'empty_855' <Predicate = true> <Delay = 2.43> <CoreInst = "m_axi">   --->   Core 121 'm_axi' <Latency = 0> <II = 1> <Delay = 1.00> <Adapter> <Opcode : 'read' 'write' 'readreq' 'writereq' 'writeresp'>

State 71 <SV = 70> <Delay = 2.43>
ST_71 : Operation 362 [1/1] (0.00ns)   --->   "%specmemcore_ln0 = specmemcore void @_ssdm_op_SpecMemCore, i512 %residual_buffer3, i64 666, i64 22, i64 18446744073709551615"   --->   Operation 362 'specmemcore' 'specmemcore_ln0' <Predicate = true> <Delay = 0.00>
ST_71 : Operation 363 [1/1] (0.00ns)   --->   "%specmemcore_ln0 = specmemcore void @_ssdm_op_SpecMemCore, i512 %residual_buffer2, i64 666, i64 22, i64 18446744073709551615"   --->   Operation 363 'specmemcore' 'specmemcore_ln0' <Predicate = true> <Delay = 0.00>
ST_71 : Operation 364 [1/1] (0.00ns)   --->   "%specmemcore_ln0 = specmemcore void @_ssdm_op_SpecMemCore, i512 %residual_buffer1, i64 666, i64 22, i64 18446744073709551615"   --->   Operation 364 'specmemcore' 'specmemcore_ln0' <Predicate = true> <Delay = 0.00>
ST_71 : Operation 365 [1/1] (0.00ns)   --->   "%specmemcore_ln0 = specmemcore void @_ssdm_op_SpecMemCore, i512 %residual_buffer0, i64 666, i64 22, i64 18446744073709551615"   --->   Operation 365 'specmemcore' 'specmemcore_ln0' <Predicate = true> <Delay = 0.00>
ST_71 : Operation 366 [1/1] (0.00ns)   --->   "%specinterface_ln0 = specinterface void @_ssdm_op_SpecInterface, i512 %gmem3, void @empty_417, i32 0, i32 0, void @empty_418, i32 64, i32 13043328, void @empty_423, void @empty_420, void @empty_418, i32 8, i32 2, i32 256, i32 64, void @empty_418, void @empty_418, i32 4294967295, i32 0"   --->   Operation 366 'specinterface' 'specinterface_ln0' <Predicate = true> <Delay = 0.00>
ST_71 : Operation 367 [1/1] (0.00ns)   --->   "%specinterface_ln0 = specinterface void @_ssdm_op_SpecInterface, i512 %gmem2, void @empty_417, i32 0, i32 0, void @empty_418, i32 64, i32 13043328, void @empty_422, void @empty_420, void @empty_418, i32 8, i32 2, i32 256, i32 64, void @empty_418, void @empty_418, i32 4294967295, i32 0"   --->   Operation 367 'specinterface' 'specinterface_ln0' <Predicate = true> <Delay = 0.00>
ST_71 : Operation 368 [1/1] (0.00ns)   --->   "%specinterface_ln0 = specinterface void @_ssdm_op_SpecInterface, i512 %gmem1, void @empty_417, i32 0, i32 0, void @empty_418, i32 64, i32 13043328, void @empty_421, void @empty_420, void @empty_418, i32 8, i32 2, i32 256, i32 64, void @empty_418, void @empty_418, i32 4294967295, i32 0"   --->   Operation 368 'specinterface' 'specinterface_ln0' <Predicate = true> <Delay = 0.00>
ST_71 : Operation 369 [1/1] (0.00ns)   --->   "%specinterface_ln0 = specinterface void @_ssdm_op_SpecInterface, i512 %gmem0, void @empty_417, i32 0, i32 0, void @empty_418, i32 64, i32 13043328, void @empty_419, void @empty_420, void @empty_418, i32 8, i32 2, i32 256, i32 64, void @empty_418, void @empty_418, i32 4294967295, i32 0"   --->   Operation 369 'specinterface' 'specinterface_ln0' <Predicate = true> <Delay = 0.00>
ST_71 : Operation 370 [1/68] (2.43ns)   --->   "%empty_852 = writeresp i1 @_ssdm_op_WriteResp.m_axi.p1i512, i512 %gmem0_addr" [source/int4_decoder_controller.cpp:507]   --->   Operation 370 'writeresp' 'empty_852' <Predicate = true> <Delay = 2.43> <CoreInst = "m_axi">   --->   Core 121 'm_axi' <Latency = 0> <II = 1> <Delay = 1.00> <Adapter> <Opcode : 'read' 'write' 'readreq' 'writereq' 'writeresp'>
ST_71 : Operation 371 [1/68] (2.43ns)   --->   "%empty_853 = writeresp i1 @_ssdm_op_WriteResp.m_axi.p1i512, i512 %gmem1_addr" [source/int4_decoder_controller.cpp:507]   --->   Operation 371 'writeresp' 'empty_853' <Predicate = true> <Delay = 2.43> <CoreInst = "m_axi">   --->   Core 121 'm_axi' <Latency = 0> <II = 1> <Delay = 1.00> <Adapter> <Opcode : 'read' 'write' 'readreq' 'writereq' 'writeresp'>
ST_71 : Operation 372 [1/68] (2.43ns)   --->   "%empty_854 = writeresp i1 @_ssdm_op_WriteResp.m_axi.p1i512, i512 %gmem2_addr" [source/int4_decoder_controller.cpp:507]   --->   Operation 372 'writeresp' 'empty_854' <Predicate = true> <Delay = 2.43> <CoreInst = "m_axi">   --->   Core 121 'm_axi' <Latency = 0> <II = 1> <Delay = 1.00> <Adapter> <Opcode : 'read' 'write' 'readreq' 'writereq' 'writeresp'>
ST_71 : Operation 373 [1/68] (2.43ns)   --->   "%empty_855 = writeresp i1 @_ssdm_op_WriteResp.m_axi.p1i512, i512 %gmem3_addr" [source/int4_decoder_controller.cpp:507]   --->   Operation 373 'writeresp' 'empty_855' <Predicate = true> <Delay = 2.43> <CoreInst = "m_axi">   --->   Core 121 'm_axi' <Latency = 0> <II = 1> <Delay = 1.00> <Adapter> <Opcode : 'read' 'write' 'readreq' 'writereq' 'writeresp'>
ST_71 : Operation 374 [1/1] (0.00ns)   --->   "%ret_ln507 = ret" [source/int4_decoder_controller.cpp:507]   --->   Operation 374 'ret' 'ret_ln507' <Predicate = true> <Delay = 0.00>


============================================================
+ Verbose Summary: Binding
============================================================
STG Binding: 
---------------- STG Properties BEGIN ----------------
- Is combinational: 0
- Is one-state seq: 0
- Is datapath-only: 0
- Is pipelined: 0
- Is top level: 0
Port [ Return ] is wired: 1; IO mode=ap_ctrl_hs:ce=0
Port [ residual_buffer0]:  wired=1; compound=1; hidden=0; nouse=0; global=0; static=0; extern=0; dir=0; type=1; pingpong=0; private_global=0; MemPort=[13]; IO mode=ap_memory:ce=0
Port [ residual_buffer1]:  wired=1; compound=1; hidden=0; nouse=0; global=0; static=0; extern=0; dir=0; type=1; pingpong=0; private_global=0; MemPort=[13]; IO mode=ap_memory:ce=0
Port [ residual_buffer2]:  wired=1; compound=1; hidden=0; nouse=0; global=0; static=0; extern=0; dir=0; type=1; pingpong=0; private_global=0; MemPort=[13]; IO mode=ap_memory:ce=0
Port [ residual_buffer3]:  wired=1; compound=1; hidden=0; nouse=0; global=0; static=0; extern=0; dir=0; type=1; pingpong=0; private_global=0; MemPort=[13]; IO mode=ap_memory:ce=0
Port [ gmem0]:  wired=1; compound=1; hidden=0; nouse=0; global=0; static=0; extern=0; dir=1; type=4; pingpong=0; private_global=0; IO mode=m_axi:ce=0
Port [ residual_pe0]:  wired=1; compound=0; hidden=0; nouse=0; global=0; static=0; extern=0; dir=0; type=0; pingpong=0; private_global=0; IO mode=ap_none:ce=0
Port [ gmem1]:  wired=1; compound=1; hidden=0; nouse=0; global=0; static=0; extern=0; dir=1; type=4; pingpong=0; private_global=0; IO mode=m_axi:ce=0
Port [ residual_pe1]:  wired=1; compound=0; hidden=0; nouse=0; global=0; static=0; extern=0; dir=0; type=0; pingpong=0; private_global=0; IO mode=ap_none:ce=0
Port [ gmem2]:  wired=1; compound=1; hidden=0; nouse=0; global=0; static=0; extern=0; dir=1; type=4; pingpong=0; private_global=0; IO mode=m_axi:ce=0
Port [ residual_pe2]:  wired=1; compound=0; hidden=0; nouse=0; global=0; static=0; extern=0; dir=0; type=0; pingpong=0; private_global=0; IO mode=ap_none:ce=0
Port [ gmem3]:  wired=1; compound=1; hidden=0; nouse=0; global=0; static=0; extern=0; dir=1; type=4; pingpong=0; private_global=0; IO mode=m_axi:ce=0
Port [ residual_pe3]:  wired=1; compound=0; hidden=0; nouse=0; global=0; static=0; extern=0; dir=0; type=0; pingpong=0; private_global=0; IO mode=ap_none:ce=0
---------------- STG Properties END ------------------

---------------- Datapath Model BEGIN ----------------

<LifeTime>
<method=bitvector/>
residual_pe3_read (read         ) [ 000000000000000000000000000000000000000000000000000000000000000000000000]
residual_pe2_read (read         ) [ 000000000000000000000000000000000000000000000000000000000000000000000000]
residual_pe1_read (read         ) [ 000000000000000000000000000000000000000000000000000000000000000000000000]
residual_pe0_read (read         ) [ 000000000000000000000000000000000000000000000000000000000000000000000000]
trunc_ln          (partselect   ) [ 001100000000000000000000000000000000000000000000000000000000000000000000]
sext_ln498        (sext         ) [ 000000000000000000000000000000000000000000000000000000000000000000000000]
gmem0_addr        (getelementptr) [ 001111111111111111111111111111111111111111111111111111111111111111111111]
empty             (writereq     ) [ 000000000000000000000000000000000000000000000000000000000000000000000000]
trunc_ln498_1     (partselect   ) [ 001100000000000000000000000000000000000000000000000000000000000000000000]
sext_ln498_1      (sext         ) [ 000000000000000000000000000000000000000000000000000000000000000000000000]
gmem1_addr        (getelementptr) [ 001111111111111111111111111111111111111111111111111111111111111111111111]
empty_849         (writereq     ) [ 000000000000000000000000000000000000000000000000000000000000000000000000]
trunc_ln498_2     (partselect   ) [ 001100000000000000000000000000000000000000000000000000000000000000000000]
sext_ln498_2      (sext         ) [ 000000000000000000000000000000000000000000000000000000000000000000000000]
gmem2_addr        (getelementptr) [ 001111111111111111111111111111111111111111111111111111111111111111111111]
empty_850         (writereq     ) [ 000000000000000000000000000000000000000000000000000000000000000000000000]
trunc_ln498_3     (partselect   ) [ 001100000000000000000000000000000000000000000000000000000000000000000000]
sext_ln498_3      (sext         ) [ 000000000000000000000000000000000000000000000000000000000000000000000000]
gmem3_addr        (getelementptr) [ 001111111111111111111111111111111111111111111111111111111111111111111111]
empty_851         (writereq     ) [ 000000000000000000000000000000000000000000000000000000000000000000000000]
call_ln498        (call         ) [ 000000000000000000000000000000000000000000000000000000000000000000000000]
specmemcore_ln0   (specmemcore  ) [ 000000000000000000000000000000000000000000000000000000000000000000000000]
specmemcore_ln0   (specmemcore  ) [ 000000000000000000000000000000000000000000000000000000000000000000000000]
specmemcore_ln0   (specmemcore  ) [ 000000000000000000000000000000000000000000000000000000000000000000000000]
specmemcore_ln0   (specmemcore  ) [ 000000000000000000000000000000000000000000000000000000000000000000000000]
specinterface_ln0 (specinterface) [ 000000000000000000000000000000000000000000000000000000000000000000000000]
specinterface_ln0 (specinterface) [ 000000000000000000000000000000000000000000000000000000000000000000000000]
specinterface_ln0 (specinterface) [ 000000000000000000000000000000000000000000000000000000000000000000000000]
specinterface_ln0 (specinterface) [ 000000000000000000000000000000000000000000000000000000000000000000000000]
empty_852         (writeresp    ) [ 000000000000000000000000000000000000000000000000000000000000000000000000]
empty_853         (writeresp    ) [ 000000000000000000000000000000000000000000000000000000000000000000000000]
empty_854         (writeresp    ) [ 000000000000000000000000000000000000000000000000000000000000000000000000]
empty_855         (writeresp    ) [ 000000000000000000000000000000000000000000000000000000000000000000000000]
ret_ln507         (ret          ) [ 000000000000000000000000000000000000000000000000000000000000000000000000]
</LifeTime>

<model>

<comp_list>
<comp id="0" class="1000" name="residual_buffer0">
<pin_list>
<pin id="1" dir="1" index="0" bw="1" slack="0"/>
</pin_list>
<bind>
<StgValue><ssdm name="residual_buffer0"/><MemPortTyVec>1 3 </MemPortTyVec>
</StgValue>
</bind>
</comp>

<comp id="2" class="1000" name="residual_buffer1">
<pin_list>
<pin id="3" dir="1" index="0" bw="1" slack="0"/>
</pin_list>
<bind>
<StgValue><ssdm name="residual_buffer1"/><MemPortTyVec>1 3 </MemPortTyVec>
</StgValue>
</bind>
</comp>

<comp id="4" class="1000" name="residual_buffer2">
<pin_list>
<pin id="5" dir="1" index="0" bw="1" slack="0"/>
</pin_list>
<bind>
<StgValue><ssdm name="residual_buffer2"/><MemPortTyVec>1 3 </MemPortTyVec>
</StgValue>
</bind>
</comp>

<comp id="6" class="1000" name="residual_buffer3">
<pin_list>
<pin id="7" dir="1" index="0" bw="1" slack="0"/>
</pin_list>
<bind>
<StgValue><ssdm name="residual_buffer3"/><MemPortTyVec>1 3 </MemPortTyVec>
</StgValue>
</bind>
</comp>

<comp id="8" class="1000" name="gmem0">
<pin_list>
<pin id="9" dir="1" index="0" bw="1" slack="0"/>
</pin_list>
<bind>
<StgValue><ssdm name="gmem0"/></StgValue>
</bind>
</comp>

<comp id="10" class="1000" name="residual_pe0">
<pin_list>
<pin id="11" dir="1" index="0" bw="1" slack="0"/>
</pin_list>
<bind>
<StgValue><ssdm name="residual_pe0"/></StgValue>
</bind>
</comp>

<comp id="12" class="1000" name="gmem1">
<pin_list>
<pin id="13" dir="1" index="0" bw="1" slack="0"/>
</pin_list>
<bind>
<StgValue><ssdm name="gmem1"/></StgValue>
</bind>
</comp>

<comp id="14" class="1000" name="residual_pe1">
<pin_list>
<pin id="15" dir="1" index="0" bw="1" slack="0"/>
</pin_list>
<bind>
<StgValue><ssdm name="residual_pe1"/></StgValue>
</bind>
</comp>

<comp id="16" class="1000" name="gmem2">
<pin_list>
<pin id="17" dir="1" index="0" bw="1" slack="0"/>
</pin_list>
<bind>
<StgValue><ssdm name="gmem2"/></StgValue>
</bind>
</comp>

<comp id="18" class="1000" name="residual_pe2">
<pin_list>
<pin id="19" dir="1" index="0" bw="1" slack="0"/>
</pin_list>
<bind>
<StgValue><ssdm name="residual_pe2"/></StgValue>
</bind>
</comp>

<comp id="20" class="1000" name="gmem3">
<pin_list>
<pin id="21" dir="1" index="0" bw="1" slack="0"/>
</pin_list>
<bind>
<StgValue><ssdm name="gmem3"/></StgValue>
</bind>
</comp>

<comp id="22" class="1000" name="residual_pe3">
<pin_list>
<pin id="23" dir="1" index="0" bw="1" slack="0"/>
</pin_list>
<bind>
<StgValue><ssdm name="residual_pe3"/></StgValue>
</bind>
</comp>

<comp id="24" class="1001" name="const_24">
<pin_list>
<pin id="25" dir="1" index="0" bw="1" slack="0"/>
</pin_list>
<bind>
<StgValue><ssdm name="_ssdm_op_Read.ap_auto.i64"/></StgValue>
</bind>
</comp>

<comp id="26" class="1001" name="const_26">
<pin_list>
<pin id="27" dir="1" index="0" bw="1" slack="0"/>
</pin_list>
<bind>
<StgValue><ssdm name="_ssdm_op_PartSelect.i58.i64.i32.i32"/></StgValue>
</bind>
</comp>

<comp id="28" class="1001" name="const_28">
<pin_list>
<pin id="29" dir="1" index="0" bw="1" slack="0"/>
</pin_list>
<bind>
<StgValue><ssdm name=""/></StgValue>
</bind>
</comp>

<comp id="30" class="1001" name="const_30">
<pin_list>
<pin id="31" dir="1" index="0" bw="1" slack="0"/>
</pin_list>
<bind>
<StgValue><ssdm name=""/></StgValue>
</bind>
</comp>

<comp id="32" class="1001" name="const_32">
<pin_list>
<pin id="33" dir="1" index="0" bw="1" slack="0"/>
</pin_list>
<bind>
<StgValue><ssdm name="_ssdm_op_WriteReq.m_axi.p1i512"/></StgValue>
</bind>
</comp>

<comp id="34" class="1001" name="const_34">
<pin_list>
<pin id="35" dir="1" index="0" bw="1" slack="0"/>
</pin_list>
<bind>
<StgValue><ssdm name=""/></StgValue>
</bind>
</comp>

<comp id="36" class="1001" name="const_36">
<pin_list>
<pin id="37" dir="1" index="0" bw="1" slack="0"/>
</pin_list>
<bind>
<StgValue><ssdm name="int4_store_residual_4ddr_Pipeline_store_residual_word_loop"/></StgValue>
</bind>
</comp>

<comp id="38" class="1001" name="const_38">
<pin_list>
<pin id="39" dir="1" index="0" bw="1" slack="0"/>
</pin_list>
<bind>
<StgValue><ssdm name="_ssdm_op_WriteResp.m_axi.p1i512"/></StgValue>
</bind>
</comp>

<comp id="40" class="1001" name="const_40">
<pin_list>
<pin id="41" dir="1" index="0" bw="1" slack="2147483647"/>
</pin_list>
<bind>
<StgValue><ssdm name="_ssdm_op_SpecMemCore"/></StgValue>
</bind>
</comp>

<comp id="42" class="1001" name="const_42">
<pin_list>
<pin id="43" dir="1" index="0" bw="1" slack="2147483647"/>
</pin_list>
<bind>
<StgValue><ssdm name=""/></StgValue>
</bind>
</comp>

<comp id="44" class="1001" name="const_44">
<pin_list>
<pin id="45" dir="1" index="0" bw="1" slack="2147483647"/>
</pin_list>
<bind>
<StgValue><ssdm name=""/></StgValue>
</bind>
</comp>

<comp id="46" class="1001" name="const_46">
<pin_list>
<pin id="47" dir="1" index="0" bw="1" slack="2147483647"/>
</pin_list>
<bind>
<StgValue><ssdm name=""/></StgValue>
</bind>
</comp>

<comp id="48" class="1001" name="const_48">
<pin_list>
<pin id="49" dir="1" index="0" bw="1" slack="2147483647"/>
</pin_list>
<bind>
<StgValue><ssdm name="_ssdm_op_SpecInterface"/></StgValue>
</bind>
</comp>

<comp id="50" class="1001" name="const_50">
<pin_list>
<pin id="51" dir="1" index="0" bw="1" slack="2147483647"/>
</pin_list>
<bind>
<StgValue><ssdm name="empty_417"/></StgValue>
</bind>
</comp>

<comp id="52" class="1001" name="const_52">
<pin_list>
<pin id="53" dir="1" index="0" bw="1" slack="2147483647"/>
</pin_list>
<bind>
<StgValue><ssdm name=""/></StgValue>
</bind>
</comp>

<comp id="54" class="1001" name="const_54">
<pin_list>
<pin id="55" dir="1" index="0" bw="1" slack="2147483647"/>
</pin_list>
<bind>
<StgValue><ssdm name="empty_418"/></StgValue>
</bind>
</comp>

<comp id="56" class="1001" name="const_56">
<pin_list>
<pin id="57" dir="1" index="0" bw="1" slack="2147483647"/>
</pin_list>
<bind>
<StgValue><ssdm name=""/></StgValue>
</bind>
</comp>

<comp id="58" class="1001" name="const_58">
<pin_list>
<pin id="59" dir="1" index="0" bw="1" slack="2147483647"/>
</pin_list>
<bind>
<StgValue><ssdm name="empty_423"/></StgValue>
</bind>
</comp>

<comp id="60" class="1001" name="const_60">
<pin_list>
<pin id="61" dir="1" index="0" bw="1" slack="2147483647"/>
</pin_list>
<bind>
<StgValue><ssdm name="empty_420"/></StgValue>
</bind>
</comp>

<comp id="62" class="1001" name="const_62">
<pin_list>
<pin id="63" dir="1" index="0" bw="1" slack="2147483647"/>
</pin_list>
<bind>
<StgValue><ssdm name=""/></StgValue>
</bind>
</comp>

<comp id="64" class="1001" name="const_64">
<pin_list>
<pin id="65" dir="1" index="0" bw="1" slack="2147483647"/>
</pin_list>
<bind>
<StgValue><ssdm name=""/></StgValue>
</bind>
</comp>

<comp id="66" class="1001" name="const_66">
<pin_list>
<pin id="67" dir="1" index="0" bw="1" slack="2147483647"/>
</pin_list>
<bind>
<StgValue><ssdm name=""/></StgValue>
</bind>
</comp>

<comp id="68" class="1001" name="const_68">
<pin_list>
<pin id="69" dir="1" index="0" bw="1" slack="2147483647"/>
</pin_list>
<bind>
<StgValue><ssdm name=""/></StgValue>
</bind>
</comp>

<comp id="70" class="1001" name="const_70">
<pin_list>
<pin id="71" dir="1" index="0" bw="1" slack="2147483647"/>
</pin_list>
<bind>
<StgValue><ssdm name="empty_422"/></StgValue>
</bind>
</comp>

<comp id="72" class="1001" name="const_72">
<pin_list>
<pin id="73" dir="1" index="0" bw="1" slack="2147483647"/>
</pin_list>
<bind>
<StgValue><ssdm name="empty_421"/></StgValue>
</bind>
</comp>

<comp id="74" class="1001" name="const_74">
<pin_list>
<pin id="75" dir="1" index="0" bw="1" slack="2147483647"/>
</pin_list>
<bind>
<StgValue><ssdm name="empty_419"/></StgValue>
</bind>
</comp>

<comp id="76" class="1004" name="residual_pe3_read_read_fu_76">
<pin_list>
<pin id="77" dir="0" index="0" bw="64" slack="0"/>
<pin id="78" dir="0" index="1" bw="64" slack="0"/>
<pin id="79" dir="1" index="2" bw="64" slack="0"/>
</pin_list>
<bind>
<opcode="read(1150) " fcode="read"/>
<opset="residual_pe3_read/1 "/>
</bind>
</comp>

<comp id="82" class="1004" name="residual_pe2_read_read_fu_82">
<pin_list>
<pin id="83" dir="0" index="0" bw="64" slack="0"/>
<pin id="84" dir="0" index="1" bw="64" slack="0"/>
<pin id="85" dir="1" index="2" bw="64" slack="0"/>
</pin_list>
<bind>
<opcode="read(1150) " fcode="read"/>
<opset="residual_pe2_read/1 "/>
</bind>
</comp>

<comp id="88" class="1004" name="residual_pe1_read_read_fu_88">
<pin_list>
<pin id="89" dir="0" index="0" bw="64" slack="0"/>
<pin id="90" dir="0" index="1" bw="64" slack="0"/>
<pin id="91" dir="1" index="2" bw="64" slack="0"/>
</pin_list>
<bind>
<opcode="read(1150) " fcode="read"/>
<opset="residual_pe1_read/1 "/>
</bind>
</comp>

<comp id="94" class="1004" name="residual_pe0_read_read_fu_94">
<pin_list>
<pin id="95" dir="0" index="0" bw="64" slack="0"/>
<pin id="96" dir="0" index="1" bw="64" slack="0"/>
<pin id="97" dir="1" index="2" bw="64" slack="0"/>
</pin_list>
<bind>
<opcode="read(1150) " fcode="read"/>
<opset="residual_pe0_read/1 "/>
</bind>
</comp>

<comp id="100" class="1004" name="grp_writeresp_fu_100">
<pin_list>
<pin id="101" dir="0" index="0" bw="1" slack="0"/>
<pin id="102" dir="0" index="1" bw="512" slack="0"/>
<pin id="103" dir="0" index="2" bw="8" slack="0"/>
<pin id="104" dir="1" index="3" bw="1" slack="2147483647"/>
</pin_list>
<bind>
<opcode="writereq(1155) writeresp(1158) " fcode="writeresp"/>
<opset="empty/1 empty_852/4 "/>
</bind>
</comp>

<comp id="107" class="1004" name="grp_writeresp_fu_107">
<pin_list>
<pin id="108" dir="0" index="0" bw="1" slack="0"/>
<pin id="109" dir="0" index="1" bw="512" slack="0"/>
<pin id="110" dir="0" index="2" bw="8" slack="0"/>
<pin id="111" dir="1" index="3" bw="1" slack="2147483647"/>
</pin_list>
<bind>
<opcode="writereq(1155) writeresp(1158) " fcode="writeresp"/>
<opset="empty_849/1 empty_853/4 "/>
</bind>
</comp>

<comp id="114" class="1004" name="grp_writeresp_fu_114">
<pin_list>
<pin id="115" dir="0" index="0" bw="1" slack="0"/>
<pin id="116" dir="0" index="1" bw="512" slack="0"/>
<pin id="117" dir="0" index="2" bw="8" slack="0"/>
<pin id="118" dir="1" index="3" bw="1" slack="2147483647"/>
</pin_list>
<bind>
<opcode="writereq(1155) writeresp(1158) " fcode="writeresp"/>
<opset="empty_850/1 empty_854/4 "/>
</bind>
</comp>

<comp id="121" class="1004" name="grp_writeresp_fu_121">
<pin_list>
<pin id="122" dir="0" index="0" bw="1" slack="0"/>
<pin id="123" dir="0" index="1" bw="512" slack="0"/>
<pin id="124" dir="0" index="2" bw="8" slack="0"/>
<pin id="125" dir="1" index="3" bw="1" slack="2147483647"/>
</pin_list>
<bind>
<opcode="writereq(1155) writeresp(1158) " fcode="writeresp"/>
<opset="empty_851/1 empty_855/4 "/>
</bind>
</comp>

<comp id="132" class="1004" name="grp_int4_store_residual_4ddr_Pipeline_store_residual_word_loop_fu_132">
<pin_list>
<pin id="133" dir="0" index="0" bw="0" slack="0"/>
<pin id="134" dir="0" index="1" bw="512" slack="0"/>
<pin id="135" dir="0" index="2" bw="58" slack="1"/>
<pin id="136" dir="0" index="3" bw="512" slack="0"/>
<pin id="137" dir="0" index="4" bw="58" slack="1"/>
<pin id="138" dir="0" index="5" bw="512" slack="0"/>
<pin id="139" dir="0" index="6" bw="58" slack="1"/>
<pin id="140" dir="0" index="7" bw="512" slack="0"/>
<pin id="141" dir="0" index="8" bw="58" slack="1"/>
<pin id="142" dir="0" index="9" bw="512" slack="0"/>
<pin id="143" dir="0" index="10" bw="512" slack="0"/>
<pin id="144" dir="0" index="11" bw="512" slack="0"/>
<pin id="145" dir="0" index="12" bw="512" slack="0"/>
<pin id="146" dir="1" index="13" bw="0" slack="2147483647"/>
</pin_list>
<bind>
<opcode="call(48) " fcode="call"/>
<opset="call_ln498/2 "/>
</bind>
</comp>

<comp id="156" class="1004" name="trunc_ln_fu_156">
<pin_list>
<pin id="157" dir="0" index="0" bw="58" slack="0"/>
<pin id="158" dir="0" index="1" bw="64" slack="0"/>
<pin id="159" dir="0" index="2" bw="4" slack="0"/>
<pin id="160" dir="0" index="3" bw="7" slack="0"/>
<pin id="161" dir="1" index="4" bw="58" slack="0"/>
</pin_list>
<bind>
<opcode="partselect(1002) " fcode="partselect"/>
<opset="trunc_ln/1 "/>
</bind>
</comp>

<comp id="166" class="1004" name="sext_ln498_fu_166">
<pin_list>
<pin id="167" dir="0" index="0" bw="58" slack="0"/>
<pin id="168" dir="1" index="1" bw="64" slack="0"/>
</pin_list>
<bind>
<opcode="sext(35) " fcode="sext"/>
<opset="sext_ln498/1 "/>
</bind>
</comp>

<comp id="170" class="1004" name="gmem0_addr_fu_170">
<pin_list>
<pin id="171" dir="0" index="0" bw="512" slack="0"/>
<pin id="172" dir="0" index="1" bw="58" slack="0"/>
<pin id="173" dir="1" index="2" bw="512" slack="0"/>
</pin_list>
<bind>
<opcode="getelementptr(29) " fcode="getelementptr"/>
<opset="gmem0_addr/1 "/>
</bind>
</comp>

<comp id="177" class="1004" name="trunc_ln498_1_fu_177">
<pin_list>
<pin id="178" dir="0" index="0" bw="58" slack="0"/>
<pin id="179" dir="0" index="1" bw="64" slack="0"/>
<pin id="180" dir="0" index="2" bw="4" slack="0"/>
<pin id="181" dir="0" index="3" bw="7" slack="0"/>
<pin id="182" dir="1" index="4" bw="58" slack="0"/>
</pin_list>
<bind>
<opcode="partselect(1002) " fcode="partselect"/>
<opset="trunc_ln498_1/1 "/>
</bind>
</comp>

<comp id="187" class="1004" name="sext_ln498_1_fu_187">
<pin_list>
<pin id="188" dir="0" index="0" bw="58" slack="0"/>
<pin id="189" dir="1" index="1" bw="64" slack="0"/>
</pin_list>
<bind>
<opcode="sext(35) " fcode="sext"/>
<opset="sext_ln498_1/1 "/>
</bind>
</comp>

<comp id="191" class="1004" name="gmem1_addr_fu_191">
<pin_list>
<pin id="192" dir="0" index="0" bw="512" slack="0"/>
<pin id="193" dir="0" index="1" bw="58" slack="0"/>
<pin id="194" dir="1" index="2" bw="512" slack="0"/>
</pin_list>
<bind>
<opcode="getelementptr(29) " fcode="getelementptr"/>
<opset="gmem1_addr/1 "/>
</bind>
</comp>

<comp id="198" class="1004" name="trunc_ln498_2_fu_198">
<pin_list>
<pin id="199" dir="0" index="0" bw="58" slack="0"/>
<pin id="200" dir="0" index="1" bw="64" slack="0"/>
<pin id="201" dir="0" index="2" bw="4" slack="0"/>
<pin id="202" dir="0" index="3" bw="7" slack="0"/>
<pin id="203" dir="1" index="4" bw="58" slack="0"/>
</pin_list>
<bind>
<opcode="partselect(1002) " fcode="partselect"/>
<opset="trunc_ln498_2/1 "/>
</bind>
</comp>

<comp id="208" class="1004" name="sext_ln498_2_fu_208">
<pin_list>
<pin id="209" dir="0" index="0" bw="58" slack="0"/>
<pin id="210" dir="1" index="1" bw="64" slack="0"/>
</pin_list>
<bind>
<opcode="sext(35) " fcode="sext"/>
<opset="sext_ln498_2/1 "/>
</bind>
</comp>

<comp id="212" class="1004" name="gmem2_addr_fu_212">
<pin_list>
<pin id="213" dir="0" index="0" bw="512" slack="0"/>
<pin id="214" dir="0" index="1" bw="58" slack="0"/>
<pin id="215" dir="1" index="2" bw="512" slack="0"/>
</pin_list>
<bind>
<opcode="getelementptr(29) " fcode="getelementptr"/>
<opset="gmem2_addr/1 "/>
</bind>
</comp>

<comp id="219" class="1004" name="trunc_ln498_3_fu_219">
<pin_list>
<pin id="220" dir="0" index="0" bw="58" slack="0"/>
<pin id="221" dir="0" index="1" bw="64" slack="0"/>
<pin id="222" dir="0" index="2" bw="4" slack="0"/>
<pin id="223" dir="0" index="3" bw="7" slack="0"/>
<pin id="224" dir="1" index="4" bw="58" slack="0"/>
</pin_list>
<bind>
<opcode="partselect(1002) " fcode="partselect"/>
<opset="trunc_ln498_3/1 "/>
</bind>
</comp>

<comp id="229" class="1004" name="sext_ln498_3_fu_229">
<pin_list>
<pin id="230" dir="0" index="0" bw="58" slack="0"/>
<pin id="231" dir="1" index="1" bw="64" slack="0"/>
</pin_list>
<bind>
<opcode="sext(35) " fcode="sext"/>
<opset="sext_ln498_3/1 "/>
</bind>
</comp>

<comp id="233" class="1004" name="gmem3_addr_fu_233">
<pin_list>
<pin id="234" dir="0" index="0" bw="512" slack="0"/>
<pin id="235" dir="0" index="1" bw="58" slack="0"/>
<pin id="236" dir="1" index="2" bw="512" slack="0"/>
</pin_list>
<bind>
<opcode="getelementptr(29) " fcode="getelementptr"/>
<opset="gmem3_addr/1 "/>
</bind>
</comp>

<comp id="240" class="1005" name="trunc_ln_reg_240">
<pin_list>
<pin id="241" dir="0" index="0" bw="58" slack="1"/>
<pin id="242" dir="1" index="1" bw="58" slack="1"/>
</pin_list>
<bind>
<opset="trunc_ln "/>
</bind>
</comp>

<comp id="245" class="1005" name="gmem0_addr_reg_245">
<pin_list>
<pin id="246" dir="0" index="0" bw="512" slack="3"/>
<pin id="247" dir="1" index="1" bw="512" slack="3"/>
</pin_list>
<bind>
<opset="gmem0_addr "/>
</bind>
</comp>

<comp id="250" class="1005" name="trunc_ln498_1_reg_250">
<pin_list>
<pin id="251" dir="0" index="0" bw="58" slack="1"/>
<pin id="252" dir="1" index="1" bw="58" slack="1"/>
</pin_list>
<bind>
<opset="trunc_ln498_1 "/>
</bind>
</comp>

<comp id="255" class="1005" name="gmem1_addr_reg_255">
<pin_list>
<pin id="256" dir="0" index="0" bw="512" slack="3"/>
<pin id="257" dir="1" index="1" bw="512" slack="3"/>
</pin_list>
<bind>
<opset="gmem1_addr "/>
</bind>
</comp>

<comp id="260" class="1005" name="trunc_ln498_2_reg_260">
<pin_list>
<pin id="261" dir="0" index="0" bw="58" slack="1"/>
<pin id="262" dir="1" index="1" bw="58" slack="1"/>
</pin_list>
<bind>
<opset="trunc_ln498_2 "/>
</bind>
</comp>

<comp id="265" class="1005" name="gmem2_addr_reg_265">
<pin_list>
<pin id="266" dir="0" index="0" bw="512" slack="3"/>
<pin id="267" dir="1" index="1" bw="512" slack="3"/>
</pin_list>
<bind>
<opset="gmem2_addr "/>
</bind>
</comp>

<comp id="270" class="1005" name="trunc_ln498_3_reg_270">
<pin_list>
<pin id="271" dir="0" index="0" bw="58" slack="1"/>
<pin id="272" dir="1" index="1" bw="58" slack="1"/>
</pin_list>
<bind>
<opset="trunc_ln498_3 "/>
</bind>
</comp>

<comp id="275" class="1005" name="gmem3_addr_reg_275">
<pin_list>
<pin id="276" dir="0" index="0" bw="512" slack="3"/>
<pin id="277" dir="1" index="1" bw="512" slack="3"/>
</pin_list>
<bind>
<opset="gmem3_addr "/>
</bind>
</comp>

</comp_list>

<net_list>
<net id="80"><net_src comp="24" pin="0"/><net_sink comp="76" pin=0"/></net>

<net id="81"><net_src comp="22" pin="0"/><net_sink comp="76" pin=1"/></net>

<net id="86"><net_src comp="24" pin="0"/><net_sink comp="82" pin=0"/></net>

<net id="87"><net_src comp="18" pin="0"/><net_sink comp="82" pin=1"/></net>

<net id="92"><net_src comp="24" pin="0"/><net_sink comp="88" pin=0"/></net>

<net id="93"><net_src comp="14" pin="0"/><net_sink comp="88" pin=1"/></net>

<net id="98"><net_src comp="24" pin="0"/><net_sink comp="94" pin=0"/></net>

<net id="99"><net_src comp="10" pin="0"/><net_sink comp="94" pin=1"/></net>

<net id="105"><net_src comp="32" pin="0"/><net_sink comp="100" pin=0"/></net>

<net id="106"><net_src comp="34" pin="0"/><net_sink comp="100" pin=2"/></net>

<net id="112"><net_src comp="32" pin="0"/><net_sink comp="107" pin=0"/></net>

<net id="113"><net_src comp="34" pin="0"/><net_sink comp="107" pin=2"/></net>

<net id="119"><net_src comp="32" pin="0"/><net_sink comp="114" pin=0"/></net>

<net id="120"><net_src comp="34" pin="0"/><net_sink comp="114" pin=2"/></net>

<net id="126"><net_src comp="32" pin="0"/><net_sink comp="121" pin=0"/></net>

<net id="127"><net_src comp="34" pin="0"/><net_sink comp="121" pin=2"/></net>

<net id="128"><net_src comp="38" pin="0"/><net_sink comp="100" pin=0"/></net>

<net id="129"><net_src comp="38" pin="0"/><net_sink comp="107" pin=0"/></net>

<net id="130"><net_src comp="38" pin="0"/><net_sink comp="114" pin=0"/></net>

<net id="131"><net_src comp="38" pin="0"/><net_sink comp="121" pin=0"/></net>

<net id="147"><net_src comp="36" pin="0"/><net_sink comp="132" pin=0"/></net>

<net id="148"><net_src comp="8" pin="0"/><net_sink comp="132" pin=1"/></net>

<net id="149"><net_src comp="12" pin="0"/><net_sink comp="132" pin=3"/></net>

<net id="150"><net_src comp="16" pin="0"/><net_sink comp="132" pin=5"/></net>

<net id="151"><net_src comp="20" pin="0"/><net_sink comp="132" pin=7"/></net>

<net id="152"><net_src comp="0" pin="0"/><net_sink comp="132" pin=9"/></net>

<net id="153"><net_src comp="2" pin="0"/><net_sink comp="132" pin=10"/></net>

<net id="154"><net_src comp="4" pin="0"/><net_sink comp="132" pin=11"/></net>

<net id="155"><net_src comp="6" pin="0"/><net_sink comp="132" pin=12"/></net>

<net id="162"><net_src comp="26" pin="0"/><net_sink comp="156" pin=0"/></net>

<net id="163"><net_src comp="94" pin="2"/><net_sink comp="156" pin=1"/></net>

<net id="164"><net_src comp="28" pin="0"/><net_sink comp="156" pin=2"/></net>

<net id="165"><net_src comp="30" pin="0"/><net_sink comp="156" pin=3"/></net>

<net id="169"><net_src comp="156" pin="4"/><net_sink comp="166" pin=0"/></net>

<net id="174"><net_src comp="8" pin="0"/><net_sink comp="170" pin=0"/></net>

<net id="175"><net_src comp="166" pin="1"/><net_sink comp="170" pin=1"/></net>

<net id="176"><net_src comp="170" pin="2"/><net_sink comp="100" pin=1"/></net>

<net id="183"><net_src comp="26" pin="0"/><net_sink comp="177" pin=0"/></net>

<net id="184"><net_src comp="88" pin="2"/><net_sink comp="177" pin=1"/></net>

<net id="185"><net_src comp="28" pin="0"/><net_sink comp="177" pin=2"/></net>

<net id="186"><net_src comp="30" pin="0"/><net_sink comp="177" pin=3"/></net>

<net id="190"><net_src comp="177" pin="4"/><net_sink comp="187" pin=0"/></net>

<net id="195"><net_src comp="12" pin="0"/><net_sink comp="191" pin=0"/></net>

<net id="196"><net_src comp="187" pin="1"/><net_sink comp="191" pin=1"/></net>

<net id="197"><net_src comp="191" pin="2"/><net_sink comp="107" pin=1"/></net>

<net id="204"><net_src comp="26" pin="0"/><net_sink comp="198" pin=0"/></net>

<net id="205"><net_src comp="82" pin="2"/><net_sink comp="198" pin=1"/></net>

<net id="206"><net_src comp="28" pin="0"/><net_sink comp="198" pin=2"/></net>

<net id="207"><net_src comp="30" pin="0"/><net_sink comp="198" pin=3"/></net>

<net id="211"><net_src comp="198" pin="4"/><net_sink comp="208" pin=0"/></net>

<net id="216"><net_src comp="16" pin="0"/><net_sink comp="212" pin=0"/></net>

<net id="217"><net_src comp="208" pin="1"/><net_sink comp="212" pin=1"/></net>

<net id="218"><net_src comp="212" pin="2"/><net_sink comp="114" pin=1"/></net>

<net id="225"><net_src comp="26" pin="0"/><net_sink comp="219" pin=0"/></net>

<net id="226"><net_src comp="76" pin="2"/><net_sink comp="219" pin=1"/></net>

<net id="227"><net_src comp="28" pin="0"/><net_sink comp="219" pin=2"/></net>

<net id="228"><net_src comp="30" pin="0"/><net_sink comp="219" pin=3"/></net>

<net id="232"><net_src comp="219" pin="4"/><net_sink comp="229" pin=0"/></net>

<net id="237"><net_src comp="20" pin="0"/><net_sink comp="233" pin=0"/></net>

<net id="238"><net_src comp="229" pin="1"/><net_sink comp="233" pin=1"/></net>

<net id="239"><net_src comp="233" pin="2"/><net_sink comp="121" pin=1"/></net>

<net id="243"><net_src comp="156" pin="4"/><net_sink comp="240" pin=0"/></net>

<net id="244"><net_src comp="240" pin="1"/><net_sink comp="132" pin=2"/></net>

<net id="248"><net_src comp="170" pin="2"/><net_sink comp="245" pin=0"/></net>

<net id="249"><net_src comp="245" pin="1"/><net_sink comp="100" pin=1"/></net>

<net id="253"><net_src comp="177" pin="4"/><net_sink comp="250" pin=0"/></net>

<net id="254"><net_src comp="250" pin="1"/><net_sink comp="132" pin=4"/></net>

<net id="258"><net_src comp="191" pin="2"/><net_sink comp="255" pin=0"/></net>

<net id="259"><net_src comp="255" pin="1"/><net_sink comp="107" pin=1"/></net>

<net id="263"><net_src comp="198" pin="4"/><net_sink comp="260" pin=0"/></net>

<net id="264"><net_src comp="260" pin="1"/><net_sink comp="132" pin=6"/></net>

<net id="268"><net_src comp="212" pin="2"/><net_sink comp="265" pin=0"/></net>

<net id="269"><net_src comp="265" pin="1"/><net_sink comp="114" pin=1"/></net>

<net id="273"><net_src comp="219" pin="4"/><net_sink comp="270" pin=0"/></net>

<net id="274"><net_src comp="270" pin="1"/><net_sink comp="132" pin=8"/></net>

<net id="278"><net_src comp="233" pin="2"/><net_sink comp="275" pin=0"/></net>

<net id="279"><net_src comp="275" pin="1"/><net_sink comp="121" pin=1"/></net>

</net_list>

</model> 
---------------- Datapath Model END ------------------

* FSMD analyzer results:
  - Output states:
	Port: gmem0 | {1 2 3 4 5 6 7 8 9 10 11 12 13 14 15 16 17 18 19 20 21 22 23 24 25 26 27 28 29 30 31 32 33 34 35 36 37 38 39 40 41 42 43 44 45 46 47 48 49 50 51 52 53 54 55 56 57 58 59 60 61 62 63 64 65 66 67 68 69 70 71 }
	Port: gmem1 | {1 2 3 4 5 6 7 8 9 10 11 12 13 14 15 16 17 18 19 20 21 22 23 24 25 26 27 28 29 30 31 32 33 34 35 36 37 38 39 40 41 42 43 44 45 46 47 48 49 50 51 52 53 54 55 56 57 58 59 60 61 62 63 64 65 66 67 68 69 70 71 }
	Port: gmem2 | {1 2 3 4 5 6 7 8 9 10 11 12 13 14 15 16 17 18 19 20 21 22 23 24 25 26 27 28 29 30 31 32 33 34 35 36 37 38 39 40 41 42 43 44 45 46 47 48 49 50 51 52 53 54 55 56 57 58 59 60 61 62 63 64 65 66 67 68 69 70 71 }
	Port: gmem3 | {1 2 3 4 5 6 7 8 9 10 11 12 13 14 15 16 17 18 19 20 21 22 23 24 25 26 27 28 29 30 31 32 33 34 35 36 37 38 39 40 41 42 43 44 45 46 47 48 49 50 51 52 53 54 55 56 57 58 59 60 61 62 63 64 65 66 67 68 69 70 71 }
 - Input state : 
	Port: int4_store_residual_4ddr : residual_buffer0 | {2 3 }
	Port: int4_store_residual_4ddr : residual_buffer1 | {2 3 }
	Port: int4_store_residual_4ddr : residual_buffer2 | {2 3 }
	Port: int4_store_residual_4ddr : residual_buffer3 | {2 3 }
	Port: int4_store_residual_4ddr : residual_pe0 | {1 }
	Port: int4_store_residual_4ddr : residual_pe1 | {1 }
	Port: int4_store_residual_4ddr : residual_pe2 | {1 }
	Port: int4_store_residual_4ddr : residual_pe3 | {1 }
  - Chain level:
	State 1
		sext_ln498 : 1
		gmem0_addr : 2
		empty : 3
		sext_ln498_1 : 1
		gmem1_addr : 2
		empty_849 : 3
		sext_ln498_2 : 1
		gmem2_addr : 2
		empty_850 : 3
		sext_ln498_3 : 1
		gmem3_addr : 2
		empty_851 : 3
	State 2
	State 3
	State 4
	State 5
	State 6
	State 7
	State 8
	State 9
	State 10
	State 11
	State 12
	State 13
	State 14
	State 15
	State 16
	State 17
	State 18
	State 19
	State 20
	State 21
	State 22
	State 23
	State 24
	State 25
	State 26
	State 27
	State 28
	State 29
	State 30
	State 31
	State 32
	State 33
	State 34
	State 35
	State 36
	State 37
	State 38
	State 39
	State 40
	State 41
	State 42
	State 43
	State 44
	State 45
	State 46
	State 47
	State 48
	State 49
	State 50
	State 51
	State 52
	State 53
	State 54
	State 55
	State 56
	State 57
	State 58
	State 59
	State 60
	State 61
	State 62
	State 63
	State 64
	State 65
	State 66
	State 67
	State 68
	State 69
	State 70
	State 71


============================================================
+ Verbose Summary: Datapath Resource usage 
============================================================

* Functional unit list:
|----------|-----------------------------------------------------------------------|---------|---------|---------|
| Operation|                            Functional Unit                            |  Delay  |    FF   |   LUT   |
|----------|-----------------------------------------------------------------------|---------|---------|---------|
|   call   | grp_int4_store_residual_4ddr_Pipeline_store_residual_word_loop_fu_132 |  1.548  |   2336  |    64   |
|----------|-----------------------------------------------------------------------|---------|---------|---------|
|          |                      residual_pe3_read_read_fu_76                     |    0    |    0    |    0    |
|   read   |                      residual_pe2_read_read_fu_82                     |    0    |    0    |    0    |
|          |                      residual_pe1_read_read_fu_88                     |    0    |    0    |    0    |
|          |                      residual_pe0_read_read_fu_94                     |    0    |    0    |    0    |
|----------|-----------------------------------------------------------------------|---------|---------|---------|
|          |                          grp_writeresp_fu_100                         |    0    |    0    |    0    |
| writeresp|                          grp_writeresp_fu_107                         |    0    |    0    |    0    |
|          |                          grp_writeresp_fu_114                         |    0    |    0    |    0    |
|          |                          grp_writeresp_fu_121                         |    0    |    0    |    0    |
|----------|-----------------------------------------------------------------------|---------|---------|---------|
|          |                            trunc_ln_fu_156                            |    0    |    0    |    0    |
|partselect|                          trunc_ln498_1_fu_177                         |    0    |    0    |    0    |
|          |                          trunc_ln498_2_fu_198                         |    0    |    0    |    0    |
|          |                          trunc_ln498_3_fu_219                         |    0    |    0    |    0    |
|----------|-----------------------------------------------------------------------|---------|---------|---------|
|          |                           sext_ln498_fu_166                           |    0    |    0    |    0    |
|   sext   |                          sext_ln498_1_fu_187                          |    0    |    0    |    0    |
|          |                          sext_ln498_2_fu_208                          |    0    |    0    |    0    |
|          |                          sext_ln498_3_fu_229                          |    0    |    0    |    0    |
|----------|-----------------------------------------------------------------------|---------|---------|---------|
|   Total  |                                                                       |  1.548  |   2336  |    64   |
|----------|-----------------------------------------------------------------------|---------|---------|---------|

Memories:
N/A

* Register list:
+---------------------+--------+
|                     |   FF   |
+---------------------+--------+
|  gmem0_addr_reg_245 |   512  |
|  gmem1_addr_reg_255 |   512  |
|  gmem2_addr_reg_265 |   512  |
|  gmem3_addr_reg_275 |   512  |
|trunc_ln498_1_reg_250|   58   |
|trunc_ln498_2_reg_260|   58   |
|trunc_ln498_3_reg_270|   58   |
|   trunc_ln_reg_240  |   58   |
+---------------------+--------+
|        Total        |  2280  |
+---------------------+--------+

* Multiplexer (MUX) list: 
|----------------------|------|------|------|--------||---------||---------|
|         Comp         |  Pin | Size |  BW  | S x BW ||  Delay  ||   LUT   |
|----------------------|------|------|------|--------||---------||---------|
| grp_writeresp_fu_100 |  p0  |   2  |   1  |    2   |
| grp_writeresp_fu_100 |  p1  |   2  |  512 |  1024  ||    9    |
| grp_writeresp_fu_107 |  p0  |   2  |   1  |    2   |
| grp_writeresp_fu_107 |  p1  |   2  |  512 |  1024  ||    9    |
| grp_writeresp_fu_114 |  p0  |   2  |   1  |    2   |
| grp_writeresp_fu_114 |  p1  |   2  |  512 |  1024  ||    9    |
| grp_writeresp_fu_121 |  p0  |   2  |   1  |    2   |
| grp_writeresp_fu_121 |  p1  |   2  |  512 |  1024  ||    9    |
|----------------------|------|------|------|--------||---------||---------|
|         Total        |      |      |      |  4104  ||  3.096  ||    36   |
|----------------------|------|------|------|--------||---------||---------|



* Summary:
+-----------+--------+--------+--------+
|           |  Delay |   FF   |   LUT  |
+-----------+--------+--------+--------+
|  Function |    1   |  2336  |   64   |
|   Memory  |    -   |    -   |    -   |
|Multiplexer|    3   |    -   |   36   |
|  Register |    -   |  2280  |    -   |
+-----------+--------+--------+--------+
|   Total   |    4   |  4616  |   100  |
+-----------+--------+--------+--------+
