

================================================================
== Vitis HLS Report for 'swiftkv_run_bank_Pipeline_pe_rope_word_loop_pe_rope_pair_phase_loop'
================================================================
* Date:           Tue Aug 11 09:16:51 2026

* Version:        2023.2 (Build 4023990 on Oct 11 2023)
* Project:        proj_int4_decoder_xo
* Solution:       solution1 (Vitis Kernel Flow Target)
* Product family: virtexuplus
* Target device:  xcu250-figd2104-2L-e


================================================================
== Performance Estimates
================================================================
+ Timing: 
    * Summary: 
    +--------+---------+----------+------------+
    |  Clock |  Target | Estimated| Uncertainty|
    +--------+---------+----------+------------+
    |ap_clk  |  3.33 ns|  2.787 ns|     0.90 ns|
    +--------+---------+----------+------------+

+ Latency: 
    * Summary: 
    +---------+---------+----------+----------+-----+-----+---------+
    |  Latency (cycles) |  Latency (absolute) |  Interval | Pipeline|
    |   min   |   max   |    min   |    max   | min | max |   Type  |
    +---------+---------+----------+----------+-----+-----+---------+
    |      137|      137|  0.457 us|  0.457 us|  137|  137|       no|
    +---------+---------+----------+----------+-----+-----+---------+

    + Detail: 
        * Instance: 
        N/A

        * Loop: 
        +---------------------------------------------+---------+---------+----------+-----------+-----------+------+----------+
        |                                             |  Latency (cycles) | Iteration|  Initiation Interval  | Trip |          |
        |                  Loop Name                  |   min   |   max   |  Latency |  achieved |   target  | Count| Pipelined|
        +---------------------------------------------+---------+---------+----------+-----------+-----------+------+----------+
        |- pe_rope_word_loop_pe_rope_pair_phase_loop  |      135|      135|         9|          1|          1|   128|       yes|
        +---------------------------------------------+---------+---------+----------+-----------+-----------+------+----------+

============================================================
+ Verbose Summary: Synthesis Manager
============================================================
InlineROM: 1
ExposeGlobal: 0
============================================================
+ Verbose Summary: CDFG Model
============================================================
IsTopModel: 0
ResetActiveHigh: 1
IsCombinational: 0
IsDatapathOnly: 0
HasWiredReturn: 1
HasMFsm: 2
HasVarLatency: 1
IsPipeline: 0
IsRtlPipelined: 0
IsInstanceOverlapped: 0
IsDontTouch: 0
HasImplIP: 0
IsGatedGlobalClock: 0

+ Individual pipeline summary: 
  * Pipeline-0: initiation interval (II) = 1, depth = 9


============================================================
+ Verbose Summary: Schedule
============================================================
* Number of FSM states : 9
* Pipeline : 1
  Pipeline-0 : II = 1, D = 9, States = { 1 2 3 4 5 6 7 8 9 }
* Dataflow Pipeline: 0

* FSM state transitions: 
1 --> 2 
2 --> 3 
3 --> 4 
4 --> 5 
5 --> 6 
6 --> 7 
7 --> 8 
8 --> 9 
9 --> 

* FSM state operations: 

State 1 <SV = 0> <Delay = 2.78>
ST_1 : Operation 12 [1/1] (0.00ns)   --->   "%rotated_k_word = alloca i32 1" [source/swiftkv_attention.cpp:1894]   --->   Operation 12 'alloca' 'rotated_k_word' <Predicate = true> <Delay = 0.00>
ST_1 : Operation 13 [1/1] (0.00ns)   --->   "%cosine = alloca i32 1" [source/swiftkv_attention.cpp:1895]   --->   Operation 13 'alloca' 'cosine' <Predicate = true> <Delay = 0.00>
ST_1 : Operation 14 [1/1] (0.00ns)   --->   "%sine = alloca i32 1" [source/swiftkv_attention.cpp:1896]   --->   Operation 14 'alloca' 'sine' <Predicate = true> <Delay = 0.00>
ST_1 : Operation 15 [1/1] (0.00ns)   --->   "%phase = alloca i32 1" [source/swiftkv_attention.cpp:1903]   --->   Operation 15 'alloca' 'phase' <Predicate = true> <Delay = 0.00>
ST_1 : Operation 16 [1/1] (0.00ns)   --->   "%word = alloca i32 1" [source/swiftkv_attention.cpp:1889]   --->   Operation 16 'alloca' 'word' <Predicate = true> <Delay = 0.00>
ST_1 : Operation 17 [1/1] (0.00ns)   --->   "%indvar_flatten = alloca i32 1"   --->   Operation 17 'alloca' 'indvar_flatten' <Predicate = true> <Delay = 0.00>
ST_1 : Operation 18 [1/1] (0.00ns)   --->   "%q_shift_1 = alloca i32 1" [source/swiftkv_attention.cpp:1892]   --->   Operation 18 'alloca' 'q_shift_1' <Predicate = true> <Delay = 0.00>
ST_1 : Operation 19 [1/1] (0.00ns)   --->   "%k_shift_1 = alloca i32 1" [source/swiftkv_attention.cpp:1893]   --->   Operation 19 'alloca' 'k_shift_1' <Predicate = true> <Delay = 0.00>
ST_1 : Operation 20 [1/1] (0.00ns)   --->   "%specmemcore_ln0 = specmemcore void @_ssdm_op_SpecMemCore, i512 %rotated_k_words, i64 666, i64 18, i64 18446744073709551615"   --->   Operation 20 'specmemcore' 'specmemcore_ln0' <Predicate = true> <Delay = 0.00>
ST_1 : Operation 21 [1/1] (0.00ns)   --->   "%specmemcore_ln0 = specmemcore void @_ssdm_op_SpecMemCore, i512 %k_words, i64 666, i64 18, i64 18446744073709551615"   --->   Operation 21 'specmemcore' 'specmemcore_ln0' <Predicate = true> <Delay = 0.00>
ST_1 : Operation 22 [1/1] (0.00ns)   --->   "%specmemcore_ln0 = specmemcore void @_ssdm_op_SpecMemCore, i512 %q_words, i64 666, i64 18, i64 18446744073709551615"   --->   Operation 22 'specmemcore' 'specmemcore_ln0' <Predicate = true> <Delay = 0.00>
ST_1 : Operation 23 [1/1] (0.00ns)   --->   "%specmemcore_ln0 = specmemcore void @_ssdm_op_SpecMemCore, i32 %query, i64 666, i64 18, i64 18446744073709551615"   --->   Operation 23 'specmemcore' 'specmemcore_ln0' <Predicate = true> <Delay = 0.00>
ST_1 : Operation 24 [1/1] (0.00ns)   --->   "%specmemcore_ln0 = specmemcore void @_ssdm_op_SpecMemCore, i32 %query_1, i64 666, i64 18, i64 18446744073709551615"   --->   Operation 24 'specmemcore' 'specmemcore_ln0' <Predicate = true> <Delay = 0.00>
ST_1 : Operation 25 [1/1] (0.00ns)   --->   "%specmemcore_ln0 = specmemcore void @_ssdm_op_SpecMemCore, i32 %query_2, i64 666, i64 18, i64 18446744073709551615"   --->   Operation 25 'specmemcore' 'specmemcore_ln0' <Predicate = true> <Delay = 0.00>
ST_1 : Operation 26 [1/1] (0.00ns)   --->   "%specmemcore_ln0 = specmemcore void @_ssdm_op_SpecMemCore, i32 %query_3, i64 666, i64 18, i64 18446744073709551615"   --->   Operation 26 'specmemcore' 'specmemcore_ln0' <Predicate = true> <Delay = 0.00>
ST_1 : Operation 27 [1/1] (0.00ns)   --->   "%specmemcore_ln0 = specmemcore void @_ssdm_op_SpecMemCore, i32 %query_4, i64 666, i64 18, i64 18446744073709551615"   --->   Operation 27 'specmemcore' 'specmemcore_ln0' <Predicate = true> <Delay = 0.00>
ST_1 : Operation 28 [1/1] (0.00ns)   --->   "%specmemcore_ln0 = specmemcore void @_ssdm_op_SpecMemCore, i32 %query_5, i64 666, i64 18, i64 18446744073709551615"   --->   Operation 28 'specmemcore' 'specmemcore_ln0' <Predicate = true> <Delay = 0.00>
ST_1 : Operation 29 [1/1] (0.00ns)   --->   "%specmemcore_ln0 = specmemcore void @_ssdm_op_SpecMemCore, i32 %query_6, i64 666, i64 18, i64 18446744073709551615"   --->   Operation 29 'specmemcore' 'specmemcore_ln0' <Predicate = true> <Delay = 0.00>
ST_1 : Operation 30 [1/1] (0.00ns)   --->   "%specmemcore_ln0 = specmemcore void @_ssdm_op_SpecMemCore, i32 %query_7, i64 666, i64 18, i64 18446744073709551615"   --->   Operation 30 'specmemcore' 'specmemcore_ln0' <Predicate = true> <Delay = 0.00>
ST_1 : Operation 31 [1/1] (0.00ns)   --->   "%specmemcore_ln0 = specmemcore void @_ssdm_op_SpecMemCore, i32 %query_8, i64 666, i64 18, i64 18446744073709551615"   --->   Operation 31 'specmemcore' 'specmemcore_ln0' <Predicate = true> <Delay = 0.00>
ST_1 : Operation 32 [1/1] (0.00ns)   --->   "%specmemcore_ln0 = specmemcore void @_ssdm_op_SpecMemCore, i32 %query_9, i64 666, i64 18, i64 18446744073709551615"   --->   Operation 32 'specmemcore' 'specmemcore_ln0' <Predicate = true> <Delay = 0.00>
ST_1 : Operation 33 [1/1] (0.00ns)   --->   "%specmemcore_ln0 = specmemcore void @_ssdm_op_SpecMemCore, i32 %query_10, i64 666, i64 18, i64 18446744073709551615"   --->   Operation 33 'specmemcore' 'specmemcore_ln0' <Predicate = true> <Delay = 0.00>
ST_1 : Operation 34 [1/1] (0.00ns)   --->   "%specmemcore_ln0 = specmemcore void @_ssdm_op_SpecMemCore, i32 %query_11, i64 666, i64 18, i64 18446744073709551615"   --->   Operation 34 'specmemcore' 'specmemcore_ln0' <Predicate = true> <Delay = 0.00>
ST_1 : Operation 35 [1/1] (0.00ns)   --->   "%specmemcore_ln0 = specmemcore void @_ssdm_op_SpecMemCore, i32 %query_12, i64 666, i64 18, i64 18446744073709551615"   --->   Operation 35 'specmemcore' 'specmemcore_ln0' <Predicate = true> <Delay = 0.00>
ST_1 : Operation 36 [1/1] (0.00ns)   --->   "%specmemcore_ln0 = specmemcore void @_ssdm_op_SpecMemCore, i32 %query_13, i64 666, i64 18, i64 18446744073709551615"   --->   Operation 36 'specmemcore' 'specmemcore_ln0' <Predicate = true> <Delay = 0.00>
ST_1 : Operation 37 [1/1] (0.00ns)   --->   "%specmemcore_ln0 = specmemcore void @_ssdm_op_SpecMemCore, i32 %query_14, i64 666, i64 18, i64 18446744073709551615"   --->   Operation 37 'specmemcore' 'specmemcore_ln0' <Predicate = true> <Delay = 0.00>
ST_1 : Operation 38 [1/1] (0.00ns)   --->   "%specmemcore_ln0 = specmemcore void @_ssdm_op_SpecMemCore, i32 %query_15, i64 666, i64 18, i64 18446744073709551615"   --->   Operation 38 'specmemcore' 'specmemcore_ln0' <Predicate = true> <Delay = 0.00>
ST_1 : Operation 39 [1/1] (0.00ns)   --->   "%specmemcore_ln0 = specmemcore void @_ssdm_op_SpecMemCore, i19 %local_sine, i64 666, i64 19, i64 1"   --->   Operation 39 'specmemcore' 'specmemcore_ln0' <Predicate = true> <Delay = 0.00>
ST_1 : Operation 40 [1/1] (0.00ns)   --->   "%specmemcore_ln0 = specmemcore void @_ssdm_op_SpecMemCore, i19 %local_cosine, i64 666, i64 19, i64 1"   --->   Operation 40 'specmemcore' 'specmemcore_ln0' <Predicate = true> <Delay = 0.00>
ST_1 : Operation 41 [1/1] (0.38ns)   --->   "%store_ln0 = store i8 0, i8 %indvar_flatten"   --->   Operation 41 'store' 'store_ln0' <Predicate = true> <Delay = 0.38>
ST_1 : Operation 42 [1/1] (0.38ns)   --->   "%store_ln1889 = store i4 0, i4 %word" [source/swiftkv_attention.cpp:1889]   --->   Operation 42 'store' 'store_ln1889' <Predicate = true> <Delay = 0.38>
ST_1 : Operation 43 [1/1] (0.38ns)   --->   "%store_ln1903 = store i5 0, i5 %phase" [source/swiftkv_attention.cpp:1903]   --->   Operation 43 'store' 'store_ln1903' <Predicate = true> <Delay = 0.38>
ST_1 : Operation 44 [1/1] (0.38ns)   --->   "%store_ln1896 = store i19 0, i19 %sine" [source/swiftkv_attention.cpp:1896]   --->   Operation 44 'store' 'store_ln1896' <Predicate = true> <Delay = 0.38>
ST_1 : Operation 45 [1/1] (0.38ns)   --->   "%store_ln1895 = store i19 0, i19 %cosine" [source/swiftkv_attention.cpp:1895]   --->   Operation 45 'store' 'store_ln1895' <Predicate = true> <Delay = 0.38>
ST_1 : Operation 46 [1/1] (0.41ns)   --->   "%store_ln1894 = store i512 0, i512 %rotated_k_word" [source/swiftkv_attention.cpp:1894]   --->   Operation 46 'store' 'store_ln1894' <Predicate = true> <Delay = 0.41>
ST_1 : Operation 47 [1/1] (0.38ns)   --->   "%br_ln0 = br void %for.body68"   --->   Operation 47 'br' 'br_ln0' <Predicate = true> <Delay = 0.38>
ST_1 : Operation 48 [1/1] (0.00ns)   --->   "%first_iter_0 = phi i1 0, void %new.latch.for.inc130, i1 1, void %newFuncRoot"   --->   Operation 48 'phi' 'first_iter_0' <Predicate = true> <Delay = 0.00>
ST_1 : Operation 49 [1/1] (0.00ns)   --->   "%indvar_flatten_load = load i8 %indvar_flatten" [source/swiftkv_attention.cpp:1890]   --->   Operation 49 'load' 'indvar_flatten_load' <Predicate = true> <Delay = 0.00>
ST_1 : Operation 50 [1/1] (0.70ns)   --->   "%icmp_ln1890 = icmp_eq  i8 %indvar_flatten_load, i8 128" [source/swiftkv_attention.cpp:1890]   --->   Operation 50 'icmp' 'icmp_ln1890' <Predicate = true> <Delay = 0.70> <CoreInst = "Cmp">   --->   Core 9 'Cmp' <Latency = 0> <II = 1> <Delay = 0.70> <FuncUnit> <Opcode : 'icmp'> <InPorts = 2> <OutPorts = 1>
ST_1 : Operation 51 [1/1] (0.70ns)   --->   "%add_ln1890 = add i8 %indvar_flatten_load, i8 1" [source/swiftkv_attention.cpp:1890]   --->   Operation 51 'add' 'add_ln1890' <Predicate = true> <Delay = 0.70> <CoreInst = "Adder">   --->   Core 1 'Adder' <Latency = 0> <II = 1> <Delay = 0.70> <FuncUnit> <Opcode : 'add' 'sub'> <InPorts = 2> <OutPorts = 1>
ST_1 : Operation 52 [1/1] (0.00ns)   --->   "%br_ln1890 = br i1 %icmp_ln1890, void %for.inc135, void %pe_write_kv_word_loop.exitStub" [source/swiftkv_attention.cpp:1890]   --->   Operation 52 'br' 'br_ln1890' <Predicate = true> <Delay = 0.00>
ST_1 : Operation 53 [1/1] (0.00ns)   --->   "%phase_load = load i5 %phase" [source/swiftkv_attention.cpp:1903]   --->   Operation 53 'load' 'phase_load' <Predicate = (!icmp_ln1890)> <Delay = 0.00>
ST_1 : Operation 54 [1/1] (0.00ns)   --->   "%word_load = load i4 %word" [source/swiftkv_attention.cpp:1891]   --->   Operation 54 'load' 'word_load' <Predicate = (!icmp_ln1890)> <Delay = 0.00>
ST_1 : Operation 55 [1/1] (0.70ns)   --->   "%icmp_ln1903 = icmp_eq  i5 %phase_load, i5 16" [source/swiftkv_attention.cpp:1903]   --->   Operation 55 'icmp' 'icmp_ln1903' <Predicate = (!icmp_ln1890)> <Delay = 0.70> <CoreInst = "Cmp">   --->   Core 9 'Cmp' <Latency = 0> <II = 1> <Delay = 0.70> <FuncUnit> <Opcode : 'icmp'> <InPorts = 2> <OutPorts = 1>
ST_1 : Operation 56 [1/1] (0.12ns)   --->   "%or_ln1889 = or i1 %icmp_ln1903, i1 %first_iter_0" [source/swiftkv_attention.cpp:1889]   --->   Operation 56 'or' 'or_ln1889' <Predicate = (!icmp_ln1890)> <Delay = 0.12> <CoreInst = "LogicGate">   --->   Core 74 'LogicGate' <Latency = 0> <II = 1> <Delay = 0.12> <FuncUnit> <Opcode : 'and' 'or' 'xor'> <InPorts = 2> <OutPorts = 1>
ST_1 : Operation 57 [1/1] (0.27ns)   --->   "%select_ln1889 = select i1 %icmp_ln1903, i5 0, i5 %phase_load" [source/swiftkv_attention.cpp:1889]   --->   Operation 57 'select' 'select_ln1889' <Predicate = (!icmp_ln1890)> <Delay = 0.27> <CoreInst = "Sel">   --->   Core 73 'Sel' <Latency = 0> <II = 1> <Delay = 0.27> <FuncUnit> <Opcode : 'select'> <InPorts = 3> <OutPorts = 1>
ST_1 : Operation 58 [1/1] (0.70ns)   --->   "%add_ln1891 = add i4 %word_load, i4 1" [source/swiftkv_attention.cpp:1891]   --->   Operation 58 'add' 'add_ln1891' <Predicate = (!icmp_ln1890)> <Delay = 0.70> <CoreInst = "Adder">   --->   Core 1 'Adder' <Latency = 0> <II = 1> <Delay = 0.70> <FuncUnit> <Opcode : 'add' 'sub'> <InPorts = 2> <OutPorts = 1>
ST_1 : Operation 59 [1/1] (0.35ns)   --->   "%select_ln1890 = select i1 %icmp_ln1903, i4 %add_ln1891, i4 %word_load" [source/swiftkv_attention.cpp:1890]   --->   Operation 59 'select' 'select_ln1890' <Predicate = (!icmp_ln1890)> <Delay = 0.35> <CoreInst = "Sel">   --->   Core 73 'Sel' <Latency = 0> <II = 1> <Delay = 0.35> <FuncUnit> <Opcode : 'select'> <InPorts = 3> <OutPorts = 1>
ST_1 : Operation 60 [1/1] (0.00ns)   --->   "%zext_ln1890 = zext i4 %select_ln1890" [source/swiftkv_attention.cpp:1890]   --->   Operation 60 'zext' 'zext_ln1890' <Predicate = (!icmp_ln1890)> <Delay = 0.00>
ST_1 : Operation 61 [1/1] (0.00ns)   --->   "%q_words_addr = getelementptr i512 %q_words, i64 0, i64 %zext_ln1890" [source/swiftkv_attention.cpp:1892]   --->   Operation 61 'getelementptr' 'q_words_addr' <Predicate = (!icmp_ln1890)> <Delay = 0.00>
ST_1 : Operation 62 [1/1] (0.00ns)   --->   "%k_words_addr = getelementptr i512 %k_words, i64 0, i64 %zext_ln1890" [source/swiftkv_attention.cpp:1893]   --->   Operation 62 'getelementptr' 'k_words_addr' <Predicate = (!icmp_ln1890)> <Delay = 0.00>
ST_1 : Operation 63 [2/2] (1.20ns)   --->   "%q_shift = load i3 %q_words_addr" [source/swiftkv_attention.cpp:1892]   --->   Operation 63 'load' 'q_shift' <Predicate = (!icmp_ln1890 & or_ln1889)> <Delay = 1.20> <CoreInst = "RAM_1P_BRAM">   --->   Core 90 'RAM_1P_BRAM' <Latency = 1> <II = 1> <Delay = 1.20> <Storage> <Opcode : 'load' 'store'> <Ports = 1> <Width = 512> <Depth = 8> <RAM>
ST_1 : Operation 64 [2/2] (1.20ns)   --->   "%k_shift = load i3 %k_words_addr" [source/swiftkv_attention.cpp:1893]   --->   Operation 64 'load' 'k_shift' <Predicate = (!icmp_ln1890 & or_ln1889)> <Delay = 1.20> <CoreInst = "RAM_1P_BRAM">   --->   Core 90 'RAM_1P_BRAM' <Latency = 1> <II = 1> <Delay = 1.20> <Storage> <Opcode : 'load' 'store'> <Ports = 1> <Width = 512> <Depth = 8> <RAM>
ST_1 : Operation 65 [1/1] (0.00ns)   --->   "%empty = trunc i4 %select_ln1890" [source/swiftkv_attention.cpp:1890]   --->   Operation 65 'trunc' 'empty' <Predicate = (!icmp_ln1890)> <Delay = 0.00>
ST_1 : Operation 66 [1/1] (0.00ns)   --->   "%rotate_k = trunc i5 %select_ln1889" [source/swiftkv_attention.cpp:1903]   --->   Operation 66 'trunc' 'rotate_k' <Predicate = (!icmp_ln1890)> <Delay = 0.00>
ST_1 : Operation 67 [1/1] (0.00ns)   --->   "%tmp_s = partselect i3 @_ssdm_op_PartSelect.i3.i5.i32.i32, i5 %select_ln1889, i32 1, i32 3" [source/swiftkv_attention.cpp:1908]   --->   Operation 67 'partselect' 'tmp_s' <Predicate = (!icmp_ln1890)> <Delay = 0.00>
ST_1 : Operation 68 [1/1] (0.00ns)   --->   "%and_ln = bitconcatenate i4 @_ssdm_op_BitConcatenate.i4.i3.i1, i3 %tmp_s, i1 0" [source/swiftkv_attention.cpp:1908]   --->   Operation 68 'bitconcatenate' 'and_ln' <Predicate = (!icmp_ln1890)> <Delay = 0.00>
ST_1 : Operation 69 [1/1] (0.00ns)   --->   "%lshr_ln = bitconcatenate i6 @_ssdm_op_BitConcatenate.i6.i3.i3, i3 %empty, i3 %tmp_s" [source/swiftkv_attention.cpp:1910]   --->   Operation 69 'bitconcatenate' 'lshr_ln' <Predicate = (!icmp_ln1890)> <Delay = 0.00>
ST_1 : Operation 70 [1/1] (0.00ns)   --->   "%zext_ln1910 = zext i6 %lshr_ln" [source/swiftkv_attention.cpp:1910]   --->   Operation 70 'zext' 'zext_ln1910' <Predicate = (!icmp_ln1890)> <Delay = 0.00>
ST_1 : Operation 71 [1/1] (0.00ns)   --->   "%local_cosine_addr = getelementptr i19 %local_cosine, i64 0, i64 %zext_ln1910" [source/swiftkv_attention.cpp:1910]   --->   Operation 71 'getelementptr' 'local_cosine_addr' <Predicate = (!icmp_ln1890)> <Delay = 0.00>
ST_1 : Operation 72 [2/2] (0.69ns)   --->   "%cosine_3 = load i6 %local_cosine_addr" [source/swiftkv_attention.cpp:1910]   --->   Operation 72 'load' 'cosine_3' <Predicate = (!icmp_ln1890)> <Delay = 0.69> <CoreInst = "RAM_1P_LUTRAM">   --->   Core 89 'RAM_1P_LUTRAM' <Latency = 1> <II = 1> <Delay = 0.69> <Storage> <Opcode : 'load' 'store'> <Ports = 1> <Width = 19> <Depth = 64> <RAM>
ST_1 : Operation 73 [1/1] (0.00ns)   --->   "%local_sine_addr = getelementptr i19 %local_sine, i64 0, i64 %zext_ln1910" [source/swiftkv_attention.cpp:1911]   --->   Operation 73 'getelementptr' 'local_sine_addr' <Predicate = (!icmp_ln1890)> <Delay = 0.00>
ST_1 : Operation 74 [2/2] (0.69ns)   --->   "%sine_3 = load i6 %local_sine_addr" [source/swiftkv_attention.cpp:1911]   --->   Operation 74 'load' 'sine_3' <Predicate = (!icmp_ln1890)> <Delay = 0.69> <CoreInst = "RAM_1P_LUTRAM">   --->   Core 89 'RAM_1P_LUTRAM' <Latency = 1> <II = 1> <Delay = 0.69> <Storage> <Opcode : 'load' 'store'> <Ports = 1> <Width = 19> <Depth = 64> <RAM>
ST_1 : Operation 75 [1/1] (0.00ns)   --->   "%br_ln1929 = br i1 %rotate_k, void %_ZrSILi512ELb0EER11ap_int_baseIXT_EXT0_EES2_i.exit160, void %_ZrSILi512ELb0EER11ap_int_baseIXT_EXT0_EES2_i.exit" [source/swiftkv_attention.cpp:1929]   --->   Operation 75 'br' 'br_ln1929' <Predicate = (!icmp_ln1890)> <Delay = 0.00>
ST_1 : Operation 76 [1/1] (0.67ns)   --->   "%switch_ln1930 = switch i4 %and_ln, void %arrayidx115.case.15, i4 0, void %arrayidx115.case.1, i4 2, void %arrayidx115.case.3, i4 4, void %arrayidx115.case.5, i4 6, void %arrayidx115.case.7, i4 8, void %arrayidx115.case.9, i4 10, void %arrayidx115.case.11, i4 12, void %arrayidx115.case.13" [source/swiftkv_attention.cpp:1930]   --->   Operation 76 'switch' 'switch_ln1930' <Predicate = (!icmp_ln1890 & !rotate_k)> <Delay = 0.67>
ST_1 : Operation 77 [1/1] (0.00ns)   --->   "%br_ln1931 = br void %arrayidx115.exit" [source/swiftkv_attention.cpp:1931]   --->   Operation 77 'br' 'br_ln1931' <Predicate = (!icmp_ln1890 & !rotate_k & and_ln == 12)> <Delay = 0.00>
ST_1 : Operation 78 [1/1] (0.00ns)   --->   "%br_ln1931 = br void %arrayidx115.exit" [source/swiftkv_attention.cpp:1931]   --->   Operation 78 'br' 'br_ln1931' <Predicate = (!icmp_ln1890 & !rotate_k & and_ln == 10)> <Delay = 0.00>
ST_1 : Operation 79 [1/1] (0.00ns)   --->   "%br_ln1931 = br void %arrayidx115.exit" [source/swiftkv_attention.cpp:1931]   --->   Operation 79 'br' 'br_ln1931' <Predicate = (!icmp_ln1890 & !rotate_k & and_ln == 8)> <Delay = 0.00>
ST_1 : Operation 80 [1/1] (0.00ns)   --->   "%br_ln1931 = br void %arrayidx115.exit" [source/swiftkv_attention.cpp:1931]   --->   Operation 80 'br' 'br_ln1931' <Predicate = (!icmp_ln1890 & !rotate_k & and_ln == 6)> <Delay = 0.00>
ST_1 : Operation 81 [1/1] (0.00ns)   --->   "%br_ln1931 = br void %arrayidx115.exit" [source/swiftkv_attention.cpp:1931]   --->   Operation 81 'br' 'br_ln1931' <Predicate = (!icmp_ln1890 & !rotate_k & and_ln == 4)> <Delay = 0.00>
ST_1 : Operation 82 [1/1] (0.00ns)   --->   "%br_ln1931 = br void %arrayidx115.exit" [source/swiftkv_attention.cpp:1931]   --->   Operation 82 'br' 'br_ln1931' <Predicate = (!icmp_ln1890 & !rotate_k & and_ln == 2)> <Delay = 0.00>
ST_1 : Operation 83 [1/1] (0.00ns)   --->   "%br_ln1931 = br void %arrayidx115.exit" [source/swiftkv_attention.cpp:1931]   --->   Operation 83 'br' 'br_ln1931' <Predicate = (!icmp_ln1890 & !rotate_k & and_ln == 0)> <Delay = 0.00>
ST_1 : Operation 84 [1/1] (0.00ns)   --->   "%br_ln1931 = br void %arrayidx115.exit" [source/swiftkv_attention.cpp:1931]   --->   Operation 84 'br' 'br_ln1931' <Predicate = (!icmp_ln1890 & !rotate_k & and_ln != 0 & and_ln != 2 & and_ln != 4 & and_ln != 6 & and_ln != 8 & and_ln != 10 & and_ln != 12)> <Delay = 0.00>
ST_1 : Operation 85 [1/1] (0.70ns)   --->   "%phase_5 = add i5 %select_ln1889, i5 1" [source/swiftkv_attention.cpp:1903]   --->   Operation 85 'add' 'phase_5' <Predicate = (!icmp_ln1890)> <Delay = 0.70> <CoreInst = "Adder">   --->   Core 1 'Adder' <Latency = 0> <II = 1> <Delay = 0.70> <FuncUnit> <Opcode : 'add' 'sub'> <InPorts = 2> <OutPorts = 1>
ST_1 : Operation 86 [1/1] (0.70ns)   --->   "%icmp_ln1903_1 = icmp_eq  i5 %phase_5, i5 16" [source/swiftkv_attention.cpp:1903]   --->   Operation 86 'icmp' 'icmp_ln1903_1' <Predicate = (!icmp_ln1890)> <Delay = 0.70> <CoreInst = "Cmp">   --->   Core 9 'Cmp' <Latency = 0> <II = 1> <Delay = 0.70> <FuncUnit> <Opcode : 'icmp'> <InPorts = 2> <OutPorts = 1>
ST_1 : Operation 87 [1/1] (0.00ns)   --->   "%rotated_k_words_addr = getelementptr i512 %rotated_k_words, i64 0, i64 %zext_ln1890" [source/swiftkv_attention.cpp:1945]   --->   Operation 87 'getelementptr' 'rotated_k_words_addr' <Predicate = (!icmp_ln1890)> <Delay = 0.00>
ST_1 : Operation 88 [1/1] (0.00ns)   --->   "%br_ln1903 = br i1 %icmp_ln1903_1, void %new.latch.for.inc130, void %last.iter.for.inc130" [source/swiftkv_attention.cpp:1903]   --->   Operation 88 'br' 'br_ln1903' <Predicate = (!icmp_ln1890)> <Delay = 0.00>
ST_1 : Operation 89 [1/1] (0.38ns)   --->   "%store_ln1890 = store i8 %add_ln1890, i8 %indvar_flatten" [source/swiftkv_attention.cpp:1890]   --->   Operation 89 'store' 'store_ln1890' <Predicate = (!icmp_ln1890)> <Delay = 0.38>
ST_1 : Operation 90 [1/1] (0.38ns)   --->   "%store_ln1889 = store i4 %select_ln1890, i4 %word" [source/swiftkv_attention.cpp:1889]   --->   Operation 90 'store' 'store_ln1889' <Predicate = (!icmp_ln1890)> <Delay = 0.38>
ST_1 : Operation 91 [1/1] (0.38ns)   --->   "%store_ln1903 = store i5 %phase_5, i5 %phase" [source/swiftkv_attention.cpp:1903]   --->   Operation 91 'store' 'store_ln1903' <Predicate = (!icmp_ln1890)> <Delay = 0.38>
ST_1 : Operation 92 [1/1] (0.00ns)   --->   "%br_ln1903 = br void %for.body68" [source/swiftkv_attention.cpp:1903]   --->   Operation 92 'br' 'br_ln1903' <Predicate = (!icmp_ln1890)> <Delay = 0.00>

State 2 <SV = 1> <Delay = 1.81>
ST_2 : Operation 93 [1/1] (0.00ns)   --->   "%q_shift_2 = load i512 %q_shift_1"   --->   Operation 93 'load' 'q_shift_2' <Predicate = true> <Delay = 0.00>
ST_2 : Operation 94 [1/1] (0.00ns)   --->   "%k_shift_2 = load i512 %k_shift_1"   --->   Operation 94 'load' 'k_shift_2' <Predicate = true> <Delay = 0.00>
ST_2 : Operation 95 [1/1] (0.00ns)   --->   "%cosine_load = load i19 %cosine" [source/swiftkv_attention.cpp:1889]   --->   Operation 95 'load' 'cosine_load' <Predicate = (!icmp_ln1890 & !icmp_ln1903 & rotate_k)> <Delay = 0.00>
ST_2 : Operation 96 [1/1] (0.00ns)   --->   "%sine_load = load i19 %sine" [source/swiftkv_attention.cpp:1889]   --->   Operation 96 'load' 'sine_load' <Predicate = (!icmp_ln1890 & !icmp_ln1903 & rotate_k)> <Delay = 0.00>
ST_2 : Operation 97 [1/1] (0.31ns)   --->   "%select_ln1889_1 = select i1 %icmp_ln1903, i19 0, i19 %sine_load" [source/swiftkv_attention.cpp:1889]   --->   Operation 97 'select' 'select_ln1889_1' <Predicate = (!icmp_ln1890 & rotate_k)> <Delay = 0.31> <CoreInst = "Sel">   --->   Core 73 'Sel' <Latency = 0> <II = 1> <Delay = 0.31> <FuncUnit> <Opcode : 'select'> <InPorts = 3> <OutPorts = 1>
ST_2 : Operation 98 [1/1] (0.31ns)   --->   "%select_ln1889_2 = select i1 %icmp_ln1903, i19 0, i19 %cosine_load" [source/swiftkv_attention.cpp:1889]   --->   Operation 98 'select' 'select_ln1889_2' <Predicate = (!icmp_ln1890 & rotate_k)> <Delay = 0.31> <CoreInst = "Sel">   --->   Core 73 'Sel' <Latency = 0> <II = 1> <Delay = 0.31> <FuncUnit> <Opcode : 'select'> <InPorts = 3> <OutPorts = 1>
ST_2 : Operation 99 [1/1] (0.38ns)   --->   "%br_ln1903 = br i1 %or_ln1889, void %fpga_resource_hint.cond.end91.517, void %for.first.iter.for.body68" [source/swiftkv_attention.cpp:1903]   --->   Operation 99 'br' 'br_ln1903' <Predicate = (!icmp_ln1890)> <Delay = 0.38>
ST_2 : Operation 100 [1/2] (1.20ns)   --->   "%q_shift = load i3 %q_words_addr" [source/swiftkv_attention.cpp:1892]   --->   Operation 100 'load' 'q_shift' <Predicate = (!icmp_ln1890 & or_ln1889)> <Delay = 1.20> <CoreInst = "RAM_1P_BRAM">   --->   Core 90 'RAM_1P_BRAM' <Latency = 1> <II = 1> <Delay = 1.20> <Storage> <Opcode : 'load' 'store'> <Ports = 1> <Width = 512> <Depth = 8> <RAM>
ST_2 : Operation 101 [1/2] (1.20ns)   --->   "%k_shift = load i3 %k_words_addr" [source/swiftkv_attention.cpp:1893]   --->   Operation 101 'load' 'k_shift' <Predicate = (!icmp_ln1890 & or_ln1889)> <Delay = 1.20> <CoreInst = "RAM_1P_BRAM">   --->   Core 90 'RAM_1P_BRAM' <Latency = 1> <II = 1> <Delay = 1.20> <Storage> <Opcode : 'load' 'store'> <Ports = 1> <Width = 512> <Depth = 8> <RAM>
ST_2 : Operation 102 [1/1] (0.38ns)   --->   "%br_ln1903 = br void %fpga_resource_hint.cond.end91.517" [source/swiftkv_attention.cpp:1903]   --->   Operation 102 'br' 'br_ln1903' <Predicate = (!icmp_ln1890 & or_ln1889)> <Delay = 0.38>
ST_2 : Operation 103 [1/1] (0.00ns)   --->   "%q_shift2 = phi i512 %q_shift, void %for.first.iter.for.body68, i512 %q_shift_2, void %for.inc135"   --->   Operation 103 'phi' 'q_shift2' <Predicate = (!icmp_ln1890)> <Delay = 0.00>
ST_2 : Operation 104 [1/1] (0.00ns)   --->   "%k_shift1 = phi i512 %k_shift, void %for.first.iter.for.body68, i512 %k_shift_2, void %for.inc135"   --->   Operation 104 'phi' 'k_shift1' <Predicate = (!icmp_ln1890)> <Delay = 0.00>
ST_2 : Operation 105 [1/1] (0.00ns)   --->   "%input_1 = partselect i32 @_ssdm_op_PartSelect.i32.i512.i32.i32, i512 %k_shift1, i32 32, i32 63" [source/swiftkv_attention.cpp:1919]   --->   Operation 105 'partselect' 'input_1' <Predicate = (!icmp_ln1890 & rotate_k)> <Delay = 0.00>
ST_2 : Operation 106 [1/2] (0.69ns)   --->   "%cosine_3 = load i6 %local_cosine_addr" [source/swiftkv_attention.cpp:1910]   --->   Operation 106 'load' 'cosine_3' <Predicate = (!icmp_ln1890)> <Delay = 0.69> <CoreInst = "RAM_1P_LUTRAM">   --->   Core 89 'RAM_1P_LUTRAM' <Latency = 1> <II = 1> <Delay = 0.69> <Storage> <Opcode : 'load' 'store'> <Ports = 1> <Width = 19> <Depth = 64> <RAM>
ST_2 : Operation 107 [1/2] (0.69ns)   --->   "%sine_3 = load i6 %local_sine_addr" [source/swiftkv_attention.cpp:1911]   --->   Operation 107 'load' 'sine_3' <Predicate = (!icmp_ln1890)> <Delay = 0.69> <CoreInst = "RAM_1P_LUTRAM">   --->   Core 89 'RAM_1P_LUTRAM' <Latency = 1> <II = 1> <Delay = 0.69> <Storage> <Opcode : 'load' 'store'> <Ports = 1> <Width = 19> <Depth = 64> <RAM>
ST_2 : Operation 108 [1/1] (0.00ns)   --->   "%input_1_1 = partselect i32 @_ssdm_op_PartSelect.i32.i512.i32.i32, i512 %q_shift2, i32 32, i32 63" [source/swiftkv_attention.cpp:1920]   --->   Operation 108 'partselect' 'input_1_1' <Predicate = (!icmp_ln1890 & !rotate_k)> <Delay = 0.00>
ST_2 : Operation 109 [1/1] (0.00ns)   --->   "%trunc_ln1903 = trunc i512 %k_shift1" [source/swiftkv_attention.cpp:1903]   --->   Operation 109 'trunc' 'trunc_ln1903' <Predicate = (!icmp_ln1890 & rotate_k)> <Delay = 0.00>
ST_2 : Operation 110 [1/1] (0.00ns)   --->   "%trunc_ln1903_1 = trunc i512 %q_shift2" [source/swiftkv_attention.cpp:1903]   --->   Operation 110 'trunc' 'trunc_ln1903_1' <Predicate = (!icmp_ln1890 & !rotate_k)> <Delay = 0.00>
ST_2 : Operation 111 [1/1] (0.22ns)   --->   "%input_0 = select i1 %rotate_k, i32 %trunc_ln1903, i32 %trunc_ln1903_1" [source/swiftkv_attention.cpp:1903]   --->   Operation 111 'select' 'input_0' <Predicate = (!icmp_ln1890)> <Delay = 0.22> <CoreInst = "Sel">   --->   Core 73 'Sel' <Latency = 0> <II = 1> <Delay = 0.22> <FuncUnit> <Opcode : 'select'> <InPorts = 3> <OutPorts = 1>
ST_2 : Operation 112 [1/1] (0.31ns)   --->   "%cosine_2 = select i1 %rotate_k, i19 %select_ln1889_2, i19 %cosine_3" [source/swiftkv_attention.cpp:1903]   --->   Operation 112 'select' 'cosine_2' <Predicate = (!icmp_ln1890)> <Delay = 0.31> <CoreInst = "Sel">   --->   Core 73 'Sel' <Latency = 0> <II = 1> <Delay = 0.31> <FuncUnit> <Opcode : 'select'> <InPorts = 3> <OutPorts = 1>
ST_2 : Operation 113 [1/1] (0.31ns)   --->   "%sine_2 = select i1 %rotate_k, i19 %select_ln1889_1, i19 %sine_3" [source/swiftkv_attention.cpp:1903]   --->   Operation 113 'select' 'sine_2' <Predicate = (!icmp_ln1890)> <Delay = 0.31> <CoreInst = "Sel">   --->   Core 73 'Sel' <Latency = 0> <II = 1> <Delay = 0.31> <FuncUnit> <Opcode : 'select'> <InPorts = 3> <OutPorts = 1>
ST_2 : Operation 114 [1/1] (0.22ns)   --->   "%input_1_3 = select i1 %rotate_k, i32 %input_1, i32 %input_1_1" [source/swiftkv_attention.cpp:1903]   --->   Operation 114 'select' 'input_1_3' <Predicate = (!icmp_ln1890)> <Delay = 0.22> <CoreInst = "Sel">   --->   Core 73 'Sel' <Latency = 0> <II = 1> <Delay = 0.22> <FuncUnit> <Opcode : 'select'> <InPorts = 3> <OutPorts = 1>
ST_2 : Operation 115 [1/1] (0.00ns)   --->   "%q_shift_3 = partselect i448 @_ssdm_op_PartSelect.i448.i512.i32.i32, i512 %q_shift2, i32 64, i32 511" [source/swiftkv_attention.cpp:1932]   --->   Operation 115 'partselect' 'q_shift_3' <Predicate = (!icmp_ln1890 & !rotate_k)> <Delay = 0.00>
ST_2 : Operation 116 [1/1] (0.00ns)   --->   "%zext_ln1932 = zext i448 %q_shift_3" [source/swiftkv_attention.cpp:1932]   --->   Operation 116 'zext' 'zext_ln1932' <Predicate = (!icmp_ln1890 & !rotate_k)> <Delay = 0.00>
ST_2 : Operation 117 [1/1] (0.00ns)   --->   "%store_ln1892 = store i512 %zext_ln1932, i512 %q_shift_1" [source/swiftkv_attention.cpp:1892]   --->   Operation 117 'store' 'store_ln1892' <Predicate = (!icmp_ln1890 & !rotate_k)> <Delay = 0.00>
ST_2 : Operation 118 [1/1] (0.00ns)   --->   "%k_shift_3 = partselect i448 @_ssdm_op_PartSelect.i448.i512.i32.i32, i512 %k_shift1, i32 64, i32 511" [source/swiftkv_attention.cpp:1942]   --->   Operation 118 'partselect' 'k_shift_3' <Predicate = (!icmp_ln1890 & rotate_k)> <Delay = 0.00>
ST_2 : Operation 119 [1/1] (0.00ns)   --->   "%zext_ln1942 = zext i448 %k_shift_3" [source/swiftkv_attention.cpp:1942]   --->   Operation 119 'zext' 'zext_ln1942' <Predicate = (!icmp_ln1890 & rotate_k)> <Delay = 0.00>
ST_2 : Operation 120 [1/1] (0.00ns)   --->   "%store_ln1893 = store i512 %zext_ln1942, i512 %k_shift_1" [source/swiftkv_attention.cpp:1893]   --->   Operation 120 'store' 'store_ln1893' <Predicate = (!icmp_ln1890 & rotate_k)> <Delay = 0.00>
ST_2 : Operation 121 [1/1] (0.38ns)   --->   "%store_ln1896 = store i19 %sine_2, i19 %sine" [source/swiftkv_attention.cpp:1896]   --->   Operation 121 'store' 'store_ln1896' <Predicate = (!icmp_ln1890)> <Delay = 0.38>
ST_2 : Operation 122 [1/1] (0.38ns)   --->   "%store_ln1895 = store i19 %cosine_2, i19 %cosine" [source/swiftkv_attention.cpp:1895]   --->   Operation 122 'store' 'store_ln1895' <Predicate = (!icmp_ln1890)> <Delay = 0.38>

State 3 <SV = 2> <Delay = 2.27>
ST_3 : Operation 123 [1/1] (0.00ns)   --->   "%sext_ln45 = sext i32 %input_0" [source/swiftkv_attention.cpp:45->source/swiftkv_attention.cpp:1924]   --->   Operation 123 'sext' 'sext_ln45' <Predicate = true> <Delay = 0.00>
ST_3 : Operation 124 [1/1] (0.00ns)   --->   "%sext_ln45_1 = sext i19 %cosine_2" [source/swiftkv_attention.cpp:45->source/swiftkv_attention.cpp:1924]   --->   Operation 124 'sext' 'sext_ln45_1' <Predicate = true> <Delay = 0.00>
ST_3 : Operation 125 [4/4] (2.27ns)   --->   "%product_0 = mul i51 %sext_ln45, i51 %sext_ln45_1" [source/swiftkv_attention.cpp:45->source/swiftkv_attention.cpp:1924]   --->   Operation 125 'mul' 'product_0' <Predicate = true> <Delay = 2.27> <CoreInst = "Mul_DSP">   --->   Core 5 'Mul_DSP' <Latency = 3> <II = 1> <Delay = 2.27> <FuncUnit> <Opcode : 'mul'> <InPorts = 2> <OutPorts = 1>
ST_3 : Operation 126 [1/1] (0.00ns)   --->   "%sext_ln46 = sext i32 %input_1_3" [source/swiftkv_attention.cpp:46->source/swiftkv_attention.cpp:1924]   --->   Operation 126 'sext' 'sext_ln46' <Predicate = true> <Delay = 0.00>
ST_3 : Operation 127 [1/1] (0.00ns)   --->   "%sext_ln46_1 = sext i19 %sine_2" [source/swiftkv_attention.cpp:46->source/swiftkv_attention.cpp:1924]   --->   Operation 127 'sext' 'sext_ln46_1' <Predicate = true> <Delay = 0.00>
ST_3 : Operation 128 [4/4] (2.27ns)   --->   "%product_1 = mul i51 %sext_ln46, i51 %sext_ln46_1" [source/swiftkv_attention.cpp:46->source/swiftkv_attention.cpp:1924]   --->   Operation 128 'mul' 'product_1' <Predicate = true> <Delay = 2.27> <CoreInst = "Mul_DSP">   --->   Core 5 'Mul_DSP' <Latency = 3> <II = 1> <Delay = 2.27> <FuncUnit> <Opcode : 'mul'> <InPorts = 2> <OutPorts = 1>
ST_3 : Operation 129 [4/4] (2.27ns)   --->   "%product_0_1 = mul i51 %sext_ln45, i51 %sext_ln46_1" [source/swiftkv_attention.cpp:45->source/swiftkv_attention.cpp:1927]   --->   Operation 129 'mul' 'product_0_1' <Predicate = true> <Delay = 2.27> <CoreInst = "Mul_DSP">   --->   Core 5 'Mul_DSP' <Latency = 3> <II = 1> <Delay = 2.27> <FuncUnit> <Opcode : 'mul'> <InPorts = 2> <OutPorts = 1>
ST_3 : Operation 130 [4/4] (2.27ns)   --->   "%product_1_1 = mul i51 %sext_ln46, i51 %sext_ln45_1" [source/swiftkv_attention.cpp:46->source/swiftkv_attention.cpp:1927]   --->   Operation 130 'mul' 'product_1_1' <Predicate = true> <Delay = 2.27> <CoreInst = "Mul_DSP">   --->   Core 5 'Mul_DSP' <Latency = 3> <II = 1> <Delay = 2.27> <FuncUnit> <Opcode : 'mul'> <InPorts = 2> <OutPorts = 1>

State 4 <SV = 3> <Delay = 2.27>
ST_4 : Operation 131 [3/4] (2.27ns)   --->   "%product_0 = mul i51 %sext_ln45, i51 %sext_ln45_1" [source/swiftkv_attention.cpp:45->source/swiftkv_attention.cpp:1924]   --->   Operation 131 'mul' 'product_0' <Predicate = true> <Delay = 2.27> <CoreInst = "Mul_DSP">   --->   Core 5 'Mul_DSP' <Latency = 3> <II = 1> <Delay = 2.27> <FuncUnit> <Opcode : 'mul'> <InPorts = 2> <OutPorts = 1>
ST_4 : Operation 132 [3/4] (2.27ns)   --->   "%product_1 = mul i51 %sext_ln46, i51 %sext_ln46_1" [source/swiftkv_attention.cpp:46->source/swiftkv_attention.cpp:1924]   --->   Operation 132 'mul' 'product_1' <Predicate = true> <Delay = 2.27> <CoreInst = "Mul_DSP">   --->   Core 5 'Mul_DSP' <Latency = 3> <II = 1> <Delay = 2.27> <FuncUnit> <Opcode : 'mul'> <InPorts = 2> <OutPorts = 1>
ST_4 : Operation 133 [3/4] (2.27ns)   --->   "%product_0_1 = mul i51 %sext_ln45, i51 %sext_ln46_1" [source/swiftkv_attention.cpp:45->source/swiftkv_attention.cpp:1927]   --->   Operation 133 'mul' 'product_0_1' <Predicate = true> <Delay = 2.27> <CoreInst = "Mul_DSP">   --->   Core 5 'Mul_DSP' <Latency = 3> <II = 1> <Delay = 2.27> <FuncUnit> <Opcode : 'mul'> <InPorts = 2> <OutPorts = 1>
ST_4 : Operation 134 [3/4] (2.27ns)   --->   "%product_1_1 = mul i51 %sext_ln46, i51 %sext_ln45_1" [source/swiftkv_attention.cpp:46->source/swiftkv_attention.cpp:1927]   --->   Operation 134 'mul' 'product_1_1' <Predicate = true> <Delay = 2.27> <CoreInst = "Mul_DSP">   --->   Core 5 'Mul_DSP' <Latency = 3> <II = 1> <Delay = 2.27> <FuncUnit> <Opcode : 'mul'> <InPorts = 2> <OutPorts = 1>

State 5 <SV = 4> <Delay = 2.27>
ST_5 : Operation 135 [2/4] (2.27ns)   --->   "%product_0 = mul i51 %sext_ln45, i51 %sext_ln45_1" [source/swiftkv_attention.cpp:45->source/swiftkv_attention.cpp:1924]   --->   Operation 135 'mul' 'product_0' <Predicate = true> <Delay = 2.27> <CoreInst = "Mul_DSP">   --->   Core 5 'Mul_DSP' <Latency = 3> <II = 1> <Delay = 2.27> <FuncUnit> <Opcode : 'mul'> <InPorts = 2> <OutPorts = 1>
ST_5 : Operation 136 [2/4] (2.27ns)   --->   "%product_1 = mul i51 %sext_ln46, i51 %sext_ln46_1" [source/swiftkv_attention.cpp:46->source/swiftkv_attention.cpp:1924]   --->   Operation 136 'mul' 'product_1' <Predicate = true> <Delay = 2.27> <CoreInst = "Mul_DSP">   --->   Core 5 'Mul_DSP' <Latency = 3> <II = 1> <Delay = 2.27> <FuncUnit> <Opcode : 'mul'> <InPorts = 2> <OutPorts = 1>
ST_5 : Operation 137 [2/4] (2.27ns)   --->   "%product_0_1 = mul i51 %sext_ln45, i51 %sext_ln46_1" [source/swiftkv_attention.cpp:45->source/swiftkv_attention.cpp:1927]   --->   Operation 137 'mul' 'product_0_1' <Predicate = true> <Delay = 2.27> <CoreInst = "Mul_DSP">   --->   Core 5 'Mul_DSP' <Latency = 3> <II = 1> <Delay = 2.27> <FuncUnit> <Opcode : 'mul'> <InPorts = 2> <OutPorts = 1>
ST_5 : Operation 138 [2/4] (2.27ns)   --->   "%product_1_1 = mul i51 %sext_ln46, i51 %sext_ln45_1" [source/swiftkv_attention.cpp:46->source/swiftkv_attention.cpp:1927]   --->   Operation 138 'mul' 'product_1_1' <Predicate = true> <Delay = 2.27> <CoreInst = "Mul_DSP">   --->   Core 5 'Mul_DSP' <Latency = 3> <II = 1> <Delay = 2.27> <FuncUnit> <Opcode : 'mul'> <InPorts = 2> <OutPorts = 1>

State 6 <SV = 5> <Delay = 2.27>
ST_6 : Operation 139 [1/4] (2.27ns)   --->   "%product_0 = mul i51 %sext_ln45, i51 %sext_ln45_1" [source/swiftkv_attention.cpp:45->source/swiftkv_attention.cpp:1924]   --->   Operation 139 'mul' 'product_0' <Predicate = true> <Delay = 2.27> <CoreInst = "Mul_DSP">   --->   Core 5 'Mul_DSP' <Latency = 3> <II = 1> <Delay = 2.27> <FuncUnit> <Opcode : 'mul'> <InPorts = 2> <OutPorts = 1>
ST_6 : Operation 140 [1/1] (0.00ns)   --->   "%specfucore_ln47 = specfucore void @_ssdm_op_SpecFUCore, i51 %product_0, i64 12, i64 3, i64 3" [source/swiftkv_attention.cpp:47->source/swiftkv_attention.cpp:1924]   --->   Operation 140 'specfucore' 'specfucore_ln47' <Predicate = true> <Delay = 0.00>
ST_6 : Operation 141 [1/4] (2.27ns)   --->   "%product_1 = mul i51 %sext_ln46, i51 %sext_ln46_1" [source/swiftkv_attention.cpp:46->source/swiftkv_attention.cpp:1924]   --->   Operation 141 'mul' 'product_1' <Predicate = true> <Delay = 2.27> <CoreInst = "Mul_DSP">   --->   Core 5 'Mul_DSP' <Latency = 3> <II = 1> <Delay = 2.27> <FuncUnit> <Opcode : 'mul'> <InPorts = 2> <OutPorts = 1>
ST_6 : Operation 142 [1/1] (0.00ns)   --->   "%specfucore_ln48 = specfucore void @_ssdm_op_SpecFUCore, i51 %product_1, i64 12, i64 3, i64 3" [source/swiftkv_attention.cpp:48->source/swiftkv_attention.cpp:1924]   --->   Operation 142 'specfucore' 'specfucore_ln48' <Predicate = true> <Delay = 0.00>
ST_6 : Operation 143 [1/4] (2.27ns)   --->   "%product_0_1 = mul i51 %sext_ln45, i51 %sext_ln46_1" [source/swiftkv_attention.cpp:45->source/swiftkv_attention.cpp:1927]   --->   Operation 143 'mul' 'product_0_1' <Predicate = true> <Delay = 2.27> <CoreInst = "Mul_DSP">   --->   Core 5 'Mul_DSP' <Latency = 3> <II = 1> <Delay = 2.27> <FuncUnit> <Opcode : 'mul'> <InPorts = 2> <OutPorts = 1>
ST_6 : Operation 144 [1/1] (0.00ns)   --->   "%trunc_ln47 = trunc i51 %product_0_1" [source/swiftkv_attention.cpp:47->source/swiftkv_attention.cpp:1927]   --->   Operation 144 'trunc' 'trunc_ln47' <Predicate = true> <Delay = 0.00>
ST_6 : Operation 145 [1/1] (0.00ns)   --->   "%specfucore_ln47 = specfucore void @_ssdm_op_SpecFUCore, i51 %product_0_1, i64 12, i64 3, i64 3" [source/swiftkv_attention.cpp:47->source/swiftkv_attention.cpp:1927]   --->   Operation 145 'specfucore' 'specfucore_ln47' <Predicate = true> <Delay = 0.00>
ST_6 : Operation 146 [1/4] (2.27ns)   --->   "%product_1_1 = mul i51 %sext_ln46, i51 %sext_ln45_1" [source/swiftkv_attention.cpp:46->source/swiftkv_attention.cpp:1927]   --->   Operation 146 'mul' 'product_1_1' <Predicate = true> <Delay = 2.27> <CoreInst = "Mul_DSP">   --->   Core 5 'Mul_DSP' <Latency = 3> <II = 1> <Delay = 2.27> <FuncUnit> <Opcode : 'mul'> <InPorts = 2> <OutPorts = 1>
ST_6 : Operation 147 [1/1] (0.00ns)   --->   "%trunc_ln48 = trunc i51 %product_1_1" [source/swiftkv_attention.cpp:48->source/swiftkv_attention.cpp:1927]   --->   Operation 147 'trunc' 'trunc_ln48' <Predicate = true> <Delay = 0.00>
ST_6 : Operation 148 [1/1] (0.00ns)   --->   "%specfucore_ln48 = specfucore void @_ssdm_op_SpecFUCore, i51 %product_1_1, i64 12, i64 3, i64 3" [source/swiftkv_attention.cpp:48->source/swiftkv_attention.cpp:1927]   --->   Operation 148 'specfucore' 'specfucore_ln48' <Predicate = true> <Delay = 0.00>

State 7 <SV = 6> <Delay = 2.10>
ST_7 : Operation 149 [1/1] (0.97ns)   --->   "%combined = sub i51 %product_0, i51 %product_1" [source/swiftkv_attention.cpp:50->source/swiftkv_attention.cpp:1924]   --->   Operation 149 'sub' 'combined' <Predicate = true> <Delay = 0.97> <CoreInst = "Adder">   --->   Core 1 'Adder' <Latency = 0> <II = 1> <Delay = 0.97> <FuncUnit> <Opcode : 'add' 'sub'> <InPorts = 2> <OutPorts = 1>
ST_7 : Operation 150 [1/1] (0.00ns)   --->   "%trunc_ln = partselect i34 @_ssdm_op_PartSelect.i34.i51.i32.i32, i51 %combined, i32 17, i32 50" [source/swiftkv_attention.cpp:56->source/swiftkv_attention.cpp:1924]   --->   Operation 150 'partselect' 'trunc_ln' <Predicate = true> <Delay = 0.00>
ST_7 : Operation 151 [1/1] (0.00ns)   --->   "%tmp = partselect i3 @_ssdm_op_PartSelect.i3.i51.i32.i32, i51 %combined, i32 48, i32 50" [source/swiftkv_attention.cpp:61->source/swiftkv_attention.cpp:1924]   --->   Operation 151 'partselect' 'tmp' <Predicate = true> <Delay = 0.00>
ST_7 : Operation 152 [1/1] (0.57ns)   --->   "%icmp_ln61 = icmp_sgt  i3 %tmp, i3 0" [source/swiftkv_attention.cpp:61->source/swiftkv_attention.cpp:1924]   --->   Operation 152 'icmp' 'icmp_ln61' <Predicate = true> <Delay = 0.57> <CoreInst = "Cmp">   --->   Core 9 'Cmp' <Latency = 0> <II = 1> <Delay = 0.57> <FuncUnit> <Opcode : 'icmp'> <InPorts = 2> <OutPorts = 1>
ST_7 : Operation 153 [1/1] (0.90ns)   --->   "%icmp_ln64 = icmp_slt  i34 %trunc_ln, i34 15032385536" [source/swiftkv_attention.cpp:64->source/swiftkv_attention.cpp:1924]   --->   Operation 153 'icmp' 'icmp_ln64' <Predicate = true> <Delay = 0.90> <CoreInst = "Cmp">   --->   Core 9 'Cmp' <Latency = 0> <II = 1> <Delay = 0.90> <FuncUnit> <Opcode : 'icmp'> <InPorts = 2> <OutPorts = 1>
ST_7 : Operation 154 [1/1] (0.00ns) (grouped into LUT with out node rotated_0)   --->   "%trunc_ln1 = partselect i32 @_ssdm_op_PartSelect.i32.i51.i32.i32, i51 %combined, i32 17, i32 48" [source/swiftkv_attention.cpp:67->source/swiftkv_attention.cpp:1924]   --->   Operation 154 'partselect' 'trunc_ln1' <Predicate = true> <Delay = 0.00>
ST_7 : Operation 155 [1/1] (0.00ns) (grouped into LUT with out node rotated_0)   --->   "%select_ln61 = select i1 %icmp_ln61, i32 2147483647, i32 2147483648" [source/swiftkv_attention.cpp:61->source/swiftkv_attention.cpp:1924]   --->   Operation 155 'select' 'select_ln61' <Predicate = true> <Delay = 0.00> <CoreInst = "Sel">   --->   Core 73 'Sel' <Latency = 0> <II = 1> <Delay = 0.22> <FuncUnit> <Opcode : 'select'> <InPorts = 3> <OutPorts = 1>
ST_7 : Operation 156 [1/1] (0.00ns) (grouped into LUT with out node rotated_0)   --->   "%or_ln61 = or i1 %icmp_ln61, i1 %icmp_ln64" [source/swiftkv_attention.cpp:61->source/swiftkv_attention.cpp:1924]   --->   Operation 156 'or' 'or_ln61' <Predicate = true> <Delay = 0.00> <CoreInst = "LogicGate">   --->   Core 74 'LogicGate' <Latency = 0> <II = 1> <Delay = 0.12> <FuncUnit> <Opcode : 'and' 'or' 'xor'> <InPorts = 2> <OutPorts = 1>
ST_7 : Operation 157 [1/1] (0.22ns) (out node of the LUT)   --->   "%rotated_0 = select i1 %or_ln61, i32 %select_ln61, i32 %trunc_ln1" [source/swiftkv_attention.cpp:61->source/swiftkv_attention.cpp:1924]   --->   Operation 157 'select' 'rotated_0' <Predicate = true> <Delay = 0.22> <CoreInst = "Sel">   --->   Core 73 'Sel' <Latency = 0> <II = 1> <Delay = 0.22> <FuncUnit> <Opcode : 'select'> <InPorts = 3> <OutPorts = 1>
ST_7 : Operation 158 [1/1] (0.00ns)   --->   "%sext_ln53 = sext i51 %product_0_1" [source/swiftkv_attention.cpp:53->source/swiftkv_attention.cpp:1927]   --->   Operation 158 'sext' 'sext_ln53' <Predicate = true> <Delay = 0.00>
ST_7 : Operation 159 [1/1] (0.00ns)   --->   "%sext_ln54 = sext i51 %product_1_1" [source/swiftkv_attention.cpp:54->source/swiftkv_attention.cpp:1927]   --->   Operation 159 'sext' 'sext_ln54' <Predicate = true> <Delay = 0.00>
ST_7 : Operation 160 [1/1] (0.95ns)   --->   "%add_ln50 = add i49 %trunc_ln48, i49 %trunc_ln47" [source/swiftkv_attention.cpp:50->source/swiftkv_attention.cpp:1927]   --->   Operation 160 'add' 'add_ln50' <Predicate = true> <Delay = 0.95> <CoreInst = "Adder">   --->   Core 1 'Adder' <Latency = 0> <II = 1> <Delay = 0.95> <FuncUnit> <Opcode : 'add' 'sub'> <InPorts = 2> <OutPorts = 1>
ST_7 : Operation 161 [1/1] (0.97ns)   --->   "%combined_1 = add i52 %sext_ln54, i52 %sext_ln53" [source/swiftkv_attention.cpp:50->source/swiftkv_attention.cpp:1927]   --->   Operation 161 'add' 'combined_1' <Predicate = true> <Delay = 0.97> <CoreInst = "Adder">   --->   Core 1 'Adder' <Latency = 0> <II = 1> <Delay = 0.97> <FuncUnit> <Opcode : 'add' 'sub'> <InPorts = 2> <OutPorts = 1>
ST_7 : Operation 162 [1/1] (0.00ns)   --->   "%shifted = partselect i35 @_ssdm_op_PartSelect.i35.i52.i32.i32, i52 %combined_1, i32 17, i32 51" [source/swiftkv_attention.cpp:56->source/swiftkv_attention.cpp:1927]   --->   Operation 162 'partselect' 'shifted' <Predicate = true> <Delay = 0.00>
ST_7 : Operation 163 [1/1] (0.00ns)   --->   "%tmp_118 = partselect i4 @_ssdm_op_PartSelect.i4.i52.i32.i32, i52 %combined_1, i32 48, i32 51" [source/swiftkv_attention.cpp:61->source/swiftkv_attention.cpp:1927]   --->   Operation 163 'partselect' 'tmp_118' <Predicate = true> <Delay = 0.00>
ST_7 : Operation 164 [1/1] (0.70ns)   --->   "%icmp_ln61_1 = icmp_sgt  i4 %tmp_118, i4 0" [source/swiftkv_attention.cpp:61->source/swiftkv_attention.cpp:1927]   --->   Operation 164 'icmp' 'icmp_ln61_1' <Predicate = true> <Delay = 0.70> <CoreInst = "Cmp">   --->   Core 9 'Cmp' <Latency = 0> <II = 1> <Delay = 0.70> <FuncUnit> <Opcode : 'icmp'> <InPorts = 2> <OutPorts = 1>
ST_7 : Operation 165 [1/1] (0.91ns)   --->   "%icmp_ln64_1 = icmp_slt  i35 %shifted, i35 32212254720" [source/swiftkv_attention.cpp:64->source/swiftkv_attention.cpp:1927]   --->   Operation 165 'icmp' 'icmp_ln64_1' <Predicate = true> <Delay = 0.91> <CoreInst = "Cmp">   --->   Core 9 'Cmp' <Latency = 0> <II = 1> <Delay = 0.91> <FuncUnit> <Opcode : 'icmp'> <InPorts = 2> <OutPorts = 1>
ST_7 : Operation 166 [1/1] (0.00ns) (grouped into LUT with out node rotated_1)   --->   "%trunc_ln67_1 = partselect i32 @_ssdm_op_PartSelect.i32.i49.i32.i32, i49 %add_ln50, i32 17, i32 48" [source/swiftkv_attention.cpp:67->source/swiftkv_attention.cpp:1927]   --->   Operation 166 'partselect' 'trunc_ln67_1' <Predicate = true> <Delay = 0.00>
ST_7 : Operation 167 [1/1] (0.00ns) (grouped into LUT with out node rotated_1)   --->   "%select_ln61_2 = select i1 %icmp_ln61_1, i32 2147483647, i32 2147483648" [source/swiftkv_attention.cpp:61->source/swiftkv_attention.cpp:1927]   --->   Operation 167 'select' 'select_ln61_2' <Predicate = true> <Delay = 0.00> <CoreInst = "Sel">   --->   Core 73 'Sel' <Latency = 0> <II = 1> <Delay = 0.22> <FuncUnit> <Opcode : 'select'> <InPorts = 3> <OutPorts = 1>
ST_7 : Operation 168 [1/1] (0.00ns) (grouped into LUT with out node rotated_1)   --->   "%or_ln61_1 = or i1 %icmp_ln61_1, i1 %icmp_ln64_1" [source/swiftkv_attention.cpp:61->source/swiftkv_attention.cpp:1927]   --->   Operation 168 'or' 'or_ln61_1' <Predicate = true> <Delay = 0.00> <CoreInst = "LogicGate">   --->   Core 74 'LogicGate' <Latency = 0> <II = 1> <Delay = 0.12> <FuncUnit> <Opcode : 'and' 'or' 'xor'> <InPorts = 2> <OutPorts = 1>
ST_7 : Operation 169 [1/1] (0.22ns) (out node of the LUT)   --->   "%rotated_1 = select i1 %or_ln61_1, i32 %select_ln61_2, i32 %trunc_ln67_1" [source/swiftkv_attention.cpp:61->source/swiftkv_attention.cpp:1927]   --->   Operation 169 'select' 'rotated_1' <Predicate = true> <Delay = 0.22> <CoreInst = "Sel">   --->   Core 73 'Sel' <Latency = 0> <II = 1> <Delay = 0.22> <FuncUnit> <Opcode : 'select'> <InPorts = 3> <OutPorts = 1>

State 8 <SV = 7> <Delay = 1.19>
ST_8 : Operation 170 [1/1] (0.00ns)   --->   "%rotated_k_word_load = load i512 %rotated_k_word" [source/swiftkv_attention.cpp:1889]   --->   Operation 170 'load' 'rotated_k_word_load' <Predicate = (!icmp_ln1890 & !icmp_ln1903)> <Delay = 0.00>
ST_8 : Operation 171 [1/1] (0.00ns)   --->   "%specloopname_ln0 = specloopname void @_ssdm_op_SpecLoopName, void @pe_rope_word_loop_pe_rope_pair_phase_loop_str"   --->   Operation 171 'specloopname' 'specloopname_ln0' <Predicate = (!icmp_ln1890)> <Delay = 0.00>
ST_8 : Operation 172 [1/1] (0.00ns)   --->   "%speclooptripcount_ln0 = speclooptripcount void @_ssdm_op_SpecLoopTripCount, i64 128, i64 128, i64 128"   --->   Operation 172 'speclooptripcount' 'speclooptripcount_ln0' <Predicate = (!icmp_ln1890)> <Delay = 0.00>
ST_8 : Operation 173 [1/1] (0.57ns)   --->   "%select_ln1889_3 = select i1 %icmp_ln1903, i512 0, i512 %rotated_k_word_load" [source/swiftkv_attention.cpp:1889]   --->   Operation 173 'select' 'select_ln1889_3' <Predicate = (!icmp_ln1890)> <Delay = 0.57> <CoreInst = "Sel">   --->   Core 73 'Sel' <Latency = 0> <II = 1> <Delay = 0.57> <FuncUnit> <Opcode : 'select'> <InPorts = 3> <OutPorts = 1>
ST_8 : Operation 174 [1/1] (0.00ns)   --->   "%zext_ln1908 = zext i3 %empty" [source/swiftkv_attention.cpp:1908]   --->   Operation 174 'zext' 'zext_ln1908' <Predicate = true> <Delay = 0.00>
ST_8 : Operation 175 [1/1] (0.00ns)   --->   "%query_addr = getelementptr i32 %query, i64 0, i64 %zext_ln1908" [source/swiftkv_attention.cpp:1930]   --->   Operation 175 'getelementptr' 'query_addr' <Predicate = true> <Delay = 0.00>
ST_8 : Operation 176 [1/1] (0.00ns)   --->   "%query_2_addr = getelementptr i32 %query_2, i64 0, i64 %zext_ln1908" [source/swiftkv_attention.cpp:1930]   --->   Operation 176 'getelementptr' 'query_2_addr' <Predicate = true> <Delay = 0.00>
ST_8 : Operation 177 [1/1] (0.00ns)   --->   "%query_4_addr = getelementptr i32 %query_4, i64 0, i64 %zext_ln1908" [source/swiftkv_attention.cpp:1930]   --->   Operation 177 'getelementptr' 'query_4_addr' <Predicate = true> <Delay = 0.00>
ST_8 : Operation 178 [1/1] (0.00ns)   --->   "%query_6_addr = getelementptr i32 %query_6, i64 0, i64 %zext_ln1908" [source/swiftkv_attention.cpp:1930]   --->   Operation 178 'getelementptr' 'query_6_addr' <Predicate = true> <Delay = 0.00>
ST_8 : Operation 179 [1/1] (0.00ns)   --->   "%query_8_addr = getelementptr i32 %query_8, i64 0, i64 %zext_ln1908" [source/swiftkv_attention.cpp:1930]   --->   Operation 179 'getelementptr' 'query_8_addr' <Predicate = true> <Delay = 0.00>
ST_8 : Operation 180 [1/1] (0.00ns)   --->   "%query_10_addr = getelementptr i32 %query_10, i64 0, i64 %zext_ln1908" [source/swiftkv_attention.cpp:1930]   --->   Operation 180 'getelementptr' 'query_10_addr' <Predicate = true> <Delay = 0.00>
ST_8 : Operation 181 [1/1] (0.00ns)   --->   "%query_12_addr = getelementptr i32 %query_12, i64 0, i64 %zext_ln1908" [source/swiftkv_attention.cpp:1930]   --->   Operation 181 'getelementptr' 'query_12_addr' <Predicate = true> <Delay = 0.00>
ST_8 : Operation 182 [1/1] (0.00ns)   --->   "%query_14_addr = getelementptr i32 %query_14, i64 0, i64 %zext_ln1908" [source/swiftkv_attention.cpp:1930]   --->   Operation 182 'getelementptr' 'query_14_addr' <Predicate = true> <Delay = 0.00>
ST_8 : Operation 183 [1/1] (0.00ns)   --->   "%query_1_addr = getelementptr i32 %query_1, i64 0, i64 %zext_ln1908" [source/swiftkv_attention.cpp:1931]   --->   Operation 183 'getelementptr' 'query_1_addr' <Predicate = true> <Delay = 0.00>
ST_8 : Operation 184 [1/1] (0.00ns)   --->   "%query_3_addr = getelementptr i32 %query_3, i64 0, i64 %zext_ln1908" [source/swiftkv_attention.cpp:1931]   --->   Operation 184 'getelementptr' 'query_3_addr' <Predicate = true> <Delay = 0.00>
ST_8 : Operation 185 [1/1] (0.00ns)   --->   "%query_5_addr = getelementptr i32 %query_5, i64 0, i64 %zext_ln1908" [source/swiftkv_attention.cpp:1931]   --->   Operation 185 'getelementptr' 'query_5_addr' <Predicate = true> <Delay = 0.00>
ST_8 : Operation 186 [1/1] (0.00ns)   --->   "%query_7_addr = getelementptr i32 %query_7, i64 0, i64 %zext_ln1908" [source/swiftkv_attention.cpp:1931]   --->   Operation 186 'getelementptr' 'query_7_addr' <Predicate = true> <Delay = 0.00>
ST_8 : Operation 187 [1/1] (0.00ns)   --->   "%query_9_addr = getelementptr i32 %query_9, i64 0, i64 %zext_ln1908" [source/swiftkv_attention.cpp:1931]   --->   Operation 187 'getelementptr' 'query_9_addr' <Predicate = true> <Delay = 0.00>
ST_8 : Operation 188 [1/1] (0.00ns)   --->   "%query_11_addr = getelementptr i32 %query_11, i64 0, i64 %zext_ln1908" [source/swiftkv_attention.cpp:1931]   --->   Operation 188 'getelementptr' 'query_11_addr' <Predicate = true> <Delay = 0.00>
ST_8 : Operation 189 [1/1] (0.00ns)   --->   "%query_13_addr = getelementptr i32 %query_13, i64 0, i64 %zext_ln1908" [source/swiftkv_attention.cpp:1931]   --->   Operation 189 'getelementptr' 'query_13_addr' <Predicate = true> <Delay = 0.00>
ST_8 : Operation 190 [1/1] (0.00ns)   --->   "%query_15_addr = getelementptr i32 %query_15, i64 0, i64 %zext_ln1908" [source/swiftkv_attention.cpp:1931]   --->   Operation 190 'getelementptr' 'query_15_addr' <Predicate = true> <Delay = 0.00>
ST_8 : Operation 191 [1/1] (0.00ns)   --->   "%specpipeline_ln1904 = specpipeline void @_ssdm_op_SpecPipeline, i32 1, i32 0, i32 0, i32 0, void @empty_418" [source/swiftkv_attention.cpp:1904]   --->   Operation 191 'specpipeline' 'specpipeline_ln1904' <Predicate = true> <Delay = 0.00>
ST_8 : Operation 192 [1/1] (0.00ns)   --->   "%rbegin8 = specregionbegin i32 @_ssdm_op_SpecRegionBegin, void @empty_399" [source/swiftkv_attention.cpp:45->source/swiftkv_attention.cpp:1924]   --->   Operation 192 'specregionbegin' 'rbegin8' <Predicate = true> <Delay = 0.00>
ST_8 : Operation 193 [1/1] (0.00ns)   --->   "%rend9 = specregionend i32 @_ssdm_op_SpecRegionEnd, void @empty_399, i32 %rbegin8" [source/swiftkv_attention.cpp:45->source/swiftkv_attention.cpp:1924]   --->   Operation 193 'specregionend' 'rend9' <Predicate = true> <Delay = 0.00>
ST_8 : Operation 194 [1/1] (0.00ns)   --->   "%rbegin6 = specregionbegin i32 @_ssdm_op_SpecRegionBegin, void @empty_398" [source/swiftkv_attention.cpp:46->source/swiftkv_attention.cpp:1924]   --->   Operation 194 'specregionbegin' 'rbegin6' <Predicate = true> <Delay = 0.00>
ST_8 : Operation 195 [1/1] (0.00ns)   --->   "%rend7 = specregionend i32 @_ssdm_op_SpecRegionEnd, void @empty_398, i32 %rbegin6" [source/swiftkv_attention.cpp:46->source/swiftkv_attention.cpp:1924]   --->   Operation 195 'specregionend' 'rend7' <Predicate = true> <Delay = 0.00>
ST_8 : Operation 196 [1/1] (0.00ns)   --->   "%rbegin4 = specregionbegin i32 @_ssdm_op_SpecRegionBegin, void @empty_397" [source/swiftkv_attention.cpp:45->source/swiftkv_attention.cpp:1927]   --->   Operation 196 'specregionbegin' 'rbegin4' <Predicate = true> <Delay = 0.00>
ST_8 : Operation 197 [1/1] (0.00ns)   --->   "%rend5 = specregionend i32 @_ssdm_op_SpecRegionEnd, void @empty_397, i32 %rbegin4" [source/swiftkv_attention.cpp:45->source/swiftkv_attention.cpp:1927]   --->   Operation 197 'specregionend' 'rend5' <Predicate = true> <Delay = 0.00>
ST_8 : Operation 198 [1/1] (0.00ns)   --->   "%rbegin = specregionbegin i32 @_ssdm_op_SpecRegionBegin, void @empty_396" [source/swiftkv_attention.cpp:46->source/swiftkv_attention.cpp:1927]   --->   Operation 198 'specregionbegin' 'rbegin' <Predicate = true> <Delay = 0.00>
ST_8 : Operation 199 [1/1] (0.00ns)   --->   "%rend = specregionend i32 @_ssdm_op_SpecRegionEnd, void @empty_396, i32 %rbegin" [source/swiftkv_attention.cpp:46->source/swiftkv_attention.cpp:1927]   --->   Operation 199 'specregionend' 'rend' <Predicate = true> <Delay = 0.00>
ST_8 : Operation 200 [1/1] (1.19ns)   --->   "%store_ln1930 = store i32 %rotated_0, i3 %query_12_addr" [source/swiftkv_attention.cpp:1930]   --->   Operation 200 'store' 'store_ln1930' <Predicate = (!rotate_k & and_ln == 12)> <Delay = 1.19> <CoreInst = "RAM_1P_BRAM">   --->   Core 90 'RAM_1P_BRAM' <Latency = 1> <II = 1> <Delay = 1.19> <Storage> <Opcode : 'load' 'store'> <Ports = 1> <Width = 32> <Depth = 8> <RAM>
ST_8 : Operation 201 [1/1] (1.19ns)   --->   "%store_ln1931 = store i32 %rotated_1, i3 %query_13_addr" [source/swiftkv_attention.cpp:1931]   --->   Operation 201 'store' 'store_ln1931' <Predicate = (!rotate_k & and_ln == 12)> <Delay = 1.19> <CoreInst = "RAM_1P_BRAM">   --->   Core 90 'RAM_1P_BRAM' <Latency = 1> <II = 1> <Delay = 1.19> <Storage> <Opcode : 'load' 'store'> <Ports = 1> <Width = 32> <Depth = 8> <RAM>
ST_8 : Operation 202 [1/1] (1.19ns)   --->   "%store_ln1930 = store i32 %rotated_0, i3 %query_10_addr" [source/swiftkv_attention.cpp:1930]   --->   Operation 202 'store' 'store_ln1930' <Predicate = (!rotate_k & and_ln == 10)> <Delay = 1.19> <CoreInst = "RAM_1P_BRAM">   --->   Core 90 'RAM_1P_BRAM' <Latency = 1> <II = 1> <Delay = 1.19> <Storage> <Opcode : 'load' 'store'> <Ports = 1> <Width = 32> <Depth = 8> <RAM>
ST_8 : Operation 203 [1/1] (1.19ns)   --->   "%store_ln1931 = store i32 %rotated_1, i3 %query_11_addr" [source/swiftkv_attention.cpp:1931]   --->   Operation 203 'store' 'store_ln1931' <Predicate = (!rotate_k & and_ln == 10)> <Delay = 1.19> <CoreInst = "RAM_1P_BRAM">   --->   Core 90 'RAM_1P_BRAM' <Latency = 1> <II = 1> <Delay = 1.19> <Storage> <Opcode : 'load' 'store'> <Ports = 1> <Width = 32> <Depth = 8> <RAM>
ST_8 : Operation 204 [1/1] (1.19ns)   --->   "%store_ln1930 = store i32 %rotated_0, i3 %query_8_addr" [source/swiftkv_attention.cpp:1930]   --->   Operation 204 'store' 'store_ln1930' <Predicate = (!rotate_k & and_ln == 8)> <Delay = 1.19> <CoreInst = "RAM_1P_BRAM">   --->   Core 90 'RAM_1P_BRAM' <Latency = 1> <II = 1> <Delay = 1.19> <Storage> <Opcode : 'load' 'store'> <Ports = 1> <Width = 32> <Depth = 8> <RAM>
ST_8 : Operation 205 [1/1] (1.19ns)   --->   "%store_ln1931 = store i32 %rotated_1, i3 %query_9_addr" [source/swiftkv_attention.cpp:1931]   --->   Operation 205 'store' 'store_ln1931' <Predicate = (!rotate_k & and_ln == 8)> <Delay = 1.19> <CoreInst = "RAM_1P_BRAM">   --->   Core 90 'RAM_1P_BRAM' <Latency = 1> <II = 1> <Delay = 1.19> <Storage> <Opcode : 'load' 'store'> <Ports = 1> <Width = 32> <Depth = 8> <RAM>
ST_8 : Operation 206 [1/1] (1.19ns)   --->   "%store_ln1930 = store i32 %rotated_0, i3 %query_6_addr" [source/swiftkv_attention.cpp:1930]   --->   Operation 206 'store' 'store_ln1930' <Predicate = (!rotate_k & and_ln == 6)> <Delay = 1.19> <CoreInst = "RAM_1P_BRAM">   --->   Core 90 'RAM_1P_BRAM' <Latency = 1> <II = 1> <Delay = 1.19> <Storage> <Opcode : 'load' 'store'> <Ports = 1> <Width = 32> <Depth = 8> <RAM>
ST_8 : Operation 207 [1/1] (1.19ns)   --->   "%store_ln1931 = store i32 %rotated_1, i3 %query_7_addr" [source/swiftkv_attention.cpp:1931]   --->   Operation 207 'store' 'store_ln1931' <Predicate = (!rotate_k & and_ln == 6)> <Delay = 1.19> <CoreInst = "RAM_1P_BRAM">   --->   Core 90 'RAM_1P_BRAM' <Latency = 1> <II = 1> <Delay = 1.19> <Storage> <Opcode : 'load' 'store'> <Ports = 1> <Width = 32> <Depth = 8> <RAM>
ST_8 : Operation 208 [1/1] (1.19ns)   --->   "%store_ln1930 = store i32 %rotated_0, i3 %query_4_addr" [source/swiftkv_attention.cpp:1930]   --->   Operation 208 'store' 'store_ln1930' <Predicate = (!rotate_k & and_ln == 4)> <Delay = 1.19> <CoreInst = "RAM_1P_BRAM">   --->   Core 90 'RAM_1P_BRAM' <Latency = 1> <II = 1> <Delay = 1.19> <Storage> <Opcode : 'load' 'store'> <Ports = 1> <Width = 32> <Depth = 8> <RAM>
ST_8 : Operation 209 [1/1] (1.19ns)   --->   "%store_ln1931 = store i32 %rotated_1, i3 %query_5_addr" [source/swiftkv_attention.cpp:1931]   --->   Operation 209 'store' 'store_ln1931' <Predicate = (!rotate_k & and_ln == 4)> <Delay = 1.19> <CoreInst = "RAM_1P_BRAM">   --->   Core 90 'RAM_1P_BRAM' <Latency = 1> <II = 1> <Delay = 1.19> <Storage> <Opcode : 'load' 'store'> <Ports = 1> <Width = 32> <Depth = 8> <RAM>
ST_8 : Operation 210 [1/1] (1.19ns)   --->   "%store_ln1930 = store i32 %rotated_0, i3 %query_2_addr" [source/swiftkv_attention.cpp:1930]   --->   Operation 210 'store' 'store_ln1930' <Predicate = (!rotate_k & and_ln == 2)> <Delay = 1.19> <CoreInst = "RAM_1P_BRAM">   --->   Core 90 'RAM_1P_BRAM' <Latency = 1> <II = 1> <Delay = 1.19> <Storage> <Opcode : 'load' 'store'> <Ports = 1> <Width = 32> <Depth = 8> <RAM>
ST_8 : Operation 211 [1/1] (1.19ns)   --->   "%store_ln1931 = store i32 %rotated_1, i3 %query_3_addr" [source/swiftkv_attention.cpp:1931]   --->   Operation 211 'store' 'store_ln1931' <Predicate = (!rotate_k & and_ln == 2)> <Delay = 1.19> <CoreInst = "RAM_1P_BRAM">   --->   Core 90 'RAM_1P_BRAM' <Latency = 1> <II = 1> <Delay = 1.19> <Storage> <Opcode : 'load' 'store'> <Ports = 1> <Width = 32> <Depth = 8> <RAM>
ST_8 : Operation 212 [1/1] (1.19ns)   --->   "%store_ln1930 = store i32 %rotated_0, i3 %query_addr" [source/swiftkv_attention.cpp:1930]   --->   Operation 212 'store' 'store_ln1930' <Predicate = (!rotate_k & and_ln == 0)> <Delay = 1.19> <CoreInst = "RAM_1P_BRAM">   --->   Core 90 'RAM_1P_BRAM' <Latency = 1> <II = 1> <Delay = 1.19> <Storage> <Opcode : 'load' 'store'> <Ports = 1> <Width = 32> <Depth = 8> <RAM>
ST_8 : Operation 213 [1/1] (1.19ns)   --->   "%store_ln1931 = store i32 %rotated_1, i3 %query_1_addr" [source/swiftkv_attention.cpp:1931]   --->   Operation 213 'store' 'store_ln1931' <Predicate = (!rotate_k & and_ln == 0)> <Delay = 1.19> <CoreInst = "RAM_1P_BRAM">   --->   Core 90 'RAM_1P_BRAM' <Latency = 1> <II = 1> <Delay = 1.19> <Storage> <Opcode : 'load' 'store'> <Ports = 1> <Width = 32> <Depth = 8> <RAM>
ST_8 : Operation 214 [1/1] (1.19ns)   --->   "%store_ln1930 = store i32 %rotated_0, i3 %query_14_addr" [source/swiftkv_attention.cpp:1930]   --->   Operation 214 'store' 'store_ln1930' <Predicate = (!rotate_k & and_ln != 0 & and_ln != 2 & and_ln != 4 & and_ln != 6 & and_ln != 8 & and_ln != 10 & and_ln != 12)> <Delay = 1.19> <CoreInst = "RAM_1P_BRAM">   --->   Core 90 'RAM_1P_BRAM' <Latency = 1> <II = 1> <Delay = 1.19> <Storage> <Opcode : 'load' 'store'> <Ports = 1> <Width = 32> <Depth = 8> <RAM>
ST_8 : Operation 215 [1/1] (1.19ns)   --->   "%store_ln1931 = store i32 %rotated_1, i3 %query_15_addr" [source/swiftkv_attention.cpp:1931]   --->   Operation 215 'store' 'store_ln1931' <Predicate = (!rotate_k & and_ln != 0 & and_ln != 2 & and_ln != 4 & and_ln != 6 & and_ln != 8 & and_ln != 10 & and_ln != 12)> <Delay = 1.19> <CoreInst = "RAM_1P_BRAM">   --->   Core 90 'RAM_1P_BRAM' <Latency = 1> <II = 1> <Delay = 1.19> <Storage> <Opcode : 'load' 'store'> <Ports = 1> <Width = 32> <Depth = 8> <RAM>
ST_8 : Operation 216 [1/1] (0.41ns)   --->   "%store_ln1894 = store i512 %select_ln1889_3, i512 %rotated_k_word" [source/swiftkv_attention.cpp:1894]   --->   Operation 216 'store' 'store_ln1894' <Predicate = (!rotate_k)> <Delay = 0.41>
ST_8 : Operation 217 [1/1] (0.00ns)   --->   "%br_ln1933 = br void %for.inc130" [source/swiftkv_attention.cpp:1933]   --->   Operation 217 'br' 'br_ln1933' <Predicate = (!rotate_k)> <Delay = 0.00>
ST_8 : Operation 218 [1/1] (0.00ns)   --->   "%rotated_k_word_2 = partselect i448 @_ssdm_op_PartSelect.i448.i512.i32.i32, i512 %select_ln1889_3, i32 64, i32 511" [source/swiftkv_attention.cpp:1939]   --->   Operation 218 'partselect' 'rotated_k_word_2' <Predicate = (rotate_k)> <Delay = 0.00>
ST_8 : Operation 219 [1/1] (0.00ns)   --->   "%rotated_k_word_1 = bitconcatenate i512 @_ssdm_op_BitConcatenate.i512.i32.i32.i448, i32 %rotated_1, i32 %rotated_0, i448 %rotated_k_word_2" [source/swiftkv_attention.cpp:1940]   --->   Operation 219 'bitconcatenate' 'rotated_k_word_1' <Predicate = (rotate_k)> <Delay = 0.00>
ST_8 : Operation 220 [1/1] (0.41ns)   --->   "%store_ln1894 = store i512 %rotated_k_word_1, i512 %rotated_k_word" [source/swiftkv_attention.cpp:1894]   --->   Operation 220 'store' 'store_ln1894' <Predicate = (rotate_k)> <Delay = 0.41>
ST_8 : Operation 221 [1/1] (0.00ns)   --->   "%br_ln0 = br void %for.inc130"   --->   Operation 221 'br' 'br_ln0' <Predicate = (rotate_k)> <Delay = 0.00>
ST_8 : Operation 225 [1/1] (0.00ns)   --->   "%ret_ln0 = ret"   --->   Operation 225 'ret' 'ret_ln0' <Predicate = (icmp_ln1890)> <Delay = 0.00>

State 9 <SV = 8> <Delay = 1.20>
ST_9 : Operation 222 [1/1] (0.00ns)   --->   "%rotated_k_word_load_1 = load i512 %rotated_k_word" [source/swiftkv_attention.cpp:1945]   --->   Operation 222 'load' 'rotated_k_word_load_1' <Predicate = (icmp_ln1903_1)> <Delay = 0.00>
ST_9 : Operation 223 [1/1] (1.20ns)   --->   "%store_ln1945 = store i512 %rotated_k_word_load_1, i3 %rotated_k_words_addr" [source/swiftkv_attention.cpp:1945]   --->   Operation 223 'store' 'store_ln1945' <Predicate = (icmp_ln1903_1)> <Delay = 1.20> <CoreInst = "RAM_1P_BRAM">   --->   Core 90 'RAM_1P_BRAM' <Latency = 1> <II = 1> <Delay = 1.20> <Storage> <Opcode : 'load' 'store'> <Ports = 1> <Width = 512> <Depth = 8> <RAM>
ST_9 : Operation 224 [1/1] (0.00ns)   --->   "%br_ln1903 = br void %new.latch.for.inc130" [source/swiftkv_attention.cpp:1903]   --->   Operation 224 'br' 'br_ln1903' <Predicate = (icmp_ln1903_1)> <Delay = 0.00>


============================================================
+ Verbose Summary: Binding
============================================================
STG Binding: 
---------------- STG Properties BEGIN ----------------
- Is combinational: 0
- Is one-state seq: 0
- Is datapath-only: 0
- Is pipelined: 0
- Is top level: 0
Port [ Return ] is wired: 1; IO mode=ap_ctrl_hs:ce=0
Port [ rotated_k_words]:  wired=1; compound=1; hidden=0; nouse=0; global=0; static=0; extern=0; dir=1; type=1; pingpong=0; private_global=0; MemPort=[0]; IO mode=ap_memory:ce=0
Port [ query]:  wired=1; compound=1; hidden=0; nouse=0; global=0; static=0; extern=0; dir=1; type=1; pingpong=0; private_global=0; MemPort=[0]; IO mode=ap_memory:ce=0
Port [ query_2]:  wired=1; compound=1; hidden=0; nouse=0; global=0; static=0; extern=0; dir=1; type=1; pingpong=0; private_global=0; MemPort=[0]; IO mode=ap_memory:ce=0
Port [ query_4]:  wired=1; compound=1; hidden=0; nouse=0; global=0; static=0; extern=0; dir=1; type=1; pingpong=0; private_global=0; MemPort=[0]; IO mode=ap_memory:ce=0
Port [ query_6]:  wired=1; compound=1; hidden=0; nouse=0; global=0; static=0; extern=0; dir=1; type=1; pingpong=0; private_global=0; MemPort=[0]; IO mode=ap_memory:ce=0
Port [ query_8]:  wired=1; compound=1; hidden=0; nouse=0; global=0; static=0; extern=0; dir=1; type=1; pingpong=0; private_global=0; MemPort=[0]; IO mode=ap_memory:ce=0
Port [ query_10]:  wired=1; compound=1; hidden=0; nouse=0; global=0; static=0; extern=0; dir=1; type=1; pingpong=0; private_global=0; MemPort=[0]; IO mode=ap_memory:ce=0
Port [ query_12]:  wired=1; compound=1; hidden=0; nouse=0; global=0; static=0; extern=0; dir=1; type=1; pingpong=0; private_global=0; MemPort=[0]; IO mode=ap_memory:ce=0
Port [ query_14]:  wired=1; compound=1; hidden=0; nouse=0; global=0; static=0; extern=0; dir=1; type=1; pingpong=0; private_global=0; MemPort=[0]; IO mode=ap_memory:ce=0
Port [ query_1]:  wired=1; compound=1; hidden=0; nouse=0; global=0; static=0; extern=0; dir=1; type=1; pingpong=0; private_global=0; MemPort=[0]; IO mode=ap_memory:ce=0
Port [ query_3]:  wired=1; compound=1; hidden=0; nouse=0; global=0; static=0; extern=0; dir=1; type=1; pingpong=0; private_global=0; MemPort=[0]; IO mode=ap_memory:ce=0
Port [ query_5]:  wired=1; compound=1; hidden=0; nouse=0; global=0; static=0; extern=0; dir=1; type=1; pingpong=0; private_global=0; MemPort=[0]; IO mode=ap_memory:ce=0
Port [ query_7]:  wired=1; compound=1; hidden=0; nouse=0; global=0; static=0; extern=0; dir=1; type=1; pingpong=0; private_global=0; MemPort=[0]; IO mode=ap_memory:ce=0
Port [ query_9]:  wired=1; compound=1; hidden=0; nouse=0; global=0; static=0; extern=0; dir=1; type=1; pingpong=0; private_global=0; MemPort=[0]; IO mode=ap_memory:ce=0
Port [ query_11]:  wired=1; compound=1; hidden=0; nouse=0; global=0; static=0; extern=0; dir=1; type=1; pingpong=0; private_global=0; MemPort=[0]; IO mode=ap_memory:ce=0
Port [ query_13]:  wired=1; compound=1; hidden=0; nouse=0; global=0; static=0; extern=0; dir=1; type=1; pingpong=0; private_global=0; MemPort=[0]; IO mode=ap_memory:ce=0
Port [ query_15]:  wired=1; compound=1; hidden=0; nouse=0; global=0; static=0; extern=0; dir=1; type=1; pingpong=0; private_global=0; MemPort=[0]; IO mode=ap_memory:ce=0
Port [ local_cosine]:  wired=1; compound=1; hidden=0; nouse=0; global=0; static=0; extern=0; dir=0; type=1; pingpong=0; private_global=0; MemPort=[1]; IO mode=ap_memory:ce=0
Port [ local_sine]:  wired=1; compound=1; hidden=0; nouse=0; global=0; static=0; extern=0; dir=0; type=1; pingpong=0; private_global=0; MemPort=[1]; IO mode=ap_memory:ce=0
Port [ q_words]:  wired=1; compound=1; hidden=0; nouse=0; global=0; static=0; extern=0; dir=0; type=1; pingpong=0; private_global=0; MemPort=[1]; IO mode=ap_memory:ce=0
Port [ k_words]:  wired=1; compound=1; hidden=0; nouse=0; global=0; static=0; extern=0; dir=0; type=1; pingpong=0; private_global=0; MemPort=[1]; IO mode=ap_memory:ce=0
---------------- STG Properties END ------------------

---------------- Datapath Model BEGIN ----------------

<LifeTime>
<method=bitvector/>
rotated_k_word        (alloca           ) [ 0111111111]
cosine                (alloca           ) [ 0110000000]
sine                  (alloca           ) [ 0110000000]
phase                 (alloca           ) [ 0100000000]
word                  (alloca           ) [ 0100000000]
indvar_flatten        (alloca           ) [ 0100000000]
q_shift_1             (alloca           ) [ 0110000000]
k_shift_1             (alloca           ) [ 0110000000]
specmemcore_ln0       (specmemcore      ) [ 0000000000]
specmemcore_ln0       (specmemcore      ) [ 0000000000]
specmemcore_ln0       (specmemcore      ) [ 0000000000]
specmemcore_ln0       (specmemcore      ) [ 0000000000]
specmemcore_ln0       (specmemcore      ) [ 0000000000]
specmemcore_ln0       (specmemcore      ) [ 0000000000]
specmemcore_ln0       (specmemcore      ) [ 0000000000]
specmemcore_ln0       (specmemcore      ) [ 0000000000]
specmemcore_ln0       (specmemcore      ) [ 0000000000]
specmemcore_ln0       (specmemcore      ) [ 0000000000]
specmemcore_ln0       (specmemcore      ) [ 0000000000]
specmemcore_ln0       (specmemcore      ) [ 0000000000]
specmemcore_ln0       (specmemcore      ) [ 0000000000]
specmemcore_ln0       (specmemcore      ) [ 0000000000]
specmemcore_ln0       (specmemcore      ) [ 0000000000]
specmemcore_ln0       (specmemcore      ) [ 0000000000]
specmemcore_ln0       (specmemcore      ) [ 0000000000]
specmemcore_ln0       (specmemcore      ) [ 0000000000]
specmemcore_ln0       (specmemcore      ) [ 0000000000]
specmemcore_ln0       (specmemcore      ) [ 0000000000]
specmemcore_ln0       (specmemcore      ) [ 0000000000]
store_ln0             (store            ) [ 0000000000]
store_ln1889          (store            ) [ 0000000000]
store_ln1903          (store            ) [ 0000000000]
store_ln1896          (store            ) [ 0000000000]
store_ln1895          (store            ) [ 0000000000]
store_ln1894          (store            ) [ 0000000000]
br_ln0                (br               ) [ 0000000000]
first_iter_0          (phi              ) [ 0100000000]
indvar_flatten_load   (load             ) [ 0000000000]
icmp_ln1890           (icmp             ) [ 0111111111]
add_ln1890            (add              ) [ 0000000000]
br_ln1890             (br               ) [ 0000000000]
phase_load            (load             ) [ 0000000000]
word_load             (load             ) [ 0000000000]
icmp_ln1903           (icmp             ) [ 0111111110]
or_ln1889             (or               ) [ 0111111111]
select_ln1889         (select           ) [ 0000000000]
add_ln1891            (add              ) [ 0000000000]
select_ln1890         (select           ) [ 0000000000]
zext_ln1890           (zext             ) [ 0000000000]
q_words_addr          (getelementptr    ) [ 0110000000]
k_words_addr          (getelementptr    ) [ 0110000000]
empty                 (trunc            ) [ 0111111110]
rotate_k              (trunc            ) [ 0111111110]
tmp_s                 (partselect       ) [ 0000000000]
and_ln                (bitconcatenate   ) [ 0111111110]
lshr_ln               (bitconcatenate   ) [ 0000000000]
zext_ln1910           (zext             ) [ 0000000000]
local_cosine_addr     (getelementptr    ) [ 0110000000]
local_sine_addr       (getelementptr    ) [ 0110000000]
br_ln1929             (br               ) [ 0000000000]
switch_ln1930         (switch           ) [ 0000000000]
br_ln1931             (br               ) [ 0000000000]
br_ln1931             (br               ) [ 0000000000]
br_ln1931             (br               ) [ 0000000000]
br_ln1931             (br               ) [ 0000000000]
br_ln1931             (br               ) [ 0000000000]
br_ln1931             (br               ) [ 0000000000]
br_ln1931             (br               ) [ 0000000000]
br_ln1931             (br               ) [ 0000000000]
phase_5               (add              ) [ 0000000000]
icmp_ln1903_1         (icmp             ) [ 0111111111]
rotated_k_words_addr  (getelementptr    ) [ 0111111111]
br_ln1903             (br               ) [ 0000000000]
store_ln1890          (store            ) [ 0000000000]
store_ln1889          (store            ) [ 0000000000]
store_ln1903          (store            ) [ 0000000000]
br_ln1903             (br               ) [ 0100000000]
q_shift_2             (load             ) [ 0000000000]
k_shift_2             (load             ) [ 0000000000]
cosine_load           (load             ) [ 0000000000]
sine_load             (load             ) [ 0000000000]
select_ln1889_1       (select           ) [ 0000000000]
select_ln1889_2       (select           ) [ 0000000000]
br_ln1903             (br               ) [ 0000000000]
q_shift               (load             ) [ 0000000000]
k_shift               (load             ) [ 0000000000]
br_ln1903             (br               ) [ 0000000000]
q_shift2              (phi              ) [ 0000000000]
k_shift1              (phi              ) [ 0000000000]
input_1               (partselect       ) [ 0000000000]
cosine_3              (load             ) [ 0000000000]
sine_3                (load             ) [ 0000000000]
input_1_1             (partselect       ) [ 0000000000]
trunc_ln1903          (trunc            ) [ 0000000000]
trunc_ln1903_1        (trunc            ) [ 0000000000]
input_0               (select           ) [ 0101000000]
cosine_2              (select           ) [ 0101000000]
sine_2                (select           ) [ 0101000000]
input_1_3             (select           ) [ 0101000000]
q_shift_3             (partselect       ) [ 0000000000]
zext_ln1932           (zext             ) [ 0000000000]
store_ln1892          (store            ) [ 0000000000]
k_shift_3             (partselect       ) [ 0000000000]
zext_ln1942           (zext             ) [ 0000000000]
store_ln1893          (store            ) [ 0000000000]
store_ln1896          (store            ) [ 0000000000]
store_ln1895          (store            ) [ 0000000000]
sext_ln45             (sext             ) [ 0100111000]
sext_ln45_1           (sext             ) [ 0100111000]
sext_ln46             (sext             ) [ 0100111000]
sext_ln46_1           (sext             ) [ 0100111000]
product_0             (mul              ) [ 0100000100]
specfucore_ln47       (specfucore       ) [ 0000000000]
product_1             (mul              ) [ 0100000100]
specfucore_ln48       (specfucore       ) [ 0000000000]
product_0_1           (mul              ) [ 0100000100]
trunc_ln47            (trunc            ) [ 0100000100]
specfucore_ln47       (specfucore       ) [ 0000000000]
product_1_1           (mul              ) [ 0100000100]
trunc_ln48            (trunc            ) [ 0100000100]
specfucore_ln48       (specfucore       ) [ 0000000000]
combined              (sub              ) [ 0000000000]
trunc_ln              (partselect       ) [ 0000000000]
tmp                   (partselect       ) [ 0000000000]
icmp_ln61             (icmp             ) [ 0000000000]
icmp_ln64             (icmp             ) [ 0000000000]
trunc_ln1             (partselect       ) [ 0000000000]
select_ln61           (select           ) [ 0000000000]
or_ln61               (or               ) [ 0000000000]
rotated_0             (select           ) [ 0100000010]
sext_ln53             (sext             ) [ 0000000000]
sext_ln54             (sext             ) [ 0000000000]
add_ln50              (add              ) [ 0000000000]
combined_1            (add              ) [ 0000000000]
shifted               (partselect       ) [ 0000000000]
tmp_118               (partselect       ) [ 0000000000]
icmp_ln61_1           (icmp             ) [ 0000000000]
icmp_ln64_1           (icmp             ) [ 0000000000]
trunc_ln67_1          (partselect       ) [ 0000000000]
select_ln61_2         (select           ) [ 0000000000]
or_ln61_1             (or               ) [ 0000000000]
rotated_1             (select           ) [ 0100000010]
rotated_k_word_load   (load             ) [ 0000000000]
specloopname_ln0      (specloopname     ) [ 0000000000]
speclooptripcount_ln0 (speclooptripcount) [ 0000000000]
select_ln1889_3       (select           ) [ 0000000000]
zext_ln1908           (zext             ) [ 0000000000]
query_addr            (getelementptr    ) [ 0000000000]
query_2_addr          (getelementptr    ) [ 0000000000]
query_4_addr          (getelementptr    ) [ 0000000000]
query_6_addr          (getelementptr    ) [ 0000000000]
query_8_addr          (getelementptr    ) [ 0000000000]
query_10_addr         (getelementptr    ) [ 0000000000]
query_12_addr         (getelementptr    ) [ 0000000000]
query_14_addr         (getelementptr    ) [ 0000000000]
query_1_addr          (getelementptr    ) [ 0000000000]
query_3_addr          (getelementptr    ) [ 0000000000]
query_5_addr          (getelementptr    ) [ 0000000000]
query_7_addr          (getelementptr    ) [ 0000000000]
query_9_addr          (getelementptr    ) [ 0000000000]
query_11_addr         (getelementptr    ) [ 0000000000]
query_13_addr         (getelementptr    ) [ 0000000000]
query_15_addr         (getelementptr    ) [ 0000000000]
specpipeline_ln1904   (specpipeline     ) [ 0000000000]
rbegin8               (specregionbegin  ) [ 0000000000]
rend9                 (specregionend    ) [ 0000000000]
rbegin6               (specregionbegin  ) [ 0000000000]
rend7                 (specregionend    ) [ 0000000000]
rbegin4               (specregionbegin  ) [ 0000000000]
rend5                 (specregionend    ) [ 0000000000]
rbegin                (specregionbegin  ) [ 0000000000]
rend                  (specregionend    ) [ 0000000000]
store_ln1930          (store            ) [ 0000000000]
store_ln1931          (store            ) [ 0000000000]
store_ln1930          (store            ) [ 0000000000]
store_ln1931          (store            ) [ 0000000000]
store_ln1930          (store            ) [ 0000000000]
store_ln1931          (store            ) [ 0000000000]
store_ln1930          (store            ) [ 0000000000]
store_ln1931          (store            ) [ 0000000000]
store_ln1930          (store            ) [ 0000000000]
store_ln1931          (store            ) [ 0000000000]
store_ln1930          (store            ) [ 0000000000]
store_ln1931          (store            ) [ 0000000000]
store_ln1930          (store            ) [ 0000000000]
store_ln1931          (store            ) [ 0000000000]
store_ln1930          (store            ) [ 0000000000]
store_ln1931          (store            ) [ 0000000000]
store_ln1894          (store            ) [ 0000000000]
br_ln1933             (br               ) [ 0000000000]
rotated_k_word_2      (partselect       ) [ 0000000000]
rotated_k_word_1      (bitconcatenate   ) [ 0000000000]
store_ln1894          (store            ) [ 0000000000]
br_ln0                (br               ) [ 0000000000]
rotated_k_word_load_1 (load             ) [ 0000000000]
store_ln1945          (store            ) [ 0000000000]
br_ln1903             (br               ) [ 0000000000]
ret_ln0               (ret              ) [ 0000000000]
</LifeTime>

<model>

<comp_list>
<comp id="0" class="1000" name="rotated_k_words">
<pin_list>
<pin id="1" dir="1" index="0" bw="1" slack="0"/>
</pin_list>
<bind>
<StgValue><ssdm name="rotated_k_words"/><MemPortTyVec>0 </MemPortTyVec>
</StgValue>
</bind>
</comp>

<comp id="2" class="1000" name="query">
<pin_list>
<pin id="3" dir="1" index="0" bw="1" slack="0"/>
</pin_list>
<bind>
<StgValue><ssdm name="query"/><MemPortTyVec>0 </MemPortTyVec>
</StgValue>
</bind>
</comp>

<comp id="4" class="1000" name="query_2">
<pin_list>
<pin id="5" dir="1" index="0" bw="1" slack="0"/>
</pin_list>
<bind>
<StgValue><ssdm name="query_2"/><MemPortTyVec>0 </MemPortTyVec>
</StgValue>
</bind>
</comp>

<comp id="6" class="1000" name="query_4">
<pin_list>
<pin id="7" dir="1" index="0" bw="1" slack="0"/>
</pin_list>
<bind>
<StgValue><ssdm name="query_4"/><MemPortTyVec>0 </MemPortTyVec>
</StgValue>
</bind>
</comp>

<comp id="8" class="1000" name="query_6">
<pin_list>
<pin id="9" dir="1" index="0" bw="1" slack="0"/>
</pin_list>
<bind>
<StgValue><ssdm name="query_6"/><MemPortTyVec>0 </MemPortTyVec>
</StgValue>
</bind>
</comp>

<comp id="10" class="1000" name="query_8">
<pin_list>
<pin id="11" dir="1" index="0" bw="1" slack="0"/>
</pin_list>
<bind>
<StgValue><ssdm name="query_8"/><MemPortTyVec>0 </MemPortTyVec>
</StgValue>
</bind>
</comp>

<comp id="12" class="1000" name="query_10">
<pin_list>
<pin id="13" dir="1" index="0" bw="1" slack="0"/>
</pin_list>
<bind>
<StgValue><ssdm name="query_10"/><MemPortTyVec>0 </MemPortTyVec>
</StgValue>
</bind>
</comp>

<comp id="14" class="1000" name="query_12">
<pin_list>
<pin id="15" dir="1" index="0" bw="1" slack="0"/>
</pin_list>
<bind>
<StgValue><ssdm name="query_12"/><MemPortTyVec>0 </MemPortTyVec>
</StgValue>
</bind>
</comp>

<comp id="16" class="1000" name="query_14">
<pin_list>
<pin id="17" dir="1" index="0" bw="1" slack="0"/>
</pin_list>
<bind>
<StgValue><ssdm name="query_14"/><MemPortTyVec>0 </MemPortTyVec>
</StgValue>
</bind>
</comp>

<comp id="18" class="1000" name="query_1">
<pin_list>
<pin id="19" dir="1" index="0" bw="1" slack="0"/>
</pin_list>
<bind>
<StgValue><ssdm name="query_1"/><MemPortTyVec>0 </MemPortTyVec>
</StgValue>
</bind>
</comp>

<comp id="20" class="1000" name="query_3">
<pin_list>
<pin id="21" dir="1" index="0" bw="1" slack="0"/>
</pin_list>
<bind>
<StgValue><ssdm name="query_3"/><MemPortTyVec>0 </MemPortTyVec>
</StgValue>
</bind>
</comp>

<comp id="22" class="1000" name="query_5">
<pin_list>
<pin id="23" dir="1" index="0" bw="1" slack="0"/>
</pin_list>
<bind>
<StgValue><ssdm name="query_5"/><MemPortTyVec>0 </MemPortTyVec>
</StgValue>
</bind>
</comp>

<comp id="24" class="1000" name="query_7">
<pin_list>
<pin id="25" dir="1" index="0" bw="1" slack="0"/>
</pin_list>
<bind>
<StgValue><ssdm name="query_7"/><MemPortTyVec>0 </MemPortTyVec>
</StgValue>
</bind>
</comp>

<comp id="26" class="1000" name="query_9">
<pin_list>
<pin id="27" dir="1" index="0" bw="1" slack="0"/>
</pin_list>
<bind>
<StgValue><ssdm name="query_9"/><MemPortTyVec>0 </MemPortTyVec>
</StgValue>
</bind>
</comp>

<comp id="28" class="1000" name="query_11">
<pin_list>
<pin id="29" dir="1" index="0" bw="1" slack="0"/>
</pin_list>
<bind>
<StgValue><ssdm name="query_11"/><MemPortTyVec>0 </MemPortTyVec>
</StgValue>
</bind>
</comp>

<comp id="30" class="1000" name="query_13">
<pin_list>
<pin id="31" dir="1" index="0" bw="1" slack="0"/>
</pin_list>
<bind>
<StgValue><ssdm name="query_13"/><MemPortTyVec>0 </MemPortTyVec>
</StgValue>
</bind>
</comp>

<comp id="32" class="1000" name="query_15">
<pin_list>
<pin id="33" dir="1" index="0" bw="1" slack="0"/>
</pin_list>
<bind>
<StgValue><ssdm name="query_15"/><MemPortTyVec>0 </MemPortTyVec>
</StgValue>
</bind>
</comp>

<comp id="34" class="1000" name="local_cosine">
<pin_list>
<pin id="35" dir="1" index="0" bw="1" slack="0"/>
</pin_list>
<bind>
<StgValue><ssdm name="local_cosine"/><MemPortTyVec>1 </MemPortTyVec>
</StgValue>
</bind>
</comp>

<comp id="36" class="1000" name="local_sine">
<pin_list>
<pin id="37" dir="1" index="0" bw="1" slack="0"/>
</pin_list>
<bind>
<StgValue><ssdm name="local_sine"/><MemPortTyVec>1 </MemPortTyVec>
</StgValue>
</bind>
</comp>

<comp id="38" class="1000" name="q_words">
<pin_list>
<pin id="39" dir="1" index="0" bw="1" slack="0"/>
</pin_list>
<bind>
<StgValue><ssdm name="q_words"/><MemPortTyVec>1 </MemPortTyVec>
</StgValue>
</bind>
</comp>

<comp id="40" class="1000" name="k_words">
<pin_list>
<pin id="41" dir="1" index="0" bw="1" slack="0"/>
</pin_list>
<bind>
<StgValue><ssdm name="k_words"/><MemPortTyVec>1 </MemPortTyVec>
</StgValue>
</bind>
</comp>

<comp id="42" class="1001" name="const_42">
<pin_list>
<pin id="43" dir="1" index="0" bw="1" slack="0"/>
</pin_list>
<bind>
<StgValue><ssdm name=""/></StgValue>
</bind>
</comp>

<comp id="44" class="1001" name="const_44">
<pin_list>
<pin id="45" dir="1" index="0" bw="1" slack="2147483647"/>
</pin_list>
<bind>
<StgValue><ssdm name="_ssdm_op_SpecMemCore"/></StgValue>
</bind>
</comp>

<comp id="46" class="1001" name="const_46">
<pin_list>
<pin id="47" dir="1" index="0" bw="1" slack="2147483647"/>
</pin_list>
<bind>
<StgValue><ssdm name=""/></StgValue>
</bind>
</comp>

<comp id="48" class="1001" name="const_48">
<pin_list>
<pin id="49" dir="1" index="0" bw="1" slack="2147483647"/>
</pin_list>
<bind>
<StgValue><ssdm name=""/></StgValue>
</bind>
</comp>

<comp id="50" class="1001" name="const_50">
<pin_list>
<pin id="51" dir="1" index="0" bw="1" slack="2147483647"/>
</pin_list>
<bind>
<StgValue><ssdm name=""/></StgValue>
</bind>
</comp>

<comp id="52" class="1001" name="const_52">
<pin_list>
<pin id="53" dir="1" index="0" bw="1" slack="2147483647"/>
</pin_list>
<bind>
<StgValue><ssdm name=""/></StgValue>
</bind>
</comp>

<comp id="54" class="1001" name="const_54">
<pin_list>
<pin id="55" dir="1" index="0" bw="1" slack="2147483647"/>
</pin_list>
<bind>
<StgValue><ssdm name=""/></StgValue>
</bind>
</comp>

<comp id="56" class="1001" name="const_56">
<pin_list>
<pin id="57" dir="1" index="0" bw="1" slack="0"/>
</pin_list>
<bind>
<StgValue><ssdm name=""/></StgValue>
</bind>
</comp>

<comp id="58" class="1001" name="const_58">
<pin_list>
<pin id="59" dir="1" index="0" bw="1" slack="0"/>
</pin_list>
<bind>
<StgValue><ssdm name=""/></StgValue>
</bind>
</comp>

<comp id="60" class="1001" name="const_60">
<pin_list>
<pin id="61" dir="1" index="0" bw="1" slack="0"/>
</pin_list>
<bind>
<StgValue><ssdm name=""/></StgValue>
</bind>
</comp>

<comp id="62" class="1001" name="const_62">
<pin_list>
<pin id="63" dir="1" index="0" bw="1" slack="0"/>
</pin_list>
<bind>
<StgValue><ssdm name=""/></StgValue>
</bind>
</comp>

<comp id="64" class="1001" name="const_64">
<pin_list>
<pin id="65" dir="1" index="0" bw="1" slack="0"/>
</pin_list>
<bind>
<StgValue><ssdm name=""/></StgValue>
</bind>
</comp>

<comp id="66" class="1001" name="const_66">
<pin_list>
<pin id="67" dir="1" index="0" bw="1" slack="0"/>
</pin_list>
<bind>
<StgValue><ssdm name=""/></StgValue>
</bind>
</comp>

<comp id="68" class="1001" name="const_68">
<pin_list>
<pin id="69" dir="1" index="0" bw="1" slack="0"/>
</pin_list>
<bind>
<StgValue><ssdm name=""/></StgValue>
</bind>
</comp>

<comp id="70" class="1001" name="const_70">
<pin_list>
<pin id="71" dir="1" index="0" bw="1" slack="0"/>
</pin_list>
<bind>
<StgValue><ssdm name=""/></StgValue>
</bind>
</comp>

<comp id="72" class="1001" name="const_72">
<pin_list>
<pin id="73" dir="1" index="0" bw="1" slack="0"/>
</pin_list>
<bind>
<StgValue><ssdm name=""/></StgValue>
</bind>
</comp>

<comp id="74" class="1001" name="const_74">
<pin_list>
<pin id="75" dir="1" index="0" bw="1" slack="0"/>
</pin_list>
<bind>
<StgValue><ssdm name=""/></StgValue>
</bind>
</comp>

<comp id="76" class="1001" name="const_76">
<pin_list>
<pin id="77" dir="1" index="0" bw="1" slack="0"/>
</pin_list>
<bind>
<StgValue><ssdm name=""/></StgValue>
</bind>
</comp>

<comp id="78" class="1001" name="const_78">
<pin_list>
<pin id="79" dir="1" index="0" bw="1" slack="0"/>
</pin_list>
<bind>
<StgValue><ssdm name=""/></StgValue>
</bind>
</comp>

<comp id="80" class="1001" name="const_80">
<pin_list>
<pin id="81" dir="1" index="0" bw="1" slack="0"/>
</pin_list>
<bind>
<StgValue><ssdm name="_ssdm_op_PartSelect.i3.i5.i32.i32"/></StgValue>
</bind>
</comp>

<comp id="82" class="1001" name="const_82">
<pin_list>
<pin id="83" dir="1" index="0" bw="1" slack="0"/>
</pin_list>
<bind>
<StgValue><ssdm name=""/></StgValue>
</bind>
</comp>

<comp id="84" class="1001" name="const_84">
<pin_list>
<pin id="85" dir="1" index="0" bw="1" slack="0"/>
</pin_list>
<bind>
<StgValue><ssdm name="_ssdm_op_BitConcatenate.i4.i3.i1"/></StgValue>
</bind>
</comp>

<comp id="86" class="1001" name="const_86">
<pin_list>
<pin id="87" dir="1" index="0" bw="1" slack="0"/>
</pin_list>
<bind>
<StgValue><ssdm name="_ssdm_op_BitConcatenate.i6.i3.i3"/></StgValue>
</bind>
</comp>

<comp id="88" class="1001" name="const_88">
<pin_list>
<pin id="89" dir="1" index="0" bw="1" slack="2147483647"/>
</pin_list>
<bind>
<StgValue><ssdm name=""/></StgValue>
</bind>
</comp>

<comp id="90" class="1001" name="const_90">
<pin_list>
<pin id="91" dir="1" index="0" bw="1" slack="2147483647"/>
</pin_list>
<bind>
<StgValue><ssdm name=""/></StgValue>
</bind>
</comp>

<comp id="92" class="1001" name="const_92">
<pin_list>
<pin id="93" dir="1" index="0" bw="1" slack="2147483647"/>
</pin_list>
<bind>
<StgValue><ssdm name=""/></StgValue>
</bind>
</comp>

<comp id="94" class="1001" name="const_94">
<pin_list>
<pin id="95" dir="1" index="0" bw="1" slack="2147483647"/>
</pin_list>
<bind>
<StgValue><ssdm name=""/></StgValue>
</bind>
</comp>

<comp id="96" class="1001" name="const_96">
<pin_list>
<pin id="97" dir="1" index="0" bw="1" slack="2147483647"/>
</pin_list>
<bind>
<StgValue><ssdm name=""/></StgValue>
</bind>
</comp>

<comp id="98" class="1001" name="const_98">
<pin_list>
<pin id="99" dir="1" index="0" bw="1" slack="2147483647"/>
</pin_list>
<bind>
<StgValue><ssdm name=""/></StgValue>
</bind>
</comp>

<comp id="100" class="1001" name="const_100">
<pin_list>
<pin id="101" dir="1" index="0" bw="1" slack="0"/>
</pin_list>
<bind>
<StgValue><ssdm name=""/></StgValue>
</bind>
</comp>

<comp id="102" class="1001" name="const_102">
<pin_list>
<pin id="103" dir="1" index="0" bw="1" slack="0"/>
</pin_list>
<bind>
<StgValue><ssdm name="_ssdm_op_PartSelect.i32.i512.i32.i32"/></StgValue>
</bind>
</comp>

<comp id="104" class="1001" name="const_104">
<pin_list>
<pin id="105" dir="1" index="0" bw="1" slack="0"/>
</pin_list>
<bind>
<StgValue><ssdm name=""/></StgValue>
</bind>
</comp>

<comp id="106" class="1001" name="const_106">
<pin_list>
<pin id="107" dir="1" index="0" bw="1" slack="0"/>
</pin_list>
<bind>
<StgValue><ssdm name=""/></StgValue>
</bind>
</comp>

<comp id="108" class="1001" name="const_108">
<pin_list>
<pin id="109" dir="1" index="0" bw="1" slack="0"/>
</pin_list>
<bind>
<StgValue><ssdm name="_ssdm_op_PartSelect.i448.i512.i32.i32"/></StgValue>
</bind>
</comp>

<comp id="110" class="1001" name="const_110">
<pin_list>
<pin id="111" dir="1" index="0" bw="1" slack="0"/>
</pin_list>
<bind>
<StgValue><ssdm name=""/></StgValue>
</bind>
</comp>

<comp id="112" class="1001" name="const_112">
<pin_list>
<pin id="113" dir="1" index="0" bw="1" slack="0"/>
</pin_list>
<bind>
<StgValue><ssdm name=""/></StgValue>
</bind>
</comp>

<comp id="114" class="1001" name="const_114">
<pin_list>
<pin id="115" dir="1" index="0" bw="1" slack="2147483647"/>
</pin_list>
<bind>
<StgValue><ssdm name="_ssdm_op_SpecFUCore"/></StgValue>
</bind>
</comp>

<comp id="116" class="1001" name="const_116">
<pin_list>
<pin id="117" dir="1" index="0" bw="1" slack="2147483647"/>
</pin_list>
<bind>
<StgValue><ssdm name=""/></StgValue>
</bind>
</comp>

<comp id="118" class="1001" name="const_118">
<pin_list>
<pin id="119" dir="1" index="0" bw="1" slack="2147483647"/>
</pin_list>
<bind>
<StgValue><ssdm name=""/></StgValue>
</bind>
</comp>

<comp id="120" class="1001" name="const_120">
<pin_list>
<pin id="121" dir="1" index="0" bw="1" slack="0"/>
</pin_list>
<bind>
<StgValue><ssdm name="_ssdm_op_PartSelect.i34.i51.i32.i32"/></StgValue>
</bind>
</comp>

<comp id="122" class="1001" name="const_122">
<pin_list>
<pin id="123" dir="1" index="0" bw="1" slack="0"/>
</pin_list>
<bind>
<StgValue><ssdm name=""/></StgValue>
</bind>
</comp>

<comp id="124" class="1001" name="const_124">
<pin_list>
<pin id="125" dir="1" index="0" bw="1" slack="0"/>
</pin_list>
<bind>
<StgValue><ssdm name=""/></StgValue>
</bind>
</comp>

<comp id="126" class="1001" name="const_126">
<pin_list>
<pin id="127" dir="1" index="0" bw="1" slack="0"/>
</pin_list>
<bind>
<StgValue><ssdm name="_ssdm_op_PartSelect.i3.i51.i32.i32"/></StgValue>
</bind>
</comp>

<comp id="128" class="1001" name="const_128">
<pin_list>
<pin id="129" dir="1" index="0" bw="1" slack="0"/>
</pin_list>
<bind>
<StgValue><ssdm name=""/></StgValue>
</bind>
</comp>

<comp id="130" class="1001" name="const_130">
<pin_list>
<pin id="131" dir="1" index="0" bw="1" slack="0"/>
</pin_list>
<bind>
<StgValue><ssdm name=""/></StgValue>
</bind>
</comp>

<comp id="132" class="1001" name="const_132">
<pin_list>
<pin id="133" dir="1" index="0" bw="1" slack="0"/>
</pin_list>
<bind>
<StgValue><ssdm name=""/></StgValue>
</bind>
</comp>

<comp id="134" class="1001" name="const_134">
<pin_list>
<pin id="135" dir="1" index="0" bw="1" slack="0"/>
</pin_list>
<bind>
<StgValue><ssdm name="_ssdm_op_PartSelect.i32.i51.i32.i32"/></StgValue>
</bind>
</comp>

<comp id="136" class="1001" name="const_136">
<pin_list>
<pin id="137" dir="1" index="0" bw="1" slack="0"/>
</pin_list>
<bind>
<StgValue><ssdm name=""/></StgValue>
</bind>
</comp>

<comp id="138" class="1001" name="const_138">
<pin_list>
<pin id="139" dir="1" index="0" bw="1" slack="0"/>
</pin_list>
<bind>
<StgValue><ssdm name=""/></StgValue>
</bind>
</comp>

<comp id="140" class="1001" name="const_140">
<pin_list>
<pin id="141" dir="1" index="0" bw="1" slack="0"/>
</pin_list>
<bind>
<StgValue><ssdm name="_ssdm_op_PartSelect.i35.i52.i32.i32"/></StgValue>
</bind>
</comp>

<comp id="142" class="1001" name="const_142">
<pin_list>
<pin id="143" dir="1" index="0" bw="1" slack="0"/>
</pin_list>
<bind>
<StgValue><ssdm name=""/></StgValue>
</bind>
</comp>

<comp id="144" class="1001" name="const_144">
<pin_list>
<pin id="145" dir="1" index="0" bw="1" slack="0"/>
</pin_list>
<bind>
<StgValue><ssdm name="_ssdm_op_PartSelect.i4.i52.i32.i32"/></StgValue>
</bind>
</comp>

<comp id="146" class="1001" name="const_146">
<pin_list>
<pin id="147" dir="1" index="0" bw="1" slack="0"/>
</pin_list>
<bind>
<StgValue><ssdm name=""/></StgValue>
</bind>
</comp>

<comp id="148" class="1001" name="const_148">
<pin_list>
<pin id="149" dir="1" index="0" bw="1" slack="0"/>
</pin_list>
<bind>
<StgValue><ssdm name="_ssdm_op_PartSelect.i32.i49.i32.i32"/></StgValue>
</bind>
</comp>

<comp id="150" class="1001" name="const_150">
<pin_list>
<pin id="151" dir="1" index="0" bw="1" slack="2147483647"/>
</pin_list>
<bind>
<StgValue><ssdm name="_ssdm_op_SpecLoopName"/></StgValue>
</bind>
</comp>

<comp id="152" class="1001" name="const_152">
<pin_list>
<pin id="153" dir="1" index="0" bw="1" slack="2147483647"/>
</pin_list>
<bind>
<StgValue><ssdm name="pe_rope_word_loop_pe_rope_pair_phase_loop_str"/></StgValue>
</bind>
</comp>

<comp id="154" class="1001" name="const_154">
<pin_list>
<pin id="155" dir="1" index="0" bw="1" slack="2147483647"/>
</pin_list>
<bind>
<StgValue><ssdm name="_ssdm_op_SpecLoopTripCount"/></StgValue>
</bind>
</comp>

<comp id="156" class="1001" name="const_156">
<pin_list>
<pin id="157" dir="1" index="0" bw="1" slack="2147483647"/>
</pin_list>
<bind>
<StgValue><ssdm name=""/></StgValue>
</bind>
</comp>

<comp id="158" class="1001" name="const_158">
<pin_list>
<pin id="159" dir="1" index="0" bw="1" slack="2147483647"/>
</pin_list>
<bind>
<StgValue><ssdm name="_ssdm_op_SpecPipeline"/></StgValue>
</bind>
</comp>

<comp id="160" class="1001" name="const_160">
<pin_list>
<pin id="161" dir="1" index="0" bw="1" slack="2147483647"/>
</pin_list>
<bind>
<StgValue><ssdm name=""/></StgValue>
</bind>
</comp>

<comp id="162" class="1001" name="const_162">
<pin_list>
<pin id="163" dir="1" index="0" bw="1" slack="2147483647"/>
</pin_list>
<bind>
<StgValue><ssdm name="empty_418"/></StgValue>
</bind>
</comp>

<comp id="164" class="1001" name="const_164">
<pin_list>
<pin id="165" dir="1" index="0" bw="1" slack="2147483647"/>
</pin_list>
<bind>
<StgValue><ssdm name="_ssdm_op_SpecRegionBegin"/></StgValue>
</bind>
</comp>

<comp id="166" class="1001" name="const_166">
<pin_list>
<pin id="167" dir="1" index="0" bw="1" slack="2147483647"/>
</pin_list>
<bind>
<StgValue><ssdm name="empty_399"/></StgValue>
</bind>
</comp>

<comp id="168" class="1001" name="const_168">
<pin_list>
<pin id="169" dir="1" index="0" bw="1" slack="2147483647"/>
</pin_list>
<bind>
<StgValue><ssdm name="_ssdm_op_SpecRegionEnd"/></StgValue>
</bind>
</comp>

<comp id="170" class="1001" name="const_170">
<pin_list>
<pin id="171" dir="1" index="0" bw="1" slack="2147483647"/>
</pin_list>
<bind>
<StgValue><ssdm name="empty_398"/></StgValue>
</bind>
</comp>

<comp id="172" class="1001" name="const_172">
<pin_list>
<pin id="173" dir="1" index="0" bw="1" slack="2147483647"/>
</pin_list>
<bind>
<StgValue><ssdm name="empty_397"/></StgValue>
</bind>
</comp>

<comp id="174" class="1001" name="const_174">
<pin_list>
<pin id="175" dir="1" index="0" bw="1" slack="2147483647"/>
</pin_list>
<bind>
<StgValue><ssdm name="empty_396"/></StgValue>
</bind>
</comp>

<comp id="176" class="1001" name="const_176">
<pin_list>
<pin id="177" dir="1" index="0" bw="1" slack="0"/>
</pin_list>
<bind>
<StgValue><ssdm name="_ssdm_op_BitConcatenate.i512.i32.i32.i448"/></StgValue>
</bind>
</comp>

<comp id="178" class="1004" name="rotated_k_word_fu_178">
<pin_list>
<pin id="179" dir="0" index="0" bw="1" slack="0"/>
<pin id="180" dir="1" index="1" bw="512" slack="0"/>
</pin_list>
<bind>
<opcode="alloca(26) " fcode="alloca"/>
<opset="rotated_k_word/1 "/>
</bind>
</comp>

<comp id="182" class="1004" name="cosine_fu_182">
<pin_list>
<pin id="183" dir="0" index="0" bw="1" slack="0"/>
<pin id="184" dir="1" index="1" bw="19" slack="0"/>
</pin_list>
<bind>
<opcode="alloca(26) " fcode="alloca"/>
<opset="cosine/1 "/>
</bind>
</comp>

<comp id="186" class="1004" name="sine_fu_186">
<pin_list>
<pin id="187" dir="0" index="0" bw="1" slack="0"/>
<pin id="188" dir="1" index="1" bw="19" slack="0"/>
</pin_list>
<bind>
<opcode="alloca(26) " fcode="alloca"/>
<opset="sine/1 "/>
</bind>
</comp>

<comp id="190" class="1004" name="phase_fu_190">
<pin_list>
<pin id="191" dir="0" index="0" bw="1" slack="0"/>
<pin id="192" dir="1" index="1" bw="5" slack="0"/>
</pin_list>
<bind>
<opcode="alloca(26) " fcode="alloca"/>
<opset="phase/1 "/>
</bind>
</comp>

<comp id="194" class="1004" name="word_fu_194">
<pin_list>
<pin id="195" dir="0" index="0" bw="1" slack="0"/>
<pin id="196" dir="1" index="1" bw="4" slack="0"/>
</pin_list>
<bind>
<opcode="alloca(26) " fcode="alloca"/>
<opset="word/1 "/>
</bind>
</comp>

<comp id="198" class="1004" name="indvar_flatten_fu_198">
<pin_list>
<pin id="199" dir="0" index="0" bw="1" slack="0"/>
<pin id="200" dir="1" index="1" bw="8" slack="0"/>
</pin_list>
<bind>
<opcode="alloca(26) " fcode="alloca"/>
<opset="indvar_flatten/1 "/>
</bind>
</comp>

<comp id="202" class="1004" name="q_shift_1_fu_202">
<pin_list>
<pin id="203" dir="0" index="0" bw="1" slack="0"/>
<pin id="204" dir="1" index="1" bw="512" slack="1"/>
</pin_list>
<bind>
<opcode="alloca(26) " fcode="alloca"/>
<opset="q_shift_1/1 "/>
</bind>
</comp>

<comp id="206" class="1004" name="k_shift_1_fu_206">
<pin_list>
<pin id="207" dir="0" index="0" bw="1" slack="0"/>
<pin id="208" dir="1" index="1" bw="512" slack="1"/>
</pin_list>
<bind>
<opcode="alloca(26) " fcode="alloca"/>
<opset="k_shift_1/1 "/>
</bind>
</comp>

<comp id="210" class="1004" name="q_words_addr_gep_fu_210">
<pin_list>
<pin id="211" dir="0" index="0" bw="512" slack="0"/>
<pin id="212" dir="0" index="1" bw="1" slack="0"/>
<pin id="213" dir="0" index="2" bw="4" slack="0"/>
<pin id="214" dir="1" index="3" bw="3" slack="0"/>
</pin_list>
<bind>
<opcode="getelementptr(29) " fcode="getelementptr"/>
<opset="q_words_addr/1 "/>
</bind>
</comp>

<comp id="217" class="1004" name="k_words_addr_gep_fu_217">
<pin_list>
<pin id="218" dir="0" index="0" bw="512" slack="0"/>
<pin id="219" dir="0" index="1" bw="1" slack="0"/>
<pin id="220" dir="0" index="2" bw="4" slack="0"/>
<pin id="221" dir="1" index="3" bw="3" slack="0"/>
</pin_list>
<bind>
<opcode="getelementptr(29) " fcode="getelementptr"/>
<opset="k_words_addr/1 "/>
</bind>
</comp>

<comp id="224" class="1004" name="grp_access_fu_224">
<pin_list>
<pin id="225" dir="0" index="0" bw="3" slack="0"/>
<pin id="226" dir="0" index="1" bw="512" slack="2147483647"/>
<pin id="227" dir="0" index="2" bw="0" slack="2147483647"/>
<pin id="228" dir="1" index="3" bw="512" slack="0"/>
</pin_list>
<bind>
<opcode="load(27) " fcode="load"/>
<opset="q_shift/1 "/>
</bind>
</comp>

<comp id="230" class="1004" name="grp_access_fu_230">
<pin_list>
<pin id="231" dir="0" index="0" bw="3" slack="0"/>
<pin id="232" dir="0" index="1" bw="512" slack="2147483647"/>
<pin id="233" dir="0" index="2" bw="0" slack="2147483647"/>
<pin id="234" dir="1" index="3" bw="512" slack="0"/>
</pin_list>
<bind>
<opcode="load(27) " fcode="load"/>
<opset="k_shift/1 "/>
</bind>
</comp>

<comp id="236" class="1004" name="local_cosine_addr_gep_fu_236">
<pin_list>
<pin id="237" dir="0" index="0" bw="19" slack="0"/>
<pin id="238" dir="0" index="1" bw="1" slack="0"/>
<pin id="239" dir="0" index="2" bw="6" slack="0"/>
<pin id="240" dir="1" index="3" bw="6" slack="0"/>
</pin_list>
<bind>
<opcode="getelementptr(29) " fcode="getelementptr"/>
<opset="local_cosine_addr/1 "/>
</bind>
</comp>

<comp id="243" class="1004" name="grp_access_fu_243">
<pin_list>
<pin id="244" dir="0" index="0" bw="6" slack="0"/>
<pin id="245" dir="0" index="1" bw="19" slack="2147483647"/>
<pin id="246" dir="0" index="2" bw="0" slack="2147483647"/>
<pin id="247" dir="1" index="3" bw="19" slack="0"/>
</pin_list>
<bind>
<opcode="load(27) " fcode="load"/>
<opset="cosine_3/1 "/>
</bind>
</comp>

<comp id="249" class="1004" name="local_sine_addr_gep_fu_249">
<pin_list>
<pin id="250" dir="0" index="0" bw="19" slack="0"/>
<pin id="251" dir="0" index="1" bw="1" slack="0"/>
<pin id="252" dir="0" index="2" bw="6" slack="0"/>
<pin id="253" dir="1" index="3" bw="6" slack="0"/>
</pin_list>
<bind>
<opcode="getelementptr(29) " fcode="getelementptr"/>
<opset="local_sine_addr/1 "/>
</bind>
</comp>

<comp id="256" class="1004" name="grp_access_fu_256">
<pin_list>
<pin id="257" dir="0" index="0" bw="6" slack="0"/>
<pin id="258" dir="0" index="1" bw="19" slack="2147483647"/>
<pin id="259" dir="0" index="2" bw="0" slack="2147483647"/>
<pin id="260" dir="1" index="3" bw="19" slack="0"/>
</pin_list>
<bind>
<opcode="load(27) " fcode="load"/>
<opset="sine_3/1 "/>
</bind>
</comp>

<comp id="262" class="1004" name="rotated_k_words_addr_gep_fu_262">
<pin_list>
<pin id="263" dir="0" index="0" bw="512" slack="0"/>
<pin id="264" dir="0" index="1" bw="1" slack="0"/>
<pin id="265" dir="0" index="2" bw="4" slack="0"/>
<pin id="266" dir="1" index="3" bw="3" slack="8"/>
</pin_list>
<bind>
<opcode="getelementptr(29) " fcode="getelementptr"/>
<opset="rotated_k_words_addr/1 "/>
</bind>
</comp>

<comp id="269" class="1004" name="query_addr_gep_fu_269">
<pin_list>
<pin id="270" dir="0" index="0" bw="32" slack="0"/>
<pin id="271" dir="0" index="1" bw="1" slack="0"/>
<pin id="272" dir="0" index="2" bw="3" slack="0"/>
<pin id="273" dir="1" index="3" bw="3" slack="0"/>
</pin_list>
<bind>
<opcode="getelementptr(29) " fcode="getelementptr"/>
<opset="query_addr/8 "/>
</bind>
</comp>

<comp id="276" class="1004" name="query_2_addr_gep_fu_276">
<pin_list>
<pin id="277" dir="0" index="0" bw="32" slack="0"/>
<pin id="278" dir="0" index="1" bw="1" slack="0"/>
<pin id="279" dir="0" index="2" bw="3" slack="0"/>
<pin id="280" dir="1" index="3" bw="3" slack="0"/>
</pin_list>
<bind>
<opcode="getelementptr(29) " fcode="getelementptr"/>
<opset="query_2_addr/8 "/>
</bind>
</comp>

<comp id="283" class="1004" name="query_4_addr_gep_fu_283">
<pin_list>
<pin id="284" dir="0" index="0" bw="32" slack="0"/>
<pin id="285" dir="0" index="1" bw="1" slack="0"/>
<pin id="286" dir="0" index="2" bw="3" slack="0"/>
<pin id="287" dir="1" index="3" bw="3" slack="0"/>
</pin_list>
<bind>
<opcode="getelementptr(29) " fcode="getelementptr"/>
<opset="query_4_addr/8 "/>
</bind>
</comp>

<comp id="290" class="1004" name="query_6_addr_gep_fu_290">
<pin_list>
<pin id="291" dir="0" index="0" bw="32" slack="0"/>
<pin id="292" dir="0" index="1" bw="1" slack="0"/>
<pin id="293" dir="0" index="2" bw="3" slack="0"/>
<pin id="294" dir="1" index="3" bw="3" slack="0"/>
</pin_list>
<bind>
<opcode="getelementptr(29) " fcode="getelementptr"/>
<opset="query_6_addr/8 "/>
</bind>
</comp>

<comp id="297" class="1004" name="query_8_addr_gep_fu_297">
<pin_list>
<pin id="298" dir="0" index="0" bw="32" slack="0"/>
<pin id="299" dir="0" index="1" bw="1" slack="0"/>
<pin id="300" dir="0" index="2" bw="3" slack="0"/>
<pin id="301" dir="1" index="3" bw="3" slack="0"/>
</pin_list>
<bind>
<opcode="getelementptr(29) " fcode="getelementptr"/>
<opset="query_8_addr/8 "/>
</bind>
</comp>

<comp id="304" class="1004" name="query_10_addr_gep_fu_304">
<pin_list>
<pin id="305" dir="0" index="0" bw="32" slack="0"/>
<pin id="306" dir="0" index="1" bw="1" slack="0"/>
<pin id="307" dir="0" index="2" bw="3" slack="0"/>
<pin id="308" dir="1" index="3" bw="3" slack="0"/>
</pin_list>
<bind>
<opcode="getelementptr(29) " fcode="getelementptr"/>
<opset="query_10_addr/8 "/>
</bind>
</comp>

<comp id="311" class="1004" name="query_12_addr_gep_fu_311">
<pin_list>
<pin id="312" dir="0" index="0" bw="32" slack="0"/>
<pin id="313" dir="0" index="1" bw="1" slack="0"/>
<pin id="314" dir="0" index="2" bw="3" slack="0"/>
<pin id="315" dir="1" index="3" bw="3" slack="0"/>
</pin_list>
<bind>
<opcode="getelementptr(29) " fcode="getelementptr"/>
<opset="query_12_addr/8 "/>
</bind>
</comp>

<comp id="318" class="1004" name="query_14_addr_gep_fu_318">
<pin_list>
<pin id="319" dir="0" index="0" bw="32" slack="0"/>
<pin id="320" dir="0" index="1" bw="1" slack="0"/>
<pin id="321" dir="0" index="2" bw="3" slack="0"/>
<pin id="322" dir="1" index="3" bw="3" slack="0"/>
</pin_list>
<bind>
<opcode="getelementptr(29) " fcode="getelementptr"/>
<opset="query_14_addr/8 "/>
</bind>
</comp>

<comp id="325" class="1004" name="query_1_addr_gep_fu_325">
<pin_list>
<pin id="326" dir="0" index="0" bw="32" slack="0"/>
<pin id="327" dir="0" index="1" bw="1" slack="0"/>
<pin id="328" dir="0" index="2" bw="3" slack="0"/>
<pin id="329" dir="1" index="3" bw="3" slack="0"/>
</pin_list>
<bind>
<opcode="getelementptr(29) " fcode="getelementptr"/>
<opset="query_1_addr/8 "/>
</bind>
</comp>

<comp id="332" class="1004" name="query_3_addr_gep_fu_332">
<pin_list>
<pin id="333" dir="0" index="0" bw="32" slack="0"/>
<pin id="334" dir="0" index="1" bw="1" slack="0"/>
<pin id="335" dir="0" index="2" bw="3" slack="0"/>
<pin id="336" dir="1" index="3" bw="3" slack="0"/>
</pin_list>
<bind>
<opcode="getelementptr(29) " fcode="getelementptr"/>
<opset="query_3_addr/8 "/>
</bind>
</comp>

<comp id="339" class="1004" name="query_5_addr_gep_fu_339">
<pin_list>
<pin id="340" dir="0" index="0" bw="32" slack="0"/>
<pin id="341" dir="0" index="1" bw="1" slack="0"/>
<pin id="342" dir="0" index="2" bw="3" slack="0"/>
<pin id="343" dir="1" index="3" bw="3" slack="0"/>
</pin_list>
<bind>
<opcode="getelementptr(29) " fcode="getelementptr"/>
<opset="query_5_addr/8 "/>
</bind>
</comp>

<comp id="346" class="1004" name="query_7_addr_gep_fu_346">
<pin_list>
<pin id="347" dir="0" index="0" bw="32" slack="0"/>
<pin id="348" dir="0" index="1" bw="1" slack="0"/>
<pin id="349" dir="0" index="2" bw="3" slack="0"/>
<pin id="350" dir="1" index="3" bw="3" slack="0"/>
</pin_list>
<bind>
<opcode="getelementptr(29) " fcode="getelementptr"/>
<opset="query_7_addr/8 "/>
</bind>
</comp>

<comp id="353" class="1004" name="query_9_addr_gep_fu_353">
<pin_list>
<pin id="354" dir="0" index="0" bw="32" slack="0"/>
<pin id="355" dir="0" index="1" bw="1" slack="0"/>
<pin id="356" dir="0" index="2" bw="3" slack="0"/>
<pin id="357" dir="1" index="3" bw="3" slack="0"/>
</pin_list>
<bind>
<opcode="getelementptr(29) " fcode="getelementptr"/>
<opset="query_9_addr/8 "/>
</bind>
</comp>

<comp id="360" class="1004" name="query_11_addr_gep_fu_360">
<pin_list>
<pin id="361" dir="0" index="0" bw="32" slack="0"/>
<pin id="362" dir="0" index="1" bw="1" slack="0"/>
<pin id="363" dir="0" index="2" bw="3" slack="0"/>
<pin id="364" dir="1" index="3" bw="3" slack="0"/>
</pin_list>
<bind>
<opcode="getelementptr(29) " fcode="getelementptr"/>
<opset="query_11_addr/8 "/>
</bind>
</comp>

<comp id="367" class="1004" name="query_13_addr_gep_fu_367">
<pin_list>
<pin id="368" dir="0" index="0" bw="32" slack="0"/>
<pin id="369" dir="0" index="1" bw="1" slack="0"/>
<pin id="370" dir="0" index="2" bw="3" slack="0"/>
<pin id="371" dir="1" index="3" bw="3" slack="0"/>
</pin_list>
<bind>
<opcode="getelementptr(29) " fcode="getelementptr"/>
<opset="query_13_addr/8 "/>
</bind>
</comp>

<comp id="374" class="1004" name="query_15_addr_gep_fu_374">
<pin_list>
<pin id="375" dir="0" index="0" bw="32" slack="0"/>
<pin id="376" dir="0" index="1" bw="1" slack="0"/>
<pin id="377" dir="0" index="2" bw="3" slack="0"/>
<pin id="378" dir="1" index="3" bw="3" slack="0"/>
</pin_list>
<bind>
<opcode="getelementptr(29) " fcode="getelementptr"/>
<opset="query_15_addr/8 "/>
</bind>
</comp>

<comp id="381" class="1004" name="store_ln1930_access_fu_381">
<pin_list>
<pin id="382" dir="0" index="0" bw="3" slack="0"/>
<pin id="383" dir="0" index="1" bw="32" slack="1"/>
<pin id="384" dir="0" index="2" bw="0" slack="2147483647"/>
<pin id="385" dir="1" index="3" bw="32" slack="2147483647"/>
</pin_list>
<bind>
<opcode="store(28) " fcode="store"/>
<opset="store_ln1930/8 "/>
</bind>
</comp>

<comp id="387" class="1004" name="store_ln1931_access_fu_387">
<pin_list>
<pin id="388" dir="0" index="0" bw="3" slack="0"/>
<pin id="389" dir="0" index="1" bw="32" slack="1"/>
<pin id="390" dir="0" index="2" bw="0" slack="2147483647"/>
<pin id="391" dir="1" index="3" bw="32" slack="2147483647"/>
</pin_list>
<bind>
<opcode="store(28) " fcode="store"/>
<opset="store_ln1931/8 "/>
</bind>
</comp>

<comp id="393" class="1004" name="store_ln1930_access_fu_393">
<pin_list>
<pin id="394" dir="0" index="0" bw="3" slack="0"/>
<pin id="395" dir="0" index="1" bw="32" slack="1"/>
<pin id="396" dir="0" index="2" bw="0" slack="2147483647"/>
<pin id="397" dir="1" index="3" bw="32" slack="2147483647"/>
</pin_list>
<bind>
<opcode="store(28) " fcode="store"/>
<opset="store_ln1930/8 "/>
</bind>
</comp>

<comp id="399" class="1004" name="store_ln1931_access_fu_399">
<pin_list>
<pin id="400" dir="0" index="0" bw="3" slack="0"/>
<pin id="401" dir="0" index="1" bw="32" slack="1"/>
<pin id="402" dir="0" index="2" bw="0" slack="2147483647"/>
<pin id="403" dir="1" index="3" bw="32" slack="2147483647"/>
</pin_list>
<bind>
<opcode="store(28) " fcode="store"/>
<opset="store_ln1931/8 "/>
</bind>
</comp>

<comp id="405" class="1004" name="store_ln1930_access_fu_405">
<pin_list>
<pin id="406" dir="0" index="0" bw="3" slack="0"/>
<pin id="407" dir="0" index="1" bw="32" slack="1"/>
<pin id="408" dir="0" index="2" bw="0" slack="2147483647"/>
<pin id="409" dir="1" index="3" bw="32" slack="2147483647"/>
</pin_list>
<bind>
<opcode="store(28) " fcode="store"/>
<opset="store_ln1930/8 "/>
</bind>
</comp>

<comp id="411" class="1004" name="store_ln1931_access_fu_411">
<pin_list>
<pin id="412" dir="0" index="0" bw="3" slack="0"/>
<pin id="413" dir="0" index="1" bw="32" slack="1"/>
<pin id="414" dir="0" index="2" bw="0" slack="2147483647"/>
<pin id="415" dir="1" index="3" bw="32" slack="2147483647"/>
</pin_list>
<bind>
<opcode="store(28) " fcode="store"/>
<opset="store_ln1931/8 "/>
</bind>
</comp>

<comp id="417" class="1004" name="store_ln1930_access_fu_417">
<pin_list>
<pin id="418" dir="0" index="0" bw="3" slack="0"/>
<pin id="419" dir="0" index="1" bw="32" slack="1"/>
<pin id="420" dir="0" index="2" bw="0" slack="2147483647"/>
<pin id="421" dir="1" index="3" bw="32" slack="2147483647"/>
</pin_list>
<bind>
<opcode="store(28) " fcode="store"/>
<opset="store_ln1930/8 "/>
</bind>
</comp>

<comp id="423" class="1004" name="store_ln1931_access_fu_423">
<pin_list>
<pin id="424" dir="0" index="0" bw="3" slack="0"/>
<pin id="425" dir="0" index="1" bw="32" slack="1"/>
<pin id="426" dir="0" index="2" bw="0" slack="2147483647"/>
<pin id="427" dir="1" index="3" bw="32" slack="2147483647"/>
</pin_list>
<bind>
<opcode="store(28) " fcode="store"/>
<opset="store_ln1931/8 "/>
</bind>
</comp>

<comp id="429" class="1004" name="store_ln1930_access_fu_429">
<pin_list>
<pin id="430" dir="0" index="0" bw="3" slack="0"/>
<pin id="431" dir="0" index="1" bw="32" slack="1"/>
<pin id="432" dir="0" index="2" bw="0" slack="2147483647"/>
<pin id="433" dir="1" index="3" bw="32" slack="2147483647"/>
</pin_list>
<bind>
<opcode="store(28) " fcode="store"/>
<opset="store_ln1930/8 "/>
</bind>
</comp>

<comp id="435" class="1004" name="store_ln1931_access_fu_435">
<pin_list>
<pin id="436" dir="0" index="0" bw="3" slack="0"/>
<pin id="437" dir="0" index="1" bw="32" slack="1"/>
<pin id="438" dir="0" index="2" bw="0" slack="2147483647"/>
<pin id="439" dir="1" index="3" bw="32" slack="2147483647"/>
</pin_list>
<bind>
<opcode="store(28) " fcode="store"/>
<opset="store_ln1931/8 "/>
</bind>
</comp>

<comp id="441" class="1004" name="store_ln1930_access_fu_441">
<pin_list>
<pin id="442" dir="0" index="0" bw="3" slack="0"/>
<pin id="443" dir="0" index="1" bw="32" slack="1"/>
<pin id="444" dir="0" index="2" bw="0" slack="2147483647"/>
<pin id="445" dir="1" index="3" bw="32" slack="2147483647"/>
</pin_list>
<bind>
<opcode="store(28) " fcode="store"/>
<opset="store_ln1930/8 "/>
</bind>
</comp>

<comp id="447" class="1004" name="store_ln1931_access_fu_447">
<pin_list>
<pin id="448" dir="0" index="0" bw="3" slack="0"/>
<pin id="449" dir="0" index="1" bw="32" slack="1"/>
<pin id="450" dir="0" index="2" bw="0" slack="2147483647"/>
<pin id="451" dir="1" index="3" bw="32" slack="2147483647"/>
</pin_list>
<bind>
<opcode="store(28) " fcode="store"/>
<opset="store_ln1931/8 "/>
</bind>
</comp>

<comp id="453" class="1004" name="store_ln1930_access_fu_453">
<pin_list>
<pin id="454" dir="0" index="0" bw="3" slack="0"/>
<pin id="455" dir="0" index="1" bw="32" slack="1"/>
<pin id="456" dir="0" index="2" bw="0" slack="2147483647"/>
<pin id="457" dir="1" index="3" bw="32" slack="2147483647"/>
</pin_list>
<bind>
<opcode="store(28) " fcode="store"/>
<opset="store_ln1930/8 "/>
</bind>
</comp>

<comp id="459" class="1004" name="store_ln1931_access_fu_459">
<pin_list>
<pin id="460" dir="0" index="0" bw="3" slack="0"/>
<pin id="461" dir="0" index="1" bw="32" slack="1"/>
<pin id="462" dir="0" index="2" bw="0" slack="2147483647"/>
<pin id="463" dir="1" index="3" bw="32" slack="2147483647"/>
</pin_list>
<bind>
<opcode="store(28) " fcode="store"/>
<opset="store_ln1931/8 "/>
</bind>
</comp>

<comp id="465" class="1004" name="store_ln1930_access_fu_465">
<pin_list>
<pin id="466" dir="0" index="0" bw="3" slack="0"/>
<pin id="467" dir="0" index="1" bw="32" slack="1"/>
<pin id="468" dir="0" index="2" bw="0" slack="2147483647"/>
<pin id="469" dir="1" index="3" bw="32" slack="2147483647"/>
</pin_list>
<bind>
<opcode="store(28) " fcode="store"/>
<opset="store_ln1930/8 "/>
</bind>
</comp>

<comp id="471" class="1004" name="store_ln1931_access_fu_471">
<pin_list>
<pin id="472" dir="0" index="0" bw="3" slack="0"/>
<pin id="473" dir="0" index="1" bw="32" slack="1"/>
<pin id="474" dir="0" index="2" bw="0" slack="2147483647"/>
<pin id="475" dir="1" index="3" bw="32" slack="2147483647"/>
</pin_list>
<bind>
<opcode="store(28) " fcode="store"/>
<opset="store_ln1931/8 "/>
</bind>
</comp>

<comp id="477" class="1004" name="store_ln1945_access_fu_477">
<pin_list>
<pin id="478" dir="0" index="0" bw="3" slack="8"/>
<pin id="479" dir="0" index="1" bw="512" slack="0"/>
<pin id="480" dir="0" index="2" bw="0" slack="2147483647"/>
<pin id="481" dir="1" index="3" bw="512" slack="2147483647"/>
</pin_list>
<bind>
<opcode="store(28) " fcode="store"/>
<opset="store_ln1945/9 "/>
</bind>
</comp>

<comp id="482" class="1005" name="first_iter_0_reg_482">
<pin_list>
<pin id="483" dir="0" index="0" bw="1" slack="2147483647"/>
<pin id="484" dir="1" index="1" bw="1" slack="2147483647"/>
</pin_list>
<bind>
<opset="first_iter_0 (phireg) "/>
</bind>
</comp>

<comp id="485" class="1004" name="first_iter_0_phi_fu_485">
<pin_list>
<pin id="486" dir="0" index="0" bw="1" slack="0"/>
<pin id="487" dir="0" index="1" bw="0" slack="2147483647"/>
<pin id="488" dir="0" index="2" bw="1" slack="0"/>
<pin id="489" dir="0" index="3" bw="0" slack="2147483647"/>
<pin id="490" dir="1" index="4" bw="1" slack="0"/>
</pin_list>
<bind>
<opcode="phi(47) " fcode="phi"/>
<opset="first_iter_0/1 "/>
</bind>
</comp>

<comp id="493" class="1005" name="q_shift2_reg_493">
<pin_list>
<pin id="494" dir="0" index="0" bw="512" slack="2147483647"/>
<pin id="495" dir="1" index="1" bw="512" slack="2147483647"/>
</pin_list>
<bind>
<opset="q_shift2 (phireg) "/>
</bind>
</comp>

<comp id="496" class="1004" name="q_shift2_phi_fu_496">
<pin_list>
<pin id="497" dir="0" index="0" bw="512" slack="0"/>
<pin id="498" dir="0" index="1" bw="0" slack="2147483647"/>
<pin id="499" dir="0" index="2" bw="512" slack="0"/>
<pin id="500" dir="0" index="3" bw="0" slack="2147483647"/>
<pin id="501" dir="1" index="4" bw="512" slack="0"/>
</pin_list>
<bind>
<opcode="phi(47) " fcode="phi"/>
<opset="q_shift2/2 "/>
</bind>
</comp>

<comp id="503" class="1005" name="k_shift1_reg_503">
<pin_list>
<pin id="504" dir="0" index="0" bw="512" slack="2147483647"/>
<pin id="505" dir="1" index="1" bw="512" slack="2147483647"/>
</pin_list>
<bind>
<opset="k_shift1 (phireg) "/>
</bind>
</comp>

<comp id="506" class="1004" name="k_shift1_phi_fu_506">
<pin_list>
<pin id="507" dir="0" index="0" bw="512" slack="0"/>
<pin id="508" dir="0" index="1" bw="0" slack="2147483647"/>
<pin id="509" dir="0" index="2" bw="512" slack="0"/>
<pin id="510" dir="0" index="3" bw="0" slack="2147483647"/>
<pin id="511" dir="1" index="4" bw="512" slack="0"/>
</pin_list>
<bind>
<opcode="phi(47) " fcode="phi"/>
<opset="k_shift1/2 "/>
</bind>
</comp>

<comp id="513" class="1004" name="grp_fu_513">
<pin_list>
<pin id="514" dir="0" index="0" bw="32" slack="0"/>
<pin id="515" dir="0" index="1" bw="19" slack="0"/>
<pin id="516" dir="1" index="2" bw="51" slack="1"/>
</pin_list>
<bind>
<opcode="mul(12) " fcode="mul"/>
<opset="product_0/3 "/>
</bind>
</comp>

<comp id="517" class="1004" name="grp_fu_517">
<pin_list>
<pin id="518" dir="0" index="0" bw="32" slack="0"/>
<pin id="519" dir="0" index="1" bw="19" slack="0"/>
<pin id="520" dir="1" index="2" bw="51" slack="1"/>
</pin_list>
<bind>
<opcode="mul(12) " fcode="mul"/>
<opset="product_1/3 "/>
</bind>
</comp>

<comp id="521" class="1004" name="grp_fu_521">
<pin_list>
<pin id="522" dir="0" index="0" bw="32" slack="0"/>
<pin id="523" dir="0" index="1" bw="19" slack="0"/>
<pin id="524" dir="1" index="2" bw="51" slack="0"/>
</pin_list>
<bind>
<opcode="mul(12) " fcode="mul"/>
<opset="product_0_1/3 "/>
</bind>
</comp>

<comp id="525" class="1004" name="grp_fu_525">
<pin_list>
<pin id="526" dir="0" index="0" bw="32" slack="0"/>
<pin id="527" dir="0" index="1" bw="19" slack="0"/>
<pin id="528" dir="1" index="2" bw="51" slack="0"/>
</pin_list>
<bind>
<opcode="mul(12) " fcode="mul"/>
<opset="product_1_1/3 "/>
</bind>
</comp>

<comp id="529" class="1004" name="store_ln0_store_fu_529">
<pin_list>
<pin id="530" dir="0" index="0" bw="1" slack="0"/>
<pin id="531" dir="0" index="1" bw="8" slack="0"/>
<pin id="532" dir="1" index="2" bw="0" slack="2147483647"/>
</pin_list>
<bind>
<opcode="store(28) " fcode="store"/>
<opset="store_ln0/1 "/>
</bind>
</comp>

<comp id="534" class="1004" name="store_ln1889_store_fu_534">
<pin_list>
<pin id="535" dir="0" index="0" bw="1" slack="0"/>
<pin id="536" dir="0" index="1" bw="4" slack="0"/>
<pin id="537" dir="1" index="2" bw="0" slack="2147483647"/>
</pin_list>
<bind>
<opcode="store(28) " fcode="store"/>
<opset="store_ln1889/1 "/>
</bind>
</comp>

<comp id="539" class="1004" name="store_ln1903_store_fu_539">
<pin_list>
<pin id="540" dir="0" index="0" bw="1" slack="0"/>
<pin id="541" dir="0" index="1" bw="5" slack="0"/>
<pin id="542" dir="1" index="2" bw="0" slack="2147483647"/>
</pin_list>
<bind>
<opcode="store(28) " fcode="store"/>
<opset="store_ln1903/1 "/>
</bind>
</comp>

<comp id="544" class="1004" name="store_ln1896_store_fu_544">
<pin_list>
<pin id="545" dir="0" index="0" bw="1" slack="0"/>
<pin id="546" dir="0" index="1" bw="19" slack="0"/>
<pin id="547" dir="1" index="2" bw="0" slack="2147483647"/>
</pin_list>
<bind>
<opcode="store(28) " fcode="store"/>
<opset="store_ln1896/1 "/>
</bind>
</comp>

<comp id="549" class="1004" name="store_ln1895_store_fu_549">
<pin_list>
<pin id="550" dir="0" index="0" bw="1" slack="0"/>
<pin id="551" dir="0" index="1" bw="19" slack="0"/>
<pin id="552" dir="1" index="2" bw="0" slack="2147483647"/>
</pin_list>
<bind>
<opcode="store(28) " fcode="store"/>
<opset="store_ln1895/1 "/>
</bind>
</comp>

<comp id="554" class="1004" name="store_ln1894_store_fu_554">
<pin_list>
<pin id="555" dir="0" index="0" bw="1" slack="0"/>
<pin id="556" dir="0" index="1" bw="512" slack="0"/>
<pin id="557" dir="1" index="2" bw="0" slack="2147483647"/>
</pin_list>
<bind>
<opcode="store(28) " fcode="store"/>
<opset="store_ln1894/1 "/>
</bind>
</comp>

<comp id="559" class="1004" name="indvar_flatten_load_load_fu_559">
<pin_list>
<pin id="560" dir="0" index="0" bw="8" slack="0"/>
<pin id="561" dir="1" index="1" bw="8" slack="0"/>
</pin_list>
<bind>
<opcode="load(27) " fcode="load"/>
<opset="indvar_flatten_load/1 "/>
</bind>
</comp>

<comp id="562" class="1004" name="icmp_ln1890_fu_562">
<pin_list>
<pin id="563" dir="0" index="0" bw="8" slack="0"/>
<pin id="564" dir="0" index="1" bw="8" slack="0"/>
<pin id="565" dir="1" index="2" bw="1" slack="1"/>
</pin_list>
<bind>
<opcode="icmp(45) " fcode="icmp"/>
<opset="icmp_ln1890/1 "/>
</bind>
</comp>

<comp id="568" class="1004" name="add_ln1890_fu_568">
<pin_list>
<pin id="569" dir="0" index="0" bw="8" slack="0"/>
<pin id="570" dir="0" index="1" bw="1" slack="0"/>
<pin id="571" dir="1" index="2" bw="8" slack="0"/>
</pin_list>
<bind>
<opcode="add(8) " fcode="add"/>
<opset="add_ln1890/1 "/>
</bind>
</comp>

<comp id="574" class="1004" name="phase_load_load_fu_574">
<pin_list>
<pin id="575" dir="0" index="0" bw="5" slack="0"/>
<pin id="576" dir="1" index="1" bw="5" slack="0"/>
</pin_list>
<bind>
<opcode="load(27) " fcode="load"/>
<opset="phase_load/1 "/>
</bind>
</comp>

<comp id="577" class="1004" name="word_load_load_fu_577">
<pin_list>
<pin id="578" dir="0" index="0" bw="4" slack="0"/>
<pin id="579" dir="1" index="1" bw="4" slack="0"/>
</pin_list>
<bind>
<opcode="load(27) " fcode="load"/>
<opset="word_load/1 "/>
</bind>
</comp>

<comp id="580" class="1004" name="icmp_ln1903_fu_580">
<pin_list>
<pin id="581" dir="0" index="0" bw="5" slack="0"/>
<pin id="582" dir="0" index="1" bw="5" slack="0"/>
<pin id="583" dir="1" index="2" bw="1" slack="0"/>
</pin_list>
<bind>
<opcode="icmp(45) " fcode="icmp"/>
<opset="icmp_ln1903/1 "/>
</bind>
</comp>

<comp id="586" class="1004" name="or_ln1889_fu_586">
<pin_list>
<pin id="587" dir="0" index="0" bw="1" slack="0"/>
<pin id="588" dir="0" index="1" bw="1" slack="0"/>
<pin id="589" dir="1" index="2" bw="1" slack="1"/>
</pin_list>
<bind>
<opcode="or(24) " fcode="or"/>
<opset="or_ln1889/1 "/>
</bind>
</comp>

<comp id="592" class="1004" name="select_ln1889_fu_592">
<pin_list>
<pin id="593" dir="0" index="0" bw="1" slack="0"/>
<pin id="594" dir="0" index="1" bw="1" slack="0"/>
<pin id="595" dir="0" index="2" bw="5" slack="0"/>
<pin id="596" dir="1" index="3" bw="5" slack="0"/>
</pin_list>
<bind>
<opcode="select(49) " fcode="select"/>
<opset="select_ln1889/1 "/>
</bind>
</comp>

<comp id="600" class="1004" name="add_ln1891_fu_600">
<pin_list>
<pin id="601" dir="0" index="0" bw="4" slack="0"/>
<pin id="602" dir="0" index="1" bw="1" slack="0"/>
<pin id="603" dir="1" index="2" bw="4" slack="0"/>
</pin_list>
<bind>
<opcode="add(8) " fcode="add"/>
<opset="add_ln1891/1 "/>
</bind>
</comp>

<comp id="606" class="1004" name="select_ln1890_fu_606">
<pin_list>
<pin id="607" dir="0" index="0" bw="1" slack="0"/>
<pin id="608" dir="0" index="1" bw="4" slack="0"/>
<pin id="609" dir="0" index="2" bw="4" slack="0"/>
<pin id="610" dir="1" index="3" bw="4" slack="0"/>
</pin_list>
<bind>
<opcode="select(49) " fcode="select"/>
<opset="select_ln1890/1 "/>
</bind>
</comp>

<comp id="614" class="1004" name="zext_ln1890_fu_614">
<pin_list>
<pin id="615" dir="0" index="0" bw="4" slack="0"/>
<pin id="616" dir="1" index="1" bw="64" slack="0"/>
</pin_list>
<bind>
<opcode="zext(34) " fcode="zext"/>
<opset="zext_ln1890/1 "/>
</bind>
</comp>

<comp id="621" class="1004" name="empty_fu_621">
<pin_list>
<pin id="622" dir="0" index="0" bw="4" slack="0"/>
<pin id="623" dir="1" index="1" bw="3" slack="0"/>
</pin_list>
<bind>
<opcode="trunc(33) " fcode="trunc"/>
<opset="empty/1 "/>
</bind>
</comp>

<comp id="625" class="1004" name="rotate_k_fu_625">
<pin_list>
<pin id="626" dir="0" index="0" bw="5" slack="0"/>
<pin id="627" dir="1" index="1" bw="1" slack="1"/>
</pin_list>
<bind>
<opcode="trunc(33) " fcode="trunc"/>
<opset="rotate_k/1 "/>
</bind>
</comp>

<comp id="629" class="1004" name="tmp_s_fu_629">
<pin_list>
<pin id="630" dir="0" index="0" bw="3" slack="0"/>
<pin id="631" dir="0" index="1" bw="5" slack="0"/>
<pin id="632" dir="0" index="2" bw="1" slack="0"/>
<pin id="633" dir="0" index="3" bw="3" slack="0"/>
<pin id="634" dir="1" index="4" bw="3" slack="0"/>
</pin_list>
<bind>
<opcode="partselect(1002) " fcode="partselect"/>
<opset="tmp_s/1 "/>
</bind>
</comp>

<comp id="639" class="1004" name="and_ln_fu_639">
<pin_list>
<pin id="640" dir="0" index="0" bw="4" slack="0"/>
<pin id="641" dir="0" index="1" bw="3" slack="0"/>
<pin id="642" dir="0" index="2" bw="1" slack="0"/>
<pin id="643" dir="1" index="3" bw="4" slack="7"/>
</pin_list>
<bind>
<opcode="bitconcatenate(1004) " fcode="bitconcatenate"/>
<opset="and_ln/1 "/>
</bind>
</comp>

<comp id="647" class="1004" name="lshr_ln_fu_647">
<pin_list>
<pin id="648" dir="0" index="0" bw="6" slack="0"/>
<pin id="649" dir="0" index="1" bw="3" slack="0"/>
<pin id="650" dir="0" index="2" bw="3" slack="0"/>
<pin id="651" dir="1" index="3" bw="6" slack="0"/>
</pin_list>
<bind>
<opcode="bitconcatenate(1004) " fcode="bitconcatenate"/>
<opset="lshr_ln/1 "/>
</bind>
</comp>

<comp id="655" class="1004" name="zext_ln1910_fu_655">
<pin_list>
<pin id="656" dir="0" index="0" bw="6" slack="0"/>
<pin id="657" dir="1" index="1" bw="64" slack="0"/>
</pin_list>
<bind>
<opcode="zext(34) " fcode="zext"/>
<opset="zext_ln1910/1 "/>
</bind>
</comp>

<comp id="661" class="1004" name="phase_5_fu_661">
<pin_list>
<pin id="662" dir="0" index="0" bw="5" slack="0"/>
<pin id="663" dir="0" index="1" bw="1" slack="0"/>
<pin id="664" dir="1" index="2" bw="5" slack="0"/>
</pin_list>
<bind>
<opcode="add(8) " fcode="add"/>
<opset="phase_5/1 "/>
</bind>
</comp>

<comp id="667" class="1004" name="icmp_ln1903_1_fu_667">
<pin_list>
<pin id="668" dir="0" index="0" bw="5" slack="0"/>
<pin id="669" dir="0" index="1" bw="5" slack="0"/>
<pin id="670" dir="1" index="2" bw="1" slack="8"/>
</pin_list>
<bind>
<opcode="icmp(45) " fcode="icmp"/>
<opset="icmp_ln1903_1/1 "/>
</bind>
</comp>

<comp id="673" class="1004" name="store_ln1890_store_fu_673">
<pin_list>
<pin id="674" dir="0" index="0" bw="8" slack="0"/>
<pin id="675" dir="0" index="1" bw="8" slack="0"/>
<pin id="676" dir="1" index="2" bw="0" slack="2147483647"/>
</pin_list>
<bind>
<opcode="store(28) " fcode="store"/>
<opset="store_ln1890/1 "/>
</bind>
</comp>

<comp id="678" class="1004" name="store_ln1889_store_fu_678">
<pin_list>
<pin id="679" dir="0" index="0" bw="4" slack="0"/>
<pin id="680" dir="0" index="1" bw="4" slack="0"/>
<pin id="681" dir="1" index="2" bw="0" slack="2147483647"/>
</pin_list>
<bind>
<opcode="store(28) " fcode="store"/>
<opset="store_ln1889/1 "/>
</bind>
</comp>

<comp id="683" class="1004" name="store_ln1903_store_fu_683">
<pin_list>
<pin id="684" dir="0" index="0" bw="5" slack="0"/>
<pin id="685" dir="0" index="1" bw="5" slack="0"/>
<pin id="686" dir="1" index="2" bw="0" slack="2147483647"/>
</pin_list>
<bind>
<opcode="store(28) " fcode="store"/>
<opset="store_ln1903/1 "/>
</bind>
</comp>

<comp id="688" class="1004" name="q_shift_2_load_fu_688">
<pin_list>
<pin id="689" dir="0" index="0" bw="512" slack="1"/>
<pin id="690" dir="1" index="1" bw="512" slack="0"/>
</pin_list>
<bind>
<opcode="load(27) " fcode="load"/>
<opset="q_shift_2/2 "/>
</bind>
</comp>

<comp id="692" class="1004" name="k_shift_2_load_fu_692">
<pin_list>
<pin id="693" dir="0" index="0" bw="512" slack="1"/>
<pin id="694" dir="1" index="1" bw="512" slack="0"/>
</pin_list>
<bind>
<opcode="load(27) " fcode="load"/>
<opset="k_shift_2/2 "/>
</bind>
</comp>

<comp id="696" class="1004" name="cosine_load_load_fu_696">
<pin_list>
<pin id="697" dir="0" index="0" bw="19" slack="1"/>
<pin id="698" dir="1" index="1" bw="19" slack="0"/>
</pin_list>
<bind>
<opcode="load(27) " fcode="load"/>
<opset="cosine_load/2 "/>
</bind>
</comp>

<comp id="699" class="1004" name="sine_load_load_fu_699">
<pin_list>
<pin id="700" dir="0" index="0" bw="19" slack="1"/>
<pin id="701" dir="1" index="1" bw="19" slack="0"/>
</pin_list>
<bind>
<opcode="load(27) " fcode="load"/>
<opset="sine_load/2 "/>
</bind>
</comp>

<comp id="702" class="1004" name="select_ln1889_1_fu_702">
<pin_list>
<pin id="703" dir="0" index="0" bw="1" slack="1"/>
<pin id="704" dir="0" index="1" bw="1" slack="0"/>
<pin id="705" dir="0" index="2" bw="19" slack="0"/>
<pin id="706" dir="1" index="3" bw="19" slack="0"/>
</pin_list>
<bind>
<opcode="select(49) " fcode="select"/>
<opset="select_ln1889_1/2 "/>
</bind>
</comp>

<comp id="709" class="1004" name="select_ln1889_2_fu_709">
<pin_list>
<pin id="710" dir="0" index="0" bw="1" slack="1"/>
<pin id="711" dir="0" index="1" bw="1" slack="0"/>
<pin id="712" dir="0" index="2" bw="19" slack="0"/>
<pin id="713" dir="1" index="3" bw="19" slack="0"/>
</pin_list>
<bind>
<opcode="select(49) " fcode="select"/>
<opset="select_ln1889_2/2 "/>
</bind>
</comp>

<comp id="716" class="1004" name="input_1_fu_716">
<pin_list>
<pin id="717" dir="0" index="0" bw="32" slack="0"/>
<pin id="718" dir="0" index="1" bw="512" slack="0"/>
<pin id="719" dir="0" index="2" bw="7" slack="0"/>
<pin id="720" dir="0" index="3" bw="7" slack="0"/>
<pin id="721" dir="1" index="4" bw="32" slack="0"/>
</pin_list>
<bind>
<opcode="partselect(1002) " fcode="partselect"/>
<opset="input_1/2 "/>
</bind>
</comp>

<comp id="726" class="1004" name="input_1_1_fu_726">
<pin_list>
<pin id="727" dir="0" index="0" bw="32" slack="0"/>
<pin id="728" dir="0" index="1" bw="512" slack="0"/>
<pin id="729" dir="0" index="2" bw="7" slack="0"/>
<pin id="730" dir="0" index="3" bw="7" slack="0"/>
<pin id="731" dir="1" index="4" bw="32" slack="0"/>
</pin_list>
<bind>
<opcode="partselect(1002) " fcode="partselect"/>
<opset="input_1_1/2 "/>
</bind>
</comp>

<comp id="736" class="1004" name="trunc_ln1903_fu_736">
<pin_list>
<pin id="737" dir="0" index="0" bw="512" slack="0"/>
<pin id="738" dir="1" index="1" bw="32" slack="0"/>
</pin_list>
<bind>
<opcode="trunc(33) " fcode="trunc"/>
<opset="trunc_ln1903/2 "/>
</bind>
</comp>

<comp id="740" class="1004" name="trunc_ln1903_1_fu_740">
<pin_list>
<pin id="741" dir="0" index="0" bw="512" slack="0"/>
<pin id="742" dir="1" index="1" bw="32" slack="0"/>
</pin_list>
<bind>
<opcode="trunc(33) " fcode="trunc"/>
<opset="trunc_ln1903_1/2 "/>
</bind>
</comp>

<comp id="744" class="1004" name="input_0_fu_744">
<pin_list>
<pin id="745" dir="0" index="0" bw="1" slack="1"/>
<pin id="746" dir="0" index="1" bw="32" slack="0"/>
<pin id="747" dir="0" index="2" bw="32" slack="0"/>
<pin id="748" dir="1" index="3" bw="32" slack="1"/>
</pin_list>
<bind>
<opcode="select(49) " fcode="select"/>
<opset="input_0/2 "/>
</bind>
</comp>

<comp id="751" class="1004" name="cosine_2_fu_751">
<pin_list>
<pin id="752" dir="0" index="0" bw="1" slack="1"/>
<pin id="753" dir="0" index="1" bw="19" slack="0"/>
<pin id="754" dir="0" index="2" bw="19" slack="0"/>
<pin id="755" dir="1" index="3" bw="19" slack="0"/>
</pin_list>
<bind>
<opcode="select(49) " fcode="select"/>
<opset="cosine_2/2 "/>
</bind>
</comp>

<comp id="758" class="1004" name="sine_2_fu_758">
<pin_list>
<pin id="759" dir="0" index="0" bw="1" slack="1"/>
<pin id="760" dir="0" index="1" bw="19" slack="0"/>
<pin id="761" dir="0" index="2" bw="19" slack="0"/>
<pin id="762" dir="1" index="3" bw="19" slack="0"/>
</pin_list>
<bind>
<opcode="select(49) " fcode="select"/>
<opset="sine_2/2 "/>
</bind>
</comp>

<comp id="765" class="1004" name="input_1_3_fu_765">
<pin_list>
<pin id="766" dir="0" index="0" bw="1" slack="1"/>
<pin id="767" dir="0" index="1" bw="32" slack="0"/>
<pin id="768" dir="0" index="2" bw="32" slack="0"/>
<pin id="769" dir="1" index="3" bw="32" slack="1"/>
</pin_list>
<bind>
<opcode="select(49) " fcode="select"/>
<opset="input_1_3/2 "/>
</bind>
</comp>

<comp id="772" class="1004" name="q_shift_3_fu_772">
<pin_list>
<pin id="773" dir="0" index="0" bw="448" slack="0"/>
<pin id="774" dir="0" index="1" bw="512" slack="0"/>
<pin id="775" dir="0" index="2" bw="8" slack="0"/>
<pin id="776" dir="0" index="3" bw="10" slack="0"/>
<pin id="777" dir="1" index="4" bw="448" slack="0"/>
</pin_list>
<bind>
<opcode="partselect(1002) " fcode="partselect"/>
<opset="q_shift_3/2 "/>
</bind>
</comp>

<comp id="782" class="1004" name="zext_ln1932_fu_782">
<pin_list>
<pin id="783" dir="0" index="0" bw="448" slack="0"/>
<pin id="784" dir="1" index="1" bw="512" slack="0"/>
</pin_list>
<bind>
<opcode="zext(34) " fcode="zext"/>
<opset="zext_ln1932/2 "/>
</bind>
</comp>

<comp id="786" class="1004" name="store_ln1892_store_fu_786">
<pin_list>
<pin id="787" dir="0" index="0" bw="448" slack="0"/>
<pin id="788" dir="0" index="1" bw="512" slack="1"/>
<pin id="789" dir="1" index="2" bw="0" slack="2147483647"/>
</pin_list>
<bind>
<opcode="store(28) " fcode="store"/>
<opset="store_ln1892/2 "/>
</bind>
</comp>

<comp id="791" class="1004" name="k_shift_3_fu_791">
<pin_list>
<pin id="792" dir="0" index="0" bw="448" slack="0"/>
<pin id="793" dir="0" index="1" bw="512" slack="0"/>
<pin id="794" dir="0" index="2" bw="8" slack="0"/>
<pin id="795" dir="0" index="3" bw="10" slack="0"/>
<pin id="796" dir="1" index="4" bw="448" slack="0"/>
</pin_list>
<bind>
<opcode="partselect(1002) " fcode="partselect"/>
<opset="k_shift_3/2 "/>
</bind>
</comp>

<comp id="801" class="1004" name="zext_ln1942_fu_801">
<pin_list>
<pin id="802" dir="0" index="0" bw="448" slack="0"/>
<pin id="803" dir="1" index="1" bw="512" slack="0"/>
</pin_list>
<bind>
<opcode="zext(34) " fcode="zext"/>
<opset="zext_ln1942/2 "/>
</bind>
</comp>

<comp id="805" class="1004" name="store_ln1893_store_fu_805">
<pin_list>
<pin id="806" dir="0" index="0" bw="448" slack="0"/>
<pin id="807" dir="0" index="1" bw="512" slack="1"/>
<pin id="808" dir="1" index="2" bw="0" slack="2147483647"/>
</pin_list>
<bind>
<opcode="store(28) " fcode="store"/>
<opset="store_ln1893/2 "/>
</bind>
</comp>

<comp id="810" class="1004" name="store_ln1896_store_fu_810">
<pin_list>
<pin id="811" dir="0" index="0" bw="19" slack="0"/>
<pin id="812" dir="0" index="1" bw="19" slack="1"/>
<pin id="813" dir="1" index="2" bw="0" slack="2147483647"/>
</pin_list>
<bind>
<opcode="store(28) " fcode="store"/>
<opset="store_ln1896/2 "/>
</bind>
</comp>

<comp id="815" class="1004" name="store_ln1895_store_fu_815">
<pin_list>
<pin id="816" dir="0" index="0" bw="19" slack="0"/>
<pin id="817" dir="0" index="1" bw="19" slack="1"/>
<pin id="818" dir="1" index="2" bw="0" slack="2147483647"/>
</pin_list>
<bind>
<opcode="store(28) " fcode="store"/>
<opset="store_ln1895/2 "/>
</bind>
</comp>

<comp id="820" class="1004" name="sext_ln45_fu_820">
<pin_list>
<pin id="821" dir="0" index="0" bw="32" slack="1"/>
<pin id="822" dir="1" index="1" bw="51" slack="0"/>
</pin_list>
<bind>
<opcode="sext(35) " fcode="sext"/>
<opset="sext_ln45/3 "/>
</bind>
</comp>

<comp id="825" class="1004" name="sext_ln45_1_fu_825">
<pin_list>
<pin id="826" dir="0" index="0" bw="19" slack="1"/>
<pin id="827" dir="1" index="1" bw="51" slack="0"/>
</pin_list>
<bind>
<opcode="sext(35) " fcode="sext"/>
<opset="sext_ln45_1/3 "/>
</bind>
</comp>

<comp id="830" class="1004" name="sext_ln46_fu_830">
<pin_list>
<pin id="831" dir="0" index="0" bw="32" slack="1"/>
<pin id="832" dir="1" index="1" bw="51" slack="0"/>
</pin_list>
<bind>
<opcode="sext(35) " fcode="sext"/>
<opset="sext_ln46/3 "/>
</bind>
</comp>

<comp id="835" class="1004" name="sext_ln46_1_fu_835">
<pin_list>
<pin id="836" dir="0" index="0" bw="19" slack="1"/>
<pin id="837" dir="1" index="1" bw="51" slack="0"/>
</pin_list>
<bind>
<opcode="sext(35) " fcode="sext"/>
<opset="sext_ln46_1/3 "/>
</bind>
</comp>

<comp id="840" class="1004" name="trunc_ln47_fu_840">
<pin_list>
<pin id="841" dir="0" index="0" bw="51" slack="0"/>
<pin id="842" dir="1" index="1" bw="49" slack="1"/>
</pin_list>
<bind>
<opcode="trunc(33) " fcode="trunc"/>
<opset="trunc_ln47/6 "/>
</bind>
</comp>

<comp id="844" class="1004" name="trunc_ln48_fu_844">
<pin_list>
<pin id="845" dir="0" index="0" bw="51" slack="0"/>
<pin id="846" dir="1" index="1" bw="49" slack="1"/>
</pin_list>
<bind>
<opcode="trunc(33) " fcode="trunc"/>
<opset="trunc_ln48/6 "/>
</bind>
</comp>

<comp id="848" class="1004" name="combined_fu_848">
<pin_list>
<pin id="849" dir="0" index="0" bw="51" slack="1"/>
<pin id="850" dir="0" index="1" bw="51" slack="1"/>
<pin id="851" dir="1" index="2" bw="51" slack="0"/>
</pin_list>
<bind>
<opcode="sub(10) " fcode="sub"/>
<opset="combined/7 "/>
</bind>
</comp>

<comp id="852" class="1004" name="trunc_ln_fu_852">
<pin_list>
<pin id="853" dir="0" index="0" bw="34" slack="0"/>
<pin id="854" dir="0" index="1" bw="51" slack="0"/>
<pin id="855" dir="0" index="2" bw="6" slack="0"/>
<pin id="856" dir="0" index="3" bw="7" slack="0"/>
<pin id="857" dir="1" index="4" bw="34" slack="0"/>
</pin_list>
<bind>
<opcode="partselect(1002) " fcode="partselect"/>
<opset="trunc_ln/7 "/>
</bind>
</comp>

<comp id="862" class="1004" name="tmp_fu_862">
<pin_list>
<pin id="863" dir="0" index="0" bw="3" slack="0"/>
<pin id="864" dir="0" index="1" bw="51" slack="0"/>
<pin id="865" dir="0" index="2" bw="7" slack="0"/>
<pin id="866" dir="0" index="3" bw="7" slack="0"/>
<pin id="867" dir="1" index="4" bw="3" slack="0"/>
</pin_list>
<bind>
<opcode="partselect(1002) " fcode="partselect"/>
<opset="tmp/7 "/>
</bind>
</comp>

<comp id="872" class="1004" name="icmp_ln61_fu_872">
<pin_list>
<pin id="873" dir="0" index="0" bw="3" slack="0"/>
<pin id="874" dir="0" index="1" bw="1" slack="0"/>
<pin id="875" dir="1" index="2" bw="1" slack="0"/>
</pin_list>
<bind>
<opcode="icmp(45) " fcode="icmp"/>
<opset="icmp_ln61/7 "/>
</bind>
</comp>

<comp id="878" class="1004" name="icmp_ln64_fu_878">
<pin_list>
<pin id="879" dir="0" index="0" bw="34" slack="0"/>
<pin id="880" dir="0" index="1" bw="32" slack="0"/>
<pin id="881" dir="1" index="2" bw="1" slack="0"/>
</pin_list>
<bind>
<opcode="icmp(45) " fcode="icmp"/>
<opset="icmp_ln64/7 "/>
</bind>
</comp>

<comp id="884" class="1004" name="trunc_ln1_fu_884">
<pin_list>
<pin id="885" dir="0" index="0" bw="32" slack="0"/>
<pin id="886" dir="0" index="1" bw="51" slack="0"/>
<pin id="887" dir="0" index="2" bw="6" slack="0"/>
<pin id="888" dir="0" index="3" bw="7" slack="0"/>
<pin id="889" dir="1" index="4" bw="32" slack="0"/>
</pin_list>
<bind>
<opcode="partselect(1002) " fcode="partselect"/>
<opset="trunc_ln1/7 "/>
</bind>
</comp>

<comp id="894" class="1004" name="select_ln61_fu_894">
<pin_list>
<pin id="895" dir="0" index="0" bw="1" slack="0"/>
<pin id="896" dir="0" index="1" bw="32" slack="0"/>
<pin id="897" dir="0" index="2" bw="32" slack="0"/>
<pin id="898" dir="1" index="3" bw="32" slack="0"/>
</pin_list>
<bind>
<opcode="select(49) " fcode="select"/>
<opset="select_ln61/7 "/>
</bind>
</comp>

<comp id="902" class="1004" name="or_ln61_fu_902">
<pin_list>
<pin id="903" dir="0" index="0" bw="1" slack="0"/>
<pin id="904" dir="0" index="1" bw="1" slack="0"/>
<pin id="905" dir="1" index="2" bw="1" slack="0"/>
</pin_list>
<bind>
<opcode="or(24) " fcode="or"/>
<opset="or_ln61/7 "/>
</bind>
</comp>

<comp id="908" class="1004" name="rotated_0_fu_908">
<pin_list>
<pin id="909" dir="0" index="0" bw="1" slack="0"/>
<pin id="910" dir="0" index="1" bw="32" slack="0"/>
<pin id="911" dir="0" index="2" bw="32" slack="0"/>
<pin id="912" dir="1" index="3" bw="32" slack="1"/>
</pin_list>
<bind>
<opcode="select(49) " fcode="select"/>
<opset="rotated_0/7 "/>
</bind>
</comp>

<comp id="916" class="1004" name="sext_ln53_fu_916">
<pin_list>
<pin id="917" dir="0" index="0" bw="51" slack="1"/>
<pin id="918" dir="1" index="1" bw="52" slack="0"/>
</pin_list>
<bind>
<opcode="sext(35) " fcode="sext"/>
<opset="sext_ln53/7 "/>
</bind>
</comp>

<comp id="919" class="1004" name="sext_ln54_fu_919">
<pin_list>
<pin id="920" dir="0" index="0" bw="51" slack="1"/>
<pin id="921" dir="1" index="1" bw="52" slack="0"/>
</pin_list>
<bind>
<opcode="sext(35) " fcode="sext"/>
<opset="sext_ln54/7 "/>
</bind>
</comp>

<comp id="922" class="1004" name="add_ln50_fu_922">
<pin_list>
<pin id="923" dir="0" index="0" bw="49" slack="1"/>
<pin id="924" dir="0" index="1" bw="49" slack="1"/>
<pin id="925" dir="1" index="2" bw="49" slack="0"/>
</pin_list>
<bind>
<opcode="add(8) " fcode="add"/>
<opset="add_ln50/7 "/>
</bind>
</comp>

<comp id="926" class="1004" name="combined_1_fu_926">
<pin_list>
<pin id="927" dir="0" index="0" bw="51" slack="0"/>
<pin id="928" dir="0" index="1" bw="51" slack="0"/>
<pin id="929" dir="1" index="2" bw="52" slack="0"/>
</pin_list>
<bind>
<opcode="add(8) " fcode="add"/>
<opset="combined_1/7 "/>
</bind>
</comp>

<comp id="932" class="1004" name="shifted_fu_932">
<pin_list>
<pin id="933" dir="0" index="0" bw="35" slack="0"/>
<pin id="934" dir="0" index="1" bw="52" slack="0"/>
<pin id="935" dir="0" index="2" bw="6" slack="0"/>
<pin id="936" dir="0" index="3" bw="7" slack="0"/>
<pin id="937" dir="1" index="4" bw="35" slack="0"/>
</pin_list>
<bind>
<opcode="partselect(1002) " fcode="partselect"/>
<opset="shifted/7 "/>
</bind>
</comp>

<comp id="942" class="1004" name="tmp_118_fu_942">
<pin_list>
<pin id="943" dir="0" index="0" bw="4" slack="0"/>
<pin id="944" dir="0" index="1" bw="52" slack="0"/>
<pin id="945" dir="0" index="2" bw="7" slack="0"/>
<pin id="946" dir="0" index="3" bw="7" slack="0"/>
<pin id="947" dir="1" index="4" bw="4" slack="0"/>
</pin_list>
<bind>
<opcode="partselect(1002) " fcode="partselect"/>
<opset="tmp_118/7 "/>
</bind>
</comp>

<comp id="952" class="1004" name="icmp_ln61_1_fu_952">
<pin_list>
<pin id="953" dir="0" index="0" bw="4" slack="0"/>
<pin id="954" dir="0" index="1" bw="1" slack="0"/>
<pin id="955" dir="1" index="2" bw="1" slack="0"/>
</pin_list>
<bind>
<opcode="icmp(45) " fcode="icmp"/>
<opset="icmp_ln61_1/7 "/>
</bind>
</comp>

<comp id="958" class="1004" name="icmp_ln64_1_fu_958">
<pin_list>
<pin id="959" dir="0" index="0" bw="35" slack="0"/>
<pin id="960" dir="0" index="1" bw="32" slack="0"/>
<pin id="961" dir="1" index="2" bw="1" slack="0"/>
</pin_list>
<bind>
<opcode="icmp(45) " fcode="icmp"/>
<opset="icmp_ln64_1/7 "/>
</bind>
</comp>

<comp id="964" class="1004" name="trunc_ln67_1_fu_964">
<pin_list>
<pin id="965" dir="0" index="0" bw="32" slack="0"/>
<pin id="966" dir="0" index="1" bw="49" slack="0"/>
<pin id="967" dir="0" index="2" bw="6" slack="0"/>
<pin id="968" dir="0" index="3" bw="7" slack="0"/>
<pin id="969" dir="1" index="4" bw="32" slack="0"/>
</pin_list>
<bind>
<opcode="partselect(1002) " fcode="partselect"/>
<opset="trunc_ln67_1/7 "/>
</bind>
</comp>

<comp id="974" class="1004" name="select_ln61_2_fu_974">
<pin_list>
<pin id="975" dir="0" index="0" bw="1" slack="0"/>
<pin id="976" dir="0" index="1" bw="32" slack="0"/>
<pin id="977" dir="0" index="2" bw="32" slack="0"/>
<pin id="978" dir="1" index="3" bw="32" slack="0"/>
</pin_list>
<bind>
<opcode="select(49) " fcode="select"/>
<opset="select_ln61_2/7 "/>
</bind>
</comp>

<comp id="982" class="1004" name="or_ln61_1_fu_982">
<pin_list>
<pin id="983" dir="0" index="0" bw="1" slack="0"/>
<pin id="984" dir="0" index="1" bw="1" slack="0"/>
<pin id="985" dir="1" index="2" bw="1" slack="0"/>
</pin_list>
<bind>
<opcode="or(24) " fcode="or"/>
<opset="or_ln61_1/7 "/>
</bind>
</comp>

<comp id="988" class="1004" name="rotated_1_fu_988">
<pin_list>
<pin id="989" dir="0" index="0" bw="1" slack="0"/>
<pin id="990" dir="0" index="1" bw="32" slack="0"/>
<pin id="991" dir="0" index="2" bw="32" slack="0"/>
<pin id="992" dir="1" index="3" bw="32" slack="1"/>
</pin_list>
<bind>
<opcode="select(49) " fcode="select"/>
<opset="rotated_1/7 "/>
</bind>
</comp>

<comp id="996" class="1004" name="rotated_k_word_load_load_fu_996">
<pin_list>
<pin id="997" dir="0" index="0" bw="512" slack="7"/>
<pin id="998" dir="1" index="1" bw="512" slack="0"/>
</pin_list>
<bind>
<opcode="load(27) " fcode="load"/>
<opset="rotated_k_word_load/8 "/>
</bind>
</comp>

<comp id="999" class="1004" name="select_ln1889_3_fu_999">
<pin_list>
<pin id="1000" dir="0" index="0" bw="1" slack="7"/>
<pin id="1001" dir="0" index="1" bw="1" slack="0"/>
<pin id="1002" dir="0" index="2" bw="512" slack="0"/>
<pin id="1003" dir="1" index="3" bw="512" slack="0"/>
</pin_list>
<bind>
<opcode="select(49) " fcode="select"/>
<opset="select_ln1889_3/8 "/>
</bind>
</comp>

<comp id="1006" class="1004" name="zext_ln1908_fu_1006">
<pin_list>
<pin id="1007" dir="0" index="0" bw="3" slack="7"/>
<pin id="1008" dir="1" index="1" bw="64" slack="0"/>
</pin_list>
<bind>
<opcode="zext(34) " fcode="zext"/>
<opset="zext_ln1908/8 "/>
</bind>
</comp>

<comp id="1025" class="1004" name="store_ln1894_store_fu_1025">
<pin_list>
<pin id="1026" dir="0" index="0" bw="512" slack="0"/>
<pin id="1027" dir="0" index="1" bw="512" slack="7"/>
<pin id="1028" dir="1" index="2" bw="0" slack="2147483647"/>
</pin_list>
<bind>
<opcode="store(28) " fcode="store"/>
<opset="store_ln1894/8 "/>
</bind>
</comp>

<comp id="1030" class="1004" name="rotated_k_word_2_fu_1030">
<pin_list>
<pin id="1031" dir="0" index="0" bw="448" slack="0"/>
<pin id="1032" dir="0" index="1" bw="512" slack="0"/>
<pin id="1033" dir="0" index="2" bw="8" slack="0"/>
<pin id="1034" dir="0" index="3" bw="10" slack="0"/>
<pin id="1035" dir="1" index="4" bw="448" slack="0"/>
</pin_list>
<bind>
<opcode="partselect(1002) " fcode="partselect"/>
<opset="rotated_k_word_2/8 "/>
</bind>
</comp>

<comp id="1040" class="1004" name="rotated_k_word_1_fu_1040">
<pin_list>
<pin id="1041" dir="0" index="0" bw="512" slack="0"/>
<pin id="1042" dir="0" index="1" bw="32" slack="1"/>
<pin id="1043" dir="0" index="2" bw="32" slack="1"/>
<pin id="1044" dir="0" index="3" bw="448" slack="0"/>
<pin id="1045" dir="1" index="4" bw="512" slack="0"/>
</pin_list>
<bind>
<opcode="bitconcatenate(1004) " fcode="bitconcatenate"/>
<opset="rotated_k_word_1/8 "/>
</bind>
</comp>

<comp id="1048" class="1004" name="store_ln1894_store_fu_1048">
<pin_list>
<pin id="1049" dir="0" index="0" bw="512" slack="0"/>
<pin id="1050" dir="0" index="1" bw="512" slack="7"/>
<pin id="1051" dir="1" index="2" bw="0" slack="2147483647"/>
</pin_list>
<bind>
<opcode="store(28) " fcode="store"/>
<opset="store_ln1894/8 "/>
</bind>
</comp>

<comp id="1053" class="1004" name="rotated_k_word_load_1_load_fu_1053">
<pin_list>
<pin id="1054" dir="0" index="0" bw="512" slack="8"/>
<pin id="1055" dir="1" index="1" bw="512" slack="0"/>
</pin_list>
<bind>
<opcode="load(27) " fcode="load"/>
<opset="rotated_k_word_load_1/9 "/>
</bind>
</comp>

<comp id="1057" class="1005" name="rotated_k_word_reg_1057">
<pin_list>
<pin id="1058" dir="0" index="0" bw="512" slack="0"/>
<pin id="1059" dir="1" index="1" bw="512" slack="0"/>
</pin_list>
<bind>
<opset="rotated_k_word "/>
</bind>
</comp>

<comp id="1066" class="1005" name="cosine_reg_1066">
<pin_list>
<pin id="1067" dir="0" index="0" bw="19" slack="0"/>
<pin id="1068" dir="1" index="1" bw="19" slack="0"/>
</pin_list>
<bind>
<opset="cosine "/>
</bind>
</comp>

<comp id="1073" class="1005" name="sine_reg_1073">
<pin_list>
<pin id="1074" dir="0" index="0" bw="19" slack="0"/>
<pin id="1075" dir="1" index="1" bw="19" slack="0"/>
</pin_list>
<bind>
<opset="sine "/>
</bind>
</comp>

<comp id="1080" class="1005" name="phase_reg_1080">
<pin_list>
<pin id="1081" dir="0" index="0" bw="5" slack="0"/>
<pin id="1082" dir="1" index="1" bw="5" slack="0"/>
</pin_list>
<bind>
<opset="phase "/>
</bind>
</comp>

<comp id="1087" class="1005" name="word_reg_1087">
<pin_list>
<pin id="1088" dir="0" index="0" bw="4" slack="0"/>
<pin id="1089" dir="1" index="1" bw="4" slack="0"/>
</pin_list>
<bind>
<opset="word "/>
</bind>
</comp>

<comp id="1094" class="1005" name="indvar_flatten_reg_1094">
<pin_list>
<pin id="1095" dir="0" index="0" bw="8" slack="0"/>
<pin id="1096" dir="1" index="1" bw="8" slack="0"/>
</pin_list>
<bind>
<opset="indvar_flatten "/>
</bind>
</comp>

<comp id="1101" class="1005" name="q_shift_1_reg_1101">
<pin_list>
<pin id="1102" dir="0" index="0" bw="512" slack="1"/>
<pin id="1103" dir="1" index="1" bw="512" slack="1"/>
</pin_list>
<bind>
<opset="q_shift_1 "/>
</bind>
</comp>

<comp id="1107" class="1005" name="k_shift_1_reg_1107">
<pin_list>
<pin id="1108" dir="0" index="0" bw="512" slack="1"/>
<pin id="1109" dir="1" index="1" bw="512" slack="1"/>
</pin_list>
<bind>
<opset="k_shift_1 "/>
</bind>
</comp>

<comp id="1113" class="1005" name="icmp_ln1890_reg_1113">
<pin_list>
<pin id="1114" dir="0" index="0" bw="1" slack="1"/>
<pin id="1115" dir="1" index="1" bw="1" slack="2147483647"/>
</pin_list>
<bind>
<opset="icmp_ln1890 "/>
</bind>
</comp>

<comp id="1117" class="1005" name="icmp_ln1903_reg_1117">
<pin_list>
<pin id="1118" dir="0" index="0" bw="1" slack="1"/>
<pin id="1119" dir="1" index="1" bw="1" slack="1"/>
</pin_list>
<bind>
<opset="icmp_ln1903 "/>
</bind>
</comp>

<comp id="1124" class="1005" name="or_ln1889_reg_1124">
<pin_list>
<pin id="1125" dir="0" index="0" bw="1" slack="1"/>
<pin id="1126" dir="1" index="1" bw="1" slack="2147483647"/>
</pin_list>
<bind>
<opset="or_ln1889 "/>
</bind>
</comp>

<comp id="1128" class="1005" name="q_words_addr_reg_1128">
<pin_list>
<pin id="1129" dir="0" index="0" bw="3" slack="1"/>
<pin id="1130" dir="1" index="1" bw="3" slack="1"/>
</pin_list>
<bind>
<opset="q_words_addr "/>
</bind>
</comp>

<comp id="1133" class="1005" name="k_words_addr_reg_1133">
<pin_list>
<pin id="1134" dir="0" index="0" bw="3" slack="1"/>
<pin id="1135" dir="1" index="1" bw="3" slack="1"/>
</pin_list>
<bind>
<opset="k_words_addr "/>
</bind>
</comp>

<comp id="1138" class="1005" name="empty_reg_1138">
<pin_list>
<pin id="1139" dir="0" index="0" bw="3" slack="7"/>
<pin id="1140" dir="1" index="1" bw="3" slack="7"/>
</pin_list>
<bind>
<opset="empty "/>
</bind>
</comp>

<comp id="1143" class="1005" name="rotate_k_reg_1143">
<pin_list>
<pin id="1144" dir="0" index="0" bw="1" slack="1"/>
<pin id="1145" dir="1" index="1" bw="1" slack="1"/>
</pin_list>
<bind>
<opset="rotate_k "/>
</bind>
</comp>

<comp id="1151" class="1005" name="and_ln_reg_1151">
<pin_list>
<pin id="1152" dir="0" index="0" bw="4" slack="7"/>
<pin id="1153" dir="1" index="1" bw="4" slack="2147483647"/>
</pin_list>
<bind>
<opset="and_ln "/>
</bind>
</comp>

<comp id="1155" class="1005" name="local_cosine_addr_reg_1155">
<pin_list>
<pin id="1156" dir="0" index="0" bw="6" slack="1"/>
<pin id="1157" dir="1" index="1" bw="6" slack="1"/>
</pin_list>
<bind>
<opset="local_cosine_addr "/>
</bind>
</comp>

<comp id="1160" class="1005" name="local_sine_addr_reg_1160">
<pin_list>
<pin id="1161" dir="0" index="0" bw="6" slack="1"/>
<pin id="1162" dir="1" index="1" bw="6" slack="1"/>
</pin_list>
<bind>
<opset="local_sine_addr "/>
</bind>
</comp>

<comp id="1165" class="1005" name="icmp_ln1903_1_reg_1165">
<pin_list>
<pin id="1166" dir="0" index="0" bw="1" slack="8"/>
<pin id="1167" dir="1" index="1" bw="1" slack="2147483647"/>
</pin_list>
<bind>
<opset="icmp_ln1903_1 "/>
</bind>
</comp>

<comp id="1169" class="1005" name="rotated_k_words_addr_reg_1169">
<pin_list>
<pin id="1170" dir="0" index="0" bw="3" slack="8"/>
<pin id="1171" dir="1" index="1" bw="3" slack="8"/>
</pin_list>
<bind>
<opset="rotated_k_words_addr "/>
</bind>
</comp>

<comp id="1174" class="1005" name="input_0_reg_1174">
<pin_list>
<pin id="1175" dir="0" index="0" bw="32" slack="1"/>
<pin id="1176" dir="1" index="1" bw="32" slack="1"/>
</pin_list>
<bind>
<opset="input_0 "/>
</bind>
</comp>

<comp id="1179" class="1005" name="cosine_2_reg_1179">
<pin_list>
<pin id="1180" dir="0" index="0" bw="19" slack="1"/>
<pin id="1181" dir="1" index="1" bw="19" slack="1"/>
</pin_list>
<bind>
<opset="cosine_2 "/>
</bind>
</comp>

<comp id="1184" class="1005" name="sine_2_reg_1184">
<pin_list>
<pin id="1185" dir="0" index="0" bw="19" slack="1"/>
<pin id="1186" dir="1" index="1" bw="19" slack="1"/>
</pin_list>
<bind>
<opset="sine_2 "/>
</bind>
</comp>

<comp id="1189" class="1005" name="input_1_3_reg_1189">
<pin_list>
<pin id="1190" dir="0" index="0" bw="32" slack="1"/>
<pin id="1191" dir="1" index="1" bw="32" slack="1"/>
</pin_list>
<bind>
<opset="input_1_3 "/>
</bind>
</comp>

<comp id="1194" class="1005" name="sext_ln45_reg_1194">
<pin_list>
<pin id="1195" dir="0" index="0" bw="51" slack="1"/>
<pin id="1196" dir="1" index="1" bw="51" slack="1"/>
</pin_list>
<bind>
<opset="sext_ln45 "/>
</bind>
</comp>

<comp id="1200" class="1005" name="sext_ln45_1_reg_1200">
<pin_list>
<pin id="1201" dir="0" index="0" bw="51" slack="1"/>
<pin id="1202" dir="1" index="1" bw="51" slack="1"/>
</pin_list>
<bind>
<opset="sext_ln45_1 "/>
</bind>
</comp>

<comp id="1206" class="1005" name="sext_ln46_reg_1206">
<pin_list>
<pin id="1207" dir="0" index="0" bw="51" slack="1"/>
<pin id="1208" dir="1" index="1" bw="51" slack="1"/>
</pin_list>
<bind>
<opset="sext_ln46 "/>
</bind>
</comp>

<comp id="1212" class="1005" name="sext_ln46_1_reg_1212">
<pin_list>
<pin id="1213" dir="0" index="0" bw="51" slack="1"/>
<pin id="1214" dir="1" index="1" bw="51" slack="1"/>
</pin_list>
<bind>
<opset="sext_ln46_1 "/>
</bind>
</comp>

<comp id="1218" class="1005" name="product_0_reg_1218">
<pin_list>
<pin id="1219" dir="0" index="0" bw="51" slack="1"/>
<pin id="1220" dir="1" index="1" bw="51" slack="1"/>
</pin_list>
<bind>
<opset="product_0 "/>
</bind>
</comp>

<comp id="1223" class="1005" name="product_1_reg_1223">
<pin_list>
<pin id="1224" dir="0" index="0" bw="51" slack="1"/>
<pin id="1225" dir="1" index="1" bw="51" slack="1"/>
</pin_list>
<bind>
<opset="product_1 "/>
</bind>
</comp>

<comp id="1228" class="1005" name="product_0_1_reg_1228">
<pin_list>
<pin id="1229" dir="0" index="0" bw="51" slack="1"/>
<pin id="1230" dir="1" index="1" bw="51" slack="1"/>
</pin_list>
<bind>
<opset="product_0_1 "/>
</bind>
</comp>

<comp id="1233" class="1005" name="trunc_ln47_reg_1233">
<pin_list>
<pin id="1234" dir="0" index="0" bw="49" slack="1"/>
<pin id="1235" dir="1" index="1" bw="49" slack="1"/>
</pin_list>
<bind>
<opset="trunc_ln47 "/>
</bind>
</comp>

<comp id="1238" class="1005" name="product_1_1_reg_1238">
<pin_list>
<pin id="1239" dir="0" index="0" bw="51" slack="1"/>
<pin id="1240" dir="1" index="1" bw="51" slack="1"/>
</pin_list>
<bind>
<opset="product_1_1 "/>
</bind>
</comp>

<comp id="1243" class="1005" name="trunc_ln48_reg_1243">
<pin_list>
<pin id="1244" dir="0" index="0" bw="49" slack="1"/>
<pin id="1245" dir="1" index="1" bw="49" slack="1"/>
</pin_list>
<bind>
<opset="trunc_ln48 "/>
</bind>
</comp>

<comp id="1248" class="1005" name="rotated_0_reg_1248">
<pin_list>
<pin id="1249" dir="0" index="0" bw="32" slack="1"/>
<pin id="1250" dir="1" index="1" bw="32" slack="1"/>
</pin_list>
<bind>
<opset="rotated_0 "/>
</bind>
</comp>

<comp id="1261" class="1005" name="rotated_1_reg_1261">
<pin_list>
<pin id="1262" dir="0" index="0" bw="32" slack="1"/>
<pin id="1263" dir="1" index="1" bw="32" slack="1"/>
</pin_list>
<bind>
<opset="rotated_1 "/>
</bind>
</comp>

</comp_list>

<net_list>
<net id="181"><net_src comp="42" pin="0"/><net_sink comp="178" pin=0"/></net>

<net id="185"><net_src comp="42" pin="0"/><net_sink comp="182" pin=0"/></net>

<net id="189"><net_src comp="42" pin="0"/><net_sink comp="186" pin=0"/></net>

<net id="193"><net_src comp="42" pin="0"/><net_sink comp="190" pin=0"/></net>

<net id="197"><net_src comp="42" pin="0"/><net_sink comp="194" pin=0"/></net>

<net id="201"><net_src comp="42" pin="0"/><net_sink comp="198" pin=0"/></net>

<net id="205"><net_src comp="42" pin="0"/><net_sink comp="202" pin=0"/></net>

<net id="209"><net_src comp="42" pin="0"/><net_sink comp="206" pin=0"/></net>

<net id="215"><net_src comp="38" pin="0"/><net_sink comp="210" pin=0"/></net>

<net id="216"><net_src comp="78" pin="0"/><net_sink comp="210" pin=1"/></net>

<net id="222"><net_src comp="40" pin="0"/><net_sink comp="217" pin=0"/></net>

<net id="223"><net_src comp="78" pin="0"/><net_sink comp="217" pin=1"/></net>

<net id="229"><net_src comp="210" pin="3"/><net_sink comp="224" pin=0"/></net>

<net id="235"><net_src comp="217" pin="3"/><net_sink comp="230" pin=0"/></net>

<net id="241"><net_src comp="34" pin="0"/><net_sink comp="236" pin=0"/></net>

<net id="242"><net_src comp="78" pin="0"/><net_sink comp="236" pin=1"/></net>

<net id="248"><net_src comp="236" pin="3"/><net_sink comp="243" pin=0"/></net>

<net id="254"><net_src comp="36" pin="0"/><net_sink comp="249" pin=0"/></net>

<net id="255"><net_src comp="78" pin="0"/><net_sink comp="249" pin=1"/></net>

<net id="261"><net_src comp="249" pin="3"/><net_sink comp="256" pin=0"/></net>

<net id="267"><net_src comp="0" pin="0"/><net_sink comp="262" pin=0"/></net>

<net id="268"><net_src comp="78" pin="0"/><net_sink comp="262" pin=1"/></net>

<net id="274"><net_src comp="2" pin="0"/><net_sink comp="269" pin=0"/></net>

<net id="275"><net_src comp="78" pin="0"/><net_sink comp="269" pin=1"/></net>

<net id="281"><net_src comp="4" pin="0"/><net_sink comp="276" pin=0"/></net>

<net id="282"><net_src comp="78" pin="0"/><net_sink comp="276" pin=1"/></net>

<net id="288"><net_src comp="6" pin="0"/><net_sink comp="283" pin=0"/></net>

<net id="289"><net_src comp="78" pin="0"/><net_sink comp="283" pin=1"/></net>

<net id="295"><net_src comp="8" pin="0"/><net_sink comp="290" pin=0"/></net>

<net id="296"><net_src comp="78" pin="0"/><net_sink comp="290" pin=1"/></net>

<net id="302"><net_src comp="10" pin="0"/><net_sink comp="297" pin=0"/></net>

<net id="303"><net_src comp="78" pin="0"/><net_sink comp="297" pin=1"/></net>

<net id="309"><net_src comp="12" pin="0"/><net_sink comp="304" pin=0"/></net>

<net id="310"><net_src comp="78" pin="0"/><net_sink comp="304" pin=1"/></net>

<net id="316"><net_src comp="14" pin="0"/><net_sink comp="311" pin=0"/></net>

<net id="317"><net_src comp="78" pin="0"/><net_sink comp="311" pin=1"/></net>

<net id="323"><net_src comp="16" pin="0"/><net_sink comp="318" pin=0"/></net>

<net id="324"><net_src comp="78" pin="0"/><net_sink comp="318" pin=1"/></net>

<net id="330"><net_src comp="18" pin="0"/><net_sink comp="325" pin=0"/></net>

<net id="331"><net_src comp="78" pin="0"/><net_sink comp="325" pin=1"/></net>

<net id="337"><net_src comp="20" pin="0"/><net_sink comp="332" pin=0"/></net>

<net id="338"><net_src comp="78" pin="0"/><net_sink comp="332" pin=1"/></net>

<net id="344"><net_src comp="22" pin="0"/><net_sink comp="339" pin=0"/></net>

<net id="345"><net_src comp="78" pin="0"/><net_sink comp="339" pin=1"/></net>

<net id="351"><net_src comp="24" pin="0"/><net_sink comp="346" pin=0"/></net>

<net id="352"><net_src comp="78" pin="0"/><net_sink comp="346" pin=1"/></net>

<net id="358"><net_src comp="26" pin="0"/><net_sink comp="353" pin=0"/></net>

<net id="359"><net_src comp="78" pin="0"/><net_sink comp="353" pin=1"/></net>

<net id="365"><net_src comp="28" pin="0"/><net_sink comp="360" pin=0"/></net>

<net id="366"><net_src comp="78" pin="0"/><net_sink comp="360" pin=1"/></net>

<net id="372"><net_src comp="30" pin="0"/><net_sink comp="367" pin=0"/></net>

<net id="373"><net_src comp="78" pin="0"/><net_sink comp="367" pin=1"/></net>

<net id="379"><net_src comp="32" pin="0"/><net_sink comp="374" pin=0"/></net>

<net id="380"><net_src comp="78" pin="0"/><net_sink comp="374" pin=1"/></net>

<net id="386"><net_src comp="311" pin="3"/><net_sink comp="381" pin=0"/></net>

<net id="392"><net_src comp="367" pin="3"/><net_sink comp="387" pin=0"/></net>

<net id="398"><net_src comp="304" pin="3"/><net_sink comp="393" pin=0"/></net>

<net id="404"><net_src comp="360" pin="3"/><net_sink comp="399" pin=0"/></net>

<net id="410"><net_src comp="297" pin="3"/><net_sink comp="405" pin=0"/></net>

<net id="416"><net_src comp="353" pin="3"/><net_sink comp="411" pin=0"/></net>

<net id="422"><net_src comp="290" pin="3"/><net_sink comp="417" pin=0"/></net>

<net id="428"><net_src comp="346" pin="3"/><net_sink comp="423" pin=0"/></net>

<net id="434"><net_src comp="283" pin="3"/><net_sink comp="429" pin=0"/></net>

<net id="440"><net_src comp="339" pin="3"/><net_sink comp="435" pin=0"/></net>

<net id="446"><net_src comp="276" pin="3"/><net_sink comp="441" pin=0"/></net>

<net id="452"><net_src comp="332" pin="3"/><net_sink comp="447" pin=0"/></net>

<net id="458"><net_src comp="269" pin="3"/><net_sink comp="453" pin=0"/></net>

<net id="464"><net_src comp="325" pin="3"/><net_sink comp="459" pin=0"/></net>

<net id="470"><net_src comp="318" pin="3"/><net_sink comp="465" pin=0"/></net>

<net id="476"><net_src comp="374" pin="3"/><net_sink comp="471" pin=0"/></net>

<net id="491"><net_src comp="66" pin="0"/><net_sink comp="485" pin=0"/></net>

<net id="492"><net_src comp="68" pin="0"/><net_sink comp="485" pin=2"/></net>

<net id="502"><net_src comp="224" pin="3"/><net_sink comp="496" pin=0"/></net>

<net id="512"><net_src comp="230" pin="3"/><net_sink comp="506" pin=0"/></net>

<net id="533"><net_src comp="56" pin="0"/><net_sink comp="529" pin=0"/></net>

<net id="538"><net_src comp="58" pin="0"/><net_sink comp="534" pin=0"/></net>

<net id="543"><net_src comp="60" pin="0"/><net_sink comp="539" pin=0"/></net>

<net id="548"><net_src comp="62" pin="0"/><net_sink comp="544" pin=0"/></net>

<net id="553"><net_src comp="62" pin="0"/><net_sink comp="549" pin=0"/></net>

<net id="558"><net_src comp="64" pin="0"/><net_sink comp="554" pin=0"/></net>

<net id="566"><net_src comp="559" pin="1"/><net_sink comp="562" pin=0"/></net>

<net id="567"><net_src comp="70" pin="0"/><net_sink comp="562" pin=1"/></net>

<net id="572"><net_src comp="559" pin="1"/><net_sink comp="568" pin=0"/></net>

<net id="573"><net_src comp="72" pin="0"/><net_sink comp="568" pin=1"/></net>

<net id="584"><net_src comp="574" pin="1"/><net_sink comp="580" pin=0"/></net>

<net id="585"><net_src comp="74" pin="0"/><net_sink comp="580" pin=1"/></net>

<net id="590"><net_src comp="580" pin="2"/><net_sink comp="586" pin=0"/></net>

<net id="591"><net_src comp="485" pin="4"/><net_sink comp="586" pin=1"/></net>

<net id="597"><net_src comp="580" pin="2"/><net_sink comp="592" pin=0"/></net>

<net id="598"><net_src comp="60" pin="0"/><net_sink comp="592" pin=1"/></net>

<net id="599"><net_src comp="574" pin="1"/><net_sink comp="592" pin=2"/></net>

<net id="604"><net_src comp="577" pin="1"/><net_sink comp="600" pin=0"/></net>

<net id="605"><net_src comp="76" pin="0"/><net_sink comp="600" pin=1"/></net>

<net id="611"><net_src comp="580" pin="2"/><net_sink comp="606" pin=0"/></net>

<net id="612"><net_src comp="600" pin="2"/><net_sink comp="606" pin=1"/></net>

<net id="613"><net_src comp="577" pin="1"/><net_sink comp="606" pin=2"/></net>

<net id="617"><net_src comp="606" pin="3"/><net_sink comp="614" pin=0"/></net>

<net id="618"><net_src comp="614" pin="1"/><net_sink comp="210" pin=2"/></net>

<net id="619"><net_src comp="614" pin="1"/><net_sink comp="217" pin=2"/></net>

<net id="620"><net_src comp="614" pin="1"/><net_sink comp="262" pin=2"/></net>

<net id="624"><net_src comp="606" pin="3"/><net_sink comp="621" pin=0"/></net>

<net id="628"><net_src comp="592" pin="3"/><net_sink comp="625" pin=0"/></net>

<net id="635"><net_src comp="80" pin="0"/><net_sink comp="629" pin=0"/></net>

<net id="636"><net_src comp="592" pin="3"/><net_sink comp="629" pin=1"/></net>

<net id="637"><net_src comp="42" pin="0"/><net_sink comp="629" pin=2"/></net>

<net id="638"><net_src comp="82" pin="0"/><net_sink comp="629" pin=3"/></net>

<net id="644"><net_src comp="84" pin="0"/><net_sink comp="639" pin=0"/></net>

<net id="645"><net_src comp="629" pin="4"/><net_sink comp="639" pin=1"/></net>

<net id="646"><net_src comp="66" pin="0"/><net_sink comp="639" pin=2"/></net>

<net id="652"><net_src comp="86" pin="0"/><net_sink comp="647" pin=0"/></net>

<net id="653"><net_src comp="621" pin="1"/><net_sink comp="647" pin=1"/></net>

<net id="654"><net_src comp="629" pin="4"/><net_sink comp="647" pin=2"/></net>

<net id="658"><net_src comp="647" pin="3"/><net_sink comp="655" pin=0"/></net>

<net id="659"><net_src comp="655" pin="1"/><net_sink comp="236" pin=2"/></net>

<net id="660"><net_src comp="655" pin="1"/><net_sink comp="249" pin=2"/></net>

<net id="665"><net_src comp="592" pin="3"/><net_sink comp="661" pin=0"/></net>

<net id="666"><net_src comp="100" pin="0"/><net_sink comp="661" pin=1"/></net>

<net id="671"><net_src comp="661" pin="2"/><net_sink comp="667" pin=0"/></net>

<net id="672"><net_src comp="74" pin="0"/><net_sink comp="667" pin=1"/></net>

<net id="677"><net_src comp="568" pin="2"/><net_sink comp="673" pin=0"/></net>

<net id="682"><net_src comp="606" pin="3"/><net_sink comp="678" pin=0"/></net>

<net id="687"><net_src comp="661" pin="2"/><net_sink comp="683" pin=0"/></net>

<net id="691"><net_src comp="688" pin="1"/><net_sink comp="496" pin=2"/></net>

<net id="695"><net_src comp="692" pin="1"/><net_sink comp="506" pin=2"/></net>

<net id="707"><net_src comp="62" pin="0"/><net_sink comp="702" pin=1"/></net>

<net id="708"><net_src comp="699" pin="1"/><net_sink comp="702" pin=2"/></net>

<net id="714"><net_src comp="62" pin="0"/><net_sink comp="709" pin=1"/></net>

<net id="715"><net_src comp="696" pin="1"/><net_sink comp="709" pin=2"/></net>

<net id="722"><net_src comp="102" pin="0"/><net_sink comp="716" pin=0"/></net>

<net id="723"><net_src comp="506" pin="4"/><net_sink comp="716" pin=1"/></net>

<net id="724"><net_src comp="104" pin="0"/><net_sink comp="716" pin=2"/></net>

<net id="725"><net_src comp="106" pin="0"/><net_sink comp="716" pin=3"/></net>

<net id="732"><net_src comp="102" pin="0"/><net_sink comp="726" pin=0"/></net>

<net id="733"><net_src comp="496" pin="4"/><net_sink comp="726" pin=1"/></net>

<net id="734"><net_src comp="104" pin="0"/><net_sink comp="726" pin=2"/></net>

<net id="735"><net_src comp="106" pin="0"/><net_sink comp="726" pin=3"/></net>

<net id="739"><net_src comp="506" pin="4"/><net_sink comp="736" pin=0"/></net>

<net id="743"><net_src comp="496" pin="4"/><net_sink comp="740" pin=0"/></net>

<net id="749"><net_src comp="736" pin="1"/><net_sink comp="744" pin=1"/></net>

<net id="750"><net_src comp="740" pin="1"/><net_sink comp="744" pin=2"/></net>

<net id="756"><net_src comp="709" pin="3"/><net_sink comp="751" pin=1"/></net>

<net id="757"><net_src comp="243" pin="3"/><net_sink comp="751" pin=2"/></net>

<net id="763"><net_src comp="702" pin="3"/><net_sink comp="758" pin=1"/></net>

<net id="764"><net_src comp="256" pin="3"/><net_sink comp="758" pin=2"/></net>

<net id="770"><net_src comp="716" pin="4"/><net_sink comp="765" pin=1"/></net>

<net id="771"><net_src comp="726" pin="4"/><net_sink comp="765" pin=2"/></net>

<net id="778"><net_src comp="108" pin="0"/><net_sink comp="772" pin=0"/></net>

<net id="779"><net_src comp="496" pin="4"/><net_sink comp="772" pin=1"/></net>

<net id="780"><net_src comp="110" pin="0"/><net_sink comp="772" pin=2"/></net>

<net id="781"><net_src comp="112" pin="0"/><net_sink comp="772" pin=3"/></net>

<net id="785"><net_src comp="772" pin="4"/><net_sink comp="782" pin=0"/></net>

<net id="790"><net_src comp="782" pin="1"/><net_sink comp="786" pin=0"/></net>

<net id="797"><net_src comp="108" pin="0"/><net_sink comp="791" pin=0"/></net>

<net id="798"><net_src comp="506" pin="4"/><net_sink comp="791" pin=1"/></net>

<net id="799"><net_src comp="110" pin="0"/><net_sink comp="791" pin=2"/></net>

<net id="800"><net_src comp="112" pin="0"/><net_sink comp="791" pin=3"/></net>

<net id="804"><net_src comp="791" pin="4"/><net_sink comp="801" pin=0"/></net>

<net id="809"><net_src comp="801" pin="1"/><net_sink comp="805" pin=0"/></net>

<net id="814"><net_src comp="758" pin="3"/><net_sink comp="810" pin=0"/></net>

<net id="819"><net_src comp="751" pin="3"/><net_sink comp="815" pin=0"/></net>

<net id="823"><net_src comp="820" pin="1"/><net_sink comp="513" pin=0"/></net>

<net id="824"><net_src comp="820" pin="1"/><net_sink comp="521" pin=0"/></net>

<net id="828"><net_src comp="825" pin="1"/><net_sink comp="513" pin=1"/></net>

<net id="829"><net_src comp="825" pin="1"/><net_sink comp="525" pin=1"/></net>

<net id="833"><net_src comp="830" pin="1"/><net_sink comp="517" pin=0"/></net>

<net id="834"><net_src comp="830" pin="1"/><net_sink comp="525" pin=0"/></net>

<net id="838"><net_src comp="835" pin="1"/><net_sink comp="517" pin=1"/></net>

<net id="839"><net_src comp="835" pin="1"/><net_sink comp="521" pin=1"/></net>

<net id="843"><net_src comp="521" pin="2"/><net_sink comp="840" pin=0"/></net>

<net id="847"><net_src comp="525" pin="2"/><net_sink comp="844" pin=0"/></net>

<net id="858"><net_src comp="120" pin="0"/><net_sink comp="852" pin=0"/></net>

<net id="859"><net_src comp="848" pin="2"/><net_sink comp="852" pin=1"/></net>

<net id="860"><net_src comp="122" pin="0"/><net_sink comp="852" pin=2"/></net>

<net id="861"><net_src comp="124" pin="0"/><net_sink comp="852" pin=3"/></net>

<net id="868"><net_src comp="126" pin="0"/><net_sink comp="862" pin=0"/></net>

<net id="869"><net_src comp="848" pin="2"/><net_sink comp="862" pin=1"/></net>

<net id="870"><net_src comp="128" pin="0"/><net_sink comp="862" pin=2"/></net>

<net id="871"><net_src comp="124" pin="0"/><net_sink comp="862" pin=3"/></net>

<net id="876"><net_src comp="862" pin="4"/><net_sink comp="872" pin=0"/></net>

<net id="877"><net_src comp="130" pin="0"/><net_sink comp="872" pin=1"/></net>

<net id="882"><net_src comp="852" pin="4"/><net_sink comp="878" pin=0"/></net>

<net id="883"><net_src comp="132" pin="0"/><net_sink comp="878" pin=1"/></net>

<net id="890"><net_src comp="134" pin="0"/><net_sink comp="884" pin=0"/></net>

<net id="891"><net_src comp="848" pin="2"/><net_sink comp="884" pin=1"/></net>

<net id="892"><net_src comp="122" pin="0"/><net_sink comp="884" pin=2"/></net>

<net id="893"><net_src comp="128" pin="0"/><net_sink comp="884" pin=3"/></net>

<net id="899"><net_src comp="872" pin="2"/><net_sink comp="894" pin=0"/></net>

<net id="900"><net_src comp="136" pin="0"/><net_sink comp="894" pin=1"/></net>

<net id="901"><net_src comp="138" pin="0"/><net_sink comp="894" pin=2"/></net>

<net id="906"><net_src comp="872" pin="2"/><net_sink comp="902" pin=0"/></net>

<net id="907"><net_src comp="878" pin="2"/><net_sink comp="902" pin=1"/></net>

<net id="913"><net_src comp="902" pin="2"/><net_sink comp="908" pin=0"/></net>

<net id="914"><net_src comp="894" pin="3"/><net_sink comp="908" pin=1"/></net>

<net id="915"><net_src comp="884" pin="4"/><net_sink comp="908" pin=2"/></net>

<net id="930"><net_src comp="919" pin="1"/><net_sink comp="926" pin=0"/></net>

<net id="931"><net_src comp="916" pin="1"/><net_sink comp="926" pin=1"/></net>

<net id="938"><net_src comp="140" pin="0"/><net_sink comp="932" pin=0"/></net>

<net id="939"><net_src comp="926" pin="2"/><net_sink comp="932" pin=1"/></net>

<net id="940"><net_src comp="122" pin="0"/><net_sink comp="932" pin=2"/></net>

<net id="941"><net_src comp="142" pin="0"/><net_sink comp="932" pin=3"/></net>

<net id="948"><net_src comp="144" pin="0"/><net_sink comp="942" pin=0"/></net>

<net id="949"><net_src comp="926" pin="2"/><net_sink comp="942" pin=1"/></net>

<net id="950"><net_src comp="128" pin="0"/><net_sink comp="942" pin=2"/></net>

<net id="951"><net_src comp="142" pin="0"/><net_sink comp="942" pin=3"/></net>

<net id="956"><net_src comp="942" pin="4"/><net_sink comp="952" pin=0"/></net>

<net id="957"><net_src comp="58" pin="0"/><net_sink comp="952" pin=1"/></net>

<net id="962"><net_src comp="932" pin="4"/><net_sink comp="958" pin=0"/></net>

<net id="963"><net_src comp="146" pin="0"/><net_sink comp="958" pin=1"/></net>

<net id="970"><net_src comp="148" pin="0"/><net_sink comp="964" pin=0"/></net>

<net id="971"><net_src comp="922" pin="2"/><net_sink comp="964" pin=1"/></net>

<net id="972"><net_src comp="122" pin="0"/><net_sink comp="964" pin=2"/></net>

<net id="973"><net_src comp="128" pin="0"/><net_sink comp="964" pin=3"/></net>

<net id="979"><net_src comp="952" pin="2"/><net_sink comp="974" pin=0"/></net>

<net id="980"><net_src comp="136" pin="0"/><net_sink comp="974" pin=1"/></net>

<net id="981"><net_src comp="138" pin="0"/><net_sink comp="974" pin=2"/></net>

<net id="986"><net_src comp="952" pin="2"/><net_sink comp="982" pin=0"/></net>

<net id="987"><net_src comp="958" pin="2"/><net_sink comp="982" pin=1"/></net>

<net id="993"><net_src comp="982" pin="2"/><net_sink comp="988" pin=0"/></net>

<net id="994"><net_src comp="974" pin="3"/><net_sink comp="988" pin=1"/></net>

<net id="995"><net_src comp="964" pin="4"/><net_sink comp="988" pin=2"/></net>

<net id="1004"><net_src comp="64" pin="0"/><net_sink comp="999" pin=1"/></net>

<net id="1005"><net_src comp="996" pin="1"/><net_sink comp="999" pin=2"/></net>

<net id="1009"><net_src comp="1006" pin="1"/><net_sink comp="269" pin=2"/></net>

<net id="1010"><net_src comp="1006" pin="1"/><net_sink comp="276" pin=2"/></net>

<net id="1011"><net_src comp="1006" pin="1"/><net_sink comp="283" pin=2"/></net>

<net id="1012"><net_src comp="1006" pin="1"/><net_sink comp="290" pin=2"/></net>

<net id="1013"><net_src comp="1006" pin="1"/><net_sink comp="297" pin=2"/></net>

<net id="1014"><net_src comp="1006" pin="1"/><net_sink comp="304" pin=2"/></net>

<net id="1015"><net_src comp="1006" pin="1"/><net_sink comp="311" pin=2"/></net>

<net id="1016"><net_src comp="1006" pin="1"/><net_sink comp="318" pin=2"/></net>

<net id="1017"><net_src comp="1006" pin="1"/><net_sink comp="325" pin=2"/></net>

<net id="1018"><net_src comp="1006" pin="1"/><net_sink comp="332" pin=2"/></net>

<net id="1019"><net_src comp="1006" pin="1"/><net_sink comp="339" pin=2"/></net>

<net id="1020"><net_src comp="1006" pin="1"/><net_sink comp="346" pin=2"/></net>

<net id="1021"><net_src comp="1006" pin="1"/><net_sink comp="353" pin=2"/></net>

<net id="1022"><net_src comp="1006" pin="1"/><net_sink comp="360" pin=2"/></net>

<net id="1023"><net_src comp="1006" pin="1"/><net_sink comp="367" pin=2"/></net>

<net id="1024"><net_src comp="1006" pin="1"/><net_sink comp="374" pin=2"/></net>

<net id="1029"><net_src comp="999" pin="3"/><net_sink comp="1025" pin=0"/></net>

<net id="1036"><net_src comp="108" pin="0"/><net_sink comp="1030" pin=0"/></net>

<net id="1037"><net_src comp="999" pin="3"/><net_sink comp="1030" pin=1"/></net>

<net id="1038"><net_src comp="110" pin="0"/><net_sink comp="1030" pin=2"/></net>

<net id="1039"><net_src comp="112" pin="0"/><net_sink comp="1030" pin=3"/></net>

<net id="1046"><net_src comp="176" pin="0"/><net_sink comp="1040" pin=0"/></net>

<net id="1047"><net_src comp="1030" pin="4"/><net_sink comp="1040" pin=3"/></net>

<net id="1052"><net_src comp="1040" pin="4"/><net_sink comp="1048" pin=0"/></net>

<net id="1056"><net_src comp="1053" pin="1"/><net_sink comp="477" pin=1"/></net>

<net id="1060"><net_src comp="178" pin="1"/><net_sink comp="1057" pin=0"/></net>

<net id="1061"><net_src comp="1057" pin="1"/><net_sink comp="554" pin=1"/></net>

<net id="1062"><net_src comp="1057" pin="1"/><net_sink comp="996" pin=0"/></net>

<net id="1063"><net_src comp="1057" pin="1"/><net_sink comp="1025" pin=1"/></net>

<net id="1064"><net_src comp="1057" pin="1"/><net_sink comp="1048" pin=1"/></net>

<net id="1065"><net_src comp="1057" pin="1"/><net_sink comp="1053" pin=0"/></net>

<net id="1069"><net_src comp="182" pin="1"/><net_sink comp="1066" pin=0"/></net>

<net id="1070"><net_src comp="1066" pin="1"/><net_sink comp="549" pin=1"/></net>

<net id="1071"><net_src comp="1066" pin="1"/><net_sink comp="696" pin=0"/></net>

<net id="1072"><net_src comp="1066" pin="1"/><net_sink comp="815" pin=1"/></net>

<net id="1076"><net_src comp="186" pin="1"/><net_sink comp="1073" pin=0"/></net>

<net id="1077"><net_src comp="1073" pin="1"/><net_sink comp="544" pin=1"/></net>

<net id="1078"><net_src comp="1073" pin="1"/><net_sink comp="699" pin=0"/></net>

<net id="1079"><net_src comp="1073" pin="1"/><net_sink comp="810" pin=1"/></net>

<net id="1083"><net_src comp="190" pin="1"/><net_sink comp="1080" pin=0"/></net>

<net id="1084"><net_src comp="1080" pin="1"/><net_sink comp="539" pin=1"/></net>

<net id="1085"><net_src comp="1080" pin="1"/><net_sink comp="574" pin=0"/></net>

<net id="1086"><net_src comp="1080" pin="1"/><net_sink comp="683" pin=1"/></net>

<net id="1090"><net_src comp="194" pin="1"/><net_sink comp="1087" pin=0"/></net>

<net id="1091"><net_src comp="1087" pin="1"/><net_sink comp="534" pin=1"/></net>

<net id="1092"><net_src comp="1087" pin="1"/><net_sink comp="577" pin=0"/></net>

<net id="1093"><net_src comp="1087" pin="1"/><net_sink comp="678" pin=1"/></net>

<net id="1097"><net_src comp="198" pin="1"/><net_sink comp="1094" pin=0"/></net>

<net id="1098"><net_src comp="1094" pin="1"/><net_sink comp="529" pin=1"/></net>

<net id="1099"><net_src comp="1094" pin="1"/><net_sink comp="559" pin=0"/></net>

<net id="1100"><net_src comp="1094" pin="1"/><net_sink comp="673" pin=1"/></net>

<net id="1104"><net_src comp="202" pin="1"/><net_sink comp="1101" pin=0"/></net>

<net id="1105"><net_src comp="1101" pin="1"/><net_sink comp="688" pin=0"/></net>

<net id="1106"><net_src comp="1101" pin="1"/><net_sink comp="786" pin=1"/></net>

<net id="1110"><net_src comp="206" pin="1"/><net_sink comp="1107" pin=0"/></net>

<net id="1111"><net_src comp="1107" pin="1"/><net_sink comp="692" pin=0"/></net>

<net id="1112"><net_src comp="1107" pin="1"/><net_sink comp="805" pin=1"/></net>

<net id="1116"><net_src comp="562" pin="2"/><net_sink comp="1113" pin=0"/></net>

<net id="1120"><net_src comp="580" pin="2"/><net_sink comp="1117" pin=0"/></net>

<net id="1121"><net_src comp="1117" pin="1"/><net_sink comp="702" pin=0"/></net>

<net id="1122"><net_src comp="1117" pin="1"/><net_sink comp="709" pin=0"/></net>

<net id="1123"><net_src comp="1117" pin="1"/><net_sink comp="999" pin=0"/></net>

<net id="1127"><net_src comp="586" pin="2"/><net_sink comp="1124" pin=0"/></net>

<net id="1131"><net_src comp="210" pin="3"/><net_sink comp="1128" pin=0"/></net>

<net id="1132"><net_src comp="1128" pin="1"/><net_sink comp="224" pin=0"/></net>

<net id="1136"><net_src comp="217" pin="3"/><net_sink comp="1133" pin=0"/></net>

<net id="1137"><net_src comp="1133" pin="1"/><net_sink comp="230" pin=0"/></net>

<net id="1141"><net_src comp="621" pin="1"/><net_sink comp="1138" pin=0"/></net>

<net id="1142"><net_src comp="1138" pin="1"/><net_sink comp="1006" pin=0"/></net>

<net id="1146"><net_src comp="625" pin="1"/><net_sink comp="1143" pin=0"/></net>

<net id="1147"><net_src comp="1143" pin="1"/><net_sink comp="744" pin=0"/></net>

<net id="1148"><net_src comp="1143" pin="1"/><net_sink comp="751" pin=0"/></net>

<net id="1149"><net_src comp="1143" pin="1"/><net_sink comp="758" pin=0"/></net>

<net id="1150"><net_src comp="1143" pin="1"/><net_sink comp="765" pin=0"/></net>

<net id="1154"><net_src comp="639" pin="3"/><net_sink comp="1151" pin=0"/></net>

<net id="1158"><net_src comp="236" pin="3"/><net_sink comp="1155" pin=0"/></net>

<net id="1159"><net_src comp="1155" pin="1"/><net_sink comp="243" pin=0"/></net>

<net id="1163"><net_src comp="249" pin="3"/><net_sink comp="1160" pin=0"/></net>

<net id="1164"><net_src comp="1160" pin="1"/><net_sink comp="256" pin=0"/></net>

<net id="1168"><net_src comp="667" pin="2"/><net_sink comp="1165" pin=0"/></net>

<net id="1172"><net_src comp="262" pin="3"/><net_sink comp="1169" pin=0"/></net>

<net id="1173"><net_src comp="1169" pin="1"/><net_sink comp="477" pin=0"/></net>

<net id="1177"><net_src comp="744" pin="3"/><net_sink comp="1174" pin=0"/></net>

<net id="1178"><net_src comp="1174" pin="1"/><net_sink comp="820" pin=0"/></net>

<net id="1182"><net_src comp="751" pin="3"/><net_sink comp="1179" pin=0"/></net>

<net id="1183"><net_src comp="1179" pin="1"/><net_sink comp="825" pin=0"/></net>

<net id="1187"><net_src comp="758" pin="3"/><net_sink comp="1184" pin=0"/></net>

<net id="1188"><net_src comp="1184" pin="1"/><net_sink comp="835" pin=0"/></net>

<net id="1192"><net_src comp="765" pin="3"/><net_sink comp="1189" pin=0"/></net>

<net id="1193"><net_src comp="1189" pin="1"/><net_sink comp="830" pin=0"/></net>

<net id="1197"><net_src comp="820" pin="1"/><net_sink comp="1194" pin=0"/></net>

<net id="1198"><net_src comp="1194" pin="1"/><net_sink comp="513" pin=0"/></net>

<net id="1199"><net_src comp="1194" pin="1"/><net_sink comp="521" pin=0"/></net>

<net id="1203"><net_src comp="825" pin="1"/><net_sink comp="1200" pin=0"/></net>

<net id="1204"><net_src comp="1200" pin="1"/><net_sink comp="513" pin=1"/></net>

<net id="1205"><net_src comp="1200" pin="1"/><net_sink comp="525" pin=1"/></net>

<net id="1209"><net_src comp="830" pin="1"/><net_sink comp="1206" pin=0"/></net>

<net id="1210"><net_src comp="1206" pin="1"/><net_sink comp="517" pin=0"/></net>

<net id="1211"><net_src comp="1206" pin="1"/><net_sink comp="525" pin=0"/></net>

<net id="1215"><net_src comp="835" pin="1"/><net_sink comp="1212" pin=0"/></net>

<net id="1216"><net_src comp="1212" pin="1"/><net_sink comp="517" pin=1"/></net>

<net id="1217"><net_src comp="1212" pin="1"/><net_sink comp="521" pin=1"/></net>

<net id="1221"><net_src comp="513" pin="2"/><net_sink comp="1218" pin=0"/></net>

<net id="1222"><net_src comp="1218" pin="1"/><net_sink comp="848" pin=0"/></net>

<net id="1226"><net_src comp="517" pin="2"/><net_sink comp="1223" pin=0"/></net>

<net id="1227"><net_src comp="1223" pin="1"/><net_sink comp="848" pin=1"/></net>

<net id="1231"><net_src comp="521" pin="2"/><net_sink comp="1228" pin=0"/></net>

<net id="1232"><net_src comp="1228" pin="1"/><net_sink comp="916" pin=0"/></net>

<net id="1236"><net_src comp="840" pin="1"/><net_sink comp="1233" pin=0"/></net>

<net id="1237"><net_src comp="1233" pin="1"/><net_sink comp="922" pin=1"/></net>

<net id="1241"><net_src comp="525" pin="2"/><net_sink comp="1238" pin=0"/></net>

<net id="1242"><net_src comp="1238" pin="1"/><net_sink comp="919" pin=0"/></net>

<net id="1246"><net_src comp="844" pin="1"/><net_sink comp="1243" pin=0"/></net>

<net id="1247"><net_src comp="1243" pin="1"/><net_sink comp="922" pin=0"/></net>

<net id="1251"><net_src comp="908" pin="3"/><net_sink comp="1248" pin=0"/></net>

<net id="1252"><net_src comp="1248" pin="1"/><net_sink comp="381" pin=1"/></net>

<net id="1253"><net_src comp="1248" pin="1"/><net_sink comp="393" pin=1"/></net>

<net id="1254"><net_src comp="1248" pin="1"/><net_sink comp="405" pin=1"/></net>

<net id="1255"><net_src comp="1248" pin="1"/><net_sink comp="417" pin=1"/></net>

<net id="1256"><net_src comp="1248" pin="1"/><net_sink comp="429" pin=1"/></net>

<net id="1257"><net_src comp="1248" pin="1"/><net_sink comp="441" pin=1"/></net>

<net id="1258"><net_src comp="1248" pin="1"/><net_sink comp="453" pin=1"/></net>

<net id="1259"><net_src comp="1248" pin="1"/><net_sink comp="465" pin=1"/></net>

<net id="1260"><net_src comp="1248" pin="1"/><net_sink comp="1040" pin=2"/></net>

<net id="1264"><net_src comp="988" pin="3"/><net_sink comp="1261" pin=0"/></net>

<net id="1265"><net_src comp="1261" pin="1"/><net_sink comp="387" pin=1"/></net>

<net id="1266"><net_src comp="1261" pin="1"/><net_sink comp="399" pin=1"/></net>

<net id="1267"><net_src comp="1261" pin="1"/><net_sink comp="411" pin=1"/></net>

<net id="1268"><net_src comp="1261" pin="1"/><net_sink comp="423" pin=1"/></net>

<net id="1269"><net_src comp="1261" pin="1"/><net_sink comp="435" pin=1"/></net>

<net id="1270"><net_src comp="1261" pin="1"/><net_sink comp="447" pin=1"/></net>

<net id="1271"><net_src comp="1261" pin="1"/><net_sink comp="459" pin=1"/></net>

<net id="1272"><net_src comp="1261" pin="1"/><net_sink comp="471" pin=1"/></net>

<net id="1273"><net_src comp="1261" pin="1"/><net_sink comp="1040" pin=1"/></net>

</net_list>

</model> 
---------------- Datapath Model END ------------------

* FSMD analyzer results:
  - Output states:
	Port: rotated_k_words | {9 }
	Port: query | {8 }
	Port: query_2 | {8 }
	Port: query_4 | {8 }
	Port: query_6 | {8 }
	Port: query_8 | {8 }
	Port: query_10 | {8 }
	Port: query_12 | {8 }
	Port: query_14 | {8 }
	Port: query_1 | {8 }
	Port: query_3 | {8 }
	Port: query_5 | {8 }
	Port: query_7 | {8 }
	Port: query_9 | {8 }
	Port: query_11 | {8 }
	Port: query_13 | {8 }
	Port: query_15 | {8 }
 - Input state : 
	Port: swiftkv_run_bank_Pipeline_pe_rope_word_loop_pe_rope_pair_phase_loop : local_cosine | {1 2 }
	Port: swiftkv_run_bank_Pipeline_pe_rope_word_loop_pe_rope_pair_phase_loop : local_sine | {1 2 }
	Port: swiftkv_run_bank_Pipeline_pe_rope_word_loop_pe_rope_pair_phase_loop : q_words | {1 2 }
	Port: swiftkv_run_bank_Pipeline_pe_rope_word_loop_pe_rope_pair_phase_loop : k_words | {1 2 }
  - Chain level:
	State 1
		store_ln0 : 1
		store_ln1889 : 1
		store_ln1903 : 1
		store_ln1896 : 1
		store_ln1895 : 1
		store_ln1894 : 1
		first_iter_0 : 1
		indvar_flatten_load : 1
		icmp_ln1890 : 2
		add_ln1890 : 2
		br_ln1890 : 3
		phase_load : 1
		word_load : 1
		icmp_ln1903 : 2
		or_ln1889 : 3
		select_ln1889 : 3
		add_ln1891 : 2
		select_ln1890 : 3
		zext_ln1890 : 4
		q_words_addr : 5
		k_words_addr : 5
		q_shift : 6
		k_shift : 6
		empty : 4
		rotate_k : 4
		tmp_s : 4
		and_ln : 5
		lshr_ln : 5
		zext_ln1910 : 6
		local_cosine_addr : 7
		cosine_3 : 8
		local_sine_addr : 7
		sine_3 : 8
		br_ln1929 : 5
		switch_ln1930 : 6
		phase_5 : 4
		icmp_ln1903_1 : 5
		rotated_k_words_addr : 5
		br_ln1903 : 6
		store_ln1890 : 3
		store_ln1889 : 4
		store_ln1903 : 5
	State 2
		select_ln1889_1 : 1
		select_ln1889_2 : 1
		q_shift2 : 1
		k_shift1 : 1
		input_1 : 2
		input_1_1 : 2
		trunc_ln1903 : 2
		trunc_ln1903_1 : 2
		input_0 : 3
		cosine_2 : 2
		sine_2 : 2
		input_1_3 : 3
		q_shift_3 : 2
		zext_ln1932 : 3
		store_ln1892 : 4
		k_shift_3 : 2
		zext_ln1942 : 3
		store_ln1893 : 4
		store_ln1896 : 3
		store_ln1895 : 3
	State 3
		product_0 : 1
		product_1 : 1
		product_0_1 : 1
		product_1_1 : 1
	State 4
	State 5
	State 6
		specfucore_ln47 : 1
		specfucore_ln48 : 1
		trunc_ln47 : 1
		specfucore_ln47 : 1
		trunc_ln48 : 1
		specfucore_ln48 : 1
	State 7
		trunc_ln : 1
		tmp : 1
		icmp_ln61 : 2
		icmp_ln64 : 2
		trunc_ln1 : 1
		select_ln61 : 3
		or_ln61 : 3
		rotated_0 : 3
		combined_1 : 1
		shifted : 2
		tmp_118 : 2
		icmp_ln61_1 : 3
		icmp_ln64_1 : 3
		trunc_ln67_1 : 1
		select_ln61_2 : 4
		or_ln61_1 : 4
		rotated_1 : 4
	State 8
		select_ln1889_3 : 1
		query_addr : 1
		query_2_addr : 1
		query_4_addr : 1
		query_6_addr : 1
		query_8_addr : 1
		query_10_addr : 1
		query_12_addr : 1
		query_14_addr : 1
		query_1_addr : 1
		query_3_addr : 1
		query_5_addr : 1
		query_7_addr : 1
		query_9_addr : 1
		query_11_addr : 1
		query_13_addr : 1
		query_15_addr : 1
		rend9 : 1
		rend7 : 1
		rend5 : 1
		rend : 1
		store_ln1930 : 2
		store_ln1931 : 2
		store_ln1930 : 2
		store_ln1931 : 2
		store_ln1930 : 2
		store_ln1931 : 2
		store_ln1930 : 2
		store_ln1931 : 2
		store_ln1930 : 2
		store_ln1931 : 2
		store_ln1930 : 2
		store_ln1931 : 2
		store_ln1930 : 2
		store_ln1931 : 2
		store_ln1930 : 2
		store_ln1931 : 2
		store_ln1894 : 2
		rotated_k_word_2 : 2
		rotated_k_word_1 : 3
		store_ln1894 : 4
	State 9
		store_ln1945 : 1


============================================================
+ Verbose Summary: Datapath Resource usage 
============================================================

* Functional unit list:
|----------|--------------------------|---------|---------|---------|
| Operation|      Functional Unit     |   DSP   |    FF   |   LUT   |
|----------|--------------------------|---------|---------|---------|
|          |   select_ln1889_fu_592   |    0    |    0    |    5    |
|          |   select_ln1890_fu_606   |    0    |    0    |    4    |
|          |  select_ln1889_1_fu_702  |    0    |    0    |    19   |
|          |  select_ln1889_2_fu_709  |    0    |    0    |    19   |
|          |      input_0_fu_744      |    0    |    0    |    32   |
|          |      cosine_2_fu_751     |    0    |    0    |    19   |
|  select  |       sine_2_fu_758      |    0    |    0    |    19   |
|          |     input_1_3_fu_765     |    0    |    0    |    32   |
|          |    select_ln61_fu_894    |    0    |    0    |    32   |
|          |     rotated_0_fu_908     |    0    |    0    |    32   |
|          |   select_ln61_2_fu_974   |    0    |    0    |    32   |
|          |     rotated_1_fu_988     |    0    |    0    |    32   |
|          |  select_ln1889_3_fu_999  |    0    |    0    |   428   |
|----------|--------------------------|---------|---------|---------|
|          |        grp_fu_513        |    2    |    34   |    47   |
|    mul   |        grp_fu_517        |    2    |    34   |    47   |
|          |        grp_fu_521        |    2    |    34   |    47   |
|          |        grp_fu_525        |    2    |    34   |    47   |
|----------|--------------------------|---------|---------|---------|
|          |     add_ln1890_fu_568    |    0    |    0    |    15   |
|          |     add_ln1891_fu_600    |    0    |    0    |    12   |
|    add   |      phase_5_fu_661      |    0    |    0    |    12   |
|          |      add_ln50_fu_922     |    0    |    0    |    56   |
|          |     combined_1_fu_926    |    0    |    0    |    58   |
|----------|--------------------------|---------|---------|---------|
|          |    icmp_ln1890_fu_562    |    0    |    0    |    15   |
|          |    icmp_ln1903_fu_580    |    0    |    0    |    12   |
|          |   icmp_ln1903_1_fu_667   |    0    |    0    |    12   |
|   icmp   |     icmp_ln61_fu_872     |    0    |    0    |    10   |
|          |     icmp_ln64_fu_878     |    0    |    0    |    41   |
|          |    icmp_ln61_1_fu_952    |    0    |    0    |    12   |
|          |    icmp_ln64_1_fu_958    |    0    |    0    |    42   |
|----------|--------------------------|---------|---------|---------|
|    sub   |      combined_fu_848     |    0    |    0    |    58   |
|----------|--------------------------|---------|---------|---------|
|          |     or_ln1889_fu_586     |    0    |    0    |    2    |
|    or    |      or_ln61_fu_902      |    0    |    0    |    2    |
|          |     or_ln61_1_fu_982     |    0    |    0    |    2    |
|----------|--------------------------|---------|---------|---------|
|          |    zext_ln1890_fu_614    |    0    |    0    |    0    |
|          |    zext_ln1910_fu_655    |    0    |    0    |    0    |
|   zext   |    zext_ln1932_fu_782    |    0    |    0    |    0    |
|          |    zext_ln1942_fu_801    |    0    |    0    |    0    |
|          |    zext_ln1908_fu_1006   |    0    |    0    |    0    |
|----------|--------------------------|---------|---------|---------|
|          |       empty_fu_621       |    0    |    0    |    0    |
|          |      rotate_k_fu_625     |    0    |    0    |    0    |
|   trunc  |    trunc_ln1903_fu_736   |    0    |    0    |    0    |
|          |   trunc_ln1903_1_fu_740  |    0    |    0    |    0    |
|          |     trunc_ln47_fu_840    |    0    |    0    |    0    |
|          |     trunc_ln48_fu_844    |    0    |    0    |    0    |
|----------|--------------------------|---------|---------|---------|
|          |       tmp_s_fu_629       |    0    |    0    |    0    |
|          |      input_1_fu_716      |    0    |    0    |    0    |
|          |     input_1_1_fu_726     |    0    |    0    |    0    |
|          |     q_shift_3_fu_772     |    0    |    0    |    0    |
|          |     k_shift_3_fu_791     |    0    |    0    |    0    |
|partselect|      trunc_ln_fu_852     |    0    |    0    |    0    |
|          |        tmp_fu_862        |    0    |    0    |    0    |
|          |     trunc_ln1_fu_884     |    0    |    0    |    0    |
|          |      shifted_fu_932      |    0    |    0    |    0    |
|          |      tmp_118_fu_942      |    0    |    0    |    0    |
|          |    trunc_ln67_1_fu_964   |    0    |    0    |    0    |
|          | rotated_k_word_2_fu_1030 |    0    |    0    |    0    |
|----------|--------------------------|---------|---------|---------|
|          |       and_ln_fu_639      |    0    |    0    |    0    |
|bitconcatenate|      lshr_ln_fu_647      |    0    |    0    |    0    |
|          | rotated_k_word_1_fu_1040 |    0    |    0    |    0    |
|----------|--------------------------|---------|---------|---------|
|          |     sext_ln45_fu_820     |    0    |    0    |    0    |
|          |    sext_ln45_1_fu_825    |    0    |    0    |    0    |
|   sext   |     sext_ln46_fu_830     |    0    |    0    |    0    |
|          |    sext_ln46_1_fu_835    |    0    |    0    |    0    |
|          |     sext_ln53_fu_916     |    0    |    0    |    0    |
|          |     sext_ln54_fu_919     |    0    |    0    |    0    |
|----------|--------------------------|---------|---------|---------|
|   Total  |                          |    8    |   136   |   1254  |
|----------|--------------------------|---------|---------|---------|

Memories:
N/A

* Register list:
+-----------------------------+--------+
|                             |   FF   |
+-----------------------------+--------+
|       and_ln_reg_1151       |    4   |
|      cosine_2_reg_1179      |   19   |
|       cosine_reg_1066       |   19   |
|        empty_reg_1138       |    3   |
|     first_iter_0_reg_482    |    1   |
|     icmp_ln1890_reg_1113    |    1   |
|    icmp_ln1903_1_reg_1165   |    1   |
|     icmp_ln1903_reg_1117    |    1   |
|   indvar_flatten_reg_1094   |    8   |
|       input_0_reg_1174      |   32   |
|      input_1_3_reg_1189     |   32   |
|       k_shift1_reg_503      |   512  |
|      k_shift_1_reg_1107     |   512  |
|    k_words_addr_reg_1133    |    3   |
|  local_cosine_addr_reg_1155 |    6   |
|   local_sine_addr_reg_1160  |    6   |
|      or_ln1889_reg_1124     |    1   |
|        phase_reg_1080       |    5   |
|     product_0_1_reg_1228    |   51   |
|      product_0_reg_1218     |   51   |
|     product_1_1_reg_1238    |   51   |
|      product_1_reg_1223     |   51   |
|       q_shift2_reg_493      |   512  |
|      q_shift_1_reg_1101     |   512  |
|    q_words_addr_reg_1128    |    3   |
|      rotate_k_reg_1143      |    1   |
|      rotated_0_reg_1248     |   32   |
|      rotated_1_reg_1261     |   32   |
|   rotated_k_word_reg_1057   |   512  |
|rotated_k_words_addr_reg_1169|    3   |
|     sext_ln45_1_reg_1200    |   51   |
|      sext_ln45_reg_1194     |   51   |
|     sext_ln46_1_reg_1212    |   51   |
|      sext_ln46_reg_1206     |   51   |
|       sine_2_reg_1184       |   19   |
|        sine_reg_1073        |   19   |
|     trunc_ln47_reg_1233     |   49   |
|     trunc_ln48_reg_1243     |   49   |
|        word_reg_1087        |    4   |
+-----------------------------+--------+
|            Total            |  3321  |
+-----------------------------+--------+

* Multiplexer (MUX) list: 
|-------------------|------|------|------|--------||---------||---------|
|        Comp       |  Pin | Size |  BW  | S x BW ||  Delay  ||   LUT   |
|-------------------|------|------|------|--------||---------||---------|
| grp_access_fu_224 |  p0  |   2  |   3  |    6   ||    9    |
| grp_access_fu_230 |  p0  |   2  |   3  |    6   ||    9    |
| grp_access_fu_243 |  p0  |   2  |   6  |   12   ||    9    |
| grp_access_fu_256 |  p0  |   2  |   6  |   12   ||    9    |
|     grp_fu_513    |  p0  |   2  |  32  |   64   ||    9    |
|     grp_fu_513    |  p1  |   2  |  19  |   38   ||    9    |
|     grp_fu_517    |  p0  |   2  |  32  |   64   ||    9    |
|     grp_fu_517    |  p1  |   2  |  19  |   38   ||    9    |
|     grp_fu_521    |  p0  |   2  |  32  |   64   ||    9    |
|     grp_fu_521    |  p1  |   2  |  19  |   38   ||    9    |
|     grp_fu_525    |  p0  |   2  |  32  |   64   ||    9    |
|     grp_fu_525    |  p1  |   2  |  19  |   38   ||    9    |
|-------------------|------|------|------|--------||---------||---------|
|       Total       |      |      |      |   444  ||  4.644  ||   108   |
|-------------------|------|------|------|--------||---------||---------|



* Summary:
+-----------+--------+--------+--------+--------+
|           |   DSP  |  Delay |   FF   |   LUT  |
+-----------+--------+--------+--------+--------+
|  Function |    8   |    -   |   136  |  1254  |
|   Memory  |    -   |    -   |    -   |    -   |
|Multiplexer|    -   |    4   |    -   |   108  |
|  Register |    -   |    -   |  3321  |    -   |
+-----------+--------+--------+--------+--------+
|   Total   |    8   |    4   |  3457  |  1362  |
+-----------+--------+--------+--------+--------+
