

================================================================
== Vitis HLS Report for 'swiftkv_update_values_and_quantize_Pipeline_attention_normalize_lane_loop'
================================================================
* Date:           Tue Aug 11 09:18:19 2026

* Version:        2023.2 (Build 4023990 on Oct 11 2023)
* Project:        proj_int4_decoder_xo
* Solution:       solution1 (Vitis Kernel Flow Target)
* Product family: virtexuplus
* Target device:  xcu250-figd2104-2L-e


================================================================
== Performance Estimates
================================================================
+ Timing: 
    * Summary: 
    +--------+---------+----------+------------+
    |  Clock |  Target | Estimated| Uncertainty|
    +--------+---------+----------+------------+
    |ap_clk  |  3.33 ns|  2.396 ns|     0.90 ns|
    +--------+---------+----------+------------+

+ Latency: 
    * Summary: 
    +---------+---------+----------+----------+-----+-----+---------+
    |  Latency (cycles) |  Latency (absolute) |  Interval | Pipeline|
    |   min   |   max   |    min   |    max   | min | max |   Type  |
    +---------+---------+----------+----------+-----+-----+---------+
    |       41|       41|  0.137 us|  0.137 us|   41|   41|       no|
    +---------+---------+----------+----------+-----+-----+---------+

    + Detail: 
        * Instance: 
        N/A

        * Loop: 
        +---------------------------------+---------+---------+----------+-----------+-----------+------+----------+
        |                                 |  Latency (cycles) | Iteration|  Initiation Interval  | Trip |          |
        |            Loop Name            |   min   |   max   |  Latency |  achieved |   target  | Count| Pipelined|
        +---------------------------------+---------+---------+----------+-----------+-----------+------+----------+
        |- attention_normalize_lane_loop  |       39|       39|         9|          1|          1|    32|       yes|
        +---------------------------------+---------+---------+----------+-----------+-----------+------+----------+



================================================================
== Utilization Estimates
================================================================
* Summary: 
+---------------------+---------+-------+---------+---------+------+
|         Name        | BRAM_18K|  DSP  |    FF   |   LUT   | URAM |
+---------------------+---------+-------+---------+---------+------+
|DSP                  |        -|      -|        -|        -|     -|
|Expression           |        -|      -|        0|      351|     -|
|FIFO                 |        -|      -|        -|        -|     -|
|Instance             |        -|      4|       34|      127|     -|
|Memory               |        -|      -|        -|        -|     -|
|Multiplexer          |        -|      -|        -|       71|     -|
|Register             |        -|      -|      387|       64|     -|
+---------------------+---------+-------+---------+---------+------+
|Total                |        0|      4|      421|      613|     0|
+---------------------+---------+-------+---------+---------+------+
|Available SLR        |     1344|   3072|   864000|   432000|   320|
+---------------------+---------+-------+---------+---------+------+
|Utilization SLR (%)  |        0|     ~0|       ~0|       ~0|     0|
+---------------------+---------+-------+---------+---------+------+
|Available            |     5376|  12288|  3456000|  1728000|  1280|
+---------------------+---------+-------+---------+---------+------+
|Utilization (%)      |        0|     ~0|       ~0|       ~0|     0|
+---------------------+---------+-------+---------+---------+------+

+ Detail: 
    * Instance: 
    +---------------------------+----------------------+---------+----+----+----+-----+
    |          Instance         |        Module        | BRAM_18K| DSP| FF | LUT| URAM|
    +---------------------------+----------------------+---------+----+----+----+-----+
    |mul_32s_32s_49_5_1_U693    |mul_32s_32s_49_5_1    |        0|   4|  34|  47|    0|
    |sparsemux_9_2_32_1_1_U694  |sparsemux_9_2_32_1_1  |        0|   0|   0|  20|    0|
    |sparsemux_9_2_32_1_1_U695  |sparsemux_9_2_32_1_1  |        0|   0|   0|  20|    0|
    |sparsemux_9_2_32_1_1_U696  |sparsemux_9_2_32_1_1  |        0|   0|   0|  20|    0|
    |sparsemux_9_2_32_1_1_U697  |sparsemux_9_2_32_1_1  |        0|   0|   0|  20|    0|
    +---------------------------+----------------------+---------+----+----+----+-----+
    |Total                      |                      |        0|   4|  34| 127|    0|
    +---------------------------+----------------------+---------+----+----+----+-----+

    * DSP: 
    N/A

    * Memory: 
    N/A

    * FIFO: 
    N/A

    * Expression: 
    +------------------------------+----------+----+---+----+------------+------------+
    |         Variable Name        | Operation| DSP| FF| LUT| Bitwidth P0| Bitwidth P1|
    +------------------------------+----------+----+---+----+------------+------------+
    |add_ln1494_fu_430_p2          |         +|   0|  0|  13|           6|           1|
    |normalized_value_2_fu_643_p2  |         +|   0|  0|  39|          32|          32|
    |magnitude_fu_658_p2           |         -|   0|  0|  39|           1|          32|
    |and_ln1516_fu_633_p2          |       and|   0|  0|   2|           1|           1|
    |and_ln1525_1_fu_704_p2        |       and|   0|  0|   2|           1|           1|
    |and_ln1525_fu_684_p2          |       and|   0|  0|   2|           1|           1|
    |ap_condition_282              |       and|   0|  0|   2|           1|           1|
    |icmp_ln1494_fu_424_p2         |      icmp|   0|  0|  14|           6|           7|
    |icmp_ln1516_fu_595_p2         |      icmp|   0|  0|  23|          16|           1|
    |icmp_ln1525_fu_664_p2         |      icmp|   0|  0|  39|          32|           1|
    |icmp_ln1526_fu_729_p2         |      icmp|   0|  0|  39|          32|          32|
    |or_ln1516_fu_628_p2           |        or|   0|  0|   2|           1|           1|
    |magnitude_2_fu_718_p3         |    select|   0|  0|  32|           1|          32|
    |max_abs_2_fu_734_p3           |    select|   0|  0|  32|           1|          32|
    |select_ln1525_1_fu_710_p3     |    select|   0|  0|  32|           1|          32|
    |select_ln1525_fu_696_p3       |    select|   0|  0|  33|           1|          31|
    |ap_enable_pp0                 |       xor|   0|  0|   2|           1|           2|
    |xor_ln1525_1_fu_690_p2        |       xor|   0|  0|   2|           1|           1|
    |xor_ln1525_fu_678_p2          |       xor|   0|  0|   2|           1|           2|
    +------------------------------+----------+----+---+----+------------+------------+
    |Total                         |          |   0|  0| 351|         137|         243|
    +------------------------------+----------+----+---+----+------------+------------+

    * Multiplexer: 
    +-----------------------------------------------+----+-----------+-----+-----------+
    |                      Name                     | LUT| Input Size| Bits| Total Bits|
    +-----------------------------------------------+----+-----------+-----+-----------+
    |ap_done_int                                    |   9|          2|    1|          2|
    |ap_enable_reg_pp0_iter1                        |   9|          2|    1|          2|
    |ap_phi_reg_pp0_iter2_weighted_value_2_reg_390  |  26|          5|   32|        160|
    |ap_sig_allocacmp_lane_2                        |   9|          2|    6|         12|
    |lane_fu_146                                    |   9|          2|    6|         12|
    |max_abs_fu_142                                 |   9|          2|   32|         64|
    +-----------------------------------------------+----+-----------+-----+-----------+
    |Total                                          |  71|         15|   78|        252|
    +-----------------------------------------------+----+-----------+-----+-----------+

    * Register: 
    +-----------------------------------------------+----+----+-----+-----------+
    |                      Name                     | FF | LUT| Bits| Const Bits|
    +-----------------------------------------------+----+----+-----+-----------+
    |ap_CS_fsm                                      |   1|   0|    1|          0|
    |ap_done_reg                                    |   1|   0|    1|          0|
    |ap_enable_reg_pp0_iter1                        |   1|   0|    1|          0|
    |ap_enable_reg_pp0_iter2                        |   1|   0|    1|          0|
    |ap_enable_reg_pp0_iter3                        |   1|   0|    1|          0|
    |ap_enable_reg_pp0_iter4                        |   1|   0|    1|          0|
    |ap_enable_reg_pp0_iter5                        |   1|   0|    1|          0|
    |ap_enable_reg_pp0_iter6                        |   1|   0|    1|          0|
    |ap_enable_reg_pp0_iter7                        |   1|   0|    1|          0|
    |ap_enable_reg_pp0_iter8                        |   1|   0|    1|          0|
    |ap_loop_exit_ready_pp0_iter1_reg               |   1|   0|    1|          0|
    |ap_loop_exit_ready_pp0_iter2_reg               |   1|   0|    1|          0|
    |ap_loop_exit_ready_pp0_iter3_reg               |   1|   0|    1|          0|
    |ap_loop_exit_ready_pp0_iter4_reg               |   1|   0|    1|          0|
    |ap_loop_exit_ready_pp0_iter5_reg               |   1|   0|    1|          0|
    |ap_loop_exit_ready_pp0_iter6_reg               |   1|   0|    1|          0|
    |ap_loop_exit_ready_pp0_iter7_reg               |   1|   0|    1|          0|
    |ap_phi_reg_pp0_iter1_weighted_value_2_reg_390  |  32|   0|   32|          0|
    |ap_phi_reg_pp0_iter2_weighted_value_2_reg_390  |  32|   0|   32|          0|
    |icmp_ln1494_reg_776                            |   1|   0|    1|          0|
    |icmp_ln1516_reg_896                            |   1|   0|    1|          0|
    |lane_2_reg_770                                 |   6|   0|    6|          0|
    |lane_fu_146                                    |   6|   0|    6|          0|
    |magnitude_2_reg_901                            |  32|   0|   32|          0|
    |max_abs_fu_142                                 |  32|   0|   32|          0|
    |mul_ln1517_reg_889                             |  49|   0|   49|          0|
    |sext_ln1488_cast_reg_765                       |  49|   0|   49|          0|
    |update_engine_reg_780                          |   2|   0|    2|          0|
    |icmp_ln1494_reg_776                            |  64|  32|    1|          0|
    |lane_2_reg_770                                 |  64|  32|    6|          0|
    +-----------------------------------------------+----+----+-----+-----------+
    |Total                                          | 387|  64|  266|          0|
    +-----------------------------------------------+----+----+-----+-----------+



================================================================
== Interface
================================================================
* Summary: 
+-----------------------------------+-----+-----+------------+---------------------------------------------------------------------------+--------------+
|             RTL Ports             | Dir | Bits|  Protocol  |                               Source Object                               |    C Type    |
+-----------------------------------+-----+-----+------------+---------------------------------------------------------------------------+--------------+
|ap_clk                             |   in|    1|  ap_ctrl_hs|  swiftkv_update_values_and_quantize_Pipeline_attention_normalize_lane_loop|  return value|
|ap_rst                             |   in|    1|  ap_ctrl_hs|  swiftkv_update_values_and_quantize_Pipeline_attention_normalize_lane_loop|  return value|
|ap_start                           |   in|    1|  ap_ctrl_hs|  swiftkv_update_values_and_quantize_Pipeline_attention_normalize_lane_loop|  return value|
|ap_done                            |  out|    1|  ap_ctrl_hs|  swiftkv_update_values_and_quantize_Pipeline_attention_normalize_lane_loop|  return value|
|ap_idle                            |  out|    1|  ap_ctrl_hs|  swiftkv_update_values_and_quantize_Pipeline_attention_normalize_lane_loop|  return value|
|ap_ready                           |  out|    1|  ap_ctrl_hs|  swiftkv_update_values_and_quantize_Pipeline_attention_normalize_lane_loop|  return value|
|sext_ln1488                        |   in|   32|     ap_none|                                                                sext_ln1488|        scalar|
|attention_group_address0           |  out|    5|   ap_memory|                                                            attention_group|         array|
|attention_group_ce0                |  out|    1|   ap_memory|                                                            attention_group|         array|
|attention_group_we0                |  out|    1|   ap_memory|                                                            attention_group|         array|
|attention_group_d0                 |  out|   32|   ap_memory|                                                            attention_group|         array|
|weighted_value_engine0_address0    |  out|    3|   ap_memory|                                                     weighted_value_engine0|         array|
|weighted_value_engine0_ce0         |  out|    1|   ap_memory|                                                     weighted_value_engine0|         array|
|weighted_value_engine0_q0          |   in|   32|   ap_memory|                                                     weighted_value_engine0|         array|
|weighted_value_engine0_1_address0  |  out|    3|   ap_memory|                                                   weighted_value_engine0_1|         array|
|weighted_value_engine0_1_ce0       |  out|    1|   ap_memory|                                                   weighted_value_engine0_1|         array|
|weighted_value_engine0_1_q0        |   in|   32|   ap_memory|                                                   weighted_value_engine0_1|         array|
|weighted_value_engine0_2_address0  |  out|    3|   ap_memory|                                                   weighted_value_engine0_2|         array|
|weighted_value_engine0_2_ce0       |  out|    1|   ap_memory|                                                   weighted_value_engine0_2|         array|
|weighted_value_engine0_2_q0        |   in|   32|   ap_memory|                                                   weighted_value_engine0_2|         array|
|weighted_value_engine0_3_address0  |  out|    3|   ap_memory|                                                   weighted_value_engine0_3|         array|
|weighted_value_engine0_3_ce0       |  out|    1|   ap_memory|                                                   weighted_value_engine0_3|         array|
|weighted_value_engine0_3_q0        |   in|   32|   ap_memory|                                                   weighted_value_engine0_3|         array|
|empty                              |   in|    2|     ap_none|                                                                      empty|        scalar|
|weighted_value_engine1_address0    |  out|    3|   ap_memory|                                                     weighted_value_engine1|         array|
|weighted_value_engine1_ce0         |  out|    1|   ap_memory|                                                     weighted_value_engine1|         array|
|weighted_value_engine1_q0          |   in|   32|   ap_memory|                                                     weighted_value_engine1|         array|
|weighted_value_engine1_1_address0  |  out|    3|   ap_memory|                                                   weighted_value_engine1_1|         array|
|weighted_value_engine1_1_ce0       |  out|    1|   ap_memory|                                                   weighted_value_engine1_1|         array|
|weighted_value_engine1_1_q0        |   in|   32|   ap_memory|                                                   weighted_value_engine1_1|         array|
|weighted_value_engine1_2_address0  |  out|    3|   ap_memory|                                                   weighted_value_engine1_2|         array|
|weighted_value_engine1_2_ce0       |  out|    1|   ap_memory|                                                   weighted_value_engine1_2|         array|
|weighted_value_engine1_2_q0        |   in|   32|   ap_memory|                                                   weighted_value_engine1_2|         array|
|weighted_value_engine1_3_address0  |  out|    3|   ap_memory|                                                   weighted_value_engine1_3|         array|
|weighted_value_engine1_3_ce0       |  out|    1|   ap_memory|                                                   weighted_value_engine1_3|         array|
|weighted_value_engine1_3_q0        |   in|   32|   ap_memory|                                                   weighted_value_engine1_3|         array|
|weighted_value_engine2_address0    |  out|    3|   ap_memory|                                                     weighted_value_engine2|         array|
|weighted_value_engine2_ce0         |  out|    1|   ap_memory|                                                     weighted_value_engine2|         array|
|weighted_value_engine2_q0          |   in|   32|   ap_memory|                                                     weighted_value_engine2|         array|
|weighted_value_engine2_1_address0  |  out|    3|   ap_memory|                                                   weighted_value_engine2_1|         array|
|weighted_value_engine2_1_ce0       |  out|    1|   ap_memory|                                                   weighted_value_engine2_1|         array|
|weighted_value_engine2_1_q0        |   in|   32|   ap_memory|                                                   weighted_value_engine2_1|         array|
|weighted_value_engine2_2_address0  |  out|    3|   ap_memory|                                                   weighted_value_engine2_2|         array|
|weighted_value_engine2_2_ce0       |  out|    1|   ap_memory|                                                   weighted_value_engine2_2|         array|
|weighted_value_engine2_2_q0        |   in|   32|   ap_memory|                                                   weighted_value_engine2_2|         array|
|weighted_value_engine2_3_address0  |  out|    3|   ap_memory|                                                   weighted_value_engine2_3|         array|
|weighted_value_engine2_3_ce0       |  out|    1|   ap_memory|                                                   weighted_value_engine2_3|         array|
|weighted_value_engine2_3_q0        |   in|   32|   ap_memory|                                                   weighted_value_engine2_3|         array|
|weighted_value_engine3_address0    |  out|    3|   ap_memory|                                                     weighted_value_engine3|         array|
|weighted_value_engine3_ce0         |  out|    1|   ap_memory|                                                     weighted_value_engine3|         array|
|weighted_value_engine3_q0          |   in|   32|   ap_memory|                                                     weighted_value_engine3|         array|
|weighted_value_engine3_1_address0  |  out|    3|   ap_memory|                                                   weighted_value_engine3_1|         array|
|weighted_value_engine3_1_ce0       |  out|    1|   ap_memory|                                                   weighted_value_engine3_1|         array|
|weighted_value_engine3_1_q0        |   in|   32|   ap_memory|                                                   weighted_value_engine3_1|         array|
|weighted_value_engine3_2_address0  |  out|    3|   ap_memory|                                                   weighted_value_engine3_2|         array|
|weighted_value_engine3_2_ce0       |  out|    1|   ap_memory|                                                   weighted_value_engine3_2|         array|
|weighted_value_engine3_2_q0        |   in|   32|   ap_memory|                                                   weighted_value_engine3_2|         array|
|weighted_value_engine3_3_address0  |  out|    3|   ap_memory|                                                   weighted_value_engine3_3|         array|
|weighted_value_engine3_3_ce0       |  out|    1|   ap_memory|                                                   weighted_value_engine3_3|         array|
|weighted_value_engine3_3_q0        |   in|   32|   ap_memory|                                                   weighted_value_engine3_3|         array|
|max_abs_out                        |  out|   32|      ap_vld|                                                                max_abs_out|       pointer|
|max_abs_out_ap_vld                 |  out|    1|      ap_vld|                                                                max_abs_out|       pointer|
+-----------------------------------+-----+-----+------------+---------------------------------------------------------------------------+--------------+

============================================================
+ Verbose Summary: Synthesis Manager
============================================================
InlineROM: 1
ExposeGlobal: 0
============================================================
+ Verbose Summary: CDFG Model
============================================================
IsTopModel: 0
ResetActiveHigh: 1
IsCombinational: 2
IsDatapathOnly: 2
HasWiredReturn: 1
HasMFsm: 2
HasVarLatency: 1
IsPipeline: 0
IsRtlPipelined: 0
IsInstanceOverlapped: 0
IsDontTouch: 0
HasImplIP: 0
IsGatedGlobalClock: 0

+ Individual pipeline summary: 
  * Pipeline-0: initiation interval (II) = 1, depth = 9


============================================================
+ Verbose Summary: Schedule
============================================================
* Number of FSM states : 9
* Pipeline : 1
  Pipeline-0 : II = 1, D = 9, States = { 1 2 3 4 5 6 7 8 9 }
* Dataflow Pipeline: 0

* FSM state transitions: 
1 --> 2 
2 --> 3 
3 --> 4 
4 --> 5 
5 --> 6 
6 --> 7 
7 --> 8 
8 --> 9 
9 --> 

* FSM state operations: 

State 1 <SV = 0> <Delay = 1.58>
ST_1 : Operation 12 [1/1] (0.00ns)   --->   "%max_abs = alloca i32 1" [source/swiftkv_attention.cpp:1491]   --->   Operation 12 'alloca' 'max_abs' <Predicate = true> <Delay = 0.00>
ST_1 : Operation 13 [1/1] (0.00ns)   --->   "%lane = alloca i32 1" [source/swiftkv_attention.cpp:1494]   --->   Operation 13 'alloca' 'lane' <Predicate = true> <Delay = 0.00>
ST_1 : Operation 14 [1/1] (0.00ns)   --->   "%tmp = read i2 @_ssdm_op_Read.ap_auto.i2, i2 %empty"   --->   Operation 14 'read' 'tmp' <Predicate = true> <Delay = 0.00>
ST_1 : Operation 15 [1/1] (0.00ns)   --->   "%sext_ln1488_read = read i32 @_ssdm_op_Read.ap_auto.i32, i32 %sext_ln1488"   --->   Operation 15 'read' 'sext_ln1488_read' <Predicate = true> <Delay = 0.00>
ST_1 : Operation 16 [1/1] (0.00ns)   --->   "%sext_ln1488_cast = sext i32 %sext_ln1488_read"   --->   Operation 16 'sext' 'sext_ln1488_cast' <Predicate = true> <Delay = 0.00>
ST_1 : Operation 17 [1/1] (0.00ns)   --->   "%specmemcore_ln0 = specmemcore void @_ssdm_op_SpecMemCore, i32 %attention_group, i64 666, i64 18, i64 18446744073709551615"   --->   Operation 17 'specmemcore' 'specmemcore_ln0' <Predicate = true> <Delay = 0.00>
ST_1 : Operation 18 [1/1] (0.00ns)   --->   "%specmemcore_ln0 = specmemcore void @_ssdm_op_SpecMemCore, i32 %weighted_value_engine3, i64 666, i64 22, i64 1"   --->   Operation 18 'specmemcore' 'specmemcore_ln0' <Predicate = true> <Delay = 0.00>
ST_1 : Operation 19 [1/1] (0.00ns)   --->   "%specmemcore_ln0 = specmemcore void @_ssdm_op_SpecMemCore, i32 %weighted_value_engine3_1, i64 666, i64 22, i64 1"   --->   Operation 19 'specmemcore' 'specmemcore_ln0' <Predicate = true> <Delay = 0.00>
ST_1 : Operation 20 [1/1] (0.00ns)   --->   "%specmemcore_ln0 = specmemcore void @_ssdm_op_SpecMemCore, i32 %weighted_value_engine3_2, i64 666, i64 22, i64 1"   --->   Operation 20 'specmemcore' 'specmemcore_ln0' <Predicate = true> <Delay = 0.00>
ST_1 : Operation 21 [1/1] (0.00ns)   --->   "%specmemcore_ln0 = specmemcore void @_ssdm_op_SpecMemCore, i32 %weighted_value_engine3_3, i64 666, i64 22, i64 1"   --->   Operation 21 'specmemcore' 'specmemcore_ln0' <Predicate = true> <Delay = 0.00>
ST_1 : Operation 22 [1/1] (0.00ns)   --->   "%specmemcore_ln0 = specmemcore void @_ssdm_op_SpecMemCore, i32 %weighted_value_engine2, i64 666, i64 22, i64 1"   --->   Operation 22 'specmemcore' 'specmemcore_ln0' <Predicate = true> <Delay = 0.00>
ST_1 : Operation 23 [1/1] (0.00ns)   --->   "%specmemcore_ln0 = specmemcore void @_ssdm_op_SpecMemCore, i32 %weighted_value_engine2_1, i64 666, i64 22, i64 1"   --->   Operation 23 'specmemcore' 'specmemcore_ln0' <Predicate = true> <Delay = 0.00>
ST_1 : Operation 24 [1/1] (0.00ns)   --->   "%specmemcore_ln0 = specmemcore void @_ssdm_op_SpecMemCore, i32 %weighted_value_engine2_2, i64 666, i64 22, i64 1"   --->   Operation 24 'specmemcore' 'specmemcore_ln0' <Predicate = true> <Delay = 0.00>
ST_1 : Operation 25 [1/1] (0.00ns)   --->   "%specmemcore_ln0 = specmemcore void @_ssdm_op_SpecMemCore, i32 %weighted_value_engine2_3, i64 666, i64 22, i64 1"   --->   Operation 25 'specmemcore' 'specmemcore_ln0' <Predicate = true> <Delay = 0.00>
ST_1 : Operation 26 [1/1] (0.00ns)   --->   "%specmemcore_ln0 = specmemcore void @_ssdm_op_SpecMemCore, i32 %weighted_value_engine1, i64 666, i64 22, i64 1"   --->   Operation 26 'specmemcore' 'specmemcore_ln0' <Predicate = true> <Delay = 0.00>
ST_1 : Operation 27 [1/1] (0.00ns)   --->   "%specmemcore_ln0 = specmemcore void @_ssdm_op_SpecMemCore, i32 %weighted_value_engine1_1, i64 666, i64 22, i64 1"   --->   Operation 27 'specmemcore' 'specmemcore_ln0' <Predicate = true> <Delay = 0.00>
ST_1 : Operation 28 [1/1] (0.00ns)   --->   "%specmemcore_ln0 = specmemcore void @_ssdm_op_SpecMemCore, i32 %weighted_value_engine1_2, i64 666, i64 22, i64 1"   --->   Operation 28 'specmemcore' 'specmemcore_ln0' <Predicate = true> <Delay = 0.00>
ST_1 : Operation 29 [1/1] (0.00ns)   --->   "%specmemcore_ln0 = specmemcore void @_ssdm_op_SpecMemCore, i32 %weighted_value_engine1_3, i64 666, i64 22, i64 1"   --->   Operation 29 'specmemcore' 'specmemcore_ln0' <Predicate = true> <Delay = 0.00>
ST_1 : Operation 30 [1/1] (0.00ns)   --->   "%specmemcore_ln0 = specmemcore void @_ssdm_op_SpecMemCore, i32 %weighted_value_engine0, i64 666, i64 22, i64 1"   --->   Operation 30 'specmemcore' 'specmemcore_ln0' <Predicate = true> <Delay = 0.00>
ST_1 : Operation 31 [1/1] (0.00ns)   --->   "%specmemcore_ln0 = specmemcore void @_ssdm_op_SpecMemCore, i32 %weighted_value_engine0_1, i64 666, i64 22, i64 1"   --->   Operation 31 'specmemcore' 'specmemcore_ln0' <Predicate = true> <Delay = 0.00>
ST_1 : Operation 32 [1/1] (0.00ns)   --->   "%specmemcore_ln0 = specmemcore void @_ssdm_op_SpecMemCore, i32 %weighted_value_engine0_2, i64 666, i64 22, i64 1"   --->   Operation 32 'specmemcore' 'specmemcore_ln0' <Predicate = true> <Delay = 0.00>
ST_1 : Operation 33 [1/1] (0.00ns)   --->   "%specmemcore_ln0 = specmemcore void @_ssdm_op_SpecMemCore, i32 %weighted_value_engine0_3, i64 666, i64 22, i64 1"   --->   Operation 33 'specmemcore' 'specmemcore_ln0' <Predicate = true> <Delay = 0.00>
ST_1 : Operation 34 [1/1] (0.38ns)   --->   "%store_ln1494 = store i6 0, i6 %lane" [source/swiftkv_attention.cpp:1494]   --->   Operation 34 'store' 'store_ln1494' <Predicate = true> <Delay = 0.38>
ST_1 : Operation 35 [1/1] (0.38ns)   --->   "%store_ln1491 = store i32 0, i32 %max_abs" [source/swiftkv_attention.cpp:1491]   --->   Operation 35 'store' 'store_ln1491' <Predicate = true> <Delay = 0.38>
ST_1 : Operation 36 [1/1] (0.00ns)   --->   "%br_ln0 = br void %for.body7"   --->   Operation 36 'br' 'br_ln0' <Predicate = true> <Delay = 0.00>
ST_1 : Operation 37 [1/1] (0.00ns)   --->   "%lane_2 = load i6 %lane"   --->   Operation 37 'load' 'lane_2' <Predicate = true> <Delay = 0.00>
ST_1 : Operation 38 [1/1] (0.70ns)   --->   "%icmp_ln1494 = icmp_eq  i6 %lane_2, i6 32" [source/swiftkv_attention.cpp:1494]   --->   Operation 38 'icmp' 'icmp_ln1494' <Predicate = true> <Delay = 0.70> <CoreInst = "Cmp">   --->   Core 9 'Cmp' <Latency = 0> <II = 1> <Delay = 0.70> <FuncUnit> <Opcode : 'icmp'> <InPorts = 2> <OutPorts = 1>
ST_1 : Operation 39 [1/1] (0.70ns)   --->   "%add_ln1494 = add i6 %lane_2, i6 1" [source/swiftkv_attention.cpp:1494]   --->   Operation 39 'add' 'add_ln1494' <Predicate = true> <Delay = 0.70> <CoreInst = "Adder">   --->   Core 1 'Adder' <Latency = 0> <II = 1> <Delay = 0.70> <FuncUnit> <Opcode : 'add' 'sub'> <InPorts = 2> <OutPorts = 1>
ST_1 : Operation 40 [1/1] (0.00ns)   --->   "%br_ln1494 = br i1 %icmp_ln1494, void %for.body7.split, void %for.end_ifconv.exitStub" [source/swiftkv_attention.cpp:1494]   --->   Operation 40 'br' 'br_ln1494' <Predicate = true> <Delay = 0.00>
ST_1 : Operation 41 [1/1] (0.00ns)   --->   "%tmp_17 = bitselect i1 @_ssdm_op_BitSelect.i1.i6.i32, i6 %lane_2, i32 4"   --->   Operation 41 'bitselect' 'tmp_17' <Predicate = (!icmp_ln1494)> <Delay = 0.00>
ST_1 : Operation 42 [1/1] (0.00ns)   --->   "%update_phase = bitconcatenate i3 @_ssdm_op_BitConcatenate.i3.i2.i1, i2 %tmp, i1 %tmp_17"   --->   Operation 42 'bitconcatenate' 'update_phase' <Predicate = (!icmp_ln1494)> <Delay = 0.00>
ST_1 : Operation 43 [1/1] (0.00ns)   --->   "%update_engine = partselect i2 @_ssdm_op_PartSelect.i2.i6.i32.i32, i6 %lane_2, i32 2, i32 3" [source/swiftkv_attention.cpp:1500]   --->   Operation 43 'partselect' 'update_engine' <Predicate = (!icmp_ln1494)> <Delay = 0.00>
ST_1 : Operation 44 [1/1] (0.00ns)   --->   "%zext_ln1501 = zext i3 %update_phase" [source/swiftkv_attention.cpp:1501]   --->   Operation 44 'zext' 'zext_ln1501' <Predicate = (!icmp_ln1494)> <Delay = 0.00>
ST_1 : Operation 45 [1/1] (0.66ns)   --->   "%switch_ln1506 = switch i2 %update_engine, void %if.else22, i2 0, void %if.then, i2 1, void %if.then14, i2 2, void %if.then19" [source/swiftkv_attention.cpp:1506]   --->   Operation 45 'switch' 'switch_ln1506' <Predicate = (!icmp_ln1494)> <Delay = 0.66>
ST_1 : Operation 46 [1/1] (0.00ns)   --->   "%weighted_value_engine2_addr = getelementptr i32 %weighted_value_engine2, i64 0, i64 %zext_ln1501" [source/swiftkv_attention.cpp:1511]   --->   Operation 46 'getelementptr' 'weighted_value_engine2_addr' <Predicate = (!icmp_ln1494 & update_engine == 2)> <Delay = 0.00>
ST_1 : Operation 47 [1/1] (0.00ns)   --->   "%weighted_value_engine2_1_addr = getelementptr i32 %weighted_value_engine2_1, i64 0, i64 %zext_ln1501" [source/swiftkv_attention.cpp:1511]   --->   Operation 47 'getelementptr' 'weighted_value_engine2_1_addr' <Predicate = (!icmp_ln1494 & update_engine == 2)> <Delay = 0.00>
ST_1 : Operation 48 [1/1] (0.00ns)   --->   "%weighted_value_engine2_2_addr = getelementptr i32 %weighted_value_engine2_2, i64 0, i64 %zext_ln1501" [source/swiftkv_attention.cpp:1511]   --->   Operation 48 'getelementptr' 'weighted_value_engine2_2_addr' <Predicate = (!icmp_ln1494 & update_engine == 2)> <Delay = 0.00>
ST_1 : Operation 49 [1/1] (0.00ns)   --->   "%weighted_value_engine2_3_addr = getelementptr i32 %weighted_value_engine2_3, i64 0, i64 %zext_ln1501" [source/swiftkv_attention.cpp:1511]   --->   Operation 49 'getelementptr' 'weighted_value_engine2_3_addr' <Predicate = (!icmp_ln1494 & update_engine == 2)> <Delay = 0.00>
ST_1 : Operation 50 [2/2] (1.19ns)   --->   "%weighted_value_engine2_load = load i3 %weighted_value_engine2_addr" [source/swiftkv_attention.cpp:1511]   --->   Operation 50 'load' 'weighted_value_engine2_load' <Predicate = (!icmp_ln1494 & update_engine == 2)> <Delay = 1.19> <CoreInst = "RAM_2P_BRAM">   --->   Core 94 'RAM_2P_BRAM' <Latency = 1> <II = 1> <Delay = 1.19> <Storage> <Opcode : 'load' 'store'> <Ports = 2> <Width = 32> <Depth = 8> <RAM>
ST_1 : Operation 51 [2/2] (1.19ns)   --->   "%weighted_value_engine2_1_load = load i3 %weighted_value_engine2_1_addr" [source/swiftkv_attention.cpp:1511]   --->   Operation 51 'load' 'weighted_value_engine2_1_load' <Predicate = (!icmp_ln1494 & update_engine == 2)> <Delay = 1.19> <CoreInst = "RAM_2P_BRAM">   --->   Core 94 'RAM_2P_BRAM' <Latency = 1> <II = 1> <Delay = 1.19> <Storage> <Opcode : 'load' 'store'> <Ports = 2> <Width = 32> <Depth = 8> <RAM>
ST_1 : Operation 52 [2/2] (1.19ns)   --->   "%weighted_value_engine2_2_load = load i3 %weighted_value_engine2_2_addr" [source/swiftkv_attention.cpp:1511]   --->   Operation 52 'load' 'weighted_value_engine2_2_load' <Predicate = (!icmp_ln1494 & update_engine == 2)> <Delay = 1.19> <CoreInst = "RAM_2P_BRAM">   --->   Core 94 'RAM_2P_BRAM' <Latency = 1> <II = 1> <Delay = 1.19> <Storage> <Opcode : 'load' 'store'> <Ports = 2> <Width = 32> <Depth = 8> <RAM>
ST_1 : Operation 53 [2/2] (1.19ns)   --->   "%weighted_value_engine2_3_load = load i3 %weighted_value_engine2_3_addr" [source/swiftkv_attention.cpp:1511]   --->   Operation 53 'load' 'weighted_value_engine2_3_load' <Predicate = (!icmp_ln1494 & update_engine == 2)> <Delay = 1.19> <CoreInst = "RAM_2P_BRAM">   --->   Core 94 'RAM_2P_BRAM' <Latency = 1> <II = 1> <Delay = 1.19> <Storage> <Opcode : 'load' 'store'> <Ports = 2> <Width = 32> <Depth = 8> <RAM>
ST_1 : Operation 54 [1/1] (0.00ns)   --->   "%weighted_value_engine1_addr = getelementptr i32 %weighted_value_engine1, i64 0, i64 %zext_ln1501" [source/swiftkv_attention.cpp:1509]   --->   Operation 54 'getelementptr' 'weighted_value_engine1_addr' <Predicate = (!icmp_ln1494 & update_engine == 1)> <Delay = 0.00>
ST_1 : Operation 55 [1/1] (0.00ns)   --->   "%weighted_value_engine1_1_addr = getelementptr i32 %weighted_value_engine1_1, i64 0, i64 %zext_ln1501" [source/swiftkv_attention.cpp:1509]   --->   Operation 55 'getelementptr' 'weighted_value_engine1_1_addr' <Predicate = (!icmp_ln1494 & update_engine == 1)> <Delay = 0.00>
ST_1 : Operation 56 [1/1] (0.00ns)   --->   "%weighted_value_engine1_2_addr = getelementptr i32 %weighted_value_engine1_2, i64 0, i64 %zext_ln1501" [source/swiftkv_attention.cpp:1509]   --->   Operation 56 'getelementptr' 'weighted_value_engine1_2_addr' <Predicate = (!icmp_ln1494 & update_engine == 1)> <Delay = 0.00>
ST_1 : Operation 57 [1/1] (0.00ns)   --->   "%weighted_value_engine1_3_addr = getelementptr i32 %weighted_value_engine1_3, i64 0, i64 %zext_ln1501" [source/swiftkv_attention.cpp:1509]   --->   Operation 57 'getelementptr' 'weighted_value_engine1_3_addr' <Predicate = (!icmp_ln1494 & update_engine == 1)> <Delay = 0.00>
ST_1 : Operation 58 [2/2] (1.19ns)   --->   "%weighted_value_engine1_load = load i3 %weighted_value_engine1_addr" [source/swiftkv_attention.cpp:1509]   --->   Operation 58 'load' 'weighted_value_engine1_load' <Predicate = (!icmp_ln1494 & update_engine == 1)> <Delay = 1.19> <CoreInst = "RAM_2P_BRAM">   --->   Core 94 'RAM_2P_BRAM' <Latency = 1> <II = 1> <Delay = 1.19> <Storage> <Opcode : 'load' 'store'> <Ports = 2> <Width = 32> <Depth = 8> <RAM>
ST_1 : Operation 59 [2/2] (1.19ns)   --->   "%weighted_value_engine1_1_load = load i3 %weighted_value_engine1_1_addr" [source/swiftkv_attention.cpp:1509]   --->   Operation 59 'load' 'weighted_value_engine1_1_load' <Predicate = (!icmp_ln1494 & update_engine == 1)> <Delay = 1.19> <CoreInst = "RAM_2P_BRAM">   --->   Core 94 'RAM_2P_BRAM' <Latency = 1> <II = 1> <Delay = 1.19> <Storage> <Opcode : 'load' 'store'> <Ports = 2> <Width = 32> <Depth = 8> <RAM>
ST_1 : Operation 60 [2/2] (1.19ns)   --->   "%weighted_value_engine1_2_load = load i3 %weighted_value_engine1_2_addr" [source/swiftkv_attention.cpp:1509]   --->   Operation 60 'load' 'weighted_value_engine1_2_load' <Predicate = (!icmp_ln1494 & update_engine == 1)> <Delay = 1.19> <CoreInst = "RAM_2P_BRAM">   --->   Core 94 'RAM_2P_BRAM' <Latency = 1> <II = 1> <Delay = 1.19> <Storage> <Opcode : 'load' 'store'> <Ports = 2> <Width = 32> <Depth = 8> <RAM>
ST_1 : Operation 61 [2/2] (1.19ns)   --->   "%weighted_value_engine1_3_load = load i3 %weighted_value_engine1_3_addr" [source/swiftkv_attention.cpp:1509]   --->   Operation 61 'load' 'weighted_value_engine1_3_load' <Predicate = (!icmp_ln1494 & update_engine == 1)> <Delay = 1.19> <CoreInst = "RAM_2P_BRAM">   --->   Core 94 'RAM_2P_BRAM' <Latency = 1> <II = 1> <Delay = 1.19> <Storage> <Opcode : 'load' 'store'> <Ports = 2> <Width = 32> <Depth = 8> <RAM>
ST_1 : Operation 62 [1/1] (0.00ns)   --->   "%weighted_value_engine0_addr = getelementptr i32 %weighted_value_engine0, i64 0, i64 %zext_ln1501" [source/swiftkv_attention.cpp:1507]   --->   Operation 62 'getelementptr' 'weighted_value_engine0_addr' <Predicate = (!icmp_ln1494 & update_engine == 0)> <Delay = 0.00>
ST_1 : Operation 63 [1/1] (0.00ns)   --->   "%weighted_value_engine0_1_addr = getelementptr i32 %weighted_value_engine0_1, i64 0, i64 %zext_ln1501" [source/swiftkv_attention.cpp:1507]   --->   Operation 63 'getelementptr' 'weighted_value_engine0_1_addr' <Predicate = (!icmp_ln1494 & update_engine == 0)> <Delay = 0.00>
ST_1 : Operation 64 [1/1] (0.00ns)   --->   "%weighted_value_engine0_2_addr = getelementptr i32 %weighted_value_engine0_2, i64 0, i64 %zext_ln1501" [source/swiftkv_attention.cpp:1507]   --->   Operation 64 'getelementptr' 'weighted_value_engine0_2_addr' <Predicate = (!icmp_ln1494 & update_engine == 0)> <Delay = 0.00>
ST_1 : Operation 65 [1/1] (0.00ns)   --->   "%weighted_value_engine0_3_addr = getelementptr i32 %weighted_value_engine0_3, i64 0, i64 %zext_ln1501" [source/swiftkv_attention.cpp:1507]   --->   Operation 65 'getelementptr' 'weighted_value_engine0_3_addr' <Predicate = (!icmp_ln1494 & update_engine == 0)> <Delay = 0.00>
ST_1 : Operation 66 [2/2] (1.19ns)   --->   "%weighted_value_engine0_load = load i3 %weighted_value_engine0_addr" [source/swiftkv_attention.cpp:1507]   --->   Operation 66 'load' 'weighted_value_engine0_load' <Predicate = (!icmp_ln1494 & update_engine == 0)> <Delay = 1.19> <CoreInst = "RAM_2P_BRAM">   --->   Core 94 'RAM_2P_BRAM' <Latency = 1> <II = 1> <Delay = 1.19> <Storage> <Opcode : 'load' 'store'> <Ports = 2> <Width = 32> <Depth = 8> <RAM>
ST_1 : Operation 67 [2/2] (1.19ns)   --->   "%weighted_value_engine0_1_load = load i3 %weighted_value_engine0_1_addr" [source/swiftkv_attention.cpp:1507]   --->   Operation 67 'load' 'weighted_value_engine0_1_load' <Predicate = (!icmp_ln1494 & update_engine == 0)> <Delay = 1.19> <CoreInst = "RAM_2P_BRAM">   --->   Core 94 'RAM_2P_BRAM' <Latency = 1> <II = 1> <Delay = 1.19> <Storage> <Opcode : 'load' 'store'> <Ports = 2> <Width = 32> <Depth = 8> <RAM>
ST_1 : Operation 68 [2/2] (1.19ns)   --->   "%weighted_value_engine0_2_load = load i3 %weighted_value_engine0_2_addr" [source/swiftkv_attention.cpp:1507]   --->   Operation 68 'load' 'weighted_value_engine0_2_load' <Predicate = (!icmp_ln1494 & update_engine == 0)> <Delay = 1.19> <CoreInst = "RAM_2P_BRAM">   --->   Core 94 'RAM_2P_BRAM' <Latency = 1> <II = 1> <Delay = 1.19> <Storage> <Opcode : 'load' 'store'> <Ports = 2> <Width = 32> <Depth = 8> <RAM>
ST_1 : Operation 69 [2/2] (1.19ns)   --->   "%weighted_value_engine0_3_load = load i3 %weighted_value_engine0_3_addr" [source/swiftkv_attention.cpp:1507]   --->   Operation 69 'load' 'weighted_value_engine0_3_load' <Predicate = (!icmp_ln1494 & update_engine == 0)> <Delay = 1.19> <CoreInst = "RAM_2P_BRAM">   --->   Core 94 'RAM_2P_BRAM' <Latency = 1> <II = 1> <Delay = 1.19> <Storage> <Opcode : 'load' 'store'> <Ports = 2> <Width = 32> <Depth = 8> <RAM>
ST_1 : Operation 70 [1/1] (0.00ns)   --->   "%weighted_value_engine3_addr = getelementptr i32 %weighted_value_engine3, i64 0, i64 %zext_ln1501" [source/swiftkv_attention.cpp:1513]   --->   Operation 70 'getelementptr' 'weighted_value_engine3_addr' <Predicate = (!icmp_ln1494 & update_engine == 3)> <Delay = 0.00>
ST_1 : Operation 71 [1/1] (0.00ns)   --->   "%weighted_value_engine3_1_addr = getelementptr i32 %weighted_value_engine3_1, i64 0, i64 %zext_ln1501" [source/swiftkv_attention.cpp:1513]   --->   Operation 71 'getelementptr' 'weighted_value_engine3_1_addr' <Predicate = (!icmp_ln1494 & update_engine == 3)> <Delay = 0.00>
ST_1 : Operation 72 [1/1] (0.00ns)   --->   "%weighted_value_engine3_2_addr = getelementptr i32 %weighted_value_engine3_2, i64 0, i64 %zext_ln1501" [source/swiftkv_attention.cpp:1513]   --->   Operation 72 'getelementptr' 'weighted_value_engine3_2_addr' <Predicate = (!icmp_ln1494 & update_engine == 3)> <Delay = 0.00>
ST_1 : Operation 73 [1/1] (0.00ns)   --->   "%weighted_value_engine3_3_addr = getelementptr i32 %weighted_value_engine3_3, i64 0, i64 %zext_ln1501" [source/swiftkv_attention.cpp:1513]   --->   Operation 73 'getelementptr' 'weighted_value_engine3_3_addr' <Predicate = (!icmp_ln1494 & update_engine == 3)> <Delay = 0.00>
ST_1 : Operation 74 [2/2] (1.19ns)   --->   "%weighted_value_engine3_load = load i3 %weighted_value_engine3_addr" [source/swiftkv_attention.cpp:1513]   --->   Operation 74 'load' 'weighted_value_engine3_load' <Predicate = (!icmp_ln1494 & update_engine == 3)> <Delay = 1.19> <CoreInst = "RAM_2P_BRAM">   --->   Core 94 'RAM_2P_BRAM' <Latency = 1> <II = 1> <Delay = 1.19> <Storage> <Opcode : 'load' 'store'> <Ports = 2> <Width = 32> <Depth = 8> <RAM>
ST_1 : Operation 75 [2/2] (1.19ns)   --->   "%weighted_value_engine3_1_load = load i3 %weighted_value_engine3_1_addr" [source/swiftkv_attention.cpp:1513]   --->   Operation 75 'load' 'weighted_value_engine3_1_load' <Predicate = (!icmp_ln1494 & update_engine == 3)> <Delay = 1.19> <CoreInst = "RAM_2P_BRAM">   --->   Core 94 'RAM_2P_BRAM' <Latency = 1> <II = 1> <Delay = 1.19> <Storage> <Opcode : 'load' 'store'> <Ports = 2> <Width = 32> <Depth = 8> <RAM>
ST_1 : Operation 76 [2/2] (1.19ns)   --->   "%weighted_value_engine3_2_load = load i3 %weighted_value_engine3_2_addr" [source/swiftkv_attention.cpp:1513]   --->   Operation 76 'load' 'weighted_value_engine3_2_load' <Predicate = (!icmp_ln1494 & update_engine == 3)> <Delay = 1.19> <CoreInst = "RAM_2P_BRAM">   --->   Core 94 'RAM_2P_BRAM' <Latency = 1> <II = 1> <Delay = 1.19> <Storage> <Opcode : 'load' 'store'> <Ports = 2> <Width = 32> <Depth = 8> <RAM>
ST_1 : Operation 77 [2/2] (1.19ns)   --->   "%weighted_value_engine3_3_load = load i3 %weighted_value_engine3_3_addr" [source/swiftkv_attention.cpp:1513]   --->   Operation 77 'load' 'weighted_value_engine3_3_load' <Predicate = (!icmp_ln1494 & update_engine == 3)> <Delay = 1.19> <CoreInst = "RAM_2P_BRAM">   --->   Core 94 'RAM_2P_BRAM' <Latency = 1> <II = 1> <Delay = 1.19> <Storage> <Opcode : 'load' 'store'> <Ports = 2> <Width = 32> <Depth = 8> <RAM>
ST_1 : Operation 78 [1/1] (0.38ns)   --->   "%store_ln1494 = store i6 %add_ln1494, i6 %lane" [source/swiftkv_attention.cpp:1494]   --->   Operation 78 'store' 'store_ln1494' <Predicate = (!icmp_ln1494)> <Delay = 0.38>

State 2 <SV = 1> <Delay = 2.10>
ST_2 : Operation 79 [1/1] (0.00ns)   --->   "%empty_703 = trunc i6 %lane_2"   --->   Operation 79 'trunc' 'empty_703' <Predicate = (!icmp_ln1494)> <Delay = 0.00>
ST_2 : Operation 80 [1/2] (1.19ns)   --->   "%weighted_value_engine2_load = load i3 %weighted_value_engine2_addr" [source/swiftkv_attention.cpp:1511]   --->   Operation 80 'load' 'weighted_value_engine2_load' <Predicate = (!icmp_ln1494 & update_engine == 2)> <Delay = 1.19> <CoreInst = "RAM_2P_BRAM">   --->   Core 94 'RAM_2P_BRAM' <Latency = 1> <II = 1> <Delay = 1.19> <Storage> <Opcode : 'load' 'store'> <Ports = 2> <Width = 32> <Depth = 8> <RAM>
ST_2 : Operation 81 [1/2] (1.19ns)   --->   "%weighted_value_engine2_1_load = load i3 %weighted_value_engine2_1_addr" [source/swiftkv_attention.cpp:1511]   --->   Operation 81 'load' 'weighted_value_engine2_1_load' <Predicate = (!icmp_ln1494 & update_engine == 2)> <Delay = 1.19> <CoreInst = "RAM_2P_BRAM">   --->   Core 94 'RAM_2P_BRAM' <Latency = 1> <II = 1> <Delay = 1.19> <Storage> <Opcode : 'load' 'store'> <Ports = 2> <Width = 32> <Depth = 8> <RAM>
ST_2 : Operation 82 [1/2] (1.19ns)   --->   "%weighted_value_engine2_2_load = load i3 %weighted_value_engine2_2_addr" [source/swiftkv_attention.cpp:1511]   --->   Operation 82 'load' 'weighted_value_engine2_2_load' <Predicate = (!icmp_ln1494 & update_engine == 2)> <Delay = 1.19> <CoreInst = "RAM_2P_BRAM">   --->   Core 94 'RAM_2P_BRAM' <Latency = 1> <II = 1> <Delay = 1.19> <Storage> <Opcode : 'load' 'store'> <Ports = 2> <Width = 32> <Depth = 8> <RAM>
ST_2 : Operation 83 [1/2] (1.19ns)   --->   "%weighted_value_engine2_3_load = load i3 %weighted_value_engine2_3_addr" [source/swiftkv_attention.cpp:1511]   --->   Operation 83 'load' 'weighted_value_engine2_3_load' <Predicate = (!icmp_ln1494 & update_engine == 2)> <Delay = 1.19> <CoreInst = "RAM_2P_BRAM">   --->   Core 94 'RAM_2P_BRAM' <Latency = 1> <II = 1> <Delay = 1.19> <Storage> <Opcode : 'load' 'store'> <Ports = 2> <Width = 32> <Depth = 8> <RAM>
ST_2 : Operation 84 [1/1] (0.45ns)   --->   "%weighted_value_4 = sparsemux i32 @_ssdm_op_SparseMux.ap_auto.4i32.i32.i2, i2 0, i32 %weighted_value_engine2_load, i2 1, i32 %weighted_value_engine2_1_load, i2 2, i32 %weighted_value_engine2_2_load, i2 3, i32 %weighted_value_engine2_3_load, i32 0, i2 %empty_703" [source/swiftkv_attention.cpp:1511]   --->   Operation 84 'sparsemux' 'weighted_value_4' <Predicate = (!icmp_ln1494 & update_engine == 2)> <Delay = 0.45> <CoreInst = "SparseMux">   --->   Core 147 'SparseMux' <Latency = 0> <II = 1> <Delay = 0.45> <FuncUnit> <Opcode : 'sparsemux'> <InPorts = 2> <OutPorts = 1>
ST_2 : Operation 85 [1/1] (0.45ns)   --->   "%br_ln1512 = br void %fpga_resource_hint.if.end26.129" [source/swiftkv_attention.cpp:1512]   --->   Operation 85 'br' 'br_ln1512' <Predicate = (!icmp_ln1494 & update_engine == 2)> <Delay = 0.45>
ST_2 : Operation 86 [1/2] (1.19ns)   --->   "%weighted_value_engine1_load = load i3 %weighted_value_engine1_addr" [source/swiftkv_attention.cpp:1509]   --->   Operation 86 'load' 'weighted_value_engine1_load' <Predicate = (!icmp_ln1494 & update_engine == 1)> <Delay = 1.19> <CoreInst = "RAM_2P_BRAM">   --->   Core 94 'RAM_2P_BRAM' <Latency = 1> <II = 1> <Delay = 1.19> <Storage> <Opcode : 'load' 'store'> <Ports = 2> <Width = 32> <Depth = 8> <RAM>
ST_2 : Operation 87 [1/2] (1.19ns)   --->   "%weighted_value_engine1_1_load = load i3 %weighted_value_engine1_1_addr" [source/swiftkv_attention.cpp:1509]   --->   Operation 87 'load' 'weighted_value_engine1_1_load' <Predicate = (!icmp_ln1494 & update_engine == 1)> <Delay = 1.19> <CoreInst = "RAM_2P_BRAM">   --->   Core 94 'RAM_2P_BRAM' <Latency = 1> <II = 1> <Delay = 1.19> <Storage> <Opcode : 'load' 'store'> <Ports = 2> <Width = 32> <Depth = 8> <RAM>
ST_2 : Operation 88 [1/2] (1.19ns)   --->   "%weighted_value_engine1_2_load = load i3 %weighted_value_engine1_2_addr" [source/swiftkv_attention.cpp:1509]   --->   Operation 88 'load' 'weighted_value_engine1_2_load' <Predicate = (!icmp_ln1494 & update_engine == 1)> <Delay = 1.19> <CoreInst = "RAM_2P_BRAM">   --->   Core 94 'RAM_2P_BRAM' <Latency = 1> <II = 1> <Delay = 1.19> <Storage> <Opcode : 'load' 'store'> <Ports = 2> <Width = 32> <Depth = 8> <RAM>
ST_2 : Operation 89 [1/2] (1.19ns)   --->   "%weighted_value_engine1_3_load = load i3 %weighted_value_engine1_3_addr" [source/swiftkv_attention.cpp:1509]   --->   Operation 89 'load' 'weighted_value_engine1_3_load' <Predicate = (!icmp_ln1494 & update_engine == 1)> <Delay = 1.19> <CoreInst = "RAM_2P_BRAM">   --->   Core 94 'RAM_2P_BRAM' <Latency = 1> <II = 1> <Delay = 1.19> <Storage> <Opcode : 'load' 'store'> <Ports = 2> <Width = 32> <Depth = 8> <RAM>
ST_2 : Operation 90 [1/1] (0.45ns)   --->   "%weighted_value_3 = sparsemux i32 @_ssdm_op_SparseMux.ap_auto.4i32.i32.i2, i2 0, i32 %weighted_value_engine1_load, i2 1, i32 %weighted_value_engine1_1_load, i2 2, i32 %weighted_value_engine1_2_load, i2 3, i32 %weighted_value_engine1_3_load, i32 0, i2 %empty_703" [source/swiftkv_attention.cpp:1509]   --->   Operation 90 'sparsemux' 'weighted_value_3' <Predicate = (!icmp_ln1494 & update_engine == 1)> <Delay = 0.45> <CoreInst = "SparseMux">   --->   Core 147 'SparseMux' <Latency = 0> <II = 1> <Delay = 0.45> <FuncUnit> <Opcode : 'sparsemux'> <InPorts = 2> <OutPorts = 1>
ST_2 : Operation 91 [1/1] (0.45ns)   --->   "%br_ln1510 = br void %fpga_resource_hint.if.end26.129" [source/swiftkv_attention.cpp:1510]   --->   Operation 91 'br' 'br_ln1510' <Predicate = (!icmp_ln1494 & update_engine == 1)> <Delay = 0.45>
ST_2 : Operation 92 [1/2] (1.19ns)   --->   "%weighted_value_engine0_load = load i3 %weighted_value_engine0_addr" [source/swiftkv_attention.cpp:1507]   --->   Operation 92 'load' 'weighted_value_engine0_load' <Predicate = (!icmp_ln1494 & update_engine == 0)> <Delay = 1.19> <CoreInst = "RAM_2P_BRAM">   --->   Core 94 'RAM_2P_BRAM' <Latency = 1> <II = 1> <Delay = 1.19> <Storage> <Opcode : 'load' 'store'> <Ports = 2> <Width = 32> <Depth = 8> <RAM>
ST_2 : Operation 93 [1/2] (1.19ns)   --->   "%weighted_value_engine0_1_load = load i3 %weighted_value_engine0_1_addr" [source/swiftkv_attention.cpp:1507]   --->   Operation 93 'load' 'weighted_value_engine0_1_load' <Predicate = (!icmp_ln1494 & update_engine == 0)> <Delay = 1.19> <CoreInst = "RAM_2P_BRAM">   --->   Core 94 'RAM_2P_BRAM' <Latency = 1> <II = 1> <Delay = 1.19> <Storage> <Opcode : 'load' 'store'> <Ports = 2> <Width = 32> <Depth = 8> <RAM>
ST_2 : Operation 94 [1/2] (1.19ns)   --->   "%weighted_value_engine0_2_load = load i3 %weighted_value_engine0_2_addr" [source/swiftkv_attention.cpp:1507]   --->   Operation 94 'load' 'weighted_value_engine0_2_load' <Predicate = (!icmp_ln1494 & update_engine == 0)> <Delay = 1.19> <CoreInst = "RAM_2P_BRAM">   --->   Core 94 'RAM_2P_BRAM' <Latency = 1> <II = 1> <Delay = 1.19> <Storage> <Opcode : 'load' 'store'> <Ports = 2> <Width = 32> <Depth = 8> <RAM>
ST_2 : Operation 95 [1/2] (1.19ns)   --->   "%weighted_value_engine0_3_load = load i3 %weighted_value_engine0_3_addr" [source/swiftkv_attention.cpp:1507]   --->   Operation 95 'load' 'weighted_value_engine0_3_load' <Predicate = (!icmp_ln1494 & update_engine == 0)> <Delay = 1.19> <CoreInst = "RAM_2P_BRAM">   --->   Core 94 'RAM_2P_BRAM' <Latency = 1> <II = 1> <Delay = 1.19> <Storage> <Opcode : 'load' 'store'> <Ports = 2> <Width = 32> <Depth = 8> <RAM>
ST_2 : Operation 96 [1/1] (0.45ns)   --->   "%weighted_value_1 = sparsemux i32 @_ssdm_op_SparseMux.ap_auto.4i32.i32.i2, i2 0, i32 %weighted_value_engine0_load, i2 1, i32 %weighted_value_engine0_1_load, i2 2, i32 %weighted_value_engine0_2_load, i2 3, i32 %weighted_value_engine0_3_load, i32 0, i2 %empty_703" [source/swiftkv_attention.cpp:1507]   --->   Operation 96 'sparsemux' 'weighted_value_1' <Predicate = (!icmp_ln1494 & update_engine == 0)> <Delay = 0.45> <CoreInst = "SparseMux">   --->   Core 147 'SparseMux' <Latency = 0> <II = 1> <Delay = 0.45> <FuncUnit> <Opcode : 'sparsemux'> <InPorts = 2> <OutPorts = 1>
ST_2 : Operation 97 [1/1] (0.45ns)   --->   "%br_ln1508 = br void %fpga_resource_hint.if.end26.129" [source/swiftkv_attention.cpp:1508]   --->   Operation 97 'br' 'br_ln1508' <Predicate = (!icmp_ln1494 & update_engine == 0)> <Delay = 0.45>
ST_2 : Operation 98 [1/2] (1.19ns)   --->   "%weighted_value_engine3_load = load i3 %weighted_value_engine3_addr" [source/swiftkv_attention.cpp:1513]   --->   Operation 98 'load' 'weighted_value_engine3_load' <Predicate = (!icmp_ln1494 & update_engine == 3)> <Delay = 1.19> <CoreInst = "RAM_2P_BRAM">   --->   Core 94 'RAM_2P_BRAM' <Latency = 1> <II = 1> <Delay = 1.19> <Storage> <Opcode : 'load' 'store'> <Ports = 2> <Width = 32> <Depth = 8> <RAM>
ST_2 : Operation 99 [1/2] (1.19ns)   --->   "%weighted_value_engine3_1_load = load i3 %weighted_value_engine3_1_addr" [source/swiftkv_attention.cpp:1513]   --->   Operation 99 'load' 'weighted_value_engine3_1_load' <Predicate = (!icmp_ln1494 & update_engine == 3)> <Delay = 1.19> <CoreInst = "RAM_2P_BRAM">   --->   Core 94 'RAM_2P_BRAM' <Latency = 1> <II = 1> <Delay = 1.19> <Storage> <Opcode : 'load' 'store'> <Ports = 2> <Width = 32> <Depth = 8> <RAM>
ST_2 : Operation 100 [1/2] (1.19ns)   --->   "%weighted_value_engine3_2_load = load i3 %weighted_value_engine3_2_addr" [source/swiftkv_attention.cpp:1513]   --->   Operation 100 'load' 'weighted_value_engine3_2_load' <Predicate = (!icmp_ln1494 & update_engine == 3)> <Delay = 1.19> <CoreInst = "RAM_2P_BRAM">   --->   Core 94 'RAM_2P_BRAM' <Latency = 1> <II = 1> <Delay = 1.19> <Storage> <Opcode : 'load' 'store'> <Ports = 2> <Width = 32> <Depth = 8> <RAM>
ST_2 : Operation 101 [1/2] (1.19ns)   --->   "%weighted_value_engine3_3_load = load i3 %weighted_value_engine3_3_addr" [source/swiftkv_attention.cpp:1513]   --->   Operation 101 'load' 'weighted_value_engine3_3_load' <Predicate = (!icmp_ln1494 & update_engine == 3)> <Delay = 1.19> <CoreInst = "RAM_2P_BRAM">   --->   Core 94 'RAM_2P_BRAM' <Latency = 1> <II = 1> <Delay = 1.19> <Storage> <Opcode : 'load' 'store'> <Ports = 2> <Width = 32> <Depth = 8> <RAM>
ST_2 : Operation 102 [1/1] (0.45ns)   --->   "%weighted_value = sparsemux i32 @_ssdm_op_SparseMux.ap_auto.4i32.i32.i2, i2 0, i32 %weighted_value_engine3_load, i2 1, i32 %weighted_value_engine3_1_load, i2 2, i32 %weighted_value_engine3_2_load, i2 3, i32 %weighted_value_engine3_3_load, i32 0, i2 %empty_703" [source/swiftkv_attention.cpp:1513]   --->   Operation 102 'sparsemux' 'weighted_value' <Predicate = (!icmp_ln1494 & update_engine == 3)> <Delay = 0.45> <CoreInst = "SparseMux">   --->   Core 147 'SparseMux' <Latency = 0> <II = 1> <Delay = 0.45> <FuncUnit> <Opcode : 'sparsemux'> <InPorts = 2> <OutPorts = 1>
ST_2 : Operation 103 [1/1] (0.45ns)   --->   "%br_ln0 = br void %fpga_resource_hint.if.end26.129"   --->   Operation 103 'br' 'br_ln0' <Predicate = (!icmp_ln1494 & update_engine == 3)> <Delay = 0.45>

State 3 <SV = 2> <Delay = 1.61>
ST_3 : Operation 104 [1/1] (0.00ns)   --->   "%weighted_value_2 = phi i32 %weighted_value_1, void %if.then, i32 %weighted_value_3, void %if.then14, i32 %weighted_value_4, void %if.then19, i32 %weighted_value, void %if.else22"   --->   Operation 104 'phi' 'weighted_value_2' <Predicate = true> <Delay = 0.00>
ST_3 : Operation 105 [1/1] (0.00ns)   --->   "%sext_ln1517 = sext i32 %weighted_value_2" [source/swiftkv_attention.cpp:1517]   --->   Operation 105 'sext' 'sext_ln1517' <Predicate = true> <Delay = 0.00>
ST_3 : Operation 106 [5/5] (1.61ns)   --->   "%mul_ln1517 = mul i49 %sext_ln1517, i49 %sext_ln1488_cast" [source/swiftkv_attention.cpp:1517]   --->   Operation 106 'mul' 'mul_ln1517' <Predicate = true> <Delay = 1.61> <CoreInst = "Mul_DSP">   --->   Core 5 'Mul_DSP' <Latency = 4> <II = 1> <Delay = 2.27> <FuncUnit> <Opcode : 'mul'> <InPorts = 2> <OutPorts = 1>

State 4 <SV = 3> <Delay = 1.61>
ST_4 : Operation 107 [4/5] (1.61ns)   --->   "%mul_ln1517 = mul i49 %sext_ln1517, i49 %sext_ln1488_cast" [source/swiftkv_attention.cpp:1517]   --->   Operation 107 'mul' 'mul_ln1517' <Predicate = true> <Delay = 1.61> <CoreInst = "Mul_DSP">   --->   Core 5 'Mul_DSP' <Latency = 4> <II = 1> <Delay = 2.27> <FuncUnit> <Opcode : 'mul'> <InPorts = 2> <OutPorts = 1>

State 5 <SV = 4> <Delay = 1.61>
ST_5 : Operation 108 [3/5] (1.61ns)   --->   "%mul_ln1517 = mul i49 %sext_ln1517, i49 %sext_ln1488_cast" [source/swiftkv_attention.cpp:1517]   --->   Operation 108 'mul' 'mul_ln1517' <Predicate = true> <Delay = 1.61> <CoreInst = "Mul_DSP">   --->   Core 5 'Mul_DSP' <Latency = 4> <II = 1> <Delay = 2.27> <FuncUnit> <Opcode : 'mul'> <InPorts = 2> <OutPorts = 1>

State 6 <SV = 5> <Delay = 1.61>
ST_6 : Operation 109 [2/5] (1.61ns)   --->   "%mul_ln1517 = mul i49 %sext_ln1517, i49 %sext_ln1488_cast" [source/swiftkv_attention.cpp:1517]   --->   Operation 109 'mul' 'mul_ln1517' <Predicate = true> <Delay = 1.61> <CoreInst = "Mul_DSP">   --->   Core 5 'Mul_DSP' <Latency = 4> <II = 1> <Delay = 2.27> <FuncUnit> <Opcode : 'mul'> <InPorts = 2> <OutPorts = 1>

State 7 <SV = 6> <Delay = 2.39>
ST_7 : Operation 110 [1/5] (1.61ns)   --->   "%mul_ln1517 = mul i49 %sext_ln1517, i49 %sext_ln1488_cast" [source/swiftkv_attention.cpp:1517]   --->   Operation 110 'mul' 'mul_ln1517' <Predicate = true> <Delay = 1.61> <CoreInst = "Mul_DSP">   --->   Core 5 'Mul_DSP' <Latency = 4> <II = 1> <Delay = 2.27> <FuncUnit> <Opcode : 'mul'> <InPorts = 2> <OutPorts = 1>
ST_7 : Operation 111 [1/1] (0.00ns)   --->   "%specfucore_ln1519 = specfucore void @_ssdm_op_SpecFUCore, i49 %mul_ln1517, i64 12, i64 3, i64 4" [source/swiftkv_attention.cpp:1519]   --->   Operation 111 'specfucore' 'specfucore_ln1519' <Predicate = true> <Delay = 0.00>
ST_7 : Operation 112 [1/1] (0.00ns)   --->   "%trunc_ln1516 = trunc i49 %mul_ln1517" [source/swiftkv_attention.cpp:1516]   --->   Operation 112 'trunc' 'trunc_ln1516' <Predicate = true> <Delay = 0.00>
ST_7 : Operation 113 [1/1] (0.78ns)   --->   "%icmp_ln1516 = icmp_ne  i16 %trunc_ln1516, i16 0" [source/swiftkv_attention.cpp:1516]   --->   Operation 113 'icmp' 'icmp_ln1516' <Predicate = true> <Delay = 0.78> <CoreInst = "Cmp">   --->   Core 9 'Cmp' <Latency = 0> <II = 1> <Delay = 0.78> <FuncUnit> <Opcode : 'icmp'> <InPorts = 2> <OutPorts = 1>

State 8 <SV = 7> <Delay = 2.21>
ST_8 : Operation 114 [1/1] (0.00ns)   --->   "%zext_ln1494 = zext i6 %lane_2" [source/swiftkv_attention.cpp:1494]   --->   Operation 114 'zext' 'zext_ln1494' <Predicate = (!icmp_ln1494)> <Delay = 0.00>
ST_8 : Operation 115 [1/1] (0.00ns)   --->   "%specpipeline_ln1495 = specpipeline void @_ssdm_op_SpecPipeline, i32 1, i32 0, i32 0, i32 0, void @empty_418" [source/swiftkv_attention.cpp:1495]   --->   Operation 115 'specpipeline' 'specpipeline_ln1495' <Predicate = (!icmp_ln1494)> <Delay = 0.00>
ST_8 : Operation 116 [1/1] (0.00ns)   --->   "%speclooptripcount_ln1491 = speclooptripcount void @_ssdm_op_SpecLoopTripCount, i64 32, i64 32, i64 32" [source/swiftkv_attention.cpp:1491]   --->   Operation 116 'speclooptripcount' 'speclooptripcount_ln1491' <Predicate = (!icmp_ln1494)> <Delay = 0.00>
ST_8 : Operation 117 [1/1] (0.00ns)   --->   "%specloopname_ln1494 = specloopname void @_ssdm_op_SpecLoopName, void @empty_480" [source/swiftkv_attention.cpp:1494]   --->   Operation 117 'specloopname' 'specloopname_ln1494' <Predicate = (!icmp_ln1494)> <Delay = 0.00>
ST_8 : Operation 118 [1/1] (0.00ns) (grouped into LUT with out node normalized_value_2)   --->   "%normalized_value = partselect i32 @_ssdm_op_PartSelect.i32.i49.i32.i32, i49 %mul_ln1517, i32 17, i32 48" [source/swiftkv_attention.cpp:1516]   --->   Operation 118 'partselect' 'normalized_value' <Predicate = true> <Delay = 0.00>
ST_8 : Operation 119 [1/1] (0.00ns) (grouped into LUT with out node normalized_value_2)   --->   "%tmp_18 = bitselect i1 @_ssdm_op_BitSelect.i1.i49.i32, i49 %mul_ln1517, i32 17" [source/swiftkv_attention.cpp:1515]   --->   Operation 119 'bitselect' 'tmp_18' <Predicate = true> <Delay = 0.00>
ST_8 : Operation 120 [1/1] (0.00ns) (grouped into LUT with out node normalized_value_2)   --->   "%tmp_19 = bitselect i1 @_ssdm_op_BitSelect.i1.i49.i32, i49 %mul_ln1517, i32 16" [source/swiftkv_attention.cpp:1516]   --->   Operation 120 'bitselect' 'tmp_19' <Predicate = true> <Delay = 0.00>
ST_8 : Operation 121 [1/1] (0.00ns) (grouped into LUT with out node normalized_value_2)   --->   "%or_ln1516 = or i1 %tmp_18, i1 %icmp_ln1516" [source/swiftkv_attention.cpp:1516]   --->   Operation 121 'or' 'or_ln1516' <Predicate = true> <Delay = 0.00> <CoreInst = "LogicGate">   --->   Core 74 'LogicGate' <Latency = 0> <II = 1> <Delay = 0.12> <FuncUnit> <Opcode : 'and' 'or' 'xor'> <InPorts = 2> <OutPorts = 1>
ST_8 : Operation 122 [1/1] (0.00ns) (grouped into LUT with out node normalized_value_2)   --->   "%and_ln1516 = and i1 %or_ln1516, i1 %tmp_19" [source/swiftkv_attention.cpp:1516]   --->   Operation 122 'and' 'and_ln1516' <Predicate = true> <Delay = 0.00> <CoreInst = "LogicGate">   --->   Core 74 'LogicGate' <Latency = 0> <II = 1> <Delay = 0.12> <FuncUnit> <Opcode : 'and' 'or' 'xor'> <InPorts = 2> <OutPorts = 1>
ST_8 : Operation 123 [1/1] (0.00ns) (grouped into LUT with out node normalized_value_2)   --->   "%zext_ln1516 = zext i1 %and_ln1516" [source/swiftkv_attention.cpp:1516]   --->   Operation 123 'zext' 'zext_ln1516' <Predicate = true> <Delay = 0.00>
ST_8 : Operation 124 [1/1] (0.88ns) (out node of the LUT)   --->   "%normalized_value_2 = add i32 %normalized_value, i32 %zext_ln1516" [source/swiftkv_attention.cpp:1516]   --->   Operation 124 'add' 'normalized_value_2' <Predicate = true> <Delay = 0.88> <CoreInst = "Adder">   --->   Core 1 'Adder' <Latency = 0> <II = 1> <Delay = 0.88> <FuncUnit> <Opcode : 'add' 'sub'> <InPorts = 2> <OutPorts = 1>
ST_8 : Operation 125 [1/1] (0.00ns)   --->   "%attention_group_addr = getelementptr i32 %attention_group, i64 0, i64 %zext_ln1494" [source/swiftkv_attention.cpp:1523]   --->   Operation 125 'getelementptr' 'attention_group_addr' <Predicate = true> <Delay = 0.00>
ST_8 : Operation 126 [1/1] (1.19ns)   --->   "%store_ln1523 = store i32 %normalized_value_2, i5 %attention_group_addr" [source/swiftkv_attention.cpp:1523]   --->   Operation 126 'store' 'store_ln1523' <Predicate = true> <Delay = 1.19> <CoreInst = "RAM_1P_BRAM">   --->   Core 90 'RAM_1P_BRAM' <Latency = 1> <II = 1> <Delay = 1.19> <Storage> <Opcode : 'load' 'store'> <Ports = 1> <Width = 32> <Depth = 32> <RAM>
ST_8 : Operation 127 [1/1] (0.00ns)   --->   "%tmp_20 = bitselect i1 @_ssdm_op_BitSelect.i1.i32.i32, i32 %normalized_value_2, i32 31" [source/swiftkv_attention.cpp:1525]   --->   Operation 127 'bitselect' 'tmp_20' <Predicate = true> <Delay = 0.00>
ST_8 : Operation 128 [1/1] (0.88ns)   --->   "%magnitude = sub i32 0, i32 %normalized_value_2" [source/swiftkv_attention.cpp:1525]   --->   Operation 128 'sub' 'magnitude' <Predicate = true> <Delay = 0.88> <CoreInst = "Adder">   --->   Core 1 'Adder' <Latency = 0> <II = 1> <Delay = 0.88> <FuncUnit> <Opcode : 'add' 'sub'> <InPorts = 2> <OutPorts = 1>
ST_8 : Operation 129 [1/1] (0.88ns)   --->   "%icmp_ln1525 = icmp_sgt  i32 %normalized_value_2, i32 0" [source/swiftkv_attention.cpp:1525]   --->   Operation 129 'icmp' 'icmp_ln1525' <Predicate = true> <Delay = 0.88> <CoreInst = "Cmp">   --->   Core 9 'Cmp' <Latency = 0> <II = 1> <Delay = 0.88> <FuncUnit> <Opcode : 'icmp'> <InPorts = 2> <OutPorts = 1>
ST_8 : Operation 130 [1/1] (0.00ns)   --->   "%tmp_21 = bitselect i1 @_ssdm_op_BitSelect.i1.i32.i32, i32 %magnitude, i32 31" [source/swiftkv_attention.cpp:1525]   --->   Operation 130 'bitselect' 'tmp_21' <Predicate = true> <Delay = 0.00>
ST_8 : Operation 131 [1/1] (0.00ns) (grouped into LUT with out node select_ln1525_1)   --->   "%xor_ln1525 = xor i1 %icmp_ln1525, i1 1" [source/swiftkv_attention.cpp:1525]   --->   Operation 131 'xor' 'xor_ln1525' <Predicate = true> <Delay = 0.00> <CoreInst = "LogicGate">   --->   Core 74 'LogicGate' <Latency = 0> <II = 1> <Delay = 0.12> <FuncUnit> <Opcode : 'and' 'or' 'xor'> <InPorts = 2> <OutPorts = 1>
ST_8 : Operation 132 [1/1] (0.00ns) (grouped into LUT with out node select_ln1525_1)   --->   "%and_ln1525 = and i1 %tmp_21, i1 %xor_ln1525" [source/swiftkv_attention.cpp:1525]   --->   Operation 132 'and' 'and_ln1525' <Predicate = true> <Delay = 0.00> <CoreInst = "LogicGate">   --->   Core 74 'LogicGate' <Latency = 0> <II = 1> <Delay = 0.12> <FuncUnit> <Opcode : 'and' 'or' 'xor'> <InPorts = 2> <OutPorts = 1>
ST_8 : Operation 133 [1/1] (0.00ns) (grouped into LUT with out node select_ln1525_1)   --->   "%xor_ln1525_1 = xor i1 %icmp_ln1525, i1 %tmp_21" [source/swiftkv_attention.cpp:1525]   --->   Operation 133 'xor' 'xor_ln1525_1' <Predicate = true> <Delay = 0.00> <CoreInst = "LogicGate">   --->   Core 74 'LogicGate' <Latency = 0> <II = 1> <Delay = 0.12> <FuncUnit> <Opcode : 'and' 'or' 'xor'> <InPorts = 2> <OutPorts = 1>
ST_8 : Operation 134 [1/1] (0.00ns) (grouped into LUT with out node select_ln1525_1)   --->   "%select_ln1525 = select i1 %and_ln1525, i32 2147483647, i32 2147483648" [source/swiftkv_attention.cpp:1525]   --->   Operation 134 'select' 'select_ln1525' <Predicate = true> <Delay = 0.00> <CoreInst = "Sel">   --->   Core 73 'Sel' <Latency = 0> <II = 1> <Delay = 0.22> <FuncUnit> <Opcode : 'select'> <InPorts = 3> <OutPorts = 1>
ST_8 : Operation 135 [1/1] (0.00ns) (grouped into LUT with out node select_ln1525_1)   --->   "%and_ln1525_1 = and i1 %tmp_20, i1 %xor_ln1525_1" [source/swiftkv_attention.cpp:1525]   --->   Operation 135 'and' 'and_ln1525_1' <Predicate = true> <Delay = 0.00> <CoreInst = "LogicGate">   --->   Core 74 'LogicGate' <Latency = 0> <II = 1> <Delay = 0.12> <FuncUnit> <Opcode : 'and' 'or' 'xor'> <InPorts = 2> <OutPorts = 1>
ST_8 : Operation 136 [1/1] (0.22ns) (out node of the LUT)   --->   "%select_ln1525_1 = select i1 %and_ln1525_1, i32 %select_ln1525, i32 %magnitude" [source/swiftkv_attention.cpp:1525]   --->   Operation 136 'select' 'select_ln1525_1' <Predicate = true> <Delay = 0.22> <CoreInst = "Sel">   --->   Core 73 'Sel' <Latency = 0> <II = 1> <Delay = 0.22> <FuncUnit> <Opcode : 'select'> <InPorts = 3> <OutPorts = 1>
ST_8 : Operation 137 [1/1] (0.22ns) (out node of the LUT)   --->   "%magnitude_2 = select i1 %tmp_20, i32 %select_ln1525_1, i32 %normalized_value_2" [source/swiftkv_attention.cpp:1525]   --->   Operation 137 'select' 'magnitude_2' <Predicate = true> <Delay = 0.22> <CoreInst = "Sel">   --->   Core 73 'Sel' <Latency = 0> <II = 1> <Delay = 0.22> <FuncUnit> <Opcode : 'select'> <InPorts = 3> <OutPorts = 1>
ST_8 : Operation 145 [1/1] (0.00ns)   --->   "%max_abs_load = load i32 %max_abs"   --->   Operation 145 'load' 'max_abs_load' <Predicate = (icmp_ln1494)> <Delay = 0.00>
ST_8 : Operation 146 [1/1] (0.00ns)   --->   "%write_ln0 = write void @_ssdm_op_Write.ap_auto.i32P0A, i32 %max_abs_out, i32 %max_abs_load"   --->   Operation 146 'write' 'write_ln0' <Predicate = (icmp_ln1494)> <Delay = 0.00>
ST_8 : Operation 147 [1/1] (0.00ns)   --->   "%ret_ln0 = ret"   --->   Operation 147 'ret' 'ret_ln0' <Predicate = (icmp_ln1494)> <Delay = 0.00>

State 9 <SV = 8> <Delay = 1.49>
ST_9 : Operation 138 [1/1] (0.00ns)   --->   "%max_abs_load_1 = load i32 %max_abs" [source/swiftkv_attention.cpp:1526]   --->   Operation 138 'load' 'max_abs_load_1' <Predicate = true> <Delay = 0.00>
ST_9 : Operation 139 [1/1] (0.00ns)   --->   "%rbegin = specregionbegin i32 @_ssdm_op_SpecRegionBegin, void @empty_11" [source/swiftkv_attention.cpp:1515]   --->   Operation 139 'specregionbegin' 'rbegin' <Predicate = true> <Delay = 0.00>
ST_9 : Operation 140 [1/1] (0.00ns)   --->   "%rend = specregionend i32 @_ssdm_op_SpecRegionEnd, void @empty_11, i32 %rbegin" [source/swiftkv_attention.cpp:1515]   --->   Operation 140 'specregionend' 'rend' <Predicate = true> <Delay = 0.00>
ST_9 : Operation 141 [1/1] (0.88ns)   --->   "%icmp_ln1526 = icmp_sgt  i32 %magnitude_2, i32 %max_abs_load_1" [source/swiftkv_attention.cpp:1526]   --->   Operation 141 'icmp' 'icmp_ln1526' <Predicate = true> <Delay = 0.88> <CoreInst = "Cmp">   --->   Core 9 'Cmp' <Latency = 0> <II = 1> <Delay = 0.88> <FuncUnit> <Opcode : 'icmp'> <InPorts = 2> <OutPorts = 1>
ST_9 : Operation 142 [1/1] (0.22ns)   --->   "%max_abs_2 = select i1 %icmp_ln1526, i32 %magnitude_2, i32 %max_abs_load_1" [source/swiftkv_attention.cpp:1526]   --->   Operation 142 'select' 'max_abs_2' <Predicate = true> <Delay = 0.22> <CoreInst = "Sel">   --->   Core 73 'Sel' <Latency = 0> <II = 1> <Delay = 0.22> <FuncUnit> <Opcode : 'select'> <InPorts = 3> <OutPorts = 1>
ST_9 : Operation 143 [1/1] (0.38ns)   --->   "%store_ln1491 = store i32 %max_abs_2, i32 %max_abs" [source/swiftkv_attention.cpp:1491]   --->   Operation 143 'store' 'store_ln1491' <Predicate = true> <Delay = 0.38>
ST_9 : Operation 144 [1/1] (0.00ns)   --->   "%br_ln1494 = br void %for.body7" [source/swiftkv_attention.cpp:1494]   --->   Operation 144 'br' 'br_ln1494' <Predicate = true> <Delay = 0.00>


============================================================
+ Verbose Summary: Binding
============================================================
STG Binding: 
---------------- STG Properties BEGIN ----------------
- Is combinational: 0
- Is one-state seq: 0
- Is datapath-only: 0
- Is pipelined: 0
- Is top level: 0
Port [ Return ] is wired: 1; IO mode=ap_ctrl_hs:ce=0
Port [ sext_ln1488]:  wired=1; compound=0; hidden=0; nouse=0; global=0; static=0; extern=0; dir=0; type=0; pingpong=0; private_global=0; IO mode=ap_none:ce=0
Port [ attention_group]:  wired=1; compound=1; hidden=0; nouse=0; global=0; static=0; extern=0; dir=1; type=1; pingpong=0; private_global=0; MemPort=[0]; IO mode=ap_memory:ce=0
Port [ weighted_value_engine0]:  wired=1; compound=1; hidden=0; nouse=0; global=0; static=0; extern=0; dir=0; type=1; pingpong=0; private_global=0; MemPort=[13]; IO mode=ap_memory:ce=0
Port [ weighted_value_engine0_1]:  wired=1; compound=1; hidden=0; nouse=0; global=0; static=0; extern=0; dir=0; type=1; pingpong=0; private_global=0; MemPort=[13]; IO mode=ap_memory:ce=0
Port [ weighted_value_engine0_2]:  wired=1; compound=1; hidden=0; nouse=0; global=0; static=0; extern=0; dir=0; type=1; pingpong=0; private_global=0; MemPort=[13]; IO mode=ap_memory:ce=0
Port [ weighted_value_engine0_3]:  wired=1; compound=1; hidden=0; nouse=0; global=0; static=0; extern=0; dir=0; type=1; pingpong=0; private_global=0; MemPort=[13]; IO mode=ap_memory:ce=0
Port [ empty]:  wired=1; compound=0; hidden=0; nouse=0; global=0; static=0; extern=0; dir=0; type=0; pingpong=0; private_global=0; IO mode=ap_none:ce=0
Port [ weighted_value_engine1]:  wired=1; compound=1; hidden=0; nouse=0; global=0; static=0; extern=0; dir=0; type=1; pingpong=0; private_global=0; MemPort=[13]; IO mode=ap_memory:ce=0
Port [ weighted_value_engine1_1]:  wired=1; compound=1; hidden=0; nouse=0; global=0; static=0; extern=0; dir=0; type=1; pingpong=0; private_global=0; MemPort=[13]; IO mode=ap_memory:ce=0
Port [ weighted_value_engine1_2]:  wired=1; compound=1; hidden=0; nouse=0; global=0; static=0; extern=0; dir=0; type=1; pingpong=0; private_global=0; MemPort=[13]; IO mode=ap_memory:ce=0
Port [ weighted_value_engine1_3]:  wired=1; compound=1; hidden=0; nouse=0; global=0; static=0; extern=0; dir=0; type=1; pingpong=0; private_global=0; MemPort=[13]; IO mode=ap_memory:ce=0
Port [ weighted_value_engine2]:  wired=1; compound=1; hidden=0; nouse=0; global=0; static=0; extern=0; dir=0; type=1; pingpong=0; private_global=0; MemPort=[13]; IO mode=ap_memory:ce=0
Port [ weighted_value_engine2_1]:  wired=1; compound=1; hidden=0; nouse=0; global=0; static=0; extern=0; dir=0; type=1; pingpong=0; private_global=0; MemPort=[13]; IO mode=ap_memory:ce=0
Port [ weighted_value_engine2_2]:  wired=1; compound=1; hidden=0; nouse=0; global=0; static=0; extern=0; dir=0; type=1; pingpong=0; private_global=0; MemPort=[13]; IO mode=ap_memory:ce=0
Port [ weighted_value_engine2_3]:  wired=1; compound=1; hidden=0; nouse=0; global=0; static=0; extern=0; dir=0; type=1; pingpong=0; private_global=0; MemPort=[13]; IO mode=ap_memory:ce=0
Port [ weighted_value_engine3]:  wired=1; compound=1; hidden=0; nouse=0; global=0; static=0; extern=0; dir=0; type=1; pingpong=0; private_global=0; MemPort=[13]; IO mode=ap_memory:ce=0
Port [ weighted_value_engine3_1]:  wired=1; compound=1; hidden=0; nouse=0; global=0; static=0; extern=0; dir=0; type=1; pingpong=0; private_global=0; MemPort=[13]; IO mode=ap_memory:ce=0
Port [ weighted_value_engine3_2]:  wired=1; compound=1; hidden=0; nouse=0; global=0; static=0; extern=0; dir=0; type=1; pingpong=0; private_global=0; MemPort=[13]; IO mode=ap_memory:ce=0
Port [ weighted_value_engine3_3]:  wired=1; compound=1; hidden=0; nouse=0; global=0; static=0; extern=0; dir=0; type=1; pingpong=0; private_global=0; MemPort=[13]; IO mode=ap_memory:ce=0
Port [ max_abs_out]:  wired=1; compound=0; hidden=0; nouse=0; global=0; static=0; extern=0; dir=1; type=0; pingpong=0; private_global=0; IO mode=ap_vld:ce=0
---------------- STG Properties END ------------------

---------------- Datapath Model BEGIN ----------------

<LifeTime>
<method=bitvector/>
max_abs                       (alloca           ) [ 0111111111]
lane                          (alloca           ) [ 0100000000]
tmp                           (read             ) [ 0000000000]
sext_ln1488_read              (read             ) [ 0000000000]
sext_ln1488_cast              (sext             ) [ 0111111100]
specmemcore_ln0               (specmemcore      ) [ 0000000000]
specmemcore_ln0               (specmemcore      ) [ 0000000000]
specmemcore_ln0               (specmemcore      ) [ 0000000000]
specmemcore_ln0               (specmemcore      ) [ 0000000000]
specmemcore_ln0               (specmemcore      ) [ 0000000000]
specmemcore_ln0               (specmemcore      ) [ 0000000000]
specmemcore_ln0               (specmemcore      ) [ 0000000000]
specmemcore_ln0               (specmemcore      ) [ 0000000000]
specmemcore_ln0               (specmemcore      ) [ 0000000000]
specmemcore_ln0               (specmemcore      ) [ 0000000000]
specmemcore_ln0               (specmemcore      ) [ 0000000000]
specmemcore_ln0               (specmemcore      ) [ 0000000000]
specmemcore_ln0               (specmemcore      ) [ 0000000000]
specmemcore_ln0               (specmemcore      ) [ 0000000000]
specmemcore_ln0               (specmemcore      ) [ 0000000000]
specmemcore_ln0               (specmemcore      ) [ 0000000000]
specmemcore_ln0               (specmemcore      ) [ 0000000000]
store_ln1494                  (store            ) [ 0000000000]
store_ln1491                  (store            ) [ 0000000000]
br_ln0                        (br               ) [ 0000000000]
lane_2                        (load             ) [ 0111111110]
icmp_ln1494                   (icmp             ) [ 0111111111]
add_ln1494                    (add              ) [ 0000000000]
br_ln1494                     (br               ) [ 0000000000]
tmp_17                        (bitselect        ) [ 0000000000]
update_phase                  (bitconcatenate   ) [ 0000000000]
update_engine                 (partselect       ) [ 0111111111]
zext_ln1501                   (zext             ) [ 0000000000]
switch_ln1506                 (switch           ) [ 0000000000]
weighted_value_engine2_addr   (getelementptr    ) [ 0110000000]
weighted_value_engine2_1_addr (getelementptr    ) [ 0110000000]
weighted_value_engine2_2_addr (getelementptr    ) [ 0110000000]
weighted_value_engine2_3_addr (getelementptr    ) [ 0110000000]
weighted_value_engine1_addr   (getelementptr    ) [ 0110000000]
weighted_value_engine1_1_addr (getelementptr    ) [ 0110000000]
weighted_value_engine1_2_addr (getelementptr    ) [ 0110000000]
weighted_value_engine1_3_addr (getelementptr    ) [ 0110000000]
weighted_value_engine0_addr   (getelementptr    ) [ 0110000000]
weighted_value_engine0_1_addr (getelementptr    ) [ 0110000000]
weighted_value_engine0_2_addr (getelementptr    ) [ 0110000000]
weighted_value_engine0_3_addr (getelementptr    ) [ 0110000000]
weighted_value_engine3_addr   (getelementptr    ) [ 0110000000]
weighted_value_engine3_1_addr (getelementptr    ) [ 0110000000]
weighted_value_engine3_2_addr (getelementptr    ) [ 0110000000]
weighted_value_engine3_3_addr (getelementptr    ) [ 0110000000]
store_ln1494                  (store            ) [ 0000000000]
empty_703                     (trunc            ) [ 0000000000]
weighted_value_engine2_load   (load             ) [ 0000000000]
weighted_value_engine2_1_load (load             ) [ 0000000000]
weighted_value_engine2_2_load (load             ) [ 0000000000]
weighted_value_engine2_3_load (load             ) [ 0000000000]
weighted_value_4              (sparsemux        ) [ 0111000000]
br_ln1512                     (br               ) [ 0111000000]
weighted_value_engine1_load   (load             ) [ 0000000000]
weighted_value_engine1_1_load (load             ) [ 0000000000]
weighted_value_engine1_2_load (load             ) [ 0000000000]
weighted_value_engine1_3_load (load             ) [ 0000000000]
weighted_value_3              (sparsemux        ) [ 0111000000]
br_ln1510                     (br               ) [ 0111000000]
weighted_value_engine0_load   (load             ) [ 0000000000]
weighted_value_engine0_1_load (load             ) [ 0000000000]
weighted_value_engine0_2_load (load             ) [ 0000000000]
weighted_value_engine0_3_load (load             ) [ 0000000000]
weighted_value_1              (sparsemux        ) [ 0111000000]
br_ln1508                     (br               ) [ 0111000000]
weighted_value_engine3_load   (load             ) [ 0000000000]
weighted_value_engine3_1_load (load             ) [ 0000000000]
weighted_value_engine3_2_load (load             ) [ 0000000000]
weighted_value_engine3_3_load (load             ) [ 0000000000]
weighted_value                (sparsemux        ) [ 0111000000]
br_ln0                        (br               ) [ 0111000000]
weighted_value_2              (phi              ) [ 0101000000]
sext_ln1517                   (sext             ) [ 0100111100]
mul_ln1517                    (mul              ) [ 0100000010]
specfucore_ln1519             (specfucore       ) [ 0000000000]
trunc_ln1516                  (trunc            ) [ 0000000000]
icmp_ln1516                   (icmp             ) [ 0100000010]
zext_ln1494                   (zext             ) [ 0000000000]
specpipeline_ln1495           (specpipeline     ) [ 0000000000]
speclooptripcount_ln1491      (speclooptripcount) [ 0000000000]
specloopname_ln1494           (specloopname     ) [ 0000000000]
normalized_value              (partselect       ) [ 0000000000]
tmp_18                        (bitselect        ) [ 0000000000]
tmp_19                        (bitselect        ) [ 0000000000]
or_ln1516                     (or               ) [ 0000000000]
and_ln1516                    (and              ) [ 0000000000]
zext_ln1516                   (zext             ) [ 0000000000]
normalized_value_2            (add              ) [ 0000000000]
attention_group_addr          (getelementptr    ) [ 0000000000]
store_ln1523                  (store            ) [ 0000000000]
tmp_20                        (bitselect        ) [ 0000000000]
magnitude                     (sub              ) [ 0000000000]
icmp_ln1525                   (icmp             ) [ 0000000000]
tmp_21                        (bitselect        ) [ 0000000000]
xor_ln1525                    (xor              ) [ 0000000000]
and_ln1525                    (and              ) [ 0000000000]
xor_ln1525_1                  (xor              ) [ 0000000000]
select_ln1525                 (select           ) [ 0000000000]
and_ln1525_1                  (and              ) [ 0000000000]
select_ln1525_1               (select           ) [ 0000000000]
magnitude_2                   (select           ) [ 0100000001]
max_abs_load_1                (load             ) [ 0000000000]
rbegin                        (specregionbegin  ) [ 0000000000]
rend                          (specregionend    ) [ 0000000000]
icmp_ln1526                   (icmp             ) [ 0000000000]
max_abs_2                     (select           ) [ 0000000000]
store_ln1491                  (store            ) [ 0000000000]
br_ln1494                     (br               ) [ 0000000000]
max_abs_load                  (load             ) [ 0000000000]
write_ln0                     (write            ) [ 0000000000]
ret_ln0                       (ret              ) [ 0000000000]
</LifeTime>

<model>

<comp_list>
<comp id="0" class="1000" name="sext_ln1488">
<pin_list>
<pin id="1" dir="1" index="0" bw="1" slack="0"/>
</pin_list>
<bind>
<StgValue><ssdm name="sext_ln1488"/></StgValue>
</bind>
</comp>

<comp id="2" class="1000" name="attention_group">
<pin_list>
<pin id="3" dir="1" index="0" bw="1" slack="0"/>
</pin_list>
<bind>
<StgValue><ssdm name="attention_group"/><MemPortTyVec>0 </MemPortTyVec>
</StgValue>
</bind>
</comp>

<comp id="4" class="1000" name="weighted_value_engine0">
<pin_list>
<pin id="5" dir="1" index="0" bw="1" slack="0"/>
</pin_list>
<bind>
<StgValue><ssdm name="weighted_value_engine0"/><MemPortTyVec>1 3 </MemPortTyVec>
</StgValue>
</bind>
</comp>

<comp id="6" class="1000" name="weighted_value_engine0_1">
<pin_list>
<pin id="7" dir="1" index="0" bw="1" slack="0"/>
</pin_list>
<bind>
<StgValue><ssdm name="weighted_value_engine0_1"/><MemPortTyVec>1 3 </MemPortTyVec>
</StgValue>
</bind>
</comp>

<comp id="8" class="1000" name="weighted_value_engine0_2">
<pin_list>
<pin id="9" dir="1" index="0" bw="1" slack="0"/>
</pin_list>
<bind>
<StgValue><ssdm name="weighted_value_engine0_2"/><MemPortTyVec>1 3 </MemPortTyVec>
</StgValue>
</bind>
</comp>

<comp id="10" class="1000" name="weighted_value_engine0_3">
<pin_list>
<pin id="11" dir="1" index="0" bw="1" slack="0"/>
</pin_list>
<bind>
<StgValue><ssdm name="weighted_value_engine0_3"/><MemPortTyVec>1 3 </MemPortTyVec>
</StgValue>
</bind>
</comp>

<comp id="12" class="1000" name="empty">
<pin_list>
<pin id="13" dir="1" index="0" bw="1" slack="0"/>
</pin_list>
<bind>
<StgValue><ssdm name="empty"/></StgValue>
</bind>
</comp>

<comp id="14" class="1000" name="weighted_value_engine1">
<pin_list>
<pin id="15" dir="1" index="0" bw="1" slack="0"/>
</pin_list>
<bind>
<StgValue><ssdm name="weighted_value_engine1"/><MemPortTyVec>1 3 </MemPortTyVec>
</StgValue>
</bind>
</comp>

<comp id="16" class="1000" name="weighted_value_engine1_1">
<pin_list>
<pin id="17" dir="1" index="0" bw="1" slack="0"/>
</pin_list>
<bind>
<StgValue><ssdm name="weighted_value_engine1_1"/><MemPortTyVec>1 3 </MemPortTyVec>
</StgValue>
</bind>
</comp>

<comp id="18" class="1000" name="weighted_value_engine1_2">
<pin_list>
<pin id="19" dir="1" index="0" bw="1" slack="0"/>
</pin_list>
<bind>
<StgValue><ssdm name="weighted_value_engine1_2"/><MemPortTyVec>1 3 </MemPortTyVec>
</StgValue>
</bind>
</comp>

<comp id="20" class="1000" name="weighted_value_engine1_3">
<pin_list>
<pin id="21" dir="1" index="0" bw="1" slack="0"/>
</pin_list>
<bind>
<StgValue><ssdm name="weighted_value_engine1_3"/><MemPortTyVec>1 3 </MemPortTyVec>
</StgValue>
</bind>
</comp>

<comp id="22" class="1000" name="weighted_value_engine2">
<pin_list>
<pin id="23" dir="1" index="0" bw="1" slack="0"/>
</pin_list>
<bind>
<StgValue><ssdm name="weighted_value_engine2"/><MemPortTyVec>1 3 </MemPortTyVec>
</StgValue>
</bind>
</comp>

<comp id="24" class="1000" name="weighted_value_engine2_1">
<pin_list>
<pin id="25" dir="1" index="0" bw="1" slack="0"/>
</pin_list>
<bind>
<StgValue><ssdm name="weighted_value_engine2_1"/><MemPortTyVec>1 3 </MemPortTyVec>
</StgValue>
</bind>
</comp>

<comp id="26" class="1000" name="weighted_value_engine2_2">
<pin_list>
<pin id="27" dir="1" index="0" bw="1" slack="0"/>
</pin_list>
<bind>
<StgValue><ssdm name="weighted_value_engine2_2"/><MemPortTyVec>1 3 </MemPortTyVec>
</StgValue>
</bind>
</comp>

<comp id="28" class="1000" name="weighted_value_engine2_3">
<pin_list>
<pin id="29" dir="1" index="0" bw="1" slack="0"/>
</pin_list>
<bind>
<StgValue><ssdm name="weighted_value_engine2_3"/><MemPortTyVec>1 3 </MemPortTyVec>
</StgValue>
</bind>
</comp>

<comp id="30" class="1000" name="weighted_value_engine3">
<pin_list>
<pin id="31" dir="1" index="0" bw="1" slack="0"/>
</pin_list>
<bind>
<StgValue><ssdm name="weighted_value_engine3"/><MemPortTyVec>1 3 </MemPortTyVec>
</StgValue>
</bind>
</comp>

<comp id="32" class="1000" name="weighted_value_engine3_1">
<pin_list>
<pin id="33" dir="1" index="0" bw="1" slack="0"/>
</pin_list>
<bind>
<StgValue><ssdm name="weighted_value_engine3_1"/><MemPortTyVec>1 3 </MemPortTyVec>
</StgValue>
</bind>
</comp>

<comp id="34" class="1000" name="weighted_value_engine3_2">
<pin_list>
<pin id="35" dir="1" index="0" bw="1" slack="0"/>
</pin_list>
<bind>
<StgValue><ssdm name="weighted_value_engine3_2"/><MemPortTyVec>1 3 </MemPortTyVec>
</StgValue>
</bind>
</comp>

<comp id="36" class="1000" name="weighted_value_engine3_3">
<pin_list>
<pin id="37" dir="1" index="0" bw="1" slack="0"/>
</pin_list>
<bind>
<StgValue><ssdm name="weighted_value_engine3_3"/><MemPortTyVec>1 3 </MemPortTyVec>
</StgValue>
</bind>
</comp>

<comp id="38" class="1000" name="max_abs_out">
<pin_list>
<pin id="39" dir="1" index="0" bw="1" slack="0"/>
</pin_list>
<bind>
<StgValue><ssdm name="max_abs_out"/></StgValue>
</bind>
</comp>

<comp id="40" class="1001" name="const_40">
<pin_list>
<pin id="41" dir="1" index="0" bw="1" slack="0"/>
</pin_list>
<bind>
<StgValue><ssdm name=""/></StgValue>
</bind>
</comp>

<comp id="42" class="1001" name="const_42">
<pin_list>
<pin id="43" dir="1" index="0" bw="1" slack="0"/>
</pin_list>
<bind>
<StgValue><ssdm name="_ssdm_op_Read.ap_auto.i2"/></StgValue>
</bind>
</comp>

<comp id="44" class="1001" name="const_44">
<pin_list>
<pin id="45" dir="1" index="0" bw="1" slack="0"/>
</pin_list>
<bind>
<StgValue><ssdm name="_ssdm_op_Read.ap_auto.i32"/></StgValue>
</bind>
</comp>

<comp id="46" class="1001" name="const_46">
<pin_list>
<pin id="47" dir="1" index="0" bw="1" slack="2147483647"/>
</pin_list>
<bind>
<StgValue><ssdm name="_ssdm_op_SpecMemCore"/></StgValue>
</bind>
</comp>

<comp id="48" class="1001" name="const_48">
<pin_list>
<pin id="49" dir="1" index="0" bw="1" slack="2147483647"/>
</pin_list>
<bind>
<StgValue><ssdm name=""/></StgValue>
</bind>
</comp>

<comp id="50" class="1001" name="const_50">
<pin_list>
<pin id="51" dir="1" index="0" bw="1" slack="2147483647"/>
</pin_list>
<bind>
<StgValue><ssdm name=""/></StgValue>
</bind>
</comp>

<comp id="52" class="1001" name="const_52">
<pin_list>
<pin id="53" dir="1" index="0" bw="1" slack="2147483647"/>
</pin_list>
<bind>
<StgValue><ssdm name=""/></StgValue>
</bind>
</comp>

<comp id="54" class="1001" name="const_54">
<pin_list>
<pin id="55" dir="1" index="0" bw="1" slack="2147483647"/>
</pin_list>
<bind>
<StgValue><ssdm name=""/></StgValue>
</bind>
</comp>

<comp id="56" class="1001" name="const_56">
<pin_list>
<pin id="57" dir="1" index="0" bw="1" slack="2147483647"/>
</pin_list>
<bind>
<StgValue><ssdm name=""/></StgValue>
</bind>
</comp>

<comp id="58" class="1001" name="const_58">
<pin_list>
<pin id="59" dir="1" index="0" bw="1" slack="0"/>
</pin_list>
<bind>
<StgValue><ssdm name=""/></StgValue>
</bind>
</comp>

<comp id="60" class="1001" name="const_60">
<pin_list>
<pin id="61" dir="1" index="0" bw="1" slack="0"/>
</pin_list>
<bind>
<StgValue><ssdm name=""/></StgValue>
</bind>
</comp>

<comp id="62" class="1001" name="const_62">
<pin_list>
<pin id="63" dir="1" index="0" bw="1" slack="0"/>
</pin_list>
<bind>
<StgValue><ssdm name=""/></StgValue>
</bind>
</comp>

<comp id="64" class="1001" name="const_64">
<pin_list>
<pin id="65" dir="1" index="0" bw="1" slack="0"/>
</pin_list>
<bind>
<StgValue><ssdm name=""/></StgValue>
</bind>
</comp>

<comp id="66" class="1001" name="const_66">
<pin_list>
<pin id="67" dir="1" index="0" bw="1" slack="0"/>
</pin_list>
<bind>
<StgValue><ssdm name="_ssdm_op_BitSelect.i1.i6.i32"/></StgValue>
</bind>
</comp>

<comp id="68" class="1001" name="const_68">
<pin_list>
<pin id="69" dir="1" index="0" bw="1" slack="0"/>
</pin_list>
<bind>
<StgValue><ssdm name=""/></StgValue>
</bind>
</comp>

<comp id="70" class="1001" name="const_70">
<pin_list>
<pin id="71" dir="1" index="0" bw="1" slack="0"/>
</pin_list>
<bind>
<StgValue><ssdm name="_ssdm_op_BitConcatenate.i3.i2.i1"/></StgValue>
</bind>
</comp>

<comp id="72" class="1001" name="const_72">
<pin_list>
<pin id="73" dir="1" index="0" bw="1" slack="0"/>
</pin_list>
<bind>
<StgValue><ssdm name="_ssdm_op_PartSelect.i2.i6.i32.i32"/></StgValue>
</bind>
</comp>

<comp id="74" class="1001" name="const_74">
<pin_list>
<pin id="75" dir="1" index="0" bw="1" slack="0"/>
</pin_list>
<bind>
<StgValue><ssdm name=""/></StgValue>
</bind>
</comp>

<comp id="76" class="1001" name="const_76">
<pin_list>
<pin id="77" dir="1" index="0" bw="1" slack="0"/>
</pin_list>
<bind>
<StgValue><ssdm name=""/></StgValue>
</bind>
</comp>

<comp id="78" class="1001" name="const_78">
<pin_list>
<pin id="79" dir="1" index="0" bw="1" slack="0"/>
</pin_list>
<bind>
<StgValue><ssdm name=""/></StgValue>
</bind>
</comp>

<comp id="80" class="1001" name="const_80">
<pin_list>
<pin id="81" dir="1" index="0" bw="1" slack="0"/>
</pin_list>
<bind>
<StgValue><ssdm name=""/></StgValue>
</bind>
</comp>

<comp id="82" class="1001" name="const_82">
<pin_list>
<pin id="83" dir="1" index="0" bw="1" slack="0"/>
</pin_list>
<bind>
<StgValue><ssdm name=""/></StgValue>
</bind>
</comp>

<comp id="84" class="1001" name="const_84">
<pin_list>
<pin id="85" dir="1" index="0" bw="1" slack="0"/>
</pin_list>
<bind>
<StgValue><ssdm name=""/></StgValue>
</bind>
</comp>

<comp id="86" class="1001" name="const_86">
<pin_list>
<pin id="87" dir="1" index="0" bw="1" slack="0"/>
</pin_list>
<bind>
<StgValue><ssdm name="_ssdm_op_SparseMux.ap_auto.4i32.i32.i2"/></StgValue>
</bind>
</comp>

<comp id="88" class="1001" name="const_88">
<pin_list>
<pin id="89" dir="1" index="0" bw="1" slack="0"/>
</pin_list>
<bind>
<StgValue><ssdm name=""/></StgValue>
</bind>
</comp>

<comp id="90" class="1001" name="const_90">
<pin_list>
<pin id="91" dir="1" index="0" bw="1" slack="0"/>
</pin_list>
<bind>
<StgValue><ssdm name=""/></StgValue>
</bind>
</comp>

<comp id="92" class="1001" name="const_92">
<pin_list>
<pin id="93" dir="1" index="0" bw="1" slack="2147483647"/>
</pin_list>
<bind>
<StgValue><ssdm name="_ssdm_op_SpecFUCore"/></StgValue>
</bind>
</comp>

<comp id="94" class="1001" name="const_94">
<pin_list>
<pin id="95" dir="1" index="0" bw="1" slack="2147483647"/>
</pin_list>
<bind>
<StgValue><ssdm name=""/></StgValue>
</bind>
</comp>

<comp id="96" class="1001" name="const_96">
<pin_list>
<pin id="97" dir="1" index="0" bw="1" slack="2147483647"/>
</pin_list>
<bind>
<StgValue><ssdm name=""/></StgValue>
</bind>
</comp>

<comp id="98" class="1001" name="const_98">
<pin_list>
<pin id="99" dir="1" index="0" bw="1" slack="2147483647"/>
</pin_list>
<bind>
<StgValue><ssdm name=""/></StgValue>
</bind>
</comp>

<comp id="100" class="1001" name="const_100">
<pin_list>
<pin id="101" dir="1" index="0" bw="1" slack="0"/>
</pin_list>
<bind>
<StgValue><ssdm name=""/></StgValue>
</bind>
</comp>

<comp id="102" class="1001" name="const_102">
<pin_list>
<pin id="103" dir="1" index="0" bw="1" slack="2147483647"/>
</pin_list>
<bind>
<StgValue><ssdm name="_ssdm_op_SpecPipeline"/></StgValue>
</bind>
</comp>

<comp id="104" class="1001" name="const_104">
<pin_list>
<pin id="105" dir="1" index="0" bw="1" slack="2147483647"/>
</pin_list>
<bind>
<StgValue><ssdm name="empty_418"/></StgValue>
</bind>
</comp>

<comp id="106" class="1001" name="const_106">
<pin_list>
<pin id="107" dir="1" index="0" bw="1" slack="2147483647"/>
</pin_list>
<bind>
<StgValue><ssdm name="_ssdm_op_SpecLoopTripCount"/></StgValue>
</bind>
</comp>

<comp id="108" class="1001" name="const_108">
<pin_list>
<pin id="109" dir="1" index="0" bw="1" slack="2147483647"/>
</pin_list>
<bind>
<StgValue><ssdm name=""/></StgValue>
</bind>
</comp>

<comp id="110" class="1001" name="const_110">
<pin_list>
<pin id="111" dir="1" index="0" bw="1" slack="2147483647"/>
</pin_list>
<bind>
<StgValue><ssdm name="_ssdm_op_SpecLoopName"/></StgValue>
</bind>
</comp>

<comp id="112" class="1001" name="const_112">
<pin_list>
<pin id="113" dir="1" index="0" bw="1" slack="2147483647"/>
</pin_list>
<bind>
<StgValue><ssdm name="empty_480"/></StgValue>
</bind>
</comp>

<comp id="114" class="1001" name="const_114">
<pin_list>
<pin id="115" dir="1" index="0" bw="1" slack="0"/>
</pin_list>
<bind>
<StgValue><ssdm name="_ssdm_op_PartSelect.i32.i49.i32.i32"/></StgValue>
</bind>
</comp>

<comp id="116" class="1001" name="const_116">
<pin_list>
<pin id="117" dir="1" index="0" bw="1" slack="0"/>
</pin_list>
<bind>
<StgValue><ssdm name=""/></StgValue>
</bind>
</comp>

<comp id="118" class="1001" name="const_118">
<pin_list>
<pin id="119" dir="1" index="0" bw="1" slack="0"/>
</pin_list>
<bind>
<StgValue><ssdm name=""/></StgValue>
</bind>
</comp>

<comp id="120" class="1001" name="const_120">
<pin_list>
<pin id="121" dir="1" index="0" bw="1" slack="0"/>
</pin_list>
<bind>
<StgValue><ssdm name="_ssdm_op_BitSelect.i1.i49.i32"/></StgValue>
</bind>
</comp>

<comp id="122" class="1001" name="const_122">
<pin_list>
<pin id="123" dir="1" index="0" bw="1" slack="0"/>
</pin_list>
<bind>
<StgValue><ssdm name=""/></StgValue>
</bind>
</comp>

<comp id="124" class="1001" name="const_124">
<pin_list>
<pin id="125" dir="1" index="0" bw="1" slack="0"/>
</pin_list>
<bind>
<StgValue><ssdm name="_ssdm_op_BitSelect.i1.i32.i32"/></StgValue>
</bind>
</comp>

<comp id="126" class="1001" name="const_126">
<pin_list>
<pin id="127" dir="1" index="0" bw="1" slack="0"/>
</pin_list>
<bind>
<StgValue><ssdm name=""/></StgValue>
</bind>
</comp>

<comp id="128" class="1001" name="const_128">
<pin_list>
<pin id="129" dir="1" index="0" bw="1" slack="0"/>
</pin_list>
<bind>
<StgValue><ssdm name=""/></StgValue>
</bind>
</comp>

<comp id="130" class="1001" name="const_130">
<pin_list>
<pin id="131" dir="1" index="0" bw="1" slack="0"/>
</pin_list>
<bind>
<StgValue><ssdm name=""/></StgValue>
</bind>
</comp>

<comp id="132" class="1001" name="const_132">
<pin_list>
<pin id="133" dir="1" index="0" bw="1" slack="0"/>
</pin_list>
<bind>
<StgValue><ssdm name=""/></StgValue>
</bind>
</comp>

<comp id="134" class="1001" name="const_134">
<pin_list>
<pin id="135" dir="1" index="0" bw="1" slack="2147483647"/>
</pin_list>
<bind>
<StgValue><ssdm name="_ssdm_op_SpecRegionBegin"/></StgValue>
</bind>
</comp>

<comp id="136" class="1001" name="const_136">
<pin_list>
<pin id="137" dir="1" index="0" bw="1" slack="2147483647"/>
</pin_list>
<bind>
<StgValue><ssdm name="empty_11"/></StgValue>
</bind>
</comp>

<comp id="138" class="1001" name="const_138">
<pin_list>
<pin id="139" dir="1" index="0" bw="1" slack="2147483647"/>
</pin_list>
<bind>
<StgValue><ssdm name="_ssdm_op_SpecRegionEnd"/></StgValue>
</bind>
</comp>

<comp id="140" class="1001" name="const_140">
<pin_list>
<pin id="141" dir="1" index="0" bw="1" slack="0"/>
</pin_list>
<bind>
<StgValue><ssdm name="_ssdm_op_Write.ap_auto.i32P0A"/></StgValue>
</bind>
</comp>

<comp id="142" class="1004" name="max_abs_fu_142">
<pin_list>
<pin id="143" dir="0" index="0" bw="1" slack="0"/>
<pin id="144" dir="1" index="1" bw="32" slack="0"/>
</pin_list>
<bind>
<opcode="alloca(26) " fcode="alloca"/>
<opset="max_abs/1 "/>
</bind>
</comp>

<comp id="146" class="1004" name="lane_fu_146">
<pin_list>
<pin id="147" dir="0" index="0" bw="1" slack="0"/>
<pin id="148" dir="1" index="1" bw="6" slack="0"/>
</pin_list>
<bind>
<opcode="alloca(26) " fcode="alloca"/>
<opset="lane/1 "/>
</bind>
</comp>

<comp id="150" class="1004" name="tmp_read_fu_150">
<pin_list>
<pin id="151" dir="0" index="0" bw="2" slack="0"/>
<pin id="152" dir="0" index="1" bw="2" slack="0"/>
<pin id="153" dir="1" index="2" bw="2" slack="0"/>
</pin_list>
<bind>
<opcode="read(1150) " fcode="read"/>
<opset="tmp/1 "/>
</bind>
</comp>

<comp id="156" class="1004" name="sext_ln1488_read_read_fu_156">
<pin_list>
<pin id="157" dir="0" index="0" bw="32" slack="0"/>
<pin id="158" dir="0" index="1" bw="32" slack="0"/>
<pin id="159" dir="1" index="2" bw="32" slack="0"/>
</pin_list>
<bind>
<opcode="read(1150) " fcode="read"/>
<opset="sext_ln1488_read/1 "/>
</bind>
</comp>

<comp id="162" class="1004" name="write_ln0_write_fu_162">
<pin_list>
<pin id="163" dir="0" index="0" bw="0" slack="0"/>
<pin id="164" dir="0" index="1" bw="32" slack="0"/>
<pin id="165" dir="0" index="2" bw="32" slack="0"/>
<pin id="166" dir="1" index="3" bw="0" slack="2147483647"/>
</pin_list>
<bind>
<opcode="write(1151) " fcode="write"/>
<opset="write_ln0/8 "/>
</bind>
</comp>

<comp id="169" class="1004" name="weighted_value_engine2_addr_gep_fu_169">
<pin_list>
<pin id="170" dir="0" index="0" bw="32" slack="0"/>
<pin id="171" dir="0" index="1" bw="1" slack="0"/>
<pin id="172" dir="0" index="2" bw="3" slack="0"/>
<pin id="173" dir="1" index="3" bw="3" slack="0"/>
</pin_list>
<bind>
<opcode="getelementptr(29) " fcode="getelementptr"/>
<opset="weighted_value_engine2_addr/1 "/>
</bind>
</comp>

<comp id="176" class="1004" name="weighted_value_engine2_1_addr_gep_fu_176">
<pin_list>
<pin id="177" dir="0" index="0" bw="32" slack="0"/>
<pin id="178" dir="0" index="1" bw="1" slack="0"/>
<pin id="179" dir="0" index="2" bw="3" slack="0"/>
<pin id="180" dir="1" index="3" bw="3" slack="0"/>
</pin_list>
<bind>
<opcode="getelementptr(29) " fcode="getelementptr"/>
<opset="weighted_value_engine2_1_addr/1 "/>
</bind>
</comp>

<comp id="183" class="1004" name="weighted_value_engine2_2_addr_gep_fu_183">
<pin_list>
<pin id="184" dir="0" index="0" bw="32" slack="0"/>
<pin id="185" dir="0" index="1" bw="1" slack="0"/>
<pin id="186" dir="0" index="2" bw="3" slack="0"/>
<pin id="187" dir="1" index="3" bw="3" slack="0"/>
</pin_list>
<bind>
<opcode="getelementptr(29) " fcode="getelementptr"/>
<opset="weighted_value_engine2_2_addr/1 "/>
</bind>
</comp>

<comp id="190" class="1004" name="weighted_value_engine2_3_addr_gep_fu_190">
<pin_list>
<pin id="191" dir="0" index="0" bw="32" slack="0"/>
<pin id="192" dir="0" index="1" bw="1" slack="0"/>
<pin id="193" dir="0" index="2" bw="3" slack="0"/>
<pin id="194" dir="1" index="3" bw="3" slack="0"/>
</pin_list>
<bind>
<opcode="getelementptr(29) " fcode="getelementptr"/>
<opset="weighted_value_engine2_3_addr/1 "/>
</bind>
</comp>

<comp id="197" class="1004" name="grp_access_fu_197">
<pin_list>
<pin id="198" dir="0" index="0" bw="3" slack="0"/>
<pin id="199" dir="0" index="1" bw="32" slack="2147483647"/>
<pin id="200" dir="0" index="2" bw="0" slack="2147483647"/>
<pin id="201" dir="1" index="3" bw="32" slack="0"/>
</pin_list>
<bind>
<opcode="load(27) " fcode="load"/>
<opset="weighted_value_engine2_load/1 "/>
</bind>
</comp>

<comp id="203" class="1004" name="grp_access_fu_203">
<pin_list>
<pin id="204" dir="0" index="0" bw="3" slack="0"/>
<pin id="205" dir="0" index="1" bw="32" slack="2147483647"/>
<pin id="206" dir="0" index="2" bw="0" slack="2147483647"/>
<pin id="207" dir="1" index="3" bw="32" slack="0"/>
</pin_list>
<bind>
<opcode="load(27) " fcode="load"/>
<opset="weighted_value_engine2_1_load/1 "/>
</bind>
</comp>

<comp id="209" class="1004" name="grp_access_fu_209">
<pin_list>
<pin id="210" dir="0" index="0" bw="3" slack="0"/>
<pin id="211" dir="0" index="1" bw="32" slack="2147483647"/>
<pin id="212" dir="0" index="2" bw="0" slack="2147483647"/>
<pin id="213" dir="1" index="3" bw="32" slack="0"/>
</pin_list>
<bind>
<opcode="load(27) " fcode="load"/>
<opset="weighted_value_engine2_2_load/1 "/>
</bind>
</comp>

<comp id="215" class="1004" name="grp_access_fu_215">
<pin_list>
<pin id="216" dir="0" index="0" bw="3" slack="0"/>
<pin id="217" dir="0" index="1" bw="32" slack="2147483647"/>
<pin id="218" dir="0" index="2" bw="0" slack="2147483647"/>
<pin id="219" dir="1" index="3" bw="32" slack="0"/>
</pin_list>
<bind>
<opcode="load(27) " fcode="load"/>
<opset="weighted_value_engine2_3_load/1 "/>
</bind>
</comp>

<comp id="221" class="1004" name="weighted_value_engine1_addr_gep_fu_221">
<pin_list>
<pin id="222" dir="0" index="0" bw="32" slack="0"/>
<pin id="223" dir="0" index="1" bw="1" slack="0"/>
<pin id="224" dir="0" index="2" bw="3" slack="0"/>
<pin id="225" dir="1" index="3" bw="3" slack="0"/>
</pin_list>
<bind>
<opcode="getelementptr(29) " fcode="getelementptr"/>
<opset="weighted_value_engine1_addr/1 "/>
</bind>
</comp>

<comp id="228" class="1004" name="weighted_value_engine1_1_addr_gep_fu_228">
<pin_list>
<pin id="229" dir="0" index="0" bw="32" slack="0"/>
<pin id="230" dir="0" index="1" bw="1" slack="0"/>
<pin id="231" dir="0" index="2" bw="3" slack="0"/>
<pin id="232" dir="1" index="3" bw="3" slack="0"/>
</pin_list>
<bind>
<opcode="getelementptr(29) " fcode="getelementptr"/>
<opset="weighted_value_engine1_1_addr/1 "/>
</bind>
</comp>

<comp id="235" class="1004" name="weighted_value_engine1_2_addr_gep_fu_235">
<pin_list>
<pin id="236" dir="0" index="0" bw="32" slack="0"/>
<pin id="237" dir="0" index="1" bw="1" slack="0"/>
<pin id="238" dir="0" index="2" bw="3" slack="0"/>
<pin id="239" dir="1" index="3" bw="3" slack="0"/>
</pin_list>
<bind>
<opcode="getelementptr(29) " fcode="getelementptr"/>
<opset="weighted_value_engine1_2_addr/1 "/>
</bind>
</comp>

<comp id="242" class="1004" name="weighted_value_engine1_3_addr_gep_fu_242">
<pin_list>
<pin id="243" dir="0" index="0" bw="32" slack="0"/>
<pin id="244" dir="0" index="1" bw="1" slack="0"/>
<pin id="245" dir="0" index="2" bw="3" slack="0"/>
<pin id="246" dir="1" index="3" bw="3" slack="0"/>
</pin_list>
<bind>
<opcode="getelementptr(29) " fcode="getelementptr"/>
<opset="weighted_value_engine1_3_addr/1 "/>
</bind>
</comp>

<comp id="249" class="1004" name="grp_access_fu_249">
<pin_list>
<pin id="250" dir="0" index="0" bw="3" slack="0"/>
<pin id="251" dir="0" index="1" bw="32" slack="2147483647"/>
<pin id="252" dir="0" index="2" bw="0" slack="2147483647"/>
<pin id="253" dir="1" index="3" bw="32" slack="0"/>
</pin_list>
<bind>
<opcode="load(27) " fcode="load"/>
<opset="weighted_value_engine1_load/1 "/>
</bind>
</comp>

<comp id="255" class="1004" name="grp_access_fu_255">
<pin_list>
<pin id="256" dir="0" index="0" bw="3" slack="0"/>
<pin id="257" dir="0" index="1" bw="32" slack="2147483647"/>
<pin id="258" dir="0" index="2" bw="0" slack="2147483647"/>
<pin id="259" dir="1" index="3" bw="32" slack="0"/>
</pin_list>
<bind>
<opcode="load(27) " fcode="load"/>
<opset="weighted_value_engine1_1_load/1 "/>
</bind>
</comp>

<comp id="261" class="1004" name="grp_access_fu_261">
<pin_list>
<pin id="262" dir="0" index="0" bw="3" slack="0"/>
<pin id="263" dir="0" index="1" bw="32" slack="2147483647"/>
<pin id="264" dir="0" index="2" bw="0" slack="2147483647"/>
<pin id="265" dir="1" index="3" bw="32" slack="0"/>
</pin_list>
<bind>
<opcode="load(27) " fcode="load"/>
<opset="weighted_value_engine1_2_load/1 "/>
</bind>
</comp>

<comp id="267" class="1004" name="grp_access_fu_267">
<pin_list>
<pin id="268" dir="0" index="0" bw="3" slack="0"/>
<pin id="269" dir="0" index="1" bw="32" slack="2147483647"/>
<pin id="270" dir="0" index="2" bw="0" slack="2147483647"/>
<pin id="271" dir="1" index="3" bw="32" slack="0"/>
</pin_list>
<bind>
<opcode="load(27) " fcode="load"/>
<opset="weighted_value_engine1_3_load/1 "/>
</bind>
</comp>

<comp id="273" class="1004" name="weighted_value_engine0_addr_gep_fu_273">
<pin_list>
<pin id="274" dir="0" index="0" bw="32" slack="0"/>
<pin id="275" dir="0" index="1" bw="1" slack="0"/>
<pin id="276" dir="0" index="2" bw="3" slack="0"/>
<pin id="277" dir="1" index="3" bw="3" slack="0"/>
</pin_list>
<bind>
<opcode="getelementptr(29) " fcode="getelementptr"/>
<opset="weighted_value_engine0_addr/1 "/>
</bind>
</comp>

<comp id="280" class="1004" name="weighted_value_engine0_1_addr_gep_fu_280">
<pin_list>
<pin id="281" dir="0" index="0" bw="32" slack="0"/>
<pin id="282" dir="0" index="1" bw="1" slack="0"/>
<pin id="283" dir="0" index="2" bw="3" slack="0"/>
<pin id="284" dir="1" index="3" bw="3" slack="0"/>
</pin_list>
<bind>
<opcode="getelementptr(29) " fcode="getelementptr"/>
<opset="weighted_value_engine0_1_addr/1 "/>
</bind>
</comp>

<comp id="287" class="1004" name="weighted_value_engine0_2_addr_gep_fu_287">
<pin_list>
<pin id="288" dir="0" index="0" bw="32" slack="0"/>
<pin id="289" dir="0" index="1" bw="1" slack="0"/>
<pin id="290" dir="0" index="2" bw="3" slack="0"/>
<pin id="291" dir="1" index="3" bw="3" slack="0"/>
</pin_list>
<bind>
<opcode="getelementptr(29) " fcode="getelementptr"/>
<opset="weighted_value_engine0_2_addr/1 "/>
</bind>
</comp>

<comp id="294" class="1004" name="weighted_value_engine0_3_addr_gep_fu_294">
<pin_list>
<pin id="295" dir="0" index="0" bw="32" slack="0"/>
<pin id="296" dir="0" index="1" bw="1" slack="0"/>
<pin id="297" dir="0" index="2" bw="3" slack="0"/>
<pin id="298" dir="1" index="3" bw="3" slack="0"/>
</pin_list>
<bind>
<opcode="getelementptr(29) " fcode="getelementptr"/>
<opset="weighted_value_engine0_3_addr/1 "/>
</bind>
</comp>

<comp id="301" class="1004" name="grp_access_fu_301">
<pin_list>
<pin id="302" dir="0" index="0" bw="3" slack="0"/>
<pin id="303" dir="0" index="1" bw="32" slack="2147483647"/>
<pin id="304" dir="0" index="2" bw="0" slack="2147483647"/>
<pin id="305" dir="1" index="3" bw="32" slack="0"/>
</pin_list>
<bind>
<opcode="load(27) " fcode="load"/>
<opset="weighted_value_engine0_load/1 "/>
</bind>
</comp>

<comp id="307" class="1004" name="grp_access_fu_307">
<pin_list>
<pin id="308" dir="0" index="0" bw="3" slack="0"/>
<pin id="309" dir="0" index="1" bw="32" slack="2147483647"/>
<pin id="310" dir="0" index="2" bw="0" slack="2147483647"/>
<pin id="311" dir="1" index="3" bw="32" slack="0"/>
</pin_list>
<bind>
<opcode="load(27) " fcode="load"/>
<opset="weighted_value_engine0_1_load/1 "/>
</bind>
</comp>

<comp id="313" class="1004" name="grp_access_fu_313">
<pin_list>
<pin id="314" dir="0" index="0" bw="3" slack="0"/>
<pin id="315" dir="0" index="1" bw="32" slack="2147483647"/>
<pin id="316" dir="0" index="2" bw="0" slack="2147483647"/>
<pin id="317" dir="1" index="3" bw="32" slack="0"/>
</pin_list>
<bind>
<opcode="load(27) " fcode="load"/>
<opset="weighted_value_engine0_2_load/1 "/>
</bind>
</comp>

<comp id="319" class="1004" name="grp_access_fu_319">
<pin_list>
<pin id="320" dir="0" index="0" bw="3" slack="0"/>
<pin id="321" dir="0" index="1" bw="32" slack="2147483647"/>
<pin id="322" dir="0" index="2" bw="0" slack="2147483647"/>
<pin id="323" dir="1" index="3" bw="32" slack="0"/>
</pin_list>
<bind>
<opcode="load(27) " fcode="load"/>
<opset="weighted_value_engine0_3_load/1 "/>
</bind>
</comp>

<comp id="325" class="1004" name="weighted_value_engine3_addr_gep_fu_325">
<pin_list>
<pin id="326" dir="0" index="0" bw="32" slack="0"/>
<pin id="327" dir="0" index="1" bw="1" slack="0"/>
<pin id="328" dir="0" index="2" bw="3" slack="0"/>
<pin id="329" dir="1" index="3" bw="3" slack="0"/>
</pin_list>
<bind>
<opcode="getelementptr(29) " fcode="getelementptr"/>
<opset="weighted_value_engine3_addr/1 "/>
</bind>
</comp>

<comp id="332" class="1004" name="weighted_value_engine3_1_addr_gep_fu_332">
<pin_list>
<pin id="333" dir="0" index="0" bw="32" slack="0"/>
<pin id="334" dir="0" index="1" bw="1" slack="0"/>
<pin id="335" dir="0" index="2" bw="3" slack="0"/>
<pin id="336" dir="1" index="3" bw="3" slack="0"/>
</pin_list>
<bind>
<opcode="getelementptr(29) " fcode="getelementptr"/>
<opset="weighted_value_engine3_1_addr/1 "/>
</bind>
</comp>

<comp id="339" class="1004" name="weighted_value_engine3_2_addr_gep_fu_339">
<pin_list>
<pin id="340" dir="0" index="0" bw="32" slack="0"/>
<pin id="341" dir="0" index="1" bw="1" slack="0"/>
<pin id="342" dir="0" index="2" bw="3" slack="0"/>
<pin id="343" dir="1" index="3" bw="3" slack="0"/>
</pin_list>
<bind>
<opcode="getelementptr(29) " fcode="getelementptr"/>
<opset="weighted_value_engine3_2_addr/1 "/>
</bind>
</comp>

<comp id="346" class="1004" name="weighted_value_engine3_3_addr_gep_fu_346">
<pin_list>
<pin id="347" dir="0" index="0" bw="32" slack="0"/>
<pin id="348" dir="0" index="1" bw="1" slack="0"/>
<pin id="349" dir="0" index="2" bw="3" slack="0"/>
<pin id="350" dir="1" index="3" bw="3" slack="0"/>
</pin_list>
<bind>
<opcode="getelementptr(29) " fcode="getelementptr"/>
<opset="weighted_value_engine3_3_addr/1 "/>
</bind>
</comp>

<comp id="353" class="1004" name="grp_access_fu_353">
<pin_list>
<pin id="354" dir="0" index="0" bw="3" slack="0"/>
<pin id="355" dir="0" index="1" bw="32" slack="2147483647"/>
<pin id="356" dir="0" index="2" bw="0" slack="2147483647"/>
<pin id="357" dir="1" index="3" bw="32" slack="0"/>
</pin_list>
<bind>
<opcode="load(27) " fcode="load"/>
<opset="weighted_value_engine3_load/1 "/>
</bind>
</comp>

<comp id="359" class="1004" name="grp_access_fu_359">
<pin_list>
<pin id="360" dir="0" index="0" bw="3" slack="0"/>
<pin id="361" dir="0" index="1" bw="32" slack="2147483647"/>
<pin id="362" dir="0" index="2" bw="0" slack="2147483647"/>
<pin id="363" dir="1" index="3" bw="32" slack="0"/>
</pin_list>
<bind>
<opcode="load(27) " fcode="load"/>
<opset="weighted_value_engine3_1_load/1 "/>
</bind>
</comp>

<comp id="365" class="1004" name="grp_access_fu_365">
<pin_list>
<pin id="366" dir="0" index="0" bw="3" slack="0"/>
<pin id="367" dir="0" index="1" bw="32" slack="2147483647"/>
<pin id="368" dir="0" index="2" bw="0" slack="2147483647"/>
<pin id="369" dir="1" index="3" bw="32" slack="0"/>
</pin_list>
<bind>
<opcode="load(27) " fcode="load"/>
<opset="weighted_value_engine3_2_load/1 "/>
</bind>
</comp>

<comp id="371" class="1004" name="grp_access_fu_371">
<pin_list>
<pin id="372" dir="0" index="0" bw="3" slack="0"/>
<pin id="373" dir="0" index="1" bw="32" slack="2147483647"/>
<pin id="374" dir="0" index="2" bw="0" slack="2147483647"/>
<pin id="375" dir="1" index="3" bw="32" slack="0"/>
</pin_list>
<bind>
<opcode="load(27) " fcode="load"/>
<opset="weighted_value_engine3_3_load/1 "/>
</bind>
</comp>

<comp id="377" class="1004" name="attention_group_addr_gep_fu_377">
<pin_list>
<pin id="378" dir="0" index="0" bw="32" slack="0"/>
<pin id="379" dir="0" index="1" bw="1" slack="0"/>
<pin id="380" dir="0" index="2" bw="6" slack="0"/>
<pin id="381" dir="1" index="3" bw="5" slack="0"/>
</pin_list>
<bind>
<opcode="getelementptr(29) " fcode="getelementptr"/>
<opset="attention_group_addr/8 "/>
</bind>
</comp>

<comp id="384" class="1004" name="store_ln1523_access_fu_384">
<pin_list>
<pin id="385" dir="0" index="0" bw="5" slack="0"/>
<pin id="386" dir="0" index="1" bw="32" slack="0"/>
<pin id="387" dir="0" index="2" bw="0" slack="2147483647"/>
<pin id="388" dir="1" index="3" bw="32" slack="2147483647"/>
</pin_list>
<bind>
<opcode="store(28) " fcode="store"/>
<opset="store_ln1523/8 "/>
</bind>
</comp>

<comp id="390" class="1005" name="weighted_value_2_reg_390">
<pin_list>
<pin id="391" dir="0" index="0" bw="32" slack="2147483647"/>
<pin id="392" dir="1" index="1" bw="32" slack="2147483647"/>
</pin_list>
<bind>
<opset="weighted_value_2 (phireg) "/>
</bind>
</comp>

<comp id="393" class="1004" name="weighted_value_2_phi_fu_393">
<pin_list>
<pin id="394" dir="0" index="0" bw="32" slack="1"/>
<pin id="395" dir="0" index="1" bw="0" slack="2147483647"/>
<pin id="396" dir="0" index="2" bw="32" slack="1"/>
<pin id="397" dir="0" index="3" bw="0" slack="2147483647"/>
<pin id="398" dir="0" index="4" bw="32" slack="1"/>
<pin id="399" dir="0" index="5" bw="0" slack="2147483647"/>
<pin id="400" dir="0" index="6" bw="32" slack="1"/>
<pin id="401" dir="0" index="7" bw="0" slack="2147483647"/>
<pin id="402" dir="1" index="8" bw="32" slack="0"/>
</pin_list>
<bind>
<opcode="phi(47) " fcode="phi"/>
<opset="weighted_value_2/3 "/>
</bind>
</comp>

<comp id="403" class="1004" name="grp_fu_403">
<pin_list>
<pin id="404" dir="0" index="0" bw="32" slack="0"/>
<pin id="405" dir="0" index="1" bw="32" slack="2"/>
<pin id="406" dir="1" index="2" bw="49" slack="0"/>
</pin_list>
<bind>
<opcode="mul(12) " fcode="mul"/>
<opset="mul_ln1517/3 "/>
</bind>
</comp>

<comp id="407" class="1004" name="sext_ln1488_cast_fu_407">
<pin_list>
<pin id="408" dir="0" index="0" bw="32" slack="0"/>
<pin id="409" dir="1" index="1" bw="49" slack="2"/>
</pin_list>
<bind>
<opcode="sext(35) " fcode="sext"/>
<opset="sext_ln1488_cast/1 "/>
</bind>
</comp>

<comp id="411" class="1004" name="store_ln1494_store_fu_411">
<pin_list>
<pin id="412" dir="0" index="0" bw="1" slack="0"/>
<pin id="413" dir="0" index="1" bw="6" slack="0"/>
<pin id="414" dir="1" index="2" bw="0" slack="2147483647"/>
</pin_list>
<bind>
<opcode="store(28) " fcode="store"/>
<opset="store_ln1494/1 "/>
</bind>
</comp>

<comp id="416" class="1004" name="store_ln1491_store_fu_416">
<pin_list>
<pin id="417" dir="0" index="0" bw="1" slack="0"/>
<pin id="418" dir="0" index="1" bw="32" slack="0"/>
<pin id="419" dir="1" index="2" bw="0" slack="2147483647"/>
</pin_list>
<bind>
<opcode="store(28) " fcode="store"/>
<opset="store_ln1491/1 "/>
</bind>
</comp>

<comp id="421" class="1004" name="lane_2_load_fu_421">
<pin_list>
<pin id="422" dir="0" index="0" bw="6" slack="0"/>
<pin id="423" dir="1" index="1" bw="6" slack="0"/>
</pin_list>
<bind>
<opcode="load(27) " fcode="load"/>
<opset="lane_2/1 "/>
</bind>
</comp>

<comp id="424" class="1004" name="icmp_ln1494_fu_424">
<pin_list>
<pin id="425" dir="0" index="0" bw="6" slack="0"/>
<pin id="426" dir="0" index="1" bw="6" slack="0"/>
<pin id="427" dir="1" index="2" bw="1" slack="1"/>
</pin_list>
<bind>
<opcode="icmp(45) " fcode="icmp"/>
<opset="icmp_ln1494/1 "/>
</bind>
</comp>

<comp id="430" class="1004" name="add_ln1494_fu_430">
<pin_list>
<pin id="431" dir="0" index="0" bw="6" slack="0"/>
<pin id="432" dir="0" index="1" bw="1" slack="0"/>
<pin id="433" dir="1" index="2" bw="6" slack="0"/>
</pin_list>
<bind>
<opcode="add(8) " fcode="add"/>
<opset="add_ln1494/1 "/>
</bind>
</comp>

<comp id="436" class="1004" name="tmp_17_fu_436">
<pin_list>
<pin id="437" dir="0" index="0" bw="1" slack="0"/>
<pin id="438" dir="0" index="1" bw="6" slack="0"/>
<pin id="439" dir="0" index="2" bw="4" slack="0"/>
<pin id="440" dir="1" index="3" bw="1" slack="0"/>
</pin_list>
<bind>
<opcode="bitselect(1000) " fcode="bitselect"/>
<opset="tmp_17/1 "/>
</bind>
</comp>

<comp id="444" class="1004" name="update_phase_fu_444">
<pin_list>
<pin id="445" dir="0" index="0" bw="3" slack="0"/>
<pin id="446" dir="0" index="1" bw="2" slack="0"/>
<pin id="447" dir="0" index="2" bw="1" slack="0"/>
<pin id="448" dir="1" index="3" bw="3" slack="0"/>
</pin_list>
<bind>
<opcode="bitconcatenate(1004) " fcode="bitconcatenate"/>
<opset="update_phase/1 "/>
</bind>
</comp>

<comp id="452" class="1004" name="update_engine_fu_452">
<pin_list>
<pin id="453" dir="0" index="0" bw="2" slack="0"/>
<pin id="454" dir="0" index="1" bw="6" slack="0"/>
<pin id="455" dir="0" index="2" bw="3" slack="0"/>
<pin id="456" dir="0" index="3" bw="3" slack="0"/>
<pin id="457" dir="1" index="4" bw="2" slack="1"/>
</pin_list>
<bind>
<opcode="partselect(1002) " fcode="partselect"/>
<opset="update_engine/1 "/>
</bind>
</comp>

<comp id="462" class="1004" name="zext_ln1501_fu_462">
<pin_list>
<pin id="463" dir="0" index="0" bw="3" slack="0"/>
<pin id="464" dir="1" index="1" bw="64" slack="0"/>
</pin_list>
<bind>
<opcode="zext(34) " fcode="zext"/>
<opset="zext_ln1501/1 "/>
</bind>
</comp>

<comp id="482" class="1004" name="store_ln1494_store_fu_482">
<pin_list>
<pin id="483" dir="0" index="0" bw="6" slack="0"/>
<pin id="484" dir="0" index="1" bw="6" slack="0"/>
<pin id="485" dir="1" index="2" bw="0" slack="2147483647"/>
</pin_list>
<bind>
<opcode="store(28) " fcode="store"/>
<opset="store_ln1494/1 "/>
</bind>
</comp>

<comp id="487" class="1004" name="empty_703_fu_487">
<pin_list>
<pin id="488" dir="0" index="0" bw="6" slack="1"/>
<pin id="489" dir="1" index="1" bw="2" slack="0"/>
</pin_list>
<bind>
<opcode="trunc(33) " fcode="trunc"/>
<opset="empty_703/2 "/>
</bind>
</comp>

<comp id="490" class="1004" name="weighted_value_4_fu_490">
<pin_list>
<pin id="491" dir="0" index="0" bw="32" slack="0"/>
<pin id="492" dir="0" index="1" bw="1" slack="0"/>
<pin id="493" dir="0" index="2" bw="32" slack="0"/>
<pin id="494" dir="0" index="3" bw="1" slack="0"/>
<pin id="495" dir="0" index="4" bw="32" slack="0"/>
<pin id="496" dir="0" index="5" bw="2" slack="0"/>
<pin id="497" dir="0" index="6" bw="32" slack="0"/>
<pin id="498" dir="0" index="7" bw="1" slack="0"/>
<pin id="499" dir="0" index="8" bw="32" slack="0"/>
<pin id="500" dir="0" index="9" bw="1" slack="0"/>
<pin id="501" dir="0" index="10" bw="2" slack="0"/>
<pin id="502" dir="1" index="11" bw="32" slack="1"/>
</pin_list>
<bind>
<opcode="sparsemux(1197) " fcode="sparsemux"/>
<opset="weighted_value_4/2 "/>
</bind>
</comp>

<comp id="514" class="1004" name="weighted_value_3_fu_514">
<pin_list>
<pin id="515" dir="0" index="0" bw="32" slack="0"/>
<pin id="516" dir="0" index="1" bw="1" slack="0"/>
<pin id="517" dir="0" index="2" bw="32" slack="0"/>
<pin id="518" dir="0" index="3" bw="1" slack="0"/>
<pin id="519" dir="0" index="4" bw="32" slack="0"/>
<pin id="520" dir="0" index="5" bw="2" slack="0"/>
<pin id="521" dir="0" index="6" bw="32" slack="0"/>
<pin id="522" dir="0" index="7" bw="1" slack="0"/>
<pin id="523" dir="0" index="8" bw="32" slack="0"/>
<pin id="524" dir="0" index="9" bw="1" slack="0"/>
<pin id="525" dir="0" index="10" bw="2" slack="0"/>
<pin id="526" dir="1" index="11" bw="32" slack="1"/>
</pin_list>
<bind>
<opcode="sparsemux(1197) " fcode="sparsemux"/>
<opset="weighted_value_3/2 "/>
</bind>
</comp>

<comp id="538" class="1004" name="weighted_value_1_fu_538">
<pin_list>
<pin id="539" dir="0" index="0" bw="32" slack="0"/>
<pin id="540" dir="0" index="1" bw="1" slack="0"/>
<pin id="541" dir="0" index="2" bw="32" slack="0"/>
<pin id="542" dir="0" index="3" bw="1" slack="0"/>
<pin id="543" dir="0" index="4" bw="32" slack="0"/>
<pin id="544" dir="0" index="5" bw="2" slack="0"/>
<pin id="545" dir="0" index="6" bw="32" slack="0"/>
<pin id="546" dir="0" index="7" bw="1" slack="0"/>
<pin id="547" dir="0" index="8" bw="32" slack="0"/>
<pin id="548" dir="0" index="9" bw="1" slack="0"/>
<pin id="549" dir="0" index="10" bw="2" slack="0"/>
<pin id="550" dir="1" index="11" bw="32" slack="1"/>
</pin_list>
<bind>
<opcode="sparsemux(1197) " fcode="sparsemux"/>
<opset="weighted_value_1/2 "/>
</bind>
</comp>

<comp id="562" class="1004" name="weighted_value_fu_562">
<pin_list>
<pin id="563" dir="0" index="0" bw="32" slack="0"/>
<pin id="564" dir="0" index="1" bw="1" slack="0"/>
<pin id="565" dir="0" index="2" bw="32" slack="0"/>
<pin id="566" dir="0" index="3" bw="1" slack="0"/>
<pin id="567" dir="0" index="4" bw="32" slack="0"/>
<pin id="568" dir="0" index="5" bw="2" slack="0"/>
<pin id="569" dir="0" index="6" bw="32" slack="0"/>
<pin id="570" dir="0" index="7" bw="1" slack="0"/>
<pin id="571" dir="0" index="8" bw="32" slack="0"/>
<pin id="572" dir="0" index="9" bw="1" slack="0"/>
<pin id="573" dir="0" index="10" bw="2" slack="0"/>
<pin id="574" dir="1" index="11" bw="32" slack="1"/>
</pin_list>
<bind>
<opcode="sparsemux(1197) " fcode="sparsemux"/>
<opset="weighted_value/2 "/>
</bind>
</comp>

<comp id="586" class="1004" name="sext_ln1517_fu_586">
<pin_list>
<pin id="587" dir="0" index="0" bw="32" slack="0"/>
<pin id="588" dir="1" index="1" bw="49" slack="0"/>
</pin_list>
<bind>
<opcode="sext(35) " fcode="sext"/>
<opset="sext_ln1517/3 "/>
</bind>
</comp>

<comp id="591" class="1004" name="trunc_ln1516_fu_591">
<pin_list>
<pin id="592" dir="0" index="0" bw="49" slack="0"/>
<pin id="593" dir="1" index="1" bw="16" slack="0"/>
</pin_list>
<bind>
<opcode="trunc(33) " fcode="trunc"/>
<opset="trunc_ln1516/7 "/>
</bind>
</comp>

<comp id="595" class="1004" name="icmp_ln1516_fu_595">
<pin_list>
<pin id="596" dir="0" index="0" bw="16" slack="0"/>
<pin id="597" dir="0" index="1" bw="16" slack="0"/>
<pin id="598" dir="1" index="2" bw="1" slack="1"/>
</pin_list>
<bind>
<opcode="icmp(45) " fcode="icmp"/>
<opset="icmp_ln1516/7 "/>
</bind>
</comp>

<comp id="601" class="1004" name="zext_ln1494_fu_601">
<pin_list>
<pin id="602" dir="0" index="0" bw="6" slack="7"/>
<pin id="603" dir="1" index="1" bw="64" slack="0"/>
</pin_list>
<bind>
<opcode="zext(34) " fcode="zext"/>
<opset="zext_ln1494/8 "/>
</bind>
</comp>

<comp id="605" class="1004" name="normalized_value_fu_605">
<pin_list>
<pin id="606" dir="0" index="0" bw="32" slack="0"/>
<pin id="607" dir="0" index="1" bw="49" slack="1"/>
<pin id="608" dir="0" index="2" bw="6" slack="0"/>
<pin id="609" dir="0" index="3" bw="7" slack="0"/>
<pin id="610" dir="1" index="4" bw="32" slack="0"/>
</pin_list>
<bind>
<opcode="partselect(1002) " fcode="partselect"/>
<opset="normalized_value/8 "/>
</bind>
</comp>

<comp id="614" class="1004" name="tmp_18_fu_614">
<pin_list>
<pin id="615" dir="0" index="0" bw="1" slack="0"/>
<pin id="616" dir="0" index="1" bw="49" slack="1"/>
<pin id="617" dir="0" index="2" bw="6" slack="0"/>
<pin id="618" dir="1" index="3" bw="1" slack="0"/>
</pin_list>
<bind>
<opcode="bitselect(1000) " fcode="bitselect"/>
<opset="tmp_18/8 "/>
</bind>
</comp>

<comp id="621" class="1004" name="tmp_19_fu_621">
<pin_list>
<pin id="622" dir="0" index="0" bw="1" slack="0"/>
<pin id="623" dir="0" index="1" bw="49" slack="1"/>
<pin id="624" dir="0" index="2" bw="6" slack="0"/>
<pin id="625" dir="1" index="3" bw="1" slack="0"/>
</pin_list>
<bind>
<opcode="bitselect(1000) " fcode="bitselect"/>
<opset="tmp_19/8 "/>
</bind>
</comp>

<comp id="628" class="1004" name="or_ln1516_fu_628">
<pin_list>
<pin id="629" dir="0" index="0" bw="1" slack="0"/>
<pin id="630" dir="0" index="1" bw="1" slack="1"/>
<pin id="631" dir="1" index="2" bw="1" slack="0"/>
</pin_list>
<bind>
<opcode="or(24) " fcode="or"/>
<opset="or_ln1516/8 "/>
</bind>
</comp>

<comp id="633" class="1004" name="and_ln1516_fu_633">
<pin_list>
<pin id="634" dir="0" index="0" bw="1" slack="0"/>
<pin id="635" dir="0" index="1" bw="1" slack="0"/>
<pin id="636" dir="1" index="2" bw="1" slack="0"/>
</pin_list>
<bind>
<opcode="and(23) " fcode="and"/>
<opset="and_ln1516/8 "/>
</bind>
</comp>

<comp id="639" class="1004" name="zext_ln1516_fu_639">
<pin_list>
<pin id="640" dir="0" index="0" bw="1" slack="0"/>
<pin id="641" dir="1" index="1" bw="32" slack="0"/>
</pin_list>
<bind>
<opcode="zext(34) " fcode="zext"/>
<opset="zext_ln1516/8 "/>
</bind>
</comp>

<comp id="643" class="1004" name="normalized_value_2_fu_643">
<pin_list>
<pin id="644" dir="0" index="0" bw="32" slack="0"/>
<pin id="645" dir="0" index="1" bw="1" slack="0"/>
<pin id="646" dir="1" index="2" bw="32" slack="0"/>
</pin_list>
<bind>
<opcode="add(8) " fcode="add"/>
<opset="normalized_value_2/8 "/>
</bind>
</comp>

<comp id="650" class="1004" name="tmp_20_fu_650">
<pin_list>
<pin id="651" dir="0" index="0" bw="1" slack="0"/>
<pin id="652" dir="0" index="1" bw="32" slack="0"/>
<pin id="653" dir="0" index="2" bw="6" slack="0"/>
<pin id="654" dir="1" index="3" bw="1" slack="0"/>
</pin_list>
<bind>
<opcode="bitselect(1000) " fcode="bitselect"/>
<opset="tmp_20/8 "/>
</bind>
</comp>

<comp id="658" class="1004" name="magnitude_fu_658">
<pin_list>
<pin id="659" dir="0" index="0" bw="1" slack="0"/>
<pin id="660" dir="0" index="1" bw="32" slack="0"/>
<pin id="661" dir="1" index="2" bw="32" slack="0"/>
</pin_list>
<bind>
<opcode="sub(10) " fcode="sub"/>
<opset="magnitude/8 "/>
</bind>
</comp>

<comp id="664" class="1004" name="icmp_ln1525_fu_664">
<pin_list>
<pin id="665" dir="0" index="0" bw="32" slack="0"/>
<pin id="666" dir="0" index="1" bw="32" slack="0"/>
<pin id="667" dir="1" index="2" bw="1" slack="0"/>
</pin_list>
<bind>
<opcode="icmp(45) " fcode="icmp"/>
<opset="icmp_ln1525/8 "/>
</bind>
</comp>

<comp id="670" class="1004" name="tmp_21_fu_670">
<pin_list>
<pin id="671" dir="0" index="0" bw="1" slack="0"/>
<pin id="672" dir="0" index="1" bw="32" slack="0"/>
<pin id="673" dir="0" index="2" bw="6" slack="0"/>
<pin id="674" dir="1" index="3" bw="1" slack="0"/>
</pin_list>
<bind>
<opcode="bitselect(1000) " fcode="bitselect"/>
<opset="tmp_21/8 "/>
</bind>
</comp>

<comp id="678" class="1004" name="xor_ln1525_fu_678">
<pin_list>
<pin id="679" dir="0" index="0" bw="1" slack="0"/>
<pin id="680" dir="0" index="1" bw="1" slack="0"/>
<pin id="681" dir="1" index="2" bw="1" slack="0"/>
</pin_list>
<bind>
<opcode="xor(25) " fcode="xor"/>
<opset="xor_ln1525/8 "/>
</bind>
</comp>

<comp id="684" class="1004" name="and_ln1525_fu_684">
<pin_list>
<pin id="685" dir="0" index="0" bw="1" slack="0"/>
<pin id="686" dir="0" index="1" bw="1" slack="0"/>
<pin id="687" dir="1" index="2" bw="1" slack="0"/>
</pin_list>
<bind>
<opcode="and(23) " fcode="and"/>
<opset="and_ln1525/8 "/>
</bind>
</comp>

<comp id="690" class="1004" name="xor_ln1525_1_fu_690">
<pin_list>
<pin id="691" dir="0" index="0" bw="1" slack="0"/>
<pin id="692" dir="0" index="1" bw="1" slack="0"/>
<pin id="693" dir="1" index="2" bw="1" slack="0"/>
</pin_list>
<bind>
<opcode="xor(25) " fcode="xor"/>
<opset="xor_ln1525_1/8 "/>
</bind>
</comp>

<comp id="696" class="1004" name="select_ln1525_fu_696">
<pin_list>
<pin id="697" dir="0" index="0" bw="1" slack="0"/>
<pin id="698" dir="0" index="1" bw="32" slack="0"/>
<pin id="699" dir="0" index="2" bw="32" slack="0"/>
<pin id="700" dir="1" index="3" bw="32" slack="0"/>
</pin_list>
<bind>
<opcode="select(49) " fcode="select"/>
<opset="select_ln1525/8 "/>
</bind>
</comp>

<comp id="704" class="1004" name="and_ln1525_1_fu_704">
<pin_list>
<pin id="705" dir="0" index="0" bw="1" slack="0"/>
<pin id="706" dir="0" index="1" bw="1" slack="0"/>
<pin id="707" dir="1" index="2" bw="1" slack="0"/>
</pin_list>
<bind>
<opcode="and(23) " fcode="and"/>
<opset="and_ln1525_1/8 "/>
</bind>
</comp>

<comp id="710" class="1004" name="select_ln1525_1_fu_710">
<pin_list>
<pin id="711" dir="0" index="0" bw="1" slack="0"/>
<pin id="712" dir="0" index="1" bw="32" slack="0"/>
<pin id="713" dir="0" index="2" bw="32" slack="0"/>
<pin id="714" dir="1" index="3" bw="32" slack="0"/>
</pin_list>
<bind>
<opcode="select(49) " fcode="select"/>
<opset="select_ln1525_1/8 "/>
</bind>
</comp>

<comp id="718" class="1004" name="magnitude_2_fu_718">
<pin_list>
<pin id="719" dir="0" index="0" bw="1" slack="0"/>
<pin id="720" dir="0" index="1" bw="32" slack="0"/>
<pin id="721" dir="0" index="2" bw="32" slack="0"/>
<pin id="722" dir="1" index="3" bw="32" slack="1"/>
</pin_list>
<bind>
<opcode="select(49) " fcode="select"/>
<opset="magnitude_2/8 "/>
</bind>
</comp>

<comp id="726" class="1004" name="max_abs_load_1_load_fu_726">
<pin_list>
<pin id="727" dir="0" index="0" bw="32" slack="8"/>
<pin id="728" dir="1" index="1" bw="32" slack="0"/>
</pin_list>
<bind>
<opcode="load(27) " fcode="load"/>
<opset="max_abs_load_1/9 "/>
</bind>
</comp>

<comp id="729" class="1004" name="icmp_ln1526_fu_729">
<pin_list>
<pin id="730" dir="0" index="0" bw="32" slack="1"/>
<pin id="731" dir="0" index="1" bw="32" slack="0"/>
<pin id="732" dir="1" index="2" bw="1" slack="0"/>
</pin_list>
<bind>
<opcode="icmp(45) " fcode="icmp"/>
<opset="icmp_ln1526/9 "/>
</bind>
</comp>

<comp id="734" class="1004" name="max_abs_2_fu_734">
<pin_list>
<pin id="735" dir="0" index="0" bw="1" slack="0"/>
<pin id="736" dir="0" index="1" bw="32" slack="1"/>
<pin id="737" dir="0" index="2" bw="32" slack="0"/>
<pin id="738" dir="1" index="3" bw="32" slack="0"/>
</pin_list>
<bind>
<opcode="select(49) " fcode="select"/>
<opset="max_abs_2/9 "/>
</bind>
</comp>

<comp id="741" class="1004" name="store_ln1491_store_fu_741">
<pin_list>
<pin id="742" dir="0" index="0" bw="32" slack="0"/>
<pin id="743" dir="0" index="1" bw="32" slack="8"/>
<pin id="744" dir="1" index="2" bw="0" slack="2147483647"/>
</pin_list>
<bind>
<opcode="store(28) " fcode="store"/>
<opset="store_ln1491/9 "/>
</bind>
</comp>

<comp id="746" class="1004" name="max_abs_load_load_fu_746">
<pin_list>
<pin id="747" dir="0" index="0" bw="32" slack="7"/>
<pin id="748" dir="1" index="1" bw="32" slack="0"/>
</pin_list>
<bind>
<opcode="load(27) " fcode="load"/>
<opset="max_abs_load/8 "/>
</bind>
</comp>

<comp id="750" class="1005" name="max_abs_reg_750">
<pin_list>
<pin id="751" dir="0" index="0" bw="32" slack="0"/>
<pin id="752" dir="1" index="1" bw="32" slack="0"/>
</pin_list>
<bind>
<opset="max_abs "/>
</bind>
</comp>

<comp id="758" class="1005" name="lane_reg_758">
<pin_list>
<pin id="759" dir="0" index="0" bw="6" slack="0"/>
<pin id="760" dir="1" index="1" bw="6" slack="0"/>
</pin_list>
<bind>
<opset="lane "/>
</bind>
</comp>

<comp id="765" class="1005" name="sext_ln1488_cast_reg_765">
<pin_list>
<pin id="766" dir="0" index="0" bw="49" slack="2"/>
<pin id="767" dir="1" index="1" bw="49" slack="2"/>
</pin_list>
<bind>
<opset="sext_ln1488_cast "/>
</bind>
</comp>

<comp id="770" class="1005" name="lane_2_reg_770">
<pin_list>
<pin id="771" dir="0" index="0" bw="6" slack="1"/>
<pin id="772" dir="1" index="1" bw="6" slack="1"/>
</pin_list>
<bind>
<opset="lane_2 "/>
</bind>
</comp>

<comp id="776" class="1005" name="icmp_ln1494_reg_776">
<pin_list>
<pin id="777" dir="0" index="0" bw="1" slack="1"/>
<pin id="778" dir="1" index="1" bw="1" slack="2147483647"/>
</pin_list>
<bind>
<opset="icmp_ln1494 "/>
</bind>
</comp>

<comp id="780" class="1005" name="update_engine_reg_780">
<pin_list>
<pin id="781" dir="0" index="0" bw="2" slack="1"/>
<pin id="782" dir="1" index="1" bw="2" slack="2147483647"/>
</pin_list>
<bind>
<opset="update_engine "/>
</bind>
</comp>

<comp id="784" class="1005" name="weighted_value_engine2_addr_reg_784">
<pin_list>
<pin id="785" dir="0" index="0" bw="3" slack="1"/>
<pin id="786" dir="1" index="1" bw="3" slack="1"/>
</pin_list>
<bind>
<opset="weighted_value_engine2_addr "/>
</bind>
</comp>

<comp id="789" class="1005" name="weighted_value_engine2_1_addr_reg_789">
<pin_list>
<pin id="790" dir="0" index="0" bw="3" slack="1"/>
<pin id="791" dir="1" index="1" bw="3" slack="1"/>
</pin_list>
<bind>
<opset="weighted_value_engine2_1_addr "/>
</bind>
</comp>

<comp id="794" class="1005" name="weighted_value_engine2_2_addr_reg_794">
<pin_list>
<pin id="795" dir="0" index="0" bw="3" slack="1"/>
<pin id="796" dir="1" index="1" bw="3" slack="1"/>
</pin_list>
<bind>
<opset="weighted_value_engine2_2_addr "/>
</bind>
</comp>

<comp id="799" class="1005" name="weighted_value_engine2_3_addr_reg_799">
<pin_list>
<pin id="800" dir="0" index="0" bw="3" slack="1"/>
<pin id="801" dir="1" index="1" bw="3" slack="1"/>
</pin_list>
<bind>
<opset="weighted_value_engine2_3_addr "/>
</bind>
</comp>

<comp id="804" class="1005" name="weighted_value_engine1_addr_reg_804">
<pin_list>
<pin id="805" dir="0" index="0" bw="3" slack="1"/>
<pin id="806" dir="1" index="1" bw="3" slack="1"/>
</pin_list>
<bind>
<opset="weighted_value_engine1_addr "/>
</bind>
</comp>

<comp id="809" class="1005" name="weighted_value_engine1_1_addr_reg_809">
<pin_list>
<pin id="810" dir="0" index="0" bw="3" slack="1"/>
<pin id="811" dir="1" index="1" bw="3" slack="1"/>
</pin_list>
<bind>
<opset="weighted_value_engine1_1_addr "/>
</bind>
</comp>

<comp id="814" class="1005" name="weighted_value_engine1_2_addr_reg_814">
<pin_list>
<pin id="815" dir="0" index="0" bw="3" slack="1"/>
<pin id="816" dir="1" index="1" bw="3" slack="1"/>
</pin_list>
<bind>
<opset="weighted_value_engine1_2_addr "/>
</bind>
</comp>

<comp id="819" class="1005" name="weighted_value_engine1_3_addr_reg_819">
<pin_list>
<pin id="820" dir="0" index="0" bw="3" slack="1"/>
<pin id="821" dir="1" index="1" bw="3" slack="1"/>
</pin_list>
<bind>
<opset="weighted_value_engine1_3_addr "/>
</bind>
</comp>

<comp id="824" class="1005" name="weighted_value_engine0_addr_reg_824">
<pin_list>
<pin id="825" dir="0" index="0" bw="3" slack="1"/>
<pin id="826" dir="1" index="1" bw="3" slack="1"/>
</pin_list>
<bind>
<opset="weighted_value_engine0_addr "/>
</bind>
</comp>

<comp id="829" class="1005" name="weighted_value_engine0_1_addr_reg_829">
<pin_list>
<pin id="830" dir="0" index="0" bw="3" slack="1"/>
<pin id="831" dir="1" index="1" bw="3" slack="1"/>
</pin_list>
<bind>
<opset="weighted_value_engine0_1_addr "/>
</bind>
</comp>

<comp id="834" class="1005" name="weighted_value_engine0_2_addr_reg_834">
<pin_list>
<pin id="835" dir="0" index="0" bw="3" slack="1"/>
<pin id="836" dir="1" index="1" bw="3" slack="1"/>
</pin_list>
<bind>
<opset="weighted_value_engine0_2_addr "/>
</bind>
</comp>

<comp id="839" class="1005" name="weighted_value_engine0_3_addr_reg_839">
<pin_list>
<pin id="840" dir="0" index="0" bw="3" slack="1"/>
<pin id="841" dir="1" index="1" bw="3" slack="1"/>
</pin_list>
<bind>
<opset="weighted_value_engine0_3_addr "/>
</bind>
</comp>

<comp id="844" class="1005" name="weighted_value_engine3_addr_reg_844">
<pin_list>
<pin id="845" dir="0" index="0" bw="3" slack="1"/>
<pin id="846" dir="1" index="1" bw="3" slack="1"/>
</pin_list>
<bind>
<opset="weighted_value_engine3_addr "/>
</bind>
</comp>

<comp id="849" class="1005" name="weighted_value_engine3_1_addr_reg_849">
<pin_list>
<pin id="850" dir="0" index="0" bw="3" slack="1"/>
<pin id="851" dir="1" index="1" bw="3" slack="1"/>
</pin_list>
<bind>
<opset="weighted_value_engine3_1_addr "/>
</bind>
</comp>

<comp id="854" class="1005" name="weighted_value_engine3_2_addr_reg_854">
<pin_list>
<pin id="855" dir="0" index="0" bw="3" slack="1"/>
<pin id="856" dir="1" index="1" bw="3" slack="1"/>
</pin_list>
<bind>
<opset="weighted_value_engine3_2_addr "/>
</bind>
</comp>

<comp id="859" class="1005" name="weighted_value_engine3_3_addr_reg_859">
<pin_list>
<pin id="860" dir="0" index="0" bw="3" slack="1"/>
<pin id="861" dir="1" index="1" bw="3" slack="1"/>
</pin_list>
<bind>
<opset="weighted_value_engine3_3_addr "/>
</bind>
</comp>

<comp id="864" class="1005" name="weighted_value_4_reg_864">
<pin_list>
<pin id="865" dir="0" index="0" bw="32" slack="1"/>
<pin id="866" dir="1" index="1" bw="32" slack="1"/>
</pin_list>
<bind>
<opset="weighted_value_4 "/>
</bind>
</comp>

<comp id="869" class="1005" name="weighted_value_3_reg_869">
<pin_list>
<pin id="870" dir="0" index="0" bw="32" slack="1"/>
<pin id="871" dir="1" index="1" bw="32" slack="1"/>
</pin_list>
<bind>
<opset="weighted_value_3 "/>
</bind>
</comp>

<comp id="874" class="1005" name="weighted_value_1_reg_874">
<pin_list>
<pin id="875" dir="0" index="0" bw="32" slack="1"/>
<pin id="876" dir="1" index="1" bw="32" slack="1"/>
</pin_list>
<bind>
<opset="weighted_value_1 "/>
</bind>
</comp>

<comp id="879" class="1005" name="weighted_value_reg_879">
<pin_list>
<pin id="880" dir="0" index="0" bw="32" slack="1"/>
<pin id="881" dir="1" index="1" bw="32" slack="1"/>
</pin_list>
<bind>
<opset="weighted_value "/>
</bind>
</comp>

<comp id="884" class="1005" name="sext_ln1517_reg_884">
<pin_list>
<pin id="885" dir="0" index="0" bw="49" slack="1"/>
<pin id="886" dir="1" index="1" bw="49" slack="1"/>
</pin_list>
<bind>
<opset="sext_ln1517 "/>
</bind>
</comp>

<comp id="889" class="1005" name="mul_ln1517_reg_889">
<pin_list>
<pin id="890" dir="0" index="0" bw="49" slack="1"/>
<pin id="891" dir="1" index="1" bw="49" slack="1"/>
</pin_list>
<bind>
<opset="mul_ln1517 "/>
</bind>
</comp>

<comp id="896" class="1005" name="icmp_ln1516_reg_896">
<pin_list>
<pin id="897" dir="0" index="0" bw="1" slack="1"/>
<pin id="898" dir="1" index="1" bw="1" slack="1"/>
</pin_list>
<bind>
<opset="icmp_ln1516 "/>
</bind>
</comp>

<comp id="901" class="1005" name="magnitude_2_reg_901">
<pin_list>
<pin id="902" dir="0" index="0" bw="32" slack="1"/>
<pin id="903" dir="1" index="1" bw="32" slack="1"/>
</pin_list>
<bind>
<opset="magnitude_2 "/>
</bind>
</comp>

</comp_list>

<net_list>
<net id="145"><net_src comp="40" pin="0"/><net_sink comp="142" pin=0"/></net>

<net id="149"><net_src comp="40" pin="0"/><net_sink comp="146" pin=0"/></net>

<net id="154"><net_src comp="42" pin="0"/><net_sink comp="150" pin=0"/></net>

<net id="155"><net_src comp="12" pin="0"/><net_sink comp="150" pin=1"/></net>

<net id="160"><net_src comp="44" pin="0"/><net_sink comp="156" pin=0"/></net>

<net id="161"><net_src comp="0" pin="0"/><net_sink comp="156" pin=1"/></net>

<net id="167"><net_src comp="140" pin="0"/><net_sink comp="162" pin=0"/></net>

<net id="168"><net_src comp="38" pin="0"/><net_sink comp="162" pin=1"/></net>

<net id="174"><net_src comp="22" pin="0"/><net_sink comp="169" pin=0"/></net>

<net id="175"><net_src comp="84" pin="0"/><net_sink comp="169" pin=1"/></net>

<net id="181"><net_src comp="24" pin="0"/><net_sink comp="176" pin=0"/></net>

<net id="182"><net_src comp="84" pin="0"/><net_sink comp="176" pin=1"/></net>

<net id="188"><net_src comp="26" pin="0"/><net_sink comp="183" pin=0"/></net>

<net id="189"><net_src comp="84" pin="0"/><net_sink comp="183" pin=1"/></net>

<net id="195"><net_src comp="28" pin="0"/><net_sink comp="190" pin=0"/></net>

<net id="196"><net_src comp="84" pin="0"/><net_sink comp="190" pin=1"/></net>

<net id="202"><net_src comp="169" pin="3"/><net_sink comp="197" pin=0"/></net>

<net id="208"><net_src comp="176" pin="3"/><net_sink comp="203" pin=0"/></net>

<net id="214"><net_src comp="183" pin="3"/><net_sink comp="209" pin=0"/></net>

<net id="220"><net_src comp="190" pin="3"/><net_sink comp="215" pin=0"/></net>

<net id="226"><net_src comp="14" pin="0"/><net_sink comp="221" pin=0"/></net>

<net id="227"><net_src comp="84" pin="0"/><net_sink comp="221" pin=1"/></net>

<net id="233"><net_src comp="16" pin="0"/><net_sink comp="228" pin=0"/></net>

<net id="234"><net_src comp="84" pin="0"/><net_sink comp="228" pin=1"/></net>

<net id="240"><net_src comp="18" pin="0"/><net_sink comp="235" pin=0"/></net>

<net id="241"><net_src comp="84" pin="0"/><net_sink comp="235" pin=1"/></net>

<net id="247"><net_src comp="20" pin="0"/><net_sink comp="242" pin=0"/></net>

<net id="248"><net_src comp="84" pin="0"/><net_sink comp="242" pin=1"/></net>

<net id="254"><net_src comp="221" pin="3"/><net_sink comp="249" pin=0"/></net>

<net id="260"><net_src comp="228" pin="3"/><net_sink comp="255" pin=0"/></net>

<net id="266"><net_src comp="235" pin="3"/><net_sink comp="261" pin=0"/></net>

<net id="272"><net_src comp="242" pin="3"/><net_sink comp="267" pin=0"/></net>

<net id="278"><net_src comp="4" pin="0"/><net_sink comp="273" pin=0"/></net>

<net id="279"><net_src comp="84" pin="0"/><net_sink comp="273" pin=1"/></net>

<net id="285"><net_src comp="6" pin="0"/><net_sink comp="280" pin=0"/></net>

<net id="286"><net_src comp="84" pin="0"/><net_sink comp="280" pin=1"/></net>

<net id="292"><net_src comp="8" pin="0"/><net_sink comp="287" pin=0"/></net>

<net id="293"><net_src comp="84" pin="0"/><net_sink comp="287" pin=1"/></net>

<net id="299"><net_src comp="10" pin="0"/><net_sink comp="294" pin=0"/></net>

<net id="300"><net_src comp="84" pin="0"/><net_sink comp="294" pin=1"/></net>

<net id="306"><net_src comp="273" pin="3"/><net_sink comp="301" pin=0"/></net>

<net id="312"><net_src comp="280" pin="3"/><net_sink comp="307" pin=0"/></net>

<net id="318"><net_src comp="287" pin="3"/><net_sink comp="313" pin=0"/></net>

<net id="324"><net_src comp="294" pin="3"/><net_sink comp="319" pin=0"/></net>

<net id="330"><net_src comp="30" pin="0"/><net_sink comp="325" pin=0"/></net>

<net id="331"><net_src comp="84" pin="0"/><net_sink comp="325" pin=1"/></net>

<net id="337"><net_src comp="32" pin="0"/><net_sink comp="332" pin=0"/></net>

<net id="338"><net_src comp="84" pin="0"/><net_sink comp="332" pin=1"/></net>

<net id="344"><net_src comp="34" pin="0"/><net_sink comp="339" pin=0"/></net>

<net id="345"><net_src comp="84" pin="0"/><net_sink comp="339" pin=1"/></net>

<net id="351"><net_src comp="36" pin="0"/><net_sink comp="346" pin=0"/></net>

<net id="352"><net_src comp="84" pin="0"/><net_sink comp="346" pin=1"/></net>

<net id="358"><net_src comp="325" pin="3"/><net_sink comp="353" pin=0"/></net>

<net id="364"><net_src comp="332" pin="3"/><net_sink comp="359" pin=0"/></net>

<net id="370"><net_src comp="339" pin="3"/><net_sink comp="365" pin=0"/></net>

<net id="376"><net_src comp="346" pin="3"/><net_sink comp="371" pin=0"/></net>

<net id="382"><net_src comp="2" pin="0"/><net_sink comp="377" pin=0"/></net>

<net id="383"><net_src comp="84" pin="0"/><net_sink comp="377" pin=1"/></net>

<net id="389"><net_src comp="377" pin="3"/><net_sink comp="384" pin=0"/></net>

<net id="410"><net_src comp="156" pin="2"/><net_sink comp="407" pin=0"/></net>

<net id="415"><net_src comp="58" pin="0"/><net_sink comp="411" pin=0"/></net>

<net id="420"><net_src comp="60" pin="0"/><net_sink comp="416" pin=0"/></net>

<net id="428"><net_src comp="421" pin="1"/><net_sink comp="424" pin=0"/></net>

<net id="429"><net_src comp="62" pin="0"/><net_sink comp="424" pin=1"/></net>

<net id="434"><net_src comp="421" pin="1"/><net_sink comp="430" pin=0"/></net>

<net id="435"><net_src comp="64" pin="0"/><net_sink comp="430" pin=1"/></net>

<net id="441"><net_src comp="66" pin="0"/><net_sink comp="436" pin=0"/></net>

<net id="442"><net_src comp="421" pin="1"/><net_sink comp="436" pin=1"/></net>

<net id="443"><net_src comp="68" pin="0"/><net_sink comp="436" pin=2"/></net>

<net id="449"><net_src comp="70" pin="0"/><net_sink comp="444" pin=0"/></net>

<net id="450"><net_src comp="150" pin="2"/><net_sink comp="444" pin=1"/></net>

<net id="451"><net_src comp="436" pin="3"/><net_sink comp="444" pin=2"/></net>

<net id="458"><net_src comp="72" pin="0"/><net_sink comp="452" pin=0"/></net>

<net id="459"><net_src comp="421" pin="1"/><net_sink comp="452" pin=1"/></net>

<net id="460"><net_src comp="74" pin="0"/><net_sink comp="452" pin=2"/></net>

<net id="461"><net_src comp="76" pin="0"/><net_sink comp="452" pin=3"/></net>

<net id="465"><net_src comp="444" pin="3"/><net_sink comp="462" pin=0"/></net>

<net id="466"><net_src comp="462" pin="1"/><net_sink comp="169" pin=2"/></net>

<net id="467"><net_src comp="462" pin="1"/><net_sink comp="176" pin=2"/></net>

<net id="468"><net_src comp="462" pin="1"/><net_sink comp="183" pin=2"/></net>

<net id="469"><net_src comp="462" pin="1"/><net_sink comp="190" pin=2"/></net>

<net id="470"><net_src comp="462" pin="1"/><net_sink comp="221" pin=2"/></net>

<net id="471"><net_src comp="462" pin="1"/><net_sink comp="228" pin=2"/></net>

<net id="472"><net_src comp="462" pin="1"/><net_sink comp="235" pin=2"/></net>

<net id="473"><net_src comp="462" pin="1"/><net_sink comp="242" pin=2"/></net>

<net id="474"><net_src comp="462" pin="1"/><net_sink comp="273" pin=2"/></net>

<net id="475"><net_src comp="462" pin="1"/><net_sink comp="280" pin=2"/></net>

<net id="476"><net_src comp="462" pin="1"/><net_sink comp="287" pin=2"/></net>

<net id="477"><net_src comp="462" pin="1"/><net_sink comp="294" pin=2"/></net>

<net id="478"><net_src comp="462" pin="1"/><net_sink comp="325" pin=2"/></net>

<net id="479"><net_src comp="462" pin="1"/><net_sink comp="332" pin=2"/></net>

<net id="480"><net_src comp="462" pin="1"/><net_sink comp="339" pin=2"/></net>

<net id="481"><net_src comp="462" pin="1"/><net_sink comp="346" pin=2"/></net>

<net id="486"><net_src comp="430" pin="2"/><net_sink comp="482" pin=0"/></net>

<net id="503"><net_src comp="86" pin="0"/><net_sink comp="490" pin=0"/></net>

<net id="504"><net_src comp="78" pin="0"/><net_sink comp="490" pin=1"/></net>

<net id="505"><net_src comp="197" pin="3"/><net_sink comp="490" pin=2"/></net>

<net id="506"><net_src comp="80" pin="0"/><net_sink comp="490" pin=3"/></net>

<net id="507"><net_src comp="203" pin="3"/><net_sink comp="490" pin=4"/></net>

<net id="508"><net_src comp="82" pin="0"/><net_sink comp="490" pin=5"/></net>

<net id="509"><net_src comp="209" pin="3"/><net_sink comp="490" pin=6"/></net>

<net id="510"><net_src comp="88" pin="0"/><net_sink comp="490" pin=7"/></net>

<net id="511"><net_src comp="215" pin="3"/><net_sink comp="490" pin=8"/></net>

<net id="512"><net_src comp="90" pin="0"/><net_sink comp="490" pin=9"/></net>

<net id="513"><net_src comp="487" pin="1"/><net_sink comp="490" pin=10"/></net>

<net id="527"><net_src comp="86" pin="0"/><net_sink comp="514" pin=0"/></net>

<net id="528"><net_src comp="78" pin="0"/><net_sink comp="514" pin=1"/></net>

<net id="529"><net_src comp="249" pin="3"/><net_sink comp="514" pin=2"/></net>

<net id="530"><net_src comp="80" pin="0"/><net_sink comp="514" pin=3"/></net>

<net id="531"><net_src comp="255" pin="3"/><net_sink comp="514" pin=4"/></net>

<net id="532"><net_src comp="82" pin="0"/><net_sink comp="514" pin=5"/></net>

<net id="533"><net_src comp="261" pin="3"/><net_sink comp="514" pin=6"/></net>

<net id="534"><net_src comp="88" pin="0"/><net_sink comp="514" pin=7"/></net>

<net id="535"><net_src comp="267" pin="3"/><net_sink comp="514" pin=8"/></net>

<net id="536"><net_src comp="90" pin="0"/><net_sink comp="514" pin=9"/></net>

<net id="537"><net_src comp="487" pin="1"/><net_sink comp="514" pin=10"/></net>

<net id="551"><net_src comp="86" pin="0"/><net_sink comp="538" pin=0"/></net>

<net id="552"><net_src comp="78" pin="0"/><net_sink comp="538" pin=1"/></net>

<net id="553"><net_src comp="301" pin="3"/><net_sink comp="538" pin=2"/></net>

<net id="554"><net_src comp="80" pin="0"/><net_sink comp="538" pin=3"/></net>

<net id="555"><net_src comp="307" pin="3"/><net_sink comp="538" pin=4"/></net>

<net id="556"><net_src comp="82" pin="0"/><net_sink comp="538" pin=5"/></net>

<net id="557"><net_src comp="313" pin="3"/><net_sink comp="538" pin=6"/></net>

<net id="558"><net_src comp="88" pin="0"/><net_sink comp="538" pin=7"/></net>

<net id="559"><net_src comp="319" pin="3"/><net_sink comp="538" pin=8"/></net>

<net id="560"><net_src comp="90" pin="0"/><net_sink comp="538" pin=9"/></net>

<net id="561"><net_src comp="487" pin="1"/><net_sink comp="538" pin=10"/></net>

<net id="575"><net_src comp="86" pin="0"/><net_sink comp="562" pin=0"/></net>

<net id="576"><net_src comp="78" pin="0"/><net_sink comp="562" pin=1"/></net>

<net id="577"><net_src comp="353" pin="3"/><net_sink comp="562" pin=2"/></net>

<net id="578"><net_src comp="80" pin="0"/><net_sink comp="562" pin=3"/></net>

<net id="579"><net_src comp="359" pin="3"/><net_sink comp="562" pin=4"/></net>

<net id="580"><net_src comp="82" pin="0"/><net_sink comp="562" pin=5"/></net>

<net id="581"><net_src comp="365" pin="3"/><net_sink comp="562" pin=6"/></net>

<net id="582"><net_src comp="88" pin="0"/><net_sink comp="562" pin=7"/></net>

<net id="583"><net_src comp="371" pin="3"/><net_sink comp="562" pin=8"/></net>

<net id="584"><net_src comp="90" pin="0"/><net_sink comp="562" pin=9"/></net>

<net id="585"><net_src comp="487" pin="1"/><net_sink comp="562" pin=10"/></net>

<net id="589"><net_src comp="393" pin="8"/><net_sink comp="586" pin=0"/></net>

<net id="590"><net_src comp="586" pin="1"/><net_sink comp="403" pin=0"/></net>

<net id="594"><net_src comp="403" pin="2"/><net_sink comp="591" pin=0"/></net>

<net id="599"><net_src comp="591" pin="1"/><net_sink comp="595" pin=0"/></net>

<net id="600"><net_src comp="100" pin="0"/><net_sink comp="595" pin=1"/></net>

<net id="604"><net_src comp="601" pin="1"/><net_sink comp="377" pin=2"/></net>

<net id="611"><net_src comp="114" pin="0"/><net_sink comp="605" pin=0"/></net>

<net id="612"><net_src comp="116" pin="0"/><net_sink comp="605" pin=2"/></net>

<net id="613"><net_src comp="118" pin="0"/><net_sink comp="605" pin=3"/></net>

<net id="619"><net_src comp="120" pin="0"/><net_sink comp="614" pin=0"/></net>

<net id="620"><net_src comp="116" pin="0"/><net_sink comp="614" pin=2"/></net>

<net id="626"><net_src comp="120" pin="0"/><net_sink comp="621" pin=0"/></net>

<net id="627"><net_src comp="122" pin="0"/><net_sink comp="621" pin=2"/></net>

<net id="632"><net_src comp="614" pin="3"/><net_sink comp="628" pin=0"/></net>

<net id="637"><net_src comp="628" pin="2"/><net_sink comp="633" pin=0"/></net>

<net id="638"><net_src comp="621" pin="3"/><net_sink comp="633" pin=1"/></net>

<net id="642"><net_src comp="633" pin="2"/><net_sink comp="639" pin=0"/></net>

<net id="647"><net_src comp="605" pin="4"/><net_sink comp="643" pin=0"/></net>

<net id="648"><net_src comp="639" pin="1"/><net_sink comp="643" pin=1"/></net>

<net id="649"><net_src comp="643" pin="2"/><net_sink comp="384" pin=1"/></net>

<net id="655"><net_src comp="124" pin="0"/><net_sink comp="650" pin=0"/></net>

<net id="656"><net_src comp="643" pin="2"/><net_sink comp="650" pin=1"/></net>

<net id="657"><net_src comp="126" pin="0"/><net_sink comp="650" pin=2"/></net>

<net id="662"><net_src comp="60" pin="0"/><net_sink comp="658" pin=0"/></net>

<net id="663"><net_src comp="643" pin="2"/><net_sink comp="658" pin=1"/></net>

<net id="668"><net_src comp="643" pin="2"/><net_sink comp="664" pin=0"/></net>

<net id="669"><net_src comp="60" pin="0"/><net_sink comp="664" pin=1"/></net>

<net id="675"><net_src comp="124" pin="0"/><net_sink comp="670" pin=0"/></net>

<net id="676"><net_src comp="658" pin="2"/><net_sink comp="670" pin=1"/></net>

<net id="677"><net_src comp="126" pin="0"/><net_sink comp="670" pin=2"/></net>

<net id="682"><net_src comp="664" pin="2"/><net_sink comp="678" pin=0"/></net>

<net id="683"><net_src comp="128" pin="0"/><net_sink comp="678" pin=1"/></net>

<net id="688"><net_src comp="670" pin="3"/><net_sink comp="684" pin=0"/></net>

<net id="689"><net_src comp="678" pin="2"/><net_sink comp="684" pin=1"/></net>

<net id="694"><net_src comp="664" pin="2"/><net_sink comp="690" pin=0"/></net>

<net id="695"><net_src comp="670" pin="3"/><net_sink comp="690" pin=1"/></net>

<net id="701"><net_src comp="684" pin="2"/><net_sink comp="696" pin=0"/></net>

<net id="702"><net_src comp="130" pin="0"/><net_sink comp="696" pin=1"/></net>

<net id="703"><net_src comp="132" pin="0"/><net_sink comp="696" pin=2"/></net>

<net id="708"><net_src comp="650" pin="3"/><net_sink comp="704" pin=0"/></net>

<net id="709"><net_src comp="690" pin="2"/><net_sink comp="704" pin=1"/></net>

<net id="715"><net_src comp="704" pin="2"/><net_sink comp="710" pin=0"/></net>

<net id="716"><net_src comp="696" pin="3"/><net_sink comp="710" pin=1"/></net>

<net id="717"><net_src comp="658" pin="2"/><net_sink comp="710" pin=2"/></net>

<net id="723"><net_src comp="650" pin="3"/><net_sink comp="718" pin=0"/></net>

<net id="724"><net_src comp="710" pin="3"/><net_sink comp="718" pin=1"/></net>

<net id="725"><net_src comp="643" pin="2"/><net_sink comp="718" pin=2"/></net>

<net id="733"><net_src comp="726" pin="1"/><net_sink comp="729" pin=1"/></net>

<net id="739"><net_src comp="729" pin="2"/><net_sink comp="734" pin=0"/></net>

<net id="740"><net_src comp="726" pin="1"/><net_sink comp="734" pin=2"/></net>

<net id="745"><net_src comp="734" pin="3"/><net_sink comp="741" pin=0"/></net>

<net id="749"><net_src comp="746" pin="1"/><net_sink comp="162" pin=2"/></net>

<net id="753"><net_src comp="142" pin="1"/><net_sink comp="750" pin=0"/></net>

<net id="754"><net_src comp="750" pin="1"/><net_sink comp="416" pin=1"/></net>

<net id="755"><net_src comp="750" pin="1"/><net_sink comp="726" pin=0"/></net>

<net id="756"><net_src comp="750" pin="1"/><net_sink comp="741" pin=1"/></net>

<net id="757"><net_src comp="750" pin="1"/><net_sink comp="746" pin=0"/></net>

<net id="761"><net_src comp="146" pin="1"/><net_sink comp="758" pin=0"/></net>

<net id="762"><net_src comp="758" pin="1"/><net_sink comp="411" pin=1"/></net>

<net id="763"><net_src comp="758" pin="1"/><net_sink comp="421" pin=0"/></net>

<net id="764"><net_src comp="758" pin="1"/><net_sink comp="482" pin=1"/></net>

<net id="768"><net_src comp="407" pin="1"/><net_sink comp="765" pin=0"/></net>

<net id="769"><net_src comp="765" pin="1"/><net_sink comp="403" pin=1"/></net>

<net id="773"><net_src comp="421" pin="1"/><net_sink comp="770" pin=0"/></net>

<net id="774"><net_src comp="770" pin="1"/><net_sink comp="487" pin=0"/></net>

<net id="775"><net_src comp="770" pin="1"/><net_sink comp="601" pin=0"/></net>

<net id="779"><net_src comp="424" pin="2"/><net_sink comp="776" pin=0"/></net>

<net id="783"><net_src comp="452" pin="4"/><net_sink comp="780" pin=0"/></net>

<net id="787"><net_src comp="169" pin="3"/><net_sink comp="784" pin=0"/></net>

<net id="788"><net_src comp="784" pin="1"/><net_sink comp="197" pin=0"/></net>

<net id="792"><net_src comp="176" pin="3"/><net_sink comp="789" pin=0"/></net>

<net id="793"><net_src comp="789" pin="1"/><net_sink comp="203" pin=0"/></net>

<net id="797"><net_src comp="183" pin="3"/><net_sink comp="794" pin=0"/></net>

<net id="798"><net_src comp="794" pin="1"/><net_sink comp="209" pin=0"/></net>

<net id="802"><net_src comp="190" pin="3"/><net_sink comp="799" pin=0"/></net>

<net id="803"><net_src comp="799" pin="1"/><net_sink comp="215" pin=0"/></net>

<net id="807"><net_src comp="221" pin="3"/><net_sink comp="804" pin=0"/></net>

<net id="808"><net_src comp="804" pin="1"/><net_sink comp="249" pin=0"/></net>

<net id="812"><net_src comp="228" pin="3"/><net_sink comp="809" pin=0"/></net>

<net id="813"><net_src comp="809" pin="1"/><net_sink comp="255" pin=0"/></net>

<net id="817"><net_src comp="235" pin="3"/><net_sink comp="814" pin=0"/></net>

<net id="818"><net_src comp="814" pin="1"/><net_sink comp="261" pin=0"/></net>

<net id="822"><net_src comp="242" pin="3"/><net_sink comp="819" pin=0"/></net>

<net id="823"><net_src comp="819" pin="1"/><net_sink comp="267" pin=0"/></net>

<net id="827"><net_src comp="273" pin="3"/><net_sink comp="824" pin=0"/></net>

<net id="828"><net_src comp="824" pin="1"/><net_sink comp="301" pin=0"/></net>

<net id="832"><net_src comp="280" pin="3"/><net_sink comp="829" pin=0"/></net>

<net id="833"><net_src comp="829" pin="1"/><net_sink comp="307" pin=0"/></net>

<net id="837"><net_src comp="287" pin="3"/><net_sink comp="834" pin=0"/></net>

<net id="838"><net_src comp="834" pin="1"/><net_sink comp="313" pin=0"/></net>

<net id="842"><net_src comp="294" pin="3"/><net_sink comp="839" pin=0"/></net>

<net id="843"><net_src comp="839" pin="1"/><net_sink comp="319" pin=0"/></net>

<net id="847"><net_src comp="325" pin="3"/><net_sink comp="844" pin=0"/></net>

<net id="848"><net_src comp="844" pin="1"/><net_sink comp="353" pin=0"/></net>

<net id="852"><net_src comp="332" pin="3"/><net_sink comp="849" pin=0"/></net>

<net id="853"><net_src comp="849" pin="1"/><net_sink comp="359" pin=0"/></net>

<net id="857"><net_src comp="339" pin="3"/><net_sink comp="854" pin=0"/></net>

<net id="858"><net_src comp="854" pin="1"/><net_sink comp="365" pin=0"/></net>

<net id="862"><net_src comp="346" pin="3"/><net_sink comp="859" pin=0"/></net>

<net id="863"><net_src comp="859" pin="1"/><net_sink comp="371" pin=0"/></net>

<net id="867"><net_src comp="490" pin="11"/><net_sink comp="864" pin=0"/></net>

<net id="868"><net_src comp="864" pin="1"/><net_sink comp="393" pin=4"/></net>

<net id="872"><net_src comp="514" pin="11"/><net_sink comp="869" pin=0"/></net>

<net id="873"><net_src comp="869" pin="1"/><net_sink comp="393" pin=2"/></net>

<net id="877"><net_src comp="538" pin="11"/><net_sink comp="874" pin=0"/></net>

<net id="878"><net_src comp="874" pin="1"/><net_sink comp="393" pin=0"/></net>

<net id="882"><net_src comp="562" pin="11"/><net_sink comp="879" pin=0"/></net>

<net id="883"><net_src comp="879" pin="1"/><net_sink comp="393" pin=6"/></net>

<net id="887"><net_src comp="586" pin="1"/><net_sink comp="884" pin=0"/></net>

<net id="888"><net_src comp="884" pin="1"/><net_sink comp="403" pin=0"/></net>

<net id="892"><net_src comp="403" pin="2"/><net_sink comp="889" pin=0"/></net>

<net id="893"><net_src comp="889" pin="1"/><net_sink comp="605" pin=1"/></net>

<net id="894"><net_src comp="889" pin="1"/><net_sink comp="614" pin=1"/></net>

<net id="895"><net_src comp="889" pin="1"/><net_sink comp="621" pin=1"/></net>

<net id="899"><net_src comp="595" pin="2"/><net_sink comp="896" pin=0"/></net>

<net id="900"><net_src comp="896" pin="1"/><net_sink comp="628" pin=1"/></net>

<net id="904"><net_src comp="718" pin="3"/><net_sink comp="901" pin=0"/></net>

<net id="905"><net_src comp="901" pin="1"/><net_sink comp="729" pin=0"/></net>

<net id="906"><net_src comp="901" pin="1"/><net_sink comp="734" pin=1"/></net>

</net_list>

</model> 
---------------- Datapath Model END ------------------

* FSMD analyzer results:
  - Output states:
	Port: attention_group | {8 }
	Port: max_abs_out | {8 }
 - Input state : 
	Port: swiftkv_update_values_and_quantize_Pipeline_attention_normalize_lane_loop : sext_ln1488 | {1 }
	Port: swiftkv_update_values_and_quantize_Pipeline_attention_normalize_lane_loop : weighted_value_engine0 | {1 2 }
	Port: swiftkv_update_values_and_quantize_Pipeline_attention_normalize_lane_loop : weighted_value_engine0_1 | {1 2 }
	Port: swiftkv_update_values_and_quantize_Pipeline_attention_normalize_lane_loop : weighted_value_engine0_2 | {1 2 }
	Port: swiftkv_update_values_and_quantize_Pipeline_attention_normalize_lane_loop : weighted_value_engine0_3 | {1 2 }
	Port: swiftkv_update_values_and_quantize_Pipeline_attention_normalize_lane_loop : empty | {1 }
	Port: swiftkv_update_values_and_quantize_Pipeline_attention_normalize_lane_loop : weighted_value_engine1 | {1 2 }
	Port: swiftkv_update_values_and_quantize_Pipeline_attention_normalize_lane_loop : weighted_value_engine1_1 | {1 2 }
	Port: swiftkv_update_values_and_quantize_Pipeline_attention_normalize_lane_loop : weighted_value_engine1_2 | {1 2 }
	Port: swiftkv_update_values_and_quantize_Pipeline_attention_normalize_lane_loop : weighted_value_engine1_3 | {1 2 }
	Port: swiftkv_update_values_and_quantize_Pipeline_attention_normalize_lane_loop : weighted_value_engine2 | {1 2 }
	Port: swiftkv_update_values_and_quantize_Pipeline_attention_normalize_lane_loop : weighted_value_engine2_1 | {1 2 }
	Port: swiftkv_update_values_and_quantize_Pipeline_attention_normalize_lane_loop : weighted_value_engine2_2 | {1 2 }
	Port: swiftkv_update_values_and_quantize_Pipeline_attention_normalize_lane_loop : weighted_value_engine2_3 | {1 2 }
	Port: swiftkv_update_values_and_quantize_Pipeline_attention_normalize_lane_loop : weighted_value_engine3 | {1 2 }
	Port: swiftkv_update_values_and_quantize_Pipeline_attention_normalize_lane_loop : weighted_value_engine3_1 | {1 2 }
	Port: swiftkv_update_values_and_quantize_Pipeline_attention_normalize_lane_loop : weighted_value_engine3_2 | {1 2 }
	Port: swiftkv_update_values_and_quantize_Pipeline_attention_normalize_lane_loop : weighted_value_engine3_3 | {1 2 }
  - Chain level:
	State 1
		store_ln1494 : 1
		store_ln1491 : 1
		lane_2 : 1
		icmp_ln1494 : 2
		add_ln1494 : 2
		br_ln1494 : 3
		tmp_17 : 2
		update_phase : 3
		update_engine : 2
		zext_ln1501 : 4
		switch_ln1506 : 3
		weighted_value_engine2_addr : 5
		weighted_value_engine2_1_addr : 5
		weighted_value_engine2_2_addr : 5
		weighted_value_engine2_3_addr : 5
		weighted_value_engine2_load : 6
		weighted_value_engine2_1_load : 6
		weighted_value_engine2_2_load : 6
		weighted_value_engine2_3_load : 6
		weighted_value_engine1_addr : 5
		weighted_value_engine1_1_addr : 5
		weighted_value_engine1_2_addr : 5
		weighted_value_engine1_3_addr : 5
		weighted_value_engine1_load : 6
		weighted_value_engine1_1_load : 6
		weighted_value_engine1_2_load : 6
		weighted_value_engine1_3_load : 6
		weighted_value_engine0_addr : 5
		weighted_value_engine0_1_addr : 5
		weighted_value_engine0_2_addr : 5
		weighted_value_engine0_3_addr : 5
		weighted_value_engine0_load : 6
		weighted_value_engine0_1_load : 6
		weighted_value_engine0_2_load : 6
		weighted_value_engine0_3_load : 6
		weighted_value_engine3_addr : 5
		weighted_value_engine3_1_addr : 5
		weighted_value_engine3_2_addr : 5
		weighted_value_engine3_3_addr : 5
		weighted_value_engine3_load : 6
		weighted_value_engine3_1_load : 6
		weighted_value_engine3_2_load : 6
		weighted_value_engine3_3_load : 6
		store_ln1494 : 3
	State 2
		weighted_value_4 : 1
		weighted_value_3 : 1
		weighted_value_1 : 1
		weighted_value : 1
	State 3
		sext_ln1517 : 1
		mul_ln1517 : 2
	State 4
	State 5
	State 6
	State 7
		specfucore_ln1519 : 1
		trunc_ln1516 : 1
		icmp_ln1516 : 2
	State 8
		or_ln1516 : 1
		and_ln1516 : 1
		zext_ln1516 : 1
		normalized_value_2 : 2
		attention_group_addr : 1
		store_ln1523 : 3
		tmp_20 : 3
		magnitude : 3
		icmp_ln1525 : 3
		tmp_21 : 4
		xor_ln1525 : 4
		and_ln1525 : 4
		xor_ln1525_1 : 5
		select_ln1525 : 4
		and_ln1525_1 : 5
		select_ln1525_1 : 5
		magnitude_2 : 6
		write_ln0 : 1
	State 9
		rend : 1
		icmp_ln1526 : 1
		max_abs_2 : 2
		store_ln1491 : 3


============================================================
+ Verbose Summary: Datapath Resource usage 
============================================================

* Functional unit list:
|----------|------------------------------|---------|---------|---------|
| Operation|        Functional Unit       |   DSP   |    FF   |   LUT   |
|----------|------------------------------|---------|---------|---------|
|          |     select_ln1525_fu_696     |    0    |    0    |    32   |
|  select  |    select_ln1525_1_fu_710    |    0    |    0    |    32   |
|          |      magnitude_2_fu_718      |    0    |    0    |    32   |
|          |       max_abs_2_fu_734       |    0    |    0    |    32   |
|----------|------------------------------|---------|---------|---------|
|          |      icmp_ln1494_fu_424      |    0    |    0    |    13   |
|   icmp   |      icmp_ln1516_fu_595      |    0    |    0    |    23   |
|          |      icmp_ln1525_fu_664      |    0    |    0    |    39   |
|          |      icmp_ln1526_fu_729      |    0    |    0    |    39   |
|----------|------------------------------|---------|---------|---------|
|    mul   |          grp_fu_403          |    4    |    34   |    47   |
|----------|------------------------------|---------|---------|---------|
|          |    weighted_value_4_fu_490   |    0    |    0    |    20   |
| sparsemux|    weighted_value_3_fu_514   |    0    |    0    |    20   |
|          |    weighted_value_1_fu_538   |    0    |    0    |    20   |
|          |     weighted_value_fu_562    |    0    |    0    |    20   |
|----------|------------------------------|---------|---------|---------|
|    add   |       add_ln1494_fu_430      |    0    |    0    |    13   |
|          |   normalized_value_2_fu_643  |    0    |    0    |    39   |
|----------|------------------------------|---------|---------|---------|
|    sub   |       magnitude_fu_658       |    0    |    0    |    39   |
|----------|------------------------------|---------|---------|---------|
|          |       and_ln1516_fu_633      |    0    |    0    |    2    |
|    and   |       and_ln1525_fu_684      |    0    |    0    |    2    |
|          |      and_ln1525_1_fu_704     |    0    |    0    |    2    |
|----------|------------------------------|---------|---------|---------|
|    xor   |       xor_ln1525_fu_678      |    0    |    0    |    2    |
|          |      xor_ln1525_1_fu_690     |    0    |    0    |    2    |
|----------|------------------------------|---------|---------|---------|
|    or    |       or_ln1516_fu_628       |    0    |    0    |    2    |
|----------|------------------------------|---------|---------|---------|
|   read   |        tmp_read_fu_150       |    0    |    0    |    0    |
|          | sext_ln1488_read_read_fu_156 |    0    |    0    |    0    |
|----------|------------------------------|---------|---------|---------|
|   write  |    write_ln0_write_fu_162    |    0    |    0    |    0    |
|----------|------------------------------|---------|---------|---------|
|   sext   |    sext_ln1488_cast_fu_407   |    0    |    0    |    0    |
|          |      sext_ln1517_fu_586      |    0    |    0    |    0    |
|----------|------------------------------|---------|---------|---------|
|          |         tmp_17_fu_436        |    0    |    0    |    0    |
|          |         tmp_18_fu_614        |    0    |    0    |    0    |
| bitselect|         tmp_19_fu_621        |    0    |    0    |    0    |
|          |         tmp_20_fu_650        |    0    |    0    |    0    |
|          |         tmp_21_fu_670        |    0    |    0    |    0    |
|----------|------------------------------|---------|---------|---------|
|bitconcatenate|      update_phase_fu_444     |    0    |    0    |    0    |
|----------|------------------------------|---------|---------|---------|
|partselect|     update_engine_fu_452     |    0    |    0    |    0    |
|          |    normalized_value_fu_605   |    0    |    0    |    0    |
|----------|------------------------------|---------|---------|---------|
|          |      zext_ln1501_fu_462      |    0    |    0    |    0    |
|   zext   |      zext_ln1494_fu_601      |    0    |    0    |    0    |
|          |      zext_ln1516_fu_639      |    0    |    0    |    0    |
|----------|------------------------------|---------|---------|---------|
|   trunc  |       empty_703_fu_487       |    0    |    0    |    0    |
|          |      trunc_ln1516_fu_591     |    0    |    0    |    0    |
|----------|------------------------------|---------|---------|---------|
|   Total  |                              |    4    |    34   |   472   |
|----------|------------------------------|---------|---------|---------|

Memories:
N/A

* Register list:
+-------------------------------------+--------+
|                                     |   FF   |
+-------------------------------------+--------+
|         icmp_ln1494_reg_776         |    1   |
|         icmp_ln1516_reg_896         |    1   |
|            lane_2_reg_770           |    6   |
|             lane_reg_758            |    6   |
|         magnitude_2_reg_901         |   32   |
|           max_abs_reg_750           |   32   |
|          mul_ln1517_reg_889         |   49   |
|       sext_ln1488_cast_reg_765      |   49   |
|         sext_ln1517_reg_884         |   49   |
|        update_engine_reg_780        |    2   |
|       weighted_value_1_reg_874      |   32   |
|       weighted_value_2_reg_390      |   32   |
|       weighted_value_3_reg_869      |   32   |
|       weighted_value_4_reg_864      |   32   |
|weighted_value_engine0_1_addr_reg_829|    3   |
|weighted_value_engine0_2_addr_reg_834|    3   |
|weighted_value_engine0_3_addr_reg_839|    3   |
| weighted_value_engine0_addr_reg_824 |    3   |
|weighted_value_engine1_1_addr_reg_809|    3   |
|weighted_value_engine1_2_addr_reg_814|    3   |
|weighted_value_engine1_3_addr_reg_819|    3   |
| weighted_value_engine1_addr_reg_804 |    3   |
|weighted_value_engine2_1_addr_reg_789|    3   |
|weighted_value_engine2_2_addr_reg_794|    3   |
|weighted_value_engine2_3_addr_reg_799|    3   |
| weighted_value_engine2_addr_reg_784 |    3   |
|weighted_value_engine3_1_addr_reg_849|    3   |
|weighted_value_engine3_2_addr_reg_854|    3   |
|weighted_value_engine3_3_addr_reg_859|    3   |
| weighted_value_engine3_addr_reg_844 |    3   |
|        weighted_value_reg_879       |   32   |
+-------------------------------------+--------+
|                Total                |   435  |
+-------------------------------------+--------+

* Multiplexer (MUX) list: 
|-------------------|------|------|------|--------||---------||---------|
|        Comp       |  Pin | Size |  BW  | S x BW ||  Delay  ||   LUT   |
|-------------------|------|------|------|--------||---------||---------|
| grp_access_fu_197 |  p0  |   2  |   3  |    6   ||    9    |
| grp_access_fu_203 |  p0  |   2  |   3  |    6   ||    9    |
| grp_access_fu_209 |  p0  |   2  |   3  |    6   ||    9    |
| grp_access_fu_215 |  p0  |   2  |   3  |    6   ||    9    |
| grp_access_fu_249 |  p0  |   2  |   3  |    6   ||    9    |
| grp_access_fu_255 |  p0  |   2  |   3  |    6   ||    9    |
| grp_access_fu_261 |  p0  |   2  |   3  |    6   ||    9    |
| grp_access_fu_267 |  p0  |   2  |   3  |    6   ||    9    |
| grp_access_fu_301 |  p0  |   2  |   3  |    6   ||    9    |
| grp_access_fu_307 |  p0  |   2  |   3  |    6   ||    9    |
| grp_access_fu_313 |  p0  |   2  |   3  |    6   ||    9    |
| grp_access_fu_319 |  p0  |   2  |   3  |    6   ||    9    |
| grp_access_fu_353 |  p0  |   2  |   3  |    6   ||    9    |
| grp_access_fu_359 |  p0  |   2  |   3  |    6   ||    9    |
| grp_access_fu_365 |  p0  |   2  |   3  |    6   ||    9    |
| grp_access_fu_371 |  p0  |   2  |   3  |    6   ||    9    |
|     grp_fu_403    |  p0  |   2  |  32  |   64   ||    9    |
|-------------------|------|------|------|--------||---------||---------|
|       Total       |      |      |      |   160  ||  6.579  ||   153   |
|-------------------|------|------|------|--------||---------||---------|



* Summary:
+-----------+--------+--------+--------+--------+
|           |   DSP  |  Delay |   FF   |   LUT  |
+-----------+--------+--------+--------+--------+
|  Function |    4   |    -   |   34   |   472  |
|   Memory  |    -   |    -   |    -   |    -   |
|Multiplexer|    -   |    6   |    -   |   153  |
|  Register |    -   |    -   |   435  |    -   |
+-----------+--------+--------+--------+--------+
|   Total   |    4   |    6   |   469  |   625  |
+-----------+--------+--------+--------+--------+
