

================================================================
== Vitis HLS Report for 'swiftkv_route_compressed_kv_cache_Pipeline_stream_current_compressed_kv_loop'
================================================================
* Date:           Tue Aug 11 09:16:53 2026

* Version:        2023.2 (Build 4023990 on Oct 11 2023)
* Project:        proj_int4_decoder_xo
* Solution:       solution1 (Vitis Kernel Flow Target)
* Product family: virtexuplus
* Target device:  xcu250-figd2104-2L-e


================================================================
== Performance Estimates
================================================================
+ Timing: 
    * Summary: 
    +--------+---------+----------+------------+
    |  Clock |  Target | Estimated| Uncertainty|
    +--------+---------+----------+------------+
    |ap_clk  |  3.33 ns|  1.346 ns|     0.90 ns|
    +--------+---------+----------+------------+

+ Latency: 
    * Summary: 
    +---------+---------+-----------+-----------+-----+-----+---------+
    |  Latency (cycles) |   Latency (absolute)  |  Interval | Pipeline|
    |   min   |   max   |    min    |    max    | min | max |   Type  |
    +---------+---------+-----------+-----------+-----+-----+---------+
    |        7|        7|  23.331 ns|  23.331 ns|    7|    7|       no|
    +---------+---------+-----------+-----------+-----+-----+---------+

    + Detail: 
        * Instance: 
        N/A

        * Loop: 
        +-------------------------------------+---------+---------+----------+-----------+-----------+------+----------+
        |                                     |  Latency (cycles) | Iteration|  Initiation Interval  | Trip |          |
        |              Loop Name              |   min   |   max   |  Latency |  achieved |   target  | Count| Pipelined|
        +-------------------------------------+---------+---------+----------+-----------+-----------+------+----------+
        |- stream_current_compressed_kv_loop  |        5|        5|         2|          1|          1|     5|       yes|
        +-------------------------------------+---------+---------+----------+-----------+-----------+------+----------+

============================================================
+ Verbose Summary: Synthesis Manager
============================================================
InlineROM: 1
ExposeGlobal: 0
============================================================
+ Verbose Summary: CDFG Model
============================================================
IsTopModel: 0
ResetActiveHigh: 1
IsCombinational: 0
IsDatapathOnly: 0
HasWiredReturn: 1
HasMFsm: 2
HasVarLatency: 1
IsPipeline: 0
IsRtlPipelined: 0
IsInstanceOverlapped: 0
IsDontTouch: 0
HasImplIP: 0
IsGatedGlobalClock: 0

+ Individual pipeline summary: 
  * Pipeline-0: initiation interval (II) = 1, depth = 2


============================================================
+ Verbose Summary: Schedule
============================================================
* Number of FSM states : 2
* Pipeline : 1
  Pipeline-0 : II = 1, D = 2, States = { 1 2 }
* Dataflow Pipeline: 0

* FSM state transitions: 
1 --> 2 
2 --> 

* FSM state operations: 

State 1 <SV = 0> <Delay = 1.34>
ST_1 : Operation 5 [1/1] (0.00ns)   --->   "%word_5 = alloca i32 1" [source/swiftkv_attention.cpp:623->source/swiftkv_attention.cpp:732]   --->   Operation 5 'alloca' 'word_5' <Predicate = true> <Delay = 0.00>
ST_1 : Operation 6 [1/1] (0.00ns)   --->   "%specmemcore_ln0 = specmemcore void @_ssdm_op_SpecMemCore, i40 %key_metadata_stream, i64 666, i64 10, i64 18446744073709551615"   --->   Operation 6 'specmemcore' 'specmemcore_ln0' <Predicate = true> <Delay = 0.00>
ST_1 : Operation 7 [1/1] (0.00ns)   --->   "%specmemcore_ln0 = specmemcore void @_ssdm_op_SpecMemCore, i40 %value_metadata_stream, i64 666, i64 10, i64 18446744073709551615"   --->   Operation 7 'specmemcore' 'specmemcore_ln0' <Predicate = true> <Delay = 0.00>
ST_1 : Operation 8 [1/1] (0.00ns)   --->   "%specmemcore_ln0 = specmemcore void @_ssdm_op_SpecMemCore, i512 %key0_stream, i64 666, i64 11, i64 18446744073709551615"   --->   Operation 8 'specmemcore' 'specmemcore_ln0' <Predicate = true> <Delay = 0.00>
ST_1 : Operation 9 [1/1] (0.00ns)   --->   "%specmemcore_ln0 = specmemcore void @_ssdm_op_SpecMemCore, i512 %key1_stream, i64 666, i64 11, i64 18446744073709551615"   --->   Operation 9 'specmemcore' 'specmemcore_ln0' <Predicate = true> <Delay = 0.00>
ST_1 : Operation 10 [1/1] (0.00ns)   --->   "%specmemcore_ln0 = specmemcore void @_ssdm_op_SpecMemCore, i128 %value0_engine0_stream, i64 666, i64 11, i64 18446744073709551615"   --->   Operation 10 'specmemcore' 'specmemcore_ln0' <Predicate = true> <Delay = 0.00>
ST_1 : Operation 11 [1/1] (0.00ns)   --->   "%specmemcore_ln0 = specmemcore void @_ssdm_op_SpecMemCore, i128 %value0_engine1_stream, i64 666, i64 11, i64 18446744073709551615"   --->   Operation 11 'specmemcore' 'specmemcore_ln0' <Predicate = true> <Delay = 0.00>
ST_1 : Operation 12 [1/1] (0.00ns)   --->   "%specmemcore_ln0 = specmemcore void @_ssdm_op_SpecMemCore, i128 %value0_engine2_stream, i64 666, i64 11, i64 18446744073709551615"   --->   Operation 12 'specmemcore' 'specmemcore_ln0' <Predicate = true> <Delay = 0.00>
ST_1 : Operation 13 [1/1] (0.00ns)   --->   "%specmemcore_ln0 = specmemcore void @_ssdm_op_SpecMemCore, i128 %value0_engine3_stream, i64 666, i64 11, i64 18446744073709551615"   --->   Operation 13 'specmemcore' 'specmemcore_ln0' <Predicate = true> <Delay = 0.00>
ST_1 : Operation 14 [1/1] (0.00ns)   --->   "%specmemcore_ln0 = specmemcore void @_ssdm_op_SpecMemCore, i128 %value1_engine0_stream, i64 666, i64 11, i64 18446744073709551615"   --->   Operation 14 'specmemcore' 'specmemcore_ln0' <Predicate = true> <Delay = 0.00>
ST_1 : Operation 15 [1/1] (0.00ns)   --->   "%specmemcore_ln0 = specmemcore void @_ssdm_op_SpecMemCore, i128 %value1_engine1_stream, i64 666, i64 11, i64 18446744073709551615"   --->   Operation 15 'specmemcore' 'specmemcore_ln0' <Predicate = true> <Delay = 0.00>
ST_1 : Operation 16 [1/1] (0.00ns)   --->   "%specmemcore_ln0 = specmemcore void @_ssdm_op_SpecMemCore, i128 %value1_engine2_stream, i64 666, i64 11, i64 18446744073709551615"   --->   Operation 16 'specmemcore' 'specmemcore_ln0' <Predicate = true> <Delay = 0.00>
ST_1 : Operation 17 [1/1] (0.00ns)   --->   "%specmemcore_ln0 = specmemcore void @_ssdm_op_SpecMemCore, i128 %value1_engine3_stream, i64 666, i64 11, i64 18446744073709551615"   --->   Operation 17 'specmemcore' 'specmemcore_ln0' <Predicate = true> <Delay = 0.00>
ST_1 : Operation 18 [1/1] (0.00ns)   --->   "%specinterface_ln0 = specinterface void @_ssdm_op_SpecInterface, i40 %key_metadata_stream, void @empty_447, i32 0, i32 0, void @empty_418, i32 0, i32 0, void @empty_418, void @empty_418, void @empty_418, i32 0, i32 0, i32 0, i32 0, void @empty_418, void @empty_418, i32 4294967295, i32 0"   --->   Operation 18 'specinterface' 'specinterface_ln0' <Predicate = true> <Delay = 0.00>
ST_1 : Operation 19 [1/1] (0.00ns)   --->   "%specinterface_ln0 = specinterface void @_ssdm_op_SpecInterface, i40 %value_metadata_stream, void @empty_447, i32 0, i32 0, void @empty_418, i32 0, i32 0, void @empty_418, void @empty_418, void @empty_418, i32 0, i32 0, i32 0, i32 0, void @empty_418, void @empty_418, i32 4294967295, i32 0"   --->   Operation 19 'specinterface' 'specinterface_ln0' <Predicate = true> <Delay = 0.00>
ST_1 : Operation 20 [1/1] (0.00ns)   --->   "%specinterface_ln0 = specinterface void @_ssdm_op_SpecInterface, i512 %key0_stream, void @empty_447, i32 0, i32 0, void @empty_418, i32 0, i32 0, void @empty_418, void @empty_418, void @empty_418, i32 0, i32 0, i32 0, i32 0, void @empty_418, void @empty_418, i32 4294967295, i32 0"   --->   Operation 20 'specinterface' 'specinterface_ln0' <Predicate = true> <Delay = 0.00>
ST_1 : Operation 21 [1/1] (0.00ns)   --->   "%specinterface_ln0 = specinterface void @_ssdm_op_SpecInterface, i512 %key1_stream, void @empty_447, i32 0, i32 0, void @empty_418, i32 0, i32 0, void @empty_418, void @empty_418, void @empty_418, i32 0, i32 0, i32 0, i32 0, void @empty_418, void @empty_418, i32 4294967295, i32 0"   --->   Operation 21 'specinterface' 'specinterface_ln0' <Predicate = true> <Delay = 0.00>
ST_1 : Operation 22 [1/1] (0.00ns)   --->   "%specinterface_ln0 = specinterface void @_ssdm_op_SpecInterface, i128 %value0_engine0_stream, void @empty_447, i32 0, i32 0, void @empty_418, i32 0, i32 0, void @empty_418, void @empty_418, void @empty_418, i32 0, i32 0, i32 0, i32 0, void @empty_418, void @empty_418, i32 4294967295, i32 0"   --->   Operation 22 'specinterface' 'specinterface_ln0' <Predicate = true> <Delay = 0.00>
ST_1 : Operation 23 [1/1] (0.00ns)   --->   "%specinterface_ln0 = specinterface void @_ssdm_op_SpecInterface, i128 %value0_engine1_stream, void @empty_447, i32 0, i32 0, void @empty_418, i32 0, i32 0, void @empty_418, void @empty_418, void @empty_418, i32 0, i32 0, i32 0, i32 0, void @empty_418, void @empty_418, i32 4294967295, i32 0"   --->   Operation 23 'specinterface' 'specinterface_ln0' <Predicate = true> <Delay = 0.00>
ST_1 : Operation 24 [1/1] (0.00ns)   --->   "%specinterface_ln0 = specinterface void @_ssdm_op_SpecInterface, i128 %value0_engine2_stream, void @empty_447, i32 0, i32 0, void @empty_418, i32 0, i32 0, void @empty_418, void @empty_418, void @empty_418, i32 0, i32 0, i32 0, i32 0, void @empty_418, void @empty_418, i32 4294967295, i32 0"   --->   Operation 24 'specinterface' 'specinterface_ln0' <Predicate = true> <Delay = 0.00>
ST_1 : Operation 25 [1/1] (0.00ns)   --->   "%specinterface_ln0 = specinterface void @_ssdm_op_SpecInterface, i128 %value0_engine3_stream, void @empty_447, i32 0, i32 0, void @empty_418, i32 0, i32 0, void @empty_418, void @empty_418, void @empty_418, i32 0, i32 0, i32 0, i32 0, void @empty_418, void @empty_418, i32 4294967295, i32 0"   --->   Operation 25 'specinterface' 'specinterface_ln0' <Predicate = true> <Delay = 0.00>
ST_1 : Operation 26 [1/1] (0.00ns)   --->   "%specinterface_ln0 = specinterface void @_ssdm_op_SpecInterface, i128 %value1_engine0_stream, void @empty_447, i32 0, i32 0, void @empty_418, i32 0, i32 0, void @empty_418, void @empty_418, void @empty_418, i32 0, i32 0, i32 0, i32 0, void @empty_418, void @empty_418, i32 4294967295, i32 0"   --->   Operation 26 'specinterface' 'specinterface_ln0' <Predicate = true> <Delay = 0.00>
ST_1 : Operation 27 [1/1] (0.00ns)   --->   "%specinterface_ln0 = specinterface void @_ssdm_op_SpecInterface, i128 %value1_engine1_stream, void @empty_447, i32 0, i32 0, void @empty_418, i32 0, i32 0, void @empty_418, void @empty_418, void @empty_418, i32 0, i32 0, i32 0, i32 0, void @empty_418, void @empty_418, i32 4294967295, i32 0"   --->   Operation 27 'specinterface' 'specinterface_ln0' <Predicate = true> <Delay = 0.00>
ST_1 : Operation 28 [1/1] (0.00ns)   --->   "%specinterface_ln0 = specinterface void @_ssdm_op_SpecInterface, i128 %value1_engine2_stream, void @empty_447, i32 0, i32 0, void @empty_418, i32 0, i32 0, void @empty_418, void @empty_418, void @empty_418, i32 0, i32 0, i32 0, i32 0, void @empty_418, void @empty_418, i32 4294967295, i32 0"   --->   Operation 28 'specinterface' 'specinterface_ln0' <Predicate = true> <Delay = 0.00>
ST_1 : Operation 29 [1/1] (0.00ns)   --->   "%specinterface_ln0 = specinterface void @_ssdm_op_SpecInterface, i128 %value1_engine3_stream, void @empty_447, i32 0, i32 0, void @empty_418, i32 0, i32 0, void @empty_418, void @empty_418, void @empty_418, i32 0, i32 0, i32 0, i32 0, void @empty_418, void @empty_418, i32 4294967295, i32 0"   --->   Operation 29 'specinterface' 'specinterface_ln0' <Predicate = true> <Delay = 0.00>
ST_1 : Operation 30 [1/1] (0.00ns)   --->   "%current_record_4_val_load_read = read i512 @_ssdm_op_Read.ap_auto.i512, i512 %current_record_4_val_load" [source/swiftkv_attention.cpp:707]   --->   Operation 30 'read' 'current_record_4_val_load_read' <Predicate = true> <Delay = 0.00>
ST_1 : Operation 31 [1/1] (0.00ns)   --->   "%current_record_3_val_load_read = read i512 @_ssdm_op_Read.ap_auto.i512, i512 %current_record_3_val_load" [source/swiftkv_attention.cpp:707]   --->   Operation 31 'read' 'current_record_3_val_load_read' <Predicate = true> <Delay = 0.00>
ST_1 : Operation 32 [1/1] (0.00ns)   --->   "%current_record_2_val_load_read = read i512 @_ssdm_op_Read.ap_auto.i512, i512 %current_record_2_val_load" [source/swiftkv_attention.cpp:707]   --->   Operation 32 'read' 'current_record_2_val_load_read' <Predicate = true> <Delay = 0.00>
ST_1 : Operation 33 [1/1] (0.00ns)   --->   "%current_record_1_val_load_read = read i512 @_ssdm_op_Read.ap_auto.i512, i512 %current_record_1_val_load" [source/swiftkv_attention.cpp:707]   --->   Operation 33 'read' 'current_record_1_val_load_read' <Predicate = true> <Delay = 0.00>
ST_1 : Operation 34 [1/1] (0.00ns)   --->   "%current_record_0_val_load_read = read i512 @_ssdm_op_Read.ap_auto.i512, i512 %current_record_0_val_load" [source/swiftkv_attention.cpp:707]   --->   Operation 34 'read' 'current_record_0_val_load_read' <Predicate = true> <Delay = 0.00>
ST_1 : Operation 35 [1/1] (0.38ns)   --->   "%store_ln623 = store i3 0, i3 %word_5" [source/swiftkv_attention.cpp:623->source/swiftkv_attention.cpp:732]   --->   Operation 35 'store' 'store_ln623' <Predicate = true> <Delay = 0.38>
ST_1 : Operation 36 [1/1] (0.00ns)   --->   "%br_ln0 = br void %for.body5"   --->   Operation 36 'br' 'br_ln0' <Predicate = true> <Delay = 0.00>
ST_1 : Operation 37 [1/1] (0.00ns)   --->   "%word = load i3 %word_5" [source/swiftkv_attention.cpp:730]   --->   Operation 37 'load' 'word' <Predicate = true> <Delay = 0.00>
ST_1 : Operation 38 [1/1] (0.57ns)   --->   "%icmp_ln729 = icmp_eq  i3 %word, i3 5" [source/swiftkv_attention.cpp:729]   --->   Operation 38 'icmp' 'icmp_ln729' <Predicate = true> <Delay = 0.57> <CoreInst = "Cmp">   --->   Core 9 'Cmp' <Latency = 0> <II = 1> <Delay = 0.57> <FuncUnit> <Opcode : 'icmp'> <InPorts = 2> <OutPorts = 1>
ST_1 : Operation 39 [1/1] (0.57ns)   --->   "%add_ln730 = add i3 %word, i3 1" [source/swiftkv_attention.cpp:730]   --->   Operation 39 'add' 'add_ln730' <Predicate = true> <Delay = 0.57> <CoreInst = "Adder">   --->   Core 1 'Adder' <Latency = 0> <II = 1> <Delay = 0.57> <FuncUnit> <Opcode : 'add' 'sub'> <InPorts = 2> <OutPorts = 1>
ST_1 : Operation 40 [1/1] (0.00ns)   --->   "%br_ln728 = br i1 %icmp_ln729, void %for.body5.split, void %for.end9.exitStub" [source/swiftkv_attention.cpp:728]   --->   Operation 40 'br' 'br_ln728' <Predicate = true> <Delay = 0.00>
ST_1 : Operation 41 [1/1] (0.00ns)   --->   "%specpipeline_ln731 = specpipeline void @_ssdm_op_SpecPipeline, i32 1, i32 0, i32 0, i32 0, void @empty_418" [source/swiftkv_attention.cpp:731]   --->   Operation 41 'specpipeline' 'specpipeline_ln731' <Predicate = (!icmp_ln729)> <Delay = 0.00>
ST_1 : Operation 42 [1/1] (0.00ns)   --->   "%speclooptripcount_ln728 = speclooptripcount void @_ssdm_op_SpecLoopTripCount, i64 5, i64 5, i64 5" [source/swiftkv_attention.cpp:728]   --->   Operation 42 'speclooptripcount' 'speclooptripcount_ln728' <Predicate = (!icmp_ln729)> <Delay = 0.00>
ST_1 : Operation 43 [1/1] (0.00ns)   --->   "%specloopname_ln728 = specloopname void @_ssdm_op_SpecLoopName, void @empty_465" [source/swiftkv_attention.cpp:728]   --->   Operation 43 'specloopname' 'specloopname_ln728' <Predicate = (!icmp_ln729)> <Delay = 0.00>
ST_1 : Operation 44 [1/1] (0.48ns)   --->   "%value = sparsemux i512 @_ssdm_op_SparseMux.ap_auto.5i512.i512.i3, i3 0, i512 %current_record_0_val_load_read, i3 1, i512 %current_record_1_val_load_read, i3 2, i512 %current_record_2_val_load_read, i3 3, i512 %current_record_3_val_load_read, i3 4, i512 %current_record_4_val_load_read, i512 0, i3 %word" [source/swiftkv_attention.cpp:707]   --->   Operation 44 'sparsemux' 'value' <Predicate = (!icmp_ln729)> <Delay = 0.48> <CoreInst = "SparseMux">   --->   Core 147 'SparseMux' <Latency = 0> <II = 1> <Delay = 0.48> <FuncUnit> <Opcode : 'sparsemux'> <InPorts = 2> <OutPorts = 1>
ST_1 : Operation 45 [1/1] (0.67ns)   --->   "%switch_ln639 = switch i3 %word, void %for.body4.i.i.i, i3 0, void %if.then.i, i3 1, void %if.then2.i, i3 2, void %if.then5.i, i3 3, void %for.body4.i.i57.i" [source/swiftkv_attention.cpp:639->source/swiftkv_attention.cpp:732]   --->   Operation 45 'switch' 'switch_ln639' <Predicate = (!icmp_ln729)> <Delay = 0.67>
ST_1 : Operation 46 [1/1] (0.00ns)   --->   "%br_ln0 = br void %if.end11.i"   --->   Operation 46 'br' 'br_ln0' <Predicate = (!icmp_ln729 & word != 0 & word != 1 & word != 2)> <Delay = 0.00>
ST_1 : Operation 47 [1/1] (0.00ns)   --->   "%br_ln0 = br void %if.end12.i"   --->   Operation 47 'br' 'br_ln0' <Predicate = (!icmp_ln729 & word != 0 & word != 1)> <Delay = 0.00>
ST_1 : Operation 48 [1/1] (0.00ns)   --->   "%br_ln0 = br void %for.inc7"   --->   Operation 48 'br' 'br_ln0' <Predicate = (!icmp_ln729 & word != 0)> <Delay = 0.00>
ST_1 : Operation 49 [1/1] (0.38ns)   --->   "%store_ln623 = store i3 %add_ln730, i3 %word_5" [source/swiftkv_attention.cpp:623->source/swiftkv_attention.cpp:732]   --->   Operation 49 'store' 'store_ln623' <Predicate = (!icmp_ln729)> <Delay = 0.38>
ST_1 : Operation 50 [1/1] (0.00ns)   --->   "%br_ln728 = br void %for.body5" [source/swiftkv_attention.cpp:728]   --->   Operation 50 'br' 'br_ln728' <Predicate = (!icmp_ln729)> <Delay = 0.00>
ST_1 : Operation 109 [1/1] (0.00ns)   --->   "%ret_ln0 = ret"   --->   Operation 109 'ret' 'ret_ln0' <Predicate = (icmp_ln729)> <Delay = 0.00>

State 2 <SV = 1> <Delay = 1.21>
ST_2 : Operation 51 [1/1] (0.00ns)   --->   "%slice_16 = trunc i512 %value" [source/swiftkv_attention.cpp:573->source/swiftkv_attention.cpp:614->source/swiftkv_attention.cpp:648->source/swiftkv_attention.cpp:732]   --->   Operation 51 'trunc' 'slice_16' <Predicate = (word == 3)> <Delay = 0.00>
ST_2 : Operation 52 [1/1] (0.00ns)   --->   "%slice_17 = partselect i32 @_ssdm_op_PartSelect.i32.i512.i32.i32, i512 %value, i32 32, i32 63" [source/swiftkv_attention.cpp:573->source/swiftkv_attention.cpp:614->source/swiftkv_attention.cpp:648->source/swiftkv_attention.cpp:732]   --->   Operation 52 'partselect' 'slice_17' <Predicate = (word == 3)> <Delay = 0.00>
ST_2 : Operation 53 [1/1] (0.00ns)   --->   "%slice_18 = partselect i32 @_ssdm_op_PartSelect.i32.i512.i32.i32, i512 %value, i32 64, i32 95" [source/swiftkv_attention.cpp:573->source/swiftkv_attention.cpp:614->source/swiftkv_attention.cpp:648->source/swiftkv_attention.cpp:732]   --->   Operation 53 'partselect' 'slice_18' <Predicate = (word == 3)> <Delay = 0.00>
ST_2 : Operation 54 [1/1] (0.00ns)   --->   "%slice_19 = partselect i32 @_ssdm_op_PartSelect.i32.i512.i32.i32, i512 %value, i32 96, i32 127" [source/swiftkv_attention.cpp:573->source/swiftkv_attention.cpp:614->source/swiftkv_attention.cpp:648->source/swiftkv_attention.cpp:732]   --->   Operation 54 'partselect' 'slice_19' <Predicate = (word == 3)> <Delay = 0.00>
ST_2 : Operation 55 [1/1] (0.00ns)   --->   "%slice_20 = partselect i32 @_ssdm_op_PartSelect.i32.i512.i32.i32, i512 %value, i32 128, i32 159" [source/swiftkv_attention.cpp:573->source/swiftkv_attention.cpp:614->source/swiftkv_attention.cpp:648->source/swiftkv_attention.cpp:732]   --->   Operation 55 'partselect' 'slice_20' <Predicate = (word == 3)> <Delay = 0.00>
ST_2 : Operation 56 [1/1] (0.00ns)   --->   "%slice_21 = partselect i32 @_ssdm_op_PartSelect.i32.i512.i32.i32, i512 %value, i32 160, i32 191" [source/swiftkv_attention.cpp:573->source/swiftkv_attention.cpp:614->source/swiftkv_attention.cpp:648->source/swiftkv_attention.cpp:732]   --->   Operation 56 'partselect' 'slice_21' <Predicate = (word == 3)> <Delay = 0.00>
ST_2 : Operation 57 [1/1] (0.00ns)   --->   "%slice_22 = partselect i32 @_ssdm_op_PartSelect.i32.i512.i32.i32, i512 %value, i32 192, i32 223" [source/swiftkv_attention.cpp:573->source/swiftkv_attention.cpp:614->source/swiftkv_attention.cpp:648->source/swiftkv_attention.cpp:732]   --->   Operation 57 'partselect' 'slice_22' <Predicate = (word == 3)> <Delay = 0.00>
ST_2 : Operation 58 [1/1] (0.00ns)   --->   "%slice_23 = partselect i32 @_ssdm_op_PartSelect.i32.i512.i32.i32, i512 %value, i32 224, i32 255" [source/swiftkv_attention.cpp:573->source/swiftkv_attention.cpp:614->source/swiftkv_attention.cpp:648->source/swiftkv_attention.cpp:732]   --->   Operation 58 'partselect' 'slice_23' <Predicate = (word == 3)> <Delay = 0.00>
ST_2 : Operation 59 [1/1] (0.00ns)   --->   "%slice_24 = partselect i32 @_ssdm_op_PartSelect.i32.i512.i32.i32, i512 %value, i32 256, i32 287" [source/swiftkv_attention.cpp:573->source/swiftkv_attention.cpp:614->source/swiftkv_attention.cpp:648->source/swiftkv_attention.cpp:732]   --->   Operation 59 'partselect' 'slice_24' <Predicate = (word == 3)> <Delay = 0.00>
ST_2 : Operation 60 [1/1] (0.00ns)   --->   "%slice_25 = partselect i32 @_ssdm_op_PartSelect.i32.i512.i32.i32, i512 %value, i32 288, i32 319" [source/swiftkv_attention.cpp:573->source/swiftkv_attention.cpp:614->source/swiftkv_attention.cpp:648->source/swiftkv_attention.cpp:732]   --->   Operation 60 'partselect' 'slice_25' <Predicate = (word == 3)> <Delay = 0.00>
ST_2 : Operation 61 [1/1] (0.00ns)   --->   "%slice_26 = partselect i32 @_ssdm_op_PartSelect.i32.i512.i32.i32, i512 %value, i32 320, i32 351" [source/swiftkv_attention.cpp:573->source/swiftkv_attention.cpp:614->source/swiftkv_attention.cpp:648->source/swiftkv_attention.cpp:732]   --->   Operation 61 'partselect' 'slice_26' <Predicate = (word == 3)> <Delay = 0.00>
ST_2 : Operation 62 [1/1] (0.00ns)   --->   "%slice_27 = partselect i32 @_ssdm_op_PartSelect.i32.i512.i32.i32, i512 %value, i32 352, i32 383" [source/swiftkv_attention.cpp:573->source/swiftkv_attention.cpp:614->source/swiftkv_attention.cpp:648->source/swiftkv_attention.cpp:732]   --->   Operation 62 'partselect' 'slice_27' <Predicate = (word == 3)> <Delay = 0.00>
ST_2 : Operation 63 [1/1] (0.00ns)   --->   "%slice_28 = partselect i32 @_ssdm_op_PartSelect.i32.i512.i32.i32, i512 %value, i32 384, i32 415" [source/swiftkv_attention.cpp:573->source/swiftkv_attention.cpp:614->source/swiftkv_attention.cpp:648->source/swiftkv_attention.cpp:732]   --->   Operation 63 'partselect' 'slice_28' <Predicate = (word == 3)> <Delay = 0.00>
ST_2 : Operation 64 [1/1] (0.00ns)   --->   "%engine0_1 = bitconcatenate i128 @_ssdm_op_BitConcatenate.i128.i32.i32.i32.i32, i32 %slice_28, i32 %slice_24, i32 %slice_20, i32 %slice_16" [source/swiftkv_attention.cpp:581->source/swiftkv_attention.cpp:614->source/swiftkv_attention.cpp:648->source/swiftkv_attention.cpp:732]   --->   Operation 64 'bitconcatenate' 'engine0_1' <Predicate = (word == 3)> <Delay = 0.00>
ST_2 : Operation 65 [1/1] (0.00ns)   --->   "%slice_29 = partselect i32 @_ssdm_op_PartSelect.i32.i512.i32.i32, i512 %value, i32 416, i32 447" [source/swiftkv_attention.cpp:573->source/swiftkv_attention.cpp:614->source/swiftkv_attention.cpp:648->source/swiftkv_attention.cpp:732]   --->   Operation 65 'partselect' 'slice_29' <Predicate = (word == 3)> <Delay = 0.00>
ST_2 : Operation 66 [1/1] (0.00ns)   --->   "%engine1_1 = bitconcatenate i128 @_ssdm_op_BitConcatenate.i128.i32.i32.i32.i32, i32 %slice_29, i32 %slice_25, i32 %slice_21, i32 %slice_17" [source/swiftkv_attention.cpp:586->source/swiftkv_attention.cpp:614->source/swiftkv_attention.cpp:648->source/swiftkv_attention.cpp:732]   --->   Operation 66 'bitconcatenate' 'engine1_1' <Predicate = (word == 3)> <Delay = 0.00>
ST_2 : Operation 67 [1/1] (0.00ns)   --->   "%slice_30 = partselect i32 @_ssdm_op_PartSelect.i32.i512.i32.i32, i512 %value, i32 448, i32 479" [source/swiftkv_attention.cpp:573->source/swiftkv_attention.cpp:614->source/swiftkv_attention.cpp:648->source/swiftkv_attention.cpp:732]   --->   Operation 67 'partselect' 'slice_30' <Predicate = (word == 3)> <Delay = 0.00>
ST_2 : Operation 68 [1/1] (0.00ns)   --->   "%engine2_1 = bitconcatenate i128 @_ssdm_op_BitConcatenate.i128.i32.i32.i32.i32, i32 %slice_30, i32 %slice_26, i32 %slice_22, i32 %slice_18" [source/swiftkv_attention.cpp:591->source/swiftkv_attention.cpp:614->source/swiftkv_attention.cpp:648->source/swiftkv_attention.cpp:732]   --->   Operation 68 'bitconcatenate' 'engine2_1' <Predicate = (word == 3)> <Delay = 0.00>
ST_2 : Operation 69 [1/1] (0.00ns)   --->   "%slice_31 = partselect i32 @_ssdm_op_PartSelect.i32.i512.i32.i32, i512 %value, i32 480, i32 511" [source/swiftkv_attention.cpp:573->source/swiftkv_attention.cpp:614->source/swiftkv_attention.cpp:648->source/swiftkv_attention.cpp:732]   --->   Operation 69 'partselect' 'slice_31' <Predicate = (word == 3)> <Delay = 0.00>
ST_2 : Operation 70 [1/1] (0.00ns)   --->   "%engine3_1 = bitconcatenate i128 @_ssdm_op_BitConcatenate.i128.i32.i32.i32.i32, i32 %slice_31, i32 %slice_27, i32 %slice_23, i32 %slice_19" [source/swiftkv_attention.cpp:596->source/swiftkv_attention.cpp:614->source/swiftkv_attention.cpp:648->source/swiftkv_attention.cpp:732]   --->   Operation 70 'bitconcatenate' 'engine3_1' <Predicate = (word == 3)> <Delay = 0.00>
ST_2 : Operation 71 [1/1] (1.21ns)   --->   "%write_ln616 = write void @_ssdm_op_Write.ap_fifo.volatile.i128P0A, i128 %value0_engine0_stream, i128 %engine0_1" [source/swiftkv_attention.cpp:616->source/swiftkv_attention.cpp:648->source/swiftkv_attention.cpp:732]   --->   Operation 71 'write' 'write_ln616' <Predicate = (word == 3)> <Delay = 1.21> <CoreInst = "FIFO_URAM">   --->   Core 82 'FIFO_URAM' <Latency = 0> <II = 1> <Delay = 1.67> <Storage> <Opcode : 'read' 'write' 'nbread' 'nbwrite'> <Ports = 0> <Width = 128> <Depth = 32> <FIFO>
ST_2 : Operation 72 [1/1] (1.21ns)   --->   "%write_ln617 = write void @_ssdm_op_Write.ap_fifo.volatile.i128P0A, i128 %value0_engine1_stream, i128 %engine1_1" [source/swiftkv_attention.cpp:617->source/swiftkv_attention.cpp:648->source/swiftkv_attention.cpp:732]   --->   Operation 72 'write' 'write_ln617' <Predicate = (word == 3)> <Delay = 1.21> <CoreInst = "FIFO_URAM">   --->   Core 82 'FIFO_URAM' <Latency = 0> <II = 1> <Delay = 1.67> <Storage> <Opcode : 'read' 'write' 'nbread' 'nbwrite'> <Ports = 0> <Width = 128> <Depth = 32> <FIFO>
ST_2 : Operation 73 [1/1] (1.21ns)   --->   "%write_ln618 = write void @_ssdm_op_Write.ap_fifo.volatile.i128P0A, i128 %value0_engine2_stream, i128 %engine2_1" [source/swiftkv_attention.cpp:618->source/swiftkv_attention.cpp:648->source/swiftkv_attention.cpp:732]   --->   Operation 73 'write' 'write_ln618' <Predicate = (word == 3)> <Delay = 1.21> <CoreInst = "FIFO_URAM">   --->   Core 82 'FIFO_URAM' <Latency = 0> <II = 1> <Delay = 1.67> <Storage> <Opcode : 'read' 'write' 'nbread' 'nbwrite'> <Ports = 0> <Width = 128> <Depth = 32> <FIFO>
ST_2 : Operation 74 [1/1] (1.21ns)   --->   "%write_ln619 = write void @_ssdm_op_Write.ap_fifo.volatile.i128P0A, i128 %value0_engine3_stream, i128 %engine3_1" [source/swiftkv_attention.cpp:619->source/swiftkv_attention.cpp:648->source/swiftkv_attention.cpp:732]   --->   Operation 74 'write' 'write_ln619' <Predicate = (word == 3)> <Delay = 1.21> <CoreInst = "FIFO_URAM">   --->   Core 82 'FIFO_URAM' <Latency = 0> <II = 1> <Delay = 1.67> <Storage> <Opcode : 'read' 'write' 'nbread' 'nbwrite'> <Ports = 0> <Width = 128> <Depth = 32> <FIFO>
ST_2 : Operation 75 [1/1] (0.00ns)   --->   "%br_ln652 = br void %if.end.i" [source/swiftkv_attention.cpp:652->source/swiftkv_attention.cpp:732]   --->   Operation 75 'br' 'br_ln652' <Predicate = (word == 3)> <Delay = 0.00>
ST_2 : Operation 76 [1/1] (1.21ns)   --->   "%write_ln646 = write void @_ssdm_op_Write.ap_fifo.volatile.i512P0A, i512 %key1_stream, i512 %value" [source/swiftkv_attention.cpp:646->source/swiftkv_attention.cpp:732]   --->   Operation 76 'write' 'write_ln646' <Predicate = (word == 2)> <Delay = 1.21> <CoreInst = "FIFO_URAM">   --->   Core 82 'FIFO_URAM' <Latency = 0> <II = 1> <Delay = 1.67> <Storage> <Opcode : 'read' 'write' 'nbread' 'nbwrite'> <Ports = 0> <Width = 512> <Depth = 32> <FIFO>
ST_2 : Operation 77 [1/1] (0.00ns)   --->   "%br_ln647 = br void %if.end11.i" [source/swiftkv_attention.cpp:647->source/swiftkv_attention.cpp:732]   --->   Operation 77 'br' 'br_ln647' <Predicate = (word == 2)> <Delay = 0.00>
ST_2 : Operation 78 [1/1] (1.21ns)   --->   "%write_ln644 = write void @_ssdm_op_Write.ap_fifo.volatile.i512P0A, i512 %key0_stream, i512 %value" [source/swiftkv_attention.cpp:644->source/swiftkv_attention.cpp:732]   --->   Operation 78 'write' 'write_ln644' <Predicate = (word == 1)> <Delay = 1.21> <CoreInst = "FIFO_URAM">   --->   Core 82 'FIFO_URAM' <Latency = 0> <II = 1> <Delay = 1.67> <Storage> <Opcode : 'read' 'write' 'nbread' 'nbwrite'> <Ports = 0> <Width = 512> <Depth = 32> <FIFO>
ST_2 : Operation 79 [1/1] (0.00ns)   --->   "%br_ln645 = br void %if.end12.i" [source/swiftkv_attention.cpp:645->source/swiftkv_attention.cpp:732]   --->   Operation 79 'br' 'br_ln645' <Predicate = (word == 1)> <Delay = 0.00>
ST_2 : Operation 80 [1/1] (0.00ns)   --->   "%metadata = trunc i512 %value" [source/swiftkv_attention.cpp:640->source/swiftkv_attention.cpp:732]   --->   Operation 80 'trunc' 'metadata' <Predicate = (word == 0)> <Delay = 0.00>
ST_2 : Operation 81 [1/1] (1.21ns)   --->   "%write_ln641 = write void @_ssdm_op_Write.ap_fifo.volatile.i40P0A, i40 %key_metadata_stream, i40 %metadata" [source/swiftkv_attention.cpp:641->source/swiftkv_attention.cpp:732]   --->   Operation 81 'write' 'write_ln641' <Predicate = (word == 0)> <Delay = 1.21> <CoreInst = "FIFO_SRL">   --->   Core 81 'FIFO_SRL' <Latency = 0> <II = 1> <Delay = 1.47> <Storage> <Opcode : 'read' 'write' 'nbread' 'nbwrite'> <Ports = 0> <Width = 40> <Depth = 32> <FIFO>
ST_2 : Operation 82 [1/1] (1.21ns)   --->   "%write_ln642 = write void @_ssdm_op_Write.ap_fifo.volatile.i40P0A, i40 %value_metadata_stream, i40 %metadata" [source/swiftkv_attention.cpp:642->source/swiftkv_attention.cpp:732]   --->   Operation 82 'write' 'write_ln642' <Predicate = (word == 0)> <Delay = 1.21> <CoreInst = "FIFO_SRL">   --->   Core 81 'FIFO_SRL' <Latency = 0> <II = 1> <Delay = 1.47> <Storage> <Opcode : 'read' 'write' 'nbread' 'nbwrite'> <Ports = 0> <Width = 40> <Depth = 32> <FIFO>
ST_2 : Operation 83 [1/1] (0.00ns)   --->   "%br_ln643 = br void %for.inc7" [source/swiftkv_attention.cpp:643->source/swiftkv_attention.cpp:732]   --->   Operation 83 'br' 'br_ln643' <Predicate = (word == 0)> <Delay = 0.00>
ST_2 : Operation 84 [1/1] (0.00ns)   --->   "%slice = trunc i512 %value" [source/swiftkv_attention.cpp:573->source/swiftkv_attention.cpp:614->source/swiftkv_attention.cpp:653->source/swiftkv_attention.cpp:732]   --->   Operation 84 'trunc' 'slice' <Predicate = (word != 0 & word != 1 & word != 2 & word != 3)> <Delay = 0.00>
ST_2 : Operation 85 [1/1] (0.00ns)   --->   "%slice_1 = partselect i32 @_ssdm_op_PartSelect.i32.i512.i32.i32, i512 %value, i32 32, i32 63" [source/swiftkv_attention.cpp:573->source/swiftkv_attention.cpp:614->source/swiftkv_attention.cpp:653->source/swiftkv_attention.cpp:732]   --->   Operation 85 'partselect' 'slice_1' <Predicate = (word != 0 & word != 1 & word != 2 & word != 3)> <Delay = 0.00>
ST_2 : Operation 86 [1/1] (0.00ns)   --->   "%slice_2 = partselect i32 @_ssdm_op_PartSelect.i32.i512.i32.i32, i512 %value, i32 64, i32 95" [source/swiftkv_attention.cpp:573->source/swiftkv_attention.cpp:614->source/swiftkv_attention.cpp:653->source/swiftkv_attention.cpp:732]   --->   Operation 86 'partselect' 'slice_2' <Predicate = (word != 0 & word != 1 & word != 2 & word != 3)> <Delay = 0.00>
ST_2 : Operation 87 [1/1] (0.00ns)   --->   "%slice_3 = partselect i32 @_ssdm_op_PartSelect.i32.i512.i32.i32, i512 %value, i32 96, i32 127" [source/swiftkv_attention.cpp:573->source/swiftkv_attention.cpp:614->source/swiftkv_attention.cpp:653->source/swiftkv_attention.cpp:732]   --->   Operation 87 'partselect' 'slice_3' <Predicate = (word != 0 & word != 1 & word != 2 & word != 3)> <Delay = 0.00>
ST_2 : Operation 88 [1/1] (0.00ns)   --->   "%slice_4 = partselect i32 @_ssdm_op_PartSelect.i32.i512.i32.i32, i512 %value, i32 128, i32 159" [source/swiftkv_attention.cpp:573->source/swiftkv_attention.cpp:614->source/swiftkv_attention.cpp:653->source/swiftkv_attention.cpp:732]   --->   Operation 88 'partselect' 'slice_4' <Predicate = (word != 0 & word != 1 & word != 2 & word != 3)> <Delay = 0.00>
ST_2 : Operation 89 [1/1] (0.00ns)   --->   "%slice_5 = partselect i32 @_ssdm_op_PartSelect.i32.i512.i32.i32, i512 %value, i32 160, i32 191" [source/swiftkv_attention.cpp:573->source/swiftkv_attention.cpp:614->source/swiftkv_attention.cpp:653->source/swiftkv_attention.cpp:732]   --->   Operation 89 'partselect' 'slice_5' <Predicate = (word != 0 & word != 1 & word != 2 & word != 3)> <Delay = 0.00>
ST_2 : Operation 90 [1/1] (0.00ns)   --->   "%slice_6 = partselect i32 @_ssdm_op_PartSelect.i32.i512.i32.i32, i512 %value, i32 192, i32 223" [source/swiftkv_attention.cpp:573->source/swiftkv_attention.cpp:614->source/swiftkv_attention.cpp:653->source/swiftkv_attention.cpp:732]   --->   Operation 90 'partselect' 'slice_6' <Predicate = (word != 0 & word != 1 & word != 2 & word != 3)> <Delay = 0.00>
ST_2 : Operation 91 [1/1] (0.00ns)   --->   "%slice_7 = partselect i32 @_ssdm_op_PartSelect.i32.i512.i32.i32, i512 %value, i32 224, i32 255" [source/swiftkv_attention.cpp:573->source/swiftkv_attention.cpp:614->source/swiftkv_attention.cpp:653->source/swiftkv_attention.cpp:732]   --->   Operation 91 'partselect' 'slice_7' <Predicate = (word != 0 & word != 1 & word != 2 & word != 3)> <Delay = 0.00>
ST_2 : Operation 92 [1/1] (0.00ns)   --->   "%slice_8 = partselect i32 @_ssdm_op_PartSelect.i32.i512.i32.i32, i512 %value, i32 256, i32 287" [source/swiftkv_attention.cpp:573->source/swiftkv_attention.cpp:614->source/swiftkv_attention.cpp:653->source/swiftkv_attention.cpp:732]   --->   Operation 92 'partselect' 'slice_8' <Predicate = (word != 0 & word != 1 & word != 2 & word != 3)> <Delay = 0.00>
ST_2 : Operation 93 [1/1] (0.00ns)   --->   "%slice_9 = partselect i32 @_ssdm_op_PartSelect.i32.i512.i32.i32, i512 %value, i32 288, i32 319" [source/swiftkv_attention.cpp:573->source/swiftkv_attention.cpp:614->source/swiftkv_attention.cpp:653->source/swiftkv_attention.cpp:732]   --->   Operation 93 'partselect' 'slice_9' <Predicate = (word != 0 & word != 1 & word != 2 & word != 3)> <Delay = 0.00>
ST_2 : Operation 94 [1/1] (0.00ns)   --->   "%slice_10 = partselect i32 @_ssdm_op_PartSelect.i32.i512.i32.i32, i512 %value, i32 320, i32 351" [source/swiftkv_attention.cpp:573->source/swiftkv_attention.cpp:614->source/swiftkv_attention.cpp:653->source/swiftkv_attention.cpp:732]   --->   Operation 94 'partselect' 'slice_10' <Predicate = (word != 0 & word != 1 & word != 2 & word != 3)> <Delay = 0.00>
ST_2 : Operation 95 [1/1] (0.00ns)   --->   "%slice_11 = partselect i32 @_ssdm_op_PartSelect.i32.i512.i32.i32, i512 %value, i32 352, i32 383" [source/swiftkv_attention.cpp:573->source/swiftkv_attention.cpp:614->source/swiftkv_attention.cpp:653->source/swiftkv_attention.cpp:732]   --->   Operation 95 'partselect' 'slice_11' <Predicate = (word != 0 & word != 1 & word != 2 & word != 3)> <Delay = 0.00>
ST_2 : Operation 96 [1/1] (0.00ns)   --->   "%slice_12 = partselect i32 @_ssdm_op_PartSelect.i32.i512.i32.i32, i512 %value, i32 384, i32 415" [source/swiftkv_attention.cpp:573->source/swiftkv_attention.cpp:614->source/swiftkv_attention.cpp:653->source/swiftkv_attention.cpp:732]   --->   Operation 96 'partselect' 'slice_12' <Predicate = (word != 0 & word != 1 & word != 2 & word != 3)> <Delay = 0.00>
ST_2 : Operation 97 [1/1] (0.00ns)   --->   "%engine0 = bitconcatenate i128 @_ssdm_op_BitConcatenate.i128.i32.i32.i32.i32, i32 %slice_12, i32 %slice_8, i32 %slice_4, i32 %slice" [source/swiftkv_attention.cpp:581->source/swiftkv_attention.cpp:614->source/swiftkv_attention.cpp:653->source/swiftkv_attention.cpp:732]   --->   Operation 97 'bitconcatenate' 'engine0' <Predicate = (word != 0 & word != 1 & word != 2 & word != 3)> <Delay = 0.00>
ST_2 : Operation 98 [1/1] (0.00ns)   --->   "%slice_13 = partselect i32 @_ssdm_op_PartSelect.i32.i512.i32.i32, i512 %value, i32 416, i32 447" [source/swiftkv_attention.cpp:573->source/swiftkv_attention.cpp:614->source/swiftkv_attention.cpp:653->source/swiftkv_attention.cpp:732]   --->   Operation 98 'partselect' 'slice_13' <Predicate = (word != 0 & word != 1 & word != 2 & word != 3)> <Delay = 0.00>
ST_2 : Operation 99 [1/1] (0.00ns)   --->   "%engine1 = bitconcatenate i128 @_ssdm_op_BitConcatenate.i128.i32.i32.i32.i32, i32 %slice_13, i32 %slice_9, i32 %slice_5, i32 %slice_1" [source/swiftkv_attention.cpp:586->source/swiftkv_attention.cpp:614->source/swiftkv_attention.cpp:653->source/swiftkv_attention.cpp:732]   --->   Operation 99 'bitconcatenate' 'engine1' <Predicate = (word != 0 & word != 1 & word != 2 & word != 3)> <Delay = 0.00>
ST_2 : Operation 100 [1/1] (0.00ns)   --->   "%slice_14 = partselect i32 @_ssdm_op_PartSelect.i32.i512.i32.i32, i512 %value, i32 448, i32 479" [source/swiftkv_attention.cpp:573->source/swiftkv_attention.cpp:614->source/swiftkv_attention.cpp:653->source/swiftkv_attention.cpp:732]   --->   Operation 100 'partselect' 'slice_14' <Predicate = (word != 0 & word != 1 & word != 2 & word != 3)> <Delay = 0.00>
ST_2 : Operation 101 [1/1] (0.00ns)   --->   "%engine2 = bitconcatenate i128 @_ssdm_op_BitConcatenate.i128.i32.i32.i32.i32, i32 %slice_14, i32 %slice_10, i32 %slice_6, i32 %slice_2" [source/swiftkv_attention.cpp:591->source/swiftkv_attention.cpp:614->source/swiftkv_attention.cpp:653->source/swiftkv_attention.cpp:732]   --->   Operation 101 'bitconcatenate' 'engine2' <Predicate = (word != 0 & word != 1 & word != 2 & word != 3)> <Delay = 0.00>
ST_2 : Operation 102 [1/1] (0.00ns)   --->   "%slice_15 = partselect i32 @_ssdm_op_PartSelect.i32.i512.i32.i32, i512 %value, i32 480, i32 511" [source/swiftkv_attention.cpp:573->source/swiftkv_attention.cpp:614->source/swiftkv_attention.cpp:653->source/swiftkv_attention.cpp:732]   --->   Operation 102 'partselect' 'slice_15' <Predicate = (word != 0 & word != 1 & word != 2 & word != 3)> <Delay = 0.00>
ST_2 : Operation 103 [1/1] (0.00ns)   --->   "%engine3 = bitconcatenate i128 @_ssdm_op_BitConcatenate.i128.i32.i32.i32.i32, i32 %slice_15, i32 %slice_11, i32 %slice_7, i32 %slice_3" [source/swiftkv_attention.cpp:596->source/swiftkv_attention.cpp:614->source/swiftkv_attention.cpp:653->source/swiftkv_attention.cpp:732]   --->   Operation 103 'bitconcatenate' 'engine3' <Predicate = (word != 0 & word != 1 & word != 2 & word != 3)> <Delay = 0.00>
ST_2 : Operation 104 [1/1] (1.21ns)   --->   "%write_ln616 = write void @_ssdm_op_Write.ap_fifo.volatile.i128P0A, i128 %value1_engine0_stream, i128 %engine0" [source/swiftkv_attention.cpp:616->source/swiftkv_attention.cpp:653->source/swiftkv_attention.cpp:732]   --->   Operation 104 'write' 'write_ln616' <Predicate = (word != 0 & word != 1 & word != 2 & word != 3)> <Delay = 1.21> <CoreInst = "FIFO_URAM">   --->   Core 82 'FIFO_URAM' <Latency = 0> <II = 1> <Delay = 1.67> <Storage> <Opcode : 'read' 'write' 'nbread' 'nbwrite'> <Ports = 0> <Width = 128> <Depth = 32> <FIFO>
ST_2 : Operation 105 [1/1] (1.21ns)   --->   "%write_ln617 = write void @_ssdm_op_Write.ap_fifo.volatile.i128P0A, i128 %value1_engine1_stream, i128 %engine1" [source/swiftkv_attention.cpp:617->source/swiftkv_attention.cpp:653->source/swiftkv_attention.cpp:732]   --->   Operation 105 'write' 'write_ln617' <Predicate = (word != 0 & word != 1 & word != 2 & word != 3)> <Delay = 1.21> <CoreInst = "FIFO_URAM">   --->   Core 82 'FIFO_URAM' <Latency = 0> <II = 1> <Delay = 1.67> <Storage> <Opcode : 'read' 'write' 'nbread' 'nbwrite'> <Ports = 0> <Width = 128> <Depth = 32> <FIFO>
ST_2 : Operation 106 [1/1] (1.21ns)   --->   "%write_ln618 = write void @_ssdm_op_Write.ap_fifo.volatile.i128P0A, i128 %value1_engine2_stream, i128 %engine2" [source/swiftkv_attention.cpp:618->source/swiftkv_attention.cpp:653->source/swiftkv_attention.cpp:732]   --->   Operation 106 'write' 'write_ln618' <Predicate = (word != 0 & word != 1 & word != 2 & word != 3)> <Delay = 1.21> <CoreInst = "FIFO_URAM">   --->   Core 82 'FIFO_URAM' <Latency = 0> <II = 1> <Delay = 1.67> <Storage> <Opcode : 'read' 'write' 'nbread' 'nbwrite'> <Ports = 0> <Width = 128> <Depth = 32> <FIFO>
ST_2 : Operation 107 [1/1] (1.21ns)   --->   "%write_ln619 = write void @_ssdm_op_Write.ap_fifo.volatile.i128P0A, i128 %value1_engine3_stream, i128 %engine3" [source/swiftkv_attention.cpp:619->source/swiftkv_attention.cpp:653->source/swiftkv_attention.cpp:732]   --->   Operation 107 'write' 'write_ln619' <Predicate = (word != 0 & word != 1 & word != 2 & word != 3)> <Delay = 1.21> <CoreInst = "FIFO_URAM">   --->   Core 82 'FIFO_URAM' <Latency = 0> <II = 1> <Delay = 1.67> <Storage> <Opcode : 'read' 'write' 'nbread' 'nbwrite'> <Ports = 0> <Width = 128> <Depth = 32> <FIFO>
ST_2 : Operation 108 [1/1] (0.00ns)   --->   "%br_ln0 = br void %if.end.i"   --->   Operation 108 'br' 'br_ln0' <Predicate = (word != 0 & word != 1 & word != 2 & word != 3)> <Delay = 0.00>


============================================================
+ Verbose Summary: Binding
============================================================
STG Binding: 
---------------- STG Properties BEGIN ----------------
- Is combinational: 0
- Is one-state seq: 0
- Is datapath-only: 0
- Is pipelined: 0
- Is top level: 0
Port [ Return ] is wired: 1; IO mode=ap_ctrl_hs:ce=0
Port [ key_metadata_stream]:  wired=1; compound=1; hidden=0; nouse=0; global=0; static=0; extern=0; dir=1; type=3; pingpong=0; private_global=0; IO mode=ap_fifo:ce=0
Port [ value_metadata_stream]:  wired=1; compound=1; hidden=0; nouse=0; global=0; static=0; extern=0; dir=1; type=3; pingpong=0; private_global=0; IO mode=ap_fifo:ce=0
Port [ current_record_0_val_load]:  wired=1; compound=0; hidden=0; nouse=0; global=0; static=0; extern=0; dir=0; type=0; pingpong=0; private_global=0; IO mode=ap_none:ce=0
Port [ current_record_1_val_load]:  wired=1; compound=0; hidden=0; nouse=0; global=0; static=0; extern=0; dir=0; type=0; pingpong=0; private_global=0; IO mode=ap_none:ce=0
Port [ current_record_2_val_load]:  wired=1; compound=0; hidden=0; nouse=0; global=0; static=0; extern=0; dir=0; type=0; pingpong=0; private_global=0; IO mode=ap_none:ce=0
Port [ current_record_3_val_load]:  wired=1; compound=0; hidden=0; nouse=0; global=0; static=0; extern=0; dir=0; type=0; pingpong=0; private_global=0; IO mode=ap_none:ce=0
Port [ current_record_4_val_load]:  wired=1; compound=0; hidden=0; nouse=0; global=0; static=0; extern=0; dir=0; type=0; pingpong=0; private_global=0; IO mode=ap_none:ce=0
Port [ key0_stream]:  wired=1; compound=1; hidden=0; nouse=0; global=0; static=0; extern=0; dir=1; type=3; pingpong=0; private_global=0; IO mode=ap_fifo:ce=0
Port [ key1_stream]:  wired=1; compound=1; hidden=0; nouse=0; global=0; static=0; extern=0; dir=1; type=3; pingpong=0; private_global=0; IO mode=ap_fifo:ce=0
Port [ value0_engine0_stream]:  wired=1; compound=1; hidden=0; nouse=0; global=0; static=0; extern=0; dir=1; type=3; pingpong=0; private_global=0; IO mode=ap_fifo:ce=0
Port [ value0_engine1_stream]:  wired=1; compound=1; hidden=0; nouse=0; global=0; static=0; extern=0; dir=1; type=3; pingpong=0; private_global=0; IO mode=ap_fifo:ce=0
Port [ value0_engine2_stream]:  wired=1; compound=1; hidden=0; nouse=0; global=0; static=0; extern=0; dir=1; type=3; pingpong=0; private_global=0; IO mode=ap_fifo:ce=0
Port [ value0_engine3_stream]:  wired=1; compound=1; hidden=0; nouse=0; global=0; static=0; extern=0; dir=1; type=3; pingpong=0; private_global=0; IO mode=ap_fifo:ce=0
Port [ value1_engine0_stream]:  wired=1; compound=1; hidden=0; nouse=0; global=0; static=0; extern=0; dir=1; type=3; pingpong=0; private_global=0; IO mode=ap_fifo:ce=0
Port [ value1_engine1_stream]:  wired=1; compound=1; hidden=0; nouse=0; global=0; static=0; extern=0; dir=1; type=3; pingpong=0; private_global=0; IO mode=ap_fifo:ce=0
Port [ value1_engine2_stream]:  wired=1; compound=1; hidden=0; nouse=0; global=0; static=0; extern=0; dir=1; type=3; pingpong=0; private_global=0; IO mode=ap_fifo:ce=0
Port [ value1_engine3_stream]:  wired=1; compound=1; hidden=0; nouse=0; global=0; static=0; extern=0; dir=1; type=3; pingpong=0; private_global=0; IO mode=ap_fifo:ce=0
---------------- STG Properties END ------------------

---------------- Datapath Model BEGIN ----------------

<LifeTime>
<method=bitvector/>
word_5                         (alloca           ) [ 010]
specmemcore_ln0                (specmemcore      ) [ 000]
specmemcore_ln0                (specmemcore      ) [ 000]
specmemcore_ln0                (specmemcore      ) [ 000]
specmemcore_ln0                (specmemcore      ) [ 000]
specmemcore_ln0                (specmemcore      ) [ 000]
specmemcore_ln0                (specmemcore      ) [ 000]
specmemcore_ln0                (specmemcore      ) [ 000]
specmemcore_ln0                (specmemcore      ) [ 000]
specmemcore_ln0                (specmemcore      ) [ 000]
specmemcore_ln0                (specmemcore      ) [ 000]
specmemcore_ln0                (specmemcore      ) [ 000]
specmemcore_ln0                (specmemcore      ) [ 000]
specinterface_ln0              (specinterface    ) [ 000]
specinterface_ln0              (specinterface    ) [ 000]
specinterface_ln0              (specinterface    ) [ 000]
specinterface_ln0              (specinterface    ) [ 000]
specinterface_ln0              (specinterface    ) [ 000]
specinterface_ln0              (specinterface    ) [ 000]
specinterface_ln0              (specinterface    ) [ 000]
specinterface_ln0              (specinterface    ) [ 000]
specinterface_ln0              (specinterface    ) [ 000]
specinterface_ln0              (specinterface    ) [ 000]
specinterface_ln0              (specinterface    ) [ 000]
specinterface_ln0              (specinterface    ) [ 000]
current_record_4_val_load_read (read             ) [ 000]
current_record_3_val_load_read (read             ) [ 000]
current_record_2_val_load_read (read             ) [ 000]
current_record_1_val_load_read (read             ) [ 000]
current_record_0_val_load_read (read             ) [ 000]
store_ln623                    (store            ) [ 000]
br_ln0                         (br               ) [ 000]
word                           (load             ) [ 011]
icmp_ln729                     (icmp             ) [ 010]
add_ln730                      (add              ) [ 000]
br_ln728                       (br               ) [ 000]
specpipeline_ln731             (specpipeline     ) [ 000]
speclooptripcount_ln728        (speclooptripcount) [ 000]
specloopname_ln728             (specloopname     ) [ 000]
value                          (sparsemux        ) [ 011]
switch_ln639                   (switch           ) [ 000]
br_ln0                         (br               ) [ 000]
br_ln0                         (br               ) [ 000]
br_ln0                         (br               ) [ 000]
store_ln623                    (store            ) [ 000]
br_ln728                       (br               ) [ 000]
slice_16                       (trunc            ) [ 000]
slice_17                       (partselect       ) [ 000]
slice_18                       (partselect       ) [ 000]
slice_19                       (partselect       ) [ 000]
slice_20                       (partselect       ) [ 000]
slice_21                       (partselect       ) [ 000]
slice_22                       (partselect       ) [ 000]
slice_23                       (partselect       ) [ 000]
slice_24                       (partselect       ) [ 000]
slice_25                       (partselect       ) [ 000]
slice_26                       (partselect       ) [ 000]
slice_27                       (partselect       ) [ 000]
slice_28                       (partselect       ) [ 000]
engine0_1                      (bitconcatenate   ) [ 000]
slice_29                       (partselect       ) [ 000]
engine1_1                      (bitconcatenate   ) [ 000]
slice_30                       (partselect       ) [ 000]
engine2_1                      (bitconcatenate   ) [ 000]
slice_31                       (partselect       ) [ 000]
engine3_1                      (bitconcatenate   ) [ 000]
write_ln616                    (write            ) [ 000]
write_ln617                    (write            ) [ 000]
write_ln618                    (write            ) [ 000]
write_ln619                    (write            ) [ 000]
br_ln652                       (br               ) [ 000]
write_ln646                    (write            ) [ 000]
br_ln647                       (br               ) [ 000]
write_ln644                    (write            ) [ 000]
br_ln645                       (br               ) [ 000]
metadata                       (trunc            ) [ 000]
write_ln641                    (write            ) [ 000]
write_ln642                    (write            ) [ 000]
br_ln643                       (br               ) [ 000]
slice                          (trunc            ) [ 000]
slice_1                        (partselect       ) [ 000]
slice_2                        (partselect       ) [ 000]
slice_3                        (partselect       ) [ 000]
slice_4                        (partselect       ) [ 000]
slice_5                        (partselect       ) [ 000]
slice_6                        (partselect       ) [ 000]
slice_7                        (partselect       ) [ 000]
slice_8                        (partselect       ) [ 000]
slice_9                        (partselect       ) [ 000]
slice_10                       (partselect       ) [ 000]
slice_11                       (partselect       ) [ 000]
slice_12                       (partselect       ) [ 000]
engine0                        (bitconcatenate   ) [ 000]
slice_13                       (partselect       ) [ 000]
engine1                        (bitconcatenate   ) [ 000]
slice_14                       (partselect       ) [ 000]
engine2                        (bitconcatenate   ) [ 000]
slice_15                       (partselect       ) [ 000]
engine3                        (bitconcatenate   ) [ 000]
write_ln616                    (write            ) [ 000]
write_ln617                    (write            ) [ 000]
write_ln618                    (write            ) [ 000]
write_ln619                    (write            ) [ 000]
br_ln0                         (br               ) [ 000]
ret_ln0                        (ret              ) [ 000]
</LifeTime>

<model>

<comp_list>
<comp id="0" class="1000" name="key_metadata_stream">
<pin_list>
<pin id="1" dir="1" index="0" bw="1" slack="0"/>
</pin_list>
<bind>
<StgValue><ssdm name="key_metadata_stream"/></StgValue>
</bind>
</comp>

<comp id="2" class="1000" name="value_metadata_stream">
<pin_list>
<pin id="3" dir="1" index="0" bw="1" slack="0"/>
</pin_list>
<bind>
<StgValue><ssdm name="value_metadata_stream"/></StgValue>
</bind>
</comp>

<comp id="4" class="1000" name="current_record_0_val_load">
<pin_list>
<pin id="5" dir="1" index="0" bw="1" slack="0"/>
</pin_list>
<bind>
<StgValue><ssdm name="current_record_0_val_load"/></StgValue>
</bind>
</comp>

<comp id="6" class="1000" name="current_record_1_val_load">
<pin_list>
<pin id="7" dir="1" index="0" bw="1" slack="0"/>
</pin_list>
<bind>
<StgValue><ssdm name="current_record_1_val_load"/></StgValue>
</bind>
</comp>

<comp id="8" class="1000" name="current_record_2_val_load">
<pin_list>
<pin id="9" dir="1" index="0" bw="1" slack="0"/>
</pin_list>
<bind>
<StgValue><ssdm name="current_record_2_val_load"/></StgValue>
</bind>
</comp>

<comp id="10" class="1000" name="current_record_3_val_load">
<pin_list>
<pin id="11" dir="1" index="0" bw="1" slack="0"/>
</pin_list>
<bind>
<StgValue><ssdm name="current_record_3_val_load"/></StgValue>
</bind>
</comp>

<comp id="12" class="1000" name="current_record_4_val_load">
<pin_list>
<pin id="13" dir="1" index="0" bw="1" slack="0"/>
</pin_list>
<bind>
<StgValue><ssdm name="current_record_4_val_load"/></StgValue>
</bind>
</comp>

<comp id="14" class="1000" name="key0_stream">
<pin_list>
<pin id="15" dir="1" index="0" bw="1" slack="0"/>
</pin_list>
<bind>
<StgValue><ssdm name="key0_stream"/></StgValue>
</bind>
</comp>

<comp id="16" class="1000" name="key1_stream">
<pin_list>
<pin id="17" dir="1" index="0" bw="1" slack="0"/>
</pin_list>
<bind>
<StgValue><ssdm name="key1_stream"/></StgValue>
</bind>
</comp>

<comp id="18" class="1000" name="value0_engine0_stream">
<pin_list>
<pin id="19" dir="1" index="0" bw="1" slack="0"/>
</pin_list>
<bind>
<StgValue><ssdm name="value0_engine0_stream"/></StgValue>
</bind>
</comp>

<comp id="20" class="1000" name="value0_engine1_stream">
<pin_list>
<pin id="21" dir="1" index="0" bw="1" slack="0"/>
</pin_list>
<bind>
<StgValue><ssdm name="value0_engine1_stream"/></StgValue>
</bind>
</comp>

<comp id="22" class="1000" name="value0_engine2_stream">
<pin_list>
<pin id="23" dir="1" index="0" bw="1" slack="0"/>
</pin_list>
<bind>
<StgValue><ssdm name="value0_engine2_stream"/></StgValue>
</bind>
</comp>

<comp id="24" class="1000" name="value0_engine3_stream">
<pin_list>
<pin id="25" dir="1" index="0" bw="1" slack="0"/>
</pin_list>
<bind>
<StgValue><ssdm name="value0_engine3_stream"/></StgValue>
</bind>
</comp>

<comp id="26" class="1000" name="value1_engine0_stream">
<pin_list>
<pin id="27" dir="1" index="0" bw="1" slack="0"/>
</pin_list>
<bind>
<StgValue><ssdm name="value1_engine0_stream"/></StgValue>
</bind>
</comp>

<comp id="28" class="1000" name="value1_engine1_stream">
<pin_list>
<pin id="29" dir="1" index="0" bw="1" slack="0"/>
</pin_list>
<bind>
<StgValue><ssdm name="value1_engine1_stream"/></StgValue>
</bind>
</comp>

<comp id="30" class="1000" name="value1_engine2_stream">
<pin_list>
<pin id="31" dir="1" index="0" bw="1" slack="0"/>
</pin_list>
<bind>
<StgValue><ssdm name="value1_engine2_stream"/></StgValue>
</bind>
</comp>

<comp id="32" class="1000" name="value1_engine3_stream">
<pin_list>
<pin id="33" dir="1" index="0" bw="1" slack="0"/>
</pin_list>
<bind>
<StgValue><ssdm name="value1_engine3_stream"/></StgValue>
</bind>
</comp>

<comp id="34" class="1001" name="const_34">
<pin_list>
<pin id="35" dir="1" index="0" bw="1" slack="0"/>
</pin_list>
<bind>
<StgValue><ssdm name=""/></StgValue>
</bind>
</comp>

<comp id="36" class="1001" name="const_36">
<pin_list>
<pin id="37" dir="1" index="0" bw="1" slack="2147483647"/>
</pin_list>
<bind>
<StgValue><ssdm name="_ssdm_op_SpecMemCore"/></StgValue>
</bind>
</comp>

<comp id="38" class="1001" name="const_38">
<pin_list>
<pin id="39" dir="1" index="0" bw="1" slack="2147483647"/>
</pin_list>
<bind>
<StgValue><ssdm name=""/></StgValue>
</bind>
</comp>

<comp id="40" class="1001" name="const_40">
<pin_list>
<pin id="41" dir="1" index="0" bw="1" slack="2147483647"/>
</pin_list>
<bind>
<StgValue><ssdm name=""/></StgValue>
</bind>
</comp>

<comp id="42" class="1001" name="const_42">
<pin_list>
<pin id="43" dir="1" index="0" bw="1" slack="2147483647"/>
</pin_list>
<bind>
<StgValue><ssdm name=""/></StgValue>
</bind>
</comp>

<comp id="44" class="1001" name="const_44">
<pin_list>
<pin id="45" dir="1" index="0" bw="1" slack="2147483647"/>
</pin_list>
<bind>
<StgValue><ssdm name=""/></StgValue>
</bind>
</comp>

<comp id="46" class="1001" name="const_46">
<pin_list>
<pin id="47" dir="1" index="0" bw="1" slack="2147483647"/>
</pin_list>
<bind>
<StgValue><ssdm name="_ssdm_op_SpecInterface"/></StgValue>
</bind>
</comp>

<comp id="48" class="1001" name="const_48">
<pin_list>
<pin id="49" dir="1" index="0" bw="1" slack="2147483647"/>
</pin_list>
<bind>
<StgValue><ssdm name="empty_447"/></StgValue>
</bind>
</comp>

<comp id="50" class="1001" name="const_50">
<pin_list>
<pin id="51" dir="1" index="0" bw="1" slack="2147483647"/>
</pin_list>
<bind>
<StgValue><ssdm name=""/></StgValue>
</bind>
</comp>

<comp id="52" class="1001" name="const_52">
<pin_list>
<pin id="53" dir="1" index="0" bw="1" slack="2147483647"/>
</pin_list>
<bind>
<StgValue><ssdm name="empty_418"/></StgValue>
</bind>
</comp>

<comp id="54" class="1001" name="const_54">
<pin_list>
<pin id="55" dir="1" index="0" bw="1" slack="2147483647"/>
</pin_list>
<bind>
<StgValue><ssdm name=""/></StgValue>
</bind>
</comp>

<comp id="56" class="1001" name="const_56">
<pin_list>
<pin id="57" dir="1" index="0" bw="1" slack="0"/>
</pin_list>
<bind>
<StgValue><ssdm name="_ssdm_op_Read.ap_auto.i512"/></StgValue>
</bind>
</comp>

<comp id="58" class="1001" name="const_58">
<pin_list>
<pin id="59" dir="1" index="0" bw="1" slack="0"/>
</pin_list>
<bind>
<StgValue><ssdm name=""/></StgValue>
</bind>
</comp>

<comp id="60" class="1001" name="const_60">
<pin_list>
<pin id="61" dir="1" index="0" bw="1" slack="0"/>
</pin_list>
<bind>
<StgValue><ssdm name=""/></StgValue>
</bind>
</comp>

<comp id="62" class="1001" name="const_62">
<pin_list>
<pin id="63" dir="1" index="0" bw="1" slack="0"/>
</pin_list>
<bind>
<StgValue><ssdm name=""/></StgValue>
</bind>
</comp>

<comp id="64" class="1001" name="const_64">
<pin_list>
<pin id="65" dir="1" index="0" bw="1" slack="2147483647"/>
</pin_list>
<bind>
<StgValue><ssdm name="_ssdm_op_SpecPipeline"/></StgValue>
</bind>
</comp>

<comp id="66" class="1001" name="const_66">
<pin_list>
<pin id="67" dir="1" index="0" bw="1" slack="2147483647"/>
</pin_list>
<bind>
<StgValue><ssdm name="_ssdm_op_SpecLoopTripCount"/></StgValue>
</bind>
</comp>

<comp id="68" class="1001" name="const_68">
<pin_list>
<pin id="69" dir="1" index="0" bw="1" slack="2147483647"/>
</pin_list>
<bind>
<StgValue><ssdm name=""/></StgValue>
</bind>
</comp>

<comp id="70" class="1001" name="const_70">
<pin_list>
<pin id="71" dir="1" index="0" bw="1" slack="2147483647"/>
</pin_list>
<bind>
<StgValue><ssdm name="_ssdm_op_SpecLoopName"/></StgValue>
</bind>
</comp>

<comp id="72" class="1001" name="const_72">
<pin_list>
<pin id="73" dir="1" index="0" bw="1" slack="2147483647"/>
</pin_list>
<bind>
<StgValue><ssdm name="empty_465"/></StgValue>
</bind>
</comp>

<comp id="74" class="1001" name="const_74">
<pin_list>
<pin id="75" dir="1" index="0" bw="1" slack="0"/>
</pin_list>
<bind>
<StgValue><ssdm name="_ssdm_op_SparseMux.ap_auto.5i512.i512.i3"/></StgValue>
</bind>
</comp>

<comp id="76" class="1001" name="const_76">
<pin_list>
<pin id="77" dir="1" index="0" bw="1" slack="0"/>
</pin_list>
<bind>
<StgValue><ssdm name=""/></StgValue>
</bind>
</comp>

<comp id="78" class="1001" name="const_78">
<pin_list>
<pin id="79" dir="1" index="0" bw="1" slack="0"/>
</pin_list>
<bind>
<StgValue><ssdm name=""/></StgValue>
</bind>
</comp>

<comp id="80" class="1001" name="const_80">
<pin_list>
<pin id="81" dir="1" index="0" bw="1" slack="0"/>
</pin_list>
<bind>
<StgValue><ssdm name=""/></StgValue>
</bind>
</comp>

<comp id="82" class="1001" name="const_82">
<pin_list>
<pin id="83" dir="1" index="0" bw="1" slack="0"/>
</pin_list>
<bind>
<StgValue><ssdm name=""/></StgValue>
</bind>
</comp>

<comp id="84" class="1001" name="const_84">
<pin_list>
<pin id="85" dir="1" index="0" bw="1" slack="0"/>
</pin_list>
<bind>
<StgValue><ssdm name="_ssdm_op_PartSelect.i32.i512.i32.i32"/></StgValue>
</bind>
</comp>

<comp id="86" class="1001" name="const_86">
<pin_list>
<pin id="87" dir="1" index="0" bw="1" slack="0"/>
</pin_list>
<bind>
<StgValue><ssdm name=""/></StgValue>
</bind>
</comp>

<comp id="88" class="1001" name="const_88">
<pin_list>
<pin id="89" dir="1" index="0" bw="1" slack="0"/>
</pin_list>
<bind>
<StgValue><ssdm name=""/></StgValue>
</bind>
</comp>

<comp id="90" class="1001" name="const_90">
<pin_list>
<pin id="91" dir="1" index="0" bw="1" slack="0"/>
</pin_list>
<bind>
<StgValue><ssdm name=""/></StgValue>
</bind>
</comp>

<comp id="92" class="1001" name="const_92">
<pin_list>
<pin id="93" dir="1" index="0" bw="1" slack="0"/>
</pin_list>
<bind>
<StgValue><ssdm name=""/></StgValue>
</bind>
</comp>

<comp id="94" class="1001" name="const_94">
<pin_list>
<pin id="95" dir="1" index="0" bw="1" slack="0"/>
</pin_list>
<bind>
<StgValue><ssdm name=""/></StgValue>
</bind>
</comp>

<comp id="96" class="1001" name="const_96">
<pin_list>
<pin id="97" dir="1" index="0" bw="1" slack="0"/>
</pin_list>
<bind>
<StgValue><ssdm name=""/></StgValue>
</bind>
</comp>

<comp id="98" class="1001" name="const_98">
<pin_list>
<pin id="99" dir="1" index="0" bw="1" slack="0"/>
</pin_list>
<bind>
<StgValue><ssdm name=""/></StgValue>
</bind>
</comp>

<comp id="100" class="1001" name="const_100">
<pin_list>
<pin id="101" dir="1" index="0" bw="1" slack="0"/>
</pin_list>
<bind>
<StgValue><ssdm name=""/></StgValue>
</bind>
</comp>

<comp id="102" class="1001" name="const_102">
<pin_list>
<pin id="103" dir="1" index="0" bw="1" slack="0"/>
</pin_list>
<bind>
<StgValue><ssdm name=""/></StgValue>
</bind>
</comp>

<comp id="104" class="1001" name="const_104">
<pin_list>
<pin id="105" dir="1" index="0" bw="1" slack="0"/>
</pin_list>
<bind>
<StgValue><ssdm name=""/></StgValue>
</bind>
</comp>

<comp id="106" class="1001" name="const_106">
<pin_list>
<pin id="107" dir="1" index="0" bw="1" slack="0"/>
</pin_list>
<bind>
<StgValue><ssdm name=""/></StgValue>
</bind>
</comp>

<comp id="108" class="1001" name="const_108">
<pin_list>
<pin id="109" dir="1" index="0" bw="1" slack="0"/>
</pin_list>
<bind>
<StgValue><ssdm name=""/></StgValue>
</bind>
</comp>

<comp id="110" class="1001" name="const_110">
<pin_list>
<pin id="111" dir="1" index="0" bw="1" slack="0"/>
</pin_list>
<bind>
<StgValue><ssdm name=""/></StgValue>
</bind>
</comp>

<comp id="112" class="1001" name="const_112">
<pin_list>
<pin id="113" dir="1" index="0" bw="1" slack="0"/>
</pin_list>
<bind>
<StgValue><ssdm name=""/></StgValue>
</bind>
</comp>

<comp id="114" class="1001" name="const_114">
<pin_list>
<pin id="115" dir="1" index="0" bw="1" slack="0"/>
</pin_list>
<bind>
<StgValue><ssdm name=""/></StgValue>
</bind>
</comp>

<comp id="116" class="1001" name="const_116">
<pin_list>
<pin id="117" dir="1" index="0" bw="1" slack="0"/>
</pin_list>
<bind>
<StgValue><ssdm name=""/></StgValue>
</bind>
</comp>

<comp id="118" class="1001" name="const_118">
<pin_list>
<pin id="119" dir="1" index="0" bw="1" slack="0"/>
</pin_list>
<bind>
<StgValue><ssdm name=""/></StgValue>
</bind>
</comp>

<comp id="120" class="1001" name="const_120">
<pin_list>
<pin id="121" dir="1" index="0" bw="1" slack="0"/>
</pin_list>
<bind>
<StgValue><ssdm name=""/></StgValue>
</bind>
</comp>

<comp id="122" class="1001" name="const_122">
<pin_list>
<pin id="123" dir="1" index="0" bw="1" slack="0"/>
</pin_list>
<bind>
<StgValue><ssdm name=""/></StgValue>
</bind>
</comp>

<comp id="124" class="1001" name="const_124">
<pin_list>
<pin id="125" dir="1" index="0" bw="1" slack="0"/>
</pin_list>
<bind>
<StgValue><ssdm name=""/></StgValue>
</bind>
</comp>

<comp id="126" class="1001" name="const_126">
<pin_list>
<pin id="127" dir="1" index="0" bw="1" slack="0"/>
</pin_list>
<bind>
<StgValue><ssdm name=""/></StgValue>
</bind>
</comp>

<comp id="128" class="1001" name="const_128">
<pin_list>
<pin id="129" dir="1" index="0" bw="1" slack="0"/>
</pin_list>
<bind>
<StgValue><ssdm name=""/></StgValue>
</bind>
</comp>

<comp id="130" class="1001" name="const_130">
<pin_list>
<pin id="131" dir="1" index="0" bw="1" slack="0"/>
</pin_list>
<bind>
<StgValue><ssdm name=""/></StgValue>
</bind>
</comp>

<comp id="132" class="1001" name="const_132">
<pin_list>
<pin id="133" dir="1" index="0" bw="1" slack="0"/>
</pin_list>
<bind>
<StgValue><ssdm name=""/></StgValue>
</bind>
</comp>

<comp id="134" class="1001" name="const_134">
<pin_list>
<pin id="135" dir="1" index="0" bw="1" slack="0"/>
</pin_list>
<bind>
<StgValue><ssdm name="_ssdm_op_BitConcatenate.i128.i32.i32.i32.i32"/></StgValue>
</bind>
</comp>

<comp id="136" class="1001" name="const_136">
<pin_list>
<pin id="137" dir="1" index="0" bw="1" slack="0"/>
</pin_list>
<bind>
<StgValue><ssdm name=""/></StgValue>
</bind>
</comp>

<comp id="138" class="1001" name="const_138">
<pin_list>
<pin id="139" dir="1" index="0" bw="1" slack="0"/>
</pin_list>
<bind>
<StgValue><ssdm name=""/></StgValue>
</bind>
</comp>

<comp id="140" class="1001" name="const_140">
<pin_list>
<pin id="141" dir="1" index="0" bw="1" slack="0"/>
</pin_list>
<bind>
<StgValue><ssdm name=""/></StgValue>
</bind>
</comp>

<comp id="142" class="1001" name="const_142">
<pin_list>
<pin id="143" dir="1" index="0" bw="1" slack="0"/>
</pin_list>
<bind>
<StgValue><ssdm name=""/></StgValue>
</bind>
</comp>

<comp id="144" class="1001" name="const_144">
<pin_list>
<pin id="145" dir="1" index="0" bw="1" slack="0"/>
</pin_list>
<bind>
<StgValue><ssdm name=""/></StgValue>
</bind>
</comp>

<comp id="146" class="1001" name="const_146">
<pin_list>
<pin id="147" dir="1" index="0" bw="1" slack="0"/>
</pin_list>
<bind>
<StgValue><ssdm name=""/></StgValue>
</bind>
</comp>

<comp id="148" class="1001" name="const_148">
<pin_list>
<pin id="149" dir="1" index="0" bw="1" slack="0"/>
</pin_list>
<bind>
<StgValue><ssdm name="_ssdm_op_Write.ap_fifo.volatile.i128P0A"/></StgValue>
</bind>
</comp>

<comp id="150" class="1001" name="const_150">
<pin_list>
<pin id="151" dir="1" index="0" bw="1" slack="0"/>
</pin_list>
<bind>
<StgValue><ssdm name="_ssdm_op_Write.ap_fifo.volatile.i512P0A"/></StgValue>
</bind>
</comp>

<comp id="152" class="1001" name="const_152">
<pin_list>
<pin id="153" dir="1" index="0" bw="1" slack="0"/>
</pin_list>
<bind>
<StgValue><ssdm name="_ssdm_op_Write.ap_fifo.volatile.i40P0A"/></StgValue>
</bind>
</comp>

<comp id="154" class="1004" name="word_5_fu_154">
<pin_list>
<pin id="155" dir="0" index="0" bw="1" slack="0"/>
<pin id="156" dir="1" index="1" bw="3" slack="0"/>
</pin_list>
<bind>
<opcode="alloca(26) " fcode="alloca"/>
<opset="word_5/1 "/>
</bind>
</comp>

<comp id="158" class="1004" name="current_record_4_val_load_read_read_fu_158">
<pin_list>
<pin id="159" dir="0" index="0" bw="512" slack="0"/>
<pin id="160" dir="0" index="1" bw="512" slack="0"/>
<pin id="161" dir="1" index="2" bw="512" slack="0"/>
</pin_list>
<bind>
<opcode="read(1150) " fcode="read"/>
<opset="current_record_4_val_load_read/1 "/>
</bind>
</comp>

<comp id="164" class="1004" name="current_record_3_val_load_read_read_fu_164">
<pin_list>
<pin id="165" dir="0" index="0" bw="512" slack="0"/>
<pin id="166" dir="0" index="1" bw="512" slack="0"/>
<pin id="167" dir="1" index="2" bw="512" slack="0"/>
</pin_list>
<bind>
<opcode="read(1150) " fcode="read"/>
<opset="current_record_3_val_load_read/1 "/>
</bind>
</comp>

<comp id="170" class="1004" name="current_record_2_val_load_read_read_fu_170">
<pin_list>
<pin id="171" dir="0" index="0" bw="512" slack="0"/>
<pin id="172" dir="0" index="1" bw="512" slack="0"/>
<pin id="173" dir="1" index="2" bw="512" slack="0"/>
</pin_list>
<bind>
<opcode="read(1150) " fcode="read"/>
<opset="current_record_2_val_load_read/1 "/>
</bind>
</comp>

<comp id="176" class="1004" name="current_record_1_val_load_read_read_fu_176">
<pin_list>
<pin id="177" dir="0" index="0" bw="512" slack="0"/>
<pin id="178" dir="0" index="1" bw="512" slack="0"/>
<pin id="179" dir="1" index="2" bw="512" slack="0"/>
</pin_list>
<bind>
<opcode="read(1150) " fcode="read"/>
<opset="current_record_1_val_load_read/1 "/>
</bind>
</comp>

<comp id="182" class="1004" name="current_record_0_val_load_read_read_fu_182">
<pin_list>
<pin id="183" dir="0" index="0" bw="512" slack="0"/>
<pin id="184" dir="0" index="1" bw="512" slack="0"/>
<pin id="185" dir="1" index="2" bw="512" slack="0"/>
</pin_list>
<bind>
<opcode="read(1150) " fcode="read"/>
<opset="current_record_0_val_load_read/1 "/>
</bind>
</comp>

<comp id="188" class="1004" name="write_ln616_write_fu_188">
<pin_list>
<pin id="189" dir="0" index="0" bw="0" slack="0"/>
<pin id="190" dir="0" index="1" bw="128" slack="0"/>
<pin id="191" dir="0" index="2" bw="128" slack="0"/>
<pin id="192" dir="1" index="3" bw="0" slack="2147483647"/>
</pin_list>
<bind>
<opcode="write(1151) " fcode="write"/>
<opset="write_ln616/2 "/>
</bind>
</comp>

<comp id="195" class="1004" name="write_ln617_write_fu_195">
<pin_list>
<pin id="196" dir="0" index="0" bw="0" slack="0"/>
<pin id="197" dir="0" index="1" bw="128" slack="0"/>
<pin id="198" dir="0" index="2" bw="128" slack="0"/>
<pin id="199" dir="1" index="3" bw="0" slack="2147483647"/>
</pin_list>
<bind>
<opcode="write(1151) " fcode="write"/>
<opset="write_ln617/2 "/>
</bind>
</comp>

<comp id="202" class="1004" name="write_ln618_write_fu_202">
<pin_list>
<pin id="203" dir="0" index="0" bw="0" slack="0"/>
<pin id="204" dir="0" index="1" bw="128" slack="0"/>
<pin id="205" dir="0" index="2" bw="128" slack="0"/>
<pin id="206" dir="1" index="3" bw="0" slack="2147483647"/>
</pin_list>
<bind>
<opcode="write(1151) " fcode="write"/>
<opset="write_ln618/2 "/>
</bind>
</comp>

<comp id="209" class="1004" name="write_ln619_write_fu_209">
<pin_list>
<pin id="210" dir="0" index="0" bw="0" slack="0"/>
<pin id="211" dir="0" index="1" bw="128" slack="0"/>
<pin id="212" dir="0" index="2" bw="128" slack="0"/>
<pin id="213" dir="1" index="3" bw="0" slack="2147483647"/>
</pin_list>
<bind>
<opcode="write(1151) " fcode="write"/>
<opset="write_ln619/2 "/>
</bind>
</comp>

<comp id="216" class="1004" name="write_ln646_write_fu_216">
<pin_list>
<pin id="217" dir="0" index="0" bw="0" slack="0"/>
<pin id="218" dir="0" index="1" bw="512" slack="0"/>
<pin id="219" dir="0" index="2" bw="512" slack="1"/>
<pin id="220" dir="1" index="3" bw="0" slack="2147483647"/>
</pin_list>
<bind>
<opcode="write(1151) " fcode="write"/>
<opset="write_ln646/2 "/>
</bind>
</comp>

<comp id="223" class="1004" name="write_ln644_write_fu_223">
<pin_list>
<pin id="224" dir="0" index="0" bw="0" slack="0"/>
<pin id="225" dir="0" index="1" bw="512" slack="0"/>
<pin id="226" dir="0" index="2" bw="512" slack="1"/>
<pin id="227" dir="1" index="3" bw="0" slack="2147483647"/>
</pin_list>
<bind>
<opcode="write(1151) " fcode="write"/>
<opset="write_ln644/2 "/>
</bind>
</comp>

<comp id="230" class="1004" name="write_ln641_write_fu_230">
<pin_list>
<pin id="231" dir="0" index="0" bw="0" slack="0"/>
<pin id="232" dir="0" index="1" bw="40" slack="0"/>
<pin id="233" dir="0" index="2" bw="40" slack="0"/>
<pin id="234" dir="1" index="3" bw="0" slack="2147483647"/>
</pin_list>
<bind>
<opcode="write(1151) " fcode="write"/>
<opset="write_ln641/2 "/>
</bind>
</comp>

<comp id="237" class="1004" name="write_ln642_write_fu_237">
<pin_list>
<pin id="238" dir="0" index="0" bw="0" slack="0"/>
<pin id="239" dir="0" index="1" bw="40" slack="0"/>
<pin id="240" dir="0" index="2" bw="40" slack="0"/>
<pin id="241" dir="1" index="3" bw="0" slack="2147483647"/>
</pin_list>
<bind>
<opcode="write(1151) " fcode="write"/>
<opset="write_ln642/2 "/>
</bind>
</comp>

<comp id="244" class="1004" name="write_ln616_write_fu_244">
<pin_list>
<pin id="245" dir="0" index="0" bw="0" slack="0"/>
<pin id="246" dir="0" index="1" bw="128" slack="0"/>
<pin id="247" dir="0" index="2" bw="128" slack="0"/>
<pin id="248" dir="1" index="3" bw="0" slack="2147483647"/>
</pin_list>
<bind>
<opcode="write(1151) " fcode="write"/>
<opset="write_ln616/2 "/>
</bind>
</comp>

<comp id="251" class="1004" name="write_ln617_write_fu_251">
<pin_list>
<pin id="252" dir="0" index="0" bw="0" slack="0"/>
<pin id="253" dir="0" index="1" bw="128" slack="0"/>
<pin id="254" dir="0" index="2" bw="128" slack="0"/>
<pin id="255" dir="1" index="3" bw="0" slack="2147483647"/>
</pin_list>
<bind>
<opcode="write(1151) " fcode="write"/>
<opset="write_ln617/2 "/>
</bind>
</comp>

<comp id="258" class="1004" name="write_ln618_write_fu_258">
<pin_list>
<pin id="259" dir="0" index="0" bw="0" slack="0"/>
<pin id="260" dir="0" index="1" bw="128" slack="0"/>
<pin id="261" dir="0" index="2" bw="128" slack="0"/>
<pin id="262" dir="1" index="3" bw="0" slack="2147483647"/>
</pin_list>
<bind>
<opcode="write(1151) " fcode="write"/>
<opset="write_ln618/2 "/>
</bind>
</comp>

<comp id="265" class="1004" name="write_ln619_write_fu_265">
<pin_list>
<pin id="266" dir="0" index="0" bw="0" slack="0"/>
<pin id="267" dir="0" index="1" bw="128" slack="0"/>
<pin id="268" dir="0" index="2" bw="128" slack="0"/>
<pin id="269" dir="1" index="3" bw="0" slack="2147483647"/>
</pin_list>
<bind>
<opcode="write(1151) " fcode="write"/>
<opset="write_ln619/2 "/>
</bind>
</comp>

<comp id="272" class="1004" name="grp_fu_272">
<pin_list>
<pin id="273" dir="0" index="0" bw="32" slack="0"/>
<pin id="274" dir="0" index="1" bw="512" slack="1"/>
<pin id="275" dir="0" index="2" bw="7" slack="0"/>
<pin id="276" dir="0" index="3" bw="7" slack="0"/>
<pin id="277" dir="1" index="4" bw="32" slack="0"/>
</pin_list>
<bind>
<opcode="partselect(1002) " fcode="partselect"/>
<opset="slice_17/2 slice_1/2 "/>
</bind>
</comp>

<comp id="281" class="1004" name="grp_fu_281">
<pin_list>
<pin id="282" dir="0" index="0" bw="32" slack="0"/>
<pin id="283" dir="0" index="1" bw="512" slack="1"/>
<pin id="284" dir="0" index="2" bw="8" slack="0"/>
<pin id="285" dir="0" index="3" bw="8" slack="0"/>
<pin id="286" dir="1" index="4" bw="32" slack="0"/>
</pin_list>
<bind>
<opcode="partselect(1002) " fcode="partselect"/>
<opset="slice_18/2 slice_2/2 "/>
</bind>
</comp>

<comp id="290" class="1004" name="grp_fu_290">
<pin_list>
<pin id="291" dir="0" index="0" bw="32" slack="0"/>
<pin id="292" dir="0" index="1" bw="512" slack="1"/>
<pin id="293" dir="0" index="2" bw="8" slack="0"/>
<pin id="294" dir="0" index="3" bw="8" slack="0"/>
<pin id="295" dir="1" index="4" bw="32" slack="0"/>
</pin_list>
<bind>
<opcode="partselect(1002) " fcode="partselect"/>
<opset="slice_19/2 slice_3/2 "/>
</bind>
</comp>

<comp id="299" class="1004" name="grp_fu_299">
<pin_list>
<pin id="300" dir="0" index="0" bw="32" slack="0"/>
<pin id="301" dir="0" index="1" bw="512" slack="1"/>
<pin id="302" dir="0" index="2" bw="9" slack="0"/>
<pin id="303" dir="0" index="3" bw="9" slack="0"/>
<pin id="304" dir="1" index="4" bw="32" slack="0"/>
</pin_list>
<bind>
<opcode="partselect(1002) " fcode="partselect"/>
<opset="slice_20/2 slice_4/2 "/>
</bind>
</comp>

<comp id="308" class="1004" name="grp_fu_308">
<pin_list>
<pin id="309" dir="0" index="0" bw="32" slack="0"/>
<pin id="310" dir="0" index="1" bw="512" slack="1"/>
<pin id="311" dir="0" index="2" bw="9" slack="0"/>
<pin id="312" dir="0" index="3" bw="9" slack="0"/>
<pin id="313" dir="1" index="4" bw="32" slack="0"/>
</pin_list>
<bind>
<opcode="partselect(1002) " fcode="partselect"/>
<opset="slice_21/2 slice_5/2 "/>
</bind>
</comp>

<comp id="317" class="1004" name="grp_fu_317">
<pin_list>
<pin id="318" dir="0" index="0" bw="32" slack="0"/>
<pin id="319" dir="0" index="1" bw="512" slack="1"/>
<pin id="320" dir="0" index="2" bw="9" slack="0"/>
<pin id="321" dir="0" index="3" bw="9" slack="0"/>
<pin id="322" dir="1" index="4" bw="32" slack="0"/>
</pin_list>
<bind>
<opcode="partselect(1002) " fcode="partselect"/>
<opset="slice_22/2 slice_6/2 "/>
</bind>
</comp>

<comp id="326" class="1004" name="grp_fu_326">
<pin_list>
<pin id="327" dir="0" index="0" bw="32" slack="0"/>
<pin id="328" dir="0" index="1" bw="512" slack="1"/>
<pin id="329" dir="0" index="2" bw="9" slack="0"/>
<pin id="330" dir="0" index="3" bw="9" slack="0"/>
<pin id="331" dir="1" index="4" bw="32" slack="0"/>
</pin_list>
<bind>
<opcode="partselect(1002) " fcode="partselect"/>
<opset="slice_23/2 slice_7/2 "/>
</bind>
</comp>

<comp id="335" class="1004" name="grp_fu_335">
<pin_list>
<pin id="336" dir="0" index="0" bw="32" slack="0"/>
<pin id="337" dir="0" index="1" bw="512" slack="1"/>
<pin id="338" dir="0" index="2" bw="10" slack="0"/>
<pin id="339" dir="0" index="3" bw="10" slack="0"/>
<pin id="340" dir="1" index="4" bw="32" slack="0"/>
</pin_list>
<bind>
<opcode="partselect(1002) " fcode="partselect"/>
<opset="slice_24/2 slice_8/2 "/>
</bind>
</comp>

<comp id="344" class="1004" name="grp_fu_344">
<pin_list>
<pin id="345" dir="0" index="0" bw="32" slack="0"/>
<pin id="346" dir="0" index="1" bw="512" slack="1"/>
<pin id="347" dir="0" index="2" bw="10" slack="0"/>
<pin id="348" dir="0" index="3" bw="10" slack="0"/>
<pin id="349" dir="1" index="4" bw="32" slack="0"/>
</pin_list>
<bind>
<opcode="partselect(1002) " fcode="partselect"/>
<opset="slice_25/2 slice_9/2 "/>
</bind>
</comp>

<comp id="353" class="1004" name="grp_fu_353">
<pin_list>
<pin id="354" dir="0" index="0" bw="32" slack="0"/>
<pin id="355" dir="0" index="1" bw="512" slack="1"/>
<pin id="356" dir="0" index="2" bw="10" slack="0"/>
<pin id="357" dir="0" index="3" bw="10" slack="0"/>
<pin id="358" dir="1" index="4" bw="32" slack="0"/>
</pin_list>
<bind>
<opcode="partselect(1002) " fcode="partselect"/>
<opset="slice_26/2 slice_10/2 "/>
</bind>
</comp>

<comp id="362" class="1004" name="grp_fu_362">
<pin_list>
<pin id="363" dir="0" index="0" bw="32" slack="0"/>
<pin id="364" dir="0" index="1" bw="512" slack="1"/>
<pin id="365" dir="0" index="2" bw="10" slack="0"/>
<pin id="366" dir="0" index="3" bw="10" slack="0"/>
<pin id="367" dir="1" index="4" bw="32" slack="0"/>
</pin_list>
<bind>
<opcode="partselect(1002) " fcode="partselect"/>
<opset="slice_27/2 slice_11/2 "/>
</bind>
</comp>

<comp id="371" class="1004" name="grp_fu_371">
<pin_list>
<pin id="372" dir="0" index="0" bw="32" slack="0"/>
<pin id="373" dir="0" index="1" bw="512" slack="1"/>
<pin id="374" dir="0" index="2" bw="10" slack="0"/>
<pin id="375" dir="0" index="3" bw="10" slack="0"/>
<pin id="376" dir="1" index="4" bw="32" slack="0"/>
</pin_list>
<bind>
<opcode="partselect(1002) " fcode="partselect"/>
<opset="slice_28/2 slice_12/2 "/>
</bind>
</comp>

<comp id="380" class="1004" name="grp_fu_380">
<pin_list>
<pin id="381" dir="0" index="0" bw="32" slack="0"/>
<pin id="382" dir="0" index="1" bw="512" slack="1"/>
<pin id="383" dir="0" index="2" bw="10" slack="0"/>
<pin id="384" dir="0" index="3" bw="10" slack="0"/>
<pin id="385" dir="1" index="4" bw="32" slack="0"/>
</pin_list>
<bind>
<opcode="partselect(1002) " fcode="partselect"/>
<opset="slice_29/2 slice_13/2 "/>
</bind>
</comp>

<comp id="389" class="1004" name="grp_fu_389">
<pin_list>
<pin id="390" dir="0" index="0" bw="32" slack="0"/>
<pin id="391" dir="0" index="1" bw="512" slack="1"/>
<pin id="392" dir="0" index="2" bw="10" slack="0"/>
<pin id="393" dir="0" index="3" bw="10" slack="0"/>
<pin id="394" dir="1" index="4" bw="32" slack="0"/>
</pin_list>
<bind>
<opcode="partselect(1002) " fcode="partselect"/>
<opset="slice_30/2 slice_14/2 "/>
</bind>
</comp>

<comp id="398" class="1004" name="grp_fu_398">
<pin_list>
<pin id="399" dir="0" index="0" bw="32" slack="0"/>
<pin id="400" dir="0" index="1" bw="512" slack="1"/>
<pin id="401" dir="0" index="2" bw="10" slack="0"/>
<pin id="402" dir="0" index="3" bw="10" slack="0"/>
<pin id="403" dir="1" index="4" bw="32" slack="0"/>
</pin_list>
<bind>
<opcode="partselect(1002) " fcode="partselect"/>
<opset="slice_31/2 slice_15/2 "/>
</bind>
</comp>

<comp id="407" class="1004" name="store_ln623_store_fu_407">
<pin_list>
<pin id="408" dir="0" index="0" bw="1" slack="0"/>
<pin id="409" dir="0" index="1" bw="3" slack="0"/>
<pin id="410" dir="1" index="2" bw="0" slack="2147483647"/>
</pin_list>
<bind>
<opcode="store(28) " fcode="store"/>
<opset="store_ln623/1 "/>
</bind>
</comp>

<comp id="412" class="1004" name="word_load_fu_412">
<pin_list>
<pin id="413" dir="0" index="0" bw="3" slack="0"/>
<pin id="414" dir="1" index="1" bw="3" slack="0"/>
</pin_list>
<bind>
<opcode="load(27) " fcode="load"/>
<opset="word/1 "/>
</bind>
</comp>

<comp id="415" class="1004" name="icmp_ln729_fu_415">
<pin_list>
<pin id="416" dir="0" index="0" bw="3" slack="0"/>
<pin id="417" dir="0" index="1" bw="3" slack="0"/>
<pin id="418" dir="1" index="2" bw="1" slack="2147483647"/>
</pin_list>
<bind>
<opcode="icmp(45) " fcode="icmp"/>
<opset="icmp_ln729/1 "/>
</bind>
</comp>

<comp id="421" class="1004" name="add_ln730_fu_421">
<pin_list>
<pin id="422" dir="0" index="0" bw="3" slack="0"/>
<pin id="423" dir="0" index="1" bw="1" slack="0"/>
<pin id="424" dir="1" index="2" bw="3" slack="0"/>
</pin_list>
<bind>
<opcode="add(8) " fcode="add"/>
<opset="add_ln730/1 "/>
</bind>
</comp>

<comp id="427" class="1004" name="value_fu_427">
<pin_list>
<pin id="428" dir="0" index="0" bw="512" slack="0"/>
<pin id="429" dir="0" index="1" bw="1" slack="0"/>
<pin id="430" dir="0" index="2" bw="512" slack="0"/>
<pin id="431" dir="0" index="3" bw="1" slack="0"/>
<pin id="432" dir="0" index="4" bw="512" slack="0"/>
<pin id="433" dir="0" index="5" bw="3" slack="0"/>
<pin id="434" dir="0" index="6" bw="512" slack="0"/>
<pin id="435" dir="0" index="7" bw="3" slack="0"/>
<pin id="436" dir="0" index="8" bw="512" slack="0"/>
<pin id="437" dir="0" index="9" bw="3" slack="0"/>
<pin id="438" dir="0" index="10" bw="512" slack="0"/>
<pin id="439" dir="0" index="11" bw="1" slack="0"/>
<pin id="440" dir="0" index="12" bw="3" slack="0"/>
<pin id="441" dir="1" index="13" bw="512" slack="1"/>
</pin_list>
<bind>
<opcode="sparsemux(1197) " fcode="sparsemux"/>
<opset="value/1 "/>
</bind>
</comp>

<comp id="455" class="1004" name="store_ln623_store_fu_455">
<pin_list>
<pin id="456" dir="0" index="0" bw="3" slack="0"/>
<pin id="457" dir="0" index="1" bw="3" slack="0"/>
<pin id="458" dir="1" index="2" bw="0" slack="2147483647"/>
</pin_list>
<bind>
<opcode="store(28) " fcode="store"/>
<opset="store_ln623/1 "/>
</bind>
</comp>

<comp id="460" class="1004" name="slice_16_fu_460">
<pin_list>
<pin id="461" dir="0" index="0" bw="512" slack="1"/>
<pin id="462" dir="1" index="1" bw="32" slack="0"/>
</pin_list>
<bind>
<opcode="trunc(33) " fcode="trunc"/>
<opset="slice_16/2 "/>
</bind>
</comp>

<comp id="463" class="1004" name="engine0_1_fu_463">
<pin_list>
<pin id="464" dir="0" index="0" bw="128" slack="0"/>
<pin id="465" dir="0" index="1" bw="32" slack="0"/>
<pin id="466" dir="0" index="2" bw="32" slack="0"/>
<pin id="467" dir="0" index="3" bw="32" slack="0"/>
<pin id="468" dir="0" index="4" bw="32" slack="0"/>
<pin id="469" dir="1" index="5" bw="128" slack="0"/>
</pin_list>
<bind>
<opcode="bitconcatenate(1004) " fcode="bitconcatenate"/>
<opset="engine0_1/2 "/>
</bind>
</comp>

<comp id="476" class="1004" name="engine1_1_fu_476">
<pin_list>
<pin id="477" dir="0" index="0" bw="128" slack="0"/>
<pin id="478" dir="0" index="1" bw="32" slack="0"/>
<pin id="479" dir="0" index="2" bw="32" slack="0"/>
<pin id="480" dir="0" index="3" bw="32" slack="0"/>
<pin id="481" dir="0" index="4" bw="32" slack="0"/>
<pin id="482" dir="1" index="5" bw="128" slack="0"/>
</pin_list>
<bind>
<opcode="bitconcatenate(1004) " fcode="bitconcatenate"/>
<opset="engine1_1/2 "/>
</bind>
</comp>

<comp id="489" class="1004" name="engine2_1_fu_489">
<pin_list>
<pin id="490" dir="0" index="0" bw="128" slack="0"/>
<pin id="491" dir="0" index="1" bw="32" slack="0"/>
<pin id="492" dir="0" index="2" bw="32" slack="0"/>
<pin id="493" dir="0" index="3" bw="32" slack="0"/>
<pin id="494" dir="0" index="4" bw="32" slack="0"/>
<pin id="495" dir="1" index="5" bw="128" slack="0"/>
</pin_list>
<bind>
<opcode="bitconcatenate(1004) " fcode="bitconcatenate"/>
<opset="engine2_1/2 "/>
</bind>
</comp>

<comp id="502" class="1004" name="engine3_1_fu_502">
<pin_list>
<pin id="503" dir="0" index="0" bw="128" slack="0"/>
<pin id="504" dir="0" index="1" bw="32" slack="0"/>
<pin id="505" dir="0" index="2" bw="32" slack="0"/>
<pin id="506" dir="0" index="3" bw="32" slack="0"/>
<pin id="507" dir="0" index="4" bw="32" slack="0"/>
<pin id="508" dir="1" index="5" bw="128" slack="0"/>
</pin_list>
<bind>
<opcode="bitconcatenate(1004) " fcode="bitconcatenate"/>
<opset="engine3_1/2 "/>
</bind>
</comp>

<comp id="515" class="1004" name="metadata_fu_515">
<pin_list>
<pin id="516" dir="0" index="0" bw="512" slack="1"/>
<pin id="517" dir="1" index="1" bw="40" slack="0"/>
</pin_list>
<bind>
<opcode="trunc(33) " fcode="trunc"/>
<opset="metadata/2 "/>
</bind>
</comp>

<comp id="520" class="1004" name="slice_fu_520">
<pin_list>
<pin id="521" dir="0" index="0" bw="512" slack="1"/>
<pin id="522" dir="1" index="1" bw="32" slack="0"/>
</pin_list>
<bind>
<opcode="trunc(33) " fcode="trunc"/>
<opset="slice/2 "/>
</bind>
</comp>

<comp id="523" class="1004" name="engine0_fu_523">
<pin_list>
<pin id="524" dir="0" index="0" bw="128" slack="0"/>
<pin id="525" dir="0" index="1" bw="32" slack="0"/>
<pin id="526" dir="0" index="2" bw="32" slack="0"/>
<pin id="527" dir="0" index="3" bw="32" slack="0"/>
<pin id="528" dir="0" index="4" bw="32" slack="0"/>
<pin id="529" dir="1" index="5" bw="128" slack="0"/>
</pin_list>
<bind>
<opcode="bitconcatenate(1004) " fcode="bitconcatenate"/>
<opset="engine0/2 "/>
</bind>
</comp>

<comp id="536" class="1004" name="engine1_fu_536">
<pin_list>
<pin id="537" dir="0" index="0" bw="128" slack="0"/>
<pin id="538" dir="0" index="1" bw="32" slack="0"/>
<pin id="539" dir="0" index="2" bw="32" slack="0"/>
<pin id="540" dir="0" index="3" bw="32" slack="0"/>
<pin id="541" dir="0" index="4" bw="32" slack="0"/>
<pin id="542" dir="1" index="5" bw="128" slack="0"/>
</pin_list>
<bind>
<opcode="bitconcatenate(1004) " fcode="bitconcatenate"/>
<opset="engine1/2 "/>
</bind>
</comp>

<comp id="549" class="1004" name="engine2_fu_549">
<pin_list>
<pin id="550" dir="0" index="0" bw="128" slack="0"/>
<pin id="551" dir="0" index="1" bw="32" slack="0"/>
<pin id="552" dir="0" index="2" bw="32" slack="0"/>
<pin id="553" dir="0" index="3" bw="32" slack="0"/>
<pin id="554" dir="0" index="4" bw="32" slack="0"/>
<pin id="555" dir="1" index="5" bw="128" slack="0"/>
</pin_list>
<bind>
<opcode="bitconcatenate(1004) " fcode="bitconcatenate"/>
<opset="engine2/2 "/>
</bind>
</comp>

<comp id="562" class="1004" name="engine3_fu_562">
<pin_list>
<pin id="563" dir="0" index="0" bw="128" slack="0"/>
<pin id="564" dir="0" index="1" bw="32" slack="0"/>
<pin id="565" dir="0" index="2" bw="32" slack="0"/>
<pin id="566" dir="0" index="3" bw="32" slack="0"/>
<pin id="567" dir="0" index="4" bw="32" slack="0"/>
<pin id="568" dir="1" index="5" bw="128" slack="0"/>
</pin_list>
<bind>
<opcode="bitconcatenate(1004) " fcode="bitconcatenate"/>
<opset="engine3/2 "/>
</bind>
</comp>

<comp id="575" class="1005" name="word_5_reg_575">
<pin_list>
<pin id="576" dir="0" index="0" bw="3" slack="0"/>
<pin id="577" dir="1" index="1" bw="3" slack="0"/>
</pin_list>
<bind>
<opset="word_5 "/>
</bind>
</comp>

<comp id="582" class="1005" name="word_reg_582">
<pin_list>
<pin id="583" dir="0" index="0" bw="3" slack="1"/>
<pin id="584" dir="1" index="1" bw="3" slack="2147483647"/>
</pin_list>
<bind>
<opset="word "/>
</bind>
</comp>

<comp id="589" class="1005" name="value_reg_589">
<pin_list>
<pin id="590" dir="0" index="0" bw="512" slack="1"/>
<pin id="591" dir="1" index="1" bw="512" slack="1"/>
</pin_list>
<bind>
<opset="value "/>
</bind>
</comp>

</comp_list>

<net_list>
<net id="157"><net_src comp="34" pin="0"/><net_sink comp="154" pin=0"/></net>

<net id="162"><net_src comp="56" pin="0"/><net_sink comp="158" pin=0"/></net>

<net id="163"><net_src comp="12" pin="0"/><net_sink comp="158" pin=1"/></net>

<net id="168"><net_src comp="56" pin="0"/><net_sink comp="164" pin=0"/></net>

<net id="169"><net_src comp="10" pin="0"/><net_sink comp="164" pin=1"/></net>

<net id="174"><net_src comp="56" pin="0"/><net_sink comp="170" pin=0"/></net>

<net id="175"><net_src comp="8" pin="0"/><net_sink comp="170" pin=1"/></net>

<net id="180"><net_src comp="56" pin="0"/><net_sink comp="176" pin=0"/></net>

<net id="181"><net_src comp="6" pin="0"/><net_sink comp="176" pin=1"/></net>

<net id="186"><net_src comp="56" pin="0"/><net_sink comp="182" pin=0"/></net>

<net id="187"><net_src comp="4" pin="0"/><net_sink comp="182" pin=1"/></net>

<net id="193"><net_src comp="148" pin="0"/><net_sink comp="188" pin=0"/></net>

<net id="194"><net_src comp="18" pin="0"/><net_sink comp="188" pin=1"/></net>

<net id="200"><net_src comp="148" pin="0"/><net_sink comp="195" pin=0"/></net>

<net id="201"><net_src comp="20" pin="0"/><net_sink comp="195" pin=1"/></net>

<net id="207"><net_src comp="148" pin="0"/><net_sink comp="202" pin=0"/></net>

<net id="208"><net_src comp="22" pin="0"/><net_sink comp="202" pin=1"/></net>

<net id="214"><net_src comp="148" pin="0"/><net_sink comp="209" pin=0"/></net>

<net id="215"><net_src comp="24" pin="0"/><net_sink comp="209" pin=1"/></net>

<net id="221"><net_src comp="150" pin="0"/><net_sink comp="216" pin=0"/></net>

<net id="222"><net_src comp="16" pin="0"/><net_sink comp="216" pin=1"/></net>

<net id="228"><net_src comp="150" pin="0"/><net_sink comp="223" pin=0"/></net>

<net id="229"><net_src comp="14" pin="0"/><net_sink comp="223" pin=1"/></net>

<net id="235"><net_src comp="152" pin="0"/><net_sink comp="230" pin=0"/></net>

<net id="236"><net_src comp="0" pin="0"/><net_sink comp="230" pin=1"/></net>

<net id="242"><net_src comp="152" pin="0"/><net_sink comp="237" pin=0"/></net>

<net id="243"><net_src comp="2" pin="0"/><net_sink comp="237" pin=1"/></net>

<net id="249"><net_src comp="148" pin="0"/><net_sink comp="244" pin=0"/></net>

<net id="250"><net_src comp="26" pin="0"/><net_sink comp="244" pin=1"/></net>

<net id="256"><net_src comp="148" pin="0"/><net_sink comp="251" pin=0"/></net>

<net id="257"><net_src comp="28" pin="0"/><net_sink comp="251" pin=1"/></net>

<net id="263"><net_src comp="148" pin="0"/><net_sink comp="258" pin=0"/></net>

<net id="264"><net_src comp="30" pin="0"/><net_sink comp="258" pin=1"/></net>

<net id="270"><net_src comp="148" pin="0"/><net_sink comp="265" pin=0"/></net>

<net id="271"><net_src comp="32" pin="0"/><net_sink comp="265" pin=1"/></net>

<net id="278"><net_src comp="84" pin="0"/><net_sink comp="272" pin=0"/></net>

<net id="279"><net_src comp="86" pin="0"/><net_sink comp="272" pin=2"/></net>

<net id="280"><net_src comp="88" pin="0"/><net_sink comp="272" pin=3"/></net>

<net id="287"><net_src comp="84" pin="0"/><net_sink comp="281" pin=0"/></net>

<net id="288"><net_src comp="90" pin="0"/><net_sink comp="281" pin=2"/></net>

<net id="289"><net_src comp="92" pin="0"/><net_sink comp="281" pin=3"/></net>

<net id="296"><net_src comp="84" pin="0"/><net_sink comp="290" pin=0"/></net>

<net id="297"><net_src comp="94" pin="0"/><net_sink comp="290" pin=2"/></net>

<net id="298"><net_src comp="96" pin="0"/><net_sink comp="290" pin=3"/></net>

<net id="305"><net_src comp="84" pin="0"/><net_sink comp="299" pin=0"/></net>

<net id="306"><net_src comp="98" pin="0"/><net_sink comp="299" pin=2"/></net>

<net id="307"><net_src comp="100" pin="0"/><net_sink comp="299" pin=3"/></net>

<net id="314"><net_src comp="84" pin="0"/><net_sink comp="308" pin=0"/></net>

<net id="315"><net_src comp="102" pin="0"/><net_sink comp="308" pin=2"/></net>

<net id="316"><net_src comp="104" pin="0"/><net_sink comp="308" pin=3"/></net>

<net id="323"><net_src comp="84" pin="0"/><net_sink comp="317" pin=0"/></net>

<net id="324"><net_src comp="106" pin="0"/><net_sink comp="317" pin=2"/></net>

<net id="325"><net_src comp="108" pin="0"/><net_sink comp="317" pin=3"/></net>

<net id="332"><net_src comp="84" pin="0"/><net_sink comp="326" pin=0"/></net>

<net id="333"><net_src comp="110" pin="0"/><net_sink comp="326" pin=2"/></net>

<net id="334"><net_src comp="112" pin="0"/><net_sink comp="326" pin=3"/></net>

<net id="341"><net_src comp="84" pin="0"/><net_sink comp="335" pin=0"/></net>

<net id="342"><net_src comp="114" pin="0"/><net_sink comp="335" pin=2"/></net>

<net id="343"><net_src comp="116" pin="0"/><net_sink comp="335" pin=3"/></net>

<net id="350"><net_src comp="84" pin="0"/><net_sink comp="344" pin=0"/></net>

<net id="351"><net_src comp="118" pin="0"/><net_sink comp="344" pin=2"/></net>

<net id="352"><net_src comp="120" pin="0"/><net_sink comp="344" pin=3"/></net>

<net id="359"><net_src comp="84" pin="0"/><net_sink comp="353" pin=0"/></net>

<net id="360"><net_src comp="122" pin="0"/><net_sink comp="353" pin=2"/></net>

<net id="361"><net_src comp="124" pin="0"/><net_sink comp="353" pin=3"/></net>

<net id="368"><net_src comp="84" pin="0"/><net_sink comp="362" pin=0"/></net>

<net id="369"><net_src comp="126" pin="0"/><net_sink comp="362" pin=2"/></net>

<net id="370"><net_src comp="128" pin="0"/><net_sink comp="362" pin=3"/></net>

<net id="377"><net_src comp="84" pin="0"/><net_sink comp="371" pin=0"/></net>

<net id="378"><net_src comp="130" pin="0"/><net_sink comp="371" pin=2"/></net>

<net id="379"><net_src comp="132" pin="0"/><net_sink comp="371" pin=3"/></net>

<net id="386"><net_src comp="84" pin="0"/><net_sink comp="380" pin=0"/></net>

<net id="387"><net_src comp="136" pin="0"/><net_sink comp="380" pin=2"/></net>

<net id="388"><net_src comp="138" pin="0"/><net_sink comp="380" pin=3"/></net>

<net id="395"><net_src comp="84" pin="0"/><net_sink comp="389" pin=0"/></net>

<net id="396"><net_src comp="140" pin="0"/><net_sink comp="389" pin=2"/></net>

<net id="397"><net_src comp="142" pin="0"/><net_sink comp="389" pin=3"/></net>

<net id="404"><net_src comp="84" pin="0"/><net_sink comp="398" pin=0"/></net>

<net id="405"><net_src comp="144" pin="0"/><net_sink comp="398" pin=2"/></net>

<net id="406"><net_src comp="146" pin="0"/><net_sink comp="398" pin=3"/></net>

<net id="411"><net_src comp="58" pin="0"/><net_sink comp="407" pin=0"/></net>

<net id="419"><net_src comp="412" pin="1"/><net_sink comp="415" pin=0"/></net>

<net id="420"><net_src comp="60" pin="0"/><net_sink comp="415" pin=1"/></net>

<net id="425"><net_src comp="412" pin="1"/><net_sink comp="421" pin=0"/></net>

<net id="426"><net_src comp="62" pin="0"/><net_sink comp="421" pin=1"/></net>

<net id="442"><net_src comp="74" pin="0"/><net_sink comp="427" pin=0"/></net>

<net id="443"><net_src comp="58" pin="0"/><net_sink comp="427" pin=1"/></net>

<net id="444"><net_src comp="182" pin="2"/><net_sink comp="427" pin=2"/></net>

<net id="445"><net_src comp="62" pin="0"/><net_sink comp="427" pin=3"/></net>

<net id="446"><net_src comp="176" pin="2"/><net_sink comp="427" pin=4"/></net>

<net id="447"><net_src comp="76" pin="0"/><net_sink comp="427" pin=5"/></net>

<net id="448"><net_src comp="170" pin="2"/><net_sink comp="427" pin=6"/></net>

<net id="449"><net_src comp="78" pin="0"/><net_sink comp="427" pin=7"/></net>

<net id="450"><net_src comp="164" pin="2"/><net_sink comp="427" pin=8"/></net>

<net id="451"><net_src comp="80" pin="0"/><net_sink comp="427" pin=9"/></net>

<net id="452"><net_src comp="158" pin="2"/><net_sink comp="427" pin=10"/></net>

<net id="453"><net_src comp="82" pin="0"/><net_sink comp="427" pin=11"/></net>

<net id="454"><net_src comp="412" pin="1"/><net_sink comp="427" pin=12"/></net>

<net id="459"><net_src comp="421" pin="2"/><net_sink comp="455" pin=0"/></net>

<net id="470"><net_src comp="134" pin="0"/><net_sink comp="463" pin=0"/></net>

<net id="471"><net_src comp="371" pin="4"/><net_sink comp="463" pin=1"/></net>

<net id="472"><net_src comp="335" pin="4"/><net_sink comp="463" pin=2"/></net>

<net id="473"><net_src comp="299" pin="4"/><net_sink comp="463" pin=3"/></net>

<net id="474"><net_src comp="460" pin="1"/><net_sink comp="463" pin=4"/></net>

<net id="475"><net_src comp="463" pin="5"/><net_sink comp="188" pin=2"/></net>

<net id="483"><net_src comp="134" pin="0"/><net_sink comp="476" pin=0"/></net>

<net id="484"><net_src comp="380" pin="4"/><net_sink comp="476" pin=1"/></net>

<net id="485"><net_src comp="344" pin="4"/><net_sink comp="476" pin=2"/></net>

<net id="486"><net_src comp="308" pin="4"/><net_sink comp="476" pin=3"/></net>

<net id="487"><net_src comp="272" pin="4"/><net_sink comp="476" pin=4"/></net>

<net id="488"><net_src comp="476" pin="5"/><net_sink comp="195" pin=2"/></net>

<net id="496"><net_src comp="134" pin="0"/><net_sink comp="489" pin=0"/></net>

<net id="497"><net_src comp="389" pin="4"/><net_sink comp="489" pin=1"/></net>

<net id="498"><net_src comp="353" pin="4"/><net_sink comp="489" pin=2"/></net>

<net id="499"><net_src comp="317" pin="4"/><net_sink comp="489" pin=3"/></net>

<net id="500"><net_src comp="281" pin="4"/><net_sink comp="489" pin=4"/></net>

<net id="501"><net_src comp="489" pin="5"/><net_sink comp="202" pin=2"/></net>

<net id="509"><net_src comp="134" pin="0"/><net_sink comp="502" pin=0"/></net>

<net id="510"><net_src comp="398" pin="4"/><net_sink comp="502" pin=1"/></net>

<net id="511"><net_src comp="362" pin="4"/><net_sink comp="502" pin=2"/></net>

<net id="512"><net_src comp="326" pin="4"/><net_sink comp="502" pin=3"/></net>

<net id="513"><net_src comp="290" pin="4"/><net_sink comp="502" pin=4"/></net>

<net id="514"><net_src comp="502" pin="5"/><net_sink comp="209" pin=2"/></net>

<net id="518"><net_src comp="515" pin="1"/><net_sink comp="230" pin=2"/></net>

<net id="519"><net_src comp="515" pin="1"/><net_sink comp="237" pin=2"/></net>

<net id="530"><net_src comp="134" pin="0"/><net_sink comp="523" pin=0"/></net>

<net id="531"><net_src comp="371" pin="4"/><net_sink comp="523" pin=1"/></net>

<net id="532"><net_src comp="335" pin="4"/><net_sink comp="523" pin=2"/></net>

<net id="533"><net_src comp="299" pin="4"/><net_sink comp="523" pin=3"/></net>

<net id="534"><net_src comp="520" pin="1"/><net_sink comp="523" pin=4"/></net>

<net id="535"><net_src comp="523" pin="5"/><net_sink comp="244" pin=2"/></net>

<net id="543"><net_src comp="134" pin="0"/><net_sink comp="536" pin=0"/></net>

<net id="544"><net_src comp="380" pin="4"/><net_sink comp="536" pin=1"/></net>

<net id="545"><net_src comp="344" pin="4"/><net_sink comp="536" pin=2"/></net>

<net id="546"><net_src comp="308" pin="4"/><net_sink comp="536" pin=3"/></net>

<net id="547"><net_src comp="272" pin="4"/><net_sink comp="536" pin=4"/></net>

<net id="548"><net_src comp="536" pin="5"/><net_sink comp="251" pin=2"/></net>

<net id="556"><net_src comp="134" pin="0"/><net_sink comp="549" pin=0"/></net>

<net id="557"><net_src comp="389" pin="4"/><net_sink comp="549" pin=1"/></net>

<net id="558"><net_src comp="353" pin="4"/><net_sink comp="549" pin=2"/></net>

<net id="559"><net_src comp="317" pin="4"/><net_sink comp="549" pin=3"/></net>

<net id="560"><net_src comp="281" pin="4"/><net_sink comp="549" pin=4"/></net>

<net id="561"><net_src comp="549" pin="5"/><net_sink comp="258" pin=2"/></net>

<net id="569"><net_src comp="134" pin="0"/><net_sink comp="562" pin=0"/></net>

<net id="570"><net_src comp="398" pin="4"/><net_sink comp="562" pin=1"/></net>

<net id="571"><net_src comp="362" pin="4"/><net_sink comp="562" pin=2"/></net>

<net id="572"><net_src comp="326" pin="4"/><net_sink comp="562" pin=3"/></net>

<net id="573"><net_src comp="290" pin="4"/><net_sink comp="562" pin=4"/></net>

<net id="574"><net_src comp="562" pin="5"/><net_sink comp="265" pin=2"/></net>

<net id="578"><net_src comp="154" pin="1"/><net_sink comp="575" pin=0"/></net>

<net id="579"><net_src comp="575" pin="1"/><net_sink comp="407" pin=1"/></net>

<net id="580"><net_src comp="575" pin="1"/><net_sink comp="412" pin=0"/></net>

<net id="581"><net_src comp="575" pin="1"/><net_sink comp="455" pin=1"/></net>

<net id="585"><net_src comp="412" pin="1"/><net_sink comp="582" pin=0"/></net>

<net id="592"><net_src comp="427" pin="13"/><net_sink comp="589" pin=0"/></net>

<net id="593"><net_src comp="589" pin="1"/><net_sink comp="460" pin=0"/></net>

<net id="594"><net_src comp="589" pin="1"/><net_sink comp="272" pin=1"/></net>

<net id="595"><net_src comp="589" pin="1"/><net_sink comp="281" pin=1"/></net>

<net id="596"><net_src comp="589" pin="1"/><net_sink comp="290" pin=1"/></net>

<net id="597"><net_src comp="589" pin="1"/><net_sink comp="299" pin=1"/></net>

<net id="598"><net_src comp="589" pin="1"/><net_sink comp="308" pin=1"/></net>

<net id="599"><net_src comp="589" pin="1"/><net_sink comp="317" pin=1"/></net>

<net id="600"><net_src comp="589" pin="1"/><net_sink comp="326" pin=1"/></net>

<net id="601"><net_src comp="589" pin="1"/><net_sink comp="335" pin=1"/></net>

<net id="602"><net_src comp="589" pin="1"/><net_sink comp="344" pin=1"/></net>

<net id="603"><net_src comp="589" pin="1"/><net_sink comp="353" pin=1"/></net>

<net id="604"><net_src comp="589" pin="1"/><net_sink comp="362" pin=1"/></net>

<net id="605"><net_src comp="589" pin="1"/><net_sink comp="371" pin=1"/></net>

<net id="606"><net_src comp="589" pin="1"/><net_sink comp="380" pin=1"/></net>

<net id="607"><net_src comp="589" pin="1"/><net_sink comp="389" pin=1"/></net>

<net id="608"><net_src comp="589" pin="1"/><net_sink comp="398" pin=1"/></net>

<net id="609"><net_src comp="589" pin="1"/><net_sink comp="216" pin=2"/></net>

<net id="610"><net_src comp="589" pin="1"/><net_sink comp="223" pin=2"/></net>

<net id="611"><net_src comp="589" pin="1"/><net_sink comp="515" pin=0"/></net>

<net id="612"><net_src comp="589" pin="1"/><net_sink comp="520" pin=0"/></net>

</net_list>

</model> 
---------------- Datapath Model END ------------------

* FSMD analyzer results:
  - Output states:
	Port: key_metadata_stream | {2 }
	Port: value_metadata_stream | {2 }
	Port: key0_stream | {2 }
	Port: key1_stream | {2 }
	Port: value0_engine0_stream | {2 }
	Port: value0_engine1_stream | {2 }
	Port: value0_engine2_stream | {2 }
	Port: value0_engine3_stream | {2 }
	Port: value1_engine0_stream | {2 }
	Port: value1_engine1_stream | {2 }
	Port: value1_engine2_stream | {2 }
	Port: value1_engine3_stream | {2 }
 - Input state : 
	Port: swiftkv_route_compressed_kv_cache_Pipeline_stream_current_compressed_kv_loop : current_record_0_val_load | {1 }
	Port: swiftkv_route_compressed_kv_cache_Pipeline_stream_current_compressed_kv_loop : current_record_1_val_load | {1 }
	Port: swiftkv_route_compressed_kv_cache_Pipeline_stream_current_compressed_kv_loop : current_record_2_val_load | {1 }
	Port: swiftkv_route_compressed_kv_cache_Pipeline_stream_current_compressed_kv_loop : current_record_3_val_load | {1 }
	Port: swiftkv_route_compressed_kv_cache_Pipeline_stream_current_compressed_kv_loop : current_record_4_val_load | {1 }
  - Chain level:
	State 1
		store_ln623 : 1
		word : 1
		icmp_ln729 : 2
		add_ln730 : 2
		br_ln728 : 3
		value : 2
		switch_ln639 : 2
		store_ln623 : 3
	State 2
		engine0_1 : 1
		engine1_1 : 1
		engine2_1 : 1
		engine3_1 : 1
		write_ln616 : 2
		write_ln617 : 2
		write_ln618 : 2
		write_ln619 : 2
		write_ln641 : 1
		write_ln642 : 1
		engine0 : 1
		engine1 : 1
		engine2 : 1
		engine3 : 1
		write_ln616 : 2
		write_ln617 : 2
		write_ln618 : 2
		write_ln619 : 2


============================================================
+ Verbose Summary: Datapath Resource usage 
============================================================

* Functional unit list:
|----------|--------------------------------------------|---------|---------|
| Operation|               Functional Unit              |    FF   |   LUT   |
|----------|--------------------------------------------|---------|---------|
| sparsemux|                value_fu_427                |    0    |    26   |
|----------|--------------------------------------------|---------|---------|
|   icmp   |              icmp_ln729_fu_415             |    0    |    10   |
|----------|--------------------------------------------|---------|---------|
|    add   |              add_ln730_fu_421              |    0    |    10   |
|----------|--------------------------------------------|---------|---------|
|          | current_record_4_val_load_read_read_fu_158 |    0    |    0    |
|          | current_record_3_val_load_read_read_fu_164 |    0    |    0    |
|   read   | current_record_2_val_load_read_read_fu_170 |    0    |    0    |
|          | current_record_1_val_load_read_read_fu_176 |    0    |    0    |
|          | current_record_0_val_load_read_read_fu_182 |    0    |    0    |
|----------|--------------------------------------------|---------|---------|
|          |          write_ln616_write_fu_188          |    0    |    0    |
|          |          write_ln617_write_fu_195          |    0    |    0    |
|          |          write_ln618_write_fu_202          |    0    |    0    |
|          |          write_ln619_write_fu_209          |    0    |    0    |
|          |          write_ln646_write_fu_216          |    0    |    0    |
|   write  |          write_ln644_write_fu_223          |    0    |    0    |
|          |          write_ln641_write_fu_230          |    0    |    0    |
|          |          write_ln642_write_fu_237          |    0    |    0    |
|          |          write_ln616_write_fu_244          |    0    |    0    |
|          |          write_ln617_write_fu_251          |    0    |    0    |
|          |          write_ln618_write_fu_258          |    0    |    0    |
|          |          write_ln619_write_fu_265          |    0    |    0    |
|----------|--------------------------------------------|---------|---------|
|          |                 grp_fu_272                 |    0    |    0    |
|          |                 grp_fu_281                 |    0    |    0    |
|          |                 grp_fu_290                 |    0    |    0    |
|          |                 grp_fu_299                 |    0    |    0    |
|          |                 grp_fu_308                 |    0    |    0    |
|          |                 grp_fu_317                 |    0    |    0    |
|          |                 grp_fu_326                 |    0    |    0    |
|partselect|                 grp_fu_335                 |    0    |    0    |
|          |                 grp_fu_344                 |    0    |    0    |
|          |                 grp_fu_353                 |    0    |    0    |
|          |                 grp_fu_362                 |    0    |    0    |
|          |                 grp_fu_371                 |    0    |    0    |
|          |                 grp_fu_380                 |    0    |    0    |
|          |                 grp_fu_389                 |    0    |    0    |
|          |                 grp_fu_398                 |    0    |    0    |
|----------|--------------------------------------------|---------|---------|
|          |               slice_16_fu_460              |    0    |    0    |
|   trunc  |               metadata_fu_515              |    0    |    0    |
|          |                slice_fu_520                |    0    |    0    |
|----------|--------------------------------------------|---------|---------|
|          |              engine0_1_fu_463              |    0    |    0    |
|          |              engine1_1_fu_476              |    0    |    0    |
|          |              engine2_1_fu_489              |    0    |    0    |
|bitconcatenate|              engine3_1_fu_502              |    0    |    0    |
|          |               engine0_fu_523               |    0    |    0    |
|          |               engine1_fu_536               |    0    |    0    |
|          |               engine2_fu_549               |    0    |    0    |
|          |               engine3_fu_562               |    0    |    0    |
|----------|--------------------------------------------|---------|---------|
|   Total  |                                            |    0    |    46   |
|----------|--------------------------------------------|---------|---------|

Memories:
N/A

* Register list:
+--------------+--------+
|              |   FF   |
+--------------+--------+
| value_reg_589|   512  |
|word_5_reg_575|    3   |
| word_reg_582 |    3   |
+--------------+--------+
|     Total    |   518  |
+--------------+--------+

* Multiplexer (MUX) list: 
|--------|------|------|------|--------|
|  Comp  |  Pin | Size |  BW  | S x BW |
|--------|------|------|------|--------|
|  Total |      |      |      |    0   |
|--------|------|------|------|--------|



* Summary:
+-----------+--------+--------+
|           |   FF   |   LUT  |
+-----------+--------+--------+
|  Function |    0   |   46   |
|   Memory  |    -   |    -   |
|Multiplexer|    -   |    -   |
|  Register |   518  |    -   |
+-----------+--------+--------+
|   Total   |   518  |   46   |
+-----------+--------+--------+
