

================================================================
== Vitis HLS Report for 'swiftkv_run_four_pes'
================================================================
* Date:           Tue Aug 11 09:17:02 2026

* Version:        2023.2 (Build 4023990 on Oct 11 2023)
* Project:        proj_int4_decoder_xo
* Solution:       solution1 (Vitis Kernel Flow Target)
* Product family: virtexuplus
* Target device:  xcu250-figd2104-2L-e


================================================================
== Performance Estimates
================================================================
+ Timing: 
    * Summary: 
    +--------+---------+----------+------------+
    |  Clock |  Target | Estimated| Uncertainty|
    +--------+---------+----------+------------+
    |ap_clk  |  3.33 ns|  2.793 ns|     0.90 ns|
    +--------+---------+----------+------------+

+ Latency: 
    * Summary: 
    +---------+---------+-----------+----------+------+--------+----------+
    |  Latency (cycles) |  Latency (absolute)  |    Interval   | Pipeline |
    |   min   |   max   |    min    |    max   |  min |   max  |   Type   |
    +---------+---------+-----------+----------+------+--------+----------+
    |     7951|   270031|  26.501 us|  0.900 ms|  7951|  270031|  dataflow|
    +---------+---------+-----------+----------+------+--------+----------+

    + Detail: 
        * Instance: 
        +--------------------------------------------------+----------------------------------+---------+---------+-----------+----------+------+--------+---------+
        |                                                  |                                  |  Latency (cycles) |  Latency (absolute)  |    Interval   | Pipeline|
        |                     Instance                     |              Module              |   min   |   max   |    min    |    max   |  min |   max  |   Type  |
        +--------------------------------------------------+----------------------------------+---------+---------+-----------+----------+------+--------+---------+
        |grp_swiftkv_broadcast_rope_fu_286                 |swiftkv_broadcast_rope            |       66|       66|   0.220 us|  0.220 us|    66|      66|       no|
        |call_ln2229_swiftkv_broadcast_pe_commands_fu_302  |swiftkv_broadcast_pe_commands     |        0|        0|       0 ns|      0 ns|     0|       0|       no|
        |grp_swiftkv_run_pe_0_s_fu_314                     |swiftkv_run_pe_0_s                |     7950|   270030|  26.497 us|  0.900 ms|  7950|  270030|       no|
        |grp_swiftkv_run_pe_1_s_fu_335                     |swiftkv_run_pe_1_s                |     7950|   270030|  26.497 us|  0.900 ms|  7950|  270030|       no|
        |grp_swiftkv_run_pe_2_s_fu_356                     |swiftkv_run_pe_2_s                |     7950|   270030|  26.497 us|  0.900 ms|  7950|  270030|       no|
        |grp_swiftkv_run_pe_3_s_fu_377                     |swiftkv_run_pe_3_s                |     7950|   270030|  26.497 us|  0.900 ms|  7950|  270030|       no|
        |grp_swiftkv_gather_attention_streams_fu_398       |swiftkv_gather_attention_streams  |      131|      131|   0.437 us|  0.437 us|   131|     131|       no|
        +--------------------------------------------------+----------------------------------+---------+---------+-----------+----------+------+--------+---------+

        * Loop: 
        N/A

============================================================
+ Verbose Summary: Synthesis Manager
============================================================
InlineROM: 1
ExposeGlobal: 0
============================================================
+ Verbose Summary: CDFG Model
============================================================
IsTopModel: 0
ResetActiveHigh: 1
IsCombinational: 2
IsDatapathOnly: 0
HasWiredReturn: 1
HasMFsm: 0
HasVarLatency: 1
IsPipeline: 0
IsRtlPipelined: 0
IsInstanceOverlapped: 0
IsDontTouch: 0
HasImplIP: 0
IsGatedGlobalClock: 0


============================================================
+ Verbose Summary: Schedule
============================================================
* Number of FSM states : 6
* Pipeline : 0
* Dataflow Pipeline: 1
  DF-Pipeline-0: Size = 6, States = { 1 2 3 4 5 6 }

* FSM state transitions: 
1 --> 2 
2 --> 3 
3 --> 4 
4 --> 5 
5 --> 6 
6 --> 

* FSM state operations: 

State 1 <SV = 0> <Delay = 0.00>
ST_1 : Operation 7 [1/1] (0.00ns)   --->   "%cos_pe0 = alloca i64 1" [source/swiftkv_attention.cpp:2175]   --->   Operation 7 'alloca' 'cos_pe0' <Predicate = true> <Delay = 0.00> <CoreInst = "FIFO_SRL">   --->   Core 81 'FIFO_SRL' <Latency = 0> <II = 1> <Delay = 1.46> <Storage> <Opcode : 'read' 'write' 'nbread' 'nbwrite'> <Ports = 0> <Width = 19> <Depth = 4> <FIFO>
ST_1 : Operation 8 [1/1] (0.00ns)   --->   "%cos_pe1 = alloca i64 1" [source/swiftkv_attention.cpp:2175]   --->   Operation 8 'alloca' 'cos_pe1' <Predicate = true> <Delay = 0.00> <CoreInst = "FIFO_SRL">   --->   Core 81 'FIFO_SRL' <Latency = 0> <II = 1> <Delay = 1.46> <Storage> <Opcode : 'read' 'write' 'nbread' 'nbwrite'> <Ports = 0> <Width = 19> <Depth = 4> <FIFO>
ST_1 : Operation 9 [1/1] (0.00ns)   --->   "%cos_pe2 = alloca i64 1" [source/swiftkv_attention.cpp:2175]   --->   Operation 9 'alloca' 'cos_pe2' <Predicate = true> <Delay = 0.00> <CoreInst = "FIFO_SRL">   --->   Core 81 'FIFO_SRL' <Latency = 0> <II = 1> <Delay = 1.46> <Storage> <Opcode : 'read' 'write' 'nbread' 'nbwrite'> <Ports = 0> <Width = 19> <Depth = 4> <FIFO>
ST_1 : Operation 10 [1/1] (0.00ns)   --->   "%cos_pe3 = alloca i64 1" [source/swiftkv_attention.cpp:2175]   --->   Operation 10 'alloca' 'cos_pe3' <Predicate = true> <Delay = 0.00> <CoreInst = "FIFO_SRL">   --->   Core 81 'FIFO_SRL' <Latency = 0> <II = 1> <Delay = 1.46> <Storage> <Opcode : 'read' 'write' 'nbread' 'nbwrite'> <Ports = 0> <Width = 19> <Depth = 4> <FIFO>
ST_1 : Operation 11 [1/1] (0.00ns)   --->   "%sin_pe0 = alloca i64 1" [source/swiftkv_attention.cpp:2176]   --->   Operation 11 'alloca' 'sin_pe0' <Predicate = true> <Delay = 0.00> <CoreInst = "FIFO_SRL">   --->   Core 81 'FIFO_SRL' <Latency = 0> <II = 1> <Delay = 1.46> <Storage> <Opcode : 'read' 'write' 'nbread' 'nbwrite'> <Ports = 0> <Width = 19> <Depth = 4> <FIFO>
ST_1 : Operation 12 [1/1] (0.00ns)   --->   "%sin_pe1 = alloca i64 1" [source/swiftkv_attention.cpp:2176]   --->   Operation 12 'alloca' 'sin_pe1' <Predicate = true> <Delay = 0.00> <CoreInst = "FIFO_SRL">   --->   Core 81 'FIFO_SRL' <Latency = 0> <II = 1> <Delay = 1.46> <Storage> <Opcode : 'read' 'write' 'nbread' 'nbwrite'> <Ports = 0> <Width = 19> <Depth = 4> <FIFO>
ST_1 : Operation 13 [1/1] (0.00ns)   --->   "%sin_pe2 = alloca i64 1" [source/swiftkv_attention.cpp:2176]   --->   Operation 13 'alloca' 'sin_pe2' <Predicate = true> <Delay = 0.00> <CoreInst = "FIFO_SRL">   --->   Core 81 'FIFO_SRL' <Latency = 0> <II = 1> <Delay = 1.46> <Storage> <Opcode : 'read' 'write' 'nbread' 'nbwrite'> <Ports = 0> <Width = 19> <Depth = 4> <FIFO>
ST_1 : Operation 14 [1/1] (0.00ns)   --->   "%sin_pe3 = alloca i64 1" [source/swiftkv_attention.cpp:2176]   --->   Operation 14 'alloca' 'sin_pe3' <Predicate = true> <Delay = 0.00> <CoreInst = "FIFO_SRL">   --->   Core 81 'FIFO_SRL' <Latency = 0> <II = 1> <Delay = 1.46> <Storage> <Opcode : 'read' 'write' 'nbread' 'nbwrite'> <Ports = 0> <Width = 19> <Depth = 4> <FIFO>
ST_1 : Operation 15 [1/1] (0.00ns)   --->   "%quantized_pe0 = alloca i64 1" [source/swiftkv_attention.cpp:2177]   --->   Operation 15 'alloca' 'quantized_pe0' <Predicate = true> <Delay = 0.00> <CoreInst = "FIFO_BRAM">   --->   Core 79 'FIFO_BRAM' <Latency = 0> <II = 1> <Delay = 1.42> <Storage> <Opcode : 'read' 'write' 'nbread' 'nbwrite'> <Ports = 0> <Width = 480> <Depth = 4> <FIFO>
ST_1 : Operation 16 [1/1] (0.00ns)   --->   "%quantized_pe1 = alloca i64 1" [source/swiftkv_attention.cpp:2178]   --->   Operation 16 'alloca' 'quantized_pe1' <Predicate = true> <Delay = 0.00> <CoreInst = "FIFO_BRAM">   --->   Core 79 'FIFO_BRAM' <Latency = 0> <II = 1> <Delay = 1.42> <Storage> <Opcode : 'read' 'write' 'nbread' 'nbwrite'> <Ports = 0> <Width = 480> <Depth = 4> <FIFO>
ST_1 : Operation 17 [1/1] (0.00ns)   --->   "%quantized_pe2 = alloca i64 1" [source/swiftkv_attention.cpp:2179]   --->   Operation 17 'alloca' 'quantized_pe2' <Predicate = true> <Delay = 0.00> <CoreInst = "FIFO_BRAM">   --->   Core 79 'FIFO_BRAM' <Latency = 0> <II = 1> <Delay = 1.42> <Storage> <Opcode : 'read' 'write' 'nbread' 'nbwrite'> <Ports = 0> <Width = 480> <Depth = 4> <FIFO>
ST_1 : Operation 18 [1/1] (0.00ns)   --->   "%quantized_pe3 = alloca i64 1" [source/swiftkv_attention.cpp:2180]   --->   Operation 18 'alloca' 'quantized_pe3' <Predicate = true> <Delay = 0.00> <CoreInst = "FIFO_BRAM">   --->   Core 79 'FIFO_BRAM' <Latency = 0> <II = 1> <Delay = 1.42> <Storage> <Opcode : 'read' 'write' 'nbread' 'nbwrite'> <Ports = 0> <Width = 480> <Depth = 4> <FIFO>
ST_1 : Operation 19 [1/1] (0.00ns)   --->   "%scale_pe0 = alloca i64 1" [source/swiftkv_attention.cpp:2181]   --->   Operation 19 'alloca' 'scale_pe0' <Predicate = true> <Delay = 0.00> <CoreInst = "FIFO_SRL">   --->   Core 81 'FIFO_SRL' <Latency = 0> <II = 1> <Delay = 1.46> <Storage> <Opcode : 'read' 'write' 'nbread' 'nbwrite'> <Ports = 0> <Width = 32> <Depth = 4> <FIFO>
ST_1 : Operation 20 [1/1] (0.00ns)   --->   "%scale_pe1 = alloca i64 1" [source/swiftkv_attention.cpp:2181]   --->   Operation 20 'alloca' 'scale_pe1' <Predicate = true> <Delay = 0.00> <CoreInst = "FIFO_SRL">   --->   Core 81 'FIFO_SRL' <Latency = 0> <II = 1> <Delay = 1.46> <Storage> <Opcode : 'read' 'write' 'nbread' 'nbwrite'> <Ports = 0> <Width = 32> <Depth = 4> <FIFO>
ST_1 : Operation 21 [1/1] (0.00ns)   --->   "%scale_pe2 = alloca i64 1" [source/swiftkv_attention.cpp:2181]   --->   Operation 21 'alloca' 'scale_pe2' <Predicate = true> <Delay = 0.00> <CoreInst = "FIFO_SRL">   --->   Core 81 'FIFO_SRL' <Latency = 0> <II = 1> <Delay = 1.46> <Storage> <Opcode : 'read' 'write' 'nbread' 'nbwrite'> <Ports = 0> <Width = 32> <Depth = 4> <FIFO>
ST_1 : Operation 22 [1/1] (0.00ns)   --->   "%scale_pe3 = alloca i64 1" [source/swiftkv_attention.cpp:2181]   --->   Operation 22 'alloca' 'scale_pe3' <Predicate = true> <Delay = 0.00> <CoreInst = "FIFO_SRL">   --->   Core 81 'FIFO_SRL' <Latency = 0> <II = 1> <Delay = 1.46> <Storage> <Opcode : 'read' 'write' 'nbread' 'nbwrite'> <Ports = 0> <Width = 32> <Depth = 4> <FIFO>
ST_1 : Operation 23 [1/1] (0.00ns)   --->   "%swiftkv_command_pe0 = alloca i64 1" [source/swiftkv_attention.cpp:2182]   --->   Operation 23 'alloca' 'swiftkv_command_pe0' <Predicate = true> <Delay = 0.00> <CoreInst = "FIFO_SRL">   --->   Core 81 'FIFO_SRL' <Latency = 0> <II = 1> <Delay = 1.39> <Storage> <Opcode : 'read' 'write' 'nbread' 'nbwrite'> <Ports = 0> <Width = 18> <Depth = 2> <FIFO>
ST_1 : Operation 24 [1/1] (0.00ns)   --->   "%swiftkv_command_pe1 = alloca i64 1" [source/swiftkv_attention.cpp:2183]   --->   Operation 24 'alloca' 'swiftkv_command_pe1' <Predicate = true> <Delay = 0.00> <CoreInst = "FIFO_SRL">   --->   Core 81 'FIFO_SRL' <Latency = 0> <II = 1> <Delay = 1.39> <Storage> <Opcode : 'read' 'write' 'nbread' 'nbwrite'> <Ports = 0> <Width = 18> <Depth = 2> <FIFO>
ST_1 : Operation 25 [1/1] (0.00ns)   --->   "%swiftkv_command_pe2 = alloca i64 1" [source/swiftkv_attention.cpp:2184]   --->   Operation 25 'alloca' 'swiftkv_command_pe2' <Predicate = true> <Delay = 0.00> <CoreInst = "FIFO_SRL">   --->   Core 81 'FIFO_SRL' <Latency = 0> <II = 1> <Delay = 1.39> <Storage> <Opcode : 'read' 'write' 'nbread' 'nbwrite'> <Ports = 0> <Width = 18> <Depth = 2> <FIFO>
ST_1 : Operation 26 [1/1] (0.00ns)   --->   "%swiftkv_command_pe3 = alloca i64 1" [source/swiftkv_attention.cpp:2185]   --->   Operation 26 'alloca' 'swiftkv_command_pe3' <Predicate = true> <Delay = 0.00> <CoreInst = "FIFO_SRL">   --->   Core 81 'FIFO_SRL' <Latency = 0> <II = 1> <Delay = 1.39> <Storage> <Opcode : 'read' 'write' 'nbread' 'nbwrite'> <Ports = 0> <Width = 18> <Depth = 2> <FIFO>
ST_1 : Operation 27 [2/2] (0.00ns)   --->   "%call_ln2234 = call void @swiftkv_broadcast_rope, i19 %current_cos, i19 %current_sin, i19 %cos_pe0, i19 %cos_pe1, i19 %cos_pe2, i19 %cos_pe3, i19 %sin_pe0, i19 %sin_pe1, i19 %sin_pe2, i19 %sin_pe3" [source/swiftkv_attention.cpp:2234]   --->   Operation 27 'call' 'call_ln2234' <Predicate = true> <Delay = 0.00> <CoreType = "Generic">   --->   Core 0 '' <Latency = 0> <II = 1> <Delay = 1.00> <Generic> <Opcode : >

State 2 <SV = 1> <Delay = 1.21>
ST_2 : Operation 28 [1/1] (0.00ns)   --->   "%controller_position_val_read = read i12 @_ssdm_op_Read.ap_auto.i12, i12 %controller_position_val"   --->   Operation 28 'read' 'controller_position_val_read' <Predicate = true> <Delay = 0.00>
ST_2 : Operation 29 [1/1] (0.00ns)   --->   "%controller_layer_index_val_read = read i6 @_ssdm_op_Read.ap_auto.i6, i6 %controller_layer_index_val"   --->   Operation 29 'read' 'controller_layer_index_val_read' <Predicate = true> <Delay = 0.00>
ST_2 : Operation 30 [1/1] (1.21ns)   --->   "%call_ln2229 = call void @swiftkv_broadcast_pe_commands, i18 %swiftkv_command_pe0, i18 %swiftkv_command_pe1, i18 %swiftkv_command_pe2, i18 %swiftkv_command_pe3, i6 %controller_layer_index_val_read, i12 %controller_position_val_read" [source/swiftkv_attention.cpp:2229]   --->   Operation 30 'call' 'call_ln2229' <Predicate = true> <Delay = 1.21> <CoreType = "Generic">   --->   Core 0 '' <Latency = 0> <II = 1> <Delay = 1.00> <Generic> <Opcode : >
ST_2 : Operation 31 [1/2] (0.00ns)   --->   "%call_ln2234 = call void @swiftkv_broadcast_rope, i19 %current_cos, i19 %current_sin, i19 %cos_pe0, i19 %cos_pe1, i19 %cos_pe2, i19 %cos_pe3, i19 %sin_pe0, i19 %sin_pe1, i19 %sin_pe2, i19 %sin_pe3" [source/swiftkv_attention.cpp:2234]   --->   Operation 31 'call' 'call_ln2234' <Predicate = true> <Delay = 0.00> <CoreType = "Generic">   --->   Core 0 '' <Latency = 0> <II = 1> <Delay = 1.00> <Generic> <Opcode : >

State 3 <SV = 2> <Delay = 0.00>
ST_3 : Operation 32 [1/1] (0.00ns)   --->   "%kv_cache_pe3_read = read i64 @_ssdm_op_Read.ap_auto.i64, i64 %kv_cache_pe3"   --->   Operation 32 'read' 'kv_cache_pe3_read' <Predicate = true> <Delay = 0.00>
ST_3 : Operation 33 [1/1] (0.00ns)   --->   "%kv_cache_pe2_read = read i64 @_ssdm_op_Read.ap_auto.i64, i64 %kv_cache_pe2"   --->   Operation 33 'read' 'kv_cache_pe2_read' <Predicate = true> <Delay = 0.00>
ST_3 : Operation 34 [1/1] (0.00ns)   --->   "%kv_cache_pe1_read = read i64 @_ssdm_op_Read.ap_auto.i64, i64 %kv_cache_pe1"   --->   Operation 34 'read' 'kv_cache_pe1_read' <Predicate = true> <Delay = 0.00>
ST_3 : Operation 35 [1/1] (0.00ns)   --->   "%kv_cache_pe0_read = read i64 @_ssdm_op_Read.ap_auto.i64, i64 %kv_cache_pe0"   --->   Operation 35 'read' 'kv_cache_pe0_read' <Predicate = true> <Delay = 0.00>
ST_3 : Operation 36 [2/2] (0.00ns)   --->   "%call_ln2238 = call void @swiftkv_run_pe<0>, i512 %q_pe0, i512 %k_pe0, i512 %v_pe0, i512 %gmem0, i64 %kv_cache_pe0_read, i19 %cos_pe0, i19 %sin_pe0, i480 %quantized_pe0, i32 %scale_pe0, i18 %swiftkv_command_pe0, i32 %SWIFTKV_EXP2_LUT_Q30" [source/swiftkv_attention.cpp:2238]   --->   Operation 36 'call' 'call_ln2238' <Predicate = true> <Delay = 0.00> <CoreType = "Generic">   --->   Core 0 '' <Latency = 0> <II = 1> <Delay = 1.00> <Generic> <Opcode : >
ST_3 : Operation 37 [2/2] (0.00ns)   --->   "%call_ln2243 = call void @swiftkv_run_pe<1>, i512 %q_pe1, i512 %k_pe1, i512 %v_pe1, i512 %gmem1, i64 %kv_cache_pe1_read, i19 %cos_pe1, i19 %sin_pe1, i480 %quantized_pe1, i32 %scale_pe1, i18 %swiftkv_command_pe1, i32 %SWIFTKV_EXP2_LUT_Q30" [source/swiftkv_attention.cpp:2243]   --->   Operation 37 'call' 'call_ln2243' <Predicate = true> <Delay = 0.00> <CoreType = "Generic">   --->   Core 0 '' <Latency = 0> <II = 1> <Delay = 1.00> <Generic> <Opcode : >
ST_3 : Operation 38 [2/2] (0.00ns)   --->   "%call_ln2248 = call void @swiftkv_run_pe<2>, i512 %q_pe2, i512 %k_pe2, i512 %v_pe2, i512 %gmem2, i64 %kv_cache_pe2_read, i19 %cos_pe2, i19 %sin_pe2, i480 %quantized_pe2, i32 %scale_pe2, i18 %swiftkv_command_pe2, i32 %SWIFTKV_EXP2_LUT_Q30" [source/swiftkv_attention.cpp:2248]   --->   Operation 38 'call' 'call_ln2248' <Predicate = true> <Delay = 0.00> <CoreType = "Generic">   --->   Core 0 '' <Latency = 0> <II = 1> <Delay = 1.00> <Generic> <Opcode : >
ST_3 : Operation 39 [2/2] (0.00ns)   --->   "%call_ln2253 = call void @swiftkv_run_pe<3>, i512 %q_pe3, i512 %k_pe3, i512 %v_pe3, i512 %gmem3, i64 %kv_cache_pe3_read, i19 %cos_pe3, i19 %sin_pe3, i480 %quantized_pe3, i32 %scale_pe3, i18 %swiftkv_command_pe3, i32 %SWIFTKV_EXP2_LUT_Q30" [source/swiftkv_attention.cpp:2253]   --->   Operation 39 'call' 'call_ln2253' <Predicate = true> <Delay = 0.00> <CoreType = "Generic">   --->   Core 0 '' <Latency = 0> <II = 1> <Delay = 1.00> <Generic> <Opcode : >

State 4 <SV = 3> <Delay = 0.00>
ST_4 : Operation 40 [1/2] (0.00ns)   --->   "%call_ln2238 = call void @swiftkv_run_pe<0>, i512 %q_pe0, i512 %k_pe0, i512 %v_pe0, i512 %gmem0, i64 %kv_cache_pe0_read, i19 %cos_pe0, i19 %sin_pe0, i480 %quantized_pe0, i32 %scale_pe0, i18 %swiftkv_command_pe0, i32 %SWIFTKV_EXP2_LUT_Q30" [source/swiftkv_attention.cpp:2238]   --->   Operation 40 'call' 'call_ln2238' <Predicate = true> <Delay = 0.00> <CoreType = "Generic">   --->   Core 0 '' <Latency = 0> <II = 1> <Delay = 1.00> <Generic> <Opcode : >
ST_4 : Operation 41 [1/2] (0.00ns)   --->   "%call_ln2243 = call void @swiftkv_run_pe<1>, i512 %q_pe1, i512 %k_pe1, i512 %v_pe1, i512 %gmem1, i64 %kv_cache_pe1_read, i19 %cos_pe1, i19 %sin_pe1, i480 %quantized_pe1, i32 %scale_pe1, i18 %swiftkv_command_pe1, i32 %SWIFTKV_EXP2_LUT_Q30" [source/swiftkv_attention.cpp:2243]   --->   Operation 41 'call' 'call_ln2243' <Predicate = true> <Delay = 0.00> <CoreType = "Generic">   --->   Core 0 '' <Latency = 0> <II = 1> <Delay = 1.00> <Generic> <Opcode : >
ST_4 : Operation 42 [1/2] (0.00ns)   --->   "%call_ln2248 = call void @swiftkv_run_pe<2>, i512 %q_pe2, i512 %k_pe2, i512 %v_pe2, i512 %gmem2, i64 %kv_cache_pe2_read, i19 %cos_pe2, i19 %sin_pe2, i480 %quantized_pe2, i32 %scale_pe2, i18 %swiftkv_command_pe2, i32 %SWIFTKV_EXP2_LUT_Q30" [source/swiftkv_attention.cpp:2248]   --->   Operation 42 'call' 'call_ln2248' <Predicate = true> <Delay = 0.00> <CoreType = "Generic">   --->   Core 0 '' <Latency = 0> <II = 1> <Delay = 1.00> <Generic> <Opcode : >
ST_4 : Operation 43 [1/2] (0.00ns)   --->   "%call_ln2253 = call void @swiftkv_run_pe<3>, i512 %q_pe3, i512 %k_pe3, i512 %v_pe3, i512 %gmem3, i64 %kv_cache_pe3_read, i19 %cos_pe3, i19 %sin_pe3, i480 %quantized_pe3, i32 %scale_pe3, i18 %swiftkv_command_pe3, i32 %SWIFTKV_EXP2_LUT_Q30" [source/swiftkv_attention.cpp:2253]   --->   Operation 43 'call' 'call_ln2253' <Predicate = true> <Delay = 0.00> <CoreType = "Generic">   --->   Core 0 '' <Latency = 0> <II = 1> <Delay = 1.00> <Generic> <Opcode : >

State 5 <SV = 4> <Delay = 0.00>
ST_5 : Operation 44 [2/2] (0.00ns)   --->   "%call_ln2259 = call void @swiftkv_gather_attention_streams, i480 %quantized_pe0, i480 %quantized_pe1, i480 %quantized_pe2, i480 %quantized_pe3, i32 %scale_pe0, i32 %scale_pe1, i32 %scale_pe2, i32 %scale_pe3, i480 %activation_q, i512 %activation_scale" [source/swiftkv_attention.cpp:2259]   --->   Operation 44 'call' 'call_ln2259' <Predicate = true> <Delay = 0.00> <CoreType = "Generic">   --->   Core 0 '' <Latency = 0> <II = 1> <Delay = 1.00> <Generic> <Opcode : >

State 6 <SV = 5> <Delay = 0.00>
ST_6 : Operation 45 [1/1] (0.00ns)   --->   "%specdataflowpipeline_ln0 = specdataflowpipeline void @_ssdm_op_SpecDataflowPipeline, i32 4294967295, i32 1, void @empty_418"   --->   Operation 45 'specdataflowpipeline' 'specdataflowpipeline_ln0' <Predicate = true> <Delay = 0.00>
ST_6 : Operation 46 [1/1] (0.00ns)   --->   "%specmemcore_ln0 = specmemcore void @_ssdm_op_SpecMemCore, i19 %current_sin, i64 666, i64 18, i64 1"   --->   Operation 46 'specmemcore' 'specmemcore_ln0' <Predicate = true> <Delay = 0.00>
ST_6 : Operation 47 [1/1] (0.00ns)   --->   "%specmemcore_ln0 = specmemcore void @_ssdm_op_SpecMemCore, i19 %current_cos, i64 666, i64 18, i64 1"   --->   Operation 47 'specmemcore' 'specmemcore_ln0' <Predicate = true> <Delay = 0.00>
ST_6 : Operation 48 [1/1] (0.00ns)   --->   "%specmemcore_ln0 = specmemcore void @_ssdm_op_SpecMemCore, i512 %activation_scale, i64 666, i64 18, i64 18446744073709551615"   --->   Operation 48 'specmemcore' 'specmemcore_ln0' <Predicate = true> <Delay = 0.00>
ST_6 : Operation 49 [1/1] (0.00ns)   --->   "%specmemcore_ln0 = specmemcore void @_ssdm_op_SpecMemCore, i480 %activation_q, i64 666, i64 18, i64 18446744073709551615"   --->   Operation 49 'specmemcore' 'specmemcore_ln0' <Predicate = true> <Delay = 0.00>
ST_6 : Operation 50 [1/1] (0.00ns)   --->   "%specmemcore_ln0 = specmemcore void @_ssdm_op_SpecMemCore, i512 %v_pe3, i64 666, i64 18, i64 18446744073709551615"   --->   Operation 50 'specmemcore' 'specmemcore_ln0' <Predicate = true> <Delay = 0.00>
ST_6 : Operation 51 [1/1] (0.00ns)   --->   "%specmemcore_ln0 = specmemcore void @_ssdm_op_SpecMemCore, i512 %v_pe2, i64 666, i64 18, i64 18446744073709551615"   --->   Operation 51 'specmemcore' 'specmemcore_ln0' <Predicate = true> <Delay = 0.00>
ST_6 : Operation 52 [1/1] (0.00ns)   --->   "%specmemcore_ln0 = specmemcore void @_ssdm_op_SpecMemCore, i512 %v_pe1, i64 666, i64 18, i64 18446744073709551615"   --->   Operation 52 'specmemcore' 'specmemcore_ln0' <Predicate = true> <Delay = 0.00>
ST_6 : Operation 53 [1/1] (0.00ns)   --->   "%specmemcore_ln0 = specmemcore void @_ssdm_op_SpecMemCore, i512 %v_pe0, i64 666, i64 18, i64 18446744073709551615"   --->   Operation 53 'specmemcore' 'specmemcore_ln0' <Predicate = true> <Delay = 0.00>
ST_6 : Operation 54 [1/1] (0.00ns)   --->   "%specmemcore_ln0 = specmemcore void @_ssdm_op_SpecMemCore, i512 %k_pe3, i64 666, i64 18, i64 18446744073709551615"   --->   Operation 54 'specmemcore' 'specmemcore_ln0' <Predicate = true> <Delay = 0.00>
ST_6 : Operation 55 [1/1] (0.00ns)   --->   "%specmemcore_ln0 = specmemcore void @_ssdm_op_SpecMemCore, i512 %k_pe2, i64 666, i64 18, i64 18446744073709551615"   --->   Operation 55 'specmemcore' 'specmemcore_ln0' <Predicate = true> <Delay = 0.00>
ST_6 : Operation 56 [1/1] (0.00ns)   --->   "%specmemcore_ln0 = specmemcore void @_ssdm_op_SpecMemCore, i512 %k_pe1, i64 666, i64 18, i64 18446744073709551615"   --->   Operation 56 'specmemcore' 'specmemcore_ln0' <Predicate = true> <Delay = 0.00>
ST_6 : Operation 57 [1/1] (0.00ns)   --->   "%specmemcore_ln0 = specmemcore void @_ssdm_op_SpecMemCore, i512 %k_pe0, i64 666, i64 18, i64 18446744073709551615"   --->   Operation 57 'specmemcore' 'specmemcore_ln0' <Predicate = true> <Delay = 0.00>
ST_6 : Operation 58 [1/1] (0.00ns)   --->   "%specmemcore_ln0 = specmemcore void @_ssdm_op_SpecMemCore, i512 %q_pe3, i64 666, i64 18, i64 18446744073709551615"   --->   Operation 58 'specmemcore' 'specmemcore_ln0' <Predicate = true> <Delay = 0.00>
ST_6 : Operation 59 [1/1] (0.00ns)   --->   "%specmemcore_ln0 = specmemcore void @_ssdm_op_SpecMemCore, i512 %q_pe2, i64 666, i64 18, i64 18446744073709551615"   --->   Operation 59 'specmemcore' 'specmemcore_ln0' <Predicate = true> <Delay = 0.00>
ST_6 : Operation 60 [1/1] (0.00ns)   --->   "%specmemcore_ln0 = specmemcore void @_ssdm_op_SpecMemCore, i512 %q_pe1, i64 666, i64 18, i64 18446744073709551615"   --->   Operation 60 'specmemcore' 'specmemcore_ln0' <Predicate = true> <Delay = 0.00>
ST_6 : Operation 61 [1/1] (0.00ns)   --->   "%specmemcore_ln0 = specmemcore void @_ssdm_op_SpecMemCore, i512 %q_pe0, i64 666, i64 18, i64 18446744073709551615"   --->   Operation 61 'specmemcore' 'specmemcore_ln0' <Predicate = true> <Delay = 0.00>
ST_6 : Operation 62 [1/1] (0.00ns)   --->   "%specinterface_ln0 = specinterface void @_ssdm_op_SpecInterface, i512 %gmem3, void @empty_417, i32 0, i32 0, void @empty_418, i32 64, i32 13043328, void @empty_423, void @empty_420, void @empty_418, i32 8, i32 2, i32 256, i32 64, void @empty_418, void @empty_418, i32 4294967295, i32 0"   --->   Operation 62 'specinterface' 'specinterface_ln0' <Predicate = true> <Delay = 0.00>
ST_6 : Operation 63 [1/1] (0.00ns)   --->   "%specinterface_ln0 = specinterface void @_ssdm_op_SpecInterface, i512 %gmem2, void @empty_417, i32 0, i32 0, void @empty_418, i32 64, i32 13043328, void @empty_422, void @empty_420, void @empty_418, i32 8, i32 2, i32 256, i32 64, void @empty_418, void @empty_418, i32 4294967295, i32 0"   --->   Operation 63 'specinterface' 'specinterface_ln0' <Predicate = true> <Delay = 0.00>
ST_6 : Operation 64 [1/1] (0.00ns)   --->   "%specinterface_ln0 = specinterface void @_ssdm_op_SpecInterface, i512 %gmem1, void @empty_417, i32 0, i32 0, void @empty_418, i32 64, i32 13043328, void @empty_421, void @empty_420, void @empty_418, i32 8, i32 2, i32 256, i32 64, void @empty_418, void @empty_418, i32 4294967295, i32 0"   --->   Operation 64 'specinterface' 'specinterface_ln0' <Predicate = true> <Delay = 0.00>
ST_6 : Operation 65 [1/1] (0.00ns)   --->   "%specinterface_ln0 = specinterface void @_ssdm_op_SpecInterface, i512 %gmem0, void @empty_417, i32 0, i32 0, void @empty_418, i32 64, i32 13043328, void @empty_419, void @empty_420, void @empty_418, i32 8, i32 2, i32 256, i32 64, void @empty_418, void @empty_418, i32 4294967295, i32 0"   --->   Operation 65 'specinterface' 'specinterface_ln0' <Predicate = true> <Delay = 0.00>
ST_6 : Operation 66 [1/1] (0.00ns)   --->   "%empty = specchannel i32 @_ssdm_op_SpecChannel, void @cos_pe0_str, i32 1, void @p_str, void @p_str, i32 4, i32 4, i19 %cos_pe0, i19 %cos_pe0"   --->   Operation 66 'specchannel' 'empty' <Predicate = true> <Delay = 0.00>
ST_6 : Operation 67 [1/1] (0.00ns)   --->   "%specmemcore_ln2208 = specmemcore void @_ssdm_op_SpecMemCore, i19 %cos_pe0, i64 666, i64 10, i64 18446744073709551615" [source/swiftkv_attention.cpp:2208]   --->   Operation 67 'specmemcore' 'specmemcore_ln2208' <Predicate = true> <Delay = 0.00>
ST_6 : Operation 68 [1/1] (0.00ns)   --->   "%specinterface_ln0 = specinterface void @_ssdm_op_SpecInterface, i19 %cos_pe0, void @empty_447, i32 0, i32 0, void @empty_418, i32 0, i32 0, void @empty_418, void @empty_418, void @empty_418, i32 0, i32 0, i32 0, i32 0, void @empty_418, void @empty_418, i32 4294967295, i32 0"   --->   Operation 68 'specinterface' 'specinterface_ln0' <Predicate = true> <Delay = 0.00>
ST_6 : Operation 69 [1/1] (0.00ns)   --->   "%empty_704 = specchannel i32 @_ssdm_op_SpecChannel, void @cos_pe1_str, i32 1, void @p_str, void @p_str, i32 4, i32 4, i19 %cos_pe1, i19 %cos_pe1"   --->   Operation 69 'specchannel' 'empty_704' <Predicate = true> <Delay = 0.00>
ST_6 : Operation 70 [1/1] (0.00ns)   --->   "%specmemcore_ln2209 = specmemcore void @_ssdm_op_SpecMemCore, i19 %cos_pe1, i64 666, i64 10, i64 18446744073709551615" [source/swiftkv_attention.cpp:2209]   --->   Operation 70 'specmemcore' 'specmemcore_ln2209' <Predicate = true> <Delay = 0.00>
ST_6 : Operation 71 [1/1] (0.00ns)   --->   "%specinterface_ln0 = specinterface void @_ssdm_op_SpecInterface, i19 %cos_pe1, void @empty_447, i32 0, i32 0, void @empty_418, i32 0, i32 0, void @empty_418, void @empty_418, void @empty_418, i32 0, i32 0, i32 0, i32 0, void @empty_418, void @empty_418, i32 4294967295, i32 0"   --->   Operation 71 'specinterface' 'specinterface_ln0' <Predicate = true> <Delay = 0.00>
ST_6 : Operation 72 [1/1] (0.00ns)   --->   "%empty_705 = specchannel i32 @_ssdm_op_SpecChannel, void @cos_pe2_str, i32 1, void @p_str, void @p_str, i32 4, i32 4, i19 %cos_pe2, i19 %cos_pe2"   --->   Operation 72 'specchannel' 'empty_705' <Predicate = true> <Delay = 0.00>
ST_6 : Operation 73 [1/1] (0.00ns)   --->   "%specmemcore_ln2210 = specmemcore void @_ssdm_op_SpecMemCore, i19 %cos_pe2, i64 666, i64 10, i64 18446744073709551615" [source/swiftkv_attention.cpp:2210]   --->   Operation 73 'specmemcore' 'specmemcore_ln2210' <Predicate = true> <Delay = 0.00>
ST_6 : Operation 74 [1/1] (0.00ns)   --->   "%specinterface_ln0 = specinterface void @_ssdm_op_SpecInterface, i19 %cos_pe2, void @empty_447, i32 0, i32 0, void @empty_418, i32 0, i32 0, void @empty_418, void @empty_418, void @empty_418, i32 0, i32 0, i32 0, i32 0, void @empty_418, void @empty_418, i32 4294967295, i32 0"   --->   Operation 74 'specinterface' 'specinterface_ln0' <Predicate = true> <Delay = 0.00>
ST_6 : Operation 75 [1/1] (0.00ns)   --->   "%empty_706 = specchannel i32 @_ssdm_op_SpecChannel, void @cos_pe3_str, i32 1, void @p_str, void @p_str, i32 4, i32 4, i19 %cos_pe3, i19 %cos_pe3"   --->   Operation 75 'specchannel' 'empty_706' <Predicate = true> <Delay = 0.00>
ST_6 : Operation 76 [1/1] (0.00ns)   --->   "%specmemcore_ln2211 = specmemcore void @_ssdm_op_SpecMemCore, i19 %cos_pe3, i64 666, i64 10, i64 18446744073709551615" [source/swiftkv_attention.cpp:2211]   --->   Operation 76 'specmemcore' 'specmemcore_ln2211' <Predicate = true> <Delay = 0.00>
ST_6 : Operation 77 [1/1] (0.00ns)   --->   "%specinterface_ln0 = specinterface void @_ssdm_op_SpecInterface, i19 %cos_pe3, void @empty_447, i32 0, i32 0, void @empty_418, i32 0, i32 0, void @empty_418, void @empty_418, void @empty_418, i32 0, i32 0, i32 0, i32 0, void @empty_418, void @empty_418, i32 4294967295, i32 0"   --->   Operation 77 'specinterface' 'specinterface_ln0' <Predicate = true> <Delay = 0.00>
ST_6 : Operation 78 [1/1] (0.00ns)   --->   "%empty_707 = specchannel i32 @_ssdm_op_SpecChannel, void @sin_pe0_str, i32 1, void @p_str, void @p_str, i32 4, i32 4, i19 %sin_pe0, i19 %sin_pe0"   --->   Operation 78 'specchannel' 'empty_707' <Predicate = true> <Delay = 0.00>
ST_6 : Operation 79 [1/1] (0.00ns)   --->   "%specmemcore_ln2212 = specmemcore void @_ssdm_op_SpecMemCore, i19 %sin_pe0, i64 666, i64 10, i64 18446744073709551615" [source/swiftkv_attention.cpp:2212]   --->   Operation 79 'specmemcore' 'specmemcore_ln2212' <Predicate = true> <Delay = 0.00>
ST_6 : Operation 80 [1/1] (0.00ns)   --->   "%specinterface_ln0 = specinterface void @_ssdm_op_SpecInterface, i19 %sin_pe0, void @empty_447, i32 0, i32 0, void @empty_418, i32 0, i32 0, void @empty_418, void @empty_418, void @empty_418, i32 0, i32 0, i32 0, i32 0, void @empty_418, void @empty_418, i32 4294967295, i32 0"   --->   Operation 80 'specinterface' 'specinterface_ln0' <Predicate = true> <Delay = 0.00>
ST_6 : Operation 81 [1/1] (0.00ns)   --->   "%empty_708 = specchannel i32 @_ssdm_op_SpecChannel, void @sin_pe1_str, i32 1, void @p_str, void @p_str, i32 4, i32 4, i19 %sin_pe1, i19 %sin_pe1"   --->   Operation 81 'specchannel' 'empty_708' <Predicate = true> <Delay = 0.00>
ST_6 : Operation 82 [1/1] (0.00ns)   --->   "%specmemcore_ln2213 = specmemcore void @_ssdm_op_SpecMemCore, i19 %sin_pe1, i64 666, i64 10, i64 18446744073709551615" [source/swiftkv_attention.cpp:2213]   --->   Operation 82 'specmemcore' 'specmemcore_ln2213' <Predicate = true> <Delay = 0.00>
ST_6 : Operation 83 [1/1] (0.00ns)   --->   "%specinterface_ln0 = specinterface void @_ssdm_op_SpecInterface, i19 %sin_pe1, void @empty_447, i32 0, i32 0, void @empty_418, i32 0, i32 0, void @empty_418, void @empty_418, void @empty_418, i32 0, i32 0, i32 0, i32 0, void @empty_418, void @empty_418, i32 4294967295, i32 0"   --->   Operation 83 'specinterface' 'specinterface_ln0' <Predicate = true> <Delay = 0.00>
ST_6 : Operation 84 [1/1] (0.00ns)   --->   "%empty_709 = specchannel i32 @_ssdm_op_SpecChannel, void @sin_pe2_str, i32 1, void @p_str, void @p_str, i32 4, i32 4, i19 %sin_pe2, i19 %sin_pe2"   --->   Operation 84 'specchannel' 'empty_709' <Predicate = true> <Delay = 0.00>
ST_6 : Operation 85 [1/1] (0.00ns)   --->   "%specmemcore_ln2214 = specmemcore void @_ssdm_op_SpecMemCore, i19 %sin_pe2, i64 666, i64 10, i64 18446744073709551615" [source/swiftkv_attention.cpp:2214]   --->   Operation 85 'specmemcore' 'specmemcore_ln2214' <Predicate = true> <Delay = 0.00>
ST_6 : Operation 86 [1/1] (0.00ns)   --->   "%specinterface_ln0 = specinterface void @_ssdm_op_SpecInterface, i19 %sin_pe2, void @empty_447, i32 0, i32 0, void @empty_418, i32 0, i32 0, void @empty_418, void @empty_418, void @empty_418, i32 0, i32 0, i32 0, i32 0, void @empty_418, void @empty_418, i32 4294967295, i32 0"   --->   Operation 86 'specinterface' 'specinterface_ln0' <Predicate = true> <Delay = 0.00>
ST_6 : Operation 87 [1/1] (0.00ns)   --->   "%empty_710 = specchannel i32 @_ssdm_op_SpecChannel, void @sin_pe3_str, i32 1, void @p_str, void @p_str, i32 4, i32 4, i19 %sin_pe3, i19 %sin_pe3"   --->   Operation 87 'specchannel' 'empty_710' <Predicate = true> <Delay = 0.00>
ST_6 : Operation 88 [1/1] (0.00ns)   --->   "%specmemcore_ln2215 = specmemcore void @_ssdm_op_SpecMemCore, i19 %sin_pe3, i64 666, i64 10, i64 18446744073709551615" [source/swiftkv_attention.cpp:2215]   --->   Operation 88 'specmemcore' 'specmemcore_ln2215' <Predicate = true> <Delay = 0.00>
ST_6 : Operation 89 [1/1] (0.00ns)   --->   "%specinterface_ln0 = specinterface void @_ssdm_op_SpecInterface, i19 %sin_pe3, void @empty_447, i32 0, i32 0, void @empty_418, i32 0, i32 0, void @empty_418, void @empty_418, void @empty_418, i32 0, i32 0, i32 0, i32 0, void @empty_418, void @empty_418, i32 4294967295, i32 0"   --->   Operation 89 'specinterface' 'specinterface_ln0' <Predicate = true> <Delay = 0.00>
ST_6 : Operation 90 [1/1] (0.00ns)   --->   "%empty_711 = specchannel i32 @_ssdm_op_SpecChannel, void @quantized_pe0_str, i32 1, void @p_str, void @p_str, i32 4, i32 4, i480 %quantized_pe0, i480 %quantized_pe0"   --->   Operation 90 'specchannel' 'empty_711' <Predicate = true> <Delay = 0.00>
ST_6 : Operation 91 [1/1] (0.00ns)   --->   "%specmemcore_ln2216 = specmemcore void @_ssdm_op_SpecMemCore, i480 %quantized_pe0, i64 666, i64 8, i64 18446744073709551615" [source/swiftkv_attention.cpp:2216]   --->   Operation 91 'specmemcore' 'specmemcore_ln2216' <Predicate = true> <Delay = 0.00>
ST_6 : Operation 92 [1/1] (0.00ns)   --->   "%specinterface_ln0 = specinterface void @_ssdm_op_SpecInterface, i480 %quantized_pe0, void @empty_447, i32 0, i32 0, void @empty_418, i32 0, i32 0, void @empty_418, void @empty_418, void @empty_418, i32 0, i32 0, i32 0, i32 0, void @empty_418, void @empty_418, i32 4294967295, i32 0"   --->   Operation 92 'specinterface' 'specinterface_ln0' <Predicate = true> <Delay = 0.00>
ST_6 : Operation 93 [1/1] (0.00ns)   --->   "%empty_712 = specchannel i32 @_ssdm_op_SpecChannel, void @quantized_pe1_str, i32 1, void @p_str, void @p_str, i32 4, i32 4, i480 %quantized_pe1, i480 %quantized_pe1"   --->   Operation 93 'specchannel' 'empty_712' <Predicate = true> <Delay = 0.00>
ST_6 : Operation 94 [1/1] (0.00ns)   --->   "%specmemcore_ln2217 = specmemcore void @_ssdm_op_SpecMemCore, i480 %quantized_pe1, i64 666, i64 8, i64 18446744073709551615" [source/swiftkv_attention.cpp:2217]   --->   Operation 94 'specmemcore' 'specmemcore_ln2217' <Predicate = true> <Delay = 0.00>
ST_6 : Operation 95 [1/1] (0.00ns)   --->   "%specinterface_ln0 = specinterface void @_ssdm_op_SpecInterface, i480 %quantized_pe1, void @empty_447, i32 0, i32 0, void @empty_418, i32 0, i32 0, void @empty_418, void @empty_418, void @empty_418, i32 0, i32 0, i32 0, i32 0, void @empty_418, void @empty_418, i32 4294967295, i32 0"   --->   Operation 95 'specinterface' 'specinterface_ln0' <Predicate = true> <Delay = 0.00>
ST_6 : Operation 96 [1/1] (0.00ns)   --->   "%empty_713 = specchannel i32 @_ssdm_op_SpecChannel, void @quantized_pe2_str, i32 1, void @p_str, void @p_str, i32 4, i32 4, i480 %quantized_pe2, i480 %quantized_pe2"   --->   Operation 96 'specchannel' 'empty_713' <Predicate = true> <Delay = 0.00>
ST_6 : Operation 97 [1/1] (0.00ns)   --->   "%specmemcore_ln2218 = specmemcore void @_ssdm_op_SpecMemCore, i480 %quantized_pe2, i64 666, i64 8, i64 18446744073709551615" [source/swiftkv_attention.cpp:2218]   --->   Operation 97 'specmemcore' 'specmemcore_ln2218' <Predicate = true> <Delay = 0.00>
ST_6 : Operation 98 [1/1] (0.00ns)   --->   "%specinterface_ln0 = specinterface void @_ssdm_op_SpecInterface, i480 %quantized_pe2, void @empty_447, i32 0, i32 0, void @empty_418, i32 0, i32 0, void @empty_418, void @empty_418, void @empty_418, i32 0, i32 0, i32 0, i32 0, void @empty_418, void @empty_418, i32 4294967295, i32 0"   --->   Operation 98 'specinterface' 'specinterface_ln0' <Predicate = true> <Delay = 0.00>
ST_6 : Operation 99 [1/1] (0.00ns)   --->   "%empty_714 = specchannel i32 @_ssdm_op_SpecChannel, void @quantized_pe3_str, i32 1, void @p_str, void @p_str, i32 4, i32 4, i480 %quantized_pe3, i480 %quantized_pe3"   --->   Operation 99 'specchannel' 'empty_714' <Predicate = true> <Delay = 0.00>
ST_6 : Operation 100 [1/1] (0.00ns)   --->   "%specmemcore_ln2219 = specmemcore void @_ssdm_op_SpecMemCore, i480 %quantized_pe3, i64 666, i64 8, i64 18446744073709551615" [source/swiftkv_attention.cpp:2219]   --->   Operation 100 'specmemcore' 'specmemcore_ln2219' <Predicate = true> <Delay = 0.00>
ST_6 : Operation 101 [1/1] (0.00ns)   --->   "%specinterface_ln0 = specinterface void @_ssdm_op_SpecInterface, i480 %quantized_pe3, void @empty_447, i32 0, i32 0, void @empty_418, i32 0, i32 0, void @empty_418, void @empty_418, void @empty_418, i32 0, i32 0, i32 0, i32 0, void @empty_418, void @empty_418, i32 4294967295, i32 0"   --->   Operation 101 'specinterface' 'specinterface_ln0' <Predicate = true> <Delay = 0.00>
ST_6 : Operation 102 [1/1] (0.00ns)   --->   "%empty_715 = specchannel i32 @_ssdm_op_SpecChannel, void @scale_pe0_str, i32 1, void @p_str, void @p_str, i32 4, i32 4, i32 %scale_pe0, i32 %scale_pe0"   --->   Operation 102 'specchannel' 'empty_715' <Predicate = true> <Delay = 0.00>
ST_6 : Operation 103 [1/1] (0.00ns)   --->   "%specmemcore_ln2220 = specmemcore void @_ssdm_op_SpecMemCore, i32 %scale_pe0, i64 666, i64 10, i64 18446744073709551615" [source/swiftkv_attention.cpp:2220]   --->   Operation 103 'specmemcore' 'specmemcore_ln2220' <Predicate = true> <Delay = 0.00>
ST_6 : Operation 104 [1/1] (0.00ns)   --->   "%specinterface_ln0 = specinterface void @_ssdm_op_SpecInterface, i32 %scale_pe0, void @empty_447, i32 0, i32 0, void @empty_418, i32 0, i32 0, void @empty_418, void @empty_418, void @empty_418, i32 0, i32 0, i32 0, i32 0, void @empty_418, void @empty_418, i32 4294967295, i32 0"   --->   Operation 104 'specinterface' 'specinterface_ln0' <Predicate = true> <Delay = 0.00>
ST_6 : Operation 105 [1/1] (0.00ns)   --->   "%empty_716 = specchannel i32 @_ssdm_op_SpecChannel, void @scale_pe1_str, i32 1, void @p_str, void @p_str, i32 4, i32 4, i32 %scale_pe1, i32 %scale_pe1"   --->   Operation 105 'specchannel' 'empty_716' <Predicate = true> <Delay = 0.00>
ST_6 : Operation 106 [1/1] (0.00ns)   --->   "%specmemcore_ln2221 = specmemcore void @_ssdm_op_SpecMemCore, i32 %scale_pe1, i64 666, i64 10, i64 18446744073709551615" [source/swiftkv_attention.cpp:2221]   --->   Operation 106 'specmemcore' 'specmemcore_ln2221' <Predicate = true> <Delay = 0.00>
ST_6 : Operation 107 [1/1] (0.00ns)   --->   "%specinterface_ln0 = specinterface void @_ssdm_op_SpecInterface, i32 %scale_pe1, void @empty_447, i32 0, i32 0, void @empty_418, i32 0, i32 0, void @empty_418, void @empty_418, void @empty_418, i32 0, i32 0, i32 0, i32 0, void @empty_418, void @empty_418, i32 4294967295, i32 0"   --->   Operation 107 'specinterface' 'specinterface_ln0' <Predicate = true> <Delay = 0.00>
ST_6 : Operation 108 [1/1] (0.00ns)   --->   "%empty_717 = specchannel i32 @_ssdm_op_SpecChannel, void @scale_pe2_str, i32 1, void @p_str, void @p_str, i32 4, i32 4, i32 %scale_pe2, i32 %scale_pe2"   --->   Operation 108 'specchannel' 'empty_717' <Predicate = true> <Delay = 0.00>
ST_6 : Operation 109 [1/1] (0.00ns)   --->   "%specmemcore_ln2222 = specmemcore void @_ssdm_op_SpecMemCore, i32 %scale_pe2, i64 666, i64 10, i64 18446744073709551615" [source/swiftkv_attention.cpp:2222]   --->   Operation 109 'specmemcore' 'specmemcore_ln2222' <Predicate = true> <Delay = 0.00>
ST_6 : Operation 110 [1/1] (0.00ns)   --->   "%specinterface_ln0 = specinterface void @_ssdm_op_SpecInterface, i32 %scale_pe2, void @empty_447, i32 0, i32 0, void @empty_418, i32 0, i32 0, void @empty_418, void @empty_418, void @empty_418, i32 0, i32 0, i32 0, i32 0, void @empty_418, void @empty_418, i32 4294967295, i32 0"   --->   Operation 110 'specinterface' 'specinterface_ln0' <Predicate = true> <Delay = 0.00>
ST_6 : Operation 111 [1/1] (0.00ns)   --->   "%empty_718 = specchannel i32 @_ssdm_op_SpecChannel, void @scale_pe3_str, i32 1, void @p_str, void @p_str, i32 4, i32 4, i32 %scale_pe3, i32 %scale_pe3"   --->   Operation 111 'specchannel' 'empty_718' <Predicate = true> <Delay = 0.00>
ST_6 : Operation 112 [1/1] (0.00ns)   --->   "%specmemcore_ln2223 = specmemcore void @_ssdm_op_SpecMemCore, i32 %scale_pe3, i64 666, i64 10, i64 18446744073709551615" [source/swiftkv_attention.cpp:2223]   --->   Operation 112 'specmemcore' 'specmemcore_ln2223' <Predicate = true> <Delay = 0.00>
ST_6 : Operation 113 [1/1] (0.00ns)   --->   "%specinterface_ln0 = specinterface void @_ssdm_op_SpecInterface, i32 %scale_pe3, void @empty_447, i32 0, i32 0, void @empty_418, i32 0, i32 0, void @empty_418, void @empty_418, void @empty_418, i32 0, i32 0, i32 0, i32 0, void @empty_418, void @empty_418, i32 4294967295, i32 0"   --->   Operation 113 'specinterface' 'specinterface_ln0' <Predicate = true> <Delay = 0.00>
ST_6 : Operation 114 [1/1] (0.00ns)   --->   "%empty_719 = specchannel i32 @_ssdm_op_SpecChannel, void @swiftkv_command_pe0_str, i32 1, void @p_str, void @p_str, i32 2, i32 2, i18 %swiftkv_command_pe0, i18 %swiftkv_command_pe0"   --->   Operation 114 'specchannel' 'empty_719' <Predicate = true> <Delay = 0.00>
ST_6 : Operation 115 [1/1] (0.00ns)   --->   "%specmemcore_ln2224 = specmemcore void @_ssdm_op_SpecMemCore, i18 %swiftkv_command_pe0, i64 666, i64 10, i64 18446744073709551615" [source/swiftkv_attention.cpp:2224]   --->   Operation 115 'specmemcore' 'specmemcore_ln2224' <Predicate = true> <Delay = 0.00>
ST_6 : Operation 116 [1/1] (0.00ns)   --->   "%specinterface_ln0 = specinterface void @_ssdm_op_SpecInterface, i18 %swiftkv_command_pe0, void @empty_447, i32 0, i32 0, void @empty_418, i32 0, i32 0, void @empty_418, void @empty_418, void @empty_418, i32 0, i32 0, i32 0, i32 0, void @empty_418, void @empty_418, i32 4294967295, i32 0"   --->   Operation 116 'specinterface' 'specinterface_ln0' <Predicate = true> <Delay = 0.00>
ST_6 : Operation 117 [1/1] (0.00ns)   --->   "%empty_720 = specchannel i32 @_ssdm_op_SpecChannel, void @swiftkv_command_pe1_str, i32 1, void @p_str, void @p_str, i32 2, i32 2, i18 %swiftkv_command_pe1, i18 %swiftkv_command_pe1"   --->   Operation 117 'specchannel' 'empty_720' <Predicate = true> <Delay = 0.00>
ST_6 : Operation 118 [1/1] (0.00ns)   --->   "%specmemcore_ln2225 = specmemcore void @_ssdm_op_SpecMemCore, i18 %swiftkv_command_pe1, i64 666, i64 10, i64 18446744073709551615" [source/swiftkv_attention.cpp:2225]   --->   Operation 118 'specmemcore' 'specmemcore_ln2225' <Predicate = true> <Delay = 0.00>
ST_6 : Operation 119 [1/1] (0.00ns)   --->   "%specinterface_ln0 = specinterface void @_ssdm_op_SpecInterface, i18 %swiftkv_command_pe1, void @empty_447, i32 0, i32 0, void @empty_418, i32 0, i32 0, void @empty_418, void @empty_418, void @empty_418, i32 0, i32 0, i32 0, i32 0, void @empty_418, void @empty_418, i32 4294967295, i32 0"   --->   Operation 119 'specinterface' 'specinterface_ln0' <Predicate = true> <Delay = 0.00>
ST_6 : Operation 120 [1/1] (0.00ns)   --->   "%empty_721 = specchannel i32 @_ssdm_op_SpecChannel, void @swiftkv_command_pe2_str, i32 1, void @p_str, void @p_str, i32 2, i32 2, i18 %swiftkv_command_pe2, i18 %swiftkv_command_pe2"   --->   Operation 120 'specchannel' 'empty_721' <Predicate = true> <Delay = 0.00>
ST_6 : Operation 121 [1/1] (0.00ns)   --->   "%specmemcore_ln2226 = specmemcore void @_ssdm_op_SpecMemCore, i18 %swiftkv_command_pe2, i64 666, i64 10, i64 18446744073709551615" [source/swiftkv_attention.cpp:2226]   --->   Operation 121 'specmemcore' 'specmemcore_ln2226' <Predicate = true> <Delay = 0.00>
ST_6 : Operation 122 [1/1] (0.00ns)   --->   "%specinterface_ln0 = specinterface void @_ssdm_op_SpecInterface, i18 %swiftkv_command_pe2, void @empty_447, i32 0, i32 0, void @empty_418, i32 0, i32 0, void @empty_418, void @empty_418, void @empty_418, i32 0, i32 0, i32 0, i32 0, void @empty_418, void @empty_418, i32 4294967295, i32 0"   --->   Operation 122 'specinterface' 'specinterface_ln0' <Predicate = true> <Delay = 0.00>
ST_6 : Operation 123 [1/1] (0.00ns)   --->   "%empty_722 = specchannel i32 @_ssdm_op_SpecChannel, void @swiftkv_command_pe3_str, i32 1, void @p_str, void @p_str, i32 2, i32 2, i18 %swiftkv_command_pe3, i18 %swiftkv_command_pe3"   --->   Operation 123 'specchannel' 'empty_722' <Predicate = true> <Delay = 0.00>
ST_6 : Operation 124 [1/1] (0.00ns)   --->   "%specmemcore_ln2227 = specmemcore void @_ssdm_op_SpecMemCore, i18 %swiftkv_command_pe3, i64 666, i64 10, i64 18446744073709551615" [source/swiftkv_attention.cpp:2227]   --->   Operation 124 'specmemcore' 'specmemcore_ln2227' <Predicate = true> <Delay = 0.00>
ST_6 : Operation 125 [1/1] (0.00ns)   --->   "%specinterface_ln0 = specinterface void @_ssdm_op_SpecInterface, i18 %swiftkv_command_pe3, void @empty_447, i32 0, i32 0, void @empty_418, i32 0, i32 0, void @empty_418, void @empty_418, void @empty_418, i32 0, i32 0, i32 0, i32 0, void @empty_418, void @empty_418, i32 4294967295, i32 0"   --->   Operation 125 'specinterface' 'specinterface_ln0' <Predicate = true> <Delay = 0.00>
ST_6 : Operation 126 [1/2] (0.00ns)   --->   "%call_ln2259 = call void @swiftkv_gather_attention_streams, i480 %quantized_pe0, i480 %quantized_pe1, i480 %quantized_pe2, i480 %quantized_pe3, i32 %scale_pe0, i32 %scale_pe1, i32 %scale_pe2, i32 %scale_pe3, i480 %activation_q, i512 %activation_scale" [source/swiftkv_attention.cpp:2259]   --->   Operation 126 'call' 'call_ln2259' <Predicate = true> <Delay = 0.00> <CoreType = "Generic">   --->   Core 0 '' <Latency = 0> <II = 1> <Delay = 1.00> <Generic> <Opcode : >
ST_6 : Operation 127 [1/1] (0.00ns)   --->   "%ret_ln2278 = ret" [source/swiftkv_attention.cpp:2278]   --->   Operation 127 'ret' 'ret_ln2278' <Predicate = true> <Delay = 0.00>


============================================================
+ Verbose Summary: Binding
============================================================
STG Binding: 
---------------- STG Properties BEGIN ----------------
- Is combinational: 0
- Is one-state seq: 0
- Is datapath-only: 0
- Is pipelined: 0
- Is top level: 0
Port [ Return ] is wired: 1; IO mode=ap_ctrl_hs:ce=0
Port [ q_pe0]:  wired=1; compound=1; hidden=0; nouse=0; global=0; static=0; extern=0; dir=0; type=1; pingpong=0; private_global=0; MemPort=[1]; IO mode=ap_memory:ce=0
Port [ q_pe1]:  wired=1; compound=1; hidden=0; nouse=0; global=0; static=0; extern=0; dir=0; type=1; pingpong=0; private_global=0; MemPort=[1]; IO mode=ap_memory:ce=0
Port [ q_pe2]:  wired=1; compound=1; hidden=0; nouse=0; global=0; static=0; extern=0; dir=0; type=1; pingpong=0; private_global=0; MemPort=[1]; IO mode=ap_memory:ce=0
Port [ q_pe3]:  wired=1; compound=1; hidden=0; nouse=0; global=0; static=0; extern=0; dir=0; type=1; pingpong=0; private_global=0; MemPort=[1]; IO mode=ap_memory:ce=0
Port [ k_pe0]:  wired=1; compound=1; hidden=0; nouse=0; global=0; static=0; extern=0; dir=0; type=1; pingpong=0; private_global=0; MemPort=[1]; IO mode=ap_memory:ce=0
Port [ k_pe1]:  wired=1; compound=1; hidden=0; nouse=0; global=0; static=0; extern=0; dir=0; type=1; pingpong=0; private_global=0; MemPort=[1]; IO mode=ap_memory:ce=0
Port [ k_pe2]:  wired=1; compound=1; hidden=0; nouse=0; global=0; static=0; extern=0; dir=0; type=1; pingpong=0; private_global=0; MemPort=[1]; IO mode=ap_memory:ce=0
Port [ k_pe3]:  wired=1; compound=1; hidden=0; nouse=0; global=0; static=0; extern=0; dir=0; type=1; pingpong=0; private_global=0; MemPort=[1]; IO mode=ap_memory:ce=0
Port [ v_pe0]:  wired=1; compound=1; hidden=0; nouse=0; global=0; static=0; extern=0; dir=0; type=1; pingpong=0; private_global=0; MemPort=[1]; IO mode=ap_memory:ce=0
Port [ v_pe1]:  wired=1; compound=1; hidden=0; nouse=0; global=0; static=0; extern=0; dir=0; type=1; pingpong=0; private_global=0; MemPort=[1]; IO mode=ap_memory:ce=0
Port [ v_pe2]:  wired=1; compound=1; hidden=0; nouse=0; global=0; static=0; extern=0; dir=0; type=1; pingpong=0; private_global=0; MemPort=[1]; IO mode=ap_memory:ce=0
Port [ v_pe3]:  wired=1; compound=1; hidden=0; nouse=0; global=0; static=0; extern=0; dir=0; type=1; pingpong=0; private_global=0; MemPort=[1]; IO mode=ap_memory:ce=0
Port [ gmem0]:  wired=1; compound=1; hidden=0; nouse=0; global=0; static=0; extern=0; dir=2; type=4; pingpong=0; private_global=0; IO mode=m_axi:ce=0
Port [ kv_cache_pe0]:  wired=1; compound=0; hidden=0; nouse=0; global=0; static=0; extern=0; dir=0; type=0; pingpong=0; private_global=0; IO mode=ap_none:ce=0
Port [ gmem1]:  wired=1; compound=1; hidden=0; nouse=0; global=0; static=0; extern=0; dir=2; type=4; pingpong=0; private_global=0; IO mode=m_axi:ce=0
Port [ kv_cache_pe1]:  wired=1; compound=0; hidden=0; nouse=0; global=0; static=0; extern=0; dir=0; type=0; pingpong=0; private_global=0; IO mode=ap_none:ce=0
Port [ gmem2]:  wired=1; compound=1; hidden=0; nouse=0; global=0; static=0; extern=0; dir=2; type=4; pingpong=0; private_global=0; IO mode=m_axi:ce=0
Port [ kv_cache_pe2]:  wired=1; compound=0; hidden=0; nouse=0; global=0; static=0; extern=0; dir=0; type=0; pingpong=0; private_global=0; IO mode=ap_none:ce=0
Port [ gmem3]:  wired=1; compound=1; hidden=0; nouse=0; global=0; static=0; extern=0; dir=2; type=4; pingpong=0; private_global=0; IO mode=m_axi:ce=0
Port [ kv_cache_pe3]:  wired=1; compound=0; hidden=0; nouse=0; global=0; static=0; extern=0; dir=0; type=0; pingpong=0; private_global=0; IO mode=ap_none:ce=0
Port [ current_cos]:  wired=1; compound=1; hidden=0; nouse=0; global=0; static=0; extern=0; dir=0; type=1; pingpong=0; private_global=0; MemPort=[1]; IO mode=ap_memory:ce=0
Port [ current_sin]:  wired=1; compound=1; hidden=0; nouse=0; global=0; static=0; extern=0; dir=0; type=1; pingpong=0; private_global=0; MemPort=[1]; IO mode=ap_memory:ce=0
Port [ activation_q]:  wired=1; compound=1; hidden=0; nouse=0; global=0; static=0; extern=0; dir=1; type=1; pingpong=0; private_global=0; MemPort=[0]; IO mode=ap_memory:ce=0
Port [ activation_scale]:  wired=1; compound=1; hidden=0; nouse=0; global=0; static=0; extern=0; dir=1; type=1; pingpong=0; private_global=0; MemPort=[0]; IO mode=ap_memory:ce=0
Port [ controller_layer_index_val]:  wired=1; compound=0; hidden=0; nouse=0; global=0; static=0; extern=0; dir=0; type=0; pingpong=0; private_global=0; IO mode=ap_none:ce=0
Port [ controller_position_val]:  wired=1; compound=0; hidden=0; nouse=0; global=0; static=0; extern=0; dir=0; type=0; pingpong=0; private_global=0; IO mode=ap_none:ce=0
Port [ SWIFTKV_EXP2_LUT_Q30]:  wired=0; compound=1; hidden=1; nouse=1; global=1; static=1; extern=0; dir=0; type=1; pingpong=0; private_global=1; MemPort=[1]; IO mode=ap_memory:ce=0
---------------- STG Properties END ------------------

---------------- Datapath Model BEGIN ----------------

<LifeTime>
<method=bitvector/>
cos_pe0                         (alloca              ) [ 0111111]
cos_pe1                         (alloca              ) [ 0111111]
cos_pe2                         (alloca              ) [ 0111111]
cos_pe3                         (alloca              ) [ 0111111]
sin_pe0                         (alloca              ) [ 0111111]
sin_pe1                         (alloca              ) [ 0111111]
sin_pe2                         (alloca              ) [ 0111111]
sin_pe3                         (alloca              ) [ 0111111]
quantized_pe0                   (alloca              ) [ 0011111]
quantized_pe1                   (alloca              ) [ 0011111]
quantized_pe2                   (alloca              ) [ 0011111]
quantized_pe3                   (alloca              ) [ 0011111]
scale_pe0                       (alloca              ) [ 0011111]
scale_pe1                       (alloca              ) [ 0011111]
scale_pe2                       (alloca              ) [ 0011111]
scale_pe3                       (alloca              ) [ 0011111]
swiftkv_command_pe0             (alloca              ) [ 0011111]
swiftkv_command_pe1             (alloca              ) [ 0011111]
swiftkv_command_pe2             (alloca              ) [ 0011111]
swiftkv_command_pe3             (alloca              ) [ 0011111]
controller_position_val_read    (read                ) [ 0000000]
controller_layer_index_val_read (read                ) [ 0000000]
call_ln2229                     (call                ) [ 0000000]
call_ln2234                     (call                ) [ 0000000]
kv_cache_pe3_read               (read                ) [ 0000100]
kv_cache_pe2_read               (read                ) [ 0000100]
kv_cache_pe1_read               (read                ) [ 0000100]
kv_cache_pe0_read               (read                ) [ 0000100]
call_ln2238                     (call                ) [ 0000000]
call_ln2243                     (call                ) [ 0000000]
call_ln2248                     (call                ) [ 0000000]
call_ln2253                     (call                ) [ 0000000]
specdataflowpipeline_ln0        (specdataflowpipeline) [ 0000000]
specmemcore_ln0                 (specmemcore         ) [ 0000000]
specmemcore_ln0                 (specmemcore         ) [ 0000000]
specmemcore_ln0                 (specmemcore         ) [ 0000000]
specmemcore_ln0                 (specmemcore         ) [ 0000000]
specmemcore_ln0                 (specmemcore         ) [ 0000000]
specmemcore_ln0                 (specmemcore         ) [ 0000000]
specmemcore_ln0                 (specmemcore         ) [ 0000000]
specmemcore_ln0                 (specmemcore         ) [ 0000000]
specmemcore_ln0                 (specmemcore         ) [ 0000000]
specmemcore_ln0                 (specmemcore         ) [ 0000000]
specmemcore_ln0                 (specmemcore         ) [ 0000000]
specmemcore_ln0                 (specmemcore         ) [ 0000000]
specmemcore_ln0                 (specmemcore         ) [ 0000000]
specmemcore_ln0                 (specmemcore         ) [ 0000000]
specmemcore_ln0                 (specmemcore         ) [ 0000000]
specmemcore_ln0                 (specmemcore         ) [ 0000000]
specinterface_ln0               (specinterface       ) [ 0000000]
specinterface_ln0               (specinterface       ) [ 0000000]
specinterface_ln0               (specinterface       ) [ 0000000]
specinterface_ln0               (specinterface       ) [ 0000000]
empty                           (specchannel         ) [ 0000000]
specmemcore_ln2208              (specmemcore         ) [ 0000000]
specinterface_ln0               (specinterface       ) [ 0000000]
empty_704                       (specchannel         ) [ 0000000]
specmemcore_ln2209              (specmemcore         ) [ 0000000]
specinterface_ln0               (specinterface       ) [ 0000000]
empty_705                       (specchannel         ) [ 0000000]
specmemcore_ln2210              (specmemcore         ) [ 0000000]
specinterface_ln0               (specinterface       ) [ 0000000]
empty_706                       (specchannel         ) [ 0000000]
specmemcore_ln2211              (specmemcore         ) [ 0000000]
specinterface_ln0               (specinterface       ) [ 0000000]
empty_707                       (specchannel         ) [ 0000000]
specmemcore_ln2212              (specmemcore         ) [ 0000000]
specinterface_ln0               (specinterface       ) [ 0000000]
empty_708                       (specchannel         ) [ 0000000]
specmemcore_ln2213              (specmemcore         ) [ 0000000]
specinterface_ln0               (specinterface       ) [ 0000000]
empty_709                       (specchannel         ) [ 0000000]
specmemcore_ln2214              (specmemcore         ) [ 0000000]
specinterface_ln0               (specinterface       ) [ 0000000]
empty_710                       (specchannel         ) [ 0000000]
specmemcore_ln2215              (specmemcore         ) [ 0000000]
specinterface_ln0               (specinterface       ) [ 0000000]
empty_711                       (specchannel         ) [ 0000000]
specmemcore_ln2216              (specmemcore         ) [ 0000000]
specinterface_ln0               (specinterface       ) [ 0000000]
empty_712                       (specchannel         ) [ 0000000]
specmemcore_ln2217              (specmemcore         ) [ 0000000]
specinterface_ln0               (specinterface       ) [ 0000000]
empty_713                       (specchannel         ) [ 0000000]
specmemcore_ln2218              (specmemcore         ) [ 0000000]
specinterface_ln0               (specinterface       ) [ 0000000]
empty_714                       (specchannel         ) [ 0000000]
specmemcore_ln2219              (specmemcore         ) [ 0000000]
specinterface_ln0               (specinterface       ) [ 0000000]
empty_715                       (specchannel         ) [ 0000000]
specmemcore_ln2220              (specmemcore         ) [ 0000000]
specinterface_ln0               (specinterface       ) [ 0000000]
empty_716                       (specchannel         ) [ 0000000]
specmemcore_ln2221              (specmemcore         ) [ 0000000]
specinterface_ln0               (specinterface       ) [ 0000000]
empty_717                       (specchannel         ) [ 0000000]
specmemcore_ln2222              (specmemcore         ) [ 0000000]
specinterface_ln0               (specinterface       ) [ 0000000]
empty_718                       (specchannel         ) [ 0000000]
specmemcore_ln2223              (specmemcore         ) [ 0000000]
specinterface_ln0               (specinterface       ) [ 0000000]
empty_719                       (specchannel         ) [ 0000000]
specmemcore_ln2224              (specmemcore         ) [ 0000000]
specinterface_ln0               (specinterface       ) [ 0000000]
empty_720                       (specchannel         ) [ 0000000]
specmemcore_ln2225              (specmemcore         ) [ 0000000]
specinterface_ln0               (specinterface       ) [ 0000000]
empty_721                       (specchannel         ) [ 0000000]
specmemcore_ln2226              (specmemcore         ) [ 0000000]
specinterface_ln0               (specinterface       ) [ 0000000]
empty_722                       (specchannel         ) [ 0000000]
specmemcore_ln2227              (specmemcore         ) [ 0000000]
specinterface_ln0               (specinterface       ) [ 0000000]
call_ln2259                     (call                ) [ 0000000]
ret_ln2278                      (ret                 ) [ 0000000]
</LifeTime>

<model>

<comp_list>
<comp id="0" class="1000" name="q_pe0">
<pin_list>
<pin id="1" dir="1" index="0" bw="1" slack="0"/>
</pin_list>
<bind>
<StgValue><ssdm name="q_pe0"/><MemPortTyVec>1 </MemPortTyVec>
</StgValue>
</bind>
</comp>

<comp id="2" class="1000" name="q_pe1">
<pin_list>
<pin id="3" dir="1" index="0" bw="1" slack="0"/>
</pin_list>
<bind>
<StgValue><ssdm name="q_pe1"/><MemPortTyVec>1 </MemPortTyVec>
</StgValue>
</bind>
</comp>

<comp id="4" class="1000" name="q_pe2">
<pin_list>
<pin id="5" dir="1" index="0" bw="1" slack="0"/>
</pin_list>
<bind>
<StgValue><ssdm name="q_pe2"/><MemPortTyVec>1 </MemPortTyVec>
</StgValue>
</bind>
</comp>

<comp id="6" class="1000" name="q_pe3">
<pin_list>
<pin id="7" dir="1" index="0" bw="1" slack="0"/>
</pin_list>
<bind>
<StgValue><ssdm name="q_pe3"/><MemPortTyVec>1 </MemPortTyVec>
</StgValue>
</bind>
</comp>

<comp id="8" class="1000" name="k_pe0">
<pin_list>
<pin id="9" dir="1" index="0" bw="1" slack="0"/>
</pin_list>
<bind>
<StgValue><ssdm name="k_pe0"/><MemPortTyVec>1 </MemPortTyVec>
</StgValue>
</bind>
</comp>

<comp id="10" class="1000" name="k_pe1">
<pin_list>
<pin id="11" dir="1" index="0" bw="1" slack="0"/>
</pin_list>
<bind>
<StgValue><ssdm name="k_pe1"/><MemPortTyVec>1 </MemPortTyVec>
</StgValue>
</bind>
</comp>

<comp id="12" class="1000" name="k_pe2">
<pin_list>
<pin id="13" dir="1" index="0" bw="1" slack="0"/>
</pin_list>
<bind>
<StgValue><ssdm name="k_pe2"/><MemPortTyVec>1 </MemPortTyVec>
</StgValue>
</bind>
</comp>

<comp id="14" class="1000" name="k_pe3">
<pin_list>
<pin id="15" dir="1" index="0" bw="1" slack="0"/>
</pin_list>
<bind>
<StgValue><ssdm name="k_pe3"/><MemPortTyVec>1 </MemPortTyVec>
</StgValue>
</bind>
</comp>

<comp id="16" class="1000" name="v_pe0">
<pin_list>
<pin id="17" dir="1" index="0" bw="1" slack="0"/>
</pin_list>
<bind>
<StgValue><ssdm name="v_pe0"/><MemPortTyVec>1 </MemPortTyVec>
</StgValue>
</bind>
</comp>

<comp id="18" class="1000" name="v_pe1">
<pin_list>
<pin id="19" dir="1" index="0" bw="1" slack="0"/>
</pin_list>
<bind>
<StgValue><ssdm name="v_pe1"/><MemPortTyVec>1 </MemPortTyVec>
</StgValue>
</bind>
</comp>

<comp id="20" class="1000" name="v_pe2">
<pin_list>
<pin id="21" dir="1" index="0" bw="1" slack="0"/>
</pin_list>
<bind>
<StgValue><ssdm name="v_pe2"/><MemPortTyVec>1 </MemPortTyVec>
</StgValue>
</bind>
</comp>

<comp id="22" class="1000" name="v_pe3">
<pin_list>
<pin id="23" dir="1" index="0" bw="1" slack="0"/>
</pin_list>
<bind>
<StgValue><ssdm name="v_pe3"/><MemPortTyVec>1 </MemPortTyVec>
</StgValue>
</bind>
</comp>

<comp id="24" class="1000" name="gmem0">
<pin_list>
<pin id="25" dir="1" index="0" bw="1" slack="0"/>
</pin_list>
<bind>
<StgValue><ssdm name="gmem0"/></StgValue>
</bind>
</comp>

<comp id="26" class="1000" name="kv_cache_pe0">
<pin_list>
<pin id="27" dir="1" index="0" bw="1" slack="0"/>
</pin_list>
<bind>
<StgValue><ssdm name="kv_cache_pe0"/></StgValue>
</bind>
</comp>

<comp id="28" class="1000" name="gmem1">
<pin_list>
<pin id="29" dir="1" index="0" bw="1" slack="0"/>
</pin_list>
<bind>
<StgValue><ssdm name="gmem1"/></StgValue>
</bind>
</comp>

<comp id="30" class="1000" name="kv_cache_pe1">
<pin_list>
<pin id="31" dir="1" index="0" bw="1" slack="0"/>
</pin_list>
<bind>
<StgValue><ssdm name="kv_cache_pe1"/></StgValue>
</bind>
</comp>

<comp id="32" class="1000" name="gmem2">
<pin_list>
<pin id="33" dir="1" index="0" bw="1" slack="0"/>
</pin_list>
<bind>
<StgValue><ssdm name="gmem2"/></StgValue>
</bind>
</comp>

<comp id="34" class="1000" name="kv_cache_pe2">
<pin_list>
<pin id="35" dir="1" index="0" bw="1" slack="0"/>
</pin_list>
<bind>
<StgValue><ssdm name="kv_cache_pe2"/></StgValue>
</bind>
</comp>

<comp id="36" class="1000" name="gmem3">
<pin_list>
<pin id="37" dir="1" index="0" bw="1" slack="0"/>
</pin_list>
<bind>
<StgValue><ssdm name="gmem3"/></StgValue>
</bind>
</comp>

<comp id="38" class="1000" name="kv_cache_pe3">
<pin_list>
<pin id="39" dir="1" index="0" bw="1" slack="0"/>
</pin_list>
<bind>
<StgValue><ssdm name="kv_cache_pe3"/></StgValue>
</bind>
</comp>

<comp id="40" class="1000" name="current_cos">
<pin_list>
<pin id="41" dir="1" index="0" bw="1" slack="0"/>
</pin_list>
<bind>
<StgValue><ssdm name="current_cos"/><MemPortTyVec>1 </MemPortTyVec>
</StgValue>
</bind>
</comp>

<comp id="42" class="1000" name="current_sin">
<pin_list>
<pin id="43" dir="1" index="0" bw="1" slack="0"/>
</pin_list>
<bind>
<StgValue><ssdm name="current_sin"/><MemPortTyVec>1 </MemPortTyVec>
</StgValue>
</bind>
</comp>

<comp id="44" class="1000" name="activation_q">
<pin_list>
<pin id="45" dir="1" index="0" bw="1" slack="0"/>
</pin_list>
<bind>
<StgValue><ssdm name="activation_q"/><MemPortTyVec>0 </MemPortTyVec>
</StgValue>
</bind>
</comp>

<comp id="46" class="1000" name="activation_scale">
<pin_list>
<pin id="47" dir="1" index="0" bw="1" slack="0"/>
</pin_list>
<bind>
<StgValue><ssdm name="activation_scale"/><MemPortTyVec>0 </MemPortTyVec>
</StgValue>
</bind>
</comp>

<comp id="48" class="1000" name="controller_layer_index_val">
<pin_list>
<pin id="49" dir="1" index="0" bw="1" slack="0"/>
</pin_list>
<bind>
<StgValue><ssdm name="controller_layer_index_val"/></StgValue>
</bind>
</comp>

<comp id="50" class="1000" name="controller_position_val">
<pin_list>
<pin id="51" dir="1" index="0" bw="1" slack="0"/>
</pin_list>
<bind>
<StgValue><ssdm name="controller_position_val"/></StgValue>
</bind>
</comp>

<comp id="52" class="1000" name="SWIFTKV_EXP2_LUT_Q30">
<pin_list>
<pin id="53" dir="1" index="0" bw="1" slack="0"/>
</pin_list>
<bind>
<StgValue><ssdm name="SWIFTKV_EXP2_LUT_Q30"/><MemPortTyVec>1 </MemPortTyVec>
</StgValue>
</bind>
</comp>

<comp id="54" class="1001" name="const_54">
<pin_list>
<pin id="55" dir="1" index="0" bw="1" slack="0"/>
</pin_list>
<bind>
<StgValue><ssdm name=""/></StgValue>
</bind>
</comp>

<comp id="56" class="1001" name="const_56">
<pin_list>
<pin id="57" dir="1" index="0" bw="1" slack="0"/>
</pin_list>
<bind>
<StgValue><ssdm name="swiftkv_broadcast_rope"/></StgValue>
</bind>
</comp>

<comp id="58" class="1001" name="const_58">
<pin_list>
<pin id="59" dir="1" index="0" bw="1" slack="0"/>
</pin_list>
<bind>
<StgValue><ssdm name="_ssdm_op_Read.ap_auto.i12"/></StgValue>
</bind>
</comp>

<comp id="60" class="1001" name="const_60">
<pin_list>
<pin id="61" dir="1" index="0" bw="1" slack="0"/>
</pin_list>
<bind>
<StgValue><ssdm name="_ssdm_op_Read.ap_auto.i6"/></StgValue>
</bind>
</comp>

<comp id="62" class="1001" name="const_62">
<pin_list>
<pin id="63" dir="1" index="0" bw="1" slack="0"/>
</pin_list>
<bind>
<StgValue><ssdm name="swiftkv_broadcast_pe_commands"/></StgValue>
</bind>
</comp>

<comp id="64" class="1001" name="const_64">
<pin_list>
<pin id="65" dir="1" index="0" bw="1" slack="0"/>
</pin_list>
<bind>
<StgValue><ssdm name="_ssdm_op_Read.ap_auto.i64"/></StgValue>
</bind>
</comp>

<comp id="66" class="1001" name="const_66">
<pin_list>
<pin id="67" dir="1" index="0" bw="1" slack="0"/>
</pin_list>
<bind>
<StgValue><ssdm name="swiftkv_run_pe<0>"/></StgValue>
</bind>
</comp>

<comp id="68" class="1001" name="const_68">
<pin_list>
<pin id="69" dir="1" index="0" bw="1" slack="0"/>
</pin_list>
<bind>
<StgValue><ssdm name="swiftkv_run_pe<1>"/></StgValue>
</bind>
</comp>

<comp id="70" class="1001" name="const_70">
<pin_list>
<pin id="71" dir="1" index="0" bw="1" slack="0"/>
</pin_list>
<bind>
<StgValue><ssdm name="swiftkv_run_pe<2>"/></StgValue>
</bind>
</comp>

<comp id="72" class="1001" name="const_72">
<pin_list>
<pin id="73" dir="1" index="0" bw="1" slack="0"/>
</pin_list>
<bind>
<StgValue><ssdm name="swiftkv_run_pe<3>"/></StgValue>
</bind>
</comp>

<comp id="74" class="1001" name="const_74">
<pin_list>
<pin id="75" dir="1" index="0" bw="1" slack="0"/>
</pin_list>
<bind>
<StgValue><ssdm name="swiftkv_gather_attention_streams"/></StgValue>
</bind>
</comp>

<comp id="76" class="1001" name="const_76">
<pin_list>
<pin id="77" dir="1" index="0" bw="1" slack="2147483647"/>
</pin_list>
<bind>
<StgValue><ssdm name="_ssdm_op_SpecDataflowPipeline"/></StgValue>
</bind>
</comp>

<comp id="78" class="1001" name="const_78">
<pin_list>
<pin id="79" dir="1" index="0" bw="1" slack="2147483647"/>
</pin_list>
<bind>
<StgValue><ssdm name=""/></StgValue>
</bind>
</comp>

<comp id="80" class="1001" name="const_80">
<pin_list>
<pin id="81" dir="1" index="0" bw="1" slack="2147483647"/>
</pin_list>
<bind>
<StgValue><ssdm name=""/></StgValue>
</bind>
</comp>

<comp id="82" class="1001" name="const_82">
<pin_list>
<pin id="83" dir="1" index="0" bw="1" slack="2147483647"/>
</pin_list>
<bind>
<StgValue><ssdm name="empty_418"/></StgValue>
</bind>
</comp>

<comp id="84" class="1001" name="const_84">
<pin_list>
<pin id="85" dir="1" index="0" bw="1" slack="2147483647"/>
</pin_list>
<bind>
<StgValue><ssdm name="_ssdm_op_SpecMemCore"/></StgValue>
</bind>
</comp>

<comp id="86" class="1001" name="const_86">
<pin_list>
<pin id="87" dir="1" index="0" bw="1" slack="2147483647"/>
</pin_list>
<bind>
<StgValue><ssdm name=""/></StgValue>
</bind>
</comp>

<comp id="88" class="1001" name="const_88">
<pin_list>
<pin id="89" dir="1" index="0" bw="1" slack="2147483647"/>
</pin_list>
<bind>
<StgValue><ssdm name=""/></StgValue>
</bind>
</comp>

<comp id="90" class="1001" name="const_90">
<pin_list>
<pin id="91" dir="1" index="0" bw="1" slack="2147483647"/>
</pin_list>
<bind>
<StgValue><ssdm name=""/></StgValue>
</bind>
</comp>

<comp id="92" class="1001" name="const_92">
<pin_list>
<pin id="93" dir="1" index="0" bw="1" slack="2147483647"/>
</pin_list>
<bind>
<StgValue><ssdm name="_ssdm_op_SpecInterface"/></StgValue>
</bind>
</comp>

<comp id="94" class="1001" name="const_94">
<pin_list>
<pin id="95" dir="1" index="0" bw="1" slack="2147483647"/>
</pin_list>
<bind>
<StgValue><ssdm name="empty_417"/></StgValue>
</bind>
</comp>

<comp id="96" class="1001" name="const_96">
<pin_list>
<pin id="97" dir="1" index="0" bw="1" slack="2147483647"/>
</pin_list>
<bind>
<StgValue><ssdm name=""/></StgValue>
</bind>
</comp>

<comp id="98" class="1001" name="const_98">
<pin_list>
<pin id="99" dir="1" index="0" bw="1" slack="2147483647"/>
</pin_list>
<bind>
<StgValue><ssdm name=""/></StgValue>
</bind>
</comp>

<comp id="100" class="1001" name="const_100">
<pin_list>
<pin id="101" dir="1" index="0" bw="1" slack="2147483647"/>
</pin_list>
<bind>
<StgValue><ssdm name=""/></StgValue>
</bind>
</comp>

<comp id="102" class="1001" name="const_102">
<pin_list>
<pin id="103" dir="1" index="0" bw="1" slack="2147483647"/>
</pin_list>
<bind>
<StgValue><ssdm name="empty_423"/></StgValue>
</bind>
</comp>

<comp id="104" class="1001" name="const_104">
<pin_list>
<pin id="105" dir="1" index="0" bw="1" slack="2147483647"/>
</pin_list>
<bind>
<StgValue><ssdm name="empty_420"/></StgValue>
</bind>
</comp>

<comp id="106" class="1001" name="const_106">
<pin_list>
<pin id="107" dir="1" index="0" bw="1" slack="2147483647"/>
</pin_list>
<bind>
<StgValue><ssdm name=""/></StgValue>
</bind>
</comp>

<comp id="108" class="1001" name="const_108">
<pin_list>
<pin id="109" dir="1" index="0" bw="1" slack="2147483647"/>
</pin_list>
<bind>
<StgValue><ssdm name=""/></StgValue>
</bind>
</comp>

<comp id="110" class="1001" name="const_110">
<pin_list>
<pin id="111" dir="1" index="0" bw="1" slack="2147483647"/>
</pin_list>
<bind>
<StgValue><ssdm name=""/></StgValue>
</bind>
</comp>

<comp id="112" class="1001" name="const_112">
<pin_list>
<pin id="113" dir="1" index="0" bw="1" slack="2147483647"/>
</pin_list>
<bind>
<StgValue><ssdm name="empty_422"/></StgValue>
</bind>
</comp>

<comp id="114" class="1001" name="const_114">
<pin_list>
<pin id="115" dir="1" index="0" bw="1" slack="2147483647"/>
</pin_list>
<bind>
<StgValue><ssdm name="empty_421"/></StgValue>
</bind>
</comp>

<comp id="116" class="1001" name="const_116">
<pin_list>
<pin id="117" dir="1" index="0" bw="1" slack="2147483647"/>
</pin_list>
<bind>
<StgValue><ssdm name="empty_419"/></StgValue>
</bind>
</comp>

<comp id="118" class="1001" name="const_118">
<pin_list>
<pin id="119" dir="1" index="0" bw="1" slack="2147483647"/>
</pin_list>
<bind>
<StgValue><ssdm name="_ssdm_op_SpecChannel"/></StgValue>
</bind>
</comp>

<comp id="120" class="1001" name="const_120">
<pin_list>
<pin id="121" dir="1" index="0" bw="1" slack="2147483647"/>
</pin_list>
<bind>
<StgValue><ssdm name="cos_pe0_str"/></StgValue>
</bind>
</comp>

<comp id="122" class="1001" name="const_122">
<pin_list>
<pin id="123" dir="1" index="0" bw="1" slack="2147483647"/>
</pin_list>
<bind>
<StgValue><ssdm name="p_str"/></StgValue>
</bind>
</comp>

<comp id="124" class="1001" name="const_124">
<pin_list>
<pin id="125" dir="1" index="0" bw="1" slack="2147483647"/>
</pin_list>
<bind>
<StgValue><ssdm name=""/></StgValue>
</bind>
</comp>

<comp id="126" class="1001" name="const_126">
<pin_list>
<pin id="127" dir="1" index="0" bw="1" slack="2147483647"/>
</pin_list>
<bind>
<StgValue><ssdm name=""/></StgValue>
</bind>
</comp>

<comp id="128" class="1001" name="const_128">
<pin_list>
<pin id="129" dir="1" index="0" bw="1" slack="2147483647"/>
</pin_list>
<bind>
<StgValue><ssdm name="empty_447"/></StgValue>
</bind>
</comp>

<comp id="130" class="1001" name="const_130">
<pin_list>
<pin id="131" dir="1" index="0" bw="1" slack="2147483647"/>
</pin_list>
<bind>
<StgValue><ssdm name="cos_pe1_str"/></StgValue>
</bind>
</comp>

<comp id="132" class="1001" name="const_132">
<pin_list>
<pin id="133" dir="1" index="0" bw="1" slack="2147483647"/>
</pin_list>
<bind>
<StgValue><ssdm name="cos_pe2_str"/></StgValue>
</bind>
</comp>

<comp id="134" class="1001" name="const_134">
<pin_list>
<pin id="135" dir="1" index="0" bw="1" slack="2147483647"/>
</pin_list>
<bind>
<StgValue><ssdm name="cos_pe3_str"/></StgValue>
</bind>
</comp>

<comp id="136" class="1001" name="const_136">
<pin_list>
<pin id="137" dir="1" index="0" bw="1" slack="2147483647"/>
</pin_list>
<bind>
<StgValue><ssdm name="sin_pe0_str"/></StgValue>
</bind>
</comp>

<comp id="138" class="1001" name="const_138">
<pin_list>
<pin id="139" dir="1" index="0" bw="1" slack="2147483647"/>
</pin_list>
<bind>
<StgValue><ssdm name="sin_pe1_str"/></StgValue>
</bind>
</comp>

<comp id="140" class="1001" name="const_140">
<pin_list>
<pin id="141" dir="1" index="0" bw="1" slack="2147483647"/>
</pin_list>
<bind>
<StgValue><ssdm name="sin_pe2_str"/></StgValue>
</bind>
</comp>

<comp id="142" class="1001" name="const_142">
<pin_list>
<pin id="143" dir="1" index="0" bw="1" slack="2147483647"/>
</pin_list>
<bind>
<StgValue><ssdm name="sin_pe3_str"/></StgValue>
</bind>
</comp>

<comp id="144" class="1001" name="const_144">
<pin_list>
<pin id="145" dir="1" index="0" bw="1" slack="2147483647"/>
</pin_list>
<bind>
<StgValue><ssdm name="quantized_pe0_str"/></StgValue>
</bind>
</comp>

<comp id="146" class="1001" name="const_146">
<pin_list>
<pin id="147" dir="1" index="0" bw="1" slack="2147483647"/>
</pin_list>
<bind>
<StgValue><ssdm name=""/></StgValue>
</bind>
</comp>

<comp id="148" class="1001" name="const_148">
<pin_list>
<pin id="149" dir="1" index="0" bw="1" slack="2147483647"/>
</pin_list>
<bind>
<StgValue><ssdm name="quantized_pe1_str"/></StgValue>
</bind>
</comp>

<comp id="150" class="1001" name="const_150">
<pin_list>
<pin id="151" dir="1" index="0" bw="1" slack="2147483647"/>
</pin_list>
<bind>
<StgValue><ssdm name="quantized_pe2_str"/></StgValue>
</bind>
</comp>

<comp id="152" class="1001" name="const_152">
<pin_list>
<pin id="153" dir="1" index="0" bw="1" slack="2147483647"/>
</pin_list>
<bind>
<StgValue><ssdm name="quantized_pe3_str"/></StgValue>
</bind>
</comp>

<comp id="154" class="1001" name="const_154">
<pin_list>
<pin id="155" dir="1" index="0" bw="1" slack="2147483647"/>
</pin_list>
<bind>
<StgValue><ssdm name="scale_pe0_str"/></StgValue>
</bind>
</comp>

<comp id="156" class="1001" name="const_156">
<pin_list>
<pin id="157" dir="1" index="0" bw="1" slack="2147483647"/>
</pin_list>
<bind>
<StgValue><ssdm name="scale_pe1_str"/></StgValue>
</bind>
</comp>

<comp id="158" class="1001" name="const_158">
<pin_list>
<pin id="159" dir="1" index="0" bw="1" slack="2147483647"/>
</pin_list>
<bind>
<StgValue><ssdm name="scale_pe2_str"/></StgValue>
</bind>
</comp>

<comp id="160" class="1001" name="const_160">
<pin_list>
<pin id="161" dir="1" index="0" bw="1" slack="2147483647"/>
</pin_list>
<bind>
<StgValue><ssdm name="scale_pe3_str"/></StgValue>
</bind>
</comp>

<comp id="162" class="1001" name="const_162">
<pin_list>
<pin id="163" dir="1" index="0" bw="1" slack="2147483647"/>
</pin_list>
<bind>
<StgValue><ssdm name="swiftkv_command_pe0_str"/></StgValue>
</bind>
</comp>

<comp id="164" class="1001" name="const_164">
<pin_list>
<pin id="165" dir="1" index="0" bw="1" slack="2147483647"/>
</pin_list>
<bind>
<StgValue><ssdm name="swiftkv_command_pe1_str"/></StgValue>
</bind>
</comp>

<comp id="166" class="1001" name="const_166">
<pin_list>
<pin id="167" dir="1" index="0" bw="1" slack="2147483647"/>
</pin_list>
<bind>
<StgValue><ssdm name="swiftkv_command_pe2_str"/></StgValue>
</bind>
</comp>

<comp id="168" class="1001" name="const_168">
<pin_list>
<pin id="169" dir="1" index="0" bw="1" slack="2147483647"/>
</pin_list>
<bind>
<StgValue><ssdm name="swiftkv_command_pe3_str"/></StgValue>
</bind>
</comp>

<comp id="170" class="1004" name="cos_pe0_fu_170">
<pin_list>
<pin id="171" dir="0" index="0" bw="1" slack="0"/>
<pin id="172" dir="1" index="1" bw="19" slack="0"/>
</pin_list>
<bind>
<opcode="alloca(26) " fcode="alloca"/>
<opset="cos_pe0/1 "/>
</bind>
</comp>

<comp id="174" class="1004" name="cos_pe1_fu_174">
<pin_list>
<pin id="175" dir="0" index="0" bw="1" slack="0"/>
<pin id="176" dir="1" index="1" bw="19" slack="0"/>
</pin_list>
<bind>
<opcode="alloca(26) " fcode="alloca"/>
<opset="cos_pe1/1 "/>
</bind>
</comp>

<comp id="178" class="1004" name="cos_pe2_fu_178">
<pin_list>
<pin id="179" dir="0" index="0" bw="1" slack="0"/>
<pin id="180" dir="1" index="1" bw="19" slack="0"/>
</pin_list>
<bind>
<opcode="alloca(26) " fcode="alloca"/>
<opset="cos_pe2/1 "/>
</bind>
</comp>

<comp id="182" class="1004" name="cos_pe3_fu_182">
<pin_list>
<pin id="183" dir="0" index="0" bw="1" slack="0"/>
<pin id="184" dir="1" index="1" bw="19" slack="0"/>
</pin_list>
<bind>
<opcode="alloca(26) " fcode="alloca"/>
<opset="cos_pe3/1 "/>
</bind>
</comp>

<comp id="186" class="1004" name="sin_pe0_fu_186">
<pin_list>
<pin id="187" dir="0" index="0" bw="1" slack="0"/>
<pin id="188" dir="1" index="1" bw="19" slack="0"/>
</pin_list>
<bind>
<opcode="alloca(26) " fcode="alloca"/>
<opset="sin_pe0/1 "/>
</bind>
</comp>

<comp id="190" class="1004" name="sin_pe1_fu_190">
<pin_list>
<pin id="191" dir="0" index="0" bw="1" slack="0"/>
<pin id="192" dir="1" index="1" bw="19" slack="0"/>
</pin_list>
<bind>
<opcode="alloca(26) " fcode="alloca"/>
<opset="sin_pe1/1 "/>
</bind>
</comp>

<comp id="194" class="1004" name="sin_pe2_fu_194">
<pin_list>
<pin id="195" dir="0" index="0" bw="1" slack="0"/>
<pin id="196" dir="1" index="1" bw="19" slack="0"/>
</pin_list>
<bind>
<opcode="alloca(26) " fcode="alloca"/>
<opset="sin_pe2/1 "/>
</bind>
</comp>

<comp id="198" class="1004" name="sin_pe3_fu_198">
<pin_list>
<pin id="199" dir="0" index="0" bw="1" slack="0"/>
<pin id="200" dir="1" index="1" bw="19" slack="0"/>
</pin_list>
<bind>
<opcode="alloca(26) " fcode="alloca"/>
<opset="sin_pe3/1 "/>
</bind>
</comp>

<comp id="202" class="1004" name="quantized_pe0_fu_202">
<pin_list>
<pin id="203" dir="0" index="0" bw="1" slack="0"/>
<pin id="204" dir="1" index="1" bw="480" slack="2"/>
</pin_list>
<bind>
<opcode="alloca(26) " fcode="alloca"/>
<opset="quantized_pe0/1 "/>
</bind>
</comp>

<comp id="206" class="1004" name="quantized_pe1_fu_206">
<pin_list>
<pin id="207" dir="0" index="0" bw="1" slack="0"/>
<pin id="208" dir="1" index="1" bw="480" slack="2"/>
</pin_list>
<bind>
<opcode="alloca(26) " fcode="alloca"/>
<opset="quantized_pe1/1 "/>
</bind>
</comp>

<comp id="210" class="1004" name="quantized_pe2_fu_210">
<pin_list>
<pin id="211" dir="0" index="0" bw="1" slack="0"/>
<pin id="212" dir="1" index="1" bw="480" slack="2"/>
</pin_list>
<bind>
<opcode="alloca(26) " fcode="alloca"/>
<opset="quantized_pe2/1 "/>
</bind>
</comp>

<comp id="214" class="1004" name="quantized_pe3_fu_214">
<pin_list>
<pin id="215" dir="0" index="0" bw="1" slack="0"/>
<pin id="216" dir="1" index="1" bw="480" slack="2"/>
</pin_list>
<bind>
<opcode="alloca(26) " fcode="alloca"/>
<opset="quantized_pe3/1 "/>
</bind>
</comp>

<comp id="218" class="1004" name="scale_pe0_fu_218">
<pin_list>
<pin id="219" dir="0" index="0" bw="1" slack="0"/>
<pin id="220" dir="1" index="1" bw="32" slack="2"/>
</pin_list>
<bind>
<opcode="alloca(26) " fcode="alloca"/>
<opset="scale_pe0/1 "/>
</bind>
</comp>

<comp id="222" class="1004" name="scale_pe1_fu_222">
<pin_list>
<pin id="223" dir="0" index="0" bw="1" slack="0"/>
<pin id="224" dir="1" index="1" bw="32" slack="2"/>
</pin_list>
<bind>
<opcode="alloca(26) " fcode="alloca"/>
<opset="scale_pe1/1 "/>
</bind>
</comp>

<comp id="226" class="1004" name="scale_pe2_fu_226">
<pin_list>
<pin id="227" dir="0" index="0" bw="1" slack="0"/>
<pin id="228" dir="1" index="1" bw="32" slack="2"/>
</pin_list>
<bind>
<opcode="alloca(26) " fcode="alloca"/>
<opset="scale_pe2/1 "/>
</bind>
</comp>

<comp id="230" class="1004" name="scale_pe3_fu_230">
<pin_list>
<pin id="231" dir="0" index="0" bw="1" slack="0"/>
<pin id="232" dir="1" index="1" bw="32" slack="2"/>
</pin_list>
<bind>
<opcode="alloca(26) " fcode="alloca"/>
<opset="scale_pe3/1 "/>
</bind>
</comp>

<comp id="234" class="1004" name="swiftkv_command_pe0_fu_234">
<pin_list>
<pin id="235" dir="0" index="0" bw="1" slack="0"/>
<pin id="236" dir="1" index="1" bw="18" slack="1"/>
</pin_list>
<bind>
<opcode="alloca(26) " fcode="alloca"/>
<opset="swiftkv_command_pe0/1 "/>
</bind>
</comp>

<comp id="238" class="1004" name="swiftkv_command_pe1_fu_238">
<pin_list>
<pin id="239" dir="0" index="0" bw="1" slack="0"/>
<pin id="240" dir="1" index="1" bw="18" slack="1"/>
</pin_list>
<bind>
<opcode="alloca(26) " fcode="alloca"/>
<opset="swiftkv_command_pe1/1 "/>
</bind>
</comp>

<comp id="242" class="1004" name="swiftkv_command_pe2_fu_242">
<pin_list>
<pin id="243" dir="0" index="0" bw="1" slack="0"/>
<pin id="244" dir="1" index="1" bw="18" slack="1"/>
</pin_list>
<bind>
<opcode="alloca(26) " fcode="alloca"/>
<opset="swiftkv_command_pe2/1 "/>
</bind>
</comp>

<comp id="246" class="1004" name="swiftkv_command_pe3_fu_246">
<pin_list>
<pin id="247" dir="0" index="0" bw="1" slack="0"/>
<pin id="248" dir="1" index="1" bw="18" slack="1"/>
</pin_list>
<bind>
<opcode="alloca(26) " fcode="alloca"/>
<opset="swiftkv_command_pe3/1 "/>
</bind>
</comp>

<comp id="250" class="1004" name="controller_position_val_read_read_fu_250">
<pin_list>
<pin id="251" dir="0" index="0" bw="12" slack="0"/>
<pin id="252" dir="0" index="1" bw="12" slack="0"/>
<pin id="253" dir="1" index="2" bw="12" slack="0"/>
</pin_list>
<bind>
<opcode="read(1150) " fcode="read"/>
<opset="controller_position_val_read/2 "/>
</bind>
</comp>

<comp id="256" class="1004" name="controller_layer_index_val_read_read_fu_256">
<pin_list>
<pin id="257" dir="0" index="0" bw="6" slack="0"/>
<pin id="258" dir="0" index="1" bw="6" slack="0"/>
<pin id="259" dir="1" index="2" bw="6" slack="0"/>
</pin_list>
<bind>
<opcode="read(1150) " fcode="read"/>
<opset="controller_layer_index_val_read/2 "/>
</bind>
</comp>

<comp id="262" class="1004" name="kv_cache_pe3_read_read_fu_262">
<pin_list>
<pin id="263" dir="0" index="0" bw="64" slack="0"/>
<pin id="264" dir="0" index="1" bw="64" slack="0"/>
<pin id="265" dir="1" index="2" bw="64" slack="0"/>
</pin_list>
<bind>
<opcode="read(1150) " fcode="read"/>
<opset="kv_cache_pe3_read/3 "/>
</bind>
</comp>

<comp id="268" class="1004" name="kv_cache_pe2_read_read_fu_268">
<pin_list>
<pin id="269" dir="0" index="0" bw="64" slack="0"/>
<pin id="270" dir="0" index="1" bw="64" slack="0"/>
<pin id="271" dir="1" index="2" bw="64" slack="0"/>
</pin_list>
<bind>
<opcode="read(1150) " fcode="read"/>
<opset="kv_cache_pe2_read/3 "/>
</bind>
</comp>

<comp id="274" class="1004" name="kv_cache_pe1_read_read_fu_274">
<pin_list>
<pin id="275" dir="0" index="0" bw="64" slack="0"/>
<pin id="276" dir="0" index="1" bw="64" slack="0"/>
<pin id="277" dir="1" index="2" bw="64" slack="0"/>
</pin_list>
<bind>
<opcode="read(1150) " fcode="read"/>
<opset="kv_cache_pe1_read/3 "/>
</bind>
</comp>

<comp id="280" class="1004" name="kv_cache_pe0_read_read_fu_280">
<pin_list>
<pin id="281" dir="0" index="0" bw="64" slack="0"/>
<pin id="282" dir="0" index="1" bw="64" slack="0"/>
<pin id="283" dir="1" index="2" bw="64" slack="0"/>
</pin_list>
<bind>
<opcode="read(1150) " fcode="read"/>
<opset="kv_cache_pe0_read/3 "/>
</bind>
</comp>

<comp id="286" class="1004" name="grp_swiftkv_broadcast_rope_fu_286">
<pin_list>
<pin id="287" dir="0" index="0" bw="0" slack="0"/>
<pin id="288" dir="0" index="1" bw="19" slack="0"/>
<pin id="289" dir="0" index="2" bw="19" slack="0"/>
<pin id="290" dir="0" index="3" bw="19" slack="0"/>
<pin id="291" dir="0" index="4" bw="19" slack="0"/>
<pin id="292" dir="0" index="5" bw="19" slack="0"/>
<pin id="293" dir="0" index="6" bw="19" slack="0"/>
<pin id="294" dir="0" index="7" bw="19" slack="0"/>
<pin id="295" dir="0" index="8" bw="19" slack="0"/>
<pin id="296" dir="0" index="9" bw="19" slack="0"/>
<pin id="297" dir="0" index="10" bw="19" slack="0"/>
<pin id="298" dir="1" index="11" bw="0" slack="2147483647"/>
</pin_list>
<bind>
<opcode="call(48) " fcode="call"/>
<opset="call_ln2234/1 "/>
</bind>
</comp>

<comp id="302" class="1004" name="call_ln2229_swiftkv_broadcast_pe_commands_fu_302">
<pin_list>
<pin id="303" dir="0" index="0" bw="0" slack="0"/>
<pin id="304" dir="0" index="1" bw="18" slack="1"/>
<pin id="305" dir="0" index="2" bw="18" slack="1"/>
<pin id="306" dir="0" index="3" bw="18" slack="1"/>
<pin id="307" dir="0" index="4" bw="18" slack="1"/>
<pin id="308" dir="0" index="5" bw="6" slack="0"/>
<pin id="309" dir="0" index="6" bw="12" slack="0"/>
<pin id="310" dir="1" index="7" bw="0" slack="2147483647"/>
</pin_list>
<bind>
<opcode="call(48) " fcode="call"/>
<opset="call_ln2229/2 "/>
</bind>
</comp>

<comp id="314" class="1004" name="grp_swiftkv_run_pe_0_s_fu_314">
<pin_list>
<pin id="315" dir="0" index="0" bw="0" slack="0"/>
<pin id="316" dir="0" index="1" bw="512" slack="0"/>
<pin id="317" dir="0" index="2" bw="512" slack="0"/>
<pin id="318" dir="0" index="3" bw="512" slack="0"/>
<pin id="319" dir="0" index="4" bw="512" slack="0"/>
<pin id="320" dir="0" index="5" bw="64" slack="0"/>
<pin id="321" dir="0" index="6" bw="19" slack="2"/>
<pin id="322" dir="0" index="7" bw="19" slack="2"/>
<pin id="323" dir="0" index="8" bw="480" slack="2"/>
<pin id="324" dir="0" index="9" bw="32" slack="2"/>
<pin id="325" dir="0" index="10" bw="18" slack="2"/>
<pin id="326" dir="0" index="11" bw="32" slack="0"/>
<pin id="327" dir="1" index="12" bw="0" slack="2147483647"/>
</pin_list>
<bind>
<opcode="call(48) " fcode="call"/>
<opset="call_ln2238/3 "/>
</bind>
</comp>

<comp id="335" class="1004" name="grp_swiftkv_run_pe_1_s_fu_335">
<pin_list>
<pin id="336" dir="0" index="0" bw="0" slack="0"/>
<pin id="337" dir="0" index="1" bw="512" slack="0"/>
<pin id="338" dir="0" index="2" bw="512" slack="0"/>
<pin id="339" dir="0" index="3" bw="512" slack="0"/>
<pin id="340" dir="0" index="4" bw="512" slack="0"/>
<pin id="341" dir="0" index="5" bw="64" slack="0"/>
<pin id="342" dir="0" index="6" bw="19" slack="2"/>
<pin id="343" dir="0" index="7" bw="19" slack="2"/>
<pin id="344" dir="0" index="8" bw="480" slack="2"/>
<pin id="345" dir="0" index="9" bw="32" slack="2"/>
<pin id="346" dir="0" index="10" bw="18" slack="2"/>
<pin id="347" dir="0" index="11" bw="32" slack="0"/>
<pin id="348" dir="1" index="12" bw="0" slack="2147483647"/>
</pin_list>
<bind>
<opcode="call(48) " fcode="call"/>
<opset="call_ln2243/3 "/>
</bind>
</comp>

<comp id="356" class="1004" name="grp_swiftkv_run_pe_2_s_fu_356">
<pin_list>
<pin id="357" dir="0" index="0" bw="0" slack="0"/>
<pin id="358" dir="0" index="1" bw="512" slack="0"/>
<pin id="359" dir="0" index="2" bw="512" slack="0"/>
<pin id="360" dir="0" index="3" bw="512" slack="0"/>
<pin id="361" dir="0" index="4" bw="512" slack="0"/>
<pin id="362" dir="0" index="5" bw="64" slack="0"/>
<pin id="363" dir="0" index="6" bw="19" slack="2"/>
<pin id="364" dir="0" index="7" bw="19" slack="2"/>
<pin id="365" dir="0" index="8" bw="480" slack="2"/>
<pin id="366" dir="0" index="9" bw="32" slack="2"/>
<pin id="367" dir="0" index="10" bw="18" slack="2"/>
<pin id="368" dir="0" index="11" bw="32" slack="0"/>
<pin id="369" dir="1" index="12" bw="0" slack="2147483647"/>
</pin_list>
<bind>
<opcode="call(48) " fcode="call"/>
<opset="call_ln2248/3 "/>
</bind>
</comp>

<comp id="377" class="1004" name="grp_swiftkv_run_pe_3_s_fu_377">
<pin_list>
<pin id="378" dir="0" index="0" bw="0" slack="0"/>
<pin id="379" dir="0" index="1" bw="512" slack="0"/>
<pin id="380" dir="0" index="2" bw="512" slack="0"/>
<pin id="381" dir="0" index="3" bw="512" slack="0"/>
<pin id="382" dir="0" index="4" bw="512" slack="0"/>
<pin id="383" dir="0" index="5" bw="64" slack="0"/>
<pin id="384" dir="0" index="6" bw="19" slack="2"/>
<pin id="385" dir="0" index="7" bw="19" slack="2"/>
<pin id="386" dir="0" index="8" bw="480" slack="2"/>
<pin id="387" dir="0" index="9" bw="32" slack="2"/>
<pin id="388" dir="0" index="10" bw="18" slack="2"/>
<pin id="389" dir="0" index="11" bw="32" slack="0"/>
<pin id="390" dir="1" index="12" bw="0" slack="2147483647"/>
</pin_list>
<bind>
<opcode="call(48) " fcode="call"/>
<opset="call_ln2253/3 "/>
</bind>
</comp>

<comp id="398" class="1004" name="grp_swiftkv_gather_attention_streams_fu_398">
<pin_list>
<pin id="399" dir="0" index="0" bw="0" slack="0"/>
<pin id="400" dir="0" index="1" bw="480" slack="4"/>
<pin id="401" dir="0" index="2" bw="480" slack="4"/>
<pin id="402" dir="0" index="3" bw="480" slack="4"/>
<pin id="403" dir="0" index="4" bw="480" slack="4"/>
<pin id="404" dir="0" index="5" bw="32" slack="4"/>
<pin id="405" dir="0" index="6" bw="32" slack="4"/>
<pin id="406" dir="0" index="7" bw="32" slack="4"/>
<pin id="407" dir="0" index="8" bw="32" slack="4"/>
<pin id="408" dir="0" index="9" bw="480" slack="0"/>
<pin id="409" dir="0" index="10" bw="512" slack="0"/>
<pin id="410" dir="1" index="11" bw="0" slack="2147483647"/>
</pin_list>
<bind>
<opcode="call(48) " fcode="call"/>
<opset="call_ln2259/5 "/>
</bind>
</comp>

<comp id="414" class="1005" name="cos_pe0_reg_414">
<pin_list>
<pin id="415" dir="0" index="0" bw="19" slack="0"/>
<pin id="416" dir="1" index="1" bw="19" slack="0"/>
</pin_list>
<bind>
<opset="cos_pe0 "/>
</bind>
</comp>

<comp id="420" class="1005" name="cos_pe1_reg_420">
<pin_list>
<pin id="421" dir="0" index="0" bw="19" slack="0"/>
<pin id="422" dir="1" index="1" bw="19" slack="0"/>
</pin_list>
<bind>
<opset="cos_pe1 "/>
</bind>
</comp>

<comp id="426" class="1005" name="cos_pe2_reg_426">
<pin_list>
<pin id="427" dir="0" index="0" bw="19" slack="0"/>
<pin id="428" dir="1" index="1" bw="19" slack="0"/>
</pin_list>
<bind>
<opset="cos_pe2 "/>
</bind>
</comp>

<comp id="432" class="1005" name="cos_pe3_reg_432">
<pin_list>
<pin id="433" dir="0" index="0" bw="19" slack="0"/>
<pin id="434" dir="1" index="1" bw="19" slack="0"/>
</pin_list>
<bind>
<opset="cos_pe3 "/>
</bind>
</comp>

<comp id="438" class="1005" name="sin_pe0_reg_438">
<pin_list>
<pin id="439" dir="0" index="0" bw="19" slack="0"/>
<pin id="440" dir="1" index="1" bw="19" slack="0"/>
</pin_list>
<bind>
<opset="sin_pe0 "/>
</bind>
</comp>

<comp id="444" class="1005" name="sin_pe1_reg_444">
<pin_list>
<pin id="445" dir="0" index="0" bw="19" slack="0"/>
<pin id="446" dir="1" index="1" bw="19" slack="0"/>
</pin_list>
<bind>
<opset="sin_pe1 "/>
</bind>
</comp>

<comp id="450" class="1005" name="sin_pe2_reg_450">
<pin_list>
<pin id="451" dir="0" index="0" bw="19" slack="0"/>
<pin id="452" dir="1" index="1" bw="19" slack="0"/>
</pin_list>
<bind>
<opset="sin_pe2 "/>
</bind>
</comp>

<comp id="456" class="1005" name="sin_pe3_reg_456">
<pin_list>
<pin id="457" dir="0" index="0" bw="19" slack="0"/>
<pin id="458" dir="1" index="1" bw="19" slack="0"/>
</pin_list>
<bind>
<opset="sin_pe3 "/>
</bind>
</comp>

<comp id="462" class="1005" name="quantized_pe0_reg_462">
<pin_list>
<pin id="463" dir="0" index="0" bw="480" slack="2"/>
<pin id="464" dir="1" index="1" bw="480" slack="2"/>
</pin_list>
<bind>
<opset="quantized_pe0 "/>
</bind>
</comp>

<comp id="468" class="1005" name="quantized_pe1_reg_468">
<pin_list>
<pin id="469" dir="0" index="0" bw="480" slack="2"/>
<pin id="470" dir="1" index="1" bw="480" slack="2"/>
</pin_list>
<bind>
<opset="quantized_pe1 "/>
</bind>
</comp>

<comp id="474" class="1005" name="quantized_pe2_reg_474">
<pin_list>
<pin id="475" dir="0" index="0" bw="480" slack="2"/>
<pin id="476" dir="1" index="1" bw="480" slack="2"/>
</pin_list>
<bind>
<opset="quantized_pe2 "/>
</bind>
</comp>

<comp id="480" class="1005" name="quantized_pe3_reg_480">
<pin_list>
<pin id="481" dir="0" index="0" bw="480" slack="2"/>
<pin id="482" dir="1" index="1" bw="480" slack="2"/>
</pin_list>
<bind>
<opset="quantized_pe3 "/>
</bind>
</comp>

<comp id="486" class="1005" name="scale_pe0_reg_486">
<pin_list>
<pin id="487" dir="0" index="0" bw="32" slack="2"/>
<pin id="488" dir="1" index="1" bw="32" slack="2"/>
</pin_list>
<bind>
<opset="scale_pe0 "/>
</bind>
</comp>

<comp id="492" class="1005" name="scale_pe1_reg_492">
<pin_list>
<pin id="493" dir="0" index="0" bw="32" slack="2"/>
<pin id="494" dir="1" index="1" bw="32" slack="2"/>
</pin_list>
<bind>
<opset="scale_pe1 "/>
</bind>
</comp>

<comp id="498" class="1005" name="scale_pe2_reg_498">
<pin_list>
<pin id="499" dir="0" index="0" bw="32" slack="2"/>
<pin id="500" dir="1" index="1" bw="32" slack="2"/>
</pin_list>
<bind>
<opset="scale_pe2 "/>
</bind>
</comp>

<comp id="504" class="1005" name="scale_pe3_reg_504">
<pin_list>
<pin id="505" dir="0" index="0" bw="32" slack="2"/>
<pin id="506" dir="1" index="1" bw="32" slack="2"/>
</pin_list>
<bind>
<opset="scale_pe3 "/>
</bind>
</comp>

<comp id="510" class="1005" name="swiftkv_command_pe0_reg_510">
<pin_list>
<pin id="511" dir="0" index="0" bw="18" slack="1"/>
<pin id="512" dir="1" index="1" bw="18" slack="1"/>
</pin_list>
<bind>
<opset="swiftkv_command_pe0 "/>
</bind>
</comp>

<comp id="516" class="1005" name="swiftkv_command_pe1_reg_516">
<pin_list>
<pin id="517" dir="0" index="0" bw="18" slack="1"/>
<pin id="518" dir="1" index="1" bw="18" slack="1"/>
</pin_list>
<bind>
<opset="swiftkv_command_pe1 "/>
</bind>
</comp>

<comp id="522" class="1005" name="swiftkv_command_pe2_reg_522">
<pin_list>
<pin id="523" dir="0" index="0" bw="18" slack="1"/>
<pin id="524" dir="1" index="1" bw="18" slack="1"/>
</pin_list>
<bind>
<opset="swiftkv_command_pe2 "/>
</bind>
</comp>

<comp id="528" class="1005" name="swiftkv_command_pe3_reg_528">
<pin_list>
<pin id="529" dir="0" index="0" bw="18" slack="1"/>
<pin id="530" dir="1" index="1" bw="18" slack="1"/>
</pin_list>
<bind>
<opset="swiftkv_command_pe3 "/>
</bind>
</comp>

<comp id="534" class="1005" name="kv_cache_pe3_read_reg_534">
<pin_list>
<pin id="535" dir="0" index="0" bw="64" slack="1"/>
<pin id="536" dir="1" index="1" bw="64" slack="1"/>
</pin_list>
<bind>
<opset="kv_cache_pe3_read "/>
</bind>
</comp>

<comp id="539" class="1005" name="kv_cache_pe2_read_reg_539">
<pin_list>
<pin id="540" dir="0" index="0" bw="64" slack="1"/>
<pin id="541" dir="1" index="1" bw="64" slack="1"/>
</pin_list>
<bind>
<opset="kv_cache_pe2_read "/>
</bind>
</comp>

<comp id="544" class="1005" name="kv_cache_pe1_read_reg_544">
<pin_list>
<pin id="545" dir="0" index="0" bw="64" slack="1"/>
<pin id="546" dir="1" index="1" bw="64" slack="1"/>
</pin_list>
<bind>
<opset="kv_cache_pe1_read "/>
</bind>
</comp>

<comp id="549" class="1005" name="kv_cache_pe0_read_reg_549">
<pin_list>
<pin id="550" dir="0" index="0" bw="64" slack="1"/>
<pin id="551" dir="1" index="1" bw="64" slack="1"/>
</pin_list>
<bind>
<opset="kv_cache_pe0_read "/>
</bind>
</comp>

</comp_list>

<net_list>
<net id="173"><net_src comp="54" pin="0"/><net_sink comp="170" pin=0"/></net>

<net id="177"><net_src comp="54" pin="0"/><net_sink comp="174" pin=0"/></net>

<net id="181"><net_src comp="54" pin="0"/><net_sink comp="178" pin=0"/></net>

<net id="185"><net_src comp="54" pin="0"/><net_sink comp="182" pin=0"/></net>

<net id="189"><net_src comp="54" pin="0"/><net_sink comp="186" pin=0"/></net>

<net id="193"><net_src comp="54" pin="0"/><net_sink comp="190" pin=0"/></net>

<net id="197"><net_src comp="54" pin="0"/><net_sink comp="194" pin=0"/></net>

<net id="201"><net_src comp="54" pin="0"/><net_sink comp="198" pin=0"/></net>

<net id="205"><net_src comp="54" pin="0"/><net_sink comp="202" pin=0"/></net>

<net id="209"><net_src comp="54" pin="0"/><net_sink comp="206" pin=0"/></net>

<net id="213"><net_src comp="54" pin="0"/><net_sink comp="210" pin=0"/></net>

<net id="217"><net_src comp="54" pin="0"/><net_sink comp="214" pin=0"/></net>

<net id="221"><net_src comp="54" pin="0"/><net_sink comp="218" pin=0"/></net>

<net id="225"><net_src comp="54" pin="0"/><net_sink comp="222" pin=0"/></net>

<net id="229"><net_src comp="54" pin="0"/><net_sink comp="226" pin=0"/></net>

<net id="233"><net_src comp="54" pin="0"/><net_sink comp="230" pin=0"/></net>

<net id="237"><net_src comp="54" pin="0"/><net_sink comp="234" pin=0"/></net>

<net id="241"><net_src comp="54" pin="0"/><net_sink comp="238" pin=0"/></net>

<net id="245"><net_src comp="54" pin="0"/><net_sink comp="242" pin=0"/></net>

<net id="249"><net_src comp="54" pin="0"/><net_sink comp="246" pin=0"/></net>

<net id="254"><net_src comp="58" pin="0"/><net_sink comp="250" pin=0"/></net>

<net id="255"><net_src comp="50" pin="0"/><net_sink comp="250" pin=1"/></net>

<net id="260"><net_src comp="60" pin="0"/><net_sink comp="256" pin=0"/></net>

<net id="261"><net_src comp="48" pin="0"/><net_sink comp="256" pin=1"/></net>

<net id="266"><net_src comp="64" pin="0"/><net_sink comp="262" pin=0"/></net>

<net id="267"><net_src comp="38" pin="0"/><net_sink comp="262" pin=1"/></net>

<net id="272"><net_src comp="64" pin="0"/><net_sink comp="268" pin=0"/></net>

<net id="273"><net_src comp="34" pin="0"/><net_sink comp="268" pin=1"/></net>

<net id="278"><net_src comp="64" pin="0"/><net_sink comp="274" pin=0"/></net>

<net id="279"><net_src comp="30" pin="0"/><net_sink comp="274" pin=1"/></net>

<net id="284"><net_src comp="64" pin="0"/><net_sink comp="280" pin=0"/></net>

<net id="285"><net_src comp="26" pin="0"/><net_sink comp="280" pin=1"/></net>

<net id="299"><net_src comp="56" pin="0"/><net_sink comp="286" pin=0"/></net>

<net id="300"><net_src comp="40" pin="0"/><net_sink comp="286" pin=1"/></net>

<net id="301"><net_src comp="42" pin="0"/><net_sink comp="286" pin=2"/></net>

<net id="311"><net_src comp="62" pin="0"/><net_sink comp="302" pin=0"/></net>

<net id="312"><net_src comp="256" pin="2"/><net_sink comp="302" pin=5"/></net>

<net id="313"><net_src comp="250" pin="2"/><net_sink comp="302" pin=6"/></net>

<net id="328"><net_src comp="66" pin="0"/><net_sink comp="314" pin=0"/></net>

<net id="329"><net_src comp="0" pin="0"/><net_sink comp="314" pin=1"/></net>

<net id="330"><net_src comp="8" pin="0"/><net_sink comp="314" pin=2"/></net>

<net id="331"><net_src comp="16" pin="0"/><net_sink comp="314" pin=3"/></net>

<net id="332"><net_src comp="24" pin="0"/><net_sink comp="314" pin=4"/></net>

<net id="333"><net_src comp="280" pin="2"/><net_sink comp="314" pin=5"/></net>

<net id="334"><net_src comp="52" pin="0"/><net_sink comp="314" pin=11"/></net>

<net id="349"><net_src comp="68" pin="0"/><net_sink comp="335" pin=0"/></net>

<net id="350"><net_src comp="2" pin="0"/><net_sink comp="335" pin=1"/></net>

<net id="351"><net_src comp="10" pin="0"/><net_sink comp="335" pin=2"/></net>

<net id="352"><net_src comp="18" pin="0"/><net_sink comp="335" pin=3"/></net>

<net id="353"><net_src comp="28" pin="0"/><net_sink comp="335" pin=4"/></net>

<net id="354"><net_src comp="274" pin="2"/><net_sink comp="335" pin=5"/></net>

<net id="355"><net_src comp="52" pin="0"/><net_sink comp="335" pin=11"/></net>

<net id="370"><net_src comp="70" pin="0"/><net_sink comp="356" pin=0"/></net>

<net id="371"><net_src comp="4" pin="0"/><net_sink comp="356" pin=1"/></net>

<net id="372"><net_src comp="12" pin="0"/><net_sink comp="356" pin=2"/></net>

<net id="373"><net_src comp="20" pin="0"/><net_sink comp="356" pin=3"/></net>

<net id="374"><net_src comp="32" pin="0"/><net_sink comp="356" pin=4"/></net>

<net id="375"><net_src comp="268" pin="2"/><net_sink comp="356" pin=5"/></net>

<net id="376"><net_src comp="52" pin="0"/><net_sink comp="356" pin=11"/></net>

<net id="391"><net_src comp="72" pin="0"/><net_sink comp="377" pin=0"/></net>

<net id="392"><net_src comp="6" pin="0"/><net_sink comp="377" pin=1"/></net>

<net id="393"><net_src comp="14" pin="0"/><net_sink comp="377" pin=2"/></net>

<net id="394"><net_src comp="22" pin="0"/><net_sink comp="377" pin=3"/></net>

<net id="395"><net_src comp="36" pin="0"/><net_sink comp="377" pin=4"/></net>

<net id="396"><net_src comp="262" pin="2"/><net_sink comp="377" pin=5"/></net>

<net id="397"><net_src comp="52" pin="0"/><net_sink comp="377" pin=11"/></net>

<net id="411"><net_src comp="74" pin="0"/><net_sink comp="398" pin=0"/></net>

<net id="412"><net_src comp="44" pin="0"/><net_sink comp="398" pin=9"/></net>

<net id="413"><net_src comp="46" pin="0"/><net_sink comp="398" pin=10"/></net>

<net id="417"><net_src comp="170" pin="1"/><net_sink comp="414" pin=0"/></net>

<net id="418"><net_src comp="414" pin="1"/><net_sink comp="286" pin=3"/></net>

<net id="419"><net_src comp="414" pin="1"/><net_sink comp="314" pin=6"/></net>

<net id="423"><net_src comp="174" pin="1"/><net_sink comp="420" pin=0"/></net>

<net id="424"><net_src comp="420" pin="1"/><net_sink comp="286" pin=4"/></net>

<net id="425"><net_src comp="420" pin="1"/><net_sink comp="335" pin=6"/></net>

<net id="429"><net_src comp="178" pin="1"/><net_sink comp="426" pin=0"/></net>

<net id="430"><net_src comp="426" pin="1"/><net_sink comp="286" pin=5"/></net>

<net id="431"><net_src comp="426" pin="1"/><net_sink comp="356" pin=6"/></net>

<net id="435"><net_src comp="182" pin="1"/><net_sink comp="432" pin=0"/></net>

<net id="436"><net_src comp="432" pin="1"/><net_sink comp="286" pin=6"/></net>

<net id="437"><net_src comp="432" pin="1"/><net_sink comp="377" pin=6"/></net>

<net id="441"><net_src comp="186" pin="1"/><net_sink comp="438" pin=0"/></net>

<net id="442"><net_src comp="438" pin="1"/><net_sink comp="286" pin=7"/></net>

<net id="443"><net_src comp="438" pin="1"/><net_sink comp="314" pin=7"/></net>

<net id="447"><net_src comp="190" pin="1"/><net_sink comp="444" pin=0"/></net>

<net id="448"><net_src comp="444" pin="1"/><net_sink comp="286" pin=8"/></net>

<net id="449"><net_src comp="444" pin="1"/><net_sink comp="335" pin=7"/></net>

<net id="453"><net_src comp="194" pin="1"/><net_sink comp="450" pin=0"/></net>

<net id="454"><net_src comp="450" pin="1"/><net_sink comp="286" pin=9"/></net>

<net id="455"><net_src comp="450" pin="1"/><net_sink comp="356" pin=7"/></net>

<net id="459"><net_src comp="198" pin="1"/><net_sink comp="456" pin=0"/></net>

<net id="460"><net_src comp="456" pin="1"/><net_sink comp="286" pin=10"/></net>

<net id="461"><net_src comp="456" pin="1"/><net_sink comp="377" pin=7"/></net>

<net id="465"><net_src comp="202" pin="1"/><net_sink comp="462" pin=0"/></net>

<net id="466"><net_src comp="462" pin="1"/><net_sink comp="314" pin=8"/></net>

<net id="467"><net_src comp="462" pin="1"/><net_sink comp="398" pin=1"/></net>

<net id="471"><net_src comp="206" pin="1"/><net_sink comp="468" pin=0"/></net>

<net id="472"><net_src comp="468" pin="1"/><net_sink comp="335" pin=8"/></net>

<net id="473"><net_src comp="468" pin="1"/><net_sink comp="398" pin=2"/></net>

<net id="477"><net_src comp="210" pin="1"/><net_sink comp="474" pin=0"/></net>

<net id="478"><net_src comp="474" pin="1"/><net_sink comp="356" pin=8"/></net>

<net id="479"><net_src comp="474" pin="1"/><net_sink comp="398" pin=3"/></net>

<net id="483"><net_src comp="214" pin="1"/><net_sink comp="480" pin=0"/></net>

<net id="484"><net_src comp="480" pin="1"/><net_sink comp="377" pin=8"/></net>

<net id="485"><net_src comp="480" pin="1"/><net_sink comp="398" pin=4"/></net>

<net id="489"><net_src comp="218" pin="1"/><net_sink comp="486" pin=0"/></net>

<net id="490"><net_src comp="486" pin="1"/><net_sink comp="314" pin=9"/></net>

<net id="491"><net_src comp="486" pin="1"/><net_sink comp="398" pin=5"/></net>

<net id="495"><net_src comp="222" pin="1"/><net_sink comp="492" pin=0"/></net>

<net id="496"><net_src comp="492" pin="1"/><net_sink comp="335" pin=9"/></net>

<net id="497"><net_src comp="492" pin="1"/><net_sink comp="398" pin=6"/></net>

<net id="501"><net_src comp="226" pin="1"/><net_sink comp="498" pin=0"/></net>

<net id="502"><net_src comp="498" pin="1"/><net_sink comp="356" pin=9"/></net>

<net id="503"><net_src comp="498" pin="1"/><net_sink comp="398" pin=7"/></net>

<net id="507"><net_src comp="230" pin="1"/><net_sink comp="504" pin=0"/></net>

<net id="508"><net_src comp="504" pin="1"/><net_sink comp="377" pin=9"/></net>

<net id="509"><net_src comp="504" pin="1"/><net_sink comp="398" pin=8"/></net>

<net id="513"><net_src comp="234" pin="1"/><net_sink comp="510" pin=0"/></net>

<net id="514"><net_src comp="510" pin="1"/><net_sink comp="302" pin=1"/></net>

<net id="515"><net_src comp="510" pin="1"/><net_sink comp="314" pin=10"/></net>

<net id="519"><net_src comp="238" pin="1"/><net_sink comp="516" pin=0"/></net>

<net id="520"><net_src comp="516" pin="1"/><net_sink comp="302" pin=2"/></net>

<net id="521"><net_src comp="516" pin="1"/><net_sink comp="335" pin=10"/></net>

<net id="525"><net_src comp="242" pin="1"/><net_sink comp="522" pin=0"/></net>

<net id="526"><net_src comp="522" pin="1"/><net_sink comp="302" pin=3"/></net>

<net id="527"><net_src comp="522" pin="1"/><net_sink comp="356" pin=10"/></net>

<net id="531"><net_src comp="246" pin="1"/><net_sink comp="528" pin=0"/></net>

<net id="532"><net_src comp="528" pin="1"/><net_sink comp="302" pin=4"/></net>

<net id="533"><net_src comp="528" pin="1"/><net_sink comp="377" pin=10"/></net>

<net id="537"><net_src comp="262" pin="2"/><net_sink comp="534" pin=0"/></net>

<net id="538"><net_src comp="534" pin="1"/><net_sink comp="377" pin=5"/></net>

<net id="542"><net_src comp="268" pin="2"/><net_sink comp="539" pin=0"/></net>

<net id="543"><net_src comp="539" pin="1"/><net_sink comp="356" pin=5"/></net>

<net id="547"><net_src comp="274" pin="2"/><net_sink comp="544" pin=0"/></net>

<net id="548"><net_src comp="544" pin="1"/><net_sink comp="335" pin=5"/></net>

<net id="552"><net_src comp="280" pin="2"/><net_sink comp="549" pin=0"/></net>

<net id="553"><net_src comp="549" pin="1"/><net_sink comp="314" pin=5"/></net>

</net_list>

</model> 
---------------- Datapath Model END ------------------

* FSMD analyzer results:
  - Output states:
	Port: gmem0 | {3 4 }
	Port: gmem1 | {3 4 }
	Port: gmem2 | {3 4 }
	Port: gmem3 | {3 4 }
	Port: activation_q | {5 6 }
	Port: activation_scale | {5 6 }
 - Input state : 
	Port: swiftkv_run_four_pes : q_pe0 | {3 4 }
	Port: swiftkv_run_four_pes : q_pe1 | {3 4 }
	Port: swiftkv_run_four_pes : q_pe2 | {3 4 }
	Port: swiftkv_run_four_pes : q_pe3 | {3 4 }
	Port: swiftkv_run_four_pes : k_pe0 | {3 4 }
	Port: swiftkv_run_four_pes : k_pe1 | {3 4 }
	Port: swiftkv_run_four_pes : k_pe2 | {3 4 }
	Port: swiftkv_run_four_pes : k_pe3 | {3 4 }
	Port: swiftkv_run_four_pes : v_pe0 | {3 4 }
	Port: swiftkv_run_four_pes : v_pe1 | {3 4 }
	Port: swiftkv_run_four_pes : v_pe2 | {3 4 }
	Port: swiftkv_run_four_pes : v_pe3 | {3 4 }
	Port: swiftkv_run_four_pes : gmem0 | {3 4 }
	Port: swiftkv_run_four_pes : kv_cache_pe0 | {3 }
	Port: swiftkv_run_four_pes : gmem1 | {3 4 }
	Port: swiftkv_run_four_pes : kv_cache_pe1 | {3 }
	Port: swiftkv_run_four_pes : gmem2 | {3 4 }
	Port: swiftkv_run_four_pes : kv_cache_pe2 | {3 }
	Port: swiftkv_run_four_pes : gmem3 | {3 4 }
	Port: swiftkv_run_four_pes : kv_cache_pe3 | {3 }
	Port: swiftkv_run_four_pes : current_cos | {1 2 }
	Port: swiftkv_run_four_pes : current_sin | {1 2 }
	Port: swiftkv_run_four_pes : controller_layer_index_val | {2 }
	Port: swiftkv_run_four_pes : controller_position_val | {2 }
	Port: swiftkv_run_four_pes : SWIFTKV_EXP2_LUT_Q30 | {3 4 }
  - Chain level:
	State 1
		call_ln2234 : 1
	State 2
	State 3
	State 4
	State 5
	State 6


============================================================
+ Verbose Summary: Datapath Resource usage 
============================================================

* Functional unit list:
|----------|--------------------------------------------------|---------|---------|---------|---------|---------|
| Operation|                  Functional Unit                 |   BRAM  |   DSP   |  Delay  |    FF   |   LUT   |
|----------|--------------------------------------------------|---------|---------|---------|---------|---------|
|          |         grp_swiftkv_broadcast_rope_fu_286        |    0    |    0    |  0.774  |    19   |    46   |
|          | call_ln2229_swiftkv_broadcast_pe_commands_fu_302 |    0    |    0    |    0    |    0    |    0    |
|          |           grp_swiftkv_run_pe_0_s_fu_314          |    97   |    92   | 67.8637 |  43673  |  25812  |
|   call   |           grp_swiftkv_run_pe_1_s_fu_335          |    97   |    92   | 67.8637 |  43673  |  25812  |
|          |           grp_swiftkv_run_pe_2_s_fu_356          |    97   |    92   | 67.8637 |  43673  |  25812  |
|          |           grp_swiftkv_run_pe_3_s_fu_377          |    97   |    92   | 67.8637 |  43673  |  25812  |
|          |    grp_swiftkv_gather_attention_streams_fu_398   |    0    |    0    |    0    |   3109  |   585   |
|----------|--------------------------------------------------|---------|---------|---------|---------|---------|
|          |     controller_position_val_read_read_fu_250     |    0    |    0    |    0    |    0    |    0    |
|          |    controller_layer_index_val_read_read_fu_256   |    0    |    0    |    0    |    0    |    0    |
|   read   |           kv_cache_pe3_read_read_fu_262          |    0    |    0    |    0    |    0    |    0    |
|          |           kv_cache_pe2_read_read_fu_268          |    0    |    0    |    0    |    0    |    0    |
|          |           kv_cache_pe1_read_read_fu_274          |    0    |    0    |    0    |    0    |    0    |
|          |           kv_cache_pe0_read_read_fu_280          |    0    |    0    |    0    |    0    |    0    |
|----------|--------------------------------------------------|---------|---------|---------|---------|---------|
|   Total  |                                                  |   388   |   368   | 272.229 |  177820 |  103879 |
|----------|--------------------------------------------------|---------|---------|---------|---------|---------|

Memories:
N/A

* Register list:
+---------------------------+--------+
|                           |   FF   |
+---------------------------+--------+
|      cos_pe0_reg_414      |   19   |
|      cos_pe1_reg_420      |   19   |
|      cos_pe2_reg_426      |   19   |
|      cos_pe3_reg_432      |   19   |
| kv_cache_pe0_read_reg_549 |   64   |
| kv_cache_pe1_read_reg_544 |   64   |
| kv_cache_pe2_read_reg_539 |   64   |
| kv_cache_pe3_read_reg_534 |   64   |
|   quantized_pe0_reg_462   |   480  |
|   quantized_pe1_reg_468   |   480  |
|   quantized_pe2_reg_474   |   480  |
|   quantized_pe3_reg_480   |   480  |
|     scale_pe0_reg_486     |   32   |
|     scale_pe1_reg_492     |   32   |
|     scale_pe2_reg_498     |   32   |
|     scale_pe3_reg_504     |   32   |
|      sin_pe0_reg_438      |   19   |
|      sin_pe1_reg_444      |   19   |
|      sin_pe2_reg_450      |   19   |
|      sin_pe3_reg_456      |   19   |
|swiftkv_command_pe0_reg_510|   18   |
|swiftkv_command_pe1_reg_516|   18   |
|swiftkv_command_pe2_reg_522|   18   |
|swiftkv_command_pe3_reg_528|   18   |
+---------------------------+--------+
|           Total           |  2528  |
+---------------------------+--------+

* Multiplexer (MUX) list: 
|-------------------------------|------|------|------|--------||---------||---------|
|              Comp             |  Pin | Size |  BW  | S x BW ||  Delay  ||   LUT   |
|-------------------------------|------|------|------|--------||---------||---------|
| grp_swiftkv_run_pe_0_s_fu_314 |  p5  |   2  |  64  |   128  ||    9    |
| grp_swiftkv_run_pe_1_s_fu_335 |  p5  |   2  |  64  |   128  ||    9    |
| grp_swiftkv_run_pe_2_s_fu_356 |  p5  |   2  |  64  |   128  ||    9    |
| grp_swiftkv_run_pe_3_s_fu_377 |  p5  |   2  |  64  |   128  ||    9    |
|-------------------------------|------|------|------|--------||---------||---------|
|             Total             |      |      |      |   512  ||  1.548  ||    36   |
|-------------------------------|------|------|------|--------||---------||---------|



* Summary:
+-----------+--------+--------+--------+--------+--------+
|           |  BRAM  |   DSP  |  Delay |   FF   |   LUT  |
+-----------+--------+--------+--------+--------+--------+
|  Function |   388  |   368  |   272  | 177820 | 103879 |
|   Memory  |    -   |    -   |    -   |    -   |    -   |
|Multiplexer|    -   |    -   |    1   |    -   |   36   |
|  Register |    -   |    -   |    -   |  2528  |    -   |
+-----------+--------+--------+--------+--------+--------+
|   Total   |   388  |   368  |   273  | 180348 | 103915 |
+-----------+--------+--------+--------+--------+--------+
