

================================================================
== Vitis HLS Report for 'swiftkv_route_compressed_kv_cache_Pipeline_route_cached_compressed_kv_loop'
================================================================
* Date:           Tue Aug 11 09:18:08 2026

* Version:        2023.2 (Build 4023990 on Oct 11 2023)
* Project:        proj_int4_decoder_xo
* Solution:       solution1 (Vitis Kernel Flow Target)
* Product family: virtexuplus
* Target device:  xcu250-figd2104-2L-e


================================================================
== Performance Estimates
================================================================
+ Timing: 
    * Summary: 
    +--------+---------+----------+------------+
    |  Clock |  Target | Estimated| Uncertainty|
    +--------+---------+----------+------------+
    |ap_clk  |  3.33 ns|  2.616 ns|     0.90 ns|
    +--------+---------+----------+------------+

+ Latency: 
    * Summary: 
    +---------+---------+----------+-----------+-----+-------+---------+
    |  Latency (cycles) |  Latency (absolute)  |   Interval  | Pipeline|
    |   min   |   max   |    min   |    max    | min |  max  |   Type  |
    +---------+---------+----------+-----------+-----+-------+---------+
    |        2|    20477|  6.666 ns|  68.250 us|    2|  20477|       no|
    +---------+---------+----------+-----------+-----+-------+---------+

    + Detail: 
        * Instance: 
        N/A

        * Loop: 
        +-----------------------------------+---------+---------+----------+-----------+-----------+-----------+----------+
        |                                   |  Latency (cycles) | Iteration|  Initiation Interval  |    Trip   |          |
        |             Loop Name             |   min   |   max   |  Latency |  achieved |   target  |   Count   | Pipelined|
        +-----------------------------------+---------+---------+----------+-----------+-----------+-----------+----------+
        |- route_cached_compressed_kv_loop  |        0|    20475|         2|          1|          1|  0 ~ 20475|       yes|
        +-----------------------------------+---------+---------+----------+-----------+-----------+-----------+----------+



================================================================
== Utilization Estimates
================================================================
* Summary: 
+---------------------+---------+-------+---------+---------+------+
|         Name        | BRAM_18K|  DSP  |    FF   |   LUT   | URAM |
+---------------------+---------+-------+---------+---------+------+
|DSP                  |        -|      -|        -|        -|     -|
|Expression           |        -|      -|        0|      111|     -|
|FIFO                 |        -|      -|        -|        -|     -|
|Instance             |        -|      -|        -|        -|     -|
|Memory               |        -|      -|        -|        -|     -|
|Multiplexer          |        -|      -|        -|      171|     -|
|Register             |        -|      -|       36|        -|     -|
+---------------------+---------+-------+---------+---------+------+
|Total                |        0|      0|       36|      282|     0|
+---------------------+---------+-------+---------+---------+------+
|Available SLR        |     1344|   3072|   864000|   432000|   320|
+---------------------+---------+-------+---------+---------+------+
|Utilization SLR (%)  |        0|      0|       ~0|       ~0|     0|
+---------------------+---------+-------+---------+---------+------+
|Available            |     5376|  12288|  3456000|  1728000|  1280|
+---------------------+---------+-------+---------+---------+------+
|Utilization (%)      |        0|      0|       ~0|       ~0|     0|
+---------------------+---------+-------+---------+---------+------+

+ Detail: 
    * Instance: 
    N/A

    * DSP: 
    N/A

    * Memory: 
    N/A

    * FIFO: 
    N/A

    * Expression: 
    +----------------------------------+----------+----+---+----+------------+------------+
    |           Variable Name          | Operation| DSP| FF| LUT| Bitwidth P0| Bitwidth P1|
    +----------------------------------+----------+----+---+----+------------+------------+
    |add_ln712_2_fu_442_p2             |         +|   0|  0|  22|          15|           1|
    |word_5_fu_432_p2                  |         +|   0|  0|  22|          15|           1|
    |ap_block_pp0_stage0_01001         |       and|   0|  0|   2|           1|           1|
    |ap_predicate_op110_write_state2   |       and|   0|  0|   2|           1|           1|
    |icmp_ln712_1_fu_448_p2            |      icmp|   0|  0|  22|          15|           3|
    |icmp_ln712_fu_426_p2              |      icmp|   0|  0|  22|          15|          15|
    |ap_block_state2_pp0_stage0_iter1  |        or|   0|  0|   2|           1|           1|
    |select_ln712_fu_454_p3            |    select|   0|  0|  15|           1|          15|
    |ap_enable_pp0                     |       xor|   0|  0|   2|           1|           2|
    +----------------------------------+----------+----+---+----+------------+------------+
    |Total                             |          |   0|  0| 111|          65|          40|
    +----------------------------------+----------+----+---+----+------------+------------+

    * Multiplexer: 
    +--------------------------------+----+-----------+-----+-----------+
    |              Name              | LUT| Input Size| Bits| Total Bits|
    +--------------------------------+----+-----------+-----+-----------+
    |ap_done_int                     |   9|          2|    1|          2|
    |ap_enable_reg_pp0_iter1         |   9|          2|    1|          2|
    |ap_sig_allocacmp_phi_urem_load  |   9|          2|   15|         30|
    |ap_sig_allocacmp_word_4         |   9|          2|   15|         30|
    |cached_kv_word_stream_blk_n     |   9|          2|    1|          2|
    |key0_stream_blk_n               |   9|          2|    1|          2|
    |key1_stream_blk_n               |   9|          2|    1|          2|
    |key_metadata_stream_blk_n       |   9|          2|    1|          2|
    |phi_urem_fu_154                 |   9|          2|   15|         30|
    |value0_engine0_stream_blk_n     |   9|          2|    1|          2|
    |value0_engine1_stream_blk_n     |   9|          2|    1|          2|
    |value0_engine2_stream_blk_n     |   9|          2|    1|          2|
    |value0_engine3_stream_blk_n     |   9|          2|    1|          2|
    |value1_engine0_stream_blk_n     |   9|          2|    1|          2|
    |value1_engine1_stream_blk_n     |   9|          2|    1|          2|
    |value1_engine2_stream_blk_n     |   9|          2|    1|          2|
    |value1_engine3_stream_blk_n     |   9|          2|    1|          2|
    |value_metadata_stream_blk_n     |   9|          2|    1|          2|
    |word_fu_158                     |   9|          2|   15|         30|
    +--------------------------------+----+-----------+-----+-----------+
    |Total                           | 171|         38|   75|        150|
    +--------------------------------+----+-----------+-----+-----------+

    * Register: 
    +-------------------------+----+----+-----+-----------+
    |           Name          | FF | LUT| Bits| Const Bits|
    +-------------------------+----+----+-----+-----------+
    |ap_CS_fsm                |   1|   0|    1|          0|
    |ap_done_reg              |   1|   0|    1|          0|
    |ap_enable_reg_pp0_iter1  |   1|   0|    1|          0|
    |phi_urem_fu_154          |  15|   0|   15|          0|
    |trunc_ln624_reg_607      |   3|   0|    3|          0|
    |word_fu_158              |  15|   0|   15|          0|
    +-------------------------+----+----+-----+-----------+
    |Total                    |  36|   0|   36|          0|
    +-------------------------+----+----+-----+-----------+



================================================================
== Interface
================================================================
* Summary: 
+--------------------------------------+-----+-----+------------+----------------------------------------------------------------------------+--------------+
|               RTL Ports              | Dir | Bits|  Protocol  |                                Source Object                               |    C Type    |
+--------------------------------------+-----+-----+------------+----------------------------------------------------------------------------+--------------+
|ap_clk                                |   in|    1|  ap_ctrl_hs|  swiftkv_route_compressed_kv_cache_Pipeline_route_cached_compressed_kv_loop|  return value|
|ap_rst                                |   in|    1|  ap_ctrl_hs|  swiftkv_route_compressed_kv_cache_Pipeline_route_cached_compressed_kv_loop|  return value|
|ap_start                              |   in|    1|  ap_ctrl_hs|  swiftkv_route_compressed_kv_cache_Pipeline_route_cached_compressed_kv_loop|  return value|
|ap_done                               |  out|    1|  ap_ctrl_hs|  swiftkv_route_compressed_kv_cache_Pipeline_route_cached_compressed_kv_loop|  return value|
|ap_idle                               |  out|    1|  ap_ctrl_hs|  swiftkv_route_compressed_kv_cache_Pipeline_route_cached_compressed_kv_loop|  return value|
|ap_ready                              |  out|    1|  ap_ctrl_hs|  swiftkv_route_compressed_kv_cache_Pipeline_route_cached_compressed_kv_loop|  return value|
|cached_kv_word_stream_dout            |   in|  512|     ap_fifo|                                                       cached_kv_word_stream|       pointer|
|cached_kv_word_stream_num_data_valid  |   in|    7|     ap_fifo|                                                       cached_kv_word_stream|       pointer|
|cached_kv_word_stream_fifo_cap        |   in|    7|     ap_fifo|                                                       cached_kv_word_stream|       pointer|
|cached_kv_word_stream_empty_n         |   in|    1|     ap_fifo|                                                       cached_kv_word_stream|       pointer|
|cached_kv_word_stream_read            |  out|    1|     ap_fifo|                                                       cached_kv_word_stream|       pointer|
|value0_engine0_stream_din             |  out|  128|     ap_fifo|                                                       value0_engine0_stream|       pointer|
|value0_engine0_stream_num_data_valid  |   in|    6|     ap_fifo|                                                       value0_engine0_stream|       pointer|
|value0_engine0_stream_fifo_cap        |   in|    6|     ap_fifo|                                                       value0_engine0_stream|       pointer|
|value0_engine0_stream_full_n          |   in|    1|     ap_fifo|                                                       value0_engine0_stream|       pointer|
|value0_engine0_stream_write           |  out|    1|     ap_fifo|                                                       value0_engine0_stream|       pointer|
|value0_engine1_stream_din             |  out|  128|     ap_fifo|                                                       value0_engine1_stream|       pointer|
|value0_engine1_stream_num_data_valid  |   in|    6|     ap_fifo|                                                       value0_engine1_stream|       pointer|
|value0_engine1_stream_fifo_cap        |   in|    6|     ap_fifo|                                                       value0_engine1_stream|       pointer|
|value0_engine1_stream_full_n          |   in|    1|     ap_fifo|                                                       value0_engine1_stream|       pointer|
|value0_engine1_stream_write           |  out|    1|     ap_fifo|                                                       value0_engine1_stream|       pointer|
|value0_engine2_stream_din             |  out|  128|     ap_fifo|                                                       value0_engine2_stream|       pointer|
|value0_engine2_stream_num_data_valid  |   in|    6|     ap_fifo|                                                       value0_engine2_stream|       pointer|
|value0_engine2_stream_fifo_cap        |   in|    6|     ap_fifo|                                                       value0_engine2_stream|       pointer|
|value0_engine2_stream_full_n          |   in|    1|     ap_fifo|                                                       value0_engine2_stream|       pointer|
|value0_engine2_stream_write           |  out|    1|     ap_fifo|                                                       value0_engine2_stream|       pointer|
|value0_engine3_stream_din             |  out|  128|     ap_fifo|                                                       value0_engine3_stream|       pointer|
|value0_engine3_stream_num_data_valid  |   in|    6|     ap_fifo|                                                       value0_engine3_stream|       pointer|
|value0_engine3_stream_fifo_cap        |   in|    6|     ap_fifo|                                                       value0_engine3_stream|       pointer|
|value0_engine3_stream_full_n          |   in|    1|     ap_fifo|                                                       value0_engine3_stream|       pointer|
|value0_engine3_stream_write           |  out|    1|     ap_fifo|                                                       value0_engine3_stream|       pointer|
|key1_stream_din                       |  out|  512|     ap_fifo|                                                                 key1_stream|       pointer|
|key1_stream_num_data_valid            |   in|    6|     ap_fifo|                                                                 key1_stream|       pointer|
|key1_stream_fifo_cap                  |   in|    6|     ap_fifo|                                                                 key1_stream|       pointer|
|key1_stream_full_n                    |   in|    1|     ap_fifo|                                                                 key1_stream|       pointer|
|key1_stream_write                     |  out|    1|     ap_fifo|                                                                 key1_stream|       pointer|
|key0_stream_din                       |  out|  512|     ap_fifo|                                                                 key0_stream|       pointer|
|key0_stream_num_data_valid            |   in|    6|     ap_fifo|                                                                 key0_stream|       pointer|
|key0_stream_fifo_cap                  |   in|    6|     ap_fifo|                                                                 key0_stream|       pointer|
|key0_stream_full_n                    |   in|    1|     ap_fifo|                                                                 key0_stream|       pointer|
|key0_stream_write                     |  out|    1|     ap_fifo|                                                                 key0_stream|       pointer|
|key_metadata_stream_din               |  out|   40|     ap_fifo|                                                         key_metadata_stream|       pointer|
|key_metadata_stream_num_data_valid    |   in|    6|     ap_fifo|                                                         key_metadata_stream|       pointer|
|key_metadata_stream_fifo_cap          |   in|    6|     ap_fifo|                                                         key_metadata_stream|       pointer|
|key_metadata_stream_full_n            |   in|    1|     ap_fifo|                                                         key_metadata_stream|       pointer|
|key_metadata_stream_write             |  out|    1|     ap_fifo|                                                         key_metadata_stream|       pointer|
|value_metadata_stream_din             |  out|   40|     ap_fifo|                                                       value_metadata_stream|       pointer|
|value_metadata_stream_num_data_valid  |   in|    6|     ap_fifo|                                                       value_metadata_stream|       pointer|
|value_metadata_stream_fifo_cap        |   in|    6|     ap_fifo|                                                       value_metadata_stream|       pointer|
|value_metadata_stream_full_n          |   in|    1|     ap_fifo|                                                       value_metadata_stream|       pointer|
|value_metadata_stream_write           |  out|    1|     ap_fifo|                                                       value_metadata_stream|       pointer|
|value1_engine0_stream_din             |  out|  128|     ap_fifo|                                                       value1_engine0_stream|       pointer|
|value1_engine0_stream_num_data_valid  |   in|    6|     ap_fifo|                                                       value1_engine0_stream|       pointer|
|value1_engine0_stream_fifo_cap        |   in|    6|     ap_fifo|                                                       value1_engine0_stream|       pointer|
|value1_engine0_stream_full_n          |   in|    1|     ap_fifo|                                                       value1_engine0_stream|       pointer|
|value1_engine0_stream_write           |  out|    1|     ap_fifo|                                                       value1_engine0_stream|       pointer|
|value1_engine1_stream_din             |  out|  128|     ap_fifo|                                                       value1_engine1_stream|       pointer|
|value1_engine1_stream_num_data_valid  |   in|    6|     ap_fifo|                                                       value1_engine1_stream|       pointer|
|value1_engine1_stream_fifo_cap        |   in|    6|     ap_fifo|                                                       value1_engine1_stream|       pointer|
|value1_engine1_stream_full_n          |   in|    1|     ap_fifo|                                                       value1_engine1_stream|       pointer|
|value1_engine1_stream_write           |  out|    1|     ap_fifo|                                                       value1_engine1_stream|       pointer|
|value1_engine2_stream_din             |  out|  128|     ap_fifo|                                                       value1_engine2_stream|       pointer|
|value1_engine2_stream_num_data_valid  |   in|    6|     ap_fifo|                                                       value1_engine2_stream|       pointer|
|value1_engine2_stream_fifo_cap        |   in|    6|     ap_fifo|                                                       value1_engine2_stream|       pointer|
|value1_engine2_stream_full_n          |   in|    1|     ap_fifo|                                                       value1_engine2_stream|       pointer|
|value1_engine2_stream_write           |  out|    1|     ap_fifo|                                                       value1_engine2_stream|       pointer|
|value1_engine3_stream_din             |  out|  128|     ap_fifo|                                                       value1_engine3_stream|       pointer|
|value1_engine3_stream_num_data_valid  |   in|    6|     ap_fifo|                                                       value1_engine3_stream|       pointer|
|value1_engine3_stream_fifo_cap        |   in|    6|     ap_fifo|                                                       value1_engine3_stream|       pointer|
|value1_engine3_stream_full_n          |   in|    1|     ap_fifo|                                                       value1_engine3_stream|       pointer|
|value1_engine3_stream_write           |  out|    1|     ap_fifo|                                                       value1_engine3_stream|       pointer|
|add_ln712                             |   in|   15|     ap_none|                                                                   add_ln712|        scalar|
+--------------------------------------+-----+-----+------------+----------------------------------------------------------------------------+--------------+

============================================================
+ Verbose Summary: Synthesis Manager
============================================================
InlineROM: 1
ExposeGlobal: 0
============================================================
+ Verbose Summary: CDFG Model
============================================================
IsTopModel: 0
ResetActiveHigh: 1
IsCombinational: 2
IsDatapathOnly: 2
HasWiredReturn: 1
HasMFsm: 2
HasVarLatency: 1
IsPipeline: 0
IsRtlPipelined: 0
IsInstanceOverlapped: 0
IsDontTouch: 0
HasImplIP: 0
IsGatedGlobalClock: 0

+ Individual pipeline summary: 
  * Pipeline-0: initiation interval (II) = 1, depth = 2


============================================================
+ Verbose Summary: Schedule
============================================================
* Number of FSM states : 2
* Pipeline : 1
  Pipeline-0 : II = 1, D = 2, States = { 1 2 }
* Dataflow Pipeline: 0

* FSM state transitions: 
1 --> 2 
2 --> 

* FSM state operations: 

State 1 <SV = 0> <Delay = 2.61>
ST_1 : Operation 5 [1/1] (0.00ns)   --->   "%phi_urem = alloca i32 1" [source/swiftkv_attention.cpp:623->source/swiftkv_attention.cpp:717]   --->   Operation 5 'alloca' 'phi_urem' <Predicate = true> <Delay = 0.00>
ST_1 : Operation 6 [1/1] (0.00ns)   --->   "%word = alloca i32 1" [source/swiftkv_attention.cpp:712]   --->   Operation 6 'alloca' 'word' <Predicate = true> <Delay = 0.00>
ST_1 : Operation 7 [1/1] (0.00ns)   --->   "%specmemcore_ln0 = specmemcore void @_ssdm_op_SpecMemCore, i512 %cached_kv_word_stream, i64 666, i64 8, i64 18446744073709551615"   --->   Operation 7 'specmemcore' 'specmemcore_ln0' <Predicate = true> <Delay = 0.00>
ST_1 : Operation 8 [1/1] (0.00ns)   --->   "%specmemcore_ln0 = specmemcore void @_ssdm_op_SpecMemCore, i40 %key_metadata_stream, i64 666, i64 10, i64 18446744073709551615"   --->   Operation 8 'specmemcore' 'specmemcore_ln0' <Predicate = true> <Delay = 0.00>
ST_1 : Operation 9 [1/1] (0.00ns)   --->   "%specmemcore_ln0 = specmemcore void @_ssdm_op_SpecMemCore, i40 %value_metadata_stream, i64 666, i64 10, i64 18446744073709551615"   --->   Operation 9 'specmemcore' 'specmemcore_ln0' <Predicate = true> <Delay = 0.00>
ST_1 : Operation 10 [1/1] (0.00ns)   --->   "%specmemcore_ln0 = specmemcore void @_ssdm_op_SpecMemCore, i512 %key0_stream, i64 666, i64 11, i64 18446744073709551615"   --->   Operation 10 'specmemcore' 'specmemcore_ln0' <Predicate = true> <Delay = 0.00>
ST_1 : Operation 11 [1/1] (0.00ns)   --->   "%specmemcore_ln0 = specmemcore void @_ssdm_op_SpecMemCore, i512 %key1_stream, i64 666, i64 11, i64 18446744073709551615"   --->   Operation 11 'specmemcore' 'specmemcore_ln0' <Predicate = true> <Delay = 0.00>
ST_1 : Operation 12 [1/1] (0.00ns)   --->   "%specmemcore_ln0 = specmemcore void @_ssdm_op_SpecMemCore, i128 %value0_engine0_stream, i64 666, i64 11, i64 18446744073709551615"   --->   Operation 12 'specmemcore' 'specmemcore_ln0' <Predicate = true> <Delay = 0.00>
ST_1 : Operation 13 [1/1] (0.00ns)   --->   "%specmemcore_ln0 = specmemcore void @_ssdm_op_SpecMemCore, i128 %value0_engine1_stream, i64 666, i64 11, i64 18446744073709551615"   --->   Operation 13 'specmemcore' 'specmemcore_ln0' <Predicate = true> <Delay = 0.00>
ST_1 : Operation 14 [1/1] (0.00ns)   --->   "%specmemcore_ln0 = specmemcore void @_ssdm_op_SpecMemCore, i128 %value0_engine2_stream, i64 666, i64 11, i64 18446744073709551615"   --->   Operation 14 'specmemcore' 'specmemcore_ln0' <Predicate = true> <Delay = 0.00>
ST_1 : Operation 15 [1/1] (0.00ns)   --->   "%specmemcore_ln0 = specmemcore void @_ssdm_op_SpecMemCore, i128 %value0_engine3_stream, i64 666, i64 11, i64 18446744073709551615"   --->   Operation 15 'specmemcore' 'specmemcore_ln0' <Predicate = true> <Delay = 0.00>
ST_1 : Operation 16 [1/1] (0.00ns)   --->   "%specmemcore_ln0 = specmemcore void @_ssdm_op_SpecMemCore, i128 %value1_engine0_stream, i64 666, i64 11, i64 18446744073709551615"   --->   Operation 16 'specmemcore' 'specmemcore_ln0' <Predicate = true> <Delay = 0.00>
ST_1 : Operation 17 [1/1] (0.00ns)   --->   "%specmemcore_ln0 = specmemcore void @_ssdm_op_SpecMemCore, i128 %value1_engine1_stream, i64 666, i64 11, i64 18446744073709551615"   --->   Operation 17 'specmemcore' 'specmemcore_ln0' <Predicate = true> <Delay = 0.00>
ST_1 : Operation 18 [1/1] (0.00ns)   --->   "%specmemcore_ln0 = specmemcore void @_ssdm_op_SpecMemCore, i128 %value1_engine2_stream, i64 666, i64 11, i64 18446744073709551615"   --->   Operation 18 'specmemcore' 'specmemcore_ln0' <Predicate = true> <Delay = 0.00>
ST_1 : Operation 19 [1/1] (0.00ns)   --->   "%specmemcore_ln0 = specmemcore void @_ssdm_op_SpecMemCore, i128 %value1_engine3_stream, i64 666, i64 11, i64 18446744073709551615"   --->   Operation 19 'specmemcore' 'specmemcore_ln0' <Predicate = true> <Delay = 0.00>
ST_1 : Operation 20 [1/1] (0.00ns)   --->   "%specinterface_ln0 = specinterface void @_ssdm_op_SpecInterface, i512 %cached_kv_word_stream, void @empty_447, i32 0, i32 0, void @empty_418, i32 0, i32 0, void @empty_418, void @empty_418, void @empty_418, i32 0, i32 0, i32 0, i32 0, void @empty_418, void @empty_418, i32 4294967295, i32 0"   --->   Operation 20 'specinterface' 'specinterface_ln0' <Predicate = true> <Delay = 0.00>
ST_1 : Operation 21 [1/1] (0.00ns)   --->   "%specinterface_ln0 = specinterface void @_ssdm_op_SpecInterface, i40 %key_metadata_stream, void @empty_447, i32 0, i32 0, void @empty_418, i32 0, i32 0, void @empty_418, void @empty_418, void @empty_418, i32 0, i32 0, i32 0, i32 0, void @empty_418, void @empty_418, i32 4294967295, i32 0"   --->   Operation 21 'specinterface' 'specinterface_ln0' <Predicate = true> <Delay = 0.00>
ST_1 : Operation 22 [1/1] (0.00ns)   --->   "%specinterface_ln0 = specinterface void @_ssdm_op_SpecInterface, i40 %value_metadata_stream, void @empty_447, i32 0, i32 0, void @empty_418, i32 0, i32 0, void @empty_418, void @empty_418, void @empty_418, i32 0, i32 0, i32 0, i32 0, void @empty_418, void @empty_418, i32 4294967295, i32 0"   --->   Operation 22 'specinterface' 'specinterface_ln0' <Predicate = true> <Delay = 0.00>
ST_1 : Operation 23 [1/1] (0.00ns)   --->   "%specinterface_ln0 = specinterface void @_ssdm_op_SpecInterface, i512 %key0_stream, void @empty_447, i32 0, i32 0, void @empty_418, i32 0, i32 0, void @empty_418, void @empty_418, void @empty_418, i32 0, i32 0, i32 0, i32 0, void @empty_418, void @empty_418, i32 4294967295, i32 0"   --->   Operation 23 'specinterface' 'specinterface_ln0' <Predicate = true> <Delay = 0.00>
ST_1 : Operation 24 [1/1] (0.00ns)   --->   "%specinterface_ln0 = specinterface void @_ssdm_op_SpecInterface, i512 %key1_stream, void @empty_447, i32 0, i32 0, void @empty_418, i32 0, i32 0, void @empty_418, void @empty_418, void @empty_418, i32 0, i32 0, i32 0, i32 0, void @empty_418, void @empty_418, i32 4294967295, i32 0"   --->   Operation 24 'specinterface' 'specinterface_ln0' <Predicate = true> <Delay = 0.00>
ST_1 : Operation 25 [1/1] (0.00ns)   --->   "%specinterface_ln0 = specinterface void @_ssdm_op_SpecInterface, i128 %value0_engine0_stream, void @empty_447, i32 0, i32 0, void @empty_418, i32 0, i32 0, void @empty_418, void @empty_418, void @empty_418, i32 0, i32 0, i32 0, i32 0, void @empty_418, void @empty_418, i32 4294967295, i32 0"   --->   Operation 25 'specinterface' 'specinterface_ln0' <Predicate = true> <Delay = 0.00>
ST_1 : Operation 26 [1/1] (0.00ns)   --->   "%specinterface_ln0 = specinterface void @_ssdm_op_SpecInterface, i128 %value0_engine1_stream, void @empty_447, i32 0, i32 0, void @empty_418, i32 0, i32 0, void @empty_418, void @empty_418, void @empty_418, i32 0, i32 0, i32 0, i32 0, void @empty_418, void @empty_418, i32 4294967295, i32 0"   --->   Operation 26 'specinterface' 'specinterface_ln0' <Predicate = true> <Delay = 0.00>
ST_1 : Operation 27 [1/1] (0.00ns)   --->   "%specinterface_ln0 = specinterface void @_ssdm_op_SpecInterface, i128 %value0_engine2_stream, void @empty_447, i32 0, i32 0, void @empty_418, i32 0, i32 0, void @empty_418, void @empty_418, void @empty_418, i32 0, i32 0, i32 0, i32 0, void @empty_418, void @empty_418, i32 4294967295, i32 0"   --->   Operation 27 'specinterface' 'specinterface_ln0' <Predicate = true> <Delay = 0.00>
ST_1 : Operation 28 [1/1] (0.00ns)   --->   "%specinterface_ln0 = specinterface void @_ssdm_op_SpecInterface, i128 %value0_engine3_stream, void @empty_447, i32 0, i32 0, void @empty_418, i32 0, i32 0, void @empty_418, void @empty_418, void @empty_418, i32 0, i32 0, i32 0, i32 0, void @empty_418, void @empty_418, i32 4294967295, i32 0"   --->   Operation 28 'specinterface' 'specinterface_ln0' <Predicate = true> <Delay = 0.00>
ST_1 : Operation 29 [1/1] (0.00ns)   --->   "%specinterface_ln0 = specinterface void @_ssdm_op_SpecInterface, i128 %value1_engine0_stream, void @empty_447, i32 0, i32 0, void @empty_418, i32 0, i32 0, void @empty_418, void @empty_418, void @empty_418, i32 0, i32 0, i32 0, i32 0, void @empty_418, void @empty_418, i32 4294967295, i32 0"   --->   Operation 29 'specinterface' 'specinterface_ln0' <Predicate = true> <Delay = 0.00>
ST_1 : Operation 30 [1/1] (0.00ns)   --->   "%specinterface_ln0 = specinterface void @_ssdm_op_SpecInterface, i128 %value1_engine1_stream, void @empty_447, i32 0, i32 0, void @empty_418, i32 0, i32 0, void @empty_418, void @empty_418, void @empty_418, i32 0, i32 0, i32 0, i32 0, void @empty_418, void @empty_418, i32 4294967295, i32 0"   --->   Operation 30 'specinterface' 'specinterface_ln0' <Predicate = true> <Delay = 0.00>
ST_1 : Operation 31 [1/1] (0.00ns)   --->   "%specinterface_ln0 = specinterface void @_ssdm_op_SpecInterface, i128 %value1_engine2_stream, void @empty_447, i32 0, i32 0, void @empty_418, i32 0, i32 0, void @empty_418, void @empty_418, void @empty_418, i32 0, i32 0, i32 0, i32 0, void @empty_418, void @empty_418, i32 4294967295, i32 0"   --->   Operation 31 'specinterface' 'specinterface_ln0' <Predicate = true> <Delay = 0.00>
ST_1 : Operation 32 [1/1] (0.00ns)   --->   "%specinterface_ln0 = specinterface void @_ssdm_op_SpecInterface, i128 %value1_engine3_stream, void @empty_447, i32 0, i32 0, void @empty_418, i32 0, i32 0, void @empty_418, void @empty_418, void @empty_418, i32 0, i32 0, i32 0, i32 0, void @empty_418, void @empty_418, i32 4294967295, i32 0"   --->   Operation 32 'specinterface' 'specinterface_ln0' <Predicate = true> <Delay = 0.00>
ST_1 : Operation 33 [1/1] (0.00ns)   --->   "%add_ln712_read = read i15 @_ssdm_op_Read.ap_auto.i15, i15 %add_ln712" [source/swiftkv_attention.cpp:707]   --->   Operation 33 'read' 'add_ln712_read' <Predicate = true> <Delay = 0.00>
ST_1 : Operation 34 [1/1] (0.38ns)   --->   "%store_ln712 = store i15 0, i15 %word" [source/swiftkv_attention.cpp:712]   --->   Operation 34 'store' 'store_ln712' <Predicate = true> <Delay = 0.38>
ST_1 : Operation 35 [1/1] (0.38ns)   --->   "%store_ln623 = store i15 0, i15 %phi_urem" [source/swiftkv_attention.cpp:623->source/swiftkv_attention.cpp:717]   --->   Operation 35 'store' 'store_ln623' <Predicate = true> <Delay = 0.38>
ST_1 : Operation 36 [1/1] (0.00ns)   --->   "%br_ln0 = br void %for.body"   --->   Operation 36 'br' 'br_ln0' <Predicate = true> <Delay = 0.00>
ST_1 : Operation 37 [1/1] (0.00ns)   --->   "%phi_urem_load = load i15 %phi_urem" [source/swiftkv_attention.cpp:624->source/swiftkv_attention.cpp:717]   --->   Operation 37 'load' 'phi_urem_load' <Predicate = true> <Delay = 0.00>
ST_1 : Operation 38 [1/1] (0.00ns)   --->   "%word_4 = load i15 %word" [source/swiftkv_attention.cpp:712]   --->   Operation 38 'load' 'word_4' <Predicate = true> <Delay = 0.00>
ST_1 : Operation 39 [1/1] (0.77ns)   --->   "%icmp_ln712 = icmp_eq  i15 %word_4, i15 %add_ln712_read" [source/swiftkv_attention.cpp:712]   --->   Operation 39 'icmp' 'icmp_ln712' <Predicate = true> <Delay = 0.77> <CoreInst = "Cmp">   --->   Core 9 'Cmp' <Latency = 0> <II = 1> <Delay = 0.77> <FuncUnit> <Opcode : 'icmp'> <InPorts = 2> <OutPorts = 1>
ST_1 : Operation 40 [1/1] (0.77ns)   --->   "%word_5 = add i15 %word_4, i15 1" [source/swiftkv_attention.cpp:712]   --->   Operation 40 'add' 'word_5' <Predicate = true> <Delay = 0.77> <CoreInst = "Adder">   --->   Core 1 'Adder' <Latency = 0> <II = 1> <Delay = 0.77> <FuncUnit> <Opcode : 'add' 'sub'> <InPorts = 2> <OutPorts = 1>
ST_1 : Operation 41 [1/1] (0.00ns)   --->   "%br_ln712 = br i1 %icmp_ln712, void %for.body.split, void %for.body5.preheader.exitStub" [source/swiftkv_attention.cpp:712]   --->   Operation 41 'br' 'br_ln712' <Predicate = true> <Delay = 0.00>
ST_1 : Operation 42 [1/1] (0.00ns)   --->   "%trunc_ln624 = trunc i15 %phi_urem_load" [source/swiftkv_attention.cpp:624->source/swiftkv_attention.cpp:717]   --->   Operation 42 'trunc' 'trunc_ln624' <Predicate = (!icmp_ln712)> <Delay = 0.00>
ST_1 : Operation 43 [1/1] (0.67ns)   --->   "%switch_ln639 = switch i3 %trunc_ln624, void %for.body4.i.i.i236, i3 0, void %if.then.i59, i3 1, void %if.then2.i63, i3 2, void %if.then5.i67, i3 3, void %for.body4.i.i57.i108" [source/swiftkv_attention.cpp:639->source/swiftkv_attention.cpp:717]   --->   Operation 43 'switch' 'switch_ln639' <Predicate = (!icmp_ln712)> <Delay = 0.67>
ST_1 : Operation 44 [1/1] (0.00ns)   --->   "%br_ln0 = br void %if.end11.i327"   --->   Operation 44 'br' 'br_ln0' <Predicate = (!icmp_ln712 & trunc_ln624 != 0 & trunc_ln624 != 1 & trunc_ln624 != 2)> <Delay = 0.00>
ST_1 : Operation 45 [1/1] (0.00ns)   --->   "%br_ln0 = br void %if.end12.i328"   --->   Operation 45 'br' 'br_ln0' <Predicate = (!icmp_ln712 & trunc_ln624 != 0 & trunc_ln624 != 1)> <Delay = 0.00>
ST_1 : Operation 46 [1/1] (0.00ns)   --->   "%br_ln0 = br void %for.inc"   --->   Operation 46 'br' 'br_ln0' <Predicate = (!icmp_ln712 & trunc_ln624 != 0)> <Delay = 0.00>
ST_1 : Operation 47 [1/1] (0.77ns)   --->   "%add_ln712_2 = add i15 %phi_urem_load, i15 1" [source/swiftkv_attention.cpp:712]   --->   Operation 47 'add' 'add_ln712_2' <Predicate = (!icmp_ln712)> <Delay = 0.77> <CoreInst = "Adder">   --->   Core 1 'Adder' <Latency = 0> <II = 1> <Delay = 0.77> <FuncUnit> <Opcode : 'add' 'sub'> <InPorts = 2> <OutPorts = 1>
ST_1 : Operation 48 [1/1] (0.77ns)   --->   "%icmp_ln712_1 = icmp_ult  i15 %add_ln712_2, i15 5" [source/swiftkv_attention.cpp:712]   --->   Operation 48 'icmp' 'icmp_ln712_1' <Predicate = (!icmp_ln712)> <Delay = 0.77> <CoreInst = "Cmp">   --->   Core 9 'Cmp' <Latency = 0> <II = 1> <Delay = 0.77> <FuncUnit> <Opcode : 'icmp'> <InPorts = 2> <OutPorts = 1>
ST_1 : Operation 49 [1/1] (0.29ns)   --->   "%select_ln712 = select i1 %icmp_ln712_1, i15 %add_ln712_2, i15 0" [source/swiftkv_attention.cpp:712]   --->   Operation 49 'select' 'select_ln712' <Predicate = (!icmp_ln712)> <Delay = 0.29> <CoreInst = "Sel">   --->   Core 73 'Sel' <Latency = 0> <II = 1> <Delay = 0.29> <FuncUnit> <Opcode : 'select'> <InPorts = 3> <OutPorts = 1>
ST_1 : Operation 50 [1/1] (0.38ns)   --->   "%store_ln712 = store i15 %word_5, i15 %word" [source/swiftkv_attention.cpp:712]   --->   Operation 50 'store' 'store_ln712' <Predicate = (!icmp_ln712)> <Delay = 0.38>
ST_1 : Operation 51 [1/1] (0.38ns)   --->   "%store_ln623 = store i15 %select_ln712, i15 %phi_urem" [source/swiftkv_attention.cpp:623->source/swiftkv_attention.cpp:717]   --->   Operation 51 'store' 'store_ln623' <Predicate = (!icmp_ln712)> <Delay = 0.38>
ST_1 : Operation 52 [1/1] (0.00ns)   --->   "%br_ln712 = br void %for.body" [source/swiftkv_attention.cpp:712]   --->   Operation 52 'br' 'br_ln712' <Predicate = (!icmp_ln712)> <Delay = 0.00>
ST_1 : Operation 115 [1/1] (0.00ns)   --->   "%ret_ln0 = ret"   --->   Operation 115 'ret' 'ret_ln0' <Predicate = (icmp_ln712)> <Delay = 0.00>

State 2 <SV = 1> <Delay = 2.43>
ST_2 : Operation 53 [1/1] (0.00ns)   --->   "%specpipeline_ln713 = specpipeline void @_ssdm_op_SpecPipeline, i32 1, i32 0, i32 0, i32 0, void @empty_418" [source/swiftkv_attention.cpp:713]   --->   Operation 53 'specpipeline' 'specpipeline_ln713' <Predicate = true> <Delay = 0.00>
ST_2 : Operation 54 [1/1] (0.00ns)   --->   "%speclooptripcount_ln714 = speclooptripcount void @_ssdm_op_SpecLoopTripCount, i64 0, i64 20475, i64 10237" [source/swiftkv_attention.cpp:714]   --->   Operation 54 'speclooptripcount' 'speclooptripcount_ln714' <Predicate = true> <Delay = 0.00>
ST_2 : Operation 55 [1/1] (0.00ns)   --->   "%specloopname_ln712 = specloopname void @_ssdm_op_SpecLoopName, void @empty_466" [source/swiftkv_attention.cpp:712]   --->   Operation 55 'specloopname' 'specloopname_ln712' <Predicate = true> <Delay = 0.00>
ST_2 : Operation 56 [1/1] (1.21ns)   --->   "%value = read i512 @_ssdm_op_Read.ap_fifo.volatile.i512P0A, i512 %cached_kv_word_stream" [source/swiftkv_attention.cpp:716]   --->   Operation 56 'read' 'value' <Predicate = true> <Delay = 1.21> <CoreInst = "FIFO_BRAM">   --->   Core 79 'FIFO_BRAM' <Latency = 0> <II = 1> <Delay = 1.34> <Storage> <Opcode : 'read' 'write' 'nbread' 'nbwrite'> <Ports = 0> <Width = 512> <Depth = 64> <FIFO>
ST_2 : Operation 57 [1/1] (0.00ns)   --->   "%slice_47 = trunc i512 %value" [source/swiftkv_attention.cpp:573->source/swiftkv_attention.cpp:614->source/swiftkv_attention.cpp:648->source/swiftkv_attention.cpp:717]   --->   Operation 57 'trunc' 'slice_47' <Predicate = (trunc_ln624 == 3)> <Delay = 0.00>
ST_2 : Operation 58 [1/1] (0.00ns)   --->   "%slice_48 = partselect i32 @_ssdm_op_PartSelect.i32.i512.i32.i32, i512 %value, i32 32, i32 63" [source/swiftkv_attention.cpp:573->source/swiftkv_attention.cpp:614->source/swiftkv_attention.cpp:648->source/swiftkv_attention.cpp:717]   --->   Operation 58 'partselect' 'slice_48' <Predicate = (trunc_ln624 == 3)> <Delay = 0.00>
ST_2 : Operation 59 [1/1] (0.00ns)   --->   "%slice_49 = partselect i32 @_ssdm_op_PartSelect.i32.i512.i32.i32, i512 %value, i32 64, i32 95" [source/swiftkv_attention.cpp:573->source/swiftkv_attention.cpp:614->source/swiftkv_attention.cpp:648->source/swiftkv_attention.cpp:717]   --->   Operation 59 'partselect' 'slice_49' <Predicate = (trunc_ln624 == 3)> <Delay = 0.00>
ST_2 : Operation 60 [1/1] (0.00ns)   --->   "%slice_50 = partselect i32 @_ssdm_op_PartSelect.i32.i512.i32.i32, i512 %value, i32 96, i32 127" [source/swiftkv_attention.cpp:573->source/swiftkv_attention.cpp:614->source/swiftkv_attention.cpp:648->source/swiftkv_attention.cpp:717]   --->   Operation 60 'partselect' 'slice_50' <Predicate = (trunc_ln624 == 3)> <Delay = 0.00>
ST_2 : Operation 61 [1/1] (0.00ns)   --->   "%slice_51 = partselect i32 @_ssdm_op_PartSelect.i32.i512.i32.i32, i512 %value, i32 128, i32 159" [source/swiftkv_attention.cpp:573->source/swiftkv_attention.cpp:614->source/swiftkv_attention.cpp:648->source/swiftkv_attention.cpp:717]   --->   Operation 61 'partselect' 'slice_51' <Predicate = (trunc_ln624 == 3)> <Delay = 0.00>
ST_2 : Operation 62 [1/1] (0.00ns)   --->   "%slice_52 = partselect i32 @_ssdm_op_PartSelect.i32.i512.i32.i32, i512 %value, i32 160, i32 191" [source/swiftkv_attention.cpp:573->source/swiftkv_attention.cpp:614->source/swiftkv_attention.cpp:648->source/swiftkv_attention.cpp:717]   --->   Operation 62 'partselect' 'slice_52' <Predicate = (trunc_ln624 == 3)> <Delay = 0.00>
ST_2 : Operation 63 [1/1] (0.00ns)   --->   "%slice_53 = partselect i32 @_ssdm_op_PartSelect.i32.i512.i32.i32, i512 %value, i32 192, i32 223" [source/swiftkv_attention.cpp:573->source/swiftkv_attention.cpp:614->source/swiftkv_attention.cpp:648->source/swiftkv_attention.cpp:717]   --->   Operation 63 'partselect' 'slice_53' <Predicate = (trunc_ln624 == 3)> <Delay = 0.00>
ST_2 : Operation 64 [1/1] (0.00ns)   --->   "%slice_54 = partselect i32 @_ssdm_op_PartSelect.i32.i512.i32.i32, i512 %value, i32 224, i32 255" [source/swiftkv_attention.cpp:573->source/swiftkv_attention.cpp:614->source/swiftkv_attention.cpp:648->source/swiftkv_attention.cpp:717]   --->   Operation 64 'partselect' 'slice_54' <Predicate = (trunc_ln624 == 3)> <Delay = 0.00>
ST_2 : Operation 65 [1/1] (0.00ns)   --->   "%slice_55 = partselect i32 @_ssdm_op_PartSelect.i32.i512.i32.i32, i512 %value, i32 256, i32 287" [source/swiftkv_attention.cpp:573->source/swiftkv_attention.cpp:614->source/swiftkv_attention.cpp:648->source/swiftkv_attention.cpp:717]   --->   Operation 65 'partselect' 'slice_55' <Predicate = (trunc_ln624 == 3)> <Delay = 0.00>
ST_2 : Operation 66 [1/1] (0.00ns)   --->   "%slice_56 = partselect i32 @_ssdm_op_PartSelect.i32.i512.i32.i32, i512 %value, i32 288, i32 319" [source/swiftkv_attention.cpp:573->source/swiftkv_attention.cpp:614->source/swiftkv_attention.cpp:648->source/swiftkv_attention.cpp:717]   --->   Operation 66 'partselect' 'slice_56' <Predicate = (trunc_ln624 == 3)> <Delay = 0.00>
ST_2 : Operation 67 [1/1] (0.00ns)   --->   "%slice_57 = partselect i32 @_ssdm_op_PartSelect.i32.i512.i32.i32, i512 %value, i32 320, i32 351" [source/swiftkv_attention.cpp:573->source/swiftkv_attention.cpp:614->source/swiftkv_attention.cpp:648->source/swiftkv_attention.cpp:717]   --->   Operation 67 'partselect' 'slice_57' <Predicate = (trunc_ln624 == 3)> <Delay = 0.00>
ST_2 : Operation 68 [1/1] (0.00ns)   --->   "%slice_58 = partselect i32 @_ssdm_op_PartSelect.i32.i512.i32.i32, i512 %value, i32 352, i32 383" [source/swiftkv_attention.cpp:573->source/swiftkv_attention.cpp:614->source/swiftkv_attention.cpp:648->source/swiftkv_attention.cpp:717]   --->   Operation 68 'partselect' 'slice_58' <Predicate = (trunc_ln624 == 3)> <Delay = 0.00>
ST_2 : Operation 69 [1/1] (0.00ns)   --->   "%slice_59 = partselect i32 @_ssdm_op_PartSelect.i32.i512.i32.i32, i512 %value, i32 384, i32 415" [source/swiftkv_attention.cpp:573->source/swiftkv_attention.cpp:614->source/swiftkv_attention.cpp:648->source/swiftkv_attention.cpp:717]   --->   Operation 69 'partselect' 'slice_59' <Predicate = (trunc_ln624 == 3)> <Delay = 0.00>
ST_2 : Operation 70 [1/1] (0.00ns)   --->   "%engine0_2 = bitconcatenate i128 @_ssdm_op_BitConcatenate.i128.i32.i32.i32.i32, i32 %slice_59, i32 %slice_55, i32 %slice_51, i32 %slice_47" [source/swiftkv_attention.cpp:581->source/swiftkv_attention.cpp:614->source/swiftkv_attention.cpp:648->source/swiftkv_attention.cpp:717]   --->   Operation 70 'bitconcatenate' 'engine0_2' <Predicate = (trunc_ln624 == 3)> <Delay = 0.00>
ST_2 : Operation 71 [1/1] (0.00ns)   --->   "%slice_60 = partselect i32 @_ssdm_op_PartSelect.i32.i512.i32.i32, i512 %value, i32 416, i32 447" [source/swiftkv_attention.cpp:573->source/swiftkv_attention.cpp:614->source/swiftkv_attention.cpp:648->source/swiftkv_attention.cpp:717]   --->   Operation 71 'partselect' 'slice_60' <Predicate = (trunc_ln624 == 3)> <Delay = 0.00>
ST_2 : Operation 72 [1/1] (0.00ns)   --->   "%engine1_2 = bitconcatenate i128 @_ssdm_op_BitConcatenate.i128.i32.i32.i32.i32, i32 %slice_60, i32 %slice_56, i32 %slice_52, i32 %slice_48" [source/swiftkv_attention.cpp:586->source/swiftkv_attention.cpp:614->source/swiftkv_attention.cpp:648->source/swiftkv_attention.cpp:717]   --->   Operation 72 'bitconcatenate' 'engine1_2' <Predicate = (trunc_ln624 == 3)> <Delay = 0.00>
ST_2 : Operation 73 [1/1] (0.00ns)   --->   "%slice_61 = partselect i32 @_ssdm_op_PartSelect.i32.i512.i32.i32, i512 %value, i32 448, i32 479" [source/swiftkv_attention.cpp:573->source/swiftkv_attention.cpp:614->source/swiftkv_attention.cpp:648->source/swiftkv_attention.cpp:717]   --->   Operation 73 'partselect' 'slice_61' <Predicate = (trunc_ln624 == 3)> <Delay = 0.00>
ST_2 : Operation 74 [1/1] (0.00ns)   --->   "%engine2_2 = bitconcatenate i128 @_ssdm_op_BitConcatenate.i128.i32.i32.i32.i32, i32 %slice_61, i32 %slice_57, i32 %slice_53, i32 %slice_49" [source/swiftkv_attention.cpp:591->source/swiftkv_attention.cpp:614->source/swiftkv_attention.cpp:648->source/swiftkv_attention.cpp:717]   --->   Operation 74 'bitconcatenate' 'engine2_2' <Predicate = (trunc_ln624 == 3)> <Delay = 0.00>
ST_2 : Operation 75 [1/1] (0.00ns)   --->   "%slice_62 = partselect i32 @_ssdm_op_PartSelect.i32.i512.i32.i32, i512 %value, i32 480, i32 511" [source/swiftkv_attention.cpp:573->source/swiftkv_attention.cpp:614->source/swiftkv_attention.cpp:648->source/swiftkv_attention.cpp:717]   --->   Operation 75 'partselect' 'slice_62' <Predicate = (trunc_ln624 == 3)> <Delay = 0.00>
ST_2 : Operation 76 [1/1] (0.00ns)   --->   "%engine3_2 = bitconcatenate i128 @_ssdm_op_BitConcatenate.i128.i32.i32.i32.i32, i32 %slice_62, i32 %slice_58, i32 %slice_54, i32 %slice_50" [source/swiftkv_attention.cpp:596->source/swiftkv_attention.cpp:614->source/swiftkv_attention.cpp:648->source/swiftkv_attention.cpp:717]   --->   Operation 76 'bitconcatenate' 'engine3_2' <Predicate = (trunc_ln624 == 3)> <Delay = 0.00>
ST_2 : Operation 77 [1/1] (1.21ns)   --->   "%write_ln616 = write void @_ssdm_op_Write.ap_fifo.volatile.i128P0A, i128 %value0_engine0_stream, i128 %engine0_2" [source/swiftkv_attention.cpp:616->source/swiftkv_attention.cpp:648->source/swiftkv_attention.cpp:717]   --->   Operation 77 'write' 'write_ln616' <Predicate = (trunc_ln624 == 3)> <Delay = 1.21> <CoreInst = "FIFO_URAM">   --->   Core 82 'FIFO_URAM' <Latency = 0> <II = 1> <Delay = 1.67> <Storage> <Opcode : 'read' 'write' 'nbread' 'nbwrite'> <Ports = 0> <Width = 128> <Depth = 32> <FIFO>
ST_2 : Operation 78 [1/1] (1.21ns)   --->   "%write_ln617 = write void @_ssdm_op_Write.ap_fifo.volatile.i128P0A, i128 %value0_engine1_stream, i128 %engine1_2" [source/swiftkv_attention.cpp:617->source/swiftkv_attention.cpp:648->source/swiftkv_attention.cpp:717]   --->   Operation 78 'write' 'write_ln617' <Predicate = (trunc_ln624 == 3)> <Delay = 1.21> <CoreInst = "FIFO_URAM">   --->   Core 82 'FIFO_URAM' <Latency = 0> <II = 1> <Delay = 1.67> <Storage> <Opcode : 'read' 'write' 'nbread' 'nbwrite'> <Ports = 0> <Width = 128> <Depth = 32> <FIFO>
ST_2 : Operation 79 [1/1] (1.21ns)   --->   "%write_ln618 = write void @_ssdm_op_Write.ap_fifo.volatile.i128P0A, i128 %value0_engine2_stream, i128 %engine2_2" [source/swiftkv_attention.cpp:618->source/swiftkv_attention.cpp:648->source/swiftkv_attention.cpp:717]   --->   Operation 79 'write' 'write_ln618' <Predicate = (trunc_ln624 == 3)> <Delay = 1.21> <CoreInst = "FIFO_URAM">   --->   Core 82 'FIFO_URAM' <Latency = 0> <II = 1> <Delay = 1.67> <Storage> <Opcode : 'read' 'write' 'nbread' 'nbwrite'> <Ports = 0> <Width = 128> <Depth = 32> <FIFO>
ST_2 : Operation 80 [1/1] (1.21ns)   --->   "%write_ln619 = write void @_ssdm_op_Write.ap_fifo.volatile.i128P0A, i128 %value0_engine3_stream, i128 %engine3_2" [source/swiftkv_attention.cpp:619->source/swiftkv_attention.cpp:648->source/swiftkv_attention.cpp:717]   --->   Operation 80 'write' 'write_ln619' <Predicate = (trunc_ln624 == 3)> <Delay = 1.21> <CoreInst = "FIFO_URAM">   --->   Core 82 'FIFO_URAM' <Latency = 0> <II = 1> <Delay = 1.67> <Storage> <Opcode : 'read' 'write' 'nbread' 'nbwrite'> <Ports = 0> <Width = 128> <Depth = 32> <FIFO>
ST_2 : Operation 81 [1/1] (0.00ns)   --->   "%br_ln652 = br void %if.end.i326" [source/swiftkv_attention.cpp:652->source/swiftkv_attention.cpp:717]   --->   Operation 81 'br' 'br_ln652' <Predicate = (trunc_ln624 == 3)> <Delay = 0.00>
ST_2 : Operation 82 [1/1] (1.21ns)   --->   "%write_ln646 = write void @_ssdm_op_Write.ap_fifo.volatile.i512P0A, i512 %key1_stream, i512 %value" [source/swiftkv_attention.cpp:646->source/swiftkv_attention.cpp:717]   --->   Operation 82 'write' 'write_ln646' <Predicate = (trunc_ln624 == 2)> <Delay = 1.21> <CoreInst = "FIFO_URAM">   --->   Core 82 'FIFO_URAM' <Latency = 0> <II = 1> <Delay = 1.67> <Storage> <Opcode : 'read' 'write' 'nbread' 'nbwrite'> <Ports = 0> <Width = 512> <Depth = 32> <FIFO>
ST_2 : Operation 83 [1/1] (0.00ns)   --->   "%br_ln647 = br void %if.end11.i327" [source/swiftkv_attention.cpp:647->source/swiftkv_attention.cpp:717]   --->   Operation 83 'br' 'br_ln647' <Predicate = (trunc_ln624 == 2)> <Delay = 0.00>
ST_2 : Operation 84 [1/1] (1.21ns)   --->   "%write_ln644 = write void @_ssdm_op_Write.ap_fifo.volatile.i512P0A, i512 %key0_stream, i512 %value" [source/swiftkv_attention.cpp:644->source/swiftkv_attention.cpp:717]   --->   Operation 84 'write' 'write_ln644' <Predicate = (trunc_ln624 == 1)> <Delay = 1.21> <CoreInst = "FIFO_URAM">   --->   Core 82 'FIFO_URAM' <Latency = 0> <II = 1> <Delay = 1.67> <Storage> <Opcode : 'read' 'write' 'nbread' 'nbwrite'> <Ports = 0> <Width = 512> <Depth = 32> <FIFO>
ST_2 : Operation 85 [1/1] (0.00ns)   --->   "%br_ln645 = br void %if.end12.i328" [source/swiftkv_attention.cpp:645->source/swiftkv_attention.cpp:717]   --->   Operation 85 'br' 'br_ln645' <Predicate = (trunc_ln624 == 1)> <Delay = 0.00>
ST_2 : Operation 86 [1/1] (0.00ns)   --->   "%metadata = trunc i512 %value" [source/swiftkv_attention.cpp:640->source/swiftkv_attention.cpp:717]   --->   Operation 86 'trunc' 'metadata' <Predicate = (trunc_ln624 == 0)> <Delay = 0.00>
ST_2 : Operation 87 [1/1] (1.21ns)   --->   "%write_ln641 = write void @_ssdm_op_Write.ap_fifo.volatile.i40P0A, i40 %key_metadata_stream, i40 %metadata" [source/swiftkv_attention.cpp:641->source/swiftkv_attention.cpp:717]   --->   Operation 87 'write' 'write_ln641' <Predicate = (trunc_ln624 == 0)> <Delay = 1.21> <CoreInst = "FIFO_SRL">   --->   Core 81 'FIFO_SRL' <Latency = 0> <II = 1> <Delay = 1.47> <Storage> <Opcode : 'read' 'write' 'nbread' 'nbwrite'> <Ports = 0> <Width = 40> <Depth = 32> <FIFO>
ST_2 : Operation 88 [1/1] (1.21ns)   --->   "%write_ln642 = write void @_ssdm_op_Write.ap_fifo.volatile.i40P0A, i40 %value_metadata_stream, i40 %metadata" [source/swiftkv_attention.cpp:642->source/swiftkv_attention.cpp:717]   --->   Operation 88 'write' 'write_ln642' <Predicate = (trunc_ln624 == 0)> <Delay = 1.21> <CoreInst = "FIFO_SRL">   --->   Core 81 'FIFO_SRL' <Latency = 0> <II = 1> <Delay = 1.47> <Storage> <Opcode : 'read' 'write' 'nbread' 'nbwrite'> <Ports = 0> <Width = 40> <Depth = 32> <FIFO>
ST_2 : Operation 89 [1/1] (0.00ns)   --->   "%br_ln643 = br void %for.inc" [source/swiftkv_attention.cpp:643->source/swiftkv_attention.cpp:717]   --->   Operation 89 'br' 'br_ln643' <Predicate = (trunc_ln624 == 0)> <Delay = 0.00>
ST_2 : Operation 90 [1/1] (0.00ns)   --->   "%slice = trunc i512 %value" [source/swiftkv_attention.cpp:573->source/swiftkv_attention.cpp:614->source/swiftkv_attention.cpp:653->source/swiftkv_attention.cpp:717]   --->   Operation 90 'trunc' 'slice' <Predicate = (trunc_ln624 != 0 & trunc_ln624 != 1 & trunc_ln624 != 2 & trunc_ln624 != 3)> <Delay = 0.00>
ST_2 : Operation 91 [1/1] (0.00ns)   --->   "%slice_32 = partselect i32 @_ssdm_op_PartSelect.i32.i512.i32.i32, i512 %value, i32 32, i32 63" [source/swiftkv_attention.cpp:573->source/swiftkv_attention.cpp:614->source/swiftkv_attention.cpp:653->source/swiftkv_attention.cpp:717]   --->   Operation 91 'partselect' 'slice_32' <Predicate = (trunc_ln624 != 0 & trunc_ln624 != 1 & trunc_ln624 != 2 & trunc_ln624 != 3)> <Delay = 0.00>
ST_2 : Operation 92 [1/1] (0.00ns)   --->   "%slice_33 = partselect i32 @_ssdm_op_PartSelect.i32.i512.i32.i32, i512 %value, i32 64, i32 95" [source/swiftkv_attention.cpp:573->source/swiftkv_attention.cpp:614->source/swiftkv_attention.cpp:653->source/swiftkv_attention.cpp:717]   --->   Operation 92 'partselect' 'slice_33' <Predicate = (trunc_ln624 != 0 & trunc_ln624 != 1 & trunc_ln624 != 2 & trunc_ln624 != 3)> <Delay = 0.00>
ST_2 : Operation 93 [1/1] (0.00ns)   --->   "%slice_34 = partselect i32 @_ssdm_op_PartSelect.i32.i512.i32.i32, i512 %value, i32 96, i32 127" [source/swiftkv_attention.cpp:573->source/swiftkv_attention.cpp:614->source/swiftkv_attention.cpp:653->source/swiftkv_attention.cpp:717]   --->   Operation 93 'partselect' 'slice_34' <Predicate = (trunc_ln624 != 0 & trunc_ln624 != 1 & trunc_ln624 != 2 & trunc_ln624 != 3)> <Delay = 0.00>
ST_2 : Operation 94 [1/1] (0.00ns)   --->   "%slice_35 = partselect i32 @_ssdm_op_PartSelect.i32.i512.i32.i32, i512 %value, i32 128, i32 159" [source/swiftkv_attention.cpp:573->source/swiftkv_attention.cpp:614->source/swiftkv_attention.cpp:653->source/swiftkv_attention.cpp:717]   --->   Operation 94 'partselect' 'slice_35' <Predicate = (trunc_ln624 != 0 & trunc_ln624 != 1 & trunc_ln624 != 2 & trunc_ln624 != 3)> <Delay = 0.00>
ST_2 : Operation 95 [1/1] (0.00ns)   --->   "%slice_36 = partselect i32 @_ssdm_op_PartSelect.i32.i512.i32.i32, i512 %value, i32 160, i32 191" [source/swiftkv_attention.cpp:573->source/swiftkv_attention.cpp:614->source/swiftkv_attention.cpp:653->source/swiftkv_attention.cpp:717]   --->   Operation 95 'partselect' 'slice_36' <Predicate = (trunc_ln624 != 0 & trunc_ln624 != 1 & trunc_ln624 != 2 & trunc_ln624 != 3)> <Delay = 0.00>
ST_2 : Operation 96 [1/1] (0.00ns)   --->   "%slice_37 = partselect i32 @_ssdm_op_PartSelect.i32.i512.i32.i32, i512 %value, i32 192, i32 223" [source/swiftkv_attention.cpp:573->source/swiftkv_attention.cpp:614->source/swiftkv_attention.cpp:653->source/swiftkv_attention.cpp:717]   --->   Operation 96 'partselect' 'slice_37' <Predicate = (trunc_ln624 != 0 & trunc_ln624 != 1 & trunc_ln624 != 2 & trunc_ln624 != 3)> <Delay = 0.00>
ST_2 : Operation 97 [1/1] (0.00ns)   --->   "%slice_38 = partselect i32 @_ssdm_op_PartSelect.i32.i512.i32.i32, i512 %value, i32 224, i32 255" [source/swiftkv_attention.cpp:573->source/swiftkv_attention.cpp:614->source/swiftkv_attention.cpp:653->source/swiftkv_attention.cpp:717]   --->   Operation 97 'partselect' 'slice_38' <Predicate = (trunc_ln624 != 0 & trunc_ln624 != 1 & trunc_ln624 != 2 & trunc_ln624 != 3)> <Delay = 0.00>
ST_2 : Operation 98 [1/1] (0.00ns)   --->   "%slice_39 = partselect i32 @_ssdm_op_PartSelect.i32.i512.i32.i32, i512 %value, i32 256, i32 287" [source/swiftkv_attention.cpp:573->source/swiftkv_attention.cpp:614->source/swiftkv_attention.cpp:653->source/swiftkv_attention.cpp:717]   --->   Operation 98 'partselect' 'slice_39' <Predicate = (trunc_ln624 != 0 & trunc_ln624 != 1 & trunc_ln624 != 2 & trunc_ln624 != 3)> <Delay = 0.00>
ST_2 : Operation 99 [1/1] (0.00ns)   --->   "%slice_40 = partselect i32 @_ssdm_op_PartSelect.i32.i512.i32.i32, i512 %value, i32 288, i32 319" [source/swiftkv_attention.cpp:573->source/swiftkv_attention.cpp:614->source/swiftkv_attention.cpp:653->source/swiftkv_attention.cpp:717]   --->   Operation 99 'partselect' 'slice_40' <Predicate = (trunc_ln624 != 0 & trunc_ln624 != 1 & trunc_ln624 != 2 & trunc_ln624 != 3)> <Delay = 0.00>
ST_2 : Operation 100 [1/1] (0.00ns)   --->   "%slice_41 = partselect i32 @_ssdm_op_PartSelect.i32.i512.i32.i32, i512 %value, i32 320, i32 351" [source/swiftkv_attention.cpp:573->source/swiftkv_attention.cpp:614->source/swiftkv_attention.cpp:653->source/swiftkv_attention.cpp:717]   --->   Operation 100 'partselect' 'slice_41' <Predicate = (trunc_ln624 != 0 & trunc_ln624 != 1 & trunc_ln624 != 2 & trunc_ln624 != 3)> <Delay = 0.00>
ST_2 : Operation 101 [1/1] (0.00ns)   --->   "%slice_42 = partselect i32 @_ssdm_op_PartSelect.i32.i512.i32.i32, i512 %value, i32 352, i32 383" [source/swiftkv_attention.cpp:573->source/swiftkv_attention.cpp:614->source/swiftkv_attention.cpp:653->source/swiftkv_attention.cpp:717]   --->   Operation 101 'partselect' 'slice_42' <Predicate = (trunc_ln624 != 0 & trunc_ln624 != 1 & trunc_ln624 != 2 & trunc_ln624 != 3)> <Delay = 0.00>
ST_2 : Operation 102 [1/1] (0.00ns)   --->   "%slice_43 = partselect i32 @_ssdm_op_PartSelect.i32.i512.i32.i32, i512 %value, i32 384, i32 415" [source/swiftkv_attention.cpp:573->source/swiftkv_attention.cpp:614->source/swiftkv_attention.cpp:653->source/swiftkv_attention.cpp:717]   --->   Operation 102 'partselect' 'slice_43' <Predicate = (trunc_ln624 != 0 & trunc_ln624 != 1 & trunc_ln624 != 2 & trunc_ln624 != 3)> <Delay = 0.00>
ST_2 : Operation 103 [1/1] (0.00ns)   --->   "%engine0 = bitconcatenate i128 @_ssdm_op_BitConcatenate.i128.i32.i32.i32.i32, i32 %slice_43, i32 %slice_39, i32 %slice_35, i32 %slice" [source/swiftkv_attention.cpp:581->source/swiftkv_attention.cpp:614->source/swiftkv_attention.cpp:653->source/swiftkv_attention.cpp:717]   --->   Operation 103 'bitconcatenate' 'engine0' <Predicate = (trunc_ln624 != 0 & trunc_ln624 != 1 & trunc_ln624 != 2 & trunc_ln624 != 3)> <Delay = 0.00>
ST_2 : Operation 104 [1/1] (0.00ns)   --->   "%slice_44 = partselect i32 @_ssdm_op_PartSelect.i32.i512.i32.i32, i512 %value, i32 416, i32 447" [source/swiftkv_attention.cpp:573->source/swiftkv_attention.cpp:614->source/swiftkv_attention.cpp:653->source/swiftkv_attention.cpp:717]   --->   Operation 104 'partselect' 'slice_44' <Predicate = (trunc_ln624 != 0 & trunc_ln624 != 1 & trunc_ln624 != 2 & trunc_ln624 != 3)> <Delay = 0.00>
ST_2 : Operation 105 [1/1] (0.00ns)   --->   "%engine1 = bitconcatenate i128 @_ssdm_op_BitConcatenate.i128.i32.i32.i32.i32, i32 %slice_44, i32 %slice_40, i32 %slice_36, i32 %slice_32" [source/swiftkv_attention.cpp:586->source/swiftkv_attention.cpp:614->source/swiftkv_attention.cpp:653->source/swiftkv_attention.cpp:717]   --->   Operation 105 'bitconcatenate' 'engine1' <Predicate = (trunc_ln624 != 0 & trunc_ln624 != 1 & trunc_ln624 != 2 & trunc_ln624 != 3)> <Delay = 0.00>
ST_2 : Operation 106 [1/1] (0.00ns)   --->   "%slice_45 = partselect i32 @_ssdm_op_PartSelect.i32.i512.i32.i32, i512 %value, i32 448, i32 479" [source/swiftkv_attention.cpp:573->source/swiftkv_attention.cpp:614->source/swiftkv_attention.cpp:653->source/swiftkv_attention.cpp:717]   --->   Operation 106 'partselect' 'slice_45' <Predicate = (trunc_ln624 != 0 & trunc_ln624 != 1 & trunc_ln624 != 2 & trunc_ln624 != 3)> <Delay = 0.00>
ST_2 : Operation 107 [1/1] (0.00ns)   --->   "%engine2 = bitconcatenate i128 @_ssdm_op_BitConcatenate.i128.i32.i32.i32.i32, i32 %slice_45, i32 %slice_41, i32 %slice_37, i32 %slice_33" [source/swiftkv_attention.cpp:591->source/swiftkv_attention.cpp:614->source/swiftkv_attention.cpp:653->source/swiftkv_attention.cpp:717]   --->   Operation 107 'bitconcatenate' 'engine2' <Predicate = (trunc_ln624 != 0 & trunc_ln624 != 1 & trunc_ln624 != 2 & trunc_ln624 != 3)> <Delay = 0.00>
ST_2 : Operation 108 [1/1] (0.00ns)   --->   "%slice_46 = partselect i32 @_ssdm_op_PartSelect.i32.i512.i32.i32, i512 %value, i32 480, i32 511" [source/swiftkv_attention.cpp:573->source/swiftkv_attention.cpp:614->source/swiftkv_attention.cpp:653->source/swiftkv_attention.cpp:717]   --->   Operation 108 'partselect' 'slice_46' <Predicate = (trunc_ln624 != 0 & trunc_ln624 != 1 & trunc_ln624 != 2 & trunc_ln624 != 3)> <Delay = 0.00>
ST_2 : Operation 109 [1/1] (0.00ns)   --->   "%engine3 = bitconcatenate i128 @_ssdm_op_BitConcatenate.i128.i32.i32.i32.i32, i32 %slice_46, i32 %slice_42, i32 %slice_38, i32 %slice_34" [source/swiftkv_attention.cpp:596->source/swiftkv_attention.cpp:614->source/swiftkv_attention.cpp:653->source/swiftkv_attention.cpp:717]   --->   Operation 109 'bitconcatenate' 'engine3' <Predicate = (trunc_ln624 != 0 & trunc_ln624 != 1 & trunc_ln624 != 2 & trunc_ln624 != 3)> <Delay = 0.00>
ST_2 : Operation 110 [1/1] (1.21ns)   --->   "%write_ln616 = write void @_ssdm_op_Write.ap_fifo.volatile.i128P0A, i128 %value1_engine0_stream, i128 %engine0" [source/swiftkv_attention.cpp:616->source/swiftkv_attention.cpp:653->source/swiftkv_attention.cpp:717]   --->   Operation 110 'write' 'write_ln616' <Predicate = (trunc_ln624 != 0 & trunc_ln624 != 1 & trunc_ln624 != 2 & trunc_ln624 != 3)> <Delay = 1.21> <CoreInst = "FIFO_URAM">   --->   Core 82 'FIFO_URAM' <Latency = 0> <II = 1> <Delay = 1.67> <Storage> <Opcode : 'read' 'write' 'nbread' 'nbwrite'> <Ports = 0> <Width = 128> <Depth = 32> <FIFO>
ST_2 : Operation 111 [1/1] (1.21ns)   --->   "%write_ln617 = write void @_ssdm_op_Write.ap_fifo.volatile.i128P0A, i128 %value1_engine1_stream, i128 %engine1" [source/swiftkv_attention.cpp:617->source/swiftkv_attention.cpp:653->source/swiftkv_attention.cpp:717]   --->   Operation 111 'write' 'write_ln617' <Predicate = (trunc_ln624 != 0 & trunc_ln624 != 1 & trunc_ln624 != 2 & trunc_ln624 != 3)> <Delay = 1.21> <CoreInst = "FIFO_URAM">   --->   Core 82 'FIFO_URAM' <Latency = 0> <II = 1> <Delay = 1.67> <Storage> <Opcode : 'read' 'write' 'nbread' 'nbwrite'> <Ports = 0> <Width = 128> <Depth = 32> <FIFO>
ST_2 : Operation 112 [1/1] (1.21ns)   --->   "%write_ln618 = write void @_ssdm_op_Write.ap_fifo.volatile.i128P0A, i128 %value1_engine2_stream, i128 %engine2" [source/swiftkv_attention.cpp:618->source/swiftkv_attention.cpp:653->source/swiftkv_attention.cpp:717]   --->   Operation 112 'write' 'write_ln618' <Predicate = (trunc_ln624 != 0 & trunc_ln624 != 1 & trunc_ln624 != 2 & trunc_ln624 != 3)> <Delay = 1.21> <CoreInst = "FIFO_URAM">   --->   Core 82 'FIFO_URAM' <Latency = 0> <II = 1> <Delay = 1.67> <Storage> <Opcode : 'read' 'write' 'nbread' 'nbwrite'> <Ports = 0> <Width = 128> <Depth = 32> <FIFO>
ST_2 : Operation 113 [1/1] (1.21ns)   --->   "%write_ln619 = write void @_ssdm_op_Write.ap_fifo.volatile.i128P0A, i128 %value1_engine3_stream, i128 %engine3" [source/swiftkv_attention.cpp:619->source/swiftkv_attention.cpp:653->source/swiftkv_attention.cpp:717]   --->   Operation 113 'write' 'write_ln619' <Predicate = (trunc_ln624 != 0 & trunc_ln624 != 1 & trunc_ln624 != 2 & trunc_ln624 != 3)> <Delay = 1.21> <CoreInst = "FIFO_URAM">   --->   Core 82 'FIFO_URAM' <Latency = 0> <II = 1> <Delay = 1.67> <Storage> <Opcode : 'read' 'write' 'nbread' 'nbwrite'> <Ports = 0> <Width = 128> <Depth = 32> <FIFO>
ST_2 : Operation 114 [1/1] (0.00ns)   --->   "%br_ln0 = br void %if.end.i326"   --->   Operation 114 'br' 'br_ln0' <Predicate = (trunc_ln624 != 0 & trunc_ln624 != 1 & trunc_ln624 != 2 & trunc_ln624 != 3)> <Delay = 0.00>


============================================================
+ Verbose Summary: Binding
============================================================
STG Binding: 
---------------- STG Properties BEGIN ----------------
- Is combinational: 0
- Is one-state seq: 0
- Is datapath-only: 0
- Is pipelined: 0
- Is top level: 0
Port [ Return ] is wired: 1; IO mode=ap_ctrl_hs:ce=0
Port [ add_ln712]:  wired=1; compound=0; hidden=0; nouse=0; global=0; static=0; extern=0; dir=0; type=0; pingpong=0; private_global=0; IO mode=ap_none:ce=0
Port [ key_metadata_stream]:  wired=1; compound=1; hidden=0; nouse=0; global=0; static=0; extern=0; dir=1; type=3; pingpong=0; private_global=0; IO mode=ap_fifo:ce=0
Port [ value_metadata_stream]:  wired=1; compound=1; hidden=0; nouse=0; global=0; static=0; extern=0; dir=1; type=3; pingpong=0; private_global=0; IO mode=ap_fifo:ce=0
Port [ cached_kv_word_stream]:  wired=1; compound=1; hidden=0; nouse=0; global=0; static=0; extern=0; dir=0; type=3; pingpong=0; private_global=0; IO mode=ap_fifo:ce=0
Port [ key0_stream]:  wired=1; compound=1; hidden=0; nouse=0; global=0; static=0; extern=0; dir=1; type=3; pingpong=0; private_global=0; IO mode=ap_fifo:ce=0
Port [ key1_stream]:  wired=1; compound=1; hidden=0; nouse=0; global=0; static=0; extern=0; dir=1; type=3; pingpong=0; private_global=0; IO mode=ap_fifo:ce=0
Port [ value0_engine0_stream]:  wired=1; compound=1; hidden=0; nouse=0; global=0; static=0; extern=0; dir=1; type=3; pingpong=0; private_global=0; IO mode=ap_fifo:ce=0
Port [ value0_engine1_stream]:  wired=1; compound=1; hidden=0; nouse=0; global=0; static=0; extern=0; dir=1; type=3; pingpong=0; private_global=0; IO mode=ap_fifo:ce=0
Port [ value0_engine2_stream]:  wired=1; compound=1; hidden=0; nouse=0; global=0; static=0; extern=0; dir=1; type=3; pingpong=0; private_global=0; IO mode=ap_fifo:ce=0
Port [ value0_engine3_stream]:  wired=1; compound=1; hidden=0; nouse=0; global=0; static=0; extern=0; dir=1; type=3; pingpong=0; private_global=0; IO mode=ap_fifo:ce=0
Port [ value1_engine0_stream]:  wired=1; compound=1; hidden=0; nouse=0; global=0; static=0; extern=0; dir=1; type=3; pingpong=0; private_global=0; IO mode=ap_fifo:ce=0
Port [ value1_engine1_stream]:  wired=1; compound=1; hidden=0; nouse=0; global=0; static=0; extern=0; dir=1; type=3; pingpong=0; private_global=0; IO mode=ap_fifo:ce=0
Port [ value1_engine2_stream]:  wired=1; compound=1; hidden=0; nouse=0; global=0; static=0; extern=0; dir=1; type=3; pingpong=0; private_global=0; IO mode=ap_fifo:ce=0
Port [ value1_engine3_stream]:  wired=1; compound=1; hidden=0; nouse=0; global=0; static=0; extern=0; dir=1; type=3; pingpong=0; private_global=0; IO mode=ap_fifo:ce=0
---------------- STG Properties END ------------------

---------------- Datapath Model BEGIN ----------------

<LifeTime>
<method=bitvector/>
phi_urem                (alloca           ) [ 010]
word                    (alloca           ) [ 010]
specmemcore_ln0         (specmemcore      ) [ 000]
specmemcore_ln0         (specmemcore      ) [ 000]
specmemcore_ln0         (specmemcore      ) [ 000]
specmemcore_ln0         (specmemcore      ) [ 000]
specmemcore_ln0         (specmemcore      ) [ 000]
specmemcore_ln0         (specmemcore      ) [ 000]
specmemcore_ln0         (specmemcore      ) [ 000]
specmemcore_ln0         (specmemcore      ) [ 000]
specmemcore_ln0         (specmemcore      ) [ 000]
specmemcore_ln0         (specmemcore      ) [ 000]
specmemcore_ln0         (specmemcore      ) [ 000]
specmemcore_ln0         (specmemcore      ) [ 000]
specmemcore_ln0         (specmemcore      ) [ 000]
specinterface_ln0       (specinterface    ) [ 000]
specinterface_ln0       (specinterface    ) [ 000]
specinterface_ln0       (specinterface    ) [ 000]
specinterface_ln0       (specinterface    ) [ 000]
specinterface_ln0       (specinterface    ) [ 000]
specinterface_ln0       (specinterface    ) [ 000]
specinterface_ln0       (specinterface    ) [ 000]
specinterface_ln0       (specinterface    ) [ 000]
specinterface_ln0       (specinterface    ) [ 000]
specinterface_ln0       (specinterface    ) [ 000]
specinterface_ln0       (specinterface    ) [ 000]
specinterface_ln0       (specinterface    ) [ 000]
specinterface_ln0       (specinterface    ) [ 000]
add_ln712_read          (read             ) [ 000]
store_ln712             (store            ) [ 000]
store_ln623             (store            ) [ 000]
br_ln0                  (br               ) [ 000]
phi_urem_load           (load             ) [ 000]
word_4                  (load             ) [ 000]
icmp_ln712              (icmp             ) [ 010]
word_5                  (add              ) [ 000]
br_ln712                (br               ) [ 000]
trunc_ln624             (trunc            ) [ 011]
switch_ln639            (switch           ) [ 000]
br_ln0                  (br               ) [ 000]
br_ln0                  (br               ) [ 000]
br_ln0                  (br               ) [ 000]
add_ln712_2             (add              ) [ 000]
icmp_ln712_1            (icmp             ) [ 000]
select_ln712            (select           ) [ 000]
store_ln712             (store            ) [ 000]
store_ln623             (store            ) [ 000]
br_ln712                (br               ) [ 000]
specpipeline_ln713      (specpipeline     ) [ 000]
speclooptripcount_ln714 (speclooptripcount) [ 000]
specloopname_ln712      (specloopname     ) [ 000]
value                   (read             ) [ 000]
slice_47                (trunc            ) [ 000]
slice_48                (partselect       ) [ 000]
slice_49                (partselect       ) [ 000]
slice_50                (partselect       ) [ 000]
slice_51                (partselect       ) [ 000]
slice_52                (partselect       ) [ 000]
slice_53                (partselect       ) [ 000]
slice_54                (partselect       ) [ 000]
slice_55                (partselect       ) [ 000]
slice_56                (partselect       ) [ 000]
slice_57                (partselect       ) [ 000]
slice_58                (partselect       ) [ 000]
slice_59                (partselect       ) [ 000]
engine0_2               (bitconcatenate   ) [ 000]
slice_60                (partselect       ) [ 000]
engine1_2               (bitconcatenate   ) [ 000]
slice_61                (partselect       ) [ 000]
engine2_2               (bitconcatenate   ) [ 000]
slice_62                (partselect       ) [ 000]
engine3_2               (bitconcatenate   ) [ 000]
write_ln616             (write            ) [ 000]
write_ln617             (write            ) [ 000]
write_ln618             (write            ) [ 000]
write_ln619             (write            ) [ 000]
br_ln652                (br               ) [ 000]
write_ln646             (write            ) [ 000]
br_ln647                (br               ) [ 000]
write_ln644             (write            ) [ 000]
br_ln645                (br               ) [ 000]
metadata                (trunc            ) [ 000]
write_ln641             (write            ) [ 000]
write_ln642             (write            ) [ 000]
br_ln643                (br               ) [ 000]
slice                   (trunc            ) [ 000]
slice_32                (partselect       ) [ 000]
slice_33                (partselect       ) [ 000]
slice_34                (partselect       ) [ 000]
slice_35                (partselect       ) [ 000]
slice_36                (partselect       ) [ 000]
slice_37                (partselect       ) [ 000]
slice_38                (partselect       ) [ 000]
slice_39                (partselect       ) [ 000]
slice_40                (partselect       ) [ 000]
slice_41                (partselect       ) [ 000]
slice_42                (partselect       ) [ 000]
slice_43                (partselect       ) [ 000]
engine0                 (bitconcatenate   ) [ 000]
slice_44                (partselect       ) [ 000]
engine1                 (bitconcatenate   ) [ 000]
slice_45                (partselect       ) [ 000]
engine2                 (bitconcatenate   ) [ 000]
slice_46                (partselect       ) [ 000]
engine3                 (bitconcatenate   ) [ 000]
write_ln616             (write            ) [ 000]
write_ln617             (write            ) [ 000]
write_ln618             (write            ) [ 000]
write_ln619             (write            ) [ 000]
br_ln0                  (br               ) [ 000]
ret_ln0                 (ret              ) [ 000]
</LifeTime>

<model>

<comp_list>
<comp id="0" class="1000" name="add_ln712">
<pin_list>
<pin id="1" dir="1" index="0" bw="1" slack="0"/>
</pin_list>
<bind>
<StgValue><ssdm name="add_ln712"/></StgValue>
</bind>
</comp>

<comp id="2" class="1000" name="key_metadata_stream">
<pin_list>
<pin id="3" dir="1" index="0" bw="1" slack="0"/>
</pin_list>
<bind>
<StgValue><ssdm name="key_metadata_stream"/></StgValue>
</bind>
</comp>

<comp id="4" class="1000" name="value_metadata_stream">
<pin_list>
<pin id="5" dir="1" index="0" bw="1" slack="0"/>
</pin_list>
<bind>
<StgValue><ssdm name="value_metadata_stream"/></StgValue>
</bind>
</comp>

<comp id="6" class="1000" name="cached_kv_word_stream">
<pin_list>
<pin id="7" dir="1" index="0" bw="1" slack="0"/>
</pin_list>
<bind>
<StgValue><ssdm name="cached_kv_word_stream"/></StgValue>
</bind>
</comp>

<comp id="8" class="1000" name="key0_stream">
<pin_list>
<pin id="9" dir="1" index="0" bw="1" slack="0"/>
</pin_list>
<bind>
<StgValue><ssdm name="key0_stream"/></StgValue>
</bind>
</comp>

<comp id="10" class="1000" name="key1_stream">
<pin_list>
<pin id="11" dir="1" index="0" bw="1" slack="0"/>
</pin_list>
<bind>
<StgValue><ssdm name="key1_stream"/></StgValue>
</bind>
</comp>

<comp id="12" class="1000" name="value0_engine0_stream">
<pin_list>
<pin id="13" dir="1" index="0" bw="1" slack="0"/>
</pin_list>
<bind>
<StgValue><ssdm name="value0_engine0_stream"/></StgValue>
</bind>
</comp>

<comp id="14" class="1000" name="value0_engine1_stream">
<pin_list>
<pin id="15" dir="1" index="0" bw="1" slack="0"/>
</pin_list>
<bind>
<StgValue><ssdm name="value0_engine1_stream"/></StgValue>
</bind>
</comp>

<comp id="16" class="1000" name="value0_engine2_stream">
<pin_list>
<pin id="17" dir="1" index="0" bw="1" slack="0"/>
</pin_list>
<bind>
<StgValue><ssdm name="value0_engine2_stream"/></StgValue>
</bind>
</comp>

<comp id="18" class="1000" name="value0_engine3_stream">
<pin_list>
<pin id="19" dir="1" index="0" bw="1" slack="0"/>
</pin_list>
<bind>
<StgValue><ssdm name="value0_engine3_stream"/></StgValue>
</bind>
</comp>

<comp id="20" class="1000" name="value1_engine0_stream">
<pin_list>
<pin id="21" dir="1" index="0" bw="1" slack="0"/>
</pin_list>
<bind>
<StgValue><ssdm name="value1_engine0_stream"/></StgValue>
</bind>
</comp>

<comp id="22" class="1000" name="value1_engine1_stream">
<pin_list>
<pin id="23" dir="1" index="0" bw="1" slack="0"/>
</pin_list>
<bind>
<StgValue><ssdm name="value1_engine1_stream"/></StgValue>
</bind>
</comp>

<comp id="24" class="1000" name="value1_engine2_stream">
<pin_list>
<pin id="25" dir="1" index="0" bw="1" slack="0"/>
</pin_list>
<bind>
<StgValue><ssdm name="value1_engine2_stream"/></StgValue>
</bind>
</comp>

<comp id="26" class="1000" name="value1_engine3_stream">
<pin_list>
<pin id="27" dir="1" index="0" bw="1" slack="0"/>
</pin_list>
<bind>
<StgValue><ssdm name="value1_engine3_stream"/></StgValue>
</bind>
</comp>

<comp id="28" class="1001" name="const_28">
<pin_list>
<pin id="29" dir="1" index="0" bw="1" slack="0"/>
</pin_list>
<bind>
<StgValue><ssdm name=""/></StgValue>
</bind>
</comp>

<comp id="30" class="1001" name="const_30">
<pin_list>
<pin id="31" dir="1" index="0" bw="1" slack="2147483647"/>
</pin_list>
<bind>
<StgValue><ssdm name="_ssdm_op_SpecMemCore"/></StgValue>
</bind>
</comp>

<comp id="32" class="1001" name="const_32">
<pin_list>
<pin id="33" dir="1" index="0" bw="1" slack="2147483647"/>
</pin_list>
<bind>
<StgValue><ssdm name=""/></StgValue>
</bind>
</comp>

<comp id="34" class="1001" name="const_34">
<pin_list>
<pin id="35" dir="1" index="0" bw="1" slack="2147483647"/>
</pin_list>
<bind>
<StgValue><ssdm name=""/></StgValue>
</bind>
</comp>

<comp id="36" class="1001" name="const_36">
<pin_list>
<pin id="37" dir="1" index="0" bw="1" slack="2147483647"/>
</pin_list>
<bind>
<StgValue><ssdm name=""/></StgValue>
</bind>
</comp>

<comp id="38" class="1001" name="const_38">
<pin_list>
<pin id="39" dir="1" index="0" bw="1" slack="2147483647"/>
</pin_list>
<bind>
<StgValue><ssdm name=""/></StgValue>
</bind>
</comp>

<comp id="40" class="1001" name="const_40">
<pin_list>
<pin id="41" dir="1" index="0" bw="1" slack="2147483647"/>
</pin_list>
<bind>
<StgValue><ssdm name=""/></StgValue>
</bind>
</comp>

<comp id="42" class="1001" name="const_42">
<pin_list>
<pin id="43" dir="1" index="0" bw="1" slack="2147483647"/>
</pin_list>
<bind>
<StgValue><ssdm name="_ssdm_op_SpecInterface"/></StgValue>
</bind>
</comp>

<comp id="44" class="1001" name="const_44">
<pin_list>
<pin id="45" dir="1" index="0" bw="1" slack="2147483647"/>
</pin_list>
<bind>
<StgValue><ssdm name="empty_447"/></StgValue>
</bind>
</comp>

<comp id="46" class="1001" name="const_46">
<pin_list>
<pin id="47" dir="1" index="0" bw="1" slack="2147483647"/>
</pin_list>
<bind>
<StgValue><ssdm name=""/></StgValue>
</bind>
</comp>

<comp id="48" class="1001" name="const_48">
<pin_list>
<pin id="49" dir="1" index="0" bw="1" slack="2147483647"/>
</pin_list>
<bind>
<StgValue><ssdm name="empty_418"/></StgValue>
</bind>
</comp>

<comp id="50" class="1001" name="const_50">
<pin_list>
<pin id="51" dir="1" index="0" bw="1" slack="2147483647"/>
</pin_list>
<bind>
<StgValue><ssdm name=""/></StgValue>
</bind>
</comp>

<comp id="52" class="1001" name="const_52">
<pin_list>
<pin id="53" dir="1" index="0" bw="1" slack="0"/>
</pin_list>
<bind>
<StgValue><ssdm name="_ssdm_op_Read.ap_auto.i15"/></StgValue>
</bind>
</comp>

<comp id="54" class="1001" name="const_54">
<pin_list>
<pin id="55" dir="1" index="0" bw="1" slack="0"/>
</pin_list>
<bind>
<StgValue><ssdm name=""/></StgValue>
</bind>
</comp>

<comp id="56" class="1001" name="const_56">
<pin_list>
<pin id="57" dir="1" index="0" bw="1" slack="0"/>
</pin_list>
<bind>
<StgValue><ssdm name=""/></StgValue>
</bind>
</comp>

<comp id="58" class="1001" name="const_58">
<pin_list>
<pin id="59" dir="1" index="0" bw="1" slack="2147483647"/>
</pin_list>
<bind>
<StgValue><ssdm name=""/></StgValue>
</bind>
</comp>

<comp id="60" class="1001" name="const_60">
<pin_list>
<pin id="61" dir="1" index="0" bw="1" slack="2147483647"/>
</pin_list>
<bind>
<StgValue><ssdm name=""/></StgValue>
</bind>
</comp>

<comp id="62" class="1001" name="const_62">
<pin_list>
<pin id="63" dir="1" index="0" bw="1" slack="2147483647"/>
</pin_list>
<bind>
<StgValue><ssdm name=""/></StgValue>
</bind>
</comp>

<comp id="64" class="1001" name="const_64">
<pin_list>
<pin id="65" dir="1" index="0" bw="1" slack="2147483647"/>
</pin_list>
<bind>
<StgValue><ssdm name=""/></StgValue>
</bind>
</comp>

<comp id="66" class="1001" name="const_66">
<pin_list>
<pin id="67" dir="1" index="0" bw="1" slack="0"/>
</pin_list>
<bind>
<StgValue><ssdm name=""/></StgValue>
</bind>
</comp>

<comp id="68" class="1001" name="const_68">
<pin_list>
<pin id="69" dir="1" index="0" bw="1" slack="2147483647"/>
</pin_list>
<bind>
<StgValue><ssdm name="_ssdm_op_SpecPipeline"/></StgValue>
</bind>
</comp>

<comp id="70" class="1001" name="const_70">
<pin_list>
<pin id="71" dir="1" index="0" bw="1" slack="2147483647"/>
</pin_list>
<bind>
<StgValue><ssdm name="_ssdm_op_SpecLoopTripCount"/></StgValue>
</bind>
</comp>

<comp id="72" class="1001" name="const_72">
<pin_list>
<pin id="73" dir="1" index="0" bw="1" slack="2147483647"/>
</pin_list>
<bind>
<StgValue><ssdm name=""/></StgValue>
</bind>
</comp>

<comp id="74" class="1001" name="const_74">
<pin_list>
<pin id="75" dir="1" index="0" bw="1" slack="2147483647"/>
</pin_list>
<bind>
<StgValue><ssdm name=""/></StgValue>
</bind>
</comp>

<comp id="76" class="1001" name="const_76">
<pin_list>
<pin id="77" dir="1" index="0" bw="1" slack="2147483647"/>
</pin_list>
<bind>
<StgValue><ssdm name=""/></StgValue>
</bind>
</comp>

<comp id="78" class="1001" name="const_78">
<pin_list>
<pin id="79" dir="1" index="0" bw="1" slack="2147483647"/>
</pin_list>
<bind>
<StgValue><ssdm name="_ssdm_op_SpecLoopName"/></StgValue>
</bind>
</comp>

<comp id="80" class="1001" name="const_80">
<pin_list>
<pin id="81" dir="1" index="0" bw="1" slack="2147483647"/>
</pin_list>
<bind>
<StgValue><ssdm name="empty_466"/></StgValue>
</bind>
</comp>

<comp id="82" class="1001" name="const_82">
<pin_list>
<pin id="83" dir="1" index="0" bw="1" slack="0"/>
</pin_list>
<bind>
<StgValue><ssdm name="_ssdm_op_Read.ap_fifo.volatile.i512P0A"/></StgValue>
</bind>
</comp>

<comp id="84" class="1001" name="const_84">
<pin_list>
<pin id="85" dir="1" index="0" bw="1" slack="0"/>
</pin_list>
<bind>
<StgValue><ssdm name="_ssdm_op_PartSelect.i32.i512.i32.i32"/></StgValue>
</bind>
</comp>

<comp id="86" class="1001" name="const_86">
<pin_list>
<pin id="87" dir="1" index="0" bw="1" slack="0"/>
</pin_list>
<bind>
<StgValue><ssdm name=""/></StgValue>
</bind>
</comp>

<comp id="88" class="1001" name="const_88">
<pin_list>
<pin id="89" dir="1" index="0" bw="1" slack="0"/>
</pin_list>
<bind>
<StgValue><ssdm name=""/></StgValue>
</bind>
</comp>

<comp id="90" class="1001" name="const_90">
<pin_list>
<pin id="91" dir="1" index="0" bw="1" slack="0"/>
</pin_list>
<bind>
<StgValue><ssdm name=""/></StgValue>
</bind>
</comp>

<comp id="92" class="1001" name="const_92">
<pin_list>
<pin id="93" dir="1" index="0" bw="1" slack="0"/>
</pin_list>
<bind>
<StgValue><ssdm name=""/></StgValue>
</bind>
</comp>

<comp id="94" class="1001" name="const_94">
<pin_list>
<pin id="95" dir="1" index="0" bw="1" slack="0"/>
</pin_list>
<bind>
<StgValue><ssdm name=""/></StgValue>
</bind>
</comp>

<comp id="96" class="1001" name="const_96">
<pin_list>
<pin id="97" dir="1" index="0" bw="1" slack="0"/>
</pin_list>
<bind>
<StgValue><ssdm name=""/></StgValue>
</bind>
</comp>

<comp id="98" class="1001" name="const_98">
<pin_list>
<pin id="99" dir="1" index="0" bw="1" slack="0"/>
</pin_list>
<bind>
<StgValue><ssdm name=""/></StgValue>
</bind>
</comp>

<comp id="100" class="1001" name="const_100">
<pin_list>
<pin id="101" dir="1" index="0" bw="1" slack="0"/>
</pin_list>
<bind>
<StgValue><ssdm name=""/></StgValue>
</bind>
</comp>

<comp id="102" class="1001" name="const_102">
<pin_list>
<pin id="103" dir="1" index="0" bw="1" slack="0"/>
</pin_list>
<bind>
<StgValue><ssdm name=""/></StgValue>
</bind>
</comp>

<comp id="104" class="1001" name="const_104">
<pin_list>
<pin id="105" dir="1" index="0" bw="1" slack="0"/>
</pin_list>
<bind>
<StgValue><ssdm name=""/></StgValue>
</bind>
</comp>

<comp id="106" class="1001" name="const_106">
<pin_list>
<pin id="107" dir="1" index="0" bw="1" slack="0"/>
</pin_list>
<bind>
<StgValue><ssdm name=""/></StgValue>
</bind>
</comp>

<comp id="108" class="1001" name="const_108">
<pin_list>
<pin id="109" dir="1" index="0" bw="1" slack="0"/>
</pin_list>
<bind>
<StgValue><ssdm name=""/></StgValue>
</bind>
</comp>

<comp id="110" class="1001" name="const_110">
<pin_list>
<pin id="111" dir="1" index="0" bw="1" slack="0"/>
</pin_list>
<bind>
<StgValue><ssdm name=""/></StgValue>
</bind>
</comp>

<comp id="112" class="1001" name="const_112">
<pin_list>
<pin id="113" dir="1" index="0" bw="1" slack="0"/>
</pin_list>
<bind>
<StgValue><ssdm name=""/></StgValue>
</bind>
</comp>

<comp id="114" class="1001" name="const_114">
<pin_list>
<pin id="115" dir="1" index="0" bw="1" slack="0"/>
</pin_list>
<bind>
<StgValue><ssdm name=""/></StgValue>
</bind>
</comp>

<comp id="116" class="1001" name="const_116">
<pin_list>
<pin id="117" dir="1" index="0" bw="1" slack="0"/>
</pin_list>
<bind>
<StgValue><ssdm name=""/></StgValue>
</bind>
</comp>

<comp id="118" class="1001" name="const_118">
<pin_list>
<pin id="119" dir="1" index="0" bw="1" slack="0"/>
</pin_list>
<bind>
<StgValue><ssdm name=""/></StgValue>
</bind>
</comp>

<comp id="120" class="1001" name="const_120">
<pin_list>
<pin id="121" dir="1" index="0" bw="1" slack="0"/>
</pin_list>
<bind>
<StgValue><ssdm name=""/></StgValue>
</bind>
</comp>

<comp id="122" class="1001" name="const_122">
<pin_list>
<pin id="123" dir="1" index="0" bw="1" slack="0"/>
</pin_list>
<bind>
<StgValue><ssdm name=""/></StgValue>
</bind>
</comp>

<comp id="124" class="1001" name="const_124">
<pin_list>
<pin id="125" dir="1" index="0" bw="1" slack="0"/>
</pin_list>
<bind>
<StgValue><ssdm name=""/></StgValue>
</bind>
</comp>

<comp id="126" class="1001" name="const_126">
<pin_list>
<pin id="127" dir="1" index="0" bw="1" slack="0"/>
</pin_list>
<bind>
<StgValue><ssdm name=""/></StgValue>
</bind>
</comp>

<comp id="128" class="1001" name="const_128">
<pin_list>
<pin id="129" dir="1" index="0" bw="1" slack="0"/>
</pin_list>
<bind>
<StgValue><ssdm name=""/></StgValue>
</bind>
</comp>

<comp id="130" class="1001" name="const_130">
<pin_list>
<pin id="131" dir="1" index="0" bw="1" slack="0"/>
</pin_list>
<bind>
<StgValue><ssdm name=""/></StgValue>
</bind>
</comp>

<comp id="132" class="1001" name="const_132">
<pin_list>
<pin id="133" dir="1" index="0" bw="1" slack="0"/>
</pin_list>
<bind>
<StgValue><ssdm name=""/></StgValue>
</bind>
</comp>

<comp id="134" class="1001" name="const_134">
<pin_list>
<pin id="135" dir="1" index="0" bw="1" slack="0"/>
</pin_list>
<bind>
<StgValue><ssdm name="_ssdm_op_BitConcatenate.i128.i32.i32.i32.i32"/></StgValue>
</bind>
</comp>

<comp id="136" class="1001" name="const_136">
<pin_list>
<pin id="137" dir="1" index="0" bw="1" slack="0"/>
</pin_list>
<bind>
<StgValue><ssdm name=""/></StgValue>
</bind>
</comp>

<comp id="138" class="1001" name="const_138">
<pin_list>
<pin id="139" dir="1" index="0" bw="1" slack="0"/>
</pin_list>
<bind>
<StgValue><ssdm name=""/></StgValue>
</bind>
</comp>

<comp id="140" class="1001" name="const_140">
<pin_list>
<pin id="141" dir="1" index="0" bw="1" slack="0"/>
</pin_list>
<bind>
<StgValue><ssdm name=""/></StgValue>
</bind>
</comp>

<comp id="142" class="1001" name="const_142">
<pin_list>
<pin id="143" dir="1" index="0" bw="1" slack="0"/>
</pin_list>
<bind>
<StgValue><ssdm name=""/></StgValue>
</bind>
</comp>

<comp id="144" class="1001" name="const_144">
<pin_list>
<pin id="145" dir="1" index="0" bw="1" slack="0"/>
</pin_list>
<bind>
<StgValue><ssdm name=""/></StgValue>
</bind>
</comp>

<comp id="146" class="1001" name="const_146">
<pin_list>
<pin id="147" dir="1" index="0" bw="1" slack="0"/>
</pin_list>
<bind>
<StgValue><ssdm name=""/></StgValue>
</bind>
</comp>

<comp id="148" class="1001" name="const_148">
<pin_list>
<pin id="149" dir="1" index="0" bw="1" slack="0"/>
</pin_list>
<bind>
<StgValue><ssdm name="_ssdm_op_Write.ap_fifo.volatile.i128P0A"/></StgValue>
</bind>
</comp>

<comp id="150" class="1001" name="const_150">
<pin_list>
<pin id="151" dir="1" index="0" bw="1" slack="0"/>
</pin_list>
<bind>
<StgValue><ssdm name="_ssdm_op_Write.ap_fifo.volatile.i512P0A"/></StgValue>
</bind>
</comp>

<comp id="152" class="1001" name="const_152">
<pin_list>
<pin id="153" dir="1" index="0" bw="1" slack="0"/>
</pin_list>
<bind>
<StgValue><ssdm name="_ssdm_op_Write.ap_fifo.volatile.i40P0A"/></StgValue>
</bind>
</comp>

<comp id="154" class="1004" name="phi_urem_fu_154">
<pin_list>
<pin id="155" dir="0" index="0" bw="1" slack="0"/>
<pin id="156" dir="1" index="1" bw="15" slack="0"/>
</pin_list>
<bind>
<opcode="alloca(26) " fcode="alloca"/>
<opset="phi_urem/1 "/>
</bind>
</comp>

<comp id="158" class="1004" name="word_fu_158">
<pin_list>
<pin id="159" dir="0" index="0" bw="1" slack="0"/>
<pin id="160" dir="1" index="1" bw="15" slack="0"/>
</pin_list>
<bind>
<opcode="alloca(26) " fcode="alloca"/>
<opset="word/1 "/>
</bind>
</comp>

<comp id="162" class="1004" name="add_ln712_read_read_fu_162">
<pin_list>
<pin id="163" dir="0" index="0" bw="15" slack="0"/>
<pin id="164" dir="0" index="1" bw="15" slack="0"/>
<pin id="165" dir="1" index="2" bw="15" slack="0"/>
</pin_list>
<bind>
<opcode="read(1150) " fcode="read"/>
<opset="add_ln712_read/1 "/>
</bind>
</comp>

<comp id="168" class="1004" name="value_read_fu_168">
<pin_list>
<pin id="169" dir="0" index="0" bw="512" slack="0"/>
<pin id="170" dir="0" index="1" bw="512" slack="0"/>
<pin id="171" dir="1" index="2" bw="512" slack="0"/>
</pin_list>
<bind>
<opcode="read(1150) " fcode="read"/>
<opset="value/2 "/>
</bind>
</comp>

<comp id="174" class="1004" name="write_ln616_write_fu_174">
<pin_list>
<pin id="175" dir="0" index="0" bw="0" slack="0"/>
<pin id="176" dir="0" index="1" bw="128" slack="0"/>
<pin id="177" dir="0" index="2" bw="128" slack="0"/>
<pin id="178" dir="1" index="3" bw="0" slack="2147483647"/>
</pin_list>
<bind>
<opcode="write(1151) " fcode="write"/>
<opset="write_ln616/2 "/>
</bind>
</comp>

<comp id="181" class="1004" name="write_ln617_write_fu_181">
<pin_list>
<pin id="182" dir="0" index="0" bw="0" slack="0"/>
<pin id="183" dir="0" index="1" bw="128" slack="0"/>
<pin id="184" dir="0" index="2" bw="128" slack="0"/>
<pin id="185" dir="1" index="3" bw="0" slack="2147483647"/>
</pin_list>
<bind>
<opcode="write(1151) " fcode="write"/>
<opset="write_ln617/2 "/>
</bind>
</comp>

<comp id="188" class="1004" name="write_ln618_write_fu_188">
<pin_list>
<pin id="189" dir="0" index="0" bw="0" slack="0"/>
<pin id="190" dir="0" index="1" bw="128" slack="0"/>
<pin id="191" dir="0" index="2" bw="128" slack="0"/>
<pin id="192" dir="1" index="3" bw="0" slack="2147483647"/>
</pin_list>
<bind>
<opcode="write(1151) " fcode="write"/>
<opset="write_ln618/2 "/>
</bind>
</comp>

<comp id="195" class="1004" name="write_ln619_write_fu_195">
<pin_list>
<pin id="196" dir="0" index="0" bw="0" slack="0"/>
<pin id="197" dir="0" index="1" bw="128" slack="0"/>
<pin id="198" dir="0" index="2" bw="128" slack="0"/>
<pin id="199" dir="1" index="3" bw="0" slack="2147483647"/>
</pin_list>
<bind>
<opcode="write(1151) " fcode="write"/>
<opset="write_ln619/2 "/>
</bind>
</comp>

<comp id="202" class="1004" name="write_ln646_write_fu_202">
<pin_list>
<pin id="203" dir="0" index="0" bw="0" slack="0"/>
<pin id="204" dir="0" index="1" bw="512" slack="0"/>
<pin id="205" dir="0" index="2" bw="512" slack="0"/>
<pin id="206" dir="1" index="3" bw="0" slack="2147483647"/>
</pin_list>
<bind>
<opcode="write(1151) " fcode="write"/>
<opset="write_ln646/2 "/>
</bind>
</comp>

<comp id="210" class="1004" name="write_ln644_write_fu_210">
<pin_list>
<pin id="211" dir="0" index="0" bw="0" slack="0"/>
<pin id="212" dir="0" index="1" bw="512" slack="0"/>
<pin id="213" dir="0" index="2" bw="512" slack="0"/>
<pin id="214" dir="1" index="3" bw="0" slack="2147483647"/>
</pin_list>
<bind>
<opcode="write(1151) " fcode="write"/>
<opset="write_ln644/2 "/>
</bind>
</comp>

<comp id="218" class="1004" name="write_ln641_write_fu_218">
<pin_list>
<pin id="219" dir="0" index="0" bw="0" slack="0"/>
<pin id="220" dir="0" index="1" bw="40" slack="0"/>
<pin id="221" dir="0" index="2" bw="40" slack="0"/>
<pin id="222" dir="1" index="3" bw="0" slack="2147483647"/>
</pin_list>
<bind>
<opcode="write(1151) " fcode="write"/>
<opset="write_ln641/2 "/>
</bind>
</comp>

<comp id="225" class="1004" name="write_ln642_write_fu_225">
<pin_list>
<pin id="226" dir="0" index="0" bw="0" slack="0"/>
<pin id="227" dir="0" index="1" bw="40" slack="0"/>
<pin id="228" dir="0" index="2" bw="40" slack="0"/>
<pin id="229" dir="1" index="3" bw="0" slack="2147483647"/>
</pin_list>
<bind>
<opcode="write(1151) " fcode="write"/>
<opset="write_ln642/2 "/>
</bind>
</comp>

<comp id="232" class="1004" name="write_ln616_write_fu_232">
<pin_list>
<pin id="233" dir="0" index="0" bw="0" slack="0"/>
<pin id="234" dir="0" index="1" bw="128" slack="0"/>
<pin id="235" dir="0" index="2" bw="128" slack="0"/>
<pin id="236" dir="1" index="3" bw="0" slack="2147483647"/>
</pin_list>
<bind>
<opcode="write(1151) " fcode="write"/>
<opset="write_ln616/2 "/>
</bind>
</comp>

<comp id="239" class="1004" name="write_ln617_write_fu_239">
<pin_list>
<pin id="240" dir="0" index="0" bw="0" slack="0"/>
<pin id="241" dir="0" index="1" bw="128" slack="0"/>
<pin id="242" dir="0" index="2" bw="128" slack="0"/>
<pin id="243" dir="1" index="3" bw="0" slack="2147483647"/>
</pin_list>
<bind>
<opcode="write(1151) " fcode="write"/>
<opset="write_ln617/2 "/>
</bind>
</comp>

<comp id="246" class="1004" name="write_ln618_write_fu_246">
<pin_list>
<pin id="247" dir="0" index="0" bw="0" slack="0"/>
<pin id="248" dir="0" index="1" bw="128" slack="0"/>
<pin id="249" dir="0" index="2" bw="128" slack="0"/>
<pin id="250" dir="1" index="3" bw="0" slack="2147483647"/>
</pin_list>
<bind>
<opcode="write(1151) " fcode="write"/>
<opset="write_ln618/2 "/>
</bind>
</comp>

<comp id="253" class="1004" name="write_ln619_write_fu_253">
<pin_list>
<pin id="254" dir="0" index="0" bw="0" slack="0"/>
<pin id="255" dir="0" index="1" bw="128" slack="0"/>
<pin id="256" dir="0" index="2" bw="128" slack="0"/>
<pin id="257" dir="1" index="3" bw="0" slack="2147483647"/>
</pin_list>
<bind>
<opcode="write(1151) " fcode="write"/>
<opset="write_ln619/2 "/>
</bind>
</comp>

<comp id="260" class="1004" name="grp_fu_260">
<pin_list>
<pin id="261" dir="0" index="0" bw="32" slack="0"/>
<pin id="262" dir="0" index="1" bw="512" slack="0"/>
<pin id="263" dir="0" index="2" bw="7" slack="0"/>
<pin id="264" dir="0" index="3" bw="7" slack="0"/>
<pin id="265" dir="1" index="4" bw="32" slack="0"/>
</pin_list>
<bind>
<opcode="partselect(1002) " fcode="partselect"/>
<opset="slice_48/2 slice_32/2 "/>
</bind>
</comp>

<comp id="270" class="1004" name="grp_fu_270">
<pin_list>
<pin id="271" dir="0" index="0" bw="32" slack="0"/>
<pin id="272" dir="0" index="1" bw="512" slack="0"/>
<pin id="273" dir="0" index="2" bw="8" slack="0"/>
<pin id="274" dir="0" index="3" bw="8" slack="0"/>
<pin id="275" dir="1" index="4" bw="32" slack="0"/>
</pin_list>
<bind>
<opcode="partselect(1002) " fcode="partselect"/>
<opset="slice_49/2 slice_33/2 "/>
</bind>
</comp>

<comp id="280" class="1004" name="grp_fu_280">
<pin_list>
<pin id="281" dir="0" index="0" bw="32" slack="0"/>
<pin id="282" dir="0" index="1" bw="512" slack="0"/>
<pin id="283" dir="0" index="2" bw="8" slack="0"/>
<pin id="284" dir="0" index="3" bw="8" slack="0"/>
<pin id="285" dir="1" index="4" bw="32" slack="0"/>
</pin_list>
<bind>
<opcode="partselect(1002) " fcode="partselect"/>
<opset="slice_50/2 slice_34/2 "/>
</bind>
</comp>

<comp id="290" class="1004" name="grp_fu_290">
<pin_list>
<pin id="291" dir="0" index="0" bw="32" slack="0"/>
<pin id="292" dir="0" index="1" bw="512" slack="0"/>
<pin id="293" dir="0" index="2" bw="9" slack="0"/>
<pin id="294" dir="0" index="3" bw="9" slack="0"/>
<pin id="295" dir="1" index="4" bw="32" slack="0"/>
</pin_list>
<bind>
<opcode="partselect(1002) " fcode="partselect"/>
<opset="slice_51/2 slice_35/2 "/>
</bind>
</comp>

<comp id="300" class="1004" name="grp_fu_300">
<pin_list>
<pin id="301" dir="0" index="0" bw="32" slack="0"/>
<pin id="302" dir="0" index="1" bw="512" slack="0"/>
<pin id="303" dir="0" index="2" bw="9" slack="0"/>
<pin id="304" dir="0" index="3" bw="9" slack="0"/>
<pin id="305" dir="1" index="4" bw="32" slack="0"/>
</pin_list>
<bind>
<opcode="partselect(1002) " fcode="partselect"/>
<opset="slice_52/2 slice_36/2 "/>
</bind>
</comp>

<comp id="310" class="1004" name="grp_fu_310">
<pin_list>
<pin id="311" dir="0" index="0" bw="32" slack="0"/>
<pin id="312" dir="0" index="1" bw="512" slack="0"/>
<pin id="313" dir="0" index="2" bw="9" slack="0"/>
<pin id="314" dir="0" index="3" bw="9" slack="0"/>
<pin id="315" dir="1" index="4" bw="32" slack="0"/>
</pin_list>
<bind>
<opcode="partselect(1002) " fcode="partselect"/>
<opset="slice_53/2 slice_37/2 "/>
</bind>
</comp>

<comp id="320" class="1004" name="grp_fu_320">
<pin_list>
<pin id="321" dir="0" index="0" bw="32" slack="0"/>
<pin id="322" dir="0" index="1" bw="512" slack="0"/>
<pin id="323" dir="0" index="2" bw="9" slack="0"/>
<pin id="324" dir="0" index="3" bw="9" slack="0"/>
<pin id="325" dir="1" index="4" bw="32" slack="0"/>
</pin_list>
<bind>
<opcode="partselect(1002) " fcode="partselect"/>
<opset="slice_54/2 slice_38/2 "/>
</bind>
</comp>

<comp id="330" class="1004" name="grp_fu_330">
<pin_list>
<pin id="331" dir="0" index="0" bw="32" slack="0"/>
<pin id="332" dir="0" index="1" bw="512" slack="0"/>
<pin id="333" dir="0" index="2" bw="10" slack="0"/>
<pin id="334" dir="0" index="3" bw="10" slack="0"/>
<pin id="335" dir="1" index="4" bw="32" slack="0"/>
</pin_list>
<bind>
<opcode="partselect(1002) " fcode="partselect"/>
<opset="slice_55/2 slice_39/2 "/>
</bind>
</comp>

<comp id="340" class="1004" name="grp_fu_340">
<pin_list>
<pin id="341" dir="0" index="0" bw="32" slack="0"/>
<pin id="342" dir="0" index="1" bw="512" slack="0"/>
<pin id="343" dir="0" index="2" bw="10" slack="0"/>
<pin id="344" dir="0" index="3" bw="10" slack="0"/>
<pin id="345" dir="1" index="4" bw="32" slack="0"/>
</pin_list>
<bind>
<opcode="partselect(1002) " fcode="partselect"/>
<opset="slice_56/2 slice_40/2 "/>
</bind>
</comp>

<comp id="350" class="1004" name="grp_fu_350">
<pin_list>
<pin id="351" dir="0" index="0" bw="32" slack="0"/>
<pin id="352" dir="0" index="1" bw="512" slack="0"/>
<pin id="353" dir="0" index="2" bw="10" slack="0"/>
<pin id="354" dir="0" index="3" bw="10" slack="0"/>
<pin id="355" dir="1" index="4" bw="32" slack="0"/>
</pin_list>
<bind>
<opcode="partselect(1002) " fcode="partselect"/>
<opset="slice_57/2 slice_41/2 "/>
</bind>
</comp>

<comp id="360" class="1004" name="grp_fu_360">
<pin_list>
<pin id="361" dir="0" index="0" bw="32" slack="0"/>
<pin id="362" dir="0" index="1" bw="512" slack="0"/>
<pin id="363" dir="0" index="2" bw="10" slack="0"/>
<pin id="364" dir="0" index="3" bw="10" slack="0"/>
<pin id="365" dir="1" index="4" bw="32" slack="0"/>
</pin_list>
<bind>
<opcode="partselect(1002) " fcode="partselect"/>
<opset="slice_58/2 slice_42/2 "/>
</bind>
</comp>

<comp id="370" class="1004" name="grp_fu_370">
<pin_list>
<pin id="371" dir="0" index="0" bw="32" slack="0"/>
<pin id="372" dir="0" index="1" bw="512" slack="0"/>
<pin id="373" dir="0" index="2" bw="10" slack="0"/>
<pin id="374" dir="0" index="3" bw="10" slack="0"/>
<pin id="375" dir="1" index="4" bw="32" slack="0"/>
</pin_list>
<bind>
<opcode="partselect(1002) " fcode="partselect"/>
<opset="slice_59/2 slice_43/2 "/>
</bind>
</comp>

<comp id="380" class="1004" name="grp_fu_380">
<pin_list>
<pin id="381" dir="0" index="0" bw="32" slack="0"/>
<pin id="382" dir="0" index="1" bw="512" slack="0"/>
<pin id="383" dir="0" index="2" bw="10" slack="0"/>
<pin id="384" dir="0" index="3" bw="10" slack="0"/>
<pin id="385" dir="1" index="4" bw="32" slack="0"/>
</pin_list>
<bind>
<opcode="partselect(1002) " fcode="partselect"/>
<opset="slice_60/2 slice_44/2 "/>
</bind>
</comp>

<comp id="390" class="1004" name="grp_fu_390">
<pin_list>
<pin id="391" dir="0" index="0" bw="32" slack="0"/>
<pin id="392" dir="0" index="1" bw="512" slack="0"/>
<pin id="393" dir="0" index="2" bw="10" slack="0"/>
<pin id="394" dir="0" index="3" bw="10" slack="0"/>
<pin id="395" dir="1" index="4" bw="32" slack="0"/>
</pin_list>
<bind>
<opcode="partselect(1002) " fcode="partselect"/>
<opset="slice_61/2 slice_45/2 "/>
</bind>
</comp>

<comp id="400" class="1004" name="grp_fu_400">
<pin_list>
<pin id="401" dir="0" index="0" bw="32" slack="0"/>
<pin id="402" dir="0" index="1" bw="512" slack="0"/>
<pin id="403" dir="0" index="2" bw="10" slack="0"/>
<pin id="404" dir="0" index="3" bw="10" slack="0"/>
<pin id="405" dir="1" index="4" bw="32" slack="0"/>
</pin_list>
<bind>
<opcode="partselect(1002) " fcode="partselect"/>
<opset="slice_62/2 slice_46/2 "/>
</bind>
</comp>

<comp id="410" class="1004" name="store_ln712_store_fu_410">
<pin_list>
<pin id="411" dir="0" index="0" bw="1" slack="0"/>
<pin id="412" dir="0" index="1" bw="15" slack="0"/>
<pin id="413" dir="1" index="2" bw="0" slack="2147483647"/>
</pin_list>
<bind>
<opcode="store(28) " fcode="store"/>
<opset="store_ln712/1 "/>
</bind>
</comp>

<comp id="415" class="1004" name="store_ln623_store_fu_415">
<pin_list>
<pin id="416" dir="0" index="0" bw="1" slack="0"/>
<pin id="417" dir="0" index="1" bw="15" slack="0"/>
<pin id="418" dir="1" index="2" bw="0" slack="2147483647"/>
</pin_list>
<bind>
<opcode="store(28) " fcode="store"/>
<opset="store_ln623/1 "/>
</bind>
</comp>

<comp id="420" class="1004" name="phi_urem_load_load_fu_420">
<pin_list>
<pin id="421" dir="0" index="0" bw="15" slack="0"/>
<pin id="422" dir="1" index="1" bw="15" slack="0"/>
</pin_list>
<bind>
<opcode="load(27) " fcode="load"/>
<opset="phi_urem_load/1 "/>
</bind>
</comp>

<comp id="423" class="1004" name="word_4_load_fu_423">
<pin_list>
<pin id="424" dir="0" index="0" bw="15" slack="0"/>
<pin id="425" dir="1" index="1" bw="15" slack="0"/>
</pin_list>
<bind>
<opcode="load(27) " fcode="load"/>
<opset="word_4/1 "/>
</bind>
</comp>

<comp id="426" class="1004" name="icmp_ln712_fu_426">
<pin_list>
<pin id="427" dir="0" index="0" bw="15" slack="0"/>
<pin id="428" dir="0" index="1" bw="15" slack="0"/>
<pin id="429" dir="1" index="2" bw="1" slack="2147483647"/>
</pin_list>
<bind>
<opcode="icmp(45) " fcode="icmp"/>
<opset="icmp_ln712/1 "/>
</bind>
</comp>

<comp id="432" class="1004" name="word_5_fu_432">
<pin_list>
<pin id="433" dir="0" index="0" bw="15" slack="0"/>
<pin id="434" dir="0" index="1" bw="1" slack="0"/>
<pin id="435" dir="1" index="2" bw="15" slack="0"/>
</pin_list>
<bind>
<opcode="add(8) " fcode="add"/>
<opset="word_5/1 "/>
</bind>
</comp>

<comp id="438" class="1004" name="trunc_ln624_fu_438">
<pin_list>
<pin id="439" dir="0" index="0" bw="15" slack="0"/>
<pin id="440" dir="1" index="1" bw="3" slack="1"/>
</pin_list>
<bind>
<opcode="trunc(33) " fcode="trunc"/>
<opset="trunc_ln624/1 "/>
</bind>
</comp>

<comp id="442" class="1004" name="add_ln712_2_fu_442">
<pin_list>
<pin id="443" dir="0" index="0" bw="15" slack="0"/>
<pin id="444" dir="0" index="1" bw="1" slack="0"/>
<pin id="445" dir="1" index="2" bw="15" slack="0"/>
</pin_list>
<bind>
<opcode="add(8) " fcode="add"/>
<opset="add_ln712_2/1 "/>
</bind>
</comp>

<comp id="448" class="1004" name="icmp_ln712_1_fu_448">
<pin_list>
<pin id="449" dir="0" index="0" bw="15" slack="0"/>
<pin id="450" dir="0" index="1" bw="15" slack="0"/>
<pin id="451" dir="1" index="2" bw="1" slack="0"/>
</pin_list>
<bind>
<opcode="icmp(45) " fcode="icmp"/>
<opset="icmp_ln712_1/1 "/>
</bind>
</comp>

<comp id="454" class="1004" name="select_ln712_fu_454">
<pin_list>
<pin id="455" dir="0" index="0" bw="1" slack="0"/>
<pin id="456" dir="0" index="1" bw="15" slack="0"/>
<pin id="457" dir="0" index="2" bw="15" slack="0"/>
<pin id="458" dir="1" index="3" bw="15" slack="0"/>
</pin_list>
<bind>
<opcode="select(49) " fcode="select"/>
<opset="select_ln712/1 "/>
</bind>
</comp>

<comp id="462" class="1004" name="store_ln712_store_fu_462">
<pin_list>
<pin id="463" dir="0" index="0" bw="15" slack="0"/>
<pin id="464" dir="0" index="1" bw="15" slack="0"/>
<pin id="465" dir="1" index="2" bw="0" slack="2147483647"/>
</pin_list>
<bind>
<opcode="store(28) " fcode="store"/>
<opset="store_ln712/1 "/>
</bind>
</comp>

<comp id="467" class="1004" name="store_ln623_store_fu_467">
<pin_list>
<pin id="468" dir="0" index="0" bw="15" slack="0"/>
<pin id="469" dir="0" index="1" bw="15" slack="0"/>
<pin id="470" dir="1" index="2" bw="0" slack="2147483647"/>
</pin_list>
<bind>
<opcode="store(28) " fcode="store"/>
<opset="store_ln623/1 "/>
</bind>
</comp>

<comp id="472" class="1004" name="slice_47_fu_472">
<pin_list>
<pin id="473" dir="0" index="0" bw="512" slack="0"/>
<pin id="474" dir="1" index="1" bw="32" slack="0"/>
</pin_list>
<bind>
<opcode="trunc(33) " fcode="trunc"/>
<opset="slice_47/2 "/>
</bind>
</comp>

<comp id="476" class="1004" name="engine0_2_fu_476">
<pin_list>
<pin id="477" dir="0" index="0" bw="128" slack="0"/>
<pin id="478" dir="0" index="1" bw="32" slack="0"/>
<pin id="479" dir="0" index="2" bw="32" slack="0"/>
<pin id="480" dir="0" index="3" bw="32" slack="0"/>
<pin id="481" dir="0" index="4" bw="32" slack="0"/>
<pin id="482" dir="1" index="5" bw="128" slack="0"/>
</pin_list>
<bind>
<opcode="bitconcatenate(1004) " fcode="bitconcatenate"/>
<opset="engine0_2/2 "/>
</bind>
</comp>

<comp id="489" class="1004" name="engine1_2_fu_489">
<pin_list>
<pin id="490" dir="0" index="0" bw="128" slack="0"/>
<pin id="491" dir="0" index="1" bw="32" slack="0"/>
<pin id="492" dir="0" index="2" bw="32" slack="0"/>
<pin id="493" dir="0" index="3" bw="32" slack="0"/>
<pin id="494" dir="0" index="4" bw="32" slack="0"/>
<pin id="495" dir="1" index="5" bw="128" slack="0"/>
</pin_list>
<bind>
<opcode="bitconcatenate(1004) " fcode="bitconcatenate"/>
<opset="engine1_2/2 "/>
</bind>
</comp>

<comp id="502" class="1004" name="engine2_2_fu_502">
<pin_list>
<pin id="503" dir="0" index="0" bw="128" slack="0"/>
<pin id="504" dir="0" index="1" bw="32" slack="0"/>
<pin id="505" dir="0" index="2" bw="32" slack="0"/>
<pin id="506" dir="0" index="3" bw="32" slack="0"/>
<pin id="507" dir="0" index="4" bw="32" slack="0"/>
<pin id="508" dir="1" index="5" bw="128" slack="0"/>
</pin_list>
<bind>
<opcode="bitconcatenate(1004) " fcode="bitconcatenate"/>
<opset="engine2_2/2 "/>
</bind>
</comp>

<comp id="515" class="1004" name="engine3_2_fu_515">
<pin_list>
<pin id="516" dir="0" index="0" bw="128" slack="0"/>
<pin id="517" dir="0" index="1" bw="32" slack="0"/>
<pin id="518" dir="0" index="2" bw="32" slack="0"/>
<pin id="519" dir="0" index="3" bw="32" slack="0"/>
<pin id="520" dir="0" index="4" bw="32" slack="0"/>
<pin id="521" dir="1" index="5" bw="128" slack="0"/>
</pin_list>
<bind>
<opcode="bitconcatenate(1004) " fcode="bitconcatenate"/>
<opset="engine3_2/2 "/>
</bind>
</comp>

<comp id="528" class="1004" name="metadata_fu_528">
<pin_list>
<pin id="529" dir="0" index="0" bw="512" slack="0"/>
<pin id="530" dir="1" index="1" bw="40" slack="0"/>
</pin_list>
<bind>
<opcode="trunc(33) " fcode="trunc"/>
<opset="metadata/2 "/>
</bind>
</comp>

<comp id="534" class="1004" name="slice_fu_534">
<pin_list>
<pin id="535" dir="0" index="0" bw="512" slack="0"/>
<pin id="536" dir="1" index="1" bw="32" slack="0"/>
</pin_list>
<bind>
<opcode="trunc(33) " fcode="trunc"/>
<opset="slice/2 "/>
</bind>
</comp>

<comp id="538" class="1004" name="engine0_fu_538">
<pin_list>
<pin id="539" dir="0" index="0" bw="128" slack="0"/>
<pin id="540" dir="0" index="1" bw="32" slack="0"/>
<pin id="541" dir="0" index="2" bw="32" slack="0"/>
<pin id="542" dir="0" index="3" bw="32" slack="0"/>
<pin id="543" dir="0" index="4" bw="32" slack="0"/>
<pin id="544" dir="1" index="5" bw="128" slack="0"/>
</pin_list>
<bind>
<opcode="bitconcatenate(1004) " fcode="bitconcatenate"/>
<opset="engine0/2 "/>
</bind>
</comp>

<comp id="551" class="1004" name="engine1_fu_551">
<pin_list>
<pin id="552" dir="0" index="0" bw="128" slack="0"/>
<pin id="553" dir="0" index="1" bw="32" slack="0"/>
<pin id="554" dir="0" index="2" bw="32" slack="0"/>
<pin id="555" dir="0" index="3" bw="32" slack="0"/>
<pin id="556" dir="0" index="4" bw="32" slack="0"/>
<pin id="557" dir="1" index="5" bw="128" slack="0"/>
</pin_list>
<bind>
<opcode="bitconcatenate(1004) " fcode="bitconcatenate"/>
<opset="engine1/2 "/>
</bind>
</comp>

<comp id="564" class="1004" name="engine2_fu_564">
<pin_list>
<pin id="565" dir="0" index="0" bw="128" slack="0"/>
<pin id="566" dir="0" index="1" bw="32" slack="0"/>
<pin id="567" dir="0" index="2" bw="32" slack="0"/>
<pin id="568" dir="0" index="3" bw="32" slack="0"/>
<pin id="569" dir="0" index="4" bw="32" slack="0"/>
<pin id="570" dir="1" index="5" bw="128" slack="0"/>
</pin_list>
<bind>
<opcode="bitconcatenate(1004) " fcode="bitconcatenate"/>
<opset="engine2/2 "/>
</bind>
</comp>

<comp id="577" class="1004" name="engine3_fu_577">
<pin_list>
<pin id="578" dir="0" index="0" bw="128" slack="0"/>
<pin id="579" dir="0" index="1" bw="32" slack="0"/>
<pin id="580" dir="0" index="2" bw="32" slack="0"/>
<pin id="581" dir="0" index="3" bw="32" slack="0"/>
<pin id="582" dir="0" index="4" bw="32" slack="0"/>
<pin id="583" dir="1" index="5" bw="128" slack="0"/>
</pin_list>
<bind>
<opcode="bitconcatenate(1004) " fcode="bitconcatenate"/>
<opset="engine3/2 "/>
</bind>
</comp>

<comp id="590" class="1005" name="phi_urem_reg_590">
<pin_list>
<pin id="591" dir="0" index="0" bw="15" slack="0"/>
<pin id="592" dir="1" index="1" bw="15" slack="0"/>
</pin_list>
<bind>
<opset="phi_urem "/>
</bind>
</comp>

<comp id="597" class="1005" name="word_reg_597">
<pin_list>
<pin id="598" dir="0" index="0" bw="15" slack="0"/>
<pin id="599" dir="1" index="1" bw="15" slack="0"/>
</pin_list>
<bind>
<opset="word "/>
</bind>
</comp>

<comp id="607" class="1005" name="trunc_ln624_reg_607">
<pin_list>
<pin id="608" dir="0" index="0" bw="3" slack="1"/>
<pin id="609" dir="1" index="1" bw="3" slack="2147483647"/>
</pin_list>
<bind>
<opset="trunc_ln624 "/>
</bind>
</comp>

</comp_list>

<net_list>
<net id="157"><net_src comp="28" pin="0"/><net_sink comp="154" pin=0"/></net>

<net id="161"><net_src comp="28" pin="0"/><net_sink comp="158" pin=0"/></net>

<net id="166"><net_src comp="52" pin="0"/><net_sink comp="162" pin=0"/></net>

<net id="167"><net_src comp="0" pin="0"/><net_sink comp="162" pin=1"/></net>

<net id="172"><net_src comp="82" pin="0"/><net_sink comp="168" pin=0"/></net>

<net id="173"><net_src comp="6" pin="0"/><net_sink comp="168" pin=1"/></net>

<net id="179"><net_src comp="148" pin="0"/><net_sink comp="174" pin=0"/></net>

<net id="180"><net_src comp="12" pin="0"/><net_sink comp="174" pin=1"/></net>

<net id="186"><net_src comp="148" pin="0"/><net_sink comp="181" pin=0"/></net>

<net id="187"><net_src comp="14" pin="0"/><net_sink comp="181" pin=1"/></net>

<net id="193"><net_src comp="148" pin="0"/><net_sink comp="188" pin=0"/></net>

<net id="194"><net_src comp="16" pin="0"/><net_sink comp="188" pin=1"/></net>

<net id="200"><net_src comp="148" pin="0"/><net_sink comp="195" pin=0"/></net>

<net id="201"><net_src comp="18" pin="0"/><net_sink comp="195" pin=1"/></net>

<net id="207"><net_src comp="150" pin="0"/><net_sink comp="202" pin=0"/></net>

<net id="208"><net_src comp="10" pin="0"/><net_sink comp="202" pin=1"/></net>

<net id="209"><net_src comp="168" pin="2"/><net_sink comp="202" pin=2"/></net>

<net id="215"><net_src comp="150" pin="0"/><net_sink comp="210" pin=0"/></net>

<net id="216"><net_src comp="8" pin="0"/><net_sink comp="210" pin=1"/></net>

<net id="217"><net_src comp="168" pin="2"/><net_sink comp="210" pin=2"/></net>

<net id="223"><net_src comp="152" pin="0"/><net_sink comp="218" pin=0"/></net>

<net id="224"><net_src comp="2" pin="0"/><net_sink comp="218" pin=1"/></net>

<net id="230"><net_src comp="152" pin="0"/><net_sink comp="225" pin=0"/></net>

<net id="231"><net_src comp="4" pin="0"/><net_sink comp="225" pin=1"/></net>

<net id="237"><net_src comp="148" pin="0"/><net_sink comp="232" pin=0"/></net>

<net id="238"><net_src comp="20" pin="0"/><net_sink comp="232" pin=1"/></net>

<net id="244"><net_src comp="148" pin="0"/><net_sink comp="239" pin=0"/></net>

<net id="245"><net_src comp="22" pin="0"/><net_sink comp="239" pin=1"/></net>

<net id="251"><net_src comp="148" pin="0"/><net_sink comp="246" pin=0"/></net>

<net id="252"><net_src comp="24" pin="0"/><net_sink comp="246" pin=1"/></net>

<net id="258"><net_src comp="148" pin="0"/><net_sink comp="253" pin=0"/></net>

<net id="259"><net_src comp="26" pin="0"/><net_sink comp="253" pin=1"/></net>

<net id="266"><net_src comp="84" pin="0"/><net_sink comp="260" pin=0"/></net>

<net id="267"><net_src comp="168" pin="2"/><net_sink comp="260" pin=1"/></net>

<net id="268"><net_src comp="86" pin="0"/><net_sink comp="260" pin=2"/></net>

<net id="269"><net_src comp="88" pin="0"/><net_sink comp="260" pin=3"/></net>

<net id="276"><net_src comp="84" pin="0"/><net_sink comp="270" pin=0"/></net>

<net id="277"><net_src comp="168" pin="2"/><net_sink comp="270" pin=1"/></net>

<net id="278"><net_src comp="90" pin="0"/><net_sink comp="270" pin=2"/></net>

<net id="279"><net_src comp="92" pin="0"/><net_sink comp="270" pin=3"/></net>

<net id="286"><net_src comp="84" pin="0"/><net_sink comp="280" pin=0"/></net>

<net id="287"><net_src comp="168" pin="2"/><net_sink comp="280" pin=1"/></net>

<net id="288"><net_src comp="94" pin="0"/><net_sink comp="280" pin=2"/></net>

<net id="289"><net_src comp="96" pin="0"/><net_sink comp="280" pin=3"/></net>

<net id="296"><net_src comp="84" pin="0"/><net_sink comp="290" pin=0"/></net>

<net id="297"><net_src comp="168" pin="2"/><net_sink comp="290" pin=1"/></net>

<net id="298"><net_src comp="98" pin="0"/><net_sink comp="290" pin=2"/></net>

<net id="299"><net_src comp="100" pin="0"/><net_sink comp="290" pin=3"/></net>

<net id="306"><net_src comp="84" pin="0"/><net_sink comp="300" pin=0"/></net>

<net id="307"><net_src comp="168" pin="2"/><net_sink comp="300" pin=1"/></net>

<net id="308"><net_src comp="102" pin="0"/><net_sink comp="300" pin=2"/></net>

<net id="309"><net_src comp="104" pin="0"/><net_sink comp="300" pin=3"/></net>

<net id="316"><net_src comp="84" pin="0"/><net_sink comp="310" pin=0"/></net>

<net id="317"><net_src comp="168" pin="2"/><net_sink comp="310" pin=1"/></net>

<net id="318"><net_src comp="106" pin="0"/><net_sink comp="310" pin=2"/></net>

<net id="319"><net_src comp="108" pin="0"/><net_sink comp="310" pin=3"/></net>

<net id="326"><net_src comp="84" pin="0"/><net_sink comp="320" pin=0"/></net>

<net id="327"><net_src comp="168" pin="2"/><net_sink comp="320" pin=1"/></net>

<net id="328"><net_src comp="110" pin="0"/><net_sink comp="320" pin=2"/></net>

<net id="329"><net_src comp="112" pin="0"/><net_sink comp="320" pin=3"/></net>

<net id="336"><net_src comp="84" pin="0"/><net_sink comp="330" pin=0"/></net>

<net id="337"><net_src comp="168" pin="2"/><net_sink comp="330" pin=1"/></net>

<net id="338"><net_src comp="114" pin="0"/><net_sink comp="330" pin=2"/></net>

<net id="339"><net_src comp="116" pin="0"/><net_sink comp="330" pin=3"/></net>

<net id="346"><net_src comp="84" pin="0"/><net_sink comp="340" pin=0"/></net>

<net id="347"><net_src comp="168" pin="2"/><net_sink comp="340" pin=1"/></net>

<net id="348"><net_src comp="118" pin="0"/><net_sink comp="340" pin=2"/></net>

<net id="349"><net_src comp="120" pin="0"/><net_sink comp="340" pin=3"/></net>

<net id="356"><net_src comp="84" pin="0"/><net_sink comp="350" pin=0"/></net>

<net id="357"><net_src comp="168" pin="2"/><net_sink comp="350" pin=1"/></net>

<net id="358"><net_src comp="122" pin="0"/><net_sink comp="350" pin=2"/></net>

<net id="359"><net_src comp="124" pin="0"/><net_sink comp="350" pin=3"/></net>

<net id="366"><net_src comp="84" pin="0"/><net_sink comp="360" pin=0"/></net>

<net id="367"><net_src comp="168" pin="2"/><net_sink comp="360" pin=1"/></net>

<net id="368"><net_src comp="126" pin="0"/><net_sink comp="360" pin=2"/></net>

<net id="369"><net_src comp="128" pin="0"/><net_sink comp="360" pin=3"/></net>

<net id="376"><net_src comp="84" pin="0"/><net_sink comp="370" pin=0"/></net>

<net id="377"><net_src comp="168" pin="2"/><net_sink comp="370" pin=1"/></net>

<net id="378"><net_src comp="130" pin="0"/><net_sink comp="370" pin=2"/></net>

<net id="379"><net_src comp="132" pin="0"/><net_sink comp="370" pin=3"/></net>

<net id="386"><net_src comp="84" pin="0"/><net_sink comp="380" pin=0"/></net>

<net id="387"><net_src comp="168" pin="2"/><net_sink comp="380" pin=1"/></net>

<net id="388"><net_src comp="136" pin="0"/><net_sink comp="380" pin=2"/></net>

<net id="389"><net_src comp="138" pin="0"/><net_sink comp="380" pin=3"/></net>

<net id="396"><net_src comp="84" pin="0"/><net_sink comp="390" pin=0"/></net>

<net id="397"><net_src comp="168" pin="2"/><net_sink comp="390" pin=1"/></net>

<net id="398"><net_src comp="140" pin="0"/><net_sink comp="390" pin=2"/></net>

<net id="399"><net_src comp="142" pin="0"/><net_sink comp="390" pin=3"/></net>

<net id="406"><net_src comp="84" pin="0"/><net_sink comp="400" pin=0"/></net>

<net id="407"><net_src comp="168" pin="2"/><net_sink comp="400" pin=1"/></net>

<net id="408"><net_src comp="144" pin="0"/><net_sink comp="400" pin=2"/></net>

<net id="409"><net_src comp="146" pin="0"/><net_sink comp="400" pin=3"/></net>

<net id="414"><net_src comp="54" pin="0"/><net_sink comp="410" pin=0"/></net>

<net id="419"><net_src comp="54" pin="0"/><net_sink comp="415" pin=0"/></net>

<net id="430"><net_src comp="423" pin="1"/><net_sink comp="426" pin=0"/></net>

<net id="431"><net_src comp="162" pin="2"/><net_sink comp="426" pin=1"/></net>

<net id="436"><net_src comp="423" pin="1"/><net_sink comp="432" pin=0"/></net>

<net id="437"><net_src comp="56" pin="0"/><net_sink comp="432" pin=1"/></net>

<net id="441"><net_src comp="420" pin="1"/><net_sink comp="438" pin=0"/></net>

<net id="446"><net_src comp="420" pin="1"/><net_sink comp="442" pin=0"/></net>

<net id="447"><net_src comp="56" pin="0"/><net_sink comp="442" pin=1"/></net>

<net id="452"><net_src comp="442" pin="2"/><net_sink comp="448" pin=0"/></net>

<net id="453"><net_src comp="66" pin="0"/><net_sink comp="448" pin=1"/></net>

<net id="459"><net_src comp="448" pin="2"/><net_sink comp="454" pin=0"/></net>

<net id="460"><net_src comp="442" pin="2"/><net_sink comp="454" pin=1"/></net>

<net id="461"><net_src comp="54" pin="0"/><net_sink comp="454" pin=2"/></net>

<net id="466"><net_src comp="432" pin="2"/><net_sink comp="462" pin=0"/></net>

<net id="471"><net_src comp="454" pin="3"/><net_sink comp="467" pin=0"/></net>

<net id="475"><net_src comp="168" pin="2"/><net_sink comp="472" pin=0"/></net>

<net id="483"><net_src comp="134" pin="0"/><net_sink comp="476" pin=0"/></net>

<net id="484"><net_src comp="370" pin="4"/><net_sink comp="476" pin=1"/></net>

<net id="485"><net_src comp="330" pin="4"/><net_sink comp="476" pin=2"/></net>

<net id="486"><net_src comp="290" pin="4"/><net_sink comp="476" pin=3"/></net>

<net id="487"><net_src comp="472" pin="1"/><net_sink comp="476" pin=4"/></net>

<net id="488"><net_src comp="476" pin="5"/><net_sink comp="174" pin=2"/></net>

<net id="496"><net_src comp="134" pin="0"/><net_sink comp="489" pin=0"/></net>

<net id="497"><net_src comp="380" pin="4"/><net_sink comp="489" pin=1"/></net>

<net id="498"><net_src comp="340" pin="4"/><net_sink comp="489" pin=2"/></net>

<net id="499"><net_src comp="300" pin="4"/><net_sink comp="489" pin=3"/></net>

<net id="500"><net_src comp="260" pin="4"/><net_sink comp="489" pin=4"/></net>

<net id="501"><net_src comp="489" pin="5"/><net_sink comp="181" pin=2"/></net>

<net id="509"><net_src comp="134" pin="0"/><net_sink comp="502" pin=0"/></net>

<net id="510"><net_src comp="390" pin="4"/><net_sink comp="502" pin=1"/></net>

<net id="511"><net_src comp="350" pin="4"/><net_sink comp="502" pin=2"/></net>

<net id="512"><net_src comp="310" pin="4"/><net_sink comp="502" pin=3"/></net>

<net id="513"><net_src comp="270" pin="4"/><net_sink comp="502" pin=4"/></net>

<net id="514"><net_src comp="502" pin="5"/><net_sink comp="188" pin=2"/></net>

<net id="522"><net_src comp="134" pin="0"/><net_sink comp="515" pin=0"/></net>

<net id="523"><net_src comp="400" pin="4"/><net_sink comp="515" pin=1"/></net>

<net id="524"><net_src comp="360" pin="4"/><net_sink comp="515" pin=2"/></net>

<net id="525"><net_src comp="320" pin="4"/><net_sink comp="515" pin=3"/></net>

<net id="526"><net_src comp="280" pin="4"/><net_sink comp="515" pin=4"/></net>

<net id="527"><net_src comp="515" pin="5"/><net_sink comp="195" pin=2"/></net>

<net id="531"><net_src comp="168" pin="2"/><net_sink comp="528" pin=0"/></net>

<net id="532"><net_src comp="528" pin="1"/><net_sink comp="218" pin=2"/></net>

<net id="533"><net_src comp="528" pin="1"/><net_sink comp="225" pin=2"/></net>

<net id="537"><net_src comp="168" pin="2"/><net_sink comp="534" pin=0"/></net>

<net id="545"><net_src comp="134" pin="0"/><net_sink comp="538" pin=0"/></net>

<net id="546"><net_src comp="370" pin="4"/><net_sink comp="538" pin=1"/></net>

<net id="547"><net_src comp="330" pin="4"/><net_sink comp="538" pin=2"/></net>

<net id="548"><net_src comp="290" pin="4"/><net_sink comp="538" pin=3"/></net>

<net id="549"><net_src comp="534" pin="1"/><net_sink comp="538" pin=4"/></net>

<net id="550"><net_src comp="538" pin="5"/><net_sink comp="232" pin=2"/></net>

<net id="558"><net_src comp="134" pin="0"/><net_sink comp="551" pin=0"/></net>

<net id="559"><net_src comp="380" pin="4"/><net_sink comp="551" pin=1"/></net>

<net id="560"><net_src comp="340" pin="4"/><net_sink comp="551" pin=2"/></net>

<net id="561"><net_src comp="300" pin="4"/><net_sink comp="551" pin=3"/></net>

<net id="562"><net_src comp="260" pin="4"/><net_sink comp="551" pin=4"/></net>

<net id="563"><net_src comp="551" pin="5"/><net_sink comp="239" pin=2"/></net>

<net id="571"><net_src comp="134" pin="0"/><net_sink comp="564" pin=0"/></net>

<net id="572"><net_src comp="390" pin="4"/><net_sink comp="564" pin=1"/></net>

<net id="573"><net_src comp="350" pin="4"/><net_sink comp="564" pin=2"/></net>

<net id="574"><net_src comp="310" pin="4"/><net_sink comp="564" pin=3"/></net>

<net id="575"><net_src comp="270" pin="4"/><net_sink comp="564" pin=4"/></net>

<net id="576"><net_src comp="564" pin="5"/><net_sink comp="246" pin=2"/></net>

<net id="584"><net_src comp="134" pin="0"/><net_sink comp="577" pin=0"/></net>

<net id="585"><net_src comp="400" pin="4"/><net_sink comp="577" pin=1"/></net>

<net id="586"><net_src comp="360" pin="4"/><net_sink comp="577" pin=2"/></net>

<net id="587"><net_src comp="320" pin="4"/><net_sink comp="577" pin=3"/></net>

<net id="588"><net_src comp="280" pin="4"/><net_sink comp="577" pin=4"/></net>

<net id="589"><net_src comp="577" pin="5"/><net_sink comp="253" pin=2"/></net>

<net id="593"><net_src comp="154" pin="1"/><net_sink comp="590" pin=0"/></net>

<net id="594"><net_src comp="590" pin="1"/><net_sink comp="415" pin=1"/></net>

<net id="595"><net_src comp="590" pin="1"/><net_sink comp="420" pin=0"/></net>

<net id="596"><net_src comp="590" pin="1"/><net_sink comp="467" pin=1"/></net>

<net id="600"><net_src comp="158" pin="1"/><net_sink comp="597" pin=0"/></net>

<net id="601"><net_src comp="597" pin="1"/><net_sink comp="410" pin=1"/></net>

<net id="602"><net_src comp="597" pin="1"/><net_sink comp="423" pin=0"/></net>

<net id="603"><net_src comp="597" pin="1"/><net_sink comp="462" pin=1"/></net>

<net id="610"><net_src comp="438" pin="1"/><net_sink comp="607" pin=0"/></net>

</net_list>

</model> 
---------------- Datapath Model END ------------------

* FSMD analyzer results:
  - Output states:
	Port: key_metadata_stream | {2 }
	Port: value_metadata_stream | {2 }
	Port: cached_kv_word_stream | {}
	Port: key0_stream | {2 }
	Port: key1_stream | {2 }
	Port: value0_engine0_stream | {2 }
	Port: value0_engine1_stream | {2 }
	Port: value0_engine2_stream | {2 }
	Port: value0_engine3_stream | {2 }
	Port: value1_engine0_stream | {2 }
	Port: value1_engine1_stream | {2 }
	Port: value1_engine2_stream | {2 }
	Port: value1_engine3_stream | {2 }
 - Input state : 
	Port: swiftkv_route_compressed_kv_cache_Pipeline_route_cached_compressed_kv_loop : add_ln712 | {1 }
	Port: swiftkv_route_compressed_kv_cache_Pipeline_route_cached_compressed_kv_loop : key_metadata_stream | {}
	Port: swiftkv_route_compressed_kv_cache_Pipeline_route_cached_compressed_kv_loop : value_metadata_stream | {}
	Port: swiftkv_route_compressed_kv_cache_Pipeline_route_cached_compressed_kv_loop : cached_kv_word_stream | {2 }
	Port: swiftkv_route_compressed_kv_cache_Pipeline_route_cached_compressed_kv_loop : key0_stream | {}
	Port: swiftkv_route_compressed_kv_cache_Pipeline_route_cached_compressed_kv_loop : key1_stream | {}
	Port: swiftkv_route_compressed_kv_cache_Pipeline_route_cached_compressed_kv_loop : value0_engine0_stream | {}
	Port: swiftkv_route_compressed_kv_cache_Pipeline_route_cached_compressed_kv_loop : value0_engine1_stream | {}
	Port: swiftkv_route_compressed_kv_cache_Pipeline_route_cached_compressed_kv_loop : value0_engine2_stream | {}
	Port: swiftkv_route_compressed_kv_cache_Pipeline_route_cached_compressed_kv_loop : value0_engine3_stream | {}
	Port: swiftkv_route_compressed_kv_cache_Pipeline_route_cached_compressed_kv_loop : value1_engine0_stream | {}
	Port: swiftkv_route_compressed_kv_cache_Pipeline_route_cached_compressed_kv_loop : value1_engine1_stream | {}
	Port: swiftkv_route_compressed_kv_cache_Pipeline_route_cached_compressed_kv_loop : value1_engine2_stream | {}
	Port: swiftkv_route_compressed_kv_cache_Pipeline_route_cached_compressed_kv_loop : value1_engine3_stream | {}
  - Chain level:
	State 1
		store_ln712 : 1
		store_ln623 : 1
		phi_urem_load : 1
		word_4 : 1
		icmp_ln712 : 2
		word_5 : 2
		br_ln712 : 3
		trunc_ln624 : 2
		switch_ln639 : 3
		add_ln712_2 : 2
		icmp_ln712_1 : 3
		select_ln712 : 4
		store_ln712 : 3
		store_ln623 : 5
	State 2
		engine0_2 : 1
		engine1_2 : 1
		engine2_2 : 1
		engine3_2 : 1
		write_ln616 : 2
		write_ln617 : 2
		write_ln618 : 2
		write_ln619 : 2
		write_ln641 : 1
		write_ln642 : 1
		engine0 : 1
		engine1 : 1
		engine2 : 1
		engine3 : 1
		write_ln616 : 2
		write_ln617 : 2
		write_ln618 : 2
		write_ln619 : 2


============================================================
+ Verbose Summary: Datapath Resource usage 
============================================================

* Functional unit list:
|----------|----------------------------|---------|---------|
| Operation|       Functional Unit      |    FF   |   LUT   |
|----------|----------------------------|---------|---------|
|   icmp   |      icmp_ln712_fu_426     |    0    |    22   |
|          |     icmp_ln712_1_fu_448    |    0    |    22   |
|----------|----------------------------|---------|---------|
|    add   |        word_5_fu_432       |    0    |    22   |
|          |     add_ln712_2_fu_442     |    0    |    22   |
|----------|----------------------------|---------|---------|
|  select  |     select_ln712_fu_454    |    0    |    15   |
|----------|----------------------------|---------|---------|
|   read   | add_ln712_read_read_fu_162 |    0    |    0    |
|          |      value_read_fu_168     |    0    |    0    |
|----------|----------------------------|---------|---------|
|          |  write_ln616_write_fu_174  |    0    |    0    |
|          |  write_ln617_write_fu_181  |    0    |    0    |
|          |  write_ln618_write_fu_188  |    0    |    0    |
|          |  write_ln619_write_fu_195  |    0    |    0    |
|          |  write_ln646_write_fu_202  |    0    |    0    |
|   write  |  write_ln644_write_fu_210  |    0    |    0    |
|          |  write_ln641_write_fu_218  |    0    |    0    |
|          |  write_ln642_write_fu_225  |    0    |    0    |
|          |  write_ln616_write_fu_232  |    0    |    0    |
|          |  write_ln617_write_fu_239  |    0    |    0    |
|          |  write_ln618_write_fu_246  |    0    |    0    |
|          |  write_ln619_write_fu_253  |    0    |    0    |
|----------|----------------------------|---------|---------|
|          |         grp_fu_260         |    0    |    0    |
|          |         grp_fu_270         |    0    |    0    |
|          |         grp_fu_280         |    0    |    0    |
|          |         grp_fu_290         |    0    |    0    |
|          |         grp_fu_300         |    0    |    0    |
|          |         grp_fu_310         |    0    |    0    |
|          |         grp_fu_320         |    0    |    0    |
|partselect|         grp_fu_330         |    0    |    0    |
|          |         grp_fu_340         |    0    |    0    |
|          |         grp_fu_350         |    0    |    0    |
|          |         grp_fu_360         |    0    |    0    |
|          |         grp_fu_370         |    0    |    0    |
|          |         grp_fu_380         |    0    |    0    |
|          |         grp_fu_390         |    0    |    0    |
|          |         grp_fu_400         |    0    |    0    |
|----------|----------------------------|---------|---------|
|          |     trunc_ln624_fu_438     |    0    |    0    |
|   trunc  |       slice_47_fu_472      |    0    |    0    |
|          |       metadata_fu_528      |    0    |    0    |
|          |        slice_fu_534        |    0    |    0    |
|----------|----------------------------|---------|---------|
|          |      engine0_2_fu_476      |    0    |    0    |
|          |      engine1_2_fu_489      |    0    |    0    |
|          |      engine2_2_fu_502      |    0    |    0    |
|bitconcatenate|      engine3_2_fu_515      |    0    |    0    |
|          |       engine0_fu_538       |    0    |    0    |
|          |       engine1_fu_551       |    0    |    0    |
|          |       engine2_fu_564       |    0    |    0    |
|          |       engine3_fu_577       |    0    |    0    |
|----------|----------------------------|---------|---------|
|   Total  |                            |    0    |   103   |
|----------|----------------------------|---------|---------|

Memories:
N/A

* Register list:
+-------------------+--------+
|                   |   FF   |
+-------------------+--------+
|  phi_urem_reg_590 |   15   |
|trunc_ln624_reg_607|    3   |
|    word_reg_597   |   15   |
+-------------------+--------+
|       Total       |   33   |
+-------------------+--------+

* Multiplexer (MUX) list: 
|--------|------|------|------|--------|
|  Comp  |  Pin | Size |  BW  | S x BW |
|--------|------|------|------|--------|
|  Total |      |      |      |    0   |
|--------|------|------|------|--------|



* Summary:
+-----------+--------+--------+
|           |   FF   |   LUT  |
+-----------+--------+--------+
|  Function |    0   |   103  |
|   Memory  |    -   |    -   |
|Multiplexer|    -   |    -   |
|  Register |   33   |    -   |
+-----------+--------+--------+
|   Total   |   33   |   103  |
+-----------+--------+--------+
