

================================================================
== Vitis HLS Report for 'swiftkv_quantize_kv_record'
================================================================
* Date:           Tue Aug 11 09:16:52 2026

* Version:        2023.2 (Build 4023990 on Oct 11 2023)
* Project:        proj_int4_decoder_xo
* Solution:       solution1 (Vitis Kernel Flow Target)
* Product family: virtexuplus
* Target device:  xcu250-figd2104-2L-e


================================================================
== Performance Estimates
================================================================
+ Timing: 
    * Summary: 
    +--------+---------+----------+------------+
    |  Clock |  Target | Estimated| Uncertainty|
    +--------+---------+----------+------------+
    |ap_clk  |  3.33 ns|  2.731 ns|     0.90 ns|
    +--------+---------+----------+------------+

+ Latency: 
    * Summary: 
    +---------+---------+----------+----------+-----+-----+---------+
    |  Latency (cycles) |  Latency (absolute) |  Interval | Pipeline|
    |   min   |   max   |    min   |    max   | min | max |   Type  |
    +---------+---------+----------+----------+-----+-----+---------+
    |      137|      137|  0.457 us|  0.457 us|  137|  137|       no|
    +---------+---------+----------+----------+-----+-----+---------+

    + Detail: 
        * Instance: 
        +-----------------------------------------------------------------------------+------------------------------------------------------------------+---------+---------+-----------+-----------+-----+-----+---------+
        |                                                                             |                                                                  |  Latency (cycles) |   Latency (absolute)  |  Interval | Pipeline|
        |                                   Instance                                  |                              Module                              |   min   |   max   |    min    |    max    | min | max |   Type  |
        +-----------------------------------------------------------------------------+------------------------------------------------------------------+---------+---------+-----------+-----------+-----+-----+---------+
        |grp_swiftkv_quantize_kv_record_Pipeline_find_kv_group_max_block_loop_fu_538  |swiftkv_quantize_kv_record_Pipeline_find_kv_group_max_block_loop  |       11|       11|  36.663 ns|  36.663 ns|   11|   11|       no|
        |grp_swiftkv_quantize_kv_record_Pipeline_quantize_kv_group_block_loop_fu_608  |swiftkv_quantize_kv_record_Pipeline_quantize_kv_group_block_loop  |       11|       11|  36.663 ns|  36.663 ns|   11|   11|       no|
        +-----------------------------------------------------------------------------+------------------------------------------------------------------+---------+---------+-----------+-----------+-----+-----+---------+

        * Loop: 
        +--------------------------+---------+---------+----------+-----------+-----------+------+----------+
        |                          |  Latency (cycles) | Iteration|  Initiation Interval  | Trip |          |
        |         Loop Name        |   min   |   max   |  Latency |  achieved |   target  | Count| Pipelined|
        +--------------------------+---------+---------+----------+-----------+-----------+------+----------+
        |- quantize_kv_group_loop  |      136|      136|        34|          -|          -|     4|        no|
        +--------------------------+---------+---------+----------+-----------+-----------+------+----------+

============================================================
+ Verbose Summary: Synthesis Manager
============================================================
InlineROM: 1
ExposeGlobal: 0
============================================================
+ Verbose Summary: CDFG Model
============================================================
IsTopModel: 0
ResetActiveHigh: 1
IsCombinational: 0
IsDatapathOnly: 0
HasWiredReturn: 1
HasMFsm: 0
HasVarLatency: 1
IsPipeline: 0
IsRtlPipelined: 0
IsInstanceOverlapped: 0
IsDontTouch: 0
HasImplIP: 0
IsGatedGlobalClock: 0


============================================================
+ Verbose Summary: Schedule
============================================================
* Number of FSM states : 13
* Pipeline : 0
* Dataflow Pipeline: 0

* FSM state transitions: 
1 --> 2 
2 --> 3 
3 --> 4 
4 --> 5 
5 --> 6 
6 --> 7 
7 --> 8 
8 --> 9 
9 --> 10 
10 --> 11 
11 --> 12 
12 --> 13 
13 --> 2 

* FSM state operations: 

State 1 <SV = 0> <Delay = 0.38>
ST_1 : Operation 14 [1/1] (0.00ns)   --->   "%metadata = alloca i32 1" [source/swiftkv_attention.cpp:393]   --->   Operation 14 'alloca' 'metadata' <Predicate = true> <Delay = 0.00>
ST_1 : Operation 15 [1/1] (0.00ns)   --->   "%group = alloca i32 1" [source/swiftkv_attention.cpp:400]   --->   Operation 15 'alloca' 'group' <Predicate = true> <Delay = 0.00>
ST_1 : Operation 16 [1/1] (0.00ns)   --->   "%empty = alloca i32 1"   --->   Operation 16 'alloca' 'empty' <Predicate = true> <Delay = 0.00>
ST_1 : Operation 17 [1/1] (0.00ns)   --->   "%empty_729 = alloca i32 1"   --->   Operation 17 'alloca' 'empty_729' <Predicate = true> <Delay = 0.00>
ST_1 : Operation 18 [1/1] (0.00ns)   --->   "%empty_730 = alloca i32 1"   --->   Operation 18 'alloca' 'empty_730' <Predicate = true> <Delay = 0.00>
ST_1 : Operation 19 [1/1] (0.00ns)   --->   "%empty_731 = alloca i32 1"   --->   Operation 19 'alloca' 'empty_731' <Predicate = true> <Delay = 0.00>
ST_1 : Operation 20 [1/1] (0.00ns)   --->   "%empty_732 = alloca i32 1"   --->   Operation 20 'alloca' 'empty_732' <Predicate = true> <Delay = 0.00>
ST_1 : Operation 21 [1/1] (0.00ns)   --->   "%empty_733 = alloca i32 1"   --->   Operation 21 'alloca' 'empty_733' <Predicate = true> <Delay = 0.00>
ST_1 : Operation 22 [1/1] (0.00ns)   --->   "%empty_734 = alloca i32 1"   --->   Operation 22 'alloca' 'empty_734' <Predicate = true> <Delay = 0.00>
ST_1 : Operation 23 [1/1] (0.00ns)   --->   "%empty_735 = alloca i32 1"   --->   Operation 23 'alloca' 'empty_735' <Predicate = true> <Delay = 0.00>
ST_1 : Operation 24 [1/1] (0.00ns)   --->   "%quantized_v_group_loc = alloca i64 1"   --->   Operation 24 'alloca' 'quantized_v_group_loc' <Predicate = true> <Delay = 0.00>
ST_1 : Operation 25 [1/1] (0.00ns)   --->   "%quantized_v_group_1_loc = alloca i64 1"   --->   Operation 25 'alloca' 'quantized_v_group_1_loc' <Predicate = true> <Delay = 0.00>
ST_1 : Operation 26 [1/1] (0.00ns)   --->   "%quantized_v_group_2_loc = alloca i64 1"   --->   Operation 26 'alloca' 'quantized_v_group_2_loc' <Predicate = true> <Delay = 0.00>
ST_1 : Operation 27 [1/1] (0.00ns)   --->   "%quantized_v_group_3_loc = alloca i64 1"   --->   Operation 27 'alloca' 'quantized_v_group_3_loc' <Predicate = true> <Delay = 0.00>
ST_1 : Operation 28 [1/1] (0.00ns)   --->   "%quantized_v_group_4_loc = alloca i64 1"   --->   Operation 28 'alloca' 'quantized_v_group_4_loc' <Predicate = true> <Delay = 0.00>
ST_1 : Operation 29 [1/1] (0.00ns)   --->   "%quantized_v_group_5_loc = alloca i64 1"   --->   Operation 29 'alloca' 'quantized_v_group_5_loc' <Predicate = true> <Delay = 0.00>
ST_1 : Operation 30 [1/1] (0.00ns)   --->   "%quantized_v_group_6_loc = alloca i64 1"   --->   Operation 30 'alloca' 'quantized_v_group_6_loc' <Predicate = true> <Delay = 0.00>
ST_1 : Operation 31 [1/1] (0.00ns)   --->   "%quantized_v_group_7_loc = alloca i64 1"   --->   Operation 31 'alloca' 'quantized_v_group_7_loc' <Predicate = true> <Delay = 0.00>
ST_1 : Operation 32 [1/1] (0.00ns)   --->   "%quantized_v_group_8_loc = alloca i64 1"   --->   Operation 32 'alloca' 'quantized_v_group_8_loc' <Predicate = true> <Delay = 0.00>
ST_1 : Operation 33 [1/1] (0.00ns)   --->   "%quantized_v_group_9_loc = alloca i64 1"   --->   Operation 33 'alloca' 'quantized_v_group_9_loc' <Predicate = true> <Delay = 0.00>
ST_1 : Operation 34 [1/1] (0.00ns)   --->   "%quantized_v_group_10_loc = alloca i64 1"   --->   Operation 34 'alloca' 'quantized_v_group_10_loc' <Predicate = true> <Delay = 0.00>
ST_1 : Operation 35 [1/1] (0.00ns)   --->   "%quantized_v_group_11_loc = alloca i64 1"   --->   Operation 35 'alloca' 'quantized_v_group_11_loc' <Predicate = true> <Delay = 0.00>
ST_1 : Operation 36 [1/1] (0.00ns)   --->   "%quantized_v_group_12_loc = alloca i64 1"   --->   Operation 36 'alloca' 'quantized_v_group_12_loc' <Predicate = true> <Delay = 0.00>
ST_1 : Operation 37 [1/1] (0.00ns)   --->   "%quantized_v_group_13_loc = alloca i64 1"   --->   Operation 37 'alloca' 'quantized_v_group_13_loc' <Predicate = true> <Delay = 0.00>
ST_1 : Operation 38 [1/1] (0.00ns)   --->   "%quantized_v_group_14_loc = alloca i64 1"   --->   Operation 38 'alloca' 'quantized_v_group_14_loc' <Predicate = true> <Delay = 0.00>
ST_1 : Operation 39 [1/1] (0.00ns)   --->   "%quantized_v_group_15_loc = alloca i64 1"   --->   Operation 39 'alloca' 'quantized_v_group_15_loc' <Predicate = true> <Delay = 0.00>
ST_1 : Operation 40 [1/1] (0.00ns)   --->   "%quantized_v_group_16_loc = alloca i64 1"   --->   Operation 40 'alloca' 'quantized_v_group_16_loc' <Predicate = true> <Delay = 0.00>
ST_1 : Operation 41 [1/1] (0.00ns)   --->   "%quantized_v_group_17_loc = alloca i64 1"   --->   Operation 41 'alloca' 'quantized_v_group_17_loc' <Predicate = true> <Delay = 0.00>
ST_1 : Operation 42 [1/1] (0.00ns)   --->   "%quantized_v_group_18_loc = alloca i64 1"   --->   Operation 42 'alloca' 'quantized_v_group_18_loc' <Predicate = true> <Delay = 0.00>
ST_1 : Operation 43 [1/1] (0.00ns)   --->   "%quantized_v_group_19_loc = alloca i64 1"   --->   Operation 43 'alloca' 'quantized_v_group_19_loc' <Predicate = true> <Delay = 0.00>
ST_1 : Operation 44 [1/1] (0.00ns)   --->   "%quantized_v_group_20_loc = alloca i64 1"   --->   Operation 44 'alloca' 'quantized_v_group_20_loc' <Predicate = true> <Delay = 0.00>
ST_1 : Operation 45 [1/1] (0.00ns)   --->   "%quantized_v_group_21_loc = alloca i64 1"   --->   Operation 45 'alloca' 'quantized_v_group_21_loc' <Predicate = true> <Delay = 0.00>
ST_1 : Operation 46 [1/1] (0.00ns)   --->   "%quantized_v_group_22_loc = alloca i64 1"   --->   Operation 46 'alloca' 'quantized_v_group_22_loc' <Predicate = true> <Delay = 0.00>
ST_1 : Operation 47 [1/1] (0.00ns)   --->   "%quantized_v_group_23_loc = alloca i64 1"   --->   Operation 47 'alloca' 'quantized_v_group_23_loc' <Predicate = true> <Delay = 0.00>
ST_1 : Operation 48 [1/1] (0.00ns)   --->   "%quantized_v_group_24_loc = alloca i64 1"   --->   Operation 48 'alloca' 'quantized_v_group_24_loc' <Predicate = true> <Delay = 0.00>
ST_1 : Operation 49 [1/1] (0.00ns)   --->   "%quantized_v_group_25_loc = alloca i64 1"   --->   Operation 49 'alloca' 'quantized_v_group_25_loc' <Predicate = true> <Delay = 0.00>
ST_1 : Operation 50 [1/1] (0.00ns)   --->   "%quantized_v_group_26_loc = alloca i64 1"   --->   Operation 50 'alloca' 'quantized_v_group_26_loc' <Predicate = true> <Delay = 0.00>
ST_1 : Operation 51 [1/1] (0.00ns)   --->   "%quantized_v_group_27_loc = alloca i64 1"   --->   Operation 51 'alloca' 'quantized_v_group_27_loc' <Predicate = true> <Delay = 0.00>
ST_1 : Operation 52 [1/1] (0.00ns)   --->   "%quantized_v_group_28_loc = alloca i64 1"   --->   Operation 52 'alloca' 'quantized_v_group_28_loc' <Predicate = true> <Delay = 0.00>
ST_1 : Operation 53 [1/1] (0.00ns)   --->   "%quantized_v_group_29_loc = alloca i64 1"   --->   Operation 53 'alloca' 'quantized_v_group_29_loc' <Predicate = true> <Delay = 0.00>
ST_1 : Operation 54 [1/1] (0.00ns)   --->   "%quantized_v_group_30_loc = alloca i64 1"   --->   Operation 54 'alloca' 'quantized_v_group_30_loc' <Predicate = true> <Delay = 0.00>
ST_1 : Operation 55 [1/1] (0.00ns)   --->   "%quantized_v_group_31_loc = alloca i64 1"   --->   Operation 55 'alloca' 'quantized_v_group_31_loc' <Predicate = true> <Delay = 0.00>
ST_1 : Operation 56 [1/1] (0.00ns)   --->   "%quantized_k_group_loc = alloca i64 1"   --->   Operation 56 'alloca' 'quantized_k_group_loc' <Predicate = true> <Delay = 0.00>
ST_1 : Operation 57 [1/1] (0.00ns)   --->   "%quantized_k_group_1_loc = alloca i64 1"   --->   Operation 57 'alloca' 'quantized_k_group_1_loc' <Predicate = true> <Delay = 0.00>
ST_1 : Operation 58 [1/1] (0.00ns)   --->   "%quantized_k_group_2_loc = alloca i64 1"   --->   Operation 58 'alloca' 'quantized_k_group_2_loc' <Predicate = true> <Delay = 0.00>
ST_1 : Operation 59 [1/1] (0.00ns)   --->   "%quantized_k_group_3_loc = alloca i64 1"   --->   Operation 59 'alloca' 'quantized_k_group_3_loc' <Predicate = true> <Delay = 0.00>
ST_1 : Operation 60 [1/1] (0.00ns)   --->   "%quantized_k_group_4_loc = alloca i64 1"   --->   Operation 60 'alloca' 'quantized_k_group_4_loc' <Predicate = true> <Delay = 0.00>
ST_1 : Operation 61 [1/1] (0.00ns)   --->   "%quantized_k_group_5_loc = alloca i64 1"   --->   Operation 61 'alloca' 'quantized_k_group_5_loc' <Predicate = true> <Delay = 0.00>
ST_1 : Operation 62 [1/1] (0.00ns)   --->   "%quantized_k_group_6_loc = alloca i64 1"   --->   Operation 62 'alloca' 'quantized_k_group_6_loc' <Predicate = true> <Delay = 0.00>
ST_1 : Operation 63 [1/1] (0.00ns)   --->   "%quantized_k_group_7_loc = alloca i64 1"   --->   Operation 63 'alloca' 'quantized_k_group_7_loc' <Predicate = true> <Delay = 0.00>
ST_1 : Operation 64 [1/1] (0.00ns)   --->   "%quantized_k_group_8_loc = alloca i64 1"   --->   Operation 64 'alloca' 'quantized_k_group_8_loc' <Predicate = true> <Delay = 0.00>
ST_1 : Operation 65 [1/1] (0.00ns)   --->   "%quantized_k_group_9_loc = alloca i64 1"   --->   Operation 65 'alloca' 'quantized_k_group_9_loc' <Predicate = true> <Delay = 0.00>
ST_1 : Operation 66 [1/1] (0.00ns)   --->   "%quantized_k_group_10_loc = alloca i64 1"   --->   Operation 66 'alloca' 'quantized_k_group_10_loc' <Predicate = true> <Delay = 0.00>
ST_1 : Operation 67 [1/1] (0.00ns)   --->   "%quantized_k_group_11_loc = alloca i64 1"   --->   Operation 67 'alloca' 'quantized_k_group_11_loc' <Predicate = true> <Delay = 0.00>
ST_1 : Operation 68 [1/1] (0.00ns)   --->   "%quantized_k_group_12_loc = alloca i64 1"   --->   Operation 68 'alloca' 'quantized_k_group_12_loc' <Predicate = true> <Delay = 0.00>
ST_1 : Operation 69 [1/1] (0.00ns)   --->   "%quantized_k_group_13_loc = alloca i64 1"   --->   Operation 69 'alloca' 'quantized_k_group_13_loc' <Predicate = true> <Delay = 0.00>
ST_1 : Operation 70 [1/1] (0.00ns)   --->   "%quantized_k_group_14_loc = alloca i64 1"   --->   Operation 70 'alloca' 'quantized_k_group_14_loc' <Predicate = true> <Delay = 0.00>
ST_1 : Operation 71 [1/1] (0.00ns)   --->   "%quantized_k_group_15_loc = alloca i64 1"   --->   Operation 71 'alloca' 'quantized_k_group_15_loc' <Predicate = true> <Delay = 0.00>
ST_1 : Operation 72 [1/1] (0.00ns)   --->   "%quantized_k_group_16_loc = alloca i64 1"   --->   Operation 72 'alloca' 'quantized_k_group_16_loc' <Predicate = true> <Delay = 0.00>
ST_1 : Operation 73 [1/1] (0.00ns)   --->   "%quantized_k_group_17_loc = alloca i64 1"   --->   Operation 73 'alloca' 'quantized_k_group_17_loc' <Predicate = true> <Delay = 0.00>
ST_1 : Operation 74 [1/1] (0.00ns)   --->   "%quantized_k_group_18_loc = alloca i64 1"   --->   Operation 74 'alloca' 'quantized_k_group_18_loc' <Predicate = true> <Delay = 0.00>
ST_1 : Operation 75 [1/1] (0.00ns)   --->   "%quantized_k_group_19_loc = alloca i64 1"   --->   Operation 75 'alloca' 'quantized_k_group_19_loc' <Predicate = true> <Delay = 0.00>
ST_1 : Operation 76 [1/1] (0.00ns)   --->   "%quantized_k_group_20_loc = alloca i64 1"   --->   Operation 76 'alloca' 'quantized_k_group_20_loc' <Predicate = true> <Delay = 0.00>
ST_1 : Operation 77 [1/1] (0.00ns)   --->   "%quantized_k_group_21_loc = alloca i64 1"   --->   Operation 77 'alloca' 'quantized_k_group_21_loc' <Predicate = true> <Delay = 0.00>
ST_1 : Operation 78 [1/1] (0.00ns)   --->   "%quantized_k_group_22_loc = alloca i64 1"   --->   Operation 78 'alloca' 'quantized_k_group_22_loc' <Predicate = true> <Delay = 0.00>
ST_1 : Operation 79 [1/1] (0.00ns)   --->   "%quantized_k_group_23_loc = alloca i64 1"   --->   Operation 79 'alloca' 'quantized_k_group_23_loc' <Predicate = true> <Delay = 0.00>
ST_1 : Operation 80 [1/1] (0.00ns)   --->   "%quantized_k_group_24_loc = alloca i64 1"   --->   Operation 80 'alloca' 'quantized_k_group_24_loc' <Predicate = true> <Delay = 0.00>
ST_1 : Operation 81 [1/1] (0.00ns)   --->   "%quantized_k_group_25_loc = alloca i64 1"   --->   Operation 81 'alloca' 'quantized_k_group_25_loc' <Predicate = true> <Delay = 0.00>
ST_1 : Operation 82 [1/1] (0.00ns)   --->   "%quantized_k_group_26_loc = alloca i64 1"   --->   Operation 82 'alloca' 'quantized_k_group_26_loc' <Predicate = true> <Delay = 0.00>
ST_1 : Operation 83 [1/1] (0.00ns)   --->   "%quantized_k_group_27_loc = alloca i64 1"   --->   Operation 83 'alloca' 'quantized_k_group_27_loc' <Predicate = true> <Delay = 0.00>
ST_1 : Operation 84 [1/1] (0.00ns)   --->   "%quantized_k_group_28_loc = alloca i64 1"   --->   Operation 84 'alloca' 'quantized_k_group_28_loc' <Predicate = true> <Delay = 0.00>
ST_1 : Operation 85 [1/1] (0.00ns)   --->   "%quantized_k_group_29_loc = alloca i64 1"   --->   Operation 85 'alloca' 'quantized_k_group_29_loc' <Predicate = true> <Delay = 0.00>
ST_1 : Operation 86 [1/1] (0.00ns)   --->   "%quantized_k_group_30_loc = alloca i64 1"   --->   Operation 86 'alloca' 'quantized_k_group_30_loc' <Predicate = true> <Delay = 0.00>
ST_1 : Operation 87 [1/1] (0.00ns)   --->   "%quantized_k_group_31_loc = alloca i64 1"   --->   Operation 87 'alloca' 'quantized_k_group_31_loc' <Predicate = true> <Delay = 0.00>
ST_1 : Operation 88 [1/1] (0.00ns)   --->   "%maximum_k_loc = alloca i64 1"   --->   Operation 88 'alloca' 'maximum_k_loc' <Predicate = true> <Delay = 0.00>
ST_1 : Operation 89 [1/1] (0.00ns)   --->   "%maximum_v_loc = alloca i64 1"   --->   Operation 89 'alloca' 'maximum_v_loc' <Predicate = true> <Delay = 0.00>
ST_1 : Operation 90 [1/1] (0.00ns)   --->   "%specmemcore_ln0 = specmemcore void @_ssdm_op_SpecMemCore, i512 %k_words, i64 666, i64 18, i64 18446744073709551615"   --->   Operation 90 'specmemcore' 'specmemcore_ln0' <Predicate = true> <Delay = 0.00>
ST_1 : Operation 91 [1/1] (0.00ns)   --->   "%specmemcore_ln0 = specmemcore void @_ssdm_op_SpecMemCore, i512 %v_words, i64 666, i64 18, i64 18446744073709551615"   --->   Operation 91 'specmemcore' 'specmemcore_ln0' <Predicate = true> <Delay = 0.00>
ST_1 : Operation 92 [1/1] (0.38ns)   --->   "%store_ln400 = store i3 0, i3 %group" [source/swiftkv_attention.cpp:400]   --->   Operation 92 'store' 'store_ln400' <Predicate = true> <Delay = 0.38>
ST_1 : Operation 93 [1/1] (0.38ns)   --->   "%store_ln393 = store i512 0, i512 %metadata" [source/swiftkv_attention.cpp:393]   --->   Operation 93 'store' 'store_ln393' <Predicate = true> <Delay = 0.38>
ST_1 : Operation 94 [1/1] (0.00ns)   --->   "%br_ln400 = br void %unpack_kv_group_loop" [source/swiftkv_attention.cpp:400]   --->   Operation 94 'br' 'br_ln400' <Predicate = true> <Delay = 0.00>

State 2 <SV = 1> <Delay = 1.20>
ST_2 : Operation 95 [1/1] (0.00ns)   --->   "%group_2 = load i3 %group" [source/swiftkv_attention.cpp:413]   --->   Operation 95 'load' 'group_2' <Predicate = true> <Delay = 0.00>
ST_2 : Operation 96 [1/1] (0.57ns)   --->   "%icmp_ln401 = icmp_eq  i3 %group_2, i3 4" [source/swiftkv_attention.cpp:401]   --->   Operation 96 'icmp' 'icmp_ln401' <Predicate = true> <Delay = 0.57> <CoreInst = "Cmp">   --->   Core 9 'Cmp' <Latency = 0> <II = 1> <Delay = 0.57> <FuncUnit> <Opcode : 'icmp'> <InPorts = 2> <OutPorts = 1>
ST_2 : Operation 97 [1/1] (0.57ns)   --->   "%add_ln402 = add i3 %group_2, i3 1" [source/swiftkv_attention.cpp:402]   --->   Operation 97 'add' 'add_ln402' <Predicate = true> <Delay = 0.57> <CoreInst = "Adder">   --->   Core 1 'Adder' <Latency = 0> <II = 1> <Delay = 0.57> <FuncUnit> <Opcode : 'add' 'sub'> <InPorts = 2> <OutPorts = 1>
ST_2 : Operation 98 [1/1] (0.00ns)   --->   "%br_ln400 = br i1 %icmp_ln401, void %unpack_kv_group_loop.split, void %for.end201" [source/swiftkv_attention.cpp:400]   --->   Operation 98 'br' 'br_ln400' <Predicate = true> <Delay = 0.00>
ST_2 : Operation 99 [1/1] (0.00ns)   --->   "%trunc_ln413 = trunc i3 %group_2" [source/swiftkv_attention.cpp:413]   --->   Operation 99 'trunc' 'trunc_ln413' <Predicate = (!icmp_ln401)> <Delay = 0.00>
ST_2 : Operation 100 [1/1] (0.00ns)   --->   "%shl_ln413 = shl i3 %group_2, i3 1" [source/swiftkv_attention.cpp:413]   --->   Operation 100 'shl' 'shl_ln413' <Predicate = (!icmp_ln401)> <Delay = 0.00>
ST_2 : Operation 101 [1/1] (0.00ns)   --->   "%zext_ln413 = zext i3 %shl_ln413" [source/swiftkv_attention.cpp:413]   --->   Operation 101 'zext' 'zext_ln413' <Predicate = (!icmp_ln401)> <Delay = 0.00>
ST_2 : Operation 102 [1/1] (0.00ns)   --->   "%k_words_addr = getelementptr i512 %k_words, i64 0, i64 %zext_ln413" [source/swiftkv_attention.cpp:413]   --->   Operation 102 'getelementptr' 'k_words_addr' <Predicate = (!icmp_ln401)> <Delay = 0.00>
ST_2 : Operation 103 [2/2] (1.20ns)   --->   "%k_lower = load i3 %k_words_addr" [source/swiftkv_attention.cpp:413]   --->   Operation 103 'load' 'k_lower' <Predicate = (!icmp_ln401)> <Delay = 1.20> <CoreInst = "RAM_1P_BRAM">   --->   Core 90 'RAM_1P_BRAM' <Latency = 1> <II = 1> <Delay = 1.20> <Storage> <Opcode : 'load' 'store'> <Ports = 1> <Width = 512> <Depth = 8> <RAM>
ST_2 : Operation 104 [1/1] (0.00ns)   --->   "%v_words_addr = getelementptr i512 %v_words, i64 0, i64 %zext_ln413" [source/swiftkv_attention.cpp:415]   --->   Operation 104 'getelementptr' 'v_words_addr' <Predicate = (!icmp_ln401)> <Delay = 0.00>
ST_2 : Operation 105 [2/2] (1.20ns)   --->   "%v_lower = load i3 %v_words_addr" [source/swiftkv_attention.cpp:415]   --->   Operation 105 'load' 'v_lower' <Predicate = (!icmp_ln401)> <Delay = 1.20> <CoreInst = "RAM_1P_BRAM">   --->   Core 90 'RAM_1P_BRAM' <Latency = 1> <II = 1> <Delay = 1.20> <Storage> <Opcode : 'load' 'store'> <Ports = 1> <Width = 512> <Depth = 8> <RAM>
ST_2 : Operation 106 [1/1] (0.00ns)   --->   "%metadata_load_1 = load i512 %metadata" [source/swiftkv_attention.cpp:543]   --->   Operation 106 'load' 'metadata_load_1' <Predicate = (icmp_ln401)> <Delay = 0.00>
ST_2 : Operation 107 [1/1] (0.00ns)   --->   "%p_load238 = load i256 %empty" [source/swiftkv_attention.cpp:536]   --->   Operation 107 'load' 'p_load238' <Predicate = (icmp_ln401)> <Delay = 0.00>
ST_2 : Operation 108 [1/1] (0.00ns)   --->   "%p_load237 = load i256 %empty_729" [source/swiftkv_attention.cpp:536]   --->   Operation 108 'load' 'p_load237' <Predicate = (icmp_ln401)> <Delay = 0.00>
ST_2 : Operation 109 [1/1] (0.00ns)   --->   "%p_load236 = load i256 %empty_730" [source/swiftkv_attention.cpp:538]   --->   Operation 109 'load' 'p_load236' <Predicate = (icmp_ln401)> <Delay = 0.00>
ST_2 : Operation 110 [1/1] (0.00ns)   --->   "%p_load235 = load i256 %empty_731" [source/swiftkv_attention.cpp:538]   --->   Operation 110 'load' 'p_load235' <Predicate = (icmp_ln401)> <Delay = 0.00>
ST_2 : Operation 111 [1/1] (0.00ns)   --->   "%p_load234 = load i256 %empty_732" [source/swiftkv_attention.cpp:540]   --->   Operation 111 'load' 'p_load234' <Predicate = (icmp_ln401)> <Delay = 0.00>
ST_2 : Operation 112 [1/1] (0.00ns)   --->   "%p_load233 = load i256 %empty_733" [source/swiftkv_attention.cpp:540]   --->   Operation 112 'load' 'p_load233' <Predicate = (icmp_ln401)> <Delay = 0.00>
ST_2 : Operation 113 [1/1] (0.00ns)   --->   "%p_load232 = load i256 %empty_734" [source/swiftkv_attention.cpp:542]   --->   Operation 113 'load' 'p_load232' <Predicate = (icmp_ln401)> <Delay = 0.00>
ST_2 : Operation 114 [1/1] (0.00ns)   --->   "%p_load = load i256 %empty_735" [source/swiftkv_attention.cpp:542]   --->   Operation 114 'load' 'p_load' <Predicate = (icmp_ln401)> <Delay = 0.00>
ST_2 : Operation 115 [1/1] (0.00ns)   --->   "%record_1 = bitconcatenate i512 @_ssdm_op_BitConcatenate.i512.i256.i256, i256 %p_load237, i256 %p_load238" [source/swiftkv_attention.cpp:536]   --->   Operation 115 'bitconcatenate' 'record_1' <Predicate = (icmp_ln401)> <Delay = 0.00>
ST_2 : Operation 116 [1/1] (0.00ns)   --->   "%record_2 = bitconcatenate i512 @_ssdm_op_BitConcatenate.i512.i256.i256, i256 %p_load235, i256 %p_load236" [source/swiftkv_attention.cpp:538]   --->   Operation 116 'bitconcatenate' 'record_2' <Predicate = (icmp_ln401)> <Delay = 0.00>
ST_2 : Operation 117 [1/1] (0.00ns)   --->   "%record_3 = bitconcatenate i512 @_ssdm_op_BitConcatenate.i512.i256.i256, i256 %p_load233, i256 %p_load234" [source/swiftkv_attention.cpp:540]   --->   Operation 117 'bitconcatenate' 'record_3' <Predicate = (icmp_ln401)> <Delay = 0.00>
ST_2 : Operation 118 [1/1] (0.00ns)   --->   "%record_4 = bitconcatenate i512 @_ssdm_op_BitConcatenate.i512.i256.i256, i256 %p_load, i256 %p_load232" [source/swiftkv_attention.cpp:542]   --->   Operation 118 'bitconcatenate' 'record_4' <Predicate = (icmp_ln401)> <Delay = 0.00>
ST_2 : Operation 119 [1/1] (0.00ns)   --->   "%mrv = insertvalue i2560 <undef>, i512 %metadata_load_1" [source/swiftkv_attention.cpp:543]   --->   Operation 119 'insertvalue' 'mrv' <Predicate = (icmp_ln401)> <Delay = 0.00>
ST_2 : Operation 120 [1/1] (0.00ns)   --->   "%mrv_1 = insertvalue i2560 %mrv, i512 %record_1" [source/swiftkv_attention.cpp:543]   --->   Operation 120 'insertvalue' 'mrv_1' <Predicate = (icmp_ln401)> <Delay = 0.00>
ST_2 : Operation 121 [1/1] (0.00ns)   --->   "%mrv_2 = insertvalue i2560 %mrv_1, i512 %record_2" [source/swiftkv_attention.cpp:543]   --->   Operation 121 'insertvalue' 'mrv_2' <Predicate = (icmp_ln401)> <Delay = 0.00>
ST_2 : Operation 122 [1/1] (0.00ns)   --->   "%mrv_3 = insertvalue i2560 %mrv_2, i512 %record_3" [source/swiftkv_attention.cpp:543]   --->   Operation 122 'insertvalue' 'mrv_3' <Predicate = (icmp_ln401)> <Delay = 0.00>
ST_2 : Operation 123 [1/1] (0.00ns)   --->   "%mrv_4 = insertvalue i2560 %mrv_3, i512 %record_4" [source/swiftkv_attention.cpp:543]   --->   Operation 123 'insertvalue' 'mrv_4' <Predicate = (icmp_ln401)> <Delay = 0.00>
ST_2 : Operation 124 [1/1] (0.00ns)   --->   "%ret_ln543 = ret i2560 %mrv_4" [source/swiftkv_attention.cpp:543]   --->   Operation 124 'ret' 'ret_ln543' <Predicate = (icmp_ln401)> <Delay = 0.00>

State 3 <SV = 2> <Delay = 1.20>
ST_3 : Operation 125 [1/2] (1.20ns)   --->   "%k_lower = load i3 %k_words_addr" [source/swiftkv_attention.cpp:413]   --->   Operation 125 'load' 'k_lower' <Predicate = true> <Delay = 1.20> <CoreInst = "RAM_1P_BRAM">   --->   Core 90 'RAM_1P_BRAM' <Latency = 1> <II = 1> <Delay = 1.20> <Storage> <Opcode : 'load' 'store'> <Ports = 1> <Width = 512> <Depth = 8> <RAM>
ST_3 : Operation 126 [1/1] (0.00ns)   --->   "%or_ln414 = or i3 %shl_ln413, i3 1" [source/swiftkv_attention.cpp:414]   --->   Operation 126 'or' 'or_ln414' <Predicate = true> <Delay = 0.00>
ST_3 : Operation 127 [1/1] (0.00ns)   --->   "%zext_ln414 = zext i3 %or_ln414" [source/swiftkv_attention.cpp:414]   --->   Operation 127 'zext' 'zext_ln414' <Predicate = true> <Delay = 0.00>
ST_3 : Operation 128 [1/1] (0.00ns)   --->   "%k_words_addr_1 = getelementptr i512 %k_words, i64 0, i64 %zext_ln414" [source/swiftkv_attention.cpp:414]   --->   Operation 128 'getelementptr' 'k_words_addr_1' <Predicate = true> <Delay = 0.00>
ST_3 : Operation 129 [2/2] (1.20ns)   --->   "%k_upper = load i3 %k_words_addr_1" [source/swiftkv_attention.cpp:414]   --->   Operation 129 'load' 'k_upper' <Predicate = true> <Delay = 1.20> <CoreInst = "RAM_1P_BRAM">   --->   Core 90 'RAM_1P_BRAM' <Latency = 1> <II = 1> <Delay = 1.20> <Storage> <Opcode : 'load' 'store'> <Ports = 1> <Width = 512> <Depth = 8> <RAM>
ST_3 : Operation 130 [1/2] (1.20ns)   --->   "%v_lower = load i3 %v_words_addr" [source/swiftkv_attention.cpp:415]   --->   Operation 130 'load' 'v_lower' <Predicate = true> <Delay = 1.20> <CoreInst = "RAM_1P_BRAM">   --->   Core 90 'RAM_1P_BRAM' <Latency = 1> <II = 1> <Delay = 1.20> <Storage> <Opcode : 'load' 'store'> <Ports = 1> <Width = 512> <Depth = 8> <RAM>
ST_3 : Operation 131 [1/1] (0.00ns)   --->   "%v_words_addr_1 = getelementptr i512 %v_words, i64 0, i64 %zext_ln414" [source/swiftkv_attention.cpp:416]   --->   Operation 131 'getelementptr' 'v_words_addr_1' <Predicate = true> <Delay = 0.00>
ST_3 : Operation 132 [2/2] (1.20ns)   --->   "%v_upper = load i3 %v_words_addr_1" [source/swiftkv_attention.cpp:416]   --->   Operation 132 'load' 'v_upper' <Predicate = true> <Delay = 1.20> <CoreInst = "RAM_1P_BRAM">   --->   Core 90 'RAM_1P_BRAM' <Latency = 1> <II = 1> <Delay = 1.20> <Storage> <Opcode : 'load' 'store'> <Ports = 1> <Width = 512> <Depth = 8> <RAM>
ST_3 : Operation 133 [1/1] (0.00ns)   --->   "%k_raw = trunc i512 %k_lower" [source/swiftkv_attention.cpp:430]   --->   Operation 133 'trunc' 'k_raw' <Predicate = true> <Delay = 0.00>
ST_3 : Operation 134 [1/1] (0.00ns)   --->   "%v_raw = trunc i512 %v_lower" [source/swiftkv_attention.cpp:436]   --->   Operation 134 'trunc' 'v_raw' <Predicate = true> <Delay = 0.00>
ST_3 : Operation 135 [1/1] (0.00ns)   --->   "%k_raw_32 = partselect i32 @_ssdm_op_PartSelect.i32.i512.i32.i32, i512 %k_lower, i32 32, i32 63" [source/swiftkv_attention.cpp:430]   --->   Operation 135 'partselect' 'k_raw_32' <Predicate = true> <Delay = 0.00>
ST_3 : Operation 136 [1/1] (0.00ns)   --->   "%v_raw_32 = partselect i32 @_ssdm_op_PartSelect.i32.i512.i32.i32, i512 %v_lower, i32 32, i32 63" [source/swiftkv_attention.cpp:436]   --->   Operation 136 'partselect' 'v_raw_32' <Predicate = true> <Delay = 0.00>
ST_3 : Operation 137 [1/1] (0.00ns)   --->   "%k_raw_33 = partselect i32 @_ssdm_op_PartSelect.i32.i512.i32.i32, i512 %k_lower, i32 64, i32 95" [source/swiftkv_attention.cpp:430]   --->   Operation 137 'partselect' 'k_raw_33' <Predicate = true> <Delay = 0.00>
ST_3 : Operation 138 [1/1] (0.00ns)   --->   "%v_raw_33 = partselect i32 @_ssdm_op_PartSelect.i32.i512.i32.i32, i512 %v_lower, i32 64, i32 95" [source/swiftkv_attention.cpp:436]   --->   Operation 138 'partselect' 'v_raw_33' <Predicate = true> <Delay = 0.00>
ST_3 : Operation 139 [1/1] (0.00ns)   --->   "%k_raw_34 = partselect i32 @_ssdm_op_PartSelect.i32.i512.i32.i32, i512 %k_lower, i32 96, i32 127" [source/swiftkv_attention.cpp:430]   --->   Operation 139 'partselect' 'k_raw_34' <Predicate = true> <Delay = 0.00>
ST_3 : Operation 140 [1/1] (0.00ns)   --->   "%v_raw_34 = partselect i32 @_ssdm_op_PartSelect.i32.i512.i32.i32, i512 %v_lower, i32 96, i32 127" [source/swiftkv_attention.cpp:436]   --->   Operation 140 'partselect' 'v_raw_34' <Predicate = true> <Delay = 0.00>
ST_3 : Operation 141 [1/1] (0.00ns)   --->   "%k_raw_35 = partselect i32 @_ssdm_op_PartSelect.i32.i512.i32.i32, i512 %k_lower, i32 128, i32 159" [source/swiftkv_attention.cpp:430]   --->   Operation 141 'partselect' 'k_raw_35' <Predicate = true> <Delay = 0.00>
ST_3 : Operation 142 [1/1] (0.00ns)   --->   "%v_raw_35 = partselect i32 @_ssdm_op_PartSelect.i32.i512.i32.i32, i512 %v_lower, i32 128, i32 159" [source/swiftkv_attention.cpp:436]   --->   Operation 142 'partselect' 'v_raw_35' <Predicate = true> <Delay = 0.00>
ST_3 : Operation 143 [1/1] (0.00ns)   --->   "%k_raw_36 = partselect i32 @_ssdm_op_PartSelect.i32.i512.i32.i32, i512 %k_lower, i32 160, i32 191" [source/swiftkv_attention.cpp:430]   --->   Operation 143 'partselect' 'k_raw_36' <Predicate = true> <Delay = 0.00>
ST_3 : Operation 144 [1/1] (0.00ns)   --->   "%v_raw_36 = partselect i32 @_ssdm_op_PartSelect.i32.i512.i32.i32, i512 %v_lower, i32 160, i32 191" [source/swiftkv_attention.cpp:436]   --->   Operation 144 'partselect' 'v_raw_36' <Predicate = true> <Delay = 0.00>
ST_3 : Operation 145 [1/1] (0.00ns)   --->   "%k_raw_37 = partselect i32 @_ssdm_op_PartSelect.i32.i512.i32.i32, i512 %k_lower, i32 192, i32 223" [source/swiftkv_attention.cpp:430]   --->   Operation 145 'partselect' 'k_raw_37' <Predicate = true> <Delay = 0.00>
ST_3 : Operation 146 [1/1] (0.00ns)   --->   "%v_raw_37 = partselect i32 @_ssdm_op_PartSelect.i32.i512.i32.i32, i512 %v_lower, i32 192, i32 223" [source/swiftkv_attention.cpp:436]   --->   Operation 146 'partselect' 'v_raw_37' <Predicate = true> <Delay = 0.00>
ST_3 : Operation 147 [1/1] (0.00ns)   --->   "%k_raw_38 = partselect i32 @_ssdm_op_PartSelect.i32.i512.i32.i32, i512 %k_lower, i32 224, i32 255" [source/swiftkv_attention.cpp:430]   --->   Operation 147 'partselect' 'k_raw_38' <Predicate = true> <Delay = 0.00>
ST_3 : Operation 148 [1/1] (0.00ns)   --->   "%v_raw_38 = partselect i32 @_ssdm_op_PartSelect.i32.i512.i32.i32, i512 %v_lower, i32 224, i32 255" [source/swiftkv_attention.cpp:436]   --->   Operation 148 'partselect' 'v_raw_38' <Predicate = true> <Delay = 0.00>
ST_3 : Operation 149 [1/1] (0.00ns)   --->   "%k_raw_39 = partselect i32 @_ssdm_op_PartSelect.i32.i512.i32.i32, i512 %k_lower, i32 256, i32 287" [source/swiftkv_attention.cpp:430]   --->   Operation 149 'partselect' 'k_raw_39' <Predicate = true> <Delay = 0.00>
ST_3 : Operation 150 [1/1] (0.00ns)   --->   "%v_raw_39 = partselect i32 @_ssdm_op_PartSelect.i32.i512.i32.i32, i512 %v_lower, i32 256, i32 287" [source/swiftkv_attention.cpp:436]   --->   Operation 150 'partselect' 'v_raw_39' <Predicate = true> <Delay = 0.00>
ST_3 : Operation 151 [1/1] (0.00ns)   --->   "%k_raw_40 = partselect i32 @_ssdm_op_PartSelect.i32.i512.i32.i32, i512 %k_lower, i32 288, i32 319" [source/swiftkv_attention.cpp:430]   --->   Operation 151 'partselect' 'k_raw_40' <Predicate = true> <Delay = 0.00>
ST_3 : Operation 152 [1/1] (0.00ns)   --->   "%v_raw_40 = partselect i32 @_ssdm_op_PartSelect.i32.i512.i32.i32, i512 %v_lower, i32 288, i32 319" [source/swiftkv_attention.cpp:436]   --->   Operation 152 'partselect' 'v_raw_40' <Predicate = true> <Delay = 0.00>
ST_3 : Operation 153 [1/1] (0.00ns)   --->   "%k_raw_41 = partselect i32 @_ssdm_op_PartSelect.i32.i512.i32.i32, i512 %k_lower, i32 320, i32 351" [source/swiftkv_attention.cpp:430]   --->   Operation 153 'partselect' 'k_raw_41' <Predicate = true> <Delay = 0.00>
ST_3 : Operation 154 [1/1] (0.00ns)   --->   "%v_raw_41 = partselect i32 @_ssdm_op_PartSelect.i32.i512.i32.i32, i512 %v_lower, i32 320, i32 351" [source/swiftkv_attention.cpp:436]   --->   Operation 154 'partselect' 'v_raw_41' <Predicate = true> <Delay = 0.00>
ST_3 : Operation 155 [1/1] (0.00ns)   --->   "%k_raw_42 = partselect i32 @_ssdm_op_PartSelect.i32.i512.i32.i32, i512 %k_lower, i32 352, i32 383" [source/swiftkv_attention.cpp:430]   --->   Operation 155 'partselect' 'k_raw_42' <Predicate = true> <Delay = 0.00>
ST_3 : Operation 156 [1/1] (0.00ns)   --->   "%v_raw_42 = partselect i32 @_ssdm_op_PartSelect.i32.i512.i32.i32, i512 %v_lower, i32 352, i32 383" [source/swiftkv_attention.cpp:436]   --->   Operation 156 'partselect' 'v_raw_42' <Predicate = true> <Delay = 0.00>
ST_3 : Operation 157 [1/1] (0.00ns)   --->   "%k_raw_43 = partselect i32 @_ssdm_op_PartSelect.i32.i512.i32.i32, i512 %k_lower, i32 384, i32 415" [source/swiftkv_attention.cpp:430]   --->   Operation 157 'partselect' 'k_raw_43' <Predicate = true> <Delay = 0.00>
ST_3 : Operation 158 [1/1] (0.00ns)   --->   "%v_raw_43 = partselect i32 @_ssdm_op_PartSelect.i32.i512.i32.i32, i512 %v_lower, i32 384, i32 415" [source/swiftkv_attention.cpp:436]   --->   Operation 158 'partselect' 'v_raw_43' <Predicate = true> <Delay = 0.00>
ST_3 : Operation 159 [1/1] (0.00ns)   --->   "%k_raw_44 = partselect i32 @_ssdm_op_PartSelect.i32.i512.i32.i32, i512 %k_lower, i32 416, i32 447" [source/swiftkv_attention.cpp:430]   --->   Operation 159 'partselect' 'k_raw_44' <Predicate = true> <Delay = 0.00>
ST_3 : Operation 160 [1/1] (0.00ns)   --->   "%v_raw_44 = partselect i32 @_ssdm_op_PartSelect.i32.i512.i32.i32, i512 %v_lower, i32 416, i32 447" [source/swiftkv_attention.cpp:436]   --->   Operation 160 'partselect' 'v_raw_44' <Predicate = true> <Delay = 0.00>
ST_3 : Operation 161 [1/1] (0.00ns)   --->   "%k_raw_45 = partselect i32 @_ssdm_op_PartSelect.i32.i512.i32.i32, i512 %k_lower, i32 448, i32 479" [source/swiftkv_attention.cpp:430]   --->   Operation 161 'partselect' 'k_raw_45' <Predicate = true> <Delay = 0.00>
ST_3 : Operation 162 [1/1] (0.00ns)   --->   "%v_raw_45 = partselect i32 @_ssdm_op_PartSelect.i32.i512.i32.i32, i512 %v_lower, i32 448, i32 479" [source/swiftkv_attention.cpp:436]   --->   Operation 162 'partselect' 'v_raw_45' <Predicate = true> <Delay = 0.00>
ST_3 : Operation 163 [1/1] (0.00ns)   --->   "%k_raw_46 = partselect i32 @_ssdm_op_PartSelect.i32.i512.i32.i32, i512 %k_lower, i32 480, i32 511" [source/swiftkv_attention.cpp:430]   --->   Operation 163 'partselect' 'k_raw_46' <Predicate = true> <Delay = 0.00>
ST_3 : Operation 164 [1/1] (0.00ns)   --->   "%v_raw_46 = partselect i32 @_ssdm_op_PartSelect.i32.i512.i32.i32, i512 %v_lower, i32 480, i32 511" [source/swiftkv_attention.cpp:436]   --->   Operation 164 'partselect' 'v_raw_46' <Predicate = true> <Delay = 0.00>

State 4 <SV = 3> <Delay = 1.20>
ST_4 : Operation 165 [1/2] (1.20ns)   --->   "%k_upper = load i3 %k_words_addr_1" [source/swiftkv_attention.cpp:414]   --->   Operation 165 'load' 'k_upper' <Predicate = true> <Delay = 1.20> <CoreInst = "RAM_1P_BRAM">   --->   Core 90 'RAM_1P_BRAM' <Latency = 1> <II = 1> <Delay = 1.20> <Storage> <Opcode : 'load' 'store'> <Ports = 1> <Width = 512> <Depth = 8> <RAM>
ST_4 : Operation 166 [1/2] (1.20ns)   --->   "%v_upper = load i3 %v_words_addr_1" [source/swiftkv_attention.cpp:416]   --->   Operation 166 'load' 'v_upper' <Predicate = true> <Delay = 1.20> <CoreInst = "RAM_1P_BRAM">   --->   Core 90 'RAM_1P_BRAM' <Latency = 1> <II = 1> <Delay = 1.20> <Storage> <Opcode : 'load' 'store'> <Ports = 1> <Width = 512> <Depth = 8> <RAM>
ST_4 : Operation 167 [1/1] (0.00ns)   --->   "%k_raw_47 = trunc i512 %k_upper" [source/swiftkv_attention.cpp:428]   --->   Operation 167 'trunc' 'k_raw_47' <Predicate = true> <Delay = 0.00>
ST_4 : Operation 168 [1/1] (0.00ns)   --->   "%v_raw_47 = trunc i512 %v_upper" [source/swiftkv_attention.cpp:434]   --->   Operation 168 'trunc' 'v_raw_47' <Predicate = true> <Delay = 0.00>
ST_4 : Operation 169 [1/1] (0.00ns)   --->   "%k_raw_48 = partselect i32 @_ssdm_op_PartSelect.i32.i512.i32.i32, i512 %k_upper, i32 32, i32 63" [source/swiftkv_attention.cpp:428]   --->   Operation 169 'partselect' 'k_raw_48' <Predicate = true> <Delay = 0.00>
ST_4 : Operation 170 [1/1] (0.00ns)   --->   "%v_raw_48 = partselect i32 @_ssdm_op_PartSelect.i32.i512.i32.i32, i512 %v_upper, i32 32, i32 63" [source/swiftkv_attention.cpp:434]   --->   Operation 170 'partselect' 'v_raw_48' <Predicate = true> <Delay = 0.00>
ST_4 : Operation 171 [1/1] (0.00ns)   --->   "%k_raw_49 = partselect i32 @_ssdm_op_PartSelect.i32.i512.i32.i32, i512 %k_upper, i32 64, i32 95" [source/swiftkv_attention.cpp:428]   --->   Operation 171 'partselect' 'k_raw_49' <Predicate = true> <Delay = 0.00>
ST_4 : Operation 172 [1/1] (0.00ns)   --->   "%v_raw_49 = partselect i32 @_ssdm_op_PartSelect.i32.i512.i32.i32, i512 %v_upper, i32 64, i32 95" [source/swiftkv_attention.cpp:434]   --->   Operation 172 'partselect' 'v_raw_49' <Predicate = true> <Delay = 0.00>
ST_4 : Operation 173 [1/1] (0.00ns)   --->   "%k_raw_50 = partselect i32 @_ssdm_op_PartSelect.i32.i512.i32.i32, i512 %k_upper, i32 96, i32 127" [source/swiftkv_attention.cpp:428]   --->   Operation 173 'partselect' 'k_raw_50' <Predicate = true> <Delay = 0.00>
ST_4 : Operation 174 [1/1] (0.00ns)   --->   "%v_raw_50 = partselect i32 @_ssdm_op_PartSelect.i32.i512.i32.i32, i512 %v_upper, i32 96, i32 127" [source/swiftkv_attention.cpp:434]   --->   Operation 174 'partselect' 'v_raw_50' <Predicate = true> <Delay = 0.00>
ST_4 : Operation 175 [1/1] (0.00ns)   --->   "%k_raw_51 = partselect i32 @_ssdm_op_PartSelect.i32.i512.i32.i32, i512 %k_upper, i32 128, i32 159" [source/swiftkv_attention.cpp:428]   --->   Operation 175 'partselect' 'k_raw_51' <Predicate = true> <Delay = 0.00>
ST_4 : Operation 176 [1/1] (0.00ns)   --->   "%v_raw_51 = partselect i32 @_ssdm_op_PartSelect.i32.i512.i32.i32, i512 %v_upper, i32 128, i32 159" [source/swiftkv_attention.cpp:434]   --->   Operation 176 'partselect' 'v_raw_51' <Predicate = true> <Delay = 0.00>
ST_4 : Operation 177 [1/1] (0.00ns)   --->   "%k_raw_52 = partselect i32 @_ssdm_op_PartSelect.i32.i512.i32.i32, i512 %k_upper, i32 160, i32 191" [source/swiftkv_attention.cpp:428]   --->   Operation 177 'partselect' 'k_raw_52' <Predicate = true> <Delay = 0.00>
ST_4 : Operation 178 [1/1] (0.00ns)   --->   "%v_raw_52 = partselect i32 @_ssdm_op_PartSelect.i32.i512.i32.i32, i512 %v_upper, i32 160, i32 191" [source/swiftkv_attention.cpp:434]   --->   Operation 178 'partselect' 'v_raw_52' <Predicate = true> <Delay = 0.00>
ST_4 : Operation 179 [1/1] (0.00ns)   --->   "%k_raw_53 = partselect i32 @_ssdm_op_PartSelect.i32.i512.i32.i32, i512 %k_upper, i32 192, i32 223" [source/swiftkv_attention.cpp:428]   --->   Operation 179 'partselect' 'k_raw_53' <Predicate = true> <Delay = 0.00>
ST_4 : Operation 180 [1/1] (0.00ns)   --->   "%v_raw_53 = partselect i32 @_ssdm_op_PartSelect.i32.i512.i32.i32, i512 %v_upper, i32 192, i32 223" [source/swiftkv_attention.cpp:434]   --->   Operation 180 'partselect' 'v_raw_53' <Predicate = true> <Delay = 0.00>
ST_4 : Operation 181 [1/1] (0.00ns)   --->   "%k_raw_54 = partselect i32 @_ssdm_op_PartSelect.i32.i512.i32.i32, i512 %k_upper, i32 224, i32 255" [source/swiftkv_attention.cpp:428]   --->   Operation 181 'partselect' 'k_raw_54' <Predicate = true> <Delay = 0.00>
ST_4 : Operation 182 [1/1] (0.00ns)   --->   "%v_raw_54 = partselect i32 @_ssdm_op_PartSelect.i32.i512.i32.i32, i512 %v_upper, i32 224, i32 255" [source/swiftkv_attention.cpp:434]   --->   Operation 182 'partselect' 'v_raw_54' <Predicate = true> <Delay = 0.00>
ST_4 : Operation 183 [1/1] (0.00ns)   --->   "%k_raw_55 = partselect i32 @_ssdm_op_PartSelect.i32.i512.i32.i32, i512 %k_upper, i32 256, i32 287" [source/swiftkv_attention.cpp:428]   --->   Operation 183 'partselect' 'k_raw_55' <Predicate = true> <Delay = 0.00>
ST_4 : Operation 184 [1/1] (0.00ns)   --->   "%v_raw_55 = partselect i32 @_ssdm_op_PartSelect.i32.i512.i32.i32, i512 %v_upper, i32 256, i32 287" [source/swiftkv_attention.cpp:434]   --->   Operation 184 'partselect' 'v_raw_55' <Predicate = true> <Delay = 0.00>
ST_4 : Operation 185 [1/1] (0.00ns)   --->   "%k_raw_56 = partselect i32 @_ssdm_op_PartSelect.i32.i512.i32.i32, i512 %k_upper, i32 288, i32 319" [source/swiftkv_attention.cpp:428]   --->   Operation 185 'partselect' 'k_raw_56' <Predicate = true> <Delay = 0.00>
ST_4 : Operation 186 [1/1] (0.00ns)   --->   "%v_raw_56 = partselect i32 @_ssdm_op_PartSelect.i32.i512.i32.i32, i512 %v_upper, i32 288, i32 319" [source/swiftkv_attention.cpp:434]   --->   Operation 186 'partselect' 'v_raw_56' <Predicate = true> <Delay = 0.00>
ST_4 : Operation 187 [1/1] (0.00ns)   --->   "%k_raw_57 = partselect i32 @_ssdm_op_PartSelect.i32.i512.i32.i32, i512 %k_upper, i32 320, i32 351" [source/swiftkv_attention.cpp:428]   --->   Operation 187 'partselect' 'k_raw_57' <Predicate = true> <Delay = 0.00>
ST_4 : Operation 188 [1/1] (0.00ns)   --->   "%v_raw_57 = partselect i32 @_ssdm_op_PartSelect.i32.i512.i32.i32, i512 %v_upper, i32 320, i32 351" [source/swiftkv_attention.cpp:434]   --->   Operation 188 'partselect' 'v_raw_57' <Predicate = true> <Delay = 0.00>
ST_4 : Operation 189 [1/1] (0.00ns)   --->   "%k_raw_58 = partselect i32 @_ssdm_op_PartSelect.i32.i512.i32.i32, i512 %k_upper, i32 352, i32 383" [source/swiftkv_attention.cpp:428]   --->   Operation 189 'partselect' 'k_raw_58' <Predicate = true> <Delay = 0.00>
ST_4 : Operation 190 [1/1] (0.00ns)   --->   "%v_raw_58 = partselect i32 @_ssdm_op_PartSelect.i32.i512.i32.i32, i512 %v_upper, i32 352, i32 383" [source/swiftkv_attention.cpp:434]   --->   Operation 190 'partselect' 'v_raw_58' <Predicate = true> <Delay = 0.00>
ST_4 : Operation 191 [1/1] (0.00ns)   --->   "%k_raw_59 = partselect i32 @_ssdm_op_PartSelect.i32.i512.i32.i32, i512 %k_upper, i32 384, i32 415" [source/swiftkv_attention.cpp:428]   --->   Operation 191 'partselect' 'k_raw_59' <Predicate = true> <Delay = 0.00>
ST_4 : Operation 192 [1/1] (0.00ns)   --->   "%v_raw_59 = partselect i32 @_ssdm_op_PartSelect.i32.i512.i32.i32, i512 %v_upper, i32 384, i32 415" [source/swiftkv_attention.cpp:434]   --->   Operation 192 'partselect' 'v_raw_59' <Predicate = true> <Delay = 0.00>
ST_4 : Operation 193 [1/1] (0.00ns)   --->   "%k_raw_60 = partselect i32 @_ssdm_op_PartSelect.i32.i512.i32.i32, i512 %k_upper, i32 416, i32 447" [source/swiftkv_attention.cpp:428]   --->   Operation 193 'partselect' 'k_raw_60' <Predicate = true> <Delay = 0.00>
ST_4 : Operation 194 [1/1] (0.00ns)   --->   "%v_raw_60 = partselect i32 @_ssdm_op_PartSelect.i32.i512.i32.i32, i512 %v_upper, i32 416, i32 447" [source/swiftkv_attention.cpp:434]   --->   Operation 194 'partselect' 'v_raw_60' <Predicate = true> <Delay = 0.00>
ST_4 : Operation 195 [1/1] (0.00ns)   --->   "%k_raw_61 = partselect i32 @_ssdm_op_PartSelect.i32.i512.i32.i32, i512 %k_upper, i32 448, i32 479" [source/swiftkv_attention.cpp:428]   --->   Operation 195 'partselect' 'k_raw_61' <Predicate = true> <Delay = 0.00>
ST_4 : Operation 196 [1/1] (0.00ns)   --->   "%v_raw_61 = partselect i32 @_ssdm_op_PartSelect.i32.i512.i32.i32, i512 %v_upper, i32 448, i32 479" [source/swiftkv_attention.cpp:434]   --->   Operation 196 'partselect' 'v_raw_61' <Predicate = true> <Delay = 0.00>
ST_4 : Operation 197 [1/1] (0.00ns)   --->   "%k_raw_62 = partselect i32 @_ssdm_op_PartSelect.i32.i512.i32.i32, i512 %k_upper, i32 480, i32 511" [source/swiftkv_attention.cpp:428]   --->   Operation 197 'partselect' 'k_raw_62' <Predicate = true> <Delay = 0.00>
ST_4 : Operation 198 [1/1] (0.00ns)   --->   "%v_raw_62 = partselect i32 @_ssdm_op_PartSelect.i32.i512.i32.i32, i512 %v_upper, i32 480, i32 511" [source/swiftkv_attention.cpp:434]   --->   Operation 198 'partselect' 'v_raw_62' <Predicate = true> <Delay = 0.00>

State 5 <SV = 4> <Delay = 1.69>
ST_5 : Operation 199 [2/2] (1.69ns)   --->   "%call_ln430 = call void @swiftkv_quantize_kv_record_Pipeline_find_kv_group_max_block_loop, i32 %k_raw, i32 %k_raw_35, i32 %k_raw_39, i32 %k_raw_43, i32 %k_raw_47, i32 %k_raw_51, i32 %k_raw_55, i32 %k_raw_59, i32 %k_raw_32, i32 %k_raw_36, i32 %k_raw_40, i32 %k_raw_44, i32 %k_raw_48, i32 %k_raw_52, i32 %k_raw_56, i32 %k_raw_60, i32 %k_raw_33, i32 %k_raw_37, i32 %k_raw_41, i32 %k_raw_45, i32 %k_raw_49, i32 %k_raw_53, i32 %k_raw_57, i32 %k_raw_61, i32 %k_raw_34, i32 %k_raw_38, i32 %k_raw_42, i32 %k_raw_46, i32 %k_raw_50, i32 %k_raw_54, i32 %k_raw_58, i32 %k_raw_62, i32 %v_raw, i32 %v_raw_35, i32 %v_raw_39, i32 %v_raw_43, i32 %v_raw_47, i32 %v_raw_51, i32 %v_raw_55, i32 %v_raw_59, i32 %v_raw_32, i32 %v_raw_36, i32 %v_raw_40, i32 %v_raw_44, i32 %v_raw_48, i32 %v_raw_52, i32 %v_raw_56, i32 %v_raw_60, i32 %v_raw_33, i32 %v_raw_37, i32 %v_raw_41, i32 %v_raw_45, i32 %v_raw_49, i32 %v_raw_53, i32 %v_raw_57, i32 %v_raw_61, i32 %v_raw_34, i32 %v_raw_38, i32 %v_raw_42, i32 %v_raw_46, i32 %v_raw_50, i32 %v_raw_54, i32 %v_raw_58, i32 %v_raw_62, i32 %maximum_v_loc, i32 %maximum_k_loc" [source/swiftkv_attention.cpp:430]   --->   Operation 199 'call' 'call_ln430' <Predicate = true> <Delay = 1.69> <CoreType = "Generic">   --->   Core 0 '' <Latency = 0> <II = 1> <Delay = 1.00> <Generic> <Opcode : >

State 6 <SV = 5> <Delay = 0.00>
ST_6 : Operation 200 [1/2] (0.00ns)   --->   "%call_ln430 = call void @swiftkv_quantize_kv_record_Pipeline_find_kv_group_max_block_loop, i32 %k_raw, i32 %k_raw_35, i32 %k_raw_39, i32 %k_raw_43, i32 %k_raw_47, i32 %k_raw_51, i32 %k_raw_55, i32 %k_raw_59, i32 %k_raw_32, i32 %k_raw_36, i32 %k_raw_40, i32 %k_raw_44, i32 %k_raw_48, i32 %k_raw_52, i32 %k_raw_56, i32 %k_raw_60, i32 %k_raw_33, i32 %k_raw_37, i32 %k_raw_41, i32 %k_raw_45, i32 %k_raw_49, i32 %k_raw_53, i32 %k_raw_57, i32 %k_raw_61, i32 %k_raw_34, i32 %k_raw_38, i32 %k_raw_42, i32 %k_raw_46, i32 %k_raw_50, i32 %k_raw_54, i32 %k_raw_58, i32 %k_raw_62, i32 %v_raw, i32 %v_raw_35, i32 %v_raw_39, i32 %v_raw_43, i32 %v_raw_47, i32 %v_raw_51, i32 %v_raw_55, i32 %v_raw_59, i32 %v_raw_32, i32 %v_raw_36, i32 %v_raw_40, i32 %v_raw_44, i32 %v_raw_48, i32 %v_raw_52, i32 %v_raw_56, i32 %v_raw_60, i32 %v_raw_33, i32 %v_raw_37, i32 %v_raw_41, i32 %v_raw_45, i32 %v_raw_49, i32 %v_raw_53, i32 %v_raw_57, i32 %v_raw_61, i32 %v_raw_34, i32 %v_raw_38, i32 %v_raw_42, i32 %v_raw_46, i32 %v_raw_50, i32 %v_raw_54, i32 %v_raw_58, i32 %v_raw_62, i32 %maximum_v_loc, i32 %maximum_k_loc" [source/swiftkv_attention.cpp:430]   --->   Operation 200 'call' 'call_ln430' <Predicate = true> <Delay = 0.00> <CoreType = "Generic">   --->   Core 0 '' <Latency = 0> <II = 1> <Delay = 1.00> <Generic> <Opcode : >

State 7 <SV = 6> <Delay = 2.03>
ST_7 : Operation 201 [1/1] (0.00ns)   --->   "%maximum_v_loc_load = load i32 %maximum_v_loc"   --->   Operation 201 'load' 'maximum_v_loc_load' <Predicate = true> <Delay = 0.00>
ST_7 : Operation 202 [1/1] (0.00ns)   --->   "%empty_736 = trunc i32 %maximum_v_loc_load"   --->   Operation 202 'trunc' 'empty_736' <Predicate = true> <Delay = 0.00>
ST_7 : Operation 203 [1/1] (0.00ns)   --->   "%maximum_k_loc_load = load i32 %maximum_k_loc"   --->   Operation 203 'load' 'maximum_k_loc_load' <Predicate = true> <Delay = 0.00>
ST_7 : Operation 204 [1/1] (0.00ns)   --->   "%empty_737 = trunc i32 %maximum_k_loc_load"   --->   Operation 204 'trunc' 'empty_737' <Predicate = true> <Delay = 0.00>
ST_7 : Operation 205 [1/1] (0.00ns)   --->   "%tmp = partselect i16 @_ssdm_op_PartSelect.i16.i32.i32.i32, i32 %maximum_k_loc_load, i32 16, i32 31" [source/swiftkv_attention.cpp:329->source/swiftkv_attention.cpp:485]   --->   Operation 205 'partselect' 'tmp' <Predicate = true> <Delay = 0.00>
ST_7 : Operation 206 [1/1] (0.78ns)   --->   "%icmp_ln329 = icmp_ne  i16 %tmp, i16 0" [source/swiftkv_attention.cpp:329->source/swiftkv_attention.cpp:485]   --->   Operation 206 'icmp' 'icmp_ln329' <Predicate = true> <Delay = 0.78> <CoreInst = "Cmp">   --->   Core 9 'Cmp' <Latency = 0> <II = 1> <Delay = 0.78> <FuncUnit> <Opcode : 'icmp'> <InPorts = 2> <OutPorts = 1>
ST_7 : Operation 207 [1/1] (0.24ns)   --->   "%probe = select i1 %icmp_ln329, i16 %tmp, i16 %empty_737" [source/swiftkv_attention.cpp:329->source/swiftkv_attention.cpp:485]   --->   Operation 207 'select' 'probe' <Predicate = true> <Delay = 0.24> <CoreInst = "Sel">   --->   Core 73 'Sel' <Latency = 0> <II = 1> <Delay = 0.24> <FuncUnit> <Opcode : 'select'> <InPorts = 3> <OutPorts = 1>
ST_7 : Operation 208 [1/1] (0.00ns)   --->   "%trunc_ln327 = trunc i16 %probe" [source/swiftkv_attention.cpp:327->source/swiftkv_attention.cpp:485]   --->   Operation 208 'trunc' 'trunc_ln327' <Predicate = true> <Delay = 0.00>
ST_7 : Operation 209 [1/1] (0.00ns)   --->   "%tmp_150 = partselect i8 @_ssdm_op_PartSelect.i8.i16.i32.i32, i16 %probe, i32 8, i32 15" [source/swiftkv_attention.cpp:333->source/swiftkv_attention.cpp:485]   --->   Operation 209 'partselect' 'tmp_150' <Predicate = true> <Delay = 0.00>
ST_7 : Operation 210 [1/1] (0.70ns)   --->   "%icmp_ln333 = icmp_ne  i8 %tmp_150, i8 0" [source/swiftkv_attention.cpp:333->source/swiftkv_attention.cpp:485]   --->   Operation 210 'icmp' 'icmp_ln333' <Predicate = true> <Delay = 0.70> <CoreInst = "Cmp">   --->   Core 9 'Cmp' <Latency = 0> <II = 1> <Delay = 0.70> <FuncUnit> <Opcode : 'icmp'> <InPorts = 2> <OutPorts = 1>
ST_7 : Operation 211 [1/1] (0.30ns)   --->   "%probe_1 = select i1 %icmp_ln333, i8 %tmp_150, i8 %trunc_ln327" [source/swiftkv_attention.cpp:333->source/swiftkv_attention.cpp:485]   --->   Operation 211 'select' 'probe_1' <Predicate = true> <Delay = 0.30> <CoreInst = "Sel">   --->   Core 73 'Sel' <Latency = 0> <II = 1> <Delay = 0.30> <FuncUnit> <Opcode : 'select'> <InPorts = 3> <OutPorts = 1>
ST_7 : Operation 212 [1/1] (0.00ns)   --->   "%trunc_ln327_1 = trunc i8 %probe_1" [source/swiftkv_attention.cpp:327->source/swiftkv_attention.cpp:485]   --->   Operation 212 'trunc' 'trunc_ln327_1' <Predicate = true> <Delay = 0.00>
ST_7 : Operation 213 [1/1] (0.00ns)   --->   "%probe_2 = partselect i4 @_ssdm_op_PartSelect.i4.i8.i32.i32, i8 %probe_1, i32 4, i32 7" [source/swiftkv_attention.cpp:337->source/swiftkv_attention.cpp:485]   --->   Operation 213 'partselect' 'probe_2' <Predicate = true> <Delay = 0.00>
ST_7 : Operation 214 [1/1] (0.88ns)   --->   "%icmp_ln348 = icmp_ne  i32 %maximum_k_loc_load, i32 0" [source/swiftkv_attention.cpp:348->source/swiftkv_attention.cpp:485]   --->   Operation 214 'icmp' 'icmp_ln348' <Predicate = true> <Delay = 0.88> <CoreInst = "Cmp">   --->   Core 9 'Cmp' <Latency = 0> <II = 1> <Delay = 0.88> <FuncUnit> <Opcode : 'icmp'> <InPorts = 2> <OutPorts = 1>
ST_7 : Operation 215 [1/1] (0.00ns)   --->   "%probe_4 = partselect i16 @_ssdm_op_PartSelect.i16.i32.i32.i32, i32 %maximum_v_loc_load, i32 16, i32 31" [source/swiftkv_attention.cpp:329->source/swiftkv_attention.cpp:487]   --->   Operation 215 'partselect' 'probe_4' <Predicate = true> <Delay = 0.00>
ST_7 : Operation 216 [1/1] (0.78ns)   --->   "%icmp_ln329_1 = icmp_ne  i16 %probe_4, i16 0" [source/swiftkv_attention.cpp:329->source/swiftkv_attention.cpp:487]   --->   Operation 216 'icmp' 'icmp_ln329_1' <Predicate = true> <Delay = 0.78> <CoreInst = "Cmp">   --->   Core 9 'Cmp' <Latency = 0> <II = 1> <Delay = 0.78> <FuncUnit> <Opcode : 'icmp'> <InPorts = 2> <OutPorts = 1>
ST_7 : Operation 217 [1/1] (0.24ns)   --->   "%probe_5 = select i1 %icmp_ln329_1, i16 %probe_4, i16 %empty_736" [source/swiftkv_attention.cpp:329->source/swiftkv_attention.cpp:487]   --->   Operation 217 'select' 'probe_5' <Predicate = true> <Delay = 0.24> <CoreInst = "Sel">   --->   Core 73 'Sel' <Latency = 0> <II = 1> <Delay = 0.24> <FuncUnit> <Opcode : 'select'> <InPorts = 3> <OutPorts = 1>
ST_7 : Operation 218 [1/1] (0.00ns)   --->   "%trunc_ln329 = trunc i16 %probe_5" [source/swiftkv_attention.cpp:329->source/swiftkv_attention.cpp:487]   --->   Operation 218 'trunc' 'trunc_ln329' <Predicate = true> <Delay = 0.00>
ST_7 : Operation 219 [1/1] (0.00ns)   --->   "%tmp_156 = partselect i8 @_ssdm_op_PartSelect.i8.i16.i32.i32, i16 %probe_5, i32 8, i32 15" [source/swiftkv_attention.cpp:333->source/swiftkv_attention.cpp:487]   --->   Operation 219 'partselect' 'tmp_156' <Predicate = true> <Delay = 0.00>
ST_7 : Operation 220 [1/1] (0.70ns)   --->   "%icmp_ln333_1 = icmp_ne  i8 %tmp_156, i8 0" [source/swiftkv_attention.cpp:333->source/swiftkv_attention.cpp:487]   --->   Operation 220 'icmp' 'icmp_ln333_1' <Predicate = true> <Delay = 0.70> <CoreInst = "Cmp">   --->   Core 9 'Cmp' <Latency = 0> <II = 1> <Delay = 0.70> <FuncUnit> <Opcode : 'icmp'> <InPorts = 2> <OutPorts = 1>
ST_7 : Operation 221 [1/1] (0.30ns)   --->   "%probe_6 = select i1 %icmp_ln333_1, i8 %tmp_156, i8 %trunc_ln329" [source/swiftkv_attention.cpp:333->source/swiftkv_attention.cpp:487]   --->   Operation 221 'select' 'probe_6' <Predicate = true> <Delay = 0.30> <CoreInst = "Sel">   --->   Core 73 'Sel' <Latency = 0> <II = 1> <Delay = 0.30> <FuncUnit> <Opcode : 'select'> <InPorts = 3> <OutPorts = 1>
ST_7 : Operation 222 [1/1] (0.00ns)   --->   "%trunc_ln333 = trunc i8 %probe_6" [source/swiftkv_attention.cpp:333->source/swiftkv_attention.cpp:487]   --->   Operation 222 'trunc' 'trunc_ln333' <Predicate = true> <Delay = 0.00>
ST_7 : Operation 223 [1/1] (0.00ns)   --->   "%probe_7 = partselect i4 @_ssdm_op_PartSelect.i4.i8.i32.i32, i8 %probe_6, i32 4, i32 7" [source/swiftkv_attention.cpp:337->source/swiftkv_attention.cpp:487]   --->   Operation 223 'partselect' 'probe_7' <Predicate = true> <Delay = 0.00>
ST_7 : Operation 224 [1/1] (0.88ns)   --->   "%icmp_ln348_2 = icmp_ne  i32 %maximum_v_loc_load, i32 0" [source/swiftkv_attention.cpp:348->source/swiftkv_attention.cpp:487]   --->   Operation 224 'icmp' 'icmp_ln348_2' <Predicate = true> <Delay = 0.88> <CoreInst = "Cmp">   --->   Core 9 'Cmp' <Latency = 0> <II = 1> <Delay = 0.88> <FuncUnit> <Opcode : 'icmp'> <InPorts = 2> <OutPorts = 1>

State 8 <SV = 7> <Delay = 2.05>
ST_8 : Operation 225 [1/1] (0.00ns) (grouped into LUT with out node most_significant_bit_2)   --->   "%most_significant_bit = select i1 %icmp_ln329, i5 16, i5 0" [source/swiftkv_attention.cpp:329->source/swiftkv_attention.cpp:485]   --->   Operation 225 'select' 'most_significant_bit' <Predicate = (!icmp_ln333)> <Delay = 0.00> <CoreInst = "Sel">   --->   Core 73 'Sel' <Latency = 0> <II = 1> <Delay = 0.27> <FuncUnit> <Opcode : 'select'> <InPorts = 3> <OutPorts = 1>
ST_8 : Operation 226 [1/1] (0.00ns) (grouped into LUT with out node most_significant_bit_2)   --->   "%most_significant_bit_1 = select i1 %icmp_ln329, i5 24, i5 8" [source/swiftkv_attention.cpp:335->source/swiftkv_attention.cpp:485]   --->   Operation 226 'select' 'most_significant_bit_1' <Predicate = (icmp_ln333)> <Delay = 0.00> <CoreInst = "Sel">   --->   Core 73 'Sel' <Latency = 0> <II = 1> <Delay = 0.27> <FuncUnit> <Opcode : 'select'> <InPorts = 3> <OutPorts = 1>
ST_8 : Operation 227 [1/1] (0.27ns) (out node of the LUT)   --->   "%most_significant_bit_2 = select i1 %icmp_ln333, i5 %most_significant_bit_1, i5 %most_significant_bit" [source/swiftkv_attention.cpp:333->source/swiftkv_attention.cpp:485]   --->   Operation 227 'select' 'most_significant_bit_2' <Predicate = true> <Delay = 0.27> <CoreInst = "Sel">   --->   Core 73 'Sel' <Latency = 0> <II = 1> <Delay = 0.27> <FuncUnit> <Opcode : 'select'> <InPorts = 3> <OutPorts = 1>
ST_8 : Operation 228 [1/1] (0.70ns)   --->   "%icmp_ln337 = icmp_ne  i4 %probe_2, i4 0" [source/swiftkv_attention.cpp:337->source/swiftkv_attention.cpp:485]   --->   Operation 228 'icmp' 'icmp_ln337' <Predicate = true> <Delay = 0.70> <CoreInst = "Cmp">   --->   Core 9 'Cmp' <Latency = 0> <II = 1> <Delay = 0.70> <FuncUnit> <Opcode : 'icmp'> <InPorts = 2> <OutPorts = 1>
ST_8 : Operation 229 [1/1] (0.00ns) (grouped into LUT with out node most_significant_bit_4)   --->   "%most_significant_bit_3 = or i5 %most_significant_bit_2, i5 4" [source/swiftkv_attention.cpp:339->source/swiftkv_attention.cpp:485]   --->   Operation 229 'or' 'most_significant_bit_3' <Predicate = true> <Delay = 0.00>
ST_8 : Operation 230 [1/1] (0.27ns) (out node of the LUT)   --->   "%most_significant_bit_4 = select i1 %icmp_ln337, i5 %most_significant_bit_3, i5 %most_significant_bit_2" [source/swiftkv_attention.cpp:337->source/swiftkv_attention.cpp:485]   --->   Operation 230 'select' 'most_significant_bit_4' <Predicate = true> <Delay = 0.27> <CoreInst = "Sel">   --->   Core 73 'Sel' <Latency = 0> <II = 1> <Delay = 0.27> <FuncUnit> <Opcode : 'select'> <InPorts = 3> <OutPorts = 1>
ST_8 : Operation 231 [1/1] (0.35ns)   --->   "%probe_3 = select i1 %icmp_ln337, i4 %probe_2, i4 %trunc_ln327_1" [source/swiftkv_attention.cpp:337->source/swiftkv_attention.cpp:485]   --->   Operation 231 'select' 'probe_3' <Predicate = true> <Delay = 0.35> <CoreInst = "Sel">   --->   Core 73 'Sel' <Latency = 0> <II = 1> <Delay = 0.35> <FuncUnit> <Opcode : 'select'> <InPorts = 3> <OutPorts = 1>
ST_8 : Operation 232 [1/1] (0.00ns)   --->   "%tmp_152 = partselect i2 @_ssdm_op_PartSelect.i2.i4.i32.i32, i4 %probe_3, i32 2, i32 3" [source/swiftkv_attention.cpp:341->source/swiftkv_attention.cpp:485]   --->   Operation 232 'partselect' 'tmp_152' <Predicate = true> <Delay = 0.00>
ST_8 : Operation 233 [1/1] (0.43ns)   --->   "%icmp_ln341 = icmp_ne  i2 %tmp_152, i2 0" [source/swiftkv_attention.cpp:341->source/swiftkv_attention.cpp:485]   --->   Operation 233 'icmp' 'icmp_ln341' <Predicate = true> <Delay = 0.43> <CoreInst = "Cmp">   --->   Core 9 'Cmp' <Latency = 0> <II = 1> <Delay = 0.43> <FuncUnit> <Opcode : 'icmp'> <InPorts = 2> <OutPorts = 1>
ST_8 : Operation 234 [1/1] (0.00ns) (grouped into LUT with out node most_significant_bit_6)   --->   "%most_significant_bit_5 = or i5 %most_significant_bit_4, i5 2" [source/swiftkv_attention.cpp:343->source/swiftkv_attention.cpp:485]   --->   Operation 234 'or' 'most_significant_bit_5' <Predicate = true> <Delay = 0.00>
ST_8 : Operation 235 [1/1] (0.27ns) (out node of the LUT)   --->   "%most_significant_bit_6 = select i1 %icmp_ln341, i5 %most_significant_bit_5, i5 %most_significant_bit_4" [source/swiftkv_attention.cpp:341->source/swiftkv_attention.cpp:485]   --->   Operation 235 'select' 'most_significant_bit_6' <Predicate = true> <Delay = 0.27> <CoreInst = "Sel">   --->   Core 73 'Sel' <Latency = 0> <II = 1> <Delay = 0.27> <FuncUnit> <Opcode : 'select'> <InPorts = 3> <OutPorts = 1>
ST_8 : Operation 236 [1/1] (0.00ns) (grouped into LUT with out node most_significant_bit_8)   --->   "%tmp_153 = bitselect i1 @_ssdm_op_BitSelect.i1.i4.i32, i4 %probe_3, i32 3" [source/swiftkv_attention.cpp:345->source/swiftkv_attention.cpp:485]   --->   Operation 236 'bitselect' 'tmp_153' <Predicate = true> <Delay = 0.00>
ST_8 : Operation 237 [1/1] (0.00ns) (grouped into LUT with out node most_significant_bit_8)   --->   "%tmp_154 = bitselect i1 @_ssdm_op_BitSelect.i1.i4.i32, i4 %probe_3, i32 1" [source/swiftkv_attention.cpp:345->source/swiftkv_attention.cpp:485]   --->   Operation 237 'bitselect' 'tmp_154' <Predicate = true> <Delay = 0.00>
ST_8 : Operation 238 [1/1] (0.00ns) (grouped into LUT with out node most_significant_bit_8)   --->   "%select_ln341 = select i1 %icmp_ln341, i1 %tmp_153, i1 %tmp_154" [source/swiftkv_attention.cpp:341->source/swiftkv_attention.cpp:485]   --->   Operation 238 'select' 'select_ln341' <Predicate = true> <Delay = 0.00> <CoreInst = "Sel">   --->   Core 73 'Sel' <Latency = 0> <II = 1> <Delay = 0.27> <FuncUnit> <Opcode : 'select'> <InPorts = 3> <OutPorts = 1>
ST_8 : Operation 239 [1/1] (0.00ns) (grouped into LUT with out node most_significant_bit_8)   --->   "%most_significant_bit_7 = or i5 %most_significant_bit_6, i5 1" [source/swiftkv_attention.cpp:346->source/swiftkv_attention.cpp:485]   --->   Operation 239 'or' 'most_significant_bit_7' <Predicate = true> <Delay = 0.00>
ST_8 : Operation 240 [1/1] (0.27ns) (out node of the LUT)   --->   "%most_significant_bit_8 = select i1 %select_ln341, i5 %most_significant_bit_7, i5 %most_significant_bit_6" [source/swiftkv_attention.cpp:345->source/swiftkv_attention.cpp:485]   --->   Operation 240 'select' 'most_significant_bit_8' <Predicate = true> <Delay = 0.27> <CoreInst = "Sel">   --->   Core 73 'Sel' <Latency = 0> <II = 1> <Delay = 0.27> <FuncUnit> <Opcode : 'select'> <InPorts = 3> <OutPorts = 1>
ST_8 : Operation 241 [1/1] (0.00ns) (grouped into LUT with out node most_significant_bit_11)   --->   "%most_significant_bit_9 = select i1 %icmp_ln329_1, i5 16, i5 0" [source/swiftkv_attention.cpp:329->source/swiftkv_attention.cpp:487]   --->   Operation 241 'select' 'most_significant_bit_9' <Predicate = (!icmp_ln333_1)> <Delay = 0.00> <CoreInst = "Sel">   --->   Core 73 'Sel' <Latency = 0> <II = 1> <Delay = 0.27> <FuncUnit> <Opcode : 'select'> <InPorts = 3> <OutPorts = 1>
ST_8 : Operation 242 [1/1] (0.00ns) (grouped into LUT with out node most_significant_bit_11)   --->   "%most_significant_bit_10 = select i1 %icmp_ln329_1, i5 24, i5 8" [source/swiftkv_attention.cpp:335->source/swiftkv_attention.cpp:487]   --->   Operation 242 'select' 'most_significant_bit_10' <Predicate = (icmp_ln333_1)> <Delay = 0.00> <CoreInst = "Sel">   --->   Core 73 'Sel' <Latency = 0> <II = 1> <Delay = 0.27> <FuncUnit> <Opcode : 'select'> <InPorts = 3> <OutPorts = 1>
ST_8 : Operation 243 [1/1] (0.27ns) (out node of the LUT)   --->   "%most_significant_bit_11 = select i1 %icmp_ln333_1, i5 %most_significant_bit_10, i5 %most_significant_bit_9" [source/swiftkv_attention.cpp:333->source/swiftkv_attention.cpp:487]   --->   Operation 243 'select' 'most_significant_bit_11' <Predicate = true> <Delay = 0.27> <CoreInst = "Sel">   --->   Core 73 'Sel' <Latency = 0> <II = 1> <Delay = 0.27> <FuncUnit> <Opcode : 'select'> <InPorts = 3> <OutPorts = 1>
ST_8 : Operation 244 [1/1] (0.70ns)   --->   "%icmp_ln337_1 = icmp_ne  i4 %probe_7, i4 0" [source/swiftkv_attention.cpp:337->source/swiftkv_attention.cpp:487]   --->   Operation 244 'icmp' 'icmp_ln337_1' <Predicate = true> <Delay = 0.70> <CoreInst = "Cmp">   --->   Core 9 'Cmp' <Latency = 0> <II = 1> <Delay = 0.70> <FuncUnit> <Opcode : 'icmp'> <InPorts = 2> <OutPorts = 1>
ST_8 : Operation 245 [1/1] (0.00ns) (grouped into LUT with out node most_significant_bit_13)   --->   "%most_significant_bit_12 = or i5 %most_significant_bit_11, i5 4" [source/swiftkv_attention.cpp:339->source/swiftkv_attention.cpp:487]   --->   Operation 245 'or' 'most_significant_bit_12' <Predicate = true> <Delay = 0.00>
ST_8 : Operation 246 [1/1] (0.35ns)   --->   "%probe_8 = select i1 %icmp_ln337_1, i4 %probe_7, i4 %trunc_ln333" [source/swiftkv_attention.cpp:337->source/swiftkv_attention.cpp:487]   --->   Operation 246 'select' 'probe_8' <Predicate = true> <Delay = 0.35> <CoreInst = "Sel">   --->   Core 73 'Sel' <Latency = 0> <II = 1> <Delay = 0.35> <FuncUnit> <Opcode : 'select'> <InPorts = 3> <OutPorts = 1>
ST_8 : Operation 247 [1/1] (0.27ns) (out node of the LUT)   --->   "%most_significant_bit_13 = select i1 %icmp_ln337_1, i5 %most_significant_bit_12, i5 %most_significant_bit_11" [source/swiftkv_attention.cpp:337->source/swiftkv_attention.cpp:487]   --->   Operation 247 'select' 'most_significant_bit_13' <Predicate = true> <Delay = 0.27> <CoreInst = "Sel">   --->   Core 73 'Sel' <Latency = 0> <II = 1> <Delay = 0.27> <FuncUnit> <Opcode : 'select'> <InPorts = 3> <OutPorts = 1>
ST_8 : Operation 248 [1/1] (0.00ns)   --->   "%tmp_158 = partselect i2 @_ssdm_op_PartSelect.i2.i4.i32.i32, i4 %probe_8, i32 2, i32 3" [source/swiftkv_attention.cpp:341->source/swiftkv_attention.cpp:487]   --->   Operation 248 'partselect' 'tmp_158' <Predicate = true> <Delay = 0.00>
ST_8 : Operation 249 [1/1] (0.43ns)   --->   "%icmp_ln341_1 = icmp_ne  i2 %tmp_158, i2 0" [source/swiftkv_attention.cpp:341->source/swiftkv_attention.cpp:487]   --->   Operation 249 'icmp' 'icmp_ln341_1' <Predicate = true> <Delay = 0.43> <CoreInst = "Cmp">   --->   Core 9 'Cmp' <Latency = 0> <II = 1> <Delay = 0.43> <FuncUnit> <Opcode : 'icmp'> <InPorts = 2> <OutPorts = 1>
ST_8 : Operation 250 [1/1] (0.00ns) (grouped into LUT with out node most_significant_bit_15)   --->   "%most_significant_bit_14 = or i5 %most_significant_bit_13, i5 2" [source/swiftkv_attention.cpp:343->source/swiftkv_attention.cpp:487]   --->   Operation 250 'or' 'most_significant_bit_14' <Predicate = true> <Delay = 0.00>
ST_8 : Operation 251 [1/1] (0.27ns) (out node of the LUT)   --->   "%most_significant_bit_15 = select i1 %icmp_ln341_1, i5 %most_significant_bit_14, i5 %most_significant_bit_13" [source/swiftkv_attention.cpp:341->source/swiftkv_attention.cpp:487]   --->   Operation 251 'select' 'most_significant_bit_15' <Predicate = true> <Delay = 0.27> <CoreInst = "Sel">   --->   Core 73 'Sel' <Latency = 0> <II = 1> <Delay = 0.27> <FuncUnit> <Opcode : 'select'> <InPorts = 3> <OutPorts = 1>
ST_8 : Operation 252 [1/1] (0.00ns) (grouped into LUT with out node most_significant_bit_17)   --->   "%tmp_159 = bitselect i1 @_ssdm_op_BitSelect.i1.i4.i32, i4 %probe_8, i32 3" [source/swiftkv_attention.cpp:345->source/swiftkv_attention.cpp:487]   --->   Operation 252 'bitselect' 'tmp_159' <Predicate = true> <Delay = 0.00>
ST_8 : Operation 253 [1/1] (0.00ns) (grouped into LUT with out node most_significant_bit_17)   --->   "%tmp_160 = bitselect i1 @_ssdm_op_BitSelect.i1.i4.i32, i4 %probe_8, i32 1" [source/swiftkv_attention.cpp:345->source/swiftkv_attention.cpp:487]   --->   Operation 253 'bitselect' 'tmp_160' <Predicate = true> <Delay = 0.00>
ST_8 : Operation 254 [1/1] (0.00ns) (grouped into LUT with out node most_significant_bit_17)   --->   "%select_ln341_2 = select i1 %icmp_ln341_1, i1 %tmp_159, i1 %tmp_160" [source/swiftkv_attention.cpp:341->source/swiftkv_attention.cpp:487]   --->   Operation 254 'select' 'select_ln341_2' <Predicate = true> <Delay = 0.00> <CoreInst = "Sel">   --->   Core 73 'Sel' <Latency = 0> <II = 1> <Delay = 0.27> <FuncUnit> <Opcode : 'select'> <InPorts = 3> <OutPorts = 1>
ST_8 : Operation 255 [1/1] (0.00ns) (grouped into LUT with out node most_significant_bit_17)   --->   "%most_significant_bit_16 = or i5 %most_significant_bit_15, i5 1" [source/swiftkv_attention.cpp:346->source/swiftkv_attention.cpp:487]   --->   Operation 255 'or' 'most_significant_bit_16' <Predicate = true> <Delay = 0.00>
ST_8 : Operation 256 [1/1] (0.27ns) (out node of the LUT)   --->   "%most_significant_bit_17 = select i1 %select_ln341_2, i5 %most_significant_bit_16, i5 %most_significant_bit_15" [source/swiftkv_attention.cpp:345->source/swiftkv_attention.cpp:487]   --->   Operation 256 'select' 'most_significant_bit_17' <Predicate = true> <Delay = 0.27> <CoreInst = "Sel">   --->   Core 73 'Sel' <Latency = 0> <II = 1> <Delay = 0.27> <FuncUnit> <Opcode : 'select'> <InPorts = 3> <OutPorts = 1>

State 9 <SV = 8> <Delay = 0.98>
ST_9 : Operation 257 [1/1] (0.70ns)   --->   "%icmp_ln348_1 = icmp_ugt  i5 %most_significant_bit_8, i5 6" [source/swiftkv_attention.cpp:348->source/swiftkv_attention.cpp:485]   --->   Operation 257 'icmp' 'icmp_ln348_1' <Predicate = true> <Delay = 0.70> <CoreInst = "Cmp">   --->   Core 9 'Cmp' <Latency = 0> <II = 1> <Delay = 0.70> <FuncUnit> <Opcode : 'icmp'> <InPorts = 2> <OutPorts = 1>
ST_9 : Operation 258 [1/1] (0.00ns) (grouped into LUT with out node shift_k_1)   --->   "%and_ln348 = and i1 %icmp_ln348_1, i1 %icmp_ln348" [source/swiftkv_attention.cpp:348->source/swiftkv_attention.cpp:485]   --->   Operation 258 'and' 'and_ln348' <Predicate = true> <Delay = 0.00> <CoreInst = "LogicGate">   --->   Core 74 'LogicGate' <Latency = 0> <II = 1> <Delay = 0.12> <FuncUnit> <Opcode : 'and' 'or' 'xor'> <InPorts = 2> <OutPorts = 1>
ST_9 : Operation 259 [1/1] (0.70ns)   --->   "%shift_k = add i5 %most_significant_bit_8, i5 26" [source/swiftkv_attention.cpp:349->source/swiftkv_attention.cpp:485]   --->   Operation 259 'add' 'shift_k' <Predicate = true> <Delay = 0.70> <CoreInst = "Adder">   --->   Core 1 'Adder' <Latency = 0> <II = 1> <Delay = 0.70> <FuncUnit> <Opcode : 'add' 'sub'> <InPorts = 2> <OutPorts = 1>
ST_9 : Operation 260 [1/1] (0.27ns) (out node of the LUT)   --->   "%shift_k_1 = select i1 %and_ln348, i5 %shift_k, i5 0" [source/swiftkv_attention.cpp:348->source/swiftkv_attention.cpp:485]   --->   Operation 260 'select' 'shift_k_1' <Predicate = true> <Delay = 0.27> <CoreInst = "Sel">   --->   Core 73 'Sel' <Latency = 0> <II = 1> <Delay = 0.27> <FuncUnit> <Opcode : 'select'> <InPorts = 3> <OutPorts = 1>
ST_9 : Operation 261 [1/1] (0.70ns)   --->   "%icmp_ln348_3 = icmp_ugt  i5 %most_significant_bit_17, i5 6" [source/swiftkv_attention.cpp:348->source/swiftkv_attention.cpp:487]   --->   Operation 261 'icmp' 'icmp_ln348_3' <Predicate = true> <Delay = 0.70> <CoreInst = "Cmp">   --->   Core 9 'Cmp' <Latency = 0> <II = 1> <Delay = 0.70> <FuncUnit> <Opcode : 'icmp'> <InPorts = 2> <OutPorts = 1>
ST_9 : Operation 262 [1/1] (0.00ns) (grouped into LUT with out node shift_v_1)   --->   "%and_ln348_1 = and i1 %icmp_ln348_3, i1 %icmp_ln348_2" [source/swiftkv_attention.cpp:348->source/swiftkv_attention.cpp:487]   --->   Operation 262 'and' 'and_ln348_1' <Predicate = true> <Delay = 0.00> <CoreInst = "LogicGate">   --->   Core 74 'LogicGate' <Latency = 0> <II = 1> <Delay = 0.12> <FuncUnit> <Opcode : 'and' 'or' 'xor'> <InPorts = 2> <OutPorts = 1>
ST_9 : Operation 263 [1/1] (0.70ns)   --->   "%shift_v = add i5 %most_significant_bit_17, i5 26" [source/swiftkv_attention.cpp:349->source/swiftkv_attention.cpp:487]   --->   Operation 263 'add' 'shift_v' <Predicate = true> <Delay = 0.70> <CoreInst = "Adder">   --->   Core 1 'Adder' <Latency = 0> <II = 1> <Delay = 0.70> <FuncUnit> <Opcode : 'add' 'sub'> <InPorts = 2> <OutPorts = 1>
ST_9 : Operation 264 [1/1] (0.27ns) (out node of the LUT)   --->   "%shift_v_1 = select i1 %and_ln348_1, i5 %shift_v, i5 0" [source/swiftkv_attention.cpp:348->source/swiftkv_attention.cpp:487]   --->   Operation 264 'select' 'shift_v_1' <Predicate = true> <Delay = 0.27> <CoreInst = "Sel">   --->   Core 73 'Sel' <Latency = 0> <II = 1> <Delay = 0.27> <FuncUnit> <Opcode : 'select'> <InPorts = 3> <OutPorts = 1>

State 10 <SV = 9> <Delay = 1.56>
ST_10 : Operation 265 [1/1] (0.70ns)   --->   "%cmp_i_i96_i275 = icmp_eq  i5 %shift_k_1, i5 0" [source/swiftkv_attention.cpp:348->source/swiftkv_attention.cpp:485]   --->   Operation 265 'icmp' 'cmp_i_i96_i275' <Predicate = true> <Delay = 0.70> <CoreInst = "Cmp">   --->   Core 9 'Cmp' <Latency = 0> <II = 1> <Delay = 0.70> <FuncUnit> <Opcode : 'icmp'> <InPorts = 2> <OutPorts = 1>
ST_10 : Operation 266 [1/1] (0.00ns)   --->   "%shift_k_2_cast = zext i5 %shift_k_1" [source/swiftkv_attention.cpp:348->source/swiftkv_attention.cpp:485]   --->   Operation 266 'zext' 'shift_k_2_cast' <Predicate = true> <Delay = 0.00>
ST_10 : Operation 267 [1/1] (0.70ns)   --->   "%sub_i285 = add i6 %shift_k_2_cast, i6 63" [source/swiftkv_attention.cpp:348->source/swiftkv_attention.cpp:485]   --->   Operation 267 'add' 'sub_i285' <Predicate = true> <Delay = 0.70> <CoreInst = "Adder">   --->   Core 1 'Adder' <Latency = 0> <II = 1> <Delay = 0.70> <FuncUnit> <Opcode : 'add' 'sub'> <InPorts = 2> <OutPorts = 1>
ST_10 : Operation 268 [1/1] (0.00ns)   --->   "%sub_i285_cast = sext i6 %sub_i285" [source/swiftkv_attention.cpp:348->source/swiftkv_attention.cpp:485]   --->   Operation 268 'sext' 'sub_i285_cast' <Predicate = true> <Delay = 0.00>
ST_10 : Operation 269 [1/1] (0.70ns)   --->   "%cmp_i73_i288 = icmp_ne  i5 %shift_k_1, i5 0" [source/swiftkv_attention.cpp:348->source/swiftkv_attention.cpp:485]   --->   Operation 269 'icmp' 'cmp_i73_i288' <Predicate = true> <Delay = 0.70> <CoreInst = "Cmp">   --->   Core 9 'Cmp' <Latency = 0> <II = 1> <Delay = 0.70> <FuncUnit> <Opcode : 'icmp'> <InPorts = 2> <OutPorts = 1>
ST_10 : Operation 270 [1/1] (0.62ns)   --->   "%shl_i75_i291 = shl i32 1, i32 %sub_i285_cast" [source/swiftkv_attention.cpp:348->source/swiftkv_attention.cpp:485]   --->   Operation 270 'shl' 'shl_i75_i291' <Predicate = true> <Delay = 0.62> <CoreInst = "Shifter">   --->   Core 75 'Shifter' <Latency = 0> <II = 1> <Delay = 0.62> <FuncUnit> <Opcode : 'shl' 'lshr' 'ashr'> <InPorts = 2> <OutPorts = 1>
ST_10 : Operation 271 [1/1] (0.70ns)   --->   "%sub_i78_i294 = sub i6 1, i6 %shift_k_2_cast" [source/swiftkv_attention.cpp:348->source/swiftkv_attention.cpp:485]   --->   Operation 271 'sub' 'sub_i78_i294' <Predicate = true> <Delay = 0.70> <CoreInst = "Adder">   --->   Core 1 'Adder' <Latency = 0> <II = 1> <Delay = 0.70> <FuncUnit> <Opcode : 'add' 'sub'> <InPorts = 2> <OutPorts = 1>
ST_10 : Operation 272 [1/1] (0.00ns)   --->   "%sub_i78_i294_cast = sext i6 %sub_i78_i294" [source/swiftkv_attention.cpp:348->source/swiftkv_attention.cpp:485]   --->   Operation 272 'sext' 'sub_i78_i294_cast' <Predicate = true> <Delay = 0.00>
ST_10 : Operation 273 [1/1] (0.62ns)   --->   "%shr_i79_i295 = lshr i32 1, i32 %sub_i78_i294_cast" [source/swiftkv_attention.cpp:348->source/swiftkv_attention.cpp:485]   --->   Operation 273 'lshr' 'shr_i79_i295' <Predicate = true> <Delay = 0.62> <CoreInst = "Shifter">   --->   Core 75 'Shifter' <Latency = 0> <II = 1> <Delay = 0.62> <FuncUnit> <Opcode : 'shl' 'lshr' 'ashr'> <InPorts = 2> <OutPorts = 1>
ST_10 : Operation 274 [1/1] (0.70ns)   --->   "%cmp_i_i96_i = icmp_eq  i5 %shift_v_1, i5 0" [source/swiftkv_attention.cpp:348->source/swiftkv_attention.cpp:487]   --->   Operation 274 'icmp' 'cmp_i_i96_i' <Predicate = true> <Delay = 0.70> <CoreInst = "Cmp">   --->   Core 9 'Cmp' <Latency = 0> <II = 1> <Delay = 0.70> <FuncUnit> <Opcode : 'icmp'> <InPorts = 2> <OutPorts = 1>
ST_10 : Operation 275 [1/1] (0.00ns)   --->   "%shift_v_2_cast = zext i5 %shift_v_1" [source/swiftkv_attention.cpp:348->source/swiftkv_attention.cpp:487]   --->   Operation 275 'zext' 'shift_v_2_cast' <Predicate = true> <Delay = 0.00>
ST_10 : Operation 276 [1/1] (0.70ns)   --->   "%sub_i = add i6 %shift_v_2_cast, i6 63" [source/swiftkv_attention.cpp:348->source/swiftkv_attention.cpp:487]   --->   Operation 276 'add' 'sub_i' <Predicate = true> <Delay = 0.70> <CoreInst = "Adder">   --->   Core 1 'Adder' <Latency = 0> <II = 1> <Delay = 0.70> <FuncUnit> <Opcode : 'add' 'sub'> <InPorts = 2> <OutPorts = 1>
ST_10 : Operation 277 [1/1] (0.00ns)   --->   "%sub_i_cast = sext i6 %sub_i" [source/swiftkv_attention.cpp:348->source/swiftkv_attention.cpp:487]   --->   Operation 277 'sext' 'sub_i_cast' <Predicate = true> <Delay = 0.00>
ST_10 : Operation 278 [1/1] (0.70ns)   --->   "%cmp_i73_i = icmp_ne  i5 %shift_v_1, i5 0" [source/swiftkv_attention.cpp:348->source/swiftkv_attention.cpp:487]   --->   Operation 278 'icmp' 'cmp_i73_i' <Predicate = true> <Delay = 0.70> <CoreInst = "Cmp">   --->   Core 9 'Cmp' <Latency = 0> <II = 1> <Delay = 0.70> <FuncUnit> <Opcode : 'icmp'> <InPorts = 2> <OutPorts = 1>
ST_10 : Operation 279 [1/1] (0.62ns)   --->   "%shl_i75_i = shl i32 1, i32 %sub_i_cast" [source/swiftkv_attention.cpp:348->source/swiftkv_attention.cpp:487]   --->   Operation 279 'shl' 'shl_i75_i' <Predicate = true> <Delay = 0.62> <CoreInst = "Shifter">   --->   Core 75 'Shifter' <Latency = 0> <II = 1> <Delay = 0.62> <FuncUnit> <Opcode : 'shl' 'lshr' 'ashr'> <InPorts = 2> <OutPorts = 1>
ST_10 : Operation 280 [1/1] (0.70ns)   --->   "%sub_i78_i = sub i6 1, i6 %shift_v_2_cast" [source/swiftkv_attention.cpp:348->source/swiftkv_attention.cpp:487]   --->   Operation 280 'sub' 'sub_i78_i' <Predicate = true> <Delay = 0.70> <CoreInst = "Adder">   --->   Core 1 'Adder' <Latency = 0> <II = 1> <Delay = 0.70> <FuncUnit> <Opcode : 'add' 'sub'> <InPorts = 2> <OutPorts = 1>
ST_10 : Operation 281 [1/1] (0.00ns)   --->   "%sub_i78_i_cast = sext i6 %sub_i78_i" [source/swiftkv_attention.cpp:348->source/swiftkv_attention.cpp:487]   --->   Operation 281 'sext' 'sub_i78_i_cast' <Predicate = true> <Delay = 0.00>
ST_10 : Operation 282 [1/1] (0.62ns)   --->   "%shr_i79_i = lshr i32 1, i32 %sub_i78_i_cast" [source/swiftkv_attention.cpp:348->source/swiftkv_attention.cpp:487]   --->   Operation 282 'lshr' 'shr_i79_i' <Predicate = true> <Delay = 0.62> <CoreInst = "Shifter">   --->   Core 75 'Shifter' <Latency = 0> <II = 1> <Delay = 0.62> <FuncUnit> <Opcode : 'shl' 'lshr' 'ashr'> <InPorts = 2> <OutPorts = 1>
ST_10 : Operation 283 [1/1] (0.00ns) (grouped into LUT with out node rounding_1)   --->   "%rounding = select i1 %cmp_i73_i288, i32 %shl_i75_i291, i32 %shr_i79_i295" [source/swiftkv_attention.cpp:348->source/swiftkv_attention.cpp:485]   --->   Operation 283 'select' 'rounding' <Predicate = true> <Delay = 0.00> <CoreInst = "Sel">   --->   Core 73 'Sel' <Latency = 0> <II = 1> <Delay = 0.22> <FuncUnit> <Opcode : 'select'> <InPorts = 3> <OutPorts = 1>
ST_10 : Operation 284 [1/1] (0.22ns) (out node of the LUT)   --->   "%rounding_1 = select i1 %cmp_i_i96_i275, i32 0, i32 %rounding" [source/swiftkv_attention.cpp:348->source/swiftkv_attention.cpp:485]   --->   Operation 284 'select' 'rounding_1' <Predicate = true> <Delay = 0.22> <CoreInst = "Sel">   --->   Core 73 'Sel' <Latency = 0> <II = 1> <Delay = 0.22> <FuncUnit> <Opcode : 'select'> <InPorts = 3> <OutPorts = 1>
ST_10 : Operation 285 [1/1] (0.00ns) (grouped into LUT with out node rounding_3)   --->   "%rounding_2 = select i1 %cmp_i73_i, i32 %shl_i75_i, i32 %shr_i79_i" [source/swiftkv_attention.cpp:348->source/swiftkv_attention.cpp:487]   --->   Operation 285 'select' 'rounding_2' <Predicate = true> <Delay = 0.00> <CoreInst = "Sel">   --->   Core 73 'Sel' <Latency = 0> <II = 1> <Delay = 0.22> <FuncUnit> <Opcode : 'select'> <InPorts = 3> <OutPorts = 1>
ST_10 : Operation 286 [1/1] (0.22ns) (out node of the LUT)   --->   "%rounding_3 = select i1 %cmp_i_i96_i, i32 0, i32 %rounding_2" [source/swiftkv_attention.cpp:348->source/swiftkv_attention.cpp:487]   --->   Operation 286 'select' 'rounding_3' <Predicate = true> <Delay = 0.22> <CoreInst = "Sel">   --->   Core 73 'Sel' <Latency = 0> <II = 1> <Delay = 0.22> <FuncUnit> <Opcode : 'select'> <InPorts = 3> <OutPorts = 1>

State 11 <SV = 10> <Delay = 2.34>
ST_11 : Operation 287 [2/2] (2.34ns)   --->   "%call_ln436 = call void @swiftkv_quantize_kv_record_Pipeline_quantize_kv_group_block_loop, i32 %v_raw_34, i32 %v_raw_38, i32 %v_raw_42, i32 %v_raw_46, i32 %v_raw_50, i32 %v_raw_54, i32 %v_raw_58, i32 %v_raw_62, i32 %rounding_3, i5 %shift_v_1, i32 %k_raw_34, i32 %k_raw_38, i32 %k_raw_42, i32 %k_raw_46, i32 %k_raw_50, i32 %k_raw_54, i32 %k_raw_58, i32 %k_raw_62, i32 %rounding_1, i5 %shift_k_1, i32 %v_raw_33, i32 %v_raw_37, i32 %v_raw_41, i32 %v_raw_45, i32 %v_raw_49, i32 %v_raw_53, i32 %v_raw_57, i32 %v_raw_61, i32 %k_raw_33, i32 %k_raw_37, i32 %k_raw_41, i32 %k_raw_45, i32 %k_raw_49, i32 %k_raw_53, i32 %k_raw_57, i32 %k_raw_61, i32 %v_raw_32, i32 %v_raw_36, i32 %v_raw_40, i32 %v_raw_44, i32 %v_raw_48, i32 %v_raw_52, i32 %v_raw_56, i32 %v_raw_60, i32 %k_raw_32, i32 %k_raw_36, i32 %k_raw_40, i32 %k_raw_44, i32 %k_raw_48, i32 %k_raw_52, i32 %k_raw_56, i32 %k_raw_60, i32 %v_raw, i32 %v_raw_35, i32 %v_raw_39, i32 %v_raw_43, i32 %v_raw_47, i32 %v_raw_51, i32 %v_raw_55, i32 %v_raw_59, i32 %k_raw, i32 %k_raw_35, i32 %k_raw_39, i32 %k_raw_43, i32 %k_raw_47, i32 %k_raw_51, i32 %k_raw_55, i32 %k_raw_59, i8 %quantized_k_group_31_loc, i8 %quantized_k_group_30_loc, i8 %quantized_k_group_29_loc, i8 %quantized_k_group_28_loc, i8 %quantized_k_group_27_loc, i8 %quantized_k_group_26_loc, i8 %quantized_k_group_25_loc, i8 %quantized_k_group_24_loc, i8 %quantized_k_group_23_loc, i8 %quantized_k_group_22_loc, i8 %quantized_k_group_21_loc, i8 %quantized_k_group_20_loc, i8 %quantized_k_group_19_loc, i8 %quantized_k_group_18_loc, i8 %quantized_k_group_17_loc, i8 %quantized_k_group_16_loc, i8 %quantized_k_group_15_loc, i8 %quantized_k_group_14_loc, i8 %quantized_k_group_13_loc, i8 %quantized_k_group_12_loc, i8 %quantized_k_group_11_loc, i8 %quantized_k_group_10_loc, i8 %quantized_k_group_9_loc, i8 %quantized_k_group_8_loc, i8 %quantized_k_group_7_loc, i8 %quantized_k_group_6_loc, i8 %quantized_k_group_5_loc, i8 %quantized_k_group_4_loc, i8 %quantized_k_group_3_loc, i8 %quantized_k_group_2_loc, i8 %quantized_k_group_1_loc, i8 %quantized_k_group_loc, i8 %quantized_v_group_31_loc, i8 %quantized_v_group_30_loc, i8 %quantized_v_group_29_loc, i8 %quantized_v_group_28_loc, i8 %quantized_v_group_27_loc, i8 %quantized_v_group_26_loc, i8 %quantized_v_group_25_loc, i8 %quantized_v_group_24_loc, i8 %quantized_v_group_23_loc, i8 %quantized_v_group_22_loc, i8 %quantized_v_group_21_loc, i8 %quantized_v_group_20_loc, i8 %quantized_v_group_19_loc, i8 %quantized_v_group_18_loc, i8 %quantized_v_group_17_loc, i8 %quantized_v_group_16_loc, i8 %quantized_v_group_15_loc, i8 %quantized_v_group_14_loc, i8 %quantized_v_group_13_loc, i8 %quantized_v_group_12_loc, i8 %quantized_v_group_11_loc, i8 %quantized_v_group_10_loc, i8 %quantized_v_group_9_loc, i8 %quantized_v_group_8_loc, i8 %quantized_v_group_7_loc, i8 %quantized_v_group_6_loc, i8 %quantized_v_group_5_loc, i8 %quantized_v_group_4_loc, i8 %quantized_v_group_3_loc, i8 %quantized_v_group_2_loc, i8 %quantized_v_group_1_loc, i8 %quantized_v_group_loc" [source/swiftkv_attention.cpp:436]   --->   Operation 287 'call' 'call_ln436' <Predicate = true> <Delay = 2.34> <CoreType = "Generic">   --->   Core 0 '' <Latency = 0> <II = 1> <Delay = 1.00> <Generic> <Opcode : >

State 12 <SV = 11> <Delay = 0.00>
ST_12 : Operation 288 [1/2] (0.00ns)   --->   "%call_ln436 = call void @swiftkv_quantize_kv_record_Pipeline_quantize_kv_group_block_loop, i32 %v_raw_34, i32 %v_raw_38, i32 %v_raw_42, i32 %v_raw_46, i32 %v_raw_50, i32 %v_raw_54, i32 %v_raw_58, i32 %v_raw_62, i32 %rounding_3, i5 %shift_v_1, i32 %k_raw_34, i32 %k_raw_38, i32 %k_raw_42, i32 %k_raw_46, i32 %k_raw_50, i32 %k_raw_54, i32 %k_raw_58, i32 %k_raw_62, i32 %rounding_1, i5 %shift_k_1, i32 %v_raw_33, i32 %v_raw_37, i32 %v_raw_41, i32 %v_raw_45, i32 %v_raw_49, i32 %v_raw_53, i32 %v_raw_57, i32 %v_raw_61, i32 %k_raw_33, i32 %k_raw_37, i32 %k_raw_41, i32 %k_raw_45, i32 %k_raw_49, i32 %k_raw_53, i32 %k_raw_57, i32 %k_raw_61, i32 %v_raw_32, i32 %v_raw_36, i32 %v_raw_40, i32 %v_raw_44, i32 %v_raw_48, i32 %v_raw_52, i32 %v_raw_56, i32 %v_raw_60, i32 %k_raw_32, i32 %k_raw_36, i32 %k_raw_40, i32 %k_raw_44, i32 %k_raw_48, i32 %k_raw_52, i32 %k_raw_56, i32 %k_raw_60, i32 %v_raw, i32 %v_raw_35, i32 %v_raw_39, i32 %v_raw_43, i32 %v_raw_47, i32 %v_raw_51, i32 %v_raw_55, i32 %v_raw_59, i32 %k_raw, i32 %k_raw_35, i32 %k_raw_39, i32 %k_raw_43, i32 %k_raw_47, i32 %k_raw_51, i32 %k_raw_55, i32 %k_raw_59, i8 %quantized_k_group_31_loc, i8 %quantized_k_group_30_loc, i8 %quantized_k_group_29_loc, i8 %quantized_k_group_28_loc, i8 %quantized_k_group_27_loc, i8 %quantized_k_group_26_loc, i8 %quantized_k_group_25_loc, i8 %quantized_k_group_24_loc, i8 %quantized_k_group_23_loc, i8 %quantized_k_group_22_loc, i8 %quantized_k_group_21_loc, i8 %quantized_k_group_20_loc, i8 %quantized_k_group_19_loc, i8 %quantized_k_group_18_loc, i8 %quantized_k_group_17_loc, i8 %quantized_k_group_16_loc, i8 %quantized_k_group_15_loc, i8 %quantized_k_group_14_loc, i8 %quantized_k_group_13_loc, i8 %quantized_k_group_12_loc, i8 %quantized_k_group_11_loc, i8 %quantized_k_group_10_loc, i8 %quantized_k_group_9_loc, i8 %quantized_k_group_8_loc, i8 %quantized_k_group_7_loc, i8 %quantized_k_group_6_loc, i8 %quantized_k_group_5_loc, i8 %quantized_k_group_4_loc, i8 %quantized_k_group_3_loc, i8 %quantized_k_group_2_loc, i8 %quantized_k_group_1_loc, i8 %quantized_k_group_loc, i8 %quantized_v_group_31_loc, i8 %quantized_v_group_30_loc, i8 %quantized_v_group_29_loc, i8 %quantized_v_group_28_loc, i8 %quantized_v_group_27_loc, i8 %quantized_v_group_26_loc, i8 %quantized_v_group_25_loc, i8 %quantized_v_group_24_loc, i8 %quantized_v_group_23_loc, i8 %quantized_v_group_22_loc, i8 %quantized_v_group_21_loc, i8 %quantized_v_group_20_loc, i8 %quantized_v_group_19_loc, i8 %quantized_v_group_18_loc, i8 %quantized_v_group_17_loc, i8 %quantized_v_group_16_loc, i8 %quantized_v_group_15_loc, i8 %quantized_v_group_14_loc, i8 %quantized_v_group_13_loc, i8 %quantized_v_group_12_loc, i8 %quantized_v_group_11_loc, i8 %quantized_v_group_10_loc, i8 %quantized_v_group_9_loc, i8 %quantized_v_group_8_loc, i8 %quantized_v_group_7_loc, i8 %quantized_v_group_6_loc, i8 %quantized_v_group_5_loc, i8 %quantized_v_group_4_loc, i8 %quantized_v_group_3_loc, i8 %quantized_v_group_2_loc, i8 %quantized_v_group_1_loc, i8 %quantized_v_group_loc" [source/swiftkv_attention.cpp:436]   --->   Operation 288 'call' 'call_ln436' <Predicate = true> <Delay = 0.00> <CoreType = "Generic">   --->   Core 0 '' <Latency = 0> <II = 1> <Delay = 1.00> <Generic> <Opcode : >

State 13 <SV = 12> <Delay = 2.32>
ST_13 : Operation 289 [1/1] (0.00ns)   --->   "%metadata_load = load i512 %metadata" [source/swiftkv_attention.cpp:491]   --->   Operation 289 'load' 'metadata_load' <Predicate = true> <Delay = 0.00>
ST_13 : Operation 290 [1/1] (0.00ns)   --->   "%speclooptripcount_ln393 = speclooptripcount void @_ssdm_op_SpecLoopTripCount, i64 4, i64 4, i64 4" [source/swiftkv_attention.cpp:393]   --->   Operation 290 'speclooptripcount' 'speclooptripcount_ln393' <Predicate = true> <Delay = 0.00>
ST_13 : Operation 291 [1/1] (0.00ns)   --->   "%specloopname_ln400 = specloopname void @_ssdm_op_SpecLoopName, void @empty_464" [source/swiftkv_attention.cpp:400]   --->   Operation 291 'specloopname' 'specloopname_ln400' <Predicate = true> <Delay = 0.00>
ST_13 : Operation 292 [1/1] (0.00ns)   --->   "%quantized_k_group_31_loc_load = load i8 %quantized_k_group_31_loc"   --->   Operation 292 'load' 'quantized_k_group_31_loc_load' <Predicate = true> <Delay = 0.00>
ST_13 : Operation 293 [1/1] (0.00ns)   --->   "%quantized_k_group_30_loc_load = load i8 %quantized_k_group_30_loc"   --->   Operation 293 'load' 'quantized_k_group_30_loc_load' <Predicate = true> <Delay = 0.00>
ST_13 : Operation 294 [1/1] (0.00ns)   --->   "%quantized_k_group_29_loc_load = load i8 %quantized_k_group_29_loc"   --->   Operation 294 'load' 'quantized_k_group_29_loc_load' <Predicate = true> <Delay = 0.00>
ST_13 : Operation 295 [1/1] (0.00ns)   --->   "%quantized_k_group_28_loc_load = load i8 %quantized_k_group_28_loc"   --->   Operation 295 'load' 'quantized_k_group_28_loc_load' <Predicate = true> <Delay = 0.00>
ST_13 : Operation 296 [1/1] (0.00ns)   --->   "%quantized_k_group_27_loc_load = load i8 %quantized_k_group_27_loc"   --->   Operation 296 'load' 'quantized_k_group_27_loc_load' <Predicate = true> <Delay = 0.00>
ST_13 : Operation 297 [1/1] (0.00ns)   --->   "%quantized_k_group_26_loc_load = load i8 %quantized_k_group_26_loc"   --->   Operation 297 'load' 'quantized_k_group_26_loc_load' <Predicate = true> <Delay = 0.00>
ST_13 : Operation 298 [1/1] (0.00ns)   --->   "%quantized_k_group_25_loc_load = load i8 %quantized_k_group_25_loc"   --->   Operation 298 'load' 'quantized_k_group_25_loc_load' <Predicate = true> <Delay = 0.00>
ST_13 : Operation 299 [1/1] (0.00ns)   --->   "%quantized_k_group_24_loc_load = load i8 %quantized_k_group_24_loc"   --->   Operation 299 'load' 'quantized_k_group_24_loc_load' <Predicate = true> <Delay = 0.00>
ST_13 : Operation 300 [1/1] (0.00ns)   --->   "%quantized_k_group_23_loc_load = load i8 %quantized_k_group_23_loc"   --->   Operation 300 'load' 'quantized_k_group_23_loc_load' <Predicate = true> <Delay = 0.00>
ST_13 : Operation 301 [1/1] (0.00ns)   --->   "%quantized_k_group_22_loc_load = load i8 %quantized_k_group_22_loc"   --->   Operation 301 'load' 'quantized_k_group_22_loc_load' <Predicate = true> <Delay = 0.00>
ST_13 : Operation 302 [1/1] (0.00ns)   --->   "%quantized_k_group_21_loc_load = load i8 %quantized_k_group_21_loc"   --->   Operation 302 'load' 'quantized_k_group_21_loc_load' <Predicate = true> <Delay = 0.00>
ST_13 : Operation 303 [1/1] (0.00ns)   --->   "%quantized_k_group_20_loc_load = load i8 %quantized_k_group_20_loc"   --->   Operation 303 'load' 'quantized_k_group_20_loc_load' <Predicate = true> <Delay = 0.00>
ST_13 : Operation 304 [1/1] (0.00ns)   --->   "%quantized_k_group_19_loc_load = load i8 %quantized_k_group_19_loc"   --->   Operation 304 'load' 'quantized_k_group_19_loc_load' <Predicate = true> <Delay = 0.00>
ST_13 : Operation 305 [1/1] (0.00ns)   --->   "%quantized_k_group_18_loc_load = load i8 %quantized_k_group_18_loc"   --->   Operation 305 'load' 'quantized_k_group_18_loc_load' <Predicate = true> <Delay = 0.00>
ST_13 : Operation 306 [1/1] (0.00ns)   --->   "%quantized_k_group_17_loc_load = load i8 %quantized_k_group_17_loc"   --->   Operation 306 'load' 'quantized_k_group_17_loc_load' <Predicate = true> <Delay = 0.00>
ST_13 : Operation 307 [1/1] (0.00ns)   --->   "%quantized_k_group_16_loc_load = load i8 %quantized_k_group_16_loc"   --->   Operation 307 'load' 'quantized_k_group_16_loc_load' <Predicate = true> <Delay = 0.00>
ST_13 : Operation 308 [1/1] (0.00ns)   --->   "%quantized_k_group_15_loc_load = load i8 %quantized_k_group_15_loc"   --->   Operation 308 'load' 'quantized_k_group_15_loc_load' <Predicate = true> <Delay = 0.00>
ST_13 : Operation 309 [1/1] (0.00ns)   --->   "%quantized_k_group_14_loc_load = load i8 %quantized_k_group_14_loc"   --->   Operation 309 'load' 'quantized_k_group_14_loc_load' <Predicate = true> <Delay = 0.00>
ST_13 : Operation 310 [1/1] (0.00ns)   --->   "%quantized_k_group_13_loc_load = load i8 %quantized_k_group_13_loc"   --->   Operation 310 'load' 'quantized_k_group_13_loc_load' <Predicate = true> <Delay = 0.00>
ST_13 : Operation 311 [1/1] (0.00ns)   --->   "%quantized_k_group_12_loc_load = load i8 %quantized_k_group_12_loc"   --->   Operation 311 'load' 'quantized_k_group_12_loc_load' <Predicate = true> <Delay = 0.00>
ST_13 : Operation 312 [1/1] (0.00ns)   --->   "%quantized_k_group_11_loc_load = load i8 %quantized_k_group_11_loc"   --->   Operation 312 'load' 'quantized_k_group_11_loc_load' <Predicate = true> <Delay = 0.00>
ST_13 : Operation 313 [1/1] (0.00ns)   --->   "%quantized_k_group_10_loc_load = load i8 %quantized_k_group_10_loc"   --->   Operation 313 'load' 'quantized_k_group_10_loc_load' <Predicate = true> <Delay = 0.00>
ST_13 : Operation 314 [1/1] (0.00ns)   --->   "%quantized_k_group_9_loc_load = load i8 %quantized_k_group_9_loc"   --->   Operation 314 'load' 'quantized_k_group_9_loc_load' <Predicate = true> <Delay = 0.00>
ST_13 : Operation 315 [1/1] (0.00ns)   --->   "%quantized_k_group_8_loc_load = load i8 %quantized_k_group_8_loc"   --->   Operation 315 'load' 'quantized_k_group_8_loc_load' <Predicate = true> <Delay = 0.00>
ST_13 : Operation 316 [1/1] (0.00ns)   --->   "%quantized_k_group_7_loc_load = load i8 %quantized_k_group_7_loc"   --->   Operation 316 'load' 'quantized_k_group_7_loc_load' <Predicate = true> <Delay = 0.00>
ST_13 : Operation 317 [1/1] (0.00ns)   --->   "%quantized_k_group_6_loc_load = load i8 %quantized_k_group_6_loc"   --->   Operation 317 'load' 'quantized_k_group_6_loc_load' <Predicate = true> <Delay = 0.00>
ST_13 : Operation 318 [1/1] (0.00ns)   --->   "%quantized_k_group_5_loc_load = load i8 %quantized_k_group_5_loc"   --->   Operation 318 'load' 'quantized_k_group_5_loc_load' <Predicate = true> <Delay = 0.00>
ST_13 : Operation 319 [1/1] (0.00ns)   --->   "%quantized_k_group_4_loc_load = load i8 %quantized_k_group_4_loc"   --->   Operation 319 'load' 'quantized_k_group_4_loc_load' <Predicate = true> <Delay = 0.00>
ST_13 : Operation 320 [1/1] (0.00ns)   --->   "%quantized_k_group_3_loc_load = load i8 %quantized_k_group_3_loc"   --->   Operation 320 'load' 'quantized_k_group_3_loc_load' <Predicate = true> <Delay = 0.00>
ST_13 : Operation 321 [1/1] (0.00ns)   --->   "%quantized_k_group_2_loc_load = load i8 %quantized_k_group_2_loc"   --->   Operation 321 'load' 'quantized_k_group_2_loc_load' <Predicate = true> <Delay = 0.00>
ST_13 : Operation 322 [1/1] (0.00ns)   --->   "%quantized_k_group_1_loc_load = load i8 %quantized_k_group_1_loc"   --->   Operation 322 'load' 'quantized_k_group_1_loc_load' <Predicate = true> <Delay = 0.00>
ST_13 : Operation 323 [1/1] (0.00ns)   --->   "%quantized_k_group_loc_load = load i8 %quantized_k_group_loc"   --->   Operation 323 'load' 'quantized_k_group_loc_load' <Predicate = true> <Delay = 0.00>
ST_13 : Operation 324 [1/1] (0.00ns)   --->   "%quantized_v_group_31_loc_load = load i8 %quantized_v_group_31_loc"   --->   Operation 324 'load' 'quantized_v_group_31_loc_load' <Predicate = true> <Delay = 0.00>
ST_13 : Operation 325 [1/1] (0.00ns)   --->   "%quantized_v_group_30_loc_load = load i8 %quantized_v_group_30_loc"   --->   Operation 325 'load' 'quantized_v_group_30_loc_load' <Predicate = true> <Delay = 0.00>
ST_13 : Operation 326 [1/1] (0.00ns)   --->   "%quantized_v_group_29_loc_load = load i8 %quantized_v_group_29_loc"   --->   Operation 326 'load' 'quantized_v_group_29_loc_load' <Predicate = true> <Delay = 0.00>
ST_13 : Operation 327 [1/1] (0.00ns)   --->   "%quantized_v_group_28_loc_load = load i8 %quantized_v_group_28_loc"   --->   Operation 327 'load' 'quantized_v_group_28_loc_load' <Predicate = true> <Delay = 0.00>
ST_13 : Operation 328 [1/1] (0.00ns)   --->   "%quantized_v_group_27_loc_load = load i8 %quantized_v_group_27_loc"   --->   Operation 328 'load' 'quantized_v_group_27_loc_load' <Predicate = true> <Delay = 0.00>
ST_13 : Operation 329 [1/1] (0.00ns)   --->   "%quantized_v_group_26_loc_load = load i8 %quantized_v_group_26_loc"   --->   Operation 329 'load' 'quantized_v_group_26_loc_load' <Predicate = true> <Delay = 0.00>
ST_13 : Operation 330 [1/1] (0.00ns)   --->   "%quantized_v_group_25_loc_load = load i8 %quantized_v_group_25_loc"   --->   Operation 330 'load' 'quantized_v_group_25_loc_load' <Predicate = true> <Delay = 0.00>
ST_13 : Operation 331 [1/1] (0.00ns)   --->   "%quantized_v_group_24_loc_load = load i8 %quantized_v_group_24_loc"   --->   Operation 331 'load' 'quantized_v_group_24_loc_load' <Predicate = true> <Delay = 0.00>
ST_13 : Operation 332 [1/1] (0.00ns)   --->   "%quantized_v_group_23_loc_load = load i8 %quantized_v_group_23_loc"   --->   Operation 332 'load' 'quantized_v_group_23_loc_load' <Predicate = true> <Delay = 0.00>
ST_13 : Operation 333 [1/1] (0.00ns)   --->   "%quantized_v_group_22_loc_load = load i8 %quantized_v_group_22_loc"   --->   Operation 333 'load' 'quantized_v_group_22_loc_load' <Predicate = true> <Delay = 0.00>
ST_13 : Operation 334 [1/1] (0.00ns)   --->   "%quantized_v_group_21_loc_load = load i8 %quantized_v_group_21_loc"   --->   Operation 334 'load' 'quantized_v_group_21_loc_load' <Predicate = true> <Delay = 0.00>
ST_13 : Operation 335 [1/1] (0.00ns)   --->   "%quantized_v_group_20_loc_load = load i8 %quantized_v_group_20_loc"   --->   Operation 335 'load' 'quantized_v_group_20_loc_load' <Predicate = true> <Delay = 0.00>
ST_13 : Operation 336 [1/1] (0.00ns)   --->   "%quantized_v_group_19_loc_load = load i8 %quantized_v_group_19_loc"   --->   Operation 336 'load' 'quantized_v_group_19_loc_load' <Predicate = true> <Delay = 0.00>
ST_13 : Operation 337 [1/1] (0.00ns)   --->   "%quantized_v_group_18_loc_load = load i8 %quantized_v_group_18_loc"   --->   Operation 337 'load' 'quantized_v_group_18_loc_load' <Predicate = true> <Delay = 0.00>
ST_13 : Operation 338 [1/1] (0.00ns)   --->   "%quantized_v_group_17_loc_load = load i8 %quantized_v_group_17_loc"   --->   Operation 338 'load' 'quantized_v_group_17_loc_load' <Predicate = true> <Delay = 0.00>
ST_13 : Operation 339 [1/1] (0.00ns)   --->   "%quantized_v_group_16_loc_load = load i8 %quantized_v_group_16_loc"   --->   Operation 339 'load' 'quantized_v_group_16_loc_load' <Predicate = true> <Delay = 0.00>
ST_13 : Operation 340 [1/1] (0.00ns)   --->   "%quantized_v_group_15_loc_load = load i8 %quantized_v_group_15_loc"   --->   Operation 340 'load' 'quantized_v_group_15_loc_load' <Predicate = true> <Delay = 0.00>
ST_13 : Operation 341 [1/1] (0.00ns)   --->   "%quantized_v_group_14_loc_load = load i8 %quantized_v_group_14_loc"   --->   Operation 341 'load' 'quantized_v_group_14_loc_load' <Predicate = true> <Delay = 0.00>
ST_13 : Operation 342 [1/1] (0.00ns)   --->   "%quantized_v_group_13_loc_load = load i8 %quantized_v_group_13_loc"   --->   Operation 342 'load' 'quantized_v_group_13_loc_load' <Predicate = true> <Delay = 0.00>
ST_13 : Operation 343 [1/1] (0.00ns)   --->   "%quantized_v_group_12_loc_load = load i8 %quantized_v_group_12_loc"   --->   Operation 343 'load' 'quantized_v_group_12_loc_load' <Predicate = true> <Delay = 0.00>
ST_13 : Operation 344 [1/1] (0.00ns)   --->   "%quantized_v_group_11_loc_load = load i8 %quantized_v_group_11_loc"   --->   Operation 344 'load' 'quantized_v_group_11_loc_load' <Predicate = true> <Delay = 0.00>
ST_13 : Operation 345 [1/1] (0.00ns)   --->   "%quantized_v_group_10_loc_load = load i8 %quantized_v_group_10_loc"   --->   Operation 345 'load' 'quantized_v_group_10_loc_load' <Predicate = true> <Delay = 0.00>
ST_13 : Operation 346 [1/1] (0.00ns)   --->   "%quantized_v_group_9_loc_load = load i8 %quantized_v_group_9_loc"   --->   Operation 346 'load' 'quantized_v_group_9_loc_load' <Predicate = true> <Delay = 0.00>
ST_13 : Operation 347 [1/1] (0.00ns)   --->   "%quantized_v_group_8_loc_load = load i8 %quantized_v_group_8_loc"   --->   Operation 347 'load' 'quantized_v_group_8_loc_load' <Predicate = true> <Delay = 0.00>
ST_13 : Operation 348 [1/1] (0.00ns)   --->   "%quantized_v_group_7_loc_load = load i8 %quantized_v_group_7_loc"   --->   Operation 348 'load' 'quantized_v_group_7_loc_load' <Predicate = true> <Delay = 0.00>
ST_13 : Operation 349 [1/1] (0.00ns)   --->   "%quantized_v_group_6_loc_load = load i8 %quantized_v_group_6_loc"   --->   Operation 349 'load' 'quantized_v_group_6_loc_load' <Predicate = true> <Delay = 0.00>
ST_13 : Operation 350 [1/1] (0.00ns)   --->   "%quantized_v_group_5_loc_load = load i8 %quantized_v_group_5_loc"   --->   Operation 350 'load' 'quantized_v_group_5_loc_load' <Predicate = true> <Delay = 0.00>
ST_13 : Operation 351 [1/1] (0.00ns)   --->   "%quantized_v_group_4_loc_load = load i8 %quantized_v_group_4_loc"   --->   Operation 351 'load' 'quantized_v_group_4_loc_load' <Predicate = true> <Delay = 0.00>
ST_13 : Operation 352 [1/1] (0.00ns)   --->   "%quantized_v_group_3_loc_load = load i8 %quantized_v_group_3_loc"   --->   Operation 352 'load' 'quantized_v_group_3_loc_load' <Predicate = true> <Delay = 0.00>
ST_13 : Operation 353 [1/1] (0.00ns)   --->   "%quantized_v_group_2_loc_load = load i8 %quantized_v_group_2_loc"   --->   Operation 353 'load' 'quantized_v_group_2_loc_load' <Predicate = true> <Delay = 0.00>
ST_13 : Operation 354 [1/1] (0.00ns)   --->   "%quantized_v_group_1_loc_load = load i8 %quantized_v_group_1_loc"   --->   Operation 354 'load' 'quantized_v_group_1_loc_load' <Predicate = true> <Delay = 0.00>
ST_13 : Operation 355 [1/1] (0.00ns)   --->   "%quantized_v_group_loc_load = load i8 %quantized_v_group_loc"   --->   Operation 355 'load' 'quantized_v_group_loc_load' <Predicate = true> <Delay = 0.00>
ST_13 : Operation 356 [1/1] (0.00ns)   --->   "%or_ln = bitconcatenate i4 @_ssdm_op_BitConcatenate.i4.i2.i2, i2 %trunc_ln413, i2 %trunc_ln413" [source/swiftkv_attention.cpp:494]   --->   Operation 356 'bitconcatenate' 'or_ln' <Predicate = true> <Delay = 0.00>
ST_13 : Operation 357 [1/1] (0.00ns)   --->   "%zext_ln491 = zext i4 %or_ln" [source/swiftkv_attention.cpp:491]   --->   Operation 357 'zext' 'zext_ln491' <Predicate = true> <Delay = 0.00>
ST_13 : Operation 358 [1/1] (0.00ns)   --->   "%zext_ln491_1 = zext i4 %or_ln" [source/swiftkv_attention.cpp:491]   --->   Operation 358 'zext' 'zext_ln491_1' <Predicate = true> <Delay = 0.00>
ST_13 : Operation 359 [1/1] (0.62ns)   --->   "%shl_ln491 = shl i20 31, i20 %zext_ln491_1" [source/swiftkv_attention.cpp:491]   --->   Operation 359 'shl' 'shl_ln491' <Predicate = true> <Delay = 0.62> <CoreInst = "Shifter">   --->   Core 75 'Shifter' <Latency = 0> <II = 1> <Delay = 0.62> <FuncUnit> <Opcode : 'shl' 'lshr' 'ashr'> <InPorts = 2> <OutPorts = 1>
ST_13 : Operation 360 [1/1] (0.00ns) (grouped into LUT with out node and_ln491)   --->   "%zext_ln491_2 = zext i20 %shl_ln491" [source/swiftkv_attention.cpp:491]   --->   Operation 360 'zext' 'zext_ln491_2' <Predicate = true> <Delay = 0.00>
ST_13 : Operation 361 [1/1] (0.00ns) (grouped into LUT with out node and_ln491)   --->   "%xor_ln491 = xor i21 %zext_ln491_2, i21 2097151" [source/swiftkv_attention.cpp:491]   --->   Operation 361 'xor' 'xor_ln491' <Predicate = true> <Delay = 0.00> <CoreInst = "LogicGate">   --->   Core 74 'LogicGate' <Latency = 0> <II = 1> <Delay = 0.24> <FuncUnit> <Opcode : 'and' 'or' 'xor'> <InPorts = 2> <OutPorts = 1>
ST_13 : Operation 362 [1/1] (0.00ns) (grouped into LUT with out node and_ln491)   --->   "%sext_ln491 = sext i21 %xor_ln491" [source/swiftkv_attention.cpp:491]   --->   Operation 362 'sext' 'sext_ln491' <Predicate = true> <Delay = 0.00>
ST_13 : Operation 363 [1/1] (0.29ns) (out node of the LUT)   --->   "%and_ln491 = and i512 %metadata_load, i512 %sext_ln491" [source/swiftkv_attention.cpp:491]   --->   Operation 363 'and' 'and_ln491' <Predicate = true> <Delay = 0.29> <CoreInst = "LogicGate">   --->   Core 74 'LogicGate' <Latency = 0> <II = 1> <Delay = 0.29> <FuncUnit> <Opcode : 'and' 'or' 'xor'> <InPorts = 2> <OutPorts = 1>
ST_13 : Operation 364 [1/1] (0.00ns)   --->   "%zext_ln491_3 = zext i5 %shift_k_1" [source/swiftkv_attention.cpp:491]   --->   Operation 364 'zext' 'zext_ln491_3' <Predicate = true> <Delay = 0.00>
ST_13 : Operation 365 [1/1] (0.59ns)   --->   "%shl_ln491_1 = shl i20 %zext_ln491_3, i20 %zext_ln491_1" [source/swiftkv_attention.cpp:491]   --->   Operation 365 'shl' 'shl_ln491_1' <Predicate = true> <Delay = 0.59> <CoreInst = "Shifter">   --->   Core 75 'Shifter' <Latency = 0> <II = 1> <Delay = 0.59> <FuncUnit> <Opcode : 'shl' 'lshr' 'ashr'> <InPorts = 2> <OutPorts = 1>
ST_13 : Operation 366 [1/1] (0.00ns) (grouped into LUT with out node and_ln498)   --->   "%trunc_ln491 = trunc i512 %and_ln491" [source/swiftkv_attention.cpp:491]   --->   Operation 366 'trunc' 'trunc_ln491' <Predicate = true> <Delay = 0.00>
ST_13 : Operation 367 [1/1] (0.00ns) (grouped into LUT with out node and_ln498)   --->   "%or_ln491 = or i20 %trunc_ln491, i20 %shl_ln491_1" [source/swiftkv_attention.cpp:491]   --->   Operation 367 'or' 'or_ln491' <Predicate = true> <Delay = 0.00> <CoreInst = "LogicGate">   --->   Core 74 'LogicGate' <Latency = 0> <II = 1> <Delay = 0.24> <FuncUnit> <Opcode : 'and' 'or' 'xor'> <InPorts = 2> <OutPorts = 1>
ST_13 : Operation 368 [1/1] (0.00ns) (grouped into LUT with out node and_ln498)   --->   "%tmp_161 = partselect i492 @_ssdm_op_PartSelect.i492.i512.i32.i32, i512 %and_ln491, i32 20, i32 511" [source/swiftkv_attention.cpp:491]   --->   Operation 368 'partselect' 'tmp_161' <Predicate = true> <Delay = 0.00>
ST_13 : Operation 369 [1/1] (0.00ns) (grouped into LUT with out node and_ln498)   --->   "%metadata_1 = bitconcatenate i512 @_ssdm_op_BitConcatenate.i512.i492.i20, i492 %tmp_161, i20 %or_ln491" [source/swiftkv_attention.cpp:491]   --->   Operation 369 'bitconcatenate' 'metadata_1' <Predicate = true> <Delay = 0.00>
ST_13 : Operation 370 [1/1] (0.70ns)   --->   "%add_ln498 = add i6 %zext_ln491, i6 20" [source/swiftkv_attention.cpp:498]   --->   Operation 370 'add' 'add_ln498' <Predicate = true> <Delay = 0.70> <CoreInst = "Adder">   --->   Core 1 'Adder' <Latency = 0> <II = 1> <Delay = 0.70> <FuncUnit> <Opcode : 'add' 'sub'> <InPorts = 2> <OutPorts = 1>
ST_13 : Operation 371 [1/1] (0.00ns)   --->   "%zext_ln498 = zext i6 %add_ln498" [source/swiftkv_attention.cpp:498]   --->   Operation 371 'zext' 'zext_ln498' <Predicate = true> <Delay = 0.00>
ST_13 : Operation 372 [1/1] (0.62ns)   --->   "%shl_ln498 = shl i40 31, i40 %zext_ln498" [source/swiftkv_attention.cpp:498]   --->   Operation 372 'shl' 'shl_ln498' <Predicate = true> <Delay = 0.62> <CoreInst = "Shifter">   --->   Core 75 'Shifter' <Latency = 0> <II = 1> <Delay = 0.62> <FuncUnit> <Opcode : 'shl' 'lshr' 'ashr'> <InPorts = 2> <OutPorts = 1>
ST_13 : Operation 373 [1/1] (0.00ns) (grouped into LUT with out node and_ln498)   --->   "%zext_ln498_1 = zext i40 %shl_ln498" [source/swiftkv_attention.cpp:498]   --->   Operation 373 'zext' 'zext_ln498_1' <Predicate = true> <Delay = 0.00>
ST_13 : Operation 374 [1/1] (0.00ns) (grouped into LUT with out node and_ln498)   --->   "%xor_ln498 = xor i41 %zext_ln498_1, i41 2199023255551" [source/swiftkv_attention.cpp:498]   --->   Operation 374 'xor' 'xor_ln498' <Predicate = true> <Delay = 0.00> <CoreInst = "LogicGate">   --->   Core 74 'LogicGate' <Latency = 0> <II = 1> <Delay = 0.30> <FuncUnit> <Opcode : 'and' 'or' 'xor'> <InPorts = 2> <OutPorts = 1>
ST_13 : Operation 375 [1/1] (0.00ns) (grouped into LUT with out node and_ln498)   --->   "%sext_ln498 = sext i41 %xor_ln498" [source/swiftkv_attention.cpp:498]   --->   Operation 375 'sext' 'sext_ln498' <Predicate = true> <Delay = 0.00>
ST_13 : Operation 376 [1/1] (0.30ns) (out node of the LUT)   --->   "%and_ln498 = and i512 %metadata_1, i512 %sext_ln498" [source/swiftkv_attention.cpp:498]   --->   Operation 376 'and' 'and_ln498' <Predicate = true> <Delay = 0.30> <CoreInst = "LogicGate">   --->   Core 74 'LogicGate' <Latency = 0> <II = 1> <Delay = 0.29> <FuncUnit> <Opcode : 'and' 'or' 'xor'> <InPorts = 2> <OutPorts = 1>
ST_13 : Operation 377 [1/1] (0.00ns)   --->   "%zext_ln498_2 = zext i5 %shift_v_1" [source/swiftkv_attention.cpp:498]   --->   Operation 377 'zext' 'zext_ln498_2' <Predicate = true> <Delay = 0.00>
ST_13 : Operation 378 [1/1] (0.62ns)   --->   "%shl_ln498_1 = shl i40 %zext_ln498_2, i40 %zext_ln498" [source/swiftkv_attention.cpp:498]   --->   Operation 378 'shl' 'shl_ln498_1' <Predicate = true> <Delay = 0.62> <CoreInst = "Shifter">   --->   Core 75 'Shifter' <Latency = 0> <II = 1> <Delay = 0.62> <FuncUnit> <Opcode : 'shl' 'lshr' 'ashr'> <InPorts = 2> <OutPorts = 1>
ST_13 : Operation 379 [1/1] (0.00ns)   --->   "%trunc_ln498 = trunc i512 %and_ln498" [source/swiftkv_attention.cpp:498]   --->   Operation 379 'trunc' 'trunc_ln498' <Predicate = true> <Delay = 0.00>
ST_13 : Operation 380 [1/1] (0.30ns)   --->   "%or_ln498 = or i40 %trunc_ln498, i40 %shl_ln498_1" [source/swiftkv_attention.cpp:498]   --->   Operation 380 'or' 'or_ln498' <Predicate = true> <Delay = 0.30> <CoreInst = "LogicGate">   --->   Core 74 'LogicGate' <Latency = 0> <II = 1> <Delay = 0.30> <FuncUnit> <Opcode : 'and' 'or' 'xor'> <InPorts = 2> <OutPorts = 1>
ST_13 : Operation 381 [1/1] (0.00ns)   --->   "%tmp_162 = partselect i472 @_ssdm_op_PartSelect.i472.i512.i32.i32, i512 %and_ln498, i32 40, i32 511" [source/swiftkv_attention.cpp:498]   --->   Operation 381 'partselect' 'tmp_162' <Predicate = true> <Delay = 0.00>
ST_13 : Operation 382 [1/1] (0.00ns)   --->   "%metadata_2 = bitconcatenate i512 @_ssdm_op_BitConcatenate.i512.i472.i40, i472 %tmp_162, i40 %or_ln498" [source/swiftkv_attention.cpp:498]   --->   Operation 382 'bitconcatenate' 'metadata_2' <Predicate = true> <Delay = 0.00>
ST_13 : Operation 383 [1/1] (0.00ns)   --->   "%packed_k_group = bitconcatenate i256 @_ssdm_op_BitConcatenate.i256.i8.i8.i8.i8.i8.i8.i8.i8.i8.i8.i8.i8.i8.i8.i8.i8.i8.i8.i8.i8.i8.i8.i8.i8.i8.i8.i8.i8.i8.i8.i8.i8, i8 %quantized_k_group_loc_load, i8 %quantized_k_group_1_loc_load, i8 %quantized_k_group_2_loc_load, i8 %quantized_k_group_3_loc_load, i8 %quantized_k_group_4_loc_load, i8 %quantized_k_group_5_loc_load, i8 %quantized_k_group_6_loc_load, i8 %quantized_k_group_7_loc_load, i8 %quantized_k_group_8_loc_load, i8 %quantized_k_group_9_loc_load, i8 %quantized_k_group_10_loc_load, i8 %quantized_k_group_11_loc_load, i8 %quantized_k_group_12_loc_load, i8 %quantized_k_group_13_loc_load, i8 %quantized_k_group_14_loc_load, i8 %quantized_k_group_15_loc_load, i8 %quantized_k_group_16_loc_load, i8 %quantized_k_group_17_loc_load, i8 %quantized_k_group_18_loc_load, i8 %quantized_k_group_19_loc_load, i8 %quantized_k_group_20_loc_load, i8 %quantized_k_group_21_loc_load, i8 %quantized_k_group_22_loc_load, i8 %quantized_k_group_23_loc_load, i8 %quantized_k_group_24_loc_load, i8 %quantized_k_group_25_loc_load, i8 %quantized_k_group_26_loc_load, i8 %quantized_k_group_27_loc_load, i8 %quantized_k_group_28_loc_load, i8 %quantized_k_group_29_loc_load, i8 %quantized_k_group_30_loc_load, i8 %quantized_k_group_31_loc_load" [source/swiftkv_attention.cpp:524]   --->   Operation 383 'bitconcatenate' 'packed_k_group' <Predicate = true> <Delay = 0.00>
ST_13 : Operation 384 [1/1] (0.00ns)   --->   "%packed_v_group = bitconcatenate i256 @_ssdm_op_BitConcatenate.i256.i8.i8.i8.i8.i8.i8.i8.i8.i8.i8.i8.i8.i8.i8.i8.i8.i8.i8.i8.i8.i8.i8.i8.i8.i8.i8.i8.i8.i8.i8.i8.i8, i8 %quantized_v_group_loc_load, i8 %quantized_v_group_1_loc_load, i8 %quantized_v_group_2_loc_load, i8 %quantized_v_group_3_loc_load, i8 %quantized_v_group_4_loc_load, i8 %quantized_v_group_5_loc_load, i8 %quantized_v_group_6_loc_load, i8 %quantized_v_group_7_loc_load, i8 %quantized_v_group_8_loc_load, i8 %quantized_v_group_9_loc_load, i8 %quantized_v_group_10_loc_load, i8 %quantized_v_group_11_loc_load, i8 %quantized_v_group_12_loc_load, i8 %quantized_v_group_13_loc_load, i8 %quantized_v_group_14_loc_load, i8 %quantized_v_group_15_loc_load, i8 %quantized_v_group_16_loc_load, i8 %quantized_v_group_17_loc_load, i8 %quantized_v_group_18_loc_load, i8 %quantized_v_group_19_loc_load, i8 %quantized_v_group_20_loc_load, i8 %quantized_v_group_21_loc_load, i8 %quantized_v_group_22_loc_load, i8 %quantized_v_group_23_loc_load, i8 %quantized_v_group_24_loc_load, i8 %quantized_v_group_25_loc_load, i8 %quantized_v_group_26_loc_load, i8 %quantized_v_group_27_loc_load, i8 %quantized_v_group_28_loc_load, i8 %quantized_v_group_29_loc_load, i8 %quantized_v_group_30_loc_load, i8 %quantized_v_group_31_loc_load" [source/swiftkv_attention.cpp:526]   --->   Operation 384 'bitconcatenate' 'packed_v_group' <Predicate = true> <Delay = 0.00>
ST_13 : Operation 385 [1/1] (0.66ns)   --->   "%switch_ln530 = switch i2 %trunc_ln413, void %arrayidx198.case.3, i2 0, void %unpack_kv_group_loop.split.arrayidx198.exit_crit_edge, i2 1, void %arrayidx198.case.1, i2 2, void %arrayidx198.case.2" [source/swiftkv_attention.cpp:530]   --->   Operation 385 'switch' 'switch_ln530' <Predicate = true> <Delay = 0.66>
ST_13 : Operation 386 [1/1] (0.00ns)   --->   "%store_ln526 = store i256 %packed_v_group, i256 %empty_734" [source/swiftkv_attention.cpp:526]   --->   Operation 386 'store' 'store_ln526' <Predicate = (trunc_ln413 == 2)> <Delay = 0.00>
ST_13 : Operation 387 [1/1] (0.00ns)   --->   "%store_ln524 = store i256 %packed_k_group, i256 %empty_730" [source/swiftkv_attention.cpp:524]   --->   Operation 387 'store' 'store_ln524' <Predicate = (trunc_ln413 == 2)> <Delay = 0.00>
ST_13 : Operation 388 [1/1] (0.00ns)   --->   "%br_ln531 = br void %arrayidx198.exit" [source/swiftkv_attention.cpp:531]   --->   Operation 388 'br' 'br_ln531' <Predicate = (trunc_ln413 == 2)> <Delay = 0.00>
ST_13 : Operation 389 [1/1] (0.00ns)   --->   "%store_ln526 = store i256 %packed_v_group, i256 %empty_733" [source/swiftkv_attention.cpp:526]   --->   Operation 389 'store' 'store_ln526' <Predicate = (trunc_ln413 == 1)> <Delay = 0.00>
ST_13 : Operation 390 [1/1] (0.00ns)   --->   "%store_ln524 = store i256 %packed_k_group, i256 %empty_729" [source/swiftkv_attention.cpp:524]   --->   Operation 390 'store' 'store_ln524' <Predicate = (trunc_ln413 == 1)> <Delay = 0.00>
ST_13 : Operation 391 [1/1] (0.00ns)   --->   "%br_ln531 = br void %arrayidx198.exit" [source/swiftkv_attention.cpp:531]   --->   Operation 391 'br' 'br_ln531' <Predicate = (trunc_ln413 == 1)> <Delay = 0.00>
ST_13 : Operation 392 [1/1] (0.00ns)   --->   "%store_ln526 = store i256 %packed_v_group, i256 %empty_732" [source/swiftkv_attention.cpp:526]   --->   Operation 392 'store' 'store_ln526' <Predicate = (trunc_ln413 == 0)> <Delay = 0.00>
ST_13 : Operation 393 [1/1] (0.00ns)   --->   "%store_ln524 = store i256 %packed_k_group, i256 %empty" [source/swiftkv_attention.cpp:524]   --->   Operation 393 'store' 'store_ln524' <Predicate = (trunc_ln413 == 0)> <Delay = 0.00>
ST_13 : Operation 394 [1/1] (0.00ns)   --->   "%br_ln530 = br void %arrayidx198.exit" [source/swiftkv_attention.cpp:530]   --->   Operation 394 'br' 'br_ln530' <Predicate = (trunc_ln413 == 0)> <Delay = 0.00>
ST_13 : Operation 395 [1/1] (0.00ns)   --->   "%store_ln526 = store i256 %packed_v_group, i256 %empty_735" [source/swiftkv_attention.cpp:526]   --->   Operation 395 'store' 'store_ln526' <Predicate = (trunc_ln413 == 3)> <Delay = 0.00>
ST_13 : Operation 396 [1/1] (0.00ns)   --->   "%store_ln524 = store i256 %packed_k_group, i256 %empty_731" [source/swiftkv_attention.cpp:524]   --->   Operation 396 'store' 'store_ln524' <Predicate = (trunc_ln413 == 3)> <Delay = 0.00>
ST_13 : Operation 397 [1/1] (0.00ns)   --->   "%br_ln531 = br void %arrayidx198.exit" [source/swiftkv_attention.cpp:531]   --->   Operation 397 'br' 'br_ln531' <Predicate = (trunc_ln413 == 3)> <Delay = 0.00>
ST_13 : Operation 398 [1/1] (0.38ns)   --->   "%store_ln400 = store i3 %add_ln402, i3 %group" [source/swiftkv_attention.cpp:400]   --->   Operation 398 'store' 'store_ln400' <Predicate = true> <Delay = 0.38>
ST_13 : Operation 399 [1/1] (0.38ns)   --->   "%store_ln393 = store i512 %metadata_2, i512 %metadata" [source/swiftkv_attention.cpp:393]   --->   Operation 399 'store' 'store_ln393' <Predicate = true> <Delay = 0.38>
ST_13 : Operation 400 [1/1] (0.00ns)   --->   "%br_ln400 = br void %unpack_kv_group_loop" [source/swiftkv_attention.cpp:400]   --->   Operation 400 'br' 'br_ln400' <Predicate = true> <Delay = 0.00>


============================================================
+ Verbose Summary: Binding
============================================================
STG Binding: 
---------------- STG Properties BEGIN ----------------
- Is combinational: 0
- Is one-state seq: 0
- Is datapath-only: 0
- Is pipelined: 0
- Is top level: 0
Port [ Return ] is wired: 1; IO mode=ap_ctrl_hs:ce=0
Port [ k_words]:  wired=1; compound=1; hidden=0; nouse=0; global=0; static=0; extern=0; dir=0; type=1; pingpong=0; private_global=0; MemPort=[1]; IO mode=ap_memory:ce=0
Port [ v_words]:  wired=1; compound=1; hidden=0; nouse=0; global=0; static=0; extern=0; dir=0; type=1; pingpong=0; private_global=0; MemPort=[1]; IO mode=ap_memory:ce=0
---------------- STG Properties END ------------------

---------------- Datapath Model BEGIN ----------------

<LifeTime>
<method=bitvector/>
metadata                      (alloca           ) [ 01111111111111]
group                         (alloca           ) [ 01111111111111]
empty                         (alloca           ) [ 00111111111111]
empty_729                     (alloca           ) [ 00111111111111]
empty_730                     (alloca           ) [ 00111111111111]
empty_731                     (alloca           ) [ 00111111111111]
empty_732                     (alloca           ) [ 00111111111111]
empty_733                     (alloca           ) [ 00111111111111]
empty_734                     (alloca           ) [ 00111111111111]
empty_735                     (alloca           ) [ 00111111111111]
quantized_v_group_loc         (alloca           ) [ 00111111111111]
quantized_v_group_1_loc       (alloca           ) [ 00111111111111]
quantized_v_group_2_loc       (alloca           ) [ 00111111111111]
quantized_v_group_3_loc       (alloca           ) [ 00111111111111]
quantized_v_group_4_loc       (alloca           ) [ 00111111111111]
quantized_v_group_5_loc       (alloca           ) [ 00111111111111]
quantized_v_group_6_loc       (alloca           ) [ 00111111111111]
quantized_v_group_7_loc       (alloca           ) [ 00111111111111]
quantized_v_group_8_loc       (alloca           ) [ 00111111111111]
quantized_v_group_9_loc       (alloca           ) [ 00111111111111]
quantized_v_group_10_loc      (alloca           ) [ 00111111111111]
quantized_v_group_11_loc      (alloca           ) [ 00111111111111]
quantized_v_group_12_loc      (alloca           ) [ 00111111111111]
quantized_v_group_13_loc      (alloca           ) [ 00111111111111]
quantized_v_group_14_loc      (alloca           ) [ 00111111111111]
quantized_v_group_15_loc      (alloca           ) [ 00111111111111]
quantized_v_group_16_loc      (alloca           ) [ 00111111111111]
quantized_v_group_17_loc      (alloca           ) [ 00111111111111]
quantized_v_group_18_loc      (alloca           ) [ 00111111111111]
quantized_v_group_19_loc      (alloca           ) [ 00111111111111]
quantized_v_group_20_loc      (alloca           ) [ 00111111111111]
quantized_v_group_21_loc      (alloca           ) [ 00111111111111]
quantized_v_group_22_loc      (alloca           ) [ 00111111111111]
quantized_v_group_23_loc      (alloca           ) [ 00111111111111]
quantized_v_group_24_loc      (alloca           ) [ 00111111111111]
quantized_v_group_25_loc      (alloca           ) [ 00111111111111]
quantized_v_group_26_loc      (alloca           ) [ 00111111111111]
quantized_v_group_27_loc      (alloca           ) [ 00111111111111]
quantized_v_group_28_loc      (alloca           ) [ 00111111111111]
quantized_v_group_29_loc      (alloca           ) [ 00111111111111]
quantized_v_group_30_loc      (alloca           ) [ 00111111111111]
quantized_v_group_31_loc      (alloca           ) [ 00111111111111]
quantized_k_group_loc         (alloca           ) [ 00111111111111]
quantized_k_group_1_loc       (alloca           ) [ 00111111111111]
quantized_k_group_2_loc       (alloca           ) [ 00111111111111]
quantized_k_group_3_loc       (alloca           ) [ 00111111111111]
quantized_k_group_4_loc       (alloca           ) [ 00111111111111]
quantized_k_group_5_loc       (alloca           ) [ 00111111111111]
quantized_k_group_6_loc       (alloca           ) [ 00111111111111]
quantized_k_group_7_loc       (alloca           ) [ 00111111111111]
quantized_k_group_8_loc       (alloca           ) [ 00111111111111]
quantized_k_group_9_loc       (alloca           ) [ 00111111111111]
quantized_k_group_10_loc      (alloca           ) [ 00111111111111]
quantized_k_group_11_loc      (alloca           ) [ 00111111111111]
quantized_k_group_12_loc      (alloca           ) [ 00111111111111]
quantized_k_group_13_loc      (alloca           ) [ 00111111111111]
quantized_k_group_14_loc      (alloca           ) [ 00111111111111]
quantized_k_group_15_loc      (alloca           ) [ 00111111111111]
quantized_k_group_16_loc      (alloca           ) [ 00111111111111]
quantized_k_group_17_loc      (alloca           ) [ 00111111111111]
quantized_k_group_18_loc      (alloca           ) [ 00111111111111]
quantized_k_group_19_loc      (alloca           ) [ 00111111111111]
quantized_k_group_20_loc      (alloca           ) [ 00111111111111]
quantized_k_group_21_loc      (alloca           ) [ 00111111111111]
quantized_k_group_22_loc      (alloca           ) [ 00111111111111]
quantized_k_group_23_loc      (alloca           ) [ 00111111111111]
quantized_k_group_24_loc      (alloca           ) [ 00111111111111]
quantized_k_group_25_loc      (alloca           ) [ 00111111111111]
quantized_k_group_26_loc      (alloca           ) [ 00111111111111]
quantized_k_group_27_loc      (alloca           ) [ 00111111111111]
quantized_k_group_28_loc      (alloca           ) [ 00111111111111]
quantized_k_group_29_loc      (alloca           ) [ 00111111111111]
quantized_k_group_30_loc      (alloca           ) [ 00111111111111]
quantized_k_group_31_loc      (alloca           ) [ 00111111111111]
maximum_k_loc                 (alloca           ) [ 00111111111111]
maximum_v_loc                 (alloca           ) [ 00111111111111]
specmemcore_ln0               (specmemcore      ) [ 00000000000000]
specmemcore_ln0               (specmemcore      ) [ 00000000000000]
store_ln400                   (store            ) [ 00000000000000]
store_ln393                   (store            ) [ 00000000000000]
br_ln400                      (br               ) [ 00000000000000]
group_2                       (load             ) [ 00000000000000]
icmp_ln401                    (icmp             ) [ 00111111111111]
add_ln402                     (add              ) [ 00011111111111]
br_ln400                      (br               ) [ 00000000000000]
trunc_ln413                   (trunc            ) [ 00011111111111]
shl_ln413                     (shl              ) [ 00010000000000]
zext_ln413                    (zext             ) [ 00000000000000]
k_words_addr                  (getelementptr    ) [ 00010000000000]
v_words_addr                  (getelementptr    ) [ 00010000000000]
metadata_load_1               (load             ) [ 00000000000000]
p_load238                     (load             ) [ 00000000000000]
p_load237                     (load             ) [ 00000000000000]
p_load236                     (load             ) [ 00000000000000]
p_load235                     (load             ) [ 00000000000000]
p_load234                     (load             ) [ 00000000000000]
p_load233                     (load             ) [ 00000000000000]
p_load232                     (load             ) [ 00000000000000]
p_load                        (load             ) [ 00000000000000]
record_1                      (bitconcatenate   ) [ 00000000000000]
record_2                      (bitconcatenate   ) [ 00000000000000]
record_3                      (bitconcatenate   ) [ 00000000000000]
record_4                      (bitconcatenate   ) [ 00000000000000]
mrv                           (insertvalue      ) [ 00000000000000]
mrv_1                         (insertvalue      ) [ 00000000000000]
mrv_2                         (insertvalue      ) [ 00000000000000]
mrv_3                         (insertvalue      ) [ 00000000000000]
mrv_4                         (insertvalue      ) [ 00000000000000]
ret_ln543                     (ret              ) [ 00000000000000]
k_lower                       (load             ) [ 00000000000000]
or_ln414                      (or               ) [ 00000000000000]
zext_ln414                    (zext             ) [ 00000000000000]
k_words_addr_1                (getelementptr    ) [ 00001000000000]
v_lower                       (load             ) [ 00000000000000]
v_words_addr_1                (getelementptr    ) [ 00001000000000]
k_raw                         (trunc            ) [ 00001111111110]
v_raw                         (trunc            ) [ 00001111111110]
k_raw_32                      (partselect       ) [ 00001111111110]
v_raw_32                      (partselect       ) [ 00001111111110]
k_raw_33                      (partselect       ) [ 00001111111110]
v_raw_33                      (partselect       ) [ 00001111111110]
k_raw_34                      (partselect       ) [ 00001111111110]
v_raw_34                      (partselect       ) [ 00001111111110]
k_raw_35                      (partselect       ) [ 00001111111110]
v_raw_35                      (partselect       ) [ 00001111111110]
k_raw_36                      (partselect       ) [ 00001111111110]
v_raw_36                      (partselect       ) [ 00001111111110]
k_raw_37                      (partselect       ) [ 00001111111110]
v_raw_37                      (partselect       ) [ 00001111111110]
k_raw_38                      (partselect       ) [ 00001111111110]
v_raw_38                      (partselect       ) [ 00001111111110]
k_raw_39                      (partselect       ) [ 00001111111110]
v_raw_39                      (partselect       ) [ 00001111111110]
k_raw_40                      (partselect       ) [ 00001111111110]
v_raw_40                      (partselect       ) [ 00001111111110]
k_raw_41                      (partselect       ) [ 00001111111110]
v_raw_41                      (partselect       ) [ 00001111111110]
k_raw_42                      (partselect       ) [ 00001111111110]
v_raw_42                      (partselect       ) [ 00001111111110]
k_raw_43                      (partselect       ) [ 00001111111110]
v_raw_43                      (partselect       ) [ 00001111111110]
k_raw_44                      (partselect       ) [ 00001111111110]
v_raw_44                      (partselect       ) [ 00001111111110]
k_raw_45                      (partselect       ) [ 00001111111110]
v_raw_45                      (partselect       ) [ 00001111111110]
k_raw_46                      (partselect       ) [ 00001111111110]
v_raw_46                      (partselect       ) [ 00001111111110]
k_upper                       (load             ) [ 00000000000000]
v_upper                       (load             ) [ 00000000000000]
k_raw_47                      (trunc            ) [ 00000111111110]
v_raw_47                      (trunc            ) [ 00000111111110]
k_raw_48                      (partselect       ) [ 00000111111110]
v_raw_48                      (partselect       ) [ 00000111111110]
k_raw_49                      (partselect       ) [ 00000111111110]
v_raw_49                      (partselect       ) [ 00000111111110]
k_raw_50                      (partselect       ) [ 00000111111110]
v_raw_50                      (partselect       ) [ 00000111111110]
k_raw_51                      (partselect       ) [ 00000111111110]
v_raw_51                      (partselect       ) [ 00000111111110]
k_raw_52                      (partselect       ) [ 00000111111110]
v_raw_52                      (partselect       ) [ 00000111111110]
k_raw_53                      (partselect       ) [ 00000111111110]
v_raw_53                      (partselect       ) [ 00000111111110]
k_raw_54                      (partselect       ) [ 00000111111110]
v_raw_54                      (partselect       ) [ 00000111111110]
k_raw_55                      (partselect       ) [ 00000111111110]
v_raw_55                      (partselect       ) [ 00000111111110]
k_raw_56                      (partselect       ) [ 00000111111110]
v_raw_56                      (partselect       ) [ 00000111111110]
k_raw_57                      (partselect       ) [ 00000111111110]
v_raw_57                      (partselect       ) [ 00000111111110]
k_raw_58                      (partselect       ) [ 00000111111110]
v_raw_58                      (partselect       ) [ 00000111111110]
k_raw_59                      (partselect       ) [ 00000111111110]
v_raw_59                      (partselect       ) [ 00000111111110]
k_raw_60                      (partselect       ) [ 00000111111110]
v_raw_60                      (partselect       ) [ 00000111111110]
k_raw_61                      (partselect       ) [ 00000111111110]
v_raw_61                      (partselect       ) [ 00000111111110]
k_raw_62                      (partselect       ) [ 00000111111110]
v_raw_62                      (partselect       ) [ 00000111111110]
call_ln430                    (call             ) [ 00000000000000]
maximum_v_loc_load            (load             ) [ 00000000000000]
empty_736                     (trunc            ) [ 00000000000000]
maximum_k_loc_load            (load             ) [ 00000000000000]
empty_737                     (trunc            ) [ 00000000000000]
tmp                           (partselect       ) [ 00000000000000]
icmp_ln329                    (icmp             ) [ 00000000100000]
probe                         (select           ) [ 00000000000000]
trunc_ln327                   (trunc            ) [ 00000000000000]
tmp_150                       (partselect       ) [ 00000000000000]
icmp_ln333                    (icmp             ) [ 00000000100000]
probe_1                       (select           ) [ 00000000000000]
trunc_ln327_1                 (trunc            ) [ 00000000100000]
probe_2                       (partselect       ) [ 00000000100000]
icmp_ln348                    (icmp             ) [ 00000000110000]
probe_4                       (partselect       ) [ 00000000000000]
icmp_ln329_1                  (icmp             ) [ 00000000100000]
probe_5                       (select           ) [ 00000000000000]
trunc_ln329                   (trunc            ) [ 00000000000000]
tmp_156                       (partselect       ) [ 00000000000000]
icmp_ln333_1                  (icmp             ) [ 00000000100000]
probe_6                       (select           ) [ 00000000000000]
trunc_ln333                   (trunc            ) [ 00000000100000]
probe_7                       (partselect       ) [ 00000000100000]
icmp_ln348_2                  (icmp             ) [ 00000000110000]
most_significant_bit          (select           ) [ 00000000000000]
most_significant_bit_1        (select           ) [ 00000000000000]
most_significant_bit_2        (select           ) [ 00000000000000]
icmp_ln337                    (icmp             ) [ 00000000000000]
most_significant_bit_3        (or               ) [ 00000000000000]
most_significant_bit_4        (select           ) [ 00000000000000]
probe_3                       (select           ) [ 00000000000000]
tmp_152                       (partselect       ) [ 00000000000000]
icmp_ln341                    (icmp             ) [ 00000000000000]
most_significant_bit_5        (or               ) [ 00000000000000]
most_significant_bit_6        (select           ) [ 00000000000000]
tmp_153                       (bitselect        ) [ 00000000000000]
tmp_154                       (bitselect        ) [ 00000000000000]
select_ln341                  (select           ) [ 00000000000000]
most_significant_bit_7        (or               ) [ 00000000000000]
most_significant_bit_8        (select           ) [ 00000000010000]
most_significant_bit_9        (select           ) [ 00000000000000]
most_significant_bit_10       (select           ) [ 00000000000000]
most_significant_bit_11       (select           ) [ 00000000000000]
icmp_ln337_1                  (icmp             ) [ 00000000000000]
most_significant_bit_12       (or               ) [ 00000000000000]
probe_8                       (select           ) [ 00000000000000]
most_significant_bit_13       (select           ) [ 00000000000000]
tmp_158                       (partselect       ) [ 00000000000000]
icmp_ln341_1                  (icmp             ) [ 00000000000000]
most_significant_bit_14       (or               ) [ 00000000000000]
most_significant_bit_15       (select           ) [ 00000000000000]
tmp_159                       (bitselect        ) [ 00000000000000]
tmp_160                       (bitselect        ) [ 00000000000000]
select_ln341_2                (select           ) [ 00000000000000]
most_significant_bit_16       (or               ) [ 00000000000000]
most_significant_bit_17       (select           ) [ 00000000010000]
icmp_ln348_1                  (icmp             ) [ 00000000000000]
and_ln348                     (and              ) [ 00000000000000]
shift_k                       (add              ) [ 00000000000000]
shift_k_1                     (select           ) [ 00000000001111]
icmp_ln348_3                  (icmp             ) [ 00000000000000]
and_ln348_1                   (and              ) [ 00000000000000]
shift_v                       (add              ) [ 00000000000000]
shift_v_1                     (select           ) [ 00000000001111]
cmp_i_i96_i275                (icmp             ) [ 00000000000000]
shift_k_2_cast                (zext             ) [ 00000000000000]
sub_i285                      (add              ) [ 00000000000000]
sub_i285_cast                 (sext             ) [ 00000000000000]
cmp_i73_i288                  (icmp             ) [ 00000000000000]
shl_i75_i291                  (shl              ) [ 00000000000000]
sub_i78_i294                  (sub              ) [ 00000000000000]
sub_i78_i294_cast             (sext             ) [ 00000000000000]
shr_i79_i295                  (lshr             ) [ 00000000000000]
cmp_i_i96_i                   (icmp             ) [ 00000000000000]
shift_v_2_cast                (zext             ) [ 00000000000000]
sub_i                         (add              ) [ 00000000000000]
sub_i_cast                    (sext             ) [ 00000000000000]
cmp_i73_i                     (icmp             ) [ 00000000000000]
shl_i75_i                     (shl              ) [ 00000000000000]
sub_i78_i                     (sub              ) [ 00000000000000]
sub_i78_i_cast                (sext             ) [ 00000000000000]
shr_i79_i                     (lshr             ) [ 00000000000000]
rounding                      (select           ) [ 00000000000000]
rounding_1                    (select           ) [ 00000000000110]
rounding_2                    (select           ) [ 00000000000000]
rounding_3                    (select           ) [ 00000000000110]
call_ln436                    (call             ) [ 00000000000000]
metadata_load                 (load             ) [ 00000000000000]
speclooptripcount_ln393       (speclooptripcount) [ 00000000000000]
specloopname_ln400            (specloopname     ) [ 00000000000000]
quantized_k_group_31_loc_load (load             ) [ 00000000000000]
quantized_k_group_30_loc_load (load             ) [ 00000000000000]
quantized_k_group_29_loc_load (load             ) [ 00000000000000]
quantized_k_group_28_loc_load (load             ) [ 00000000000000]
quantized_k_group_27_loc_load (load             ) [ 00000000000000]
quantized_k_group_26_loc_load (load             ) [ 00000000000000]
quantized_k_group_25_loc_load (load             ) [ 00000000000000]
quantized_k_group_24_loc_load (load             ) [ 00000000000000]
quantized_k_group_23_loc_load (load             ) [ 00000000000000]
quantized_k_group_22_loc_load (load             ) [ 00000000000000]
quantized_k_group_21_loc_load (load             ) [ 00000000000000]
quantized_k_group_20_loc_load (load             ) [ 00000000000000]
quantized_k_group_19_loc_load (load             ) [ 00000000000000]
quantized_k_group_18_loc_load (load             ) [ 00000000000000]
quantized_k_group_17_loc_load (load             ) [ 00000000000000]
quantized_k_group_16_loc_load (load             ) [ 00000000000000]
quantized_k_group_15_loc_load (load             ) [ 00000000000000]
quantized_k_group_14_loc_load (load             ) [ 00000000000000]
quantized_k_group_13_loc_load (load             ) [ 00000000000000]
quantized_k_group_12_loc_load (load             ) [ 00000000000000]
quantized_k_group_11_loc_load (load             ) [ 00000000000000]
quantized_k_group_10_loc_load (load             ) [ 00000000000000]
quantized_k_group_9_loc_load  (load             ) [ 00000000000000]
quantized_k_group_8_loc_load  (load             ) [ 00000000000000]
quantized_k_group_7_loc_load  (load             ) [ 00000000000000]
quantized_k_group_6_loc_load  (load             ) [ 00000000000000]
quantized_k_group_5_loc_load  (load             ) [ 00000000000000]
quantized_k_group_4_loc_load  (load             ) [ 00000000000000]
quantized_k_group_3_loc_load  (load             ) [ 00000000000000]
quantized_k_group_2_loc_load  (load             ) [ 00000000000000]
quantized_k_group_1_loc_load  (load             ) [ 00000000000000]
quantized_k_group_loc_load    (load             ) [ 00000000000000]
quantized_v_group_31_loc_load (load             ) [ 00000000000000]
quantized_v_group_30_loc_load (load             ) [ 00000000000000]
quantized_v_group_29_loc_load (load             ) [ 00000000000000]
quantized_v_group_28_loc_load (load             ) [ 00000000000000]
quantized_v_group_27_loc_load (load             ) [ 00000000000000]
quantized_v_group_26_loc_load (load             ) [ 00000000000000]
quantized_v_group_25_loc_load (load             ) [ 00000000000000]
quantized_v_group_24_loc_load (load             ) [ 00000000000000]
quantized_v_group_23_loc_load (load             ) [ 00000000000000]
quantized_v_group_22_loc_load (load             ) [ 00000000000000]
quantized_v_group_21_loc_load (load             ) [ 00000000000000]
quantized_v_group_20_loc_load (load             ) [ 00000000000000]
quantized_v_group_19_loc_load (load             ) [ 00000000000000]
quantized_v_group_18_loc_load (load             ) [ 00000000000000]
quantized_v_group_17_loc_load (load             ) [ 00000000000000]
quantized_v_group_16_loc_load (load             ) [ 00000000000000]
quantized_v_group_15_loc_load (load             ) [ 00000000000000]
quantized_v_group_14_loc_load (load             ) [ 00000000000000]
quantized_v_group_13_loc_load (load             ) [ 00000000000000]
quantized_v_group_12_loc_load (load             ) [ 00000000000000]
quantized_v_group_11_loc_load (load             ) [ 00000000000000]
quantized_v_group_10_loc_load (load             ) [ 00000000000000]
quantized_v_group_9_loc_load  (load             ) [ 00000000000000]
quantized_v_group_8_loc_load  (load             ) [ 00000000000000]
quantized_v_group_7_loc_load  (load             ) [ 00000000000000]
quantized_v_group_6_loc_load  (load             ) [ 00000000000000]
quantized_v_group_5_loc_load  (load             ) [ 00000000000000]
quantized_v_group_4_loc_load  (load             ) [ 00000000000000]
quantized_v_group_3_loc_load  (load             ) [ 00000000000000]
quantized_v_group_2_loc_load  (load             ) [ 00000000000000]
quantized_v_group_1_loc_load  (load             ) [ 00000000000000]
quantized_v_group_loc_load    (load             ) [ 00000000000000]
or_ln                         (bitconcatenate   ) [ 00000000000000]
zext_ln491                    (zext             ) [ 00000000000000]
zext_ln491_1                  (zext             ) [ 00000000000000]
shl_ln491                     (shl              ) [ 00000000000000]
zext_ln491_2                  (zext             ) [ 00000000000000]
xor_ln491                     (xor              ) [ 00000000000000]
sext_ln491                    (sext             ) [ 00000000000000]
and_ln491                     (and              ) [ 00000000000000]
zext_ln491_3                  (zext             ) [ 00000000000000]
shl_ln491_1                   (shl              ) [ 00000000000000]
trunc_ln491                   (trunc            ) [ 00000000000000]
or_ln491                      (or               ) [ 00000000000000]
tmp_161                       (partselect       ) [ 00000000000000]
metadata_1                    (bitconcatenate   ) [ 00000000000000]
add_ln498                     (add              ) [ 00000000000000]
zext_ln498                    (zext             ) [ 00000000000000]
shl_ln498                     (shl              ) [ 00000000000000]
zext_ln498_1                  (zext             ) [ 00000000000000]
xor_ln498                     (xor              ) [ 00000000000000]
sext_ln498                    (sext             ) [ 00000000000000]
and_ln498                     (and              ) [ 00000000000000]
zext_ln498_2                  (zext             ) [ 00000000000000]
shl_ln498_1                   (shl              ) [ 00000000000000]
trunc_ln498                   (trunc            ) [ 00000000000000]
or_ln498                      (or               ) [ 00000000000000]
tmp_162                       (partselect       ) [ 00000000000000]
metadata_2                    (bitconcatenate   ) [ 00000000000000]
packed_k_group                (bitconcatenate   ) [ 00000000000000]
packed_v_group                (bitconcatenate   ) [ 00000000000000]
switch_ln530                  (switch           ) [ 00000000000000]
store_ln526                   (store            ) [ 00000000000000]
store_ln524                   (store            ) [ 00000000000000]
br_ln531                      (br               ) [ 00000000000000]
store_ln526                   (store            ) [ 00000000000000]
store_ln524                   (store            ) [ 00000000000000]
br_ln531                      (br               ) [ 00000000000000]
store_ln526                   (store            ) [ 00000000000000]
store_ln524                   (store            ) [ 00000000000000]
br_ln530                      (br               ) [ 00000000000000]
store_ln526                   (store            ) [ 00000000000000]
store_ln524                   (store            ) [ 00000000000000]
br_ln531                      (br               ) [ 00000000000000]
store_ln400                   (store            ) [ 00000000000000]
store_ln393                   (store            ) [ 00000000000000]
br_ln400                      (br               ) [ 00000000000000]
</LifeTime>

<model>

<comp_list>
<comp id="0" class="1000" name="k_words">
<pin_list>
<pin id="1" dir="1" index="0" bw="1" slack="0"/>
</pin_list>
<bind>
<StgValue><ssdm name="k_words"/><MemPortTyVec>1 </MemPortTyVec>
</StgValue>
</bind>
</comp>

<comp id="2" class="1000" name="v_words">
<pin_list>
<pin id="3" dir="1" index="0" bw="1" slack="0"/>
</pin_list>
<bind>
<StgValue><ssdm name="v_words"/><MemPortTyVec>1 </MemPortTyVec>
</StgValue>
</bind>
</comp>

<comp id="4" class="1001" name="const_4">
<pin_list>
<pin id="5" dir="1" index="0" bw="1" slack="0"/>
</pin_list>
<bind>
<StgValue><ssdm name=""/></StgValue>
</bind>
</comp>

<comp id="6" class="1001" name="const_6">
<pin_list>
<pin id="7" dir="1" index="0" bw="1" slack="0"/>
</pin_list>
<bind>
<StgValue><ssdm name=""/></StgValue>
</bind>
</comp>

<comp id="8" class="1001" name="const_8">
<pin_list>
<pin id="9" dir="1" index="0" bw="1" slack="2147483647"/>
</pin_list>
<bind>
<StgValue><ssdm name="_ssdm_op_SpecMemCore"/></StgValue>
</bind>
</comp>

<comp id="10" class="1001" name="const_10">
<pin_list>
<pin id="11" dir="1" index="0" bw="1" slack="2147483647"/>
</pin_list>
<bind>
<StgValue><ssdm name=""/></StgValue>
</bind>
</comp>

<comp id="12" class="1001" name="const_12">
<pin_list>
<pin id="13" dir="1" index="0" bw="1" slack="2147483647"/>
</pin_list>
<bind>
<StgValue><ssdm name=""/></StgValue>
</bind>
</comp>

<comp id="14" class="1001" name="const_14">
<pin_list>
<pin id="15" dir="1" index="0" bw="1" slack="2147483647"/>
</pin_list>
<bind>
<StgValue><ssdm name=""/></StgValue>
</bind>
</comp>

<comp id="16" class="1001" name="const_16">
<pin_list>
<pin id="17" dir="1" index="0" bw="1" slack="0"/>
</pin_list>
<bind>
<StgValue><ssdm name=""/></StgValue>
</bind>
</comp>

<comp id="18" class="1001" name="const_18">
<pin_list>
<pin id="19" dir="1" index="0" bw="1" slack="0"/>
</pin_list>
<bind>
<StgValue><ssdm name=""/></StgValue>
</bind>
</comp>

<comp id="20" class="1001" name="const_20">
<pin_list>
<pin id="21" dir="1" index="0" bw="1" slack="0"/>
</pin_list>
<bind>
<StgValue><ssdm name=""/></StgValue>
</bind>
</comp>

<comp id="22" class="1001" name="const_22">
<pin_list>
<pin id="23" dir="1" index="0" bw="1" slack="0"/>
</pin_list>
<bind>
<StgValue><ssdm name=""/></StgValue>
</bind>
</comp>

<comp id="24" class="1001" name="const_24">
<pin_list>
<pin id="25" dir="1" index="0" bw="1" slack="0"/>
</pin_list>
<bind>
<StgValue><ssdm name=""/></StgValue>
</bind>
</comp>

<comp id="26" class="1001" name="const_26">
<pin_list>
<pin id="27" dir="1" index="0" bw="1" slack="0"/>
</pin_list>
<bind>
<StgValue><ssdm name="_ssdm_op_BitConcatenate.i512.i256.i256"/></StgValue>
</bind>
</comp>

<comp id="28" class="1001" name="const_28">
<pin_list>
<pin id="29" dir="1" index="0" bw="1" slack="0"/>
</pin_list>
<bind>
<StgValue><ssdm name=""/></StgValue>
</bind>
</comp>

<comp id="30" class="1001" name="const_30">
<pin_list>
<pin id="31" dir="1" index="0" bw="1" slack="0"/>
</pin_list>
<bind>
<StgValue><ssdm name="_ssdm_op_PartSelect.i32.i512.i32.i32"/></StgValue>
</bind>
</comp>

<comp id="32" class="1001" name="const_32">
<pin_list>
<pin id="33" dir="1" index="0" bw="1" slack="0"/>
</pin_list>
<bind>
<StgValue><ssdm name=""/></StgValue>
</bind>
</comp>

<comp id="34" class="1001" name="const_34">
<pin_list>
<pin id="35" dir="1" index="0" bw="1" slack="0"/>
</pin_list>
<bind>
<StgValue><ssdm name=""/></StgValue>
</bind>
</comp>

<comp id="36" class="1001" name="const_36">
<pin_list>
<pin id="37" dir="1" index="0" bw="1" slack="0"/>
</pin_list>
<bind>
<StgValue><ssdm name=""/></StgValue>
</bind>
</comp>

<comp id="38" class="1001" name="const_38">
<pin_list>
<pin id="39" dir="1" index="0" bw="1" slack="0"/>
</pin_list>
<bind>
<StgValue><ssdm name=""/></StgValue>
</bind>
</comp>

<comp id="40" class="1001" name="const_40">
<pin_list>
<pin id="41" dir="1" index="0" bw="1" slack="0"/>
</pin_list>
<bind>
<StgValue><ssdm name=""/></StgValue>
</bind>
</comp>

<comp id="42" class="1001" name="const_42">
<pin_list>
<pin id="43" dir="1" index="0" bw="1" slack="0"/>
</pin_list>
<bind>
<StgValue><ssdm name=""/></StgValue>
</bind>
</comp>

<comp id="44" class="1001" name="const_44">
<pin_list>
<pin id="45" dir="1" index="0" bw="1" slack="0"/>
</pin_list>
<bind>
<StgValue><ssdm name=""/></StgValue>
</bind>
</comp>

<comp id="46" class="1001" name="const_46">
<pin_list>
<pin id="47" dir="1" index="0" bw="1" slack="0"/>
</pin_list>
<bind>
<StgValue><ssdm name=""/></StgValue>
</bind>
</comp>

<comp id="48" class="1001" name="const_48">
<pin_list>
<pin id="49" dir="1" index="0" bw="1" slack="0"/>
</pin_list>
<bind>
<StgValue><ssdm name=""/></StgValue>
</bind>
</comp>

<comp id="50" class="1001" name="const_50">
<pin_list>
<pin id="51" dir="1" index="0" bw="1" slack="0"/>
</pin_list>
<bind>
<StgValue><ssdm name=""/></StgValue>
</bind>
</comp>

<comp id="52" class="1001" name="const_52">
<pin_list>
<pin id="53" dir="1" index="0" bw="1" slack="0"/>
</pin_list>
<bind>
<StgValue><ssdm name=""/></StgValue>
</bind>
</comp>

<comp id="54" class="1001" name="const_54">
<pin_list>
<pin id="55" dir="1" index="0" bw="1" slack="0"/>
</pin_list>
<bind>
<StgValue><ssdm name=""/></StgValue>
</bind>
</comp>

<comp id="56" class="1001" name="const_56">
<pin_list>
<pin id="57" dir="1" index="0" bw="1" slack="0"/>
</pin_list>
<bind>
<StgValue><ssdm name=""/></StgValue>
</bind>
</comp>

<comp id="58" class="1001" name="const_58">
<pin_list>
<pin id="59" dir="1" index="0" bw="1" slack="0"/>
</pin_list>
<bind>
<StgValue><ssdm name=""/></StgValue>
</bind>
</comp>

<comp id="60" class="1001" name="const_60">
<pin_list>
<pin id="61" dir="1" index="0" bw="1" slack="0"/>
</pin_list>
<bind>
<StgValue><ssdm name=""/></StgValue>
</bind>
</comp>

<comp id="62" class="1001" name="const_62">
<pin_list>
<pin id="63" dir="1" index="0" bw="1" slack="0"/>
</pin_list>
<bind>
<StgValue><ssdm name=""/></StgValue>
</bind>
</comp>

<comp id="64" class="1001" name="const_64">
<pin_list>
<pin id="65" dir="1" index="0" bw="1" slack="0"/>
</pin_list>
<bind>
<StgValue><ssdm name=""/></StgValue>
</bind>
</comp>

<comp id="66" class="1001" name="const_66">
<pin_list>
<pin id="67" dir="1" index="0" bw="1" slack="0"/>
</pin_list>
<bind>
<StgValue><ssdm name=""/></StgValue>
</bind>
</comp>

<comp id="68" class="1001" name="const_68">
<pin_list>
<pin id="69" dir="1" index="0" bw="1" slack="0"/>
</pin_list>
<bind>
<StgValue><ssdm name=""/></StgValue>
</bind>
</comp>

<comp id="70" class="1001" name="const_70">
<pin_list>
<pin id="71" dir="1" index="0" bw="1" slack="0"/>
</pin_list>
<bind>
<StgValue><ssdm name=""/></StgValue>
</bind>
</comp>

<comp id="72" class="1001" name="const_72">
<pin_list>
<pin id="73" dir="1" index="0" bw="1" slack="0"/>
</pin_list>
<bind>
<StgValue><ssdm name=""/></StgValue>
</bind>
</comp>

<comp id="74" class="1001" name="const_74">
<pin_list>
<pin id="75" dir="1" index="0" bw="1" slack="0"/>
</pin_list>
<bind>
<StgValue><ssdm name=""/></StgValue>
</bind>
</comp>

<comp id="76" class="1001" name="const_76">
<pin_list>
<pin id="77" dir="1" index="0" bw="1" slack="0"/>
</pin_list>
<bind>
<StgValue><ssdm name=""/></StgValue>
</bind>
</comp>

<comp id="78" class="1001" name="const_78">
<pin_list>
<pin id="79" dir="1" index="0" bw="1" slack="0"/>
</pin_list>
<bind>
<StgValue><ssdm name=""/></StgValue>
</bind>
</comp>

<comp id="80" class="1001" name="const_80">
<pin_list>
<pin id="81" dir="1" index="0" bw="1" slack="0"/>
</pin_list>
<bind>
<StgValue><ssdm name=""/></StgValue>
</bind>
</comp>

<comp id="82" class="1001" name="const_82">
<pin_list>
<pin id="83" dir="1" index="0" bw="1" slack="0"/>
</pin_list>
<bind>
<StgValue><ssdm name=""/></StgValue>
</bind>
</comp>

<comp id="84" class="1001" name="const_84">
<pin_list>
<pin id="85" dir="1" index="0" bw="1" slack="0"/>
</pin_list>
<bind>
<StgValue><ssdm name=""/></StgValue>
</bind>
</comp>

<comp id="86" class="1001" name="const_86">
<pin_list>
<pin id="87" dir="1" index="0" bw="1" slack="0"/>
</pin_list>
<bind>
<StgValue><ssdm name=""/></StgValue>
</bind>
</comp>

<comp id="88" class="1001" name="const_88">
<pin_list>
<pin id="89" dir="1" index="0" bw="1" slack="0"/>
</pin_list>
<bind>
<StgValue><ssdm name=""/></StgValue>
</bind>
</comp>

<comp id="90" class="1001" name="const_90">
<pin_list>
<pin id="91" dir="1" index="0" bw="1" slack="0"/>
</pin_list>
<bind>
<StgValue><ssdm name=""/></StgValue>
</bind>
</comp>

<comp id="92" class="1001" name="const_92">
<pin_list>
<pin id="93" dir="1" index="0" bw="1" slack="0"/>
</pin_list>
<bind>
<StgValue><ssdm name="swiftkv_quantize_kv_record_Pipeline_find_kv_group_max_block_loop"/></StgValue>
</bind>
</comp>

<comp id="94" class="1001" name="const_94">
<pin_list>
<pin id="95" dir="1" index="0" bw="1" slack="0"/>
</pin_list>
<bind>
<StgValue><ssdm name="_ssdm_op_PartSelect.i16.i32.i32.i32"/></StgValue>
</bind>
</comp>

<comp id="96" class="1001" name="const_96">
<pin_list>
<pin id="97" dir="1" index="0" bw="1" slack="0"/>
</pin_list>
<bind>
<StgValue><ssdm name=""/></StgValue>
</bind>
</comp>

<comp id="98" class="1001" name="const_98">
<pin_list>
<pin id="99" dir="1" index="0" bw="1" slack="0"/>
</pin_list>
<bind>
<StgValue><ssdm name=""/></StgValue>
</bind>
</comp>

<comp id="100" class="1001" name="const_100">
<pin_list>
<pin id="101" dir="1" index="0" bw="1" slack="0"/>
</pin_list>
<bind>
<StgValue><ssdm name=""/></StgValue>
</bind>
</comp>

<comp id="102" class="1001" name="const_102">
<pin_list>
<pin id="103" dir="1" index="0" bw="1" slack="0"/>
</pin_list>
<bind>
<StgValue><ssdm name="_ssdm_op_PartSelect.i8.i16.i32.i32"/></StgValue>
</bind>
</comp>

<comp id="104" class="1001" name="const_104">
<pin_list>
<pin id="105" dir="1" index="0" bw="1" slack="0"/>
</pin_list>
<bind>
<StgValue><ssdm name=""/></StgValue>
</bind>
</comp>

<comp id="106" class="1001" name="const_106">
<pin_list>
<pin id="107" dir="1" index="0" bw="1" slack="0"/>
</pin_list>
<bind>
<StgValue><ssdm name=""/></StgValue>
</bind>
</comp>

<comp id="108" class="1001" name="const_108">
<pin_list>
<pin id="109" dir="1" index="0" bw="1" slack="0"/>
</pin_list>
<bind>
<StgValue><ssdm name=""/></StgValue>
</bind>
</comp>

<comp id="110" class="1001" name="const_110">
<pin_list>
<pin id="111" dir="1" index="0" bw="1" slack="0"/>
</pin_list>
<bind>
<StgValue><ssdm name="_ssdm_op_PartSelect.i4.i8.i32.i32"/></StgValue>
</bind>
</comp>

<comp id="112" class="1001" name="const_112">
<pin_list>
<pin id="113" dir="1" index="0" bw="1" slack="0"/>
</pin_list>
<bind>
<StgValue><ssdm name=""/></StgValue>
</bind>
</comp>

<comp id="114" class="1001" name="const_114">
<pin_list>
<pin id="115" dir="1" index="0" bw="1" slack="0"/>
</pin_list>
<bind>
<StgValue><ssdm name=""/></StgValue>
</bind>
</comp>

<comp id="116" class="1001" name="const_116">
<pin_list>
<pin id="117" dir="1" index="0" bw="1" slack="0"/>
</pin_list>
<bind>
<StgValue><ssdm name=""/></StgValue>
</bind>
</comp>

<comp id="118" class="1001" name="const_118">
<pin_list>
<pin id="119" dir="1" index="0" bw="1" slack="0"/>
</pin_list>
<bind>
<StgValue><ssdm name=""/></StgValue>
</bind>
</comp>

<comp id="120" class="1001" name="const_120">
<pin_list>
<pin id="121" dir="1" index="0" bw="1" slack="0"/>
</pin_list>
<bind>
<StgValue><ssdm name=""/></StgValue>
</bind>
</comp>

<comp id="122" class="1001" name="const_122">
<pin_list>
<pin id="123" dir="1" index="0" bw="1" slack="0"/>
</pin_list>
<bind>
<StgValue><ssdm name=""/></StgValue>
</bind>
</comp>

<comp id="124" class="1001" name="const_124">
<pin_list>
<pin id="125" dir="1" index="0" bw="1" slack="0"/>
</pin_list>
<bind>
<StgValue><ssdm name=""/></StgValue>
</bind>
</comp>

<comp id="126" class="1001" name="const_126">
<pin_list>
<pin id="127" dir="1" index="0" bw="1" slack="0"/>
</pin_list>
<bind>
<StgValue><ssdm name=""/></StgValue>
</bind>
</comp>

<comp id="128" class="1001" name="const_128">
<pin_list>
<pin id="129" dir="1" index="0" bw="1" slack="0"/>
</pin_list>
<bind>
<StgValue><ssdm name=""/></StgValue>
</bind>
</comp>

<comp id="130" class="1001" name="const_130">
<pin_list>
<pin id="131" dir="1" index="0" bw="1" slack="0"/>
</pin_list>
<bind>
<StgValue><ssdm name="_ssdm_op_PartSelect.i2.i4.i32.i32"/></StgValue>
</bind>
</comp>

<comp id="132" class="1001" name="const_132">
<pin_list>
<pin id="133" dir="1" index="0" bw="1" slack="0"/>
</pin_list>
<bind>
<StgValue><ssdm name=""/></StgValue>
</bind>
</comp>

<comp id="134" class="1001" name="const_134">
<pin_list>
<pin id="135" dir="1" index="0" bw="1" slack="0"/>
</pin_list>
<bind>
<StgValue><ssdm name=""/></StgValue>
</bind>
</comp>

<comp id="136" class="1001" name="const_136">
<pin_list>
<pin id="137" dir="1" index="0" bw="1" slack="0"/>
</pin_list>
<bind>
<StgValue><ssdm name=""/></StgValue>
</bind>
</comp>

<comp id="138" class="1001" name="const_138">
<pin_list>
<pin id="139" dir="1" index="0" bw="1" slack="0"/>
</pin_list>
<bind>
<StgValue><ssdm name=""/></StgValue>
</bind>
</comp>

<comp id="140" class="1001" name="const_140">
<pin_list>
<pin id="141" dir="1" index="0" bw="1" slack="0"/>
</pin_list>
<bind>
<StgValue><ssdm name="_ssdm_op_BitSelect.i1.i4.i32"/></StgValue>
</bind>
</comp>

<comp id="142" class="1001" name="const_142">
<pin_list>
<pin id="143" dir="1" index="0" bw="1" slack="0"/>
</pin_list>
<bind>
<StgValue><ssdm name=""/></StgValue>
</bind>
</comp>

<comp id="144" class="1001" name="const_144">
<pin_list>
<pin id="145" dir="1" index="0" bw="1" slack="0"/>
</pin_list>
<bind>
<StgValue><ssdm name=""/></StgValue>
</bind>
</comp>

<comp id="146" class="1001" name="const_146">
<pin_list>
<pin id="147" dir="1" index="0" bw="1" slack="0"/>
</pin_list>
<bind>
<StgValue><ssdm name=""/></StgValue>
</bind>
</comp>

<comp id="148" class="1001" name="const_148">
<pin_list>
<pin id="149" dir="1" index="0" bw="1" slack="0"/>
</pin_list>
<bind>
<StgValue><ssdm name=""/></StgValue>
</bind>
</comp>

<comp id="150" class="1001" name="const_150">
<pin_list>
<pin id="151" dir="1" index="0" bw="1" slack="0"/>
</pin_list>
<bind>
<StgValue><ssdm name=""/></StgValue>
</bind>
</comp>

<comp id="152" class="1001" name="const_152">
<pin_list>
<pin id="153" dir="1" index="0" bw="1" slack="0"/>
</pin_list>
<bind>
<StgValue><ssdm name="swiftkv_quantize_kv_record_Pipeline_quantize_kv_group_block_loop"/></StgValue>
</bind>
</comp>

<comp id="154" class="1001" name="const_154">
<pin_list>
<pin id="155" dir="1" index="0" bw="1" slack="2147483647"/>
</pin_list>
<bind>
<StgValue><ssdm name="_ssdm_op_SpecLoopTripCount"/></StgValue>
</bind>
</comp>

<comp id="156" class="1001" name="const_156">
<pin_list>
<pin id="157" dir="1" index="0" bw="1" slack="2147483647"/>
</pin_list>
<bind>
<StgValue><ssdm name=""/></StgValue>
</bind>
</comp>

<comp id="158" class="1001" name="const_158">
<pin_list>
<pin id="159" dir="1" index="0" bw="1" slack="2147483647"/>
</pin_list>
<bind>
<StgValue><ssdm name="_ssdm_op_SpecLoopName"/></StgValue>
</bind>
</comp>

<comp id="160" class="1001" name="const_160">
<pin_list>
<pin id="161" dir="1" index="0" bw="1" slack="2147483647"/>
</pin_list>
<bind>
<StgValue><ssdm name="empty_464"/></StgValue>
</bind>
</comp>

<comp id="162" class="1001" name="const_162">
<pin_list>
<pin id="163" dir="1" index="0" bw="1" slack="0"/>
</pin_list>
<bind>
<StgValue><ssdm name="_ssdm_op_BitConcatenate.i4.i2.i2"/></StgValue>
</bind>
</comp>

<comp id="164" class="1001" name="const_164">
<pin_list>
<pin id="165" dir="1" index="0" bw="1" slack="0"/>
</pin_list>
<bind>
<StgValue><ssdm name=""/></StgValue>
</bind>
</comp>

<comp id="166" class="1001" name="const_166">
<pin_list>
<pin id="167" dir="1" index="0" bw="1" slack="0"/>
</pin_list>
<bind>
<StgValue><ssdm name=""/></StgValue>
</bind>
</comp>

<comp id="168" class="1001" name="const_168">
<pin_list>
<pin id="169" dir="1" index="0" bw="1" slack="0"/>
</pin_list>
<bind>
<StgValue><ssdm name="_ssdm_op_PartSelect.i492.i512.i32.i32"/></StgValue>
</bind>
</comp>

<comp id="170" class="1001" name="const_170">
<pin_list>
<pin id="171" dir="1" index="0" bw="1" slack="0"/>
</pin_list>
<bind>
<StgValue><ssdm name=""/></StgValue>
</bind>
</comp>

<comp id="172" class="1001" name="const_172">
<pin_list>
<pin id="173" dir="1" index="0" bw="1" slack="0"/>
</pin_list>
<bind>
<StgValue><ssdm name="_ssdm_op_BitConcatenate.i512.i492.i20"/></StgValue>
</bind>
</comp>

<comp id="174" class="1001" name="const_174">
<pin_list>
<pin id="175" dir="1" index="0" bw="1" slack="0"/>
</pin_list>
<bind>
<StgValue><ssdm name=""/></StgValue>
</bind>
</comp>

<comp id="176" class="1001" name="const_176">
<pin_list>
<pin id="177" dir="1" index="0" bw="1" slack="0"/>
</pin_list>
<bind>
<StgValue><ssdm name=""/></StgValue>
</bind>
</comp>

<comp id="178" class="1001" name="const_178">
<pin_list>
<pin id="179" dir="1" index="0" bw="1" slack="0"/>
</pin_list>
<bind>
<StgValue><ssdm name=""/></StgValue>
</bind>
</comp>

<comp id="180" class="1001" name="const_180">
<pin_list>
<pin id="181" dir="1" index="0" bw="1" slack="0"/>
</pin_list>
<bind>
<StgValue><ssdm name="_ssdm_op_PartSelect.i472.i512.i32.i32"/></StgValue>
</bind>
</comp>

<comp id="182" class="1001" name="const_182">
<pin_list>
<pin id="183" dir="1" index="0" bw="1" slack="0"/>
</pin_list>
<bind>
<StgValue><ssdm name=""/></StgValue>
</bind>
</comp>

<comp id="184" class="1001" name="const_184">
<pin_list>
<pin id="185" dir="1" index="0" bw="1" slack="0"/>
</pin_list>
<bind>
<StgValue><ssdm name="_ssdm_op_BitConcatenate.i512.i472.i40"/></StgValue>
</bind>
</comp>

<comp id="186" class="1001" name="const_186">
<pin_list>
<pin id="187" dir="1" index="0" bw="1" slack="0"/>
</pin_list>
<bind>
<StgValue><ssdm name="_ssdm_op_BitConcatenate.i256.i8.i8.i8.i8.i8.i8.i8.i8.i8.i8.i8.i8.i8.i8.i8.i8.i8.i8.i8.i8.i8.i8.i8.i8.i8.i8.i8.i8.i8.i8.i8.i8"/></StgValue>
</bind>
</comp>

<comp id="188" class="1001" name="const_188">
<pin_list>
<pin id="189" dir="1" index="0" bw="1" slack="2147483647"/>
</pin_list>
<bind>
<StgValue><ssdm name=""/></StgValue>
</bind>
</comp>

<comp id="190" class="1001" name="const_190">
<pin_list>
<pin id="191" dir="1" index="0" bw="1" slack="2147483647"/>
</pin_list>
<bind>
<StgValue><ssdm name=""/></StgValue>
</bind>
</comp>

<comp id="192" class="1004" name="metadata_fu_192">
<pin_list>
<pin id="193" dir="0" index="0" bw="1" slack="0"/>
<pin id="194" dir="1" index="1" bw="512" slack="0"/>
</pin_list>
<bind>
<opcode="alloca(26) " fcode="alloca"/>
<opset="metadata/1 "/>
</bind>
</comp>

<comp id="196" class="1004" name="group_fu_196">
<pin_list>
<pin id="197" dir="0" index="0" bw="1" slack="0"/>
<pin id="198" dir="1" index="1" bw="3" slack="0"/>
</pin_list>
<bind>
<opcode="alloca(26) " fcode="alloca"/>
<opset="group/1 "/>
</bind>
</comp>

<comp id="200" class="1004" name="empty_fu_200">
<pin_list>
<pin id="201" dir="0" index="0" bw="1" slack="0"/>
<pin id="202" dir="1" index="1" bw="256" slack="1"/>
</pin_list>
<bind>
<opcode="alloca(26) " fcode="alloca"/>
<opset="empty/1 "/>
</bind>
</comp>

<comp id="204" class="1004" name="empty_729_fu_204">
<pin_list>
<pin id="205" dir="0" index="0" bw="1" slack="0"/>
<pin id="206" dir="1" index="1" bw="256" slack="1"/>
</pin_list>
<bind>
<opcode="alloca(26) " fcode="alloca"/>
<opset="empty_729/1 "/>
</bind>
</comp>

<comp id="208" class="1004" name="empty_730_fu_208">
<pin_list>
<pin id="209" dir="0" index="0" bw="1" slack="0"/>
<pin id="210" dir="1" index="1" bw="256" slack="1"/>
</pin_list>
<bind>
<opcode="alloca(26) " fcode="alloca"/>
<opset="empty_730/1 "/>
</bind>
</comp>

<comp id="212" class="1004" name="empty_731_fu_212">
<pin_list>
<pin id="213" dir="0" index="0" bw="1" slack="0"/>
<pin id="214" dir="1" index="1" bw="256" slack="1"/>
</pin_list>
<bind>
<opcode="alloca(26) " fcode="alloca"/>
<opset="empty_731/1 "/>
</bind>
</comp>

<comp id="216" class="1004" name="empty_732_fu_216">
<pin_list>
<pin id="217" dir="0" index="0" bw="1" slack="0"/>
<pin id="218" dir="1" index="1" bw="256" slack="1"/>
</pin_list>
<bind>
<opcode="alloca(26) " fcode="alloca"/>
<opset="empty_732/1 "/>
</bind>
</comp>

<comp id="220" class="1004" name="empty_733_fu_220">
<pin_list>
<pin id="221" dir="0" index="0" bw="1" slack="0"/>
<pin id="222" dir="1" index="1" bw="256" slack="1"/>
</pin_list>
<bind>
<opcode="alloca(26) " fcode="alloca"/>
<opset="empty_733/1 "/>
</bind>
</comp>

<comp id="224" class="1004" name="empty_734_fu_224">
<pin_list>
<pin id="225" dir="0" index="0" bw="1" slack="0"/>
<pin id="226" dir="1" index="1" bw="256" slack="1"/>
</pin_list>
<bind>
<opcode="alloca(26) " fcode="alloca"/>
<opset="empty_734/1 "/>
</bind>
</comp>

<comp id="228" class="1004" name="empty_735_fu_228">
<pin_list>
<pin id="229" dir="0" index="0" bw="1" slack="0"/>
<pin id="230" dir="1" index="1" bw="256" slack="1"/>
</pin_list>
<bind>
<opcode="alloca(26) " fcode="alloca"/>
<opset="empty_735/1 "/>
</bind>
</comp>

<comp id="232" class="1004" name="quantized_v_group_loc_fu_232">
<pin_list>
<pin id="233" dir="0" index="0" bw="1" slack="0"/>
<pin id="234" dir="1" index="1" bw="8" slack="10"/>
</pin_list>
<bind>
<opcode="alloca(26) " fcode="alloca"/>
<opset="quantized_v_group_loc/1 "/>
</bind>
</comp>

<comp id="236" class="1004" name="quantized_v_group_1_loc_fu_236">
<pin_list>
<pin id="237" dir="0" index="0" bw="1" slack="0"/>
<pin id="238" dir="1" index="1" bw="8" slack="10"/>
</pin_list>
<bind>
<opcode="alloca(26) " fcode="alloca"/>
<opset="quantized_v_group_1_loc/1 "/>
</bind>
</comp>

<comp id="240" class="1004" name="quantized_v_group_2_loc_fu_240">
<pin_list>
<pin id="241" dir="0" index="0" bw="1" slack="0"/>
<pin id="242" dir="1" index="1" bw="8" slack="10"/>
</pin_list>
<bind>
<opcode="alloca(26) " fcode="alloca"/>
<opset="quantized_v_group_2_loc/1 "/>
</bind>
</comp>

<comp id="244" class="1004" name="quantized_v_group_3_loc_fu_244">
<pin_list>
<pin id="245" dir="0" index="0" bw="1" slack="0"/>
<pin id="246" dir="1" index="1" bw="8" slack="10"/>
</pin_list>
<bind>
<opcode="alloca(26) " fcode="alloca"/>
<opset="quantized_v_group_3_loc/1 "/>
</bind>
</comp>

<comp id="248" class="1004" name="quantized_v_group_4_loc_fu_248">
<pin_list>
<pin id="249" dir="0" index="0" bw="1" slack="0"/>
<pin id="250" dir="1" index="1" bw="8" slack="10"/>
</pin_list>
<bind>
<opcode="alloca(26) " fcode="alloca"/>
<opset="quantized_v_group_4_loc/1 "/>
</bind>
</comp>

<comp id="252" class="1004" name="quantized_v_group_5_loc_fu_252">
<pin_list>
<pin id="253" dir="0" index="0" bw="1" slack="0"/>
<pin id="254" dir="1" index="1" bw="8" slack="10"/>
</pin_list>
<bind>
<opcode="alloca(26) " fcode="alloca"/>
<opset="quantized_v_group_5_loc/1 "/>
</bind>
</comp>

<comp id="256" class="1004" name="quantized_v_group_6_loc_fu_256">
<pin_list>
<pin id="257" dir="0" index="0" bw="1" slack="0"/>
<pin id="258" dir="1" index="1" bw="8" slack="10"/>
</pin_list>
<bind>
<opcode="alloca(26) " fcode="alloca"/>
<opset="quantized_v_group_6_loc/1 "/>
</bind>
</comp>

<comp id="260" class="1004" name="quantized_v_group_7_loc_fu_260">
<pin_list>
<pin id="261" dir="0" index="0" bw="1" slack="0"/>
<pin id="262" dir="1" index="1" bw="8" slack="10"/>
</pin_list>
<bind>
<opcode="alloca(26) " fcode="alloca"/>
<opset="quantized_v_group_7_loc/1 "/>
</bind>
</comp>

<comp id="264" class="1004" name="quantized_v_group_8_loc_fu_264">
<pin_list>
<pin id="265" dir="0" index="0" bw="1" slack="0"/>
<pin id="266" dir="1" index="1" bw="8" slack="10"/>
</pin_list>
<bind>
<opcode="alloca(26) " fcode="alloca"/>
<opset="quantized_v_group_8_loc/1 "/>
</bind>
</comp>

<comp id="268" class="1004" name="quantized_v_group_9_loc_fu_268">
<pin_list>
<pin id="269" dir="0" index="0" bw="1" slack="0"/>
<pin id="270" dir="1" index="1" bw="8" slack="10"/>
</pin_list>
<bind>
<opcode="alloca(26) " fcode="alloca"/>
<opset="quantized_v_group_9_loc/1 "/>
</bind>
</comp>

<comp id="272" class="1004" name="quantized_v_group_10_loc_fu_272">
<pin_list>
<pin id="273" dir="0" index="0" bw="1" slack="0"/>
<pin id="274" dir="1" index="1" bw="8" slack="10"/>
</pin_list>
<bind>
<opcode="alloca(26) " fcode="alloca"/>
<opset="quantized_v_group_10_loc/1 "/>
</bind>
</comp>

<comp id="276" class="1004" name="quantized_v_group_11_loc_fu_276">
<pin_list>
<pin id="277" dir="0" index="0" bw="1" slack="0"/>
<pin id="278" dir="1" index="1" bw="8" slack="10"/>
</pin_list>
<bind>
<opcode="alloca(26) " fcode="alloca"/>
<opset="quantized_v_group_11_loc/1 "/>
</bind>
</comp>

<comp id="280" class="1004" name="quantized_v_group_12_loc_fu_280">
<pin_list>
<pin id="281" dir="0" index="0" bw="1" slack="0"/>
<pin id="282" dir="1" index="1" bw="8" slack="10"/>
</pin_list>
<bind>
<opcode="alloca(26) " fcode="alloca"/>
<opset="quantized_v_group_12_loc/1 "/>
</bind>
</comp>

<comp id="284" class="1004" name="quantized_v_group_13_loc_fu_284">
<pin_list>
<pin id="285" dir="0" index="0" bw="1" slack="0"/>
<pin id="286" dir="1" index="1" bw="8" slack="10"/>
</pin_list>
<bind>
<opcode="alloca(26) " fcode="alloca"/>
<opset="quantized_v_group_13_loc/1 "/>
</bind>
</comp>

<comp id="288" class="1004" name="quantized_v_group_14_loc_fu_288">
<pin_list>
<pin id="289" dir="0" index="0" bw="1" slack="0"/>
<pin id="290" dir="1" index="1" bw="8" slack="10"/>
</pin_list>
<bind>
<opcode="alloca(26) " fcode="alloca"/>
<opset="quantized_v_group_14_loc/1 "/>
</bind>
</comp>

<comp id="292" class="1004" name="quantized_v_group_15_loc_fu_292">
<pin_list>
<pin id="293" dir="0" index="0" bw="1" slack="0"/>
<pin id="294" dir="1" index="1" bw="8" slack="10"/>
</pin_list>
<bind>
<opcode="alloca(26) " fcode="alloca"/>
<opset="quantized_v_group_15_loc/1 "/>
</bind>
</comp>

<comp id="296" class="1004" name="quantized_v_group_16_loc_fu_296">
<pin_list>
<pin id="297" dir="0" index="0" bw="1" slack="0"/>
<pin id="298" dir="1" index="1" bw="8" slack="10"/>
</pin_list>
<bind>
<opcode="alloca(26) " fcode="alloca"/>
<opset="quantized_v_group_16_loc/1 "/>
</bind>
</comp>

<comp id="300" class="1004" name="quantized_v_group_17_loc_fu_300">
<pin_list>
<pin id="301" dir="0" index="0" bw="1" slack="0"/>
<pin id="302" dir="1" index="1" bw="8" slack="10"/>
</pin_list>
<bind>
<opcode="alloca(26) " fcode="alloca"/>
<opset="quantized_v_group_17_loc/1 "/>
</bind>
</comp>

<comp id="304" class="1004" name="quantized_v_group_18_loc_fu_304">
<pin_list>
<pin id="305" dir="0" index="0" bw="1" slack="0"/>
<pin id="306" dir="1" index="1" bw="8" slack="10"/>
</pin_list>
<bind>
<opcode="alloca(26) " fcode="alloca"/>
<opset="quantized_v_group_18_loc/1 "/>
</bind>
</comp>

<comp id="308" class="1004" name="quantized_v_group_19_loc_fu_308">
<pin_list>
<pin id="309" dir="0" index="0" bw="1" slack="0"/>
<pin id="310" dir="1" index="1" bw="8" slack="10"/>
</pin_list>
<bind>
<opcode="alloca(26) " fcode="alloca"/>
<opset="quantized_v_group_19_loc/1 "/>
</bind>
</comp>

<comp id="312" class="1004" name="quantized_v_group_20_loc_fu_312">
<pin_list>
<pin id="313" dir="0" index="0" bw="1" slack="0"/>
<pin id="314" dir="1" index="1" bw="8" slack="10"/>
</pin_list>
<bind>
<opcode="alloca(26) " fcode="alloca"/>
<opset="quantized_v_group_20_loc/1 "/>
</bind>
</comp>

<comp id="316" class="1004" name="quantized_v_group_21_loc_fu_316">
<pin_list>
<pin id="317" dir="0" index="0" bw="1" slack="0"/>
<pin id="318" dir="1" index="1" bw="8" slack="10"/>
</pin_list>
<bind>
<opcode="alloca(26) " fcode="alloca"/>
<opset="quantized_v_group_21_loc/1 "/>
</bind>
</comp>

<comp id="320" class="1004" name="quantized_v_group_22_loc_fu_320">
<pin_list>
<pin id="321" dir="0" index="0" bw="1" slack="0"/>
<pin id="322" dir="1" index="1" bw="8" slack="10"/>
</pin_list>
<bind>
<opcode="alloca(26) " fcode="alloca"/>
<opset="quantized_v_group_22_loc/1 "/>
</bind>
</comp>

<comp id="324" class="1004" name="quantized_v_group_23_loc_fu_324">
<pin_list>
<pin id="325" dir="0" index="0" bw="1" slack="0"/>
<pin id="326" dir="1" index="1" bw="8" slack="10"/>
</pin_list>
<bind>
<opcode="alloca(26) " fcode="alloca"/>
<opset="quantized_v_group_23_loc/1 "/>
</bind>
</comp>

<comp id="328" class="1004" name="quantized_v_group_24_loc_fu_328">
<pin_list>
<pin id="329" dir="0" index="0" bw="1" slack="0"/>
<pin id="330" dir="1" index="1" bw="8" slack="10"/>
</pin_list>
<bind>
<opcode="alloca(26) " fcode="alloca"/>
<opset="quantized_v_group_24_loc/1 "/>
</bind>
</comp>

<comp id="332" class="1004" name="quantized_v_group_25_loc_fu_332">
<pin_list>
<pin id="333" dir="0" index="0" bw="1" slack="0"/>
<pin id="334" dir="1" index="1" bw="8" slack="10"/>
</pin_list>
<bind>
<opcode="alloca(26) " fcode="alloca"/>
<opset="quantized_v_group_25_loc/1 "/>
</bind>
</comp>

<comp id="336" class="1004" name="quantized_v_group_26_loc_fu_336">
<pin_list>
<pin id="337" dir="0" index="0" bw="1" slack="0"/>
<pin id="338" dir="1" index="1" bw="8" slack="10"/>
</pin_list>
<bind>
<opcode="alloca(26) " fcode="alloca"/>
<opset="quantized_v_group_26_loc/1 "/>
</bind>
</comp>

<comp id="340" class="1004" name="quantized_v_group_27_loc_fu_340">
<pin_list>
<pin id="341" dir="0" index="0" bw="1" slack="0"/>
<pin id="342" dir="1" index="1" bw="8" slack="10"/>
</pin_list>
<bind>
<opcode="alloca(26) " fcode="alloca"/>
<opset="quantized_v_group_27_loc/1 "/>
</bind>
</comp>

<comp id="344" class="1004" name="quantized_v_group_28_loc_fu_344">
<pin_list>
<pin id="345" dir="0" index="0" bw="1" slack="0"/>
<pin id="346" dir="1" index="1" bw="8" slack="10"/>
</pin_list>
<bind>
<opcode="alloca(26) " fcode="alloca"/>
<opset="quantized_v_group_28_loc/1 "/>
</bind>
</comp>

<comp id="348" class="1004" name="quantized_v_group_29_loc_fu_348">
<pin_list>
<pin id="349" dir="0" index="0" bw="1" slack="0"/>
<pin id="350" dir="1" index="1" bw="8" slack="10"/>
</pin_list>
<bind>
<opcode="alloca(26) " fcode="alloca"/>
<opset="quantized_v_group_29_loc/1 "/>
</bind>
</comp>

<comp id="352" class="1004" name="quantized_v_group_30_loc_fu_352">
<pin_list>
<pin id="353" dir="0" index="0" bw="1" slack="0"/>
<pin id="354" dir="1" index="1" bw="8" slack="10"/>
</pin_list>
<bind>
<opcode="alloca(26) " fcode="alloca"/>
<opset="quantized_v_group_30_loc/1 "/>
</bind>
</comp>

<comp id="356" class="1004" name="quantized_v_group_31_loc_fu_356">
<pin_list>
<pin id="357" dir="0" index="0" bw="1" slack="0"/>
<pin id="358" dir="1" index="1" bw="8" slack="10"/>
</pin_list>
<bind>
<opcode="alloca(26) " fcode="alloca"/>
<opset="quantized_v_group_31_loc/1 "/>
</bind>
</comp>

<comp id="360" class="1004" name="quantized_k_group_loc_fu_360">
<pin_list>
<pin id="361" dir="0" index="0" bw="1" slack="0"/>
<pin id="362" dir="1" index="1" bw="8" slack="10"/>
</pin_list>
<bind>
<opcode="alloca(26) " fcode="alloca"/>
<opset="quantized_k_group_loc/1 "/>
</bind>
</comp>

<comp id="364" class="1004" name="quantized_k_group_1_loc_fu_364">
<pin_list>
<pin id="365" dir="0" index="0" bw="1" slack="0"/>
<pin id="366" dir="1" index="1" bw="8" slack="10"/>
</pin_list>
<bind>
<opcode="alloca(26) " fcode="alloca"/>
<opset="quantized_k_group_1_loc/1 "/>
</bind>
</comp>

<comp id="368" class="1004" name="quantized_k_group_2_loc_fu_368">
<pin_list>
<pin id="369" dir="0" index="0" bw="1" slack="0"/>
<pin id="370" dir="1" index="1" bw="8" slack="10"/>
</pin_list>
<bind>
<opcode="alloca(26) " fcode="alloca"/>
<opset="quantized_k_group_2_loc/1 "/>
</bind>
</comp>

<comp id="372" class="1004" name="quantized_k_group_3_loc_fu_372">
<pin_list>
<pin id="373" dir="0" index="0" bw="1" slack="0"/>
<pin id="374" dir="1" index="1" bw="8" slack="10"/>
</pin_list>
<bind>
<opcode="alloca(26) " fcode="alloca"/>
<opset="quantized_k_group_3_loc/1 "/>
</bind>
</comp>

<comp id="376" class="1004" name="quantized_k_group_4_loc_fu_376">
<pin_list>
<pin id="377" dir="0" index="0" bw="1" slack="0"/>
<pin id="378" dir="1" index="1" bw="8" slack="10"/>
</pin_list>
<bind>
<opcode="alloca(26) " fcode="alloca"/>
<opset="quantized_k_group_4_loc/1 "/>
</bind>
</comp>

<comp id="380" class="1004" name="quantized_k_group_5_loc_fu_380">
<pin_list>
<pin id="381" dir="0" index="0" bw="1" slack="0"/>
<pin id="382" dir="1" index="1" bw="8" slack="10"/>
</pin_list>
<bind>
<opcode="alloca(26) " fcode="alloca"/>
<opset="quantized_k_group_5_loc/1 "/>
</bind>
</comp>

<comp id="384" class="1004" name="quantized_k_group_6_loc_fu_384">
<pin_list>
<pin id="385" dir="0" index="0" bw="1" slack="0"/>
<pin id="386" dir="1" index="1" bw="8" slack="10"/>
</pin_list>
<bind>
<opcode="alloca(26) " fcode="alloca"/>
<opset="quantized_k_group_6_loc/1 "/>
</bind>
</comp>

<comp id="388" class="1004" name="quantized_k_group_7_loc_fu_388">
<pin_list>
<pin id="389" dir="0" index="0" bw="1" slack="0"/>
<pin id="390" dir="1" index="1" bw="8" slack="10"/>
</pin_list>
<bind>
<opcode="alloca(26) " fcode="alloca"/>
<opset="quantized_k_group_7_loc/1 "/>
</bind>
</comp>

<comp id="392" class="1004" name="quantized_k_group_8_loc_fu_392">
<pin_list>
<pin id="393" dir="0" index="0" bw="1" slack="0"/>
<pin id="394" dir="1" index="1" bw="8" slack="10"/>
</pin_list>
<bind>
<opcode="alloca(26) " fcode="alloca"/>
<opset="quantized_k_group_8_loc/1 "/>
</bind>
</comp>

<comp id="396" class="1004" name="quantized_k_group_9_loc_fu_396">
<pin_list>
<pin id="397" dir="0" index="0" bw="1" slack="0"/>
<pin id="398" dir="1" index="1" bw="8" slack="10"/>
</pin_list>
<bind>
<opcode="alloca(26) " fcode="alloca"/>
<opset="quantized_k_group_9_loc/1 "/>
</bind>
</comp>

<comp id="400" class="1004" name="quantized_k_group_10_loc_fu_400">
<pin_list>
<pin id="401" dir="0" index="0" bw="1" slack="0"/>
<pin id="402" dir="1" index="1" bw="8" slack="10"/>
</pin_list>
<bind>
<opcode="alloca(26) " fcode="alloca"/>
<opset="quantized_k_group_10_loc/1 "/>
</bind>
</comp>

<comp id="404" class="1004" name="quantized_k_group_11_loc_fu_404">
<pin_list>
<pin id="405" dir="0" index="0" bw="1" slack="0"/>
<pin id="406" dir="1" index="1" bw="8" slack="10"/>
</pin_list>
<bind>
<opcode="alloca(26) " fcode="alloca"/>
<opset="quantized_k_group_11_loc/1 "/>
</bind>
</comp>

<comp id="408" class="1004" name="quantized_k_group_12_loc_fu_408">
<pin_list>
<pin id="409" dir="0" index="0" bw="1" slack="0"/>
<pin id="410" dir="1" index="1" bw="8" slack="10"/>
</pin_list>
<bind>
<opcode="alloca(26) " fcode="alloca"/>
<opset="quantized_k_group_12_loc/1 "/>
</bind>
</comp>

<comp id="412" class="1004" name="quantized_k_group_13_loc_fu_412">
<pin_list>
<pin id="413" dir="0" index="0" bw="1" slack="0"/>
<pin id="414" dir="1" index="1" bw="8" slack="10"/>
</pin_list>
<bind>
<opcode="alloca(26) " fcode="alloca"/>
<opset="quantized_k_group_13_loc/1 "/>
</bind>
</comp>

<comp id="416" class="1004" name="quantized_k_group_14_loc_fu_416">
<pin_list>
<pin id="417" dir="0" index="0" bw="1" slack="0"/>
<pin id="418" dir="1" index="1" bw="8" slack="10"/>
</pin_list>
<bind>
<opcode="alloca(26) " fcode="alloca"/>
<opset="quantized_k_group_14_loc/1 "/>
</bind>
</comp>

<comp id="420" class="1004" name="quantized_k_group_15_loc_fu_420">
<pin_list>
<pin id="421" dir="0" index="0" bw="1" slack="0"/>
<pin id="422" dir="1" index="1" bw="8" slack="10"/>
</pin_list>
<bind>
<opcode="alloca(26) " fcode="alloca"/>
<opset="quantized_k_group_15_loc/1 "/>
</bind>
</comp>

<comp id="424" class="1004" name="quantized_k_group_16_loc_fu_424">
<pin_list>
<pin id="425" dir="0" index="0" bw="1" slack="0"/>
<pin id="426" dir="1" index="1" bw="8" slack="10"/>
</pin_list>
<bind>
<opcode="alloca(26) " fcode="alloca"/>
<opset="quantized_k_group_16_loc/1 "/>
</bind>
</comp>

<comp id="428" class="1004" name="quantized_k_group_17_loc_fu_428">
<pin_list>
<pin id="429" dir="0" index="0" bw="1" slack="0"/>
<pin id="430" dir="1" index="1" bw="8" slack="10"/>
</pin_list>
<bind>
<opcode="alloca(26) " fcode="alloca"/>
<opset="quantized_k_group_17_loc/1 "/>
</bind>
</comp>

<comp id="432" class="1004" name="quantized_k_group_18_loc_fu_432">
<pin_list>
<pin id="433" dir="0" index="0" bw="1" slack="0"/>
<pin id="434" dir="1" index="1" bw="8" slack="10"/>
</pin_list>
<bind>
<opcode="alloca(26) " fcode="alloca"/>
<opset="quantized_k_group_18_loc/1 "/>
</bind>
</comp>

<comp id="436" class="1004" name="quantized_k_group_19_loc_fu_436">
<pin_list>
<pin id="437" dir="0" index="0" bw="1" slack="0"/>
<pin id="438" dir="1" index="1" bw="8" slack="10"/>
</pin_list>
<bind>
<opcode="alloca(26) " fcode="alloca"/>
<opset="quantized_k_group_19_loc/1 "/>
</bind>
</comp>

<comp id="440" class="1004" name="quantized_k_group_20_loc_fu_440">
<pin_list>
<pin id="441" dir="0" index="0" bw="1" slack="0"/>
<pin id="442" dir="1" index="1" bw="8" slack="10"/>
</pin_list>
<bind>
<opcode="alloca(26) " fcode="alloca"/>
<opset="quantized_k_group_20_loc/1 "/>
</bind>
</comp>

<comp id="444" class="1004" name="quantized_k_group_21_loc_fu_444">
<pin_list>
<pin id="445" dir="0" index="0" bw="1" slack="0"/>
<pin id="446" dir="1" index="1" bw="8" slack="10"/>
</pin_list>
<bind>
<opcode="alloca(26) " fcode="alloca"/>
<opset="quantized_k_group_21_loc/1 "/>
</bind>
</comp>

<comp id="448" class="1004" name="quantized_k_group_22_loc_fu_448">
<pin_list>
<pin id="449" dir="0" index="0" bw="1" slack="0"/>
<pin id="450" dir="1" index="1" bw="8" slack="10"/>
</pin_list>
<bind>
<opcode="alloca(26) " fcode="alloca"/>
<opset="quantized_k_group_22_loc/1 "/>
</bind>
</comp>

<comp id="452" class="1004" name="quantized_k_group_23_loc_fu_452">
<pin_list>
<pin id="453" dir="0" index="0" bw="1" slack="0"/>
<pin id="454" dir="1" index="1" bw="8" slack="10"/>
</pin_list>
<bind>
<opcode="alloca(26) " fcode="alloca"/>
<opset="quantized_k_group_23_loc/1 "/>
</bind>
</comp>

<comp id="456" class="1004" name="quantized_k_group_24_loc_fu_456">
<pin_list>
<pin id="457" dir="0" index="0" bw="1" slack="0"/>
<pin id="458" dir="1" index="1" bw="8" slack="10"/>
</pin_list>
<bind>
<opcode="alloca(26) " fcode="alloca"/>
<opset="quantized_k_group_24_loc/1 "/>
</bind>
</comp>

<comp id="460" class="1004" name="quantized_k_group_25_loc_fu_460">
<pin_list>
<pin id="461" dir="0" index="0" bw="1" slack="0"/>
<pin id="462" dir="1" index="1" bw="8" slack="10"/>
</pin_list>
<bind>
<opcode="alloca(26) " fcode="alloca"/>
<opset="quantized_k_group_25_loc/1 "/>
</bind>
</comp>

<comp id="464" class="1004" name="quantized_k_group_26_loc_fu_464">
<pin_list>
<pin id="465" dir="0" index="0" bw="1" slack="0"/>
<pin id="466" dir="1" index="1" bw="8" slack="10"/>
</pin_list>
<bind>
<opcode="alloca(26) " fcode="alloca"/>
<opset="quantized_k_group_26_loc/1 "/>
</bind>
</comp>

<comp id="468" class="1004" name="quantized_k_group_27_loc_fu_468">
<pin_list>
<pin id="469" dir="0" index="0" bw="1" slack="0"/>
<pin id="470" dir="1" index="1" bw="8" slack="10"/>
</pin_list>
<bind>
<opcode="alloca(26) " fcode="alloca"/>
<opset="quantized_k_group_27_loc/1 "/>
</bind>
</comp>

<comp id="472" class="1004" name="quantized_k_group_28_loc_fu_472">
<pin_list>
<pin id="473" dir="0" index="0" bw="1" slack="0"/>
<pin id="474" dir="1" index="1" bw="8" slack="10"/>
</pin_list>
<bind>
<opcode="alloca(26) " fcode="alloca"/>
<opset="quantized_k_group_28_loc/1 "/>
</bind>
</comp>

<comp id="476" class="1004" name="quantized_k_group_29_loc_fu_476">
<pin_list>
<pin id="477" dir="0" index="0" bw="1" slack="0"/>
<pin id="478" dir="1" index="1" bw="8" slack="10"/>
</pin_list>
<bind>
<opcode="alloca(26) " fcode="alloca"/>
<opset="quantized_k_group_29_loc/1 "/>
</bind>
</comp>

<comp id="480" class="1004" name="quantized_k_group_30_loc_fu_480">
<pin_list>
<pin id="481" dir="0" index="0" bw="1" slack="0"/>
<pin id="482" dir="1" index="1" bw="8" slack="10"/>
</pin_list>
<bind>
<opcode="alloca(26) " fcode="alloca"/>
<opset="quantized_k_group_30_loc/1 "/>
</bind>
</comp>

<comp id="484" class="1004" name="quantized_k_group_31_loc_fu_484">
<pin_list>
<pin id="485" dir="0" index="0" bw="1" slack="0"/>
<pin id="486" dir="1" index="1" bw="8" slack="10"/>
</pin_list>
<bind>
<opcode="alloca(26) " fcode="alloca"/>
<opset="quantized_k_group_31_loc/1 "/>
</bind>
</comp>

<comp id="488" class="1004" name="maximum_k_loc_fu_488">
<pin_list>
<pin id="489" dir="0" index="0" bw="1" slack="0"/>
<pin id="490" dir="1" index="1" bw="32" slack="4"/>
</pin_list>
<bind>
<opcode="alloca(26) " fcode="alloca"/>
<opset="maximum_k_loc/1 "/>
</bind>
</comp>

<comp id="492" class="1004" name="maximum_v_loc_fu_492">
<pin_list>
<pin id="493" dir="0" index="0" bw="1" slack="0"/>
<pin id="494" dir="1" index="1" bw="32" slack="4"/>
</pin_list>
<bind>
<opcode="alloca(26) " fcode="alloca"/>
<opset="maximum_v_loc/1 "/>
</bind>
</comp>

<comp id="496" class="1004" name="k_words_addr_gep_fu_496">
<pin_list>
<pin id="497" dir="0" index="0" bw="512" slack="0"/>
<pin id="498" dir="0" index="1" bw="1" slack="0"/>
<pin id="499" dir="0" index="2" bw="3" slack="0"/>
<pin id="500" dir="1" index="3" bw="3" slack="0"/>
</pin_list>
<bind>
<opcode="getelementptr(29) " fcode="getelementptr"/>
<opset="k_words_addr/2 "/>
</bind>
</comp>

<comp id="503" class="1004" name="grp_access_fu_503">
<pin_list>
<pin id="504" dir="0" index="0" bw="3" slack="0"/>
<pin id="505" dir="0" index="1" bw="512" slack="2147483647"/>
<pin id="506" dir="0" index="2" bw="0" slack="2147483647"/>
<pin id="507" dir="1" index="3" bw="512" slack="0"/>
</pin_list>
<bind>
<opcode="load(27) " fcode="load"/>
<opset="k_lower/2 k_upper/3 "/>
</bind>
</comp>

<comp id="509" class="1004" name="v_words_addr_gep_fu_509">
<pin_list>
<pin id="510" dir="0" index="0" bw="512" slack="0"/>
<pin id="511" dir="0" index="1" bw="1" slack="0"/>
<pin id="512" dir="0" index="2" bw="3" slack="0"/>
<pin id="513" dir="1" index="3" bw="3" slack="0"/>
</pin_list>
<bind>
<opcode="getelementptr(29) " fcode="getelementptr"/>
<opset="v_words_addr/2 "/>
</bind>
</comp>

<comp id="516" class="1004" name="grp_access_fu_516">
<pin_list>
<pin id="517" dir="0" index="0" bw="3" slack="0"/>
<pin id="518" dir="0" index="1" bw="512" slack="2147483647"/>
<pin id="519" dir="0" index="2" bw="0" slack="2147483647"/>
<pin id="520" dir="1" index="3" bw="512" slack="0"/>
</pin_list>
<bind>
<opcode="load(27) " fcode="load"/>
<opset="v_lower/2 v_upper/3 "/>
</bind>
</comp>

<comp id="522" class="1004" name="k_words_addr_1_gep_fu_522">
<pin_list>
<pin id="523" dir="0" index="0" bw="512" slack="0"/>
<pin id="524" dir="0" index="1" bw="1" slack="0"/>
<pin id="525" dir="0" index="2" bw="3" slack="0"/>
<pin id="526" dir="1" index="3" bw="3" slack="0"/>
</pin_list>
<bind>
<opcode="getelementptr(29) " fcode="getelementptr"/>
<opset="k_words_addr_1/3 "/>
</bind>
</comp>

<comp id="530" class="1004" name="v_words_addr_1_gep_fu_530">
<pin_list>
<pin id="531" dir="0" index="0" bw="512" slack="0"/>
<pin id="532" dir="0" index="1" bw="1" slack="0"/>
<pin id="533" dir="0" index="2" bw="3" slack="0"/>
<pin id="534" dir="1" index="3" bw="3" slack="0"/>
</pin_list>
<bind>
<opcode="getelementptr(29) " fcode="getelementptr"/>
<opset="v_words_addr_1/3 "/>
</bind>
</comp>

<comp id="538" class="1004" name="grp_swiftkv_quantize_kv_record_Pipeline_find_kv_group_max_block_loop_fu_538">
<pin_list>
<pin id="539" dir="0" index="0" bw="0" slack="0"/>
<pin id="540" dir="0" index="1" bw="32" slack="2"/>
<pin id="541" dir="0" index="2" bw="32" slack="2"/>
<pin id="542" dir="0" index="3" bw="32" slack="2"/>
<pin id="543" dir="0" index="4" bw="32" slack="2"/>
<pin id="544" dir="0" index="5" bw="32" slack="1"/>
<pin id="545" dir="0" index="6" bw="32" slack="1"/>
<pin id="546" dir="0" index="7" bw="32" slack="1"/>
<pin id="547" dir="0" index="8" bw="32" slack="1"/>
<pin id="548" dir="0" index="9" bw="32" slack="2"/>
<pin id="549" dir="0" index="10" bw="32" slack="2"/>
<pin id="550" dir="0" index="11" bw="32" slack="2"/>
<pin id="551" dir="0" index="12" bw="32" slack="2"/>
<pin id="552" dir="0" index="13" bw="32" slack="1"/>
<pin id="553" dir="0" index="14" bw="32" slack="1"/>
<pin id="554" dir="0" index="15" bw="32" slack="1"/>
<pin id="555" dir="0" index="16" bw="32" slack="1"/>
<pin id="556" dir="0" index="17" bw="32" slack="2"/>
<pin id="557" dir="0" index="18" bw="32" slack="2"/>
<pin id="558" dir="0" index="19" bw="32" slack="2"/>
<pin id="559" dir="0" index="20" bw="32" slack="2"/>
<pin id="560" dir="0" index="21" bw="32" slack="1"/>
<pin id="561" dir="0" index="22" bw="32" slack="1"/>
<pin id="562" dir="0" index="23" bw="32" slack="1"/>
<pin id="563" dir="0" index="24" bw="32" slack="1"/>
<pin id="564" dir="0" index="25" bw="32" slack="2"/>
<pin id="565" dir="0" index="26" bw="32" slack="2"/>
<pin id="566" dir="0" index="27" bw="32" slack="2"/>
<pin id="567" dir="0" index="28" bw="32" slack="2"/>
<pin id="568" dir="0" index="29" bw="32" slack="1"/>
<pin id="569" dir="0" index="30" bw="32" slack="1"/>
<pin id="570" dir="0" index="31" bw="32" slack="1"/>
<pin id="571" dir="0" index="32" bw="32" slack="1"/>
<pin id="572" dir="0" index="33" bw="32" slack="2"/>
<pin id="573" dir="0" index="34" bw="32" slack="2"/>
<pin id="574" dir="0" index="35" bw="32" slack="2"/>
<pin id="575" dir="0" index="36" bw="32" slack="2"/>
<pin id="576" dir="0" index="37" bw="32" slack="1"/>
<pin id="577" dir="0" index="38" bw="32" slack="1"/>
<pin id="578" dir="0" index="39" bw="32" slack="1"/>
<pin id="579" dir="0" index="40" bw="32" slack="1"/>
<pin id="580" dir="0" index="41" bw="32" slack="2"/>
<pin id="581" dir="0" index="42" bw="32" slack="2"/>
<pin id="582" dir="0" index="43" bw="32" slack="2"/>
<pin id="583" dir="0" index="44" bw="32" slack="2"/>
<pin id="584" dir="0" index="45" bw="32" slack="1"/>
<pin id="585" dir="0" index="46" bw="32" slack="1"/>
<pin id="586" dir="0" index="47" bw="32" slack="1"/>
<pin id="587" dir="0" index="48" bw="32" slack="1"/>
<pin id="588" dir="0" index="49" bw="32" slack="2"/>
<pin id="589" dir="0" index="50" bw="32" slack="2"/>
<pin id="590" dir="0" index="51" bw="32" slack="2"/>
<pin id="591" dir="0" index="52" bw="32" slack="2"/>
<pin id="592" dir="0" index="53" bw="32" slack="1"/>
<pin id="593" dir="0" index="54" bw="32" slack="1"/>
<pin id="594" dir="0" index="55" bw="32" slack="1"/>
<pin id="595" dir="0" index="56" bw="32" slack="1"/>
<pin id="596" dir="0" index="57" bw="32" slack="2"/>
<pin id="597" dir="0" index="58" bw="32" slack="2"/>
<pin id="598" dir="0" index="59" bw="32" slack="2"/>
<pin id="599" dir="0" index="60" bw="32" slack="2"/>
<pin id="600" dir="0" index="61" bw="32" slack="1"/>
<pin id="601" dir="0" index="62" bw="32" slack="1"/>
<pin id="602" dir="0" index="63" bw="32" slack="1"/>
<pin id="603" dir="0" index="64" bw="32" slack="1"/>
<pin id="604" dir="0" index="65" bw="32" slack="4"/>
<pin id="605" dir="0" index="66" bw="32" slack="4"/>
<pin id="606" dir="1" index="67" bw="0" slack="2147483647"/>
</pin_list>
<bind>
<opcode="call(48) " fcode="call"/>
<opset="call_ln430/5 "/>
</bind>
</comp>

<comp id="608" class="1004" name="grp_swiftkv_quantize_kv_record_Pipeline_quantize_kv_group_block_loop_fu_608">
<pin_list>
<pin id="609" dir="0" index="0" bw="0" slack="0"/>
<pin id="610" dir="0" index="1" bw="32" slack="8"/>
<pin id="611" dir="0" index="2" bw="32" slack="8"/>
<pin id="612" dir="0" index="3" bw="32" slack="8"/>
<pin id="613" dir="0" index="4" bw="32" slack="8"/>
<pin id="614" dir="0" index="5" bw="32" slack="7"/>
<pin id="615" dir="0" index="6" bw="32" slack="7"/>
<pin id="616" dir="0" index="7" bw="32" slack="7"/>
<pin id="617" dir="0" index="8" bw="32" slack="7"/>
<pin id="618" dir="0" index="9" bw="32" slack="1"/>
<pin id="619" dir="0" index="10" bw="5" slack="2"/>
<pin id="620" dir="0" index="11" bw="32" slack="8"/>
<pin id="621" dir="0" index="12" bw="32" slack="8"/>
<pin id="622" dir="0" index="13" bw="32" slack="8"/>
<pin id="623" dir="0" index="14" bw="32" slack="8"/>
<pin id="624" dir="0" index="15" bw="32" slack="7"/>
<pin id="625" dir="0" index="16" bw="32" slack="7"/>
<pin id="626" dir="0" index="17" bw="32" slack="7"/>
<pin id="627" dir="0" index="18" bw="32" slack="7"/>
<pin id="628" dir="0" index="19" bw="32" slack="1"/>
<pin id="629" dir="0" index="20" bw="5" slack="2"/>
<pin id="630" dir="0" index="21" bw="32" slack="8"/>
<pin id="631" dir="0" index="22" bw="32" slack="8"/>
<pin id="632" dir="0" index="23" bw="32" slack="8"/>
<pin id="633" dir="0" index="24" bw="32" slack="8"/>
<pin id="634" dir="0" index="25" bw="32" slack="7"/>
<pin id="635" dir="0" index="26" bw="32" slack="7"/>
<pin id="636" dir="0" index="27" bw="32" slack="7"/>
<pin id="637" dir="0" index="28" bw="32" slack="7"/>
<pin id="638" dir="0" index="29" bw="32" slack="8"/>
<pin id="639" dir="0" index="30" bw="32" slack="8"/>
<pin id="640" dir="0" index="31" bw="32" slack="8"/>
<pin id="641" dir="0" index="32" bw="32" slack="8"/>
<pin id="642" dir="0" index="33" bw="32" slack="7"/>
<pin id="643" dir="0" index="34" bw="32" slack="7"/>
<pin id="644" dir="0" index="35" bw="32" slack="7"/>
<pin id="645" dir="0" index="36" bw="32" slack="7"/>
<pin id="646" dir="0" index="37" bw="32" slack="8"/>
<pin id="647" dir="0" index="38" bw="32" slack="8"/>
<pin id="648" dir="0" index="39" bw="32" slack="8"/>
<pin id="649" dir="0" index="40" bw="32" slack="8"/>
<pin id="650" dir="0" index="41" bw="32" slack="7"/>
<pin id="651" dir="0" index="42" bw="32" slack="7"/>
<pin id="652" dir="0" index="43" bw="32" slack="7"/>
<pin id="653" dir="0" index="44" bw="32" slack="7"/>
<pin id="654" dir="0" index="45" bw="32" slack="8"/>
<pin id="655" dir="0" index="46" bw="32" slack="8"/>
<pin id="656" dir="0" index="47" bw="32" slack="8"/>
<pin id="657" dir="0" index="48" bw="32" slack="8"/>
<pin id="658" dir="0" index="49" bw="32" slack="7"/>
<pin id="659" dir="0" index="50" bw="32" slack="7"/>
<pin id="660" dir="0" index="51" bw="32" slack="7"/>
<pin id="661" dir="0" index="52" bw="32" slack="7"/>
<pin id="662" dir="0" index="53" bw="32" slack="8"/>
<pin id="663" dir="0" index="54" bw="32" slack="8"/>
<pin id="664" dir="0" index="55" bw="32" slack="8"/>
<pin id="665" dir="0" index="56" bw="32" slack="8"/>
<pin id="666" dir="0" index="57" bw="32" slack="7"/>
<pin id="667" dir="0" index="58" bw="32" slack="7"/>
<pin id="668" dir="0" index="59" bw="32" slack="7"/>
<pin id="669" dir="0" index="60" bw="32" slack="7"/>
<pin id="670" dir="0" index="61" bw="32" slack="8"/>
<pin id="671" dir="0" index="62" bw="32" slack="8"/>
<pin id="672" dir="0" index="63" bw="32" slack="8"/>
<pin id="673" dir="0" index="64" bw="32" slack="8"/>
<pin id="674" dir="0" index="65" bw="32" slack="7"/>
<pin id="675" dir="0" index="66" bw="32" slack="7"/>
<pin id="676" dir="0" index="67" bw="32" slack="7"/>
<pin id="677" dir="0" index="68" bw="32" slack="7"/>
<pin id="678" dir="0" index="69" bw="8" slack="10"/>
<pin id="679" dir="0" index="70" bw="8" slack="10"/>
<pin id="680" dir="0" index="71" bw="8" slack="10"/>
<pin id="681" dir="0" index="72" bw="8" slack="10"/>
<pin id="682" dir="0" index="73" bw="8" slack="10"/>
<pin id="683" dir="0" index="74" bw="8" slack="10"/>
<pin id="684" dir="0" index="75" bw="8" slack="10"/>
<pin id="685" dir="0" index="76" bw="8" slack="10"/>
<pin id="686" dir="0" index="77" bw="8" slack="10"/>
<pin id="687" dir="0" index="78" bw="8" slack="10"/>
<pin id="688" dir="0" index="79" bw="8" slack="10"/>
<pin id="689" dir="0" index="80" bw="8" slack="10"/>
<pin id="690" dir="0" index="81" bw="8" slack="10"/>
<pin id="691" dir="0" index="82" bw="8" slack="10"/>
<pin id="692" dir="0" index="83" bw="8" slack="10"/>
<pin id="693" dir="0" index="84" bw="8" slack="10"/>
<pin id="694" dir="0" index="85" bw="8" slack="10"/>
<pin id="695" dir="0" index="86" bw="8" slack="10"/>
<pin id="696" dir="0" index="87" bw="8" slack="10"/>
<pin id="697" dir="0" index="88" bw="8" slack="10"/>
<pin id="698" dir="0" index="89" bw="8" slack="10"/>
<pin id="699" dir="0" index="90" bw="8" slack="10"/>
<pin id="700" dir="0" index="91" bw="8" slack="10"/>
<pin id="701" dir="0" index="92" bw="8" slack="10"/>
<pin id="702" dir="0" index="93" bw="8" slack="10"/>
<pin id="703" dir="0" index="94" bw="8" slack="10"/>
<pin id="704" dir="0" index="95" bw="8" slack="10"/>
<pin id="705" dir="0" index="96" bw="8" slack="10"/>
<pin id="706" dir="0" index="97" bw="8" slack="10"/>
<pin id="707" dir="0" index="98" bw="8" slack="10"/>
<pin id="708" dir="0" index="99" bw="8" slack="10"/>
<pin id="709" dir="0" index="100" bw="8" slack="10"/>
<pin id="710" dir="0" index="101" bw="8" slack="10"/>
<pin id="711" dir="0" index="102" bw="8" slack="10"/>
<pin id="712" dir="0" index="103" bw="8" slack="10"/>
<pin id="713" dir="0" index="104" bw="8" slack="10"/>
<pin id="714" dir="0" index="105" bw="8" slack="10"/>
<pin id="715" dir="0" index="106" bw="8" slack="10"/>
<pin id="716" dir="0" index="107" bw="8" slack="10"/>
<pin id="717" dir="0" index="108" bw="8" slack="10"/>
<pin id="718" dir="0" index="109" bw="8" slack="10"/>
<pin id="719" dir="0" index="110" bw="8" slack="10"/>
<pin id="720" dir="0" index="111" bw="8" slack="10"/>
<pin id="721" dir="0" index="112" bw="8" slack="10"/>
<pin id="722" dir="0" index="113" bw="8" slack="10"/>
<pin id="723" dir="0" index="114" bw="8" slack="10"/>
<pin id="724" dir="0" index="115" bw="8" slack="10"/>
<pin id="725" dir="0" index="116" bw="8" slack="10"/>
<pin id="726" dir="0" index="117" bw="8" slack="10"/>
<pin id="727" dir="0" index="118" bw="8" slack="10"/>
<pin id="728" dir="0" index="119" bw="8" slack="10"/>
<pin id="729" dir="0" index="120" bw="8" slack="10"/>
<pin id="730" dir="0" index="121" bw="8" slack="10"/>
<pin id="731" dir="0" index="122" bw="8" slack="10"/>
<pin id="732" dir="0" index="123" bw="8" slack="10"/>
<pin id="733" dir="0" index="124" bw="8" slack="10"/>
<pin id="734" dir="0" index="125" bw="8" slack="10"/>
<pin id="735" dir="0" index="126" bw="8" slack="10"/>
<pin id="736" dir="0" index="127" bw="8" slack="10"/>
<pin id="737" dir="0" index="128" bw="8" slack="10"/>
<pin id="738" dir="0" index="129" bw="8" slack="10"/>
<pin id="739" dir="0" index="130" bw="8" slack="10"/>
<pin id="740" dir="0" index="131" bw="8" slack="10"/>
<pin id="741" dir="0" index="132" bw="8" slack="10"/>
<pin id="742" dir="1" index="133" bw="0" slack="2147483647"/>
</pin_list>
<bind>
<opcode="call(48) " fcode="call"/>
<opset="call_ln436/11 "/>
</bind>
</comp>

<comp id="744" class="1004" name="grp_load_fu_744">
<pin_list>
<pin id="745" dir="0" index="0" bw="512" slack="1"/>
<pin id="746" dir="1" index="1" bw="512" slack="0"/>
</pin_list>
<bind>
<opcode="load(27) " fcode="load"/>
<opset="metadata_load_1/2 metadata_load/13 "/>
</bind>
</comp>

<comp id="747" class="1004" name="grp_fu_747">
<pin_list>
<pin id="748" dir="0" index="0" bw="32" slack="0"/>
<pin id="749" dir="0" index="1" bw="512" slack="0"/>
<pin id="750" dir="0" index="2" bw="7" slack="0"/>
<pin id="751" dir="0" index="3" bw="7" slack="0"/>
<pin id="752" dir="1" index="4" bw="32" slack="1"/>
</pin_list>
<bind>
<opcode="partselect(1002) " fcode="partselect"/>
<opset="k_raw_32/3 k_raw_48/4 "/>
</bind>
</comp>

<comp id="757" class="1004" name="grp_fu_757">
<pin_list>
<pin id="758" dir="0" index="0" bw="32" slack="0"/>
<pin id="759" dir="0" index="1" bw="512" slack="0"/>
<pin id="760" dir="0" index="2" bw="7" slack="0"/>
<pin id="761" dir="0" index="3" bw="7" slack="0"/>
<pin id="762" dir="1" index="4" bw="32" slack="1"/>
</pin_list>
<bind>
<opcode="partselect(1002) " fcode="partselect"/>
<opset="v_raw_32/3 v_raw_48/4 "/>
</bind>
</comp>

<comp id="767" class="1004" name="grp_fu_767">
<pin_list>
<pin id="768" dir="0" index="0" bw="32" slack="0"/>
<pin id="769" dir="0" index="1" bw="512" slack="0"/>
<pin id="770" dir="0" index="2" bw="8" slack="0"/>
<pin id="771" dir="0" index="3" bw="8" slack="0"/>
<pin id="772" dir="1" index="4" bw="32" slack="1"/>
</pin_list>
<bind>
<opcode="partselect(1002) " fcode="partselect"/>
<opset="k_raw_33/3 k_raw_49/4 "/>
</bind>
</comp>

<comp id="777" class="1004" name="grp_fu_777">
<pin_list>
<pin id="778" dir="0" index="0" bw="32" slack="0"/>
<pin id="779" dir="0" index="1" bw="512" slack="0"/>
<pin id="780" dir="0" index="2" bw="8" slack="0"/>
<pin id="781" dir="0" index="3" bw="8" slack="0"/>
<pin id="782" dir="1" index="4" bw="32" slack="1"/>
</pin_list>
<bind>
<opcode="partselect(1002) " fcode="partselect"/>
<opset="v_raw_33/3 v_raw_49/4 "/>
</bind>
</comp>

<comp id="787" class="1004" name="grp_fu_787">
<pin_list>
<pin id="788" dir="0" index="0" bw="32" slack="0"/>
<pin id="789" dir="0" index="1" bw="512" slack="0"/>
<pin id="790" dir="0" index="2" bw="8" slack="0"/>
<pin id="791" dir="0" index="3" bw="8" slack="0"/>
<pin id="792" dir="1" index="4" bw="32" slack="1"/>
</pin_list>
<bind>
<opcode="partselect(1002) " fcode="partselect"/>
<opset="k_raw_34/3 k_raw_50/4 "/>
</bind>
</comp>

<comp id="797" class="1004" name="grp_fu_797">
<pin_list>
<pin id="798" dir="0" index="0" bw="32" slack="0"/>
<pin id="799" dir="0" index="1" bw="512" slack="0"/>
<pin id="800" dir="0" index="2" bw="8" slack="0"/>
<pin id="801" dir="0" index="3" bw="8" slack="0"/>
<pin id="802" dir="1" index="4" bw="32" slack="1"/>
</pin_list>
<bind>
<opcode="partselect(1002) " fcode="partselect"/>
<opset="v_raw_34/3 v_raw_50/4 "/>
</bind>
</comp>

<comp id="807" class="1004" name="grp_fu_807">
<pin_list>
<pin id="808" dir="0" index="0" bw="32" slack="0"/>
<pin id="809" dir="0" index="1" bw="512" slack="0"/>
<pin id="810" dir="0" index="2" bw="9" slack="0"/>
<pin id="811" dir="0" index="3" bw="9" slack="0"/>
<pin id="812" dir="1" index="4" bw="32" slack="1"/>
</pin_list>
<bind>
<opcode="partselect(1002) " fcode="partselect"/>
<opset="k_raw_35/3 k_raw_51/4 "/>
</bind>
</comp>

<comp id="817" class="1004" name="grp_fu_817">
<pin_list>
<pin id="818" dir="0" index="0" bw="32" slack="0"/>
<pin id="819" dir="0" index="1" bw="512" slack="0"/>
<pin id="820" dir="0" index="2" bw="9" slack="0"/>
<pin id="821" dir="0" index="3" bw="9" slack="0"/>
<pin id="822" dir="1" index="4" bw="32" slack="1"/>
</pin_list>
<bind>
<opcode="partselect(1002) " fcode="partselect"/>
<opset="v_raw_35/3 v_raw_51/4 "/>
</bind>
</comp>

<comp id="827" class="1004" name="grp_fu_827">
<pin_list>
<pin id="828" dir="0" index="0" bw="32" slack="0"/>
<pin id="829" dir="0" index="1" bw="512" slack="0"/>
<pin id="830" dir="0" index="2" bw="9" slack="0"/>
<pin id="831" dir="0" index="3" bw="9" slack="0"/>
<pin id="832" dir="1" index="4" bw="32" slack="1"/>
</pin_list>
<bind>
<opcode="partselect(1002) " fcode="partselect"/>
<opset="k_raw_36/3 k_raw_52/4 "/>
</bind>
</comp>

<comp id="837" class="1004" name="grp_fu_837">
<pin_list>
<pin id="838" dir="0" index="0" bw="32" slack="0"/>
<pin id="839" dir="0" index="1" bw="512" slack="0"/>
<pin id="840" dir="0" index="2" bw="9" slack="0"/>
<pin id="841" dir="0" index="3" bw="9" slack="0"/>
<pin id="842" dir="1" index="4" bw="32" slack="1"/>
</pin_list>
<bind>
<opcode="partselect(1002) " fcode="partselect"/>
<opset="v_raw_36/3 v_raw_52/4 "/>
</bind>
</comp>

<comp id="847" class="1004" name="grp_fu_847">
<pin_list>
<pin id="848" dir="0" index="0" bw="32" slack="0"/>
<pin id="849" dir="0" index="1" bw="512" slack="0"/>
<pin id="850" dir="0" index="2" bw="9" slack="0"/>
<pin id="851" dir="0" index="3" bw="9" slack="0"/>
<pin id="852" dir="1" index="4" bw="32" slack="1"/>
</pin_list>
<bind>
<opcode="partselect(1002) " fcode="partselect"/>
<opset="k_raw_37/3 k_raw_53/4 "/>
</bind>
</comp>

<comp id="857" class="1004" name="grp_fu_857">
<pin_list>
<pin id="858" dir="0" index="0" bw="32" slack="0"/>
<pin id="859" dir="0" index="1" bw="512" slack="0"/>
<pin id="860" dir="0" index="2" bw="9" slack="0"/>
<pin id="861" dir="0" index="3" bw="9" slack="0"/>
<pin id="862" dir="1" index="4" bw="32" slack="1"/>
</pin_list>
<bind>
<opcode="partselect(1002) " fcode="partselect"/>
<opset="v_raw_37/3 v_raw_53/4 "/>
</bind>
</comp>

<comp id="867" class="1004" name="grp_fu_867">
<pin_list>
<pin id="868" dir="0" index="0" bw="32" slack="0"/>
<pin id="869" dir="0" index="1" bw="512" slack="0"/>
<pin id="870" dir="0" index="2" bw="9" slack="0"/>
<pin id="871" dir="0" index="3" bw="9" slack="0"/>
<pin id="872" dir="1" index="4" bw="32" slack="1"/>
</pin_list>
<bind>
<opcode="partselect(1002) " fcode="partselect"/>
<opset="k_raw_38/3 k_raw_54/4 "/>
</bind>
</comp>

<comp id="877" class="1004" name="grp_fu_877">
<pin_list>
<pin id="878" dir="0" index="0" bw="32" slack="0"/>
<pin id="879" dir="0" index="1" bw="512" slack="0"/>
<pin id="880" dir="0" index="2" bw="9" slack="0"/>
<pin id="881" dir="0" index="3" bw="9" slack="0"/>
<pin id="882" dir="1" index="4" bw="32" slack="1"/>
</pin_list>
<bind>
<opcode="partselect(1002) " fcode="partselect"/>
<opset="v_raw_38/3 v_raw_54/4 "/>
</bind>
</comp>

<comp id="887" class="1004" name="grp_fu_887">
<pin_list>
<pin id="888" dir="0" index="0" bw="32" slack="0"/>
<pin id="889" dir="0" index="1" bw="512" slack="0"/>
<pin id="890" dir="0" index="2" bw="10" slack="0"/>
<pin id="891" dir="0" index="3" bw="10" slack="0"/>
<pin id="892" dir="1" index="4" bw="32" slack="1"/>
</pin_list>
<bind>
<opcode="partselect(1002) " fcode="partselect"/>
<opset="k_raw_39/3 k_raw_55/4 "/>
</bind>
</comp>

<comp id="897" class="1004" name="grp_fu_897">
<pin_list>
<pin id="898" dir="0" index="0" bw="32" slack="0"/>
<pin id="899" dir="0" index="1" bw="512" slack="0"/>
<pin id="900" dir="0" index="2" bw="10" slack="0"/>
<pin id="901" dir="0" index="3" bw="10" slack="0"/>
<pin id="902" dir="1" index="4" bw="32" slack="1"/>
</pin_list>
<bind>
<opcode="partselect(1002) " fcode="partselect"/>
<opset="v_raw_39/3 v_raw_55/4 "/>
</bind>
</comp>

<comp id="907" class="1004" name="grp_fu_907">
<pin_list>
<pin id="908" dir="0" index="0" bw="32" slack="0"/>
<pin id="909" dir="0" index="1" bw="512" slack="0"/>
<pin id="910" dir="0" index="2" bw="10" slack="0"/>
<pin id="911" dir="0" index="3" bw="10" slack="0"/>
<pin id="912" dir="1" index="4" bw="32" slack="1"/>
</pin_list>
<bind>
<opcode="partselect(1002) " fcode="partselect"/>
<opset="k_raw_40/3 k_raw_56/4 "/>
</bind>
</comp>

<comp id="917" class="1004" name="grp_fu_917">
<pin_list>
<pin id="918" dir="0" index="0" bw="32" slack="0"/>
<pin id="919" dir="0" index="1" bw="512" slack="0"/>
<pin id="920" dir="0" index="2" bw="10" slack="0"/>
<pin id="921" dir="0" index="3" bw="10" slack="0"/>
<pin id="922" dir="1" index="4" bw="32" slack="1"/>
</pin_list>
<bind>
<opcode="partselect(1002) " fcode="partselect"/>
<opset="v_raw_40/3 v_raw_56/4 "/>
</bind>
</comp>

<comp id="927" class="1004" name="grp_fu_927">
<pin_list>
<pin id="928" dir="0" index="0" bw="32" slack="0"/>
<pin id="929" dir="0" index="1" bw="512" slack="0"/>
<pin id="930" dir="0" index="2" bw="10" slack="0"/>
<pin id="931" dir="0" index="3" bw="10" slack="0"/>
<pin id="932" dir="1" index="4" bw="32" slack="1"/>
</pin_list>
<bind>
<opcode="partselect(1002) " fcode="partselect"/>
<opset="k_raw_41/3 k_raw_57/4 "/>
</bind>
</comp>

<comp id="937" class="1004" name="grp_fu_937">
<pin_list>
<pin id="938" dir="0" index="0" bw="32" slack="0"/>
<pin id="939" dir="0" index="1" bw="512" slack="0"/>
<pin id="940" dir="0" index="2" bw="10" slack="0"/>
<pin id="941" dir="0" index="3" bw="10" slack="0"/>
<pin id="942" dir="1" index="4" bw="32" slack="1"/>
</pin_list>
<bind>
<opcode="partselect(1002) " fcode="partselect"/>
<opset="v_raw_41/3 v_raw_57/4 "/>
</bind>
</comp>

<comp id="947" class="1004" name="grp_fu_947">
<pin_list>
<pin id="948" dir="0" index="0" bw="32" slack="0"/>
<pin id="949" dir="0" index="1" bw="512" slack="0"/>
<pin id="950" dir="0" index="2" bw="10" slack="0"/>
<pin id="951" dir="0" index="3" bw="10" slack="0"/>
<pin id="952" dir="1" index="4" bw="32" slack="1"/>
</pin_list>
<bind>
<opcode="partselect(1002) " fcode="partselect"/>
<opset="k_raw_42/3 k_raw_58/4 "/>
</bind>
</comp>

<comp id="957" class="1004" name="grp_fu_957">
<pin_list>
<pin id="958" dir="0" index="0" bw="32" slack="0"/>
<pin id="959" dir="0" index="1" bw="512" slack="0"/>
<pin id="960" dir="0" index="2" bw="10" slack="0"/>
<pin id="961" dir="0" index="3" bw="10" slack="0"/>
<pin id="962" dir="1" index="4" bw="32" slack="1"/>
</pin_list>
<bind>
<opcode="partselect(1002) " fcode="partselect"/>
<opset="v_raw_42/3 v_raw_58/4 "/>
</bind>
</comp>

<comp id="967" class="1004" name="grp_fu_967">
<pin_list>
<pin id="968" dir="0" index="0" bw="32" slack="0"/>
<pin id="969" dir="0" index="1" bw="512" slack="0"/>
<pin id="970" dir="0" index="2" bw="10" slack="0"/>
<pin id="971" dir="0" index="3" bw="10" slack="0"/>
<pin id="972" dir="1" index="4" bw="32" slack="1"/>
</pin_list>
<bind>
<opcode="partselect(1002) " fcode="partselect"/>
<opset="k_raw_43/3 k_raw_59/4 "/>
</bind>
</comp>

<comp id="977" class="1004" name="grp_fu_977">
<pin_list>
<pin id="978" dir="0" index="0" bw="32" slack="0"/>
<pin id="979" dir="0" index="1" bw="512" slack="0"/>
<pin id="980" dir="0" index="2" bw="10" slack="0"/>
<pin id="981" dir="0" index="3" bw="10" slack="0"/>
<pin id="982" dir="1" index="4" bw="32" slack="1"/>
</pin_list>
<bind>
<opcode="partselect(1002) " fcode="partselect"/>
<opset="v_raw_43/3 v_raw_59/4 "/>
</bind>
</comp>

<comp id="987" class="1004" name="grp_fu_987">
<pin_list>
<pin id="988" dir="0" index="0" bw="32" slack="0"/>
<pin id="989" dir="0" index="1" bw="512" slack="0"/>
<pin id="990" dir="0" index="2" bw="10" slack="0"/>
<pin id="991" dir="0" index="3" bw="10" slack="0"/>
<pin id="992" dir="1" index="4" bw="32" slack="1"/>
</pin_list>
<bind>
<opcode="partselect(1002) " fcode="partselect"/>
<opset="k_raw_44/3 k_raw_60/4 "/>
</bind>
</comp>

<comp id="997" class="1004" name="grp_fu_997">
<pin_list>
<pin id="998" dir="0" index="0" bw="32" slack="0"/>
<pin id="999" dir="0" index="1" bw="512" slack="0"/>
<pin id="1000" dir="0" index="2" bw="10" slack="0"/>
<pin id="1001" dir="0" index="3" bw="10" slack="0"/>
<pin id="1002" dir="1" index="4" bw="32" slack="1"/>
</pin_list>
<bind>
<opcode="partselect(1002) " fcode="partselect"/>
<opset="v_raw_44/3 v_raw_60/4 "/>
</bind>
</comp>

<comp id="1007" class="1004" name="grp_fu_1007">
<pin_list>
<pin id="1008" dir="0" index="0" bw="32" slack="0"/>
<pin id="1009" dir="0" index="1" bw="512" slack="0"/>
<pin id="1010" dir="0" index="2" bw="10" slack="0"/>
<pin id="1011" dir="0" index="3" bw="10" slack="0"/>
<pin id="1012" dir="1" index="4" bw="32" slack="1"/>
</pin_list>
<bind>
<opcode="partselect(1002) " fcode="partselect"/>
<opset="k_raw_45/3 k_raw_61/4 "/>
</bind>
</comp>

<comp id="1017" class="1004" name="grp_fu_1017">
<pin_list>
<pin id="1018" dir="0" index="0" bw="32" slack="0"/>
<pin id="1019" dir="0" index="1" bw="512" slack="0"/>
<pin id="1020" dir="0" index="2" bw="10" slack="0"/>
<pin id="1021" dir="0" index="3" bw="10" slack="0"/>
<pin id="1022" dir="1" index="4" bw="32" slack="1"/>
</pin_list>
<bind>
<opcode="partselect(1002) " fcode="partselect"/>
<opset="v_raw_45/3 v_raw_61/4 "/>
</bind>
</comp>

<comp id="1027" class="1004" name="grp_fu_1027">
<pin_list>
<pin id="1028" dir="0" index="0" bw="32" slack="0"/>
<pin id="1029" dir="0" index="1" bw="512" slack="0"/>
<pin id="1030" dir="0" index="2" bw="10" slack="0"/>
<pin id="1031" dir="0" index="3" bw="10" slack="0"/>
<pin id="1032" dir="1" index="4" bw="32" slack="1"/>
</pin_list>
<bind>
<opcode="partselect(1002) " fcode="partselect"/>
<opset="k_raw_46/3 k_raw_62/4 "/>
</bind>
</comp>

<comp id="1037" class="1004" name="grp_fu_1037">
<pin_list>
<pin id="1038" dir="0" index="0" bw="32" slack="0"/>
<pin id="1039" dir="0" index="1" bw="512" slack="0"/>
<pin id="1040" dir="0" index="2" bw="10" slack="0"/>
<pin id="1041" dir="0" index="3" bw="10" slack="0"/>
<pin id="1042" dir="1" index="4" bw="32" slack="1"/>
</pin_list>
<bind>
<opcode="partselect(1002) " fcode="partselect"/>
<opset="v_raw_46/3 v_raw_62/4 "/>
</bind>
</comp>

<comp id="1047" class="1004" name="store_ln400_store_fu_1047">
<pin_list>
<pin id="1048" dir="0" index="0" bw="1" slack="0"/>
<pin id="1049" dir="0" index="1" bw="3" slack="0"/>
<pin id="1050" dir="1" index="2" bw="0" slack="2147483647"/>
</pin_list>
<bind>
<opcode="store(28) " fcode="store"/>
<opset="store_ln400/1 "/>
</bind>
</comp>

<comp id="1052" class="1004" name="store_ln393_store_fu_1052">
<pin_list>
<pin id="1053" dir="0" index="0" bw="1" slack="0"/>
<pin id="1054" dir="0" index="1" bw="512" slack="0"/>
<pin id="1055" dir="1" index="2" bw="0" slack="2147483647"/>
</pin_list>
<bind>
<opcode="store(28) " fcode="store"/>
<opset="store_ln393/1 "/>
</bind>
</comp>

<comp id="1057" class="1004" name="group_2_load_fu_1057">
<pin_list>
<pin id="1058" dir="0" index="0" bw="3" slack="1"/>
<pin id="1059" dir="1" index="1" bw="3" slack="0"/>
</pin_list>
<bind>
<opcode="load(27) " fcode="load"/>
<opset="group_2/2 "/>
</bind>
</comp>

<comp id="1060" class="1004" name="icmp_ln401_fu_1060">
<pin_list>
<pin id="1061" dir="0" index="0" bw="3" slack="0"/>
<pin id="1062" dir="0" index="1" bw="3" slack="0"/>
<pin id="1063" dir="1" index="2" bw="1" slack="2147483647"/>
</pin_list>
<bind>
<opcode="icmp(45) " fcode="icmp"/>
<opset="icmp_ln401/2 "/>
</bind>
</comp>

<comp id="1066" class="1004" name="add_ln402_fu_1066">
<pin_list>
<pin id="1067" dir="0" index="0" bw="3" slack="0"/>
<pin id="1068" dir="0" index="1" bw="1" slack="0"/>
<pin id="1069" dir="1" index="2" bw="3" slack="11"/>
</pin_list>
<bind>
<opcode="add(8) " fcode="add"/>
<opset="add_ln402/2 "/>
</bind>
</comp>

<comp id="1072" class="1004" name="trunc_ln413_fu_1072">
<pin_list>
<pin id="1073" dir="0" index="0" bw="3" slack="0"/>
<pin id="1074" dir="1" index="1" bw="2" slack="11"/>
</pin_list>
<bind>
<opcode="trunc(33) " fcode="trunc"/>
<opset="trunc_ln413/2 "/>
</bind>
</comp>

<comp id="1076" class="1004" name="shl_ln413_fu_1076">
<pin_list>
<pin id="1077" dir="0" index="0" bw="3" slack="0"/>
<pin id="1078" dir="0" index="1" bw="1" slack="0"/>
<pin id="1079" dir="1" index="2" bw="3" slack="0"/>
</pin_list>
<bind>
<opcode="shl(20) " fcode="shl"/>
<opset="shl_ln413/2 "/>
</bind>
</comp>

<comp id="1082" class="1004" name="zext_ln413_fu_1082">
<pin_list>
<pin id="1083" dir="0" index="0" bw="3" slack="0"/>
<pin id="1084" dir="1" index="1" bw="64" slack="0"/>
</pin_list>
<bind>
<opcode="zext(34) " fcode="zext"/>
<opset="zext_ln413/2 "/>
</bind>
</comp>

<comp id="1088" class="1004" name="p_load238_load_fu_1088">
<pin_list>
<pin id="1089" dir="0" index="0" bw="256" slack="1"/>
<pin id="1090" dir="1" index="1" bw="256" slack="0"/>
</pin_list>
<bind>
<opcode="load(27) " fcode="load"/>
<opset="p_load238/2 "/>
</bind>
</comp>

<comp id="1091" class="1004" name="p_load237_load_fu_1091">
<pin_list>
<pin id="1092" dir="0" index="0" bw="256" slack="1"/>
<pin id="1093" dir="1" index="1" bw="256" slack="0"/>
</pin_list>
<bind>
<opcode="load(27) " fcode="load"/>
<opset="p_load237/2 "/>
</bind>
</comp>

<comp id="1094" class="1004" name="p_load236_load_fu_1094">
<pin_list>
<pin id="1095" dir="0" index="0" bw="256" slack="1"/>
<pin id="1096" dir="1" index="1" bw="256" slack="0"/>
</pin_list>
<bind>
<opcode="load(27) " fcode="load"/>
<opset="p_load236/2 "/>
</bind>
</comp>

<comp id="1097" class="1004" name="p_load235_load_fu_1097">
<pin_list>
<pin id="1098" dir="0" index="0" bw="256" slack="1"/>
<pin id="1099" dir="1" index="1" bw="256" slack="0"/>
</pin_list>
<bind>
<opcode="load(27) " fcode="load"/>
<opset="p_load235/2 "/>
</bind>
</comp>

<comp id="1100" class="1004" name="p_load234_load_fu_1100">
<pin_list>
<pin id="1101" dir="0" index="0" bw="256" slack="1"/>
<pin id="1102" dir="1" index="1" bw="256" slack="0"/>
</pin_list>
<bind>
<opcode="load(27) " fcode="load"/>
<opset="p_load234/2 "/>
</bind>
</comp>

<comp id="1103" class="1004" name="p_load233_load_fu_1103">
<pin_list>
<pin id="1104" dir="0" index="0" bw="256" slack="1"/>
<pin id="1105" dir="1" index="1" bw="256" slack="0"/>
</pin_list>
<bind>
<opcode="load(27) " fcode="load"/>
<opset="p_load233/2 "/>
</bind>
</comp>

<comp id="1106" class="1004" name="p_load232_load_fu_1106">
<pin_list>
<pin id="1107" dir="0" index="0" bw="256" slack="1"/>
<pin id="1108" dir="1" index="1" bw="256" slack="0"/>
</pin_list>
<bind>
<opcode="load(27) " fcode="load"/>
<opset="p_load232/2 "/>
</bind>
</comp>

<comp id="1109" class="1004" name="p_load_load_fu_1109">
<pin_list>
<pin id="1110" dir="0" index="0" bw="256" slack="1"/>
<pin id="1111" dir="1" index="1" bw="256" slack="0"/>
</pin_list>
<bind>
<opcode="load(27) " fcode="load"/>
<opset="p_load/2 "/>
</bind>
</comp>

<comp id="1112" class="1004" name="record_1_fu_1112">
<pin_list>
<pin id="1113" dir="0" index="0" bw="512" slack="0"/>
<pin id="1114" dir="0" index="1" bw="256" slack="0"/>
<pin id="1115" dir="0" index="2" bw="256" slack="0"/>
<pin id="1116" dir="1" index="3" bw="512" slack="0"/>
</pin_list>
<bind>
<opcode="bitconcatenate(1004) " fcode="bitconcatenate"/>
<opset="record_1/2 "/>
</bind>
</comp>

<comp id="1120" class="1004" name="record_2_fu_1120">
<pin_list>
<pin id="1121" dir="0" index="0" bw="512" slack="0"/>
<pin id="1122" dir="0" index="1" bw="256" slack="0"/>
<pin id="1123" dir="0" index="2" bw="256" slack="0"/>
<pin id="1124" dir="1" index="3" bw="512" slack="0"/>
</pin_list>
<bind>
<opcode="bitconcatenate(1004) " fcode="bitconcatenate"/>
<opset="record_2/2 "/>
</bind>
</comp>

<comp id="1128" class="1004" name="record_3_fu_1128">
<pin_list>
<pin id="1129" dir="0" index="0" bw="512" slack="0"/>
<pin id="1130" dir="0" index="1" bw="256" slack="0"/>
<pin id="1131" dir="0" index="2" bw="256" slack="0"/>
<pin id="1132" dir="1" index="3" bw="512" slack="0"/>
</pin_list>
<bind>
<opcode="bitconcatenate(1004) " fcode="bitconcatenate"/>
<opset="record_3/2 "/>
</bind>
</comp>

<comp id="1136" class="1004" name="record_4_fu_1136">
<pin_list>
<pin id="1137" dir="0" index="0" bw="512" slack="0"/>
<pin id="1138" dir="0" index="1" bw="256" slack="0"/>
<pin id="1139" dir="0" index="2" bw="256" slack="0"/>
<pin id="1140" dir="1" index="3" bw="512" slack="0"/>
</pin_list>
<bind>
<opcode="bitconcatenate(1004) " fcode="bitconcatenate"/>
<opset="record_4/2 "/>
</bind>
</comp>

<comp id="1144" class="1004" name="mrv_fu_1144">
<pin_list>
<pin id="1145" dir="0" index="0" bw="2560" slack="0"/>
<pin id="1146" dir="0" index="1" bw="512" slack="0"/>
<pin id="1147" dir="1" index="2" bw="2560" slack="0"/>
</pin_list>
<bind>
<opcode="insertvalue(57) " fcode="insertvalue"/>
<opset="mrv/2 "/>
</bind>
</comp>

<comp id="1150" class="1004" name="mrv_1_fu_1150">
<pin_list>
<pin id="1151" dir="0" index="0" bw="2560" slack="0"/>
<pin id="1152" dir="0" index="1" bw="512" slack="0"/>
<pin id="1153" dir="1" index="2" bw="2560" slack="0"/>
</pin_list>
<bind>
<opcode="insertvalue(57) " fcode="insertvalue"/>
<opset="mrv_1/2 "/>
</bind>
</comp>

<comp id="1156" class="1004" name="mrv_2_fu_1156">
<pin_list>
<pin id="1157" dir="0" index="0" bw="2560" slack="0"/>
<pin id="1158" dir="0" index="1" bw="512" slack="0"/>
<pin id="1159" dir="1" index="2" bw="2560" slack="0"/>
</pin_list>
<bind>
<opcode="insertvalue(57) " fcode="insertvalue"/>
<opset="mrv_2/2 "/>
</bind>
</comp>

<comp id="1162" class="1004" name="mrv_3_fu_1162">
<pin_list>
<pin id="1163" dir="0" index="0" bw="2560" slack="0"/>
<pin id="1164" dir="0" index="1" bw="512" slack="0"/>
<pin id="1165" dir="1" index="2" bw="2560" slack="0"/>
</pin_list>
<bind>
<opcode="insertvalue(57) " fcode="insertvalue"/>
<opset="mrv_3/2 "/>
</bind>
</comp>

<comp id="1168" class="1004" name="mrv_4_fu_1168">
<pin_list>
<pin id="1169" dir="0" index="0" bw="2560" slack="0"/>
<pin id="1170" dir="0" index="1" bw="512" slack="0"/>
<pin id="1171" dir="1" index="2" bw="2560" slack="2147483647"/>
</pin_list>
<bind>
<opcode="insertvalue(57) " fcode="insertvalue"/>
<opset="mrv_4/2 "/>
</bind>
</comp>

<comp id="1174" class="1004" name="or_ln414_fu_1174">
<pin_list>
<pin id="1175" dir="0" index="0" bw="3" slack="1"/>
<pin id="1176" dir="0" index="1" bw="1" slack="0"/>
<pin id="1177" dir="1" index="2" bw="3" slack="0"/>
</pin_list>
<bind>
<opcode="or(24) " fcode="or"/>
<opset="or_ln414/3 "/>
</bind>
</comp>

<comp id="1179" class="1004" name="zext_ln414_fu_1179">
<pin_list>
<pin id="1180" dir="0" index="0" bw="3" slack="0"/>
<pin id="1181" dir="1" index="1" bw="64" slack="0"/>
</pin_list>
<bind>
<opcode="zext(34) " fcode="zext"/>
<opset="zext_ln414/3 "/>
</bind>
</comp>

<comp id="1185" class="1004" name="k_raw_fu_1185">
<pin_list>
<pin id="1186" dir="0" index="0" bw="512" slack="0"/>
<pin id="1187" dir="1" index="1" bw="32" slack="2"/>
</pin_list>
<bind>
<opcode="trunc(33) " fcode="trunc"/>
<opset="k_raw/3 "/>
</bind>
</comp>

<comp id="1189" class="1004" name="v_raw_fu_1189">
<pin_list>
<pin id="1190" dir="0" index="0" bw="512" slack="0"/>
<pin id="1191" dir="1" index="1" bw="32" slack="2"/>
</pin_list>
<bind>
<opcode="trunc(33) " fcode="trunc"/>
<opset="v_raw/3 "/>
</bind>
</comp>

<comp id="1193" class="1004" name="k_raw_47_fu_1193">
<pin_list>
<pin id="1194" dir="0" index="0" bw="512" slack="0"/>
<pin id="1195" dir="1" index="1" bw="32" slack="1"/>
</pin_list>
<bind>
<opcode="trunc(33) " fcode="trunc"/>
<opset="k_raw_47/4 "/>
</bind>
</comp>

<comp id="1197" class="1004" name="v_raw_47_fu_1197">
<pin_list>
<pin id="1198" dir="0" index="0" bw="512" slack="0"/>
<pin id="1199" dir="1" index="1" bw="32" slack="1"/>
</pin_list>
<bind>
<opcode="trunc(33) " fcode="trunc"/>
<opset="v_raw_47/4 "/>
</bind>
</comp>

<comp id="1201" class="1004" name="maximum_v_loc_load_load_fu_1201">
<pin_list>
<pin id="1202" dir="0" index="0" bw="32" slack="6"/>
<pin id="1203" dir="1" index="1" bw="32" slack="0"/>
</pin_list>
<bind>
<opcode="load(27) " fcode="load"/>
<opset="maximum_v_loc_load/7 "/>
</bind>
</comp>

<comp id="1204" class="1004" name="empty_736_fu_1204">
<pin_list>
<pin id="1205" dir="0" index="0" bw="32" slack="0"/>
<pin id="1206" dir="1" index="1" bw="16" slack="0"/>
</pin_list>
<bind>
<opcode="trunc(33) " fcode="trunc"/>
<opset="empty_736/7 "/>
</bind>
</comp>

<comp id="1208" class="1004" name="maximum_k_loc_load_load_fu_1208">
<pin_list>
<pin id="1209" dir="0" index="0" bw="32" slack="6"/>
<pin id="1210" dir="1" index="1" bw="32" slack="0"/>
</pin_list>
<bind>
<opcode="load(27) " fcode="load"/>
<opset="maximum_k_loc_load/7 "/>
</bind>
</comp>

<comp id="1211" class="1004" name="empty_737_fu_1211">
<pin_list>
<pin id="1212" dir="0" index="0" bw="32" slack="0"/>
<pin id="1213" dir="1" index="1" bw="16" slack="0"/>
</pin_list>
<bind>
<opcode="trunc(33) " fcode="trunc"/>
<opset="empty_737/7 "/>
</bind>
</comp>

<comp id="1215" class="1004" name="tmp_fu_1215">
<pin_list>
<pin id="1216" dir="0" index="0" bw="16" slack="0"/>
<pin id="1217" dir="0" index="1" bw="32" slack="0"/>
<pin id="1218" dir="0" index="2" bw="6" slack="0"/>
<pin id="1219" dir="0" index="3" bw="6" slack="0"/>
<pin id="1220" dir="1" index="4" bw="16" slack="0"/>
</pin_list>
<bind>
<opcode="partselect(1002) " fcode="partselect"/>
<opset="tmp/7 "/>
</bind>
</comp>

<comp id="1225" class="1004" name="icmp_ln329_fu_1225">
<pin_list>
<pin id="1226" dir="0" index="0" bw="16" slack="0"/>
<pin id="1227" dir="0" index="1" bw="1" slack="0"/>
<pin id="1228" dir="1" index="2" bw="1" slack="0"/>
</pin_list>
<bind>
<opcode="icmp(45) " fcode="icmp"/>
<opset="icmp_ln329/7 "/>
</bind>
</comp>

<comp id="1231" class="1004" name="probe_fu_1231">
<pin_list>
<pin id="1232" dir="0" index="0" bw="1" slack="0"/>
<pin id="1233" dir="0" index="1" bw="16" slack="0"/>
<pin id="1234" dir="0" index="2" bw="16" slack="0"/>
<pin id="1235" dir="1" index="3" bw="16" slack="0"/>
</pin_list>
<bind>
<opcode="select(49) " fcode="select"/>
<opset="probe/7 "/>
</bind>
</comp>

<comp id="1239" class="1004" name="trunc_ln327_fu_1239">
<pin_list>
<pin id="1240" dir="0" index="0" bw="16" slack="0"/>
<pin id="1241" dir="1" index="1" bw="8" slack="0"/>
</pin_list>
<bind>
<opcode="trunc(33) " fcode="trunc"/>
<opset="trunc_ln327/7 "/>
</bind>
</comp>

<comp id="1243" class="1004" name="tmp_150_fu_1243">
<pin_list>
<pin id="1244" dir="0" index="0" bw="8" slack="0"/>
<pin id="1245" dir="0" index="1" bw="16" slack="0"/>
<pin id="1246" dir="0" index="2" bw="5" slack="0"/>
<pin id="1247" dir="0" index="3" bw="5" slack="0"/>
<pin id="1248" dir="1" index="4" bw="8" slack="0"/>
</pin_list>
<bind>
<opcode="partselect(1002) " fcode="partselect"/>
<opset="tmp_150/7 "/>
</bind>
</comp>

<comp id="1253" class="1004" name="icmp_ln333_fu_1253">
<pin_list>
<pin id="1254" dir="0" index="0" bw="8" slack="0"/>
<pin id="1255" dir="0" index="1" bw="1" slack="0"/>
<pin id="1256" dir="1" index="2" bw="1" slack="0"/>
</pin_list>
<bind>
<opcode="icmp(45) " fcode="icmp"/>
<opset="icmp_ln333/7 "/>
</bind>
</comp>

<comp id="1259" class="1004" name="probe_1_fu_1259">
<pin_list>
<pin id="1260" dir="0" index="0" bw="1" slack="0"/>
<pin id="1261" dir="0" index="1" bw="8" slack="0"/>
<pin id="1262" dir="0" index="2" bw="8" slack="0"/>
<pin id="1263" dir="1" index="3" bw="8" slack="0"/>
</pin_list>
<bind>
<opcode="select(49) " fcode="select"/>
<opset="probe_1/7 "/>
</bind>
</comp>

<comp id="1267" class="1004" name="trunc_ln327_1_fu_1267">
<pin_list>
<pin id="1268" dir="0" index="0" bw="8" slack="0"/>
<pin id="1269" dir="1" index="1" bw="4" slack="1"/>
</pin_list>
<bind>
<opcode="trunc(33) " fcode="trunc"/>
<opset="trunc_ln327_1/7 "/>
</bind>
</comp>

<comp id="1271" class="1004" name="probe_2_fu_1271">
<pin_list>
<pin id="1272" dir="0" index="0" bw="4" slack="0"/>
<pin id="1273" dir="0" index="1" bw="8" slack="0"/>
<pin id="1274" dir="0" index="2" bw="4" slack="0"/>
<pin id="1275" dir="0" index="3" bw="4" slack="0"/>
<pin id="1276" dir="1" index="4" bw="4" slack="1"/>
</pin_list>
<bind>
<opcode="partselect(1002) " fcode="partselect"/>
<opset="probe_2/7 "/>
</bind>
</comp>

<comp id="1281" class="1004" name="icmp_ln348_fu_1281">
<pin_list>
<pin id="1282" dir="0" index="0" bw="32" slack="0"/>
<pin id="1283" dir="0" index="1" bw="1" slack="0"/>
<pin id="1284" dir="1" index="2" bw="1" slack="2"/>
</pin_list>
<bind>
<opcode="icmp(45) " fcode="icmp"/>
<opset="icmp_ln348/7 "/>
</bind>
</comp>

<comp id="1287" class="1004" name="probe_4_fu_1287">
<pin_list>
<pin id="1288" dir="0" index="0" bw="16" slack="0"/>
<pin id="1289" dir="0" index="1" bw="32" slack="0"/>
<pin id="1290" dir="0" index="2" bw="6" slack="0"/>
<pin id="1291" dir="0" index="3" bw="6" slack="0"/>
<pin id="1292" dir="1" index="4" bw="16" slack="0"/>
</pin_list>
<bind>
<opcode="partselect(1002) " fcode="partselect"/>
<opset="probe_4/7 "/>
</bind>
</comp>

<comp id="1297" class="1004" name="icmp_ln329_1_fu_1297">
<pin_list>
<pin id="1298" dir="0" index="0" bw="16" slack="0"/>
<pin id="1299" dir="0" index="1" bw="1" slack="0"/>
<pin id="1300" dir="1" index="2" bw="1" slack="0"/>
</pin_list>
<bind>
<opcode="icmp(45) " fcode="icmp"/>
<opset="icmp_ln329_1/7 "/>
</bind>
</comp>

<comp id="1303" class="1004" name="probe_5_fu_1303">
<pin_list>
<pin id="1304" dir="0" index="0" bw="1" slack="0"/>
<pin id="1305" dir="0" index="1" bw="16" slack="0"/>
<pin id="1306" dir="0" index="2" bw="16" slack="0"/>
<pin id="1307" dir="1" index="3" bw="16" slack="0"/>
</pin_list>
<bind>
<opcode="select(49) " fcode="select"/>
<opset="probe_5/7 "/>
</bind>
</comp>

<comp id="1311" class="1004" name="trunc_ln329_fu_1311">
<pin_list>
<pin id="1312" dir="0" index="0" bw="16" slack="0"/>
<pin id="1313" dir="1" index="1" bw="8" slack="0"/>
</pin_list>
<bind>
<opcode="trunc(33) " fcode="trunc"/>
<opset="trunc_ln329/7 "/>
</bind>
</comp>

<comp id="1315" class="1004" name="tmp_156_fu_1315">
<pin_list>
<pin id="1316" dir="0" index="0" bw="8" slack="0"/>
<pin id="1317" dir="0" index="1" bw="16" slack="0"/>
<pin id="1318" dir="0" index="2" bw="5" slack="0"/>
<pin id="1319" dir="0" index="3" bw="5" slack="0"/>
<pin id="1320" dir="1" index="4" bw="8" slack="0"/>
</pin_list>
<bind>
<opcode="partselect(1002) " fcode="partselect"/>
<opset="tmp_156/7 "/>
</bind>
</comp>

<comp id="1325" class="1004" name="icmp_ln333_1_fu_1325">
<pin_list>
<pin id="1326" dir="0" index="0" bw="8" slack="0"/>
<pin id="1327" dir="0" index="1" bw="1" slack="0"/>
<pin id="1328" dir="1" index="2" bw="1" slack="0"/>
</pin_list>
<bind>
<opcode="icmp(45) " fcode="icmp"/>
<opset="icmp_ln333_1/7 "/>
</bind>
</comp>

<comp id="1331" class="1004" name="probe_6_fu_1331">
<pin_list>
<pin id="1332" dir="0" index="0" bw="1" slack="0"/>
<pin id="1333" dir="0" index="1" bw="8" slack="0"/>
<pin id="1334" dir="0" index="2" bw="8" slack="0"/>
<pin id="1335" dir="1" index="3" bw="8" slack="0"/>
</pin_list>
<bind>
<opcode="select(49) " fcode="select"/>
<opset="probe_6/7 "/>
</bind>
</comp>

<comp id="1339" class="1004" name="trunc_ln333_fu_1339">
<pin_list>
<pin id="1340" dir="0" index="0" bw="8" slack="0"/>
<pin id="1341" dir="1" index="1" bw="4" slack="1"/>
</pin_list>
<bind>
<opcode="trunc(33) " fcode="trunc"/>
<opset="trunc_ln333/7 "/>
</bind>
</comp>

<comp id="1343" class="1004" name="probe_7_fu_1343">
<pin_list>
<pin id="1344" dir="0" index="0" bw="4" slack="0"/>
<pin id="1345" dir="0" index="1" bw="8" slack="0"/>
<pin id="1346" dir="0" index="2" bw="4" slack="0"/>
<pin id="1347" dir="0" index="3" bw="4" slack="0"/>
<pin id="1348" dir="1" index="4" bw="4" slack="1"/>
</pin_list>
<bind>
<opcode="partselect(1002) " fcode="partselect"/>
<opset="probe_7/7 "/>
</bind>
</comp>

<comp id="1353" class="1004" name="icmp_ln348_2_fu_1353">
<pin_list>
<pin id="1354" dir="0" index="0" bw="32" slack="0"/>
<pin id="1355" dir="0" index="1" bw="1" slack="0"/>
<pin id="1356" dir="1" index="2" bw="1" slack="2"/>
</pin_list>
<bind>
<opcode="icmp(45) " fcode="icmp"/>
<opset="icmp_ln348_2/7 "/>
</bind>
</comp>

<comp id="1359" class="1004" name="most_significant_bit_fu_1359">
<pin_list>
<pin id="1360" dir="0" index="0" bw="1" slack="1"/>
<pin id="1361" dir="0" index="1" bw="5" slack="0"/>
<pin id="1362" dir="0" index="2" bw="1" slack="0"/>
<pin id="1363" dir="1" index="3" bw="5" slack="0"/>
</pin_list>
<bind>
<opcode="select(49) " fcode="select"/>
<opset="most_significant_bit/8 "/>
</bind>
</comp>

<comp id="1366" class="1004" name="most_significant_bit_1_fu_1366">
<pin_list>
<pin id="1367" dir="0" index="0" bw="1" slack="1"/>
<pin id="1368" dir="0" index="1" bw="4" slack="0"/>
<pin id="1369" dir="0" index="2" bw="5" slack="0"/>
<pin id="1370" dir="1" index="3" bw="5" slack="0"/>
</pin_list>
<bind>
<opcode="select(49) " fcode="select"/>
<opset="most_significant_bit_1/8 "/>
</bind>
</comp>

<comp id="1373" class="1004" name="most_significant_bit_2_fu_1373">
<pin_list>
<pin id="1374" dir="0" index="0" bw="1" slack="1"/>
<pin id="1375" dir="0" index="1" bw="5" slack="0"/>
<pin id="1376" dir="0" index="2" bw="5" slack="0"/>
<pin id="1377" dir="1" index="3" bw="5" slack="0"/>
</pin_list>
<bind>
<opcode="select(49) " fcode="select"/>
<opset="most_significant_bit_2/8 "/>
</bind>
</comp>

<comp id="1380" class="1004" name="icmp_ln337_fu_1380">
<pin_list>
<pin id="1381" dir="0" index="0" bw="4" slack="1"/>
<pin id="1382" dir="0" index="1" bw="1" slack="0"/>
<pin id="1383" dir="1" index="2" bw="1" slack="0"/>
</pin_list>
<bind>
<opcode="icmp(45) " fcode="icmp"/>
<opset="icmp_ln337/8 "/>
</bind>
</comp>

<comp id="1385" class="1004" name="most_significant_bit_3_fu_1385">
<pin_list>
<pin id="1386" dir="0" index="0" bw="5" slack="0"/>
<pin id="1387" dir="0" index="1" bw="4" slack="0"/>
<pin id="1388" dir="1" index="2" bw="5" slack="0"/>
</pin_list>
<bind>
<opcode="or(24) " fcode="or"/>
<opset="most_significant_bit_3/8 "/>
</bind>
</comp>

<comp id="1391" class="1004" name="most_significant_bit_4_fu_1391">
<pin_list>
<pin id="1392" dir="0" index="0" bw="1" slack="0"/>
<pin id="1393" dir="0" index="1" bw="5" slack="0"/>
<pin id="1394" dir="0" index="2" bw="5" slack="0"/>
<pin id="1395" dir="1" index="3" bw="5" slack="0"/>
</pin_list>
<bind>
<opcode="select(49) " fcode="select"/>
<opset="most_significant_bit_4/8 "/>
</bind>
</comp>

<comp id="1399" class="1004" name="probe_3_fu_1399">
<pin_list>
<pin id="1400" dir="0" index="0" bw="1" slack="0"/>
<pin id="1401" dir="0" index="1" bw="4" slack="1"/>
<pin id="1402" dir="0" index="2" bw="4" slack="1"/>
<pin id="1403" dir="1" index="3" bw="4" slack="0"/>
</pin_list>
<bind>
<opcode="select(49) " fcode="select"/>
<opset="probe_3/8 "/>
</bind>
</comp>

<comp id="1405" class="1004" name="tmp_152_fu_1405">
<pin_list>
<pin id="1406" dir="0" index="0" bw="2" slack="0"/>
<pin id="1407" dir="0" index="1" bw="4" slack="0"/>
<pin id="1408" dir="0" index="2" bw="3" slack="0"/>
<pin id="1409" dir="0" index="3" bw="3" slack="0"/>
<pin id="1410" dir="1" index="4" bw="2" slack="0"/>
</pin_list>
<bind>
<opcode="partselect(1002) " fcode="partselect"/>
<opset="tmp_152/8 "/>
</bind>
</comp>

<comp id="1415" class="1004" name="icmp_ln341_fu_1415">
<pin_list>
<pin id="1416" dir="0" index="0" bw="2" slack="0"/>
<pin id="1417" dir="0" index="1" bw="1" slack="0"/>
<pin id="1418" dir="1" index="2" bw="1" slack="0"/>
</pin_list>
<bind>
<opcode="icmp(45) " fcode="icmp"/>
<opset="icmp_ln341/8 "/>
</bind>
</comp>

<comp id="1421" class="1004" name="most_significant_bit_5_fu_1421">
<pin_list>
<pin id="1422" dir="0" index="0" bw="5" slack="0"/>
<pin id="1423" dir="0" index="1" bw="3" slack="0"/>
<pin id="1424" dir="1" index="2" bw="5" slack="0"/>
</pin_list>
<bind>
<opcode="or(24) " fcode="or"/>
<opset="most_significant_bit_5/8 "/>
</bind>
</comp>

<comp id="1427" class="1004" name="most_significant_bit_6_fu_1427">
<pin_list>
<pin id="1428" dir="0" index="0" bw="1" slack="0"/>
<pin id="1429" dir="0" index="1" bw="5" slack="0"/>
<pin id="1430" dir="0" index="2" bw="5" slack="0"/>
<pin id="1431" dir="1" index="3" bw="5" slack="0"/>
</pin_list>
<bind>
<opcode="select(49) " fcode="select"/>
<opset="most_significant_bit_6/8 "/>
</bind>
</comp>

<comp id="1435" class="1004" name="tmp_153_fu_1435">
<pin_list>
<pin id="1436" dir="0" index="0" bw="1" slack="0"/>
<pin id="1437" dir="0" index="1" bw="4" slack="0"/>
<pin id="1438" dir="0" index="2" bw="3" slack="0"/>
<pin id="1439" dir="1" index="3" bw="1" slack="0"/>
</pin_list>
<bind>
<opcode="bitselect(1000) " fcode="bitselect"/>
<opset="tmp_153/8 "/>
</bind>
</comp>

<comp id="1443" class="1004" name="tmp_154_fu_1443">
<pin_list>
<pin id="1444" dir="0" index="0" bw="1" slack="0"/>
<pin id="1445" dir="0" index="1" bw="4" slack="0"/>
<pin id="1446" dir="0" index="2" bw="1" slack="0"/>
<pin id="1447" dir="1" index="3" bw="1" slack="0"/>
</pin_list>
<bind>
<opcode="bitselect(1000) " fcode="bitselect"/>
<opset="tmp_154/8 "/>
</bind>
</comp>

<comp id="1451" class="1004" name="select_ln341_fu_1451">
<pin_list>
<pin id="1452" dir="0" index="0" bw="1" slack="0"/>
<pin id="1453" dir="0" index="1" bw="1" slack="0"/>
<pin id="1454" dir="0" index="2" bw="1" slack="0"/>
<pin id="1455" dir="1" index="3" bw="1" slack="0"/>
</pin_list>
<bind>
<opcode="select(49) " fcode="select"/>
<opset="select_ln341/8 "/>
</bind>
</comp>

<comp id="1459" class="1004" name="most_significant_bit_7_fu_1459">
<pin_list>
<pin id="1460" dir="0" index="0" bw="5" slack="0"/>
<pin id="1461" dir="0" index="1" bw="1" slack="0"/>
<pin id="1462" dir="1" index="2" bw="5" slack="0"/>
</pin_list>
<bind>
<opcode="or(24) " fcode="or"/>
<opset="most_significant_bit_7/8 "/>
</bind>
</comp>

<comp id="1465" class="1004" name="most_significant_bit_8_fu_1465">
<pin_list>
<pin id="1466" dir="0" index="0" bw="1" slack="0"/>
<pin id="1467" dir="0" index="1" bw="5" slack="0"/>
<pin id="1468" dir="0" index="2" bw="5" slack="0"/>
<pin id="1469" dir="1" index="3" bw="5" slack="1"/>
</pin_list>
<bind>
<opcode="select(49) " fcode="select"/>
<opset="most_significant_bit_8/8 "/>
</bind>
</comp>

<comp id="1473" class="1004" name="most_significant_bit_9_fu_1473">
<pin_list>
<pin id="1474" dir="0" index="0" bw="1" slack="1"/>
<pin id="1475" dir="0" index="1" bw="5" slack="0"/>
<pin id="1476" dir="0" index="2" bw="1" slack="0"/>
<pin id="1477" dir="1" index="3" bw="5" slack="0"/>
</pin_list>
<bind>
<opcode="select(49) " fcode="select"/>
<opset="most_significant_bit_9/8 "/>
</bind>
</comp>

<comp id="1480" class="1004" name="most_significant_bit_10_fu_1480">
<pin_list>
<pin id="1481" dir="0" index="0" bw="1" slack="1"/>
<pin id="1482" dir="0" index="1" bw="4" slack="0"/>
<pin id="1483" dir="0" index="2" bw="5" slack="0"/>
<pin id="1484" dir="1" index="3" bw="5" slack="0"/>
</pin_list>
<bind>
<opcode="select(49) " fcode="select"/>
<opset="most_significant_bit_10/8 "/>
</bind>
</comp>

<comp id="1487" class="1004" name="most_significant_bit_11_fu_1487">
<pin_list>
<pin id="1488" dir="0" index="0" bw="1" slack="1"/>
<pin id="1489" dir="0" index="1" bw="5" slack="0"/>
<pin id="1490" dir="0" index="2" bw="5" slack="0"/>
<pin id="1491" dir="1" index="3" bw="5" slack="0"/>
</pin_list>
<bind>
<opcode="select(49) " fcode="select"/>
<opset="most_significant_bit_11/8 "/>
</bind>
</comp>

<comp id="1494" class="1004" name="icmp_ln337_1_fu_1494">
<pin_list>
<pin id="1495" dir="0" index="0" bw="4" slack="1"/>
<pin id="1496" dir="0" index="1" bw="1" slack="0"/>
<pin id="1497" dir="1" index="2" bw="1" slack="0"/>
</pin_list>
<bind>
<opcode="icmp(45) " fcode="icmp"/>
<opset="icmp_ln337_1/8 "/>
</bind>
</comp>

<comp id="1499" class="1004" name="most_significant_bit_12_fu_1499">
<pin_list>
<pin id="1500" dir="0" index="0" bw="5" slack="0"/>
<pin id="1501" dir="0" index="1" bw="4" slack="0"/>
<pin id="1502" dir="1" index="2" bw="5" slack="0"/>
</pin_list>
<bind>
<opcode="or(24) " fcode="or"/>
<opset="most_significant_bit_12/8 "/>
</bind>
</comp>

<comp id="1505" class="1004" name="probe_8_fu_1505">
<pin_list>
<pin id="1506" dir="0" index="0" bw="1" slack="0"/>
<pin id="1507" dir="0" index="1" bw="4" slack="1"/>
<pin id="1508" dir="0" index="2" bw="4" slack="1"/>
<pin id="1509" dir="1" index="3" bw="4" slack="0"/>
</pin_list>
<bind>
<opcode="select(49) " fcode="select"/>
<opset="probe_8/8 "/>
</bind>
</comp>

<comp id="1511" class="1004" name="most_significant_bit_13_fu_1511">
<pin_list>
<pin id="1512" dir="0" index="0" bw="1" slack="0"/>
<pin id="1513" dir="0" index="1" bw="5" slack="0"/>
<pin id="1514" dir="0" index="2" bw="5" slack="0"/>
<pin id="1515" dir="1" index="3" bw="5" slack="0"/>
</pin_list>
<bind>
<opcode="select(49) " fcode="select"/>
<opset="most_significant_bit_13/8 "/>
</bind>
</comp>

<comp id="1519" class="1004" name="tmp_158_fu_1519">
<pin_list>
<pin id="1520" dir="0" index="0" bw="2" slack="0"/>
<pin id="1521" dir="0" index="1" bw="4" slack="0"/>
<pin id="1522" dir="0" index="2" bw="3" slack="0"/>
<pin id="1523" dir="0" index="3" bw="3" slack="0"/>
<pin id="1524" dir="1" index="4" bw="2" slack="0"/>
</pin_list>
<bind>
<opcode="partselect(1002) " fcode="partselect"/>
<opset="tmp_158/8 "/>
</bind>
</comp>

<comp id="1529" class="1004" name="icmp_ln341_1_fu_1529">
<pin_list>
<pin id="1530" dir="0" index="0" bw="2" slack="0"/>
<pin id="1531" dir="0" index="1" bw="1" slack="0"/>
<pin id="1532" dir="1" index="2" bw="1" slack="0"/>
</pin_list>
<bind>
<opcode="icmp(45) " fcode="icmp"/>
<opset="icmp_ln341_1/8 "/>
</bind>
</comp>

<comp id="1535" class="1004" name="most_significant_bit_14_fu_1535">
<pin_list>
<pin id="1536" dir="0" index="0" bw="5" slack="0"/>
<pin id="1537" dir="0" index="1" bw="3" slack="0"/>
<pin id="1538" dir="1" index="2" bw="5" slack="0"/>
</pin_list>
<bind>
<opcode="or(24) " fcode="or"/>
<opset="most_significant_bit_14/8 "/>
</bind>
</comp>

<comp id="1541" class="1004" name="most_significant_bit_15_fu_1541">
<pin_list>
<pin id="1542" dir="0" index="0" bw="1" slack="0"/>
<pin id="1543" dir="0" index="1" bw="5" slack="0"/>
<pin id="1544" dir="0" index="2" bw="5" slack="0"/>
<pin id="1545" dir="1" index="3" bw="5" slack="0"/>
</pin_list>
<bind>
<opcode="select(49) " fcode="select"/>
<opset="most_significant_bit_15/8 "/>
</bind>
</comp>

<comp id="1549" class="1004" name="tmp_159_fu_1549">
<pin_list>
<pin id="1550" dir="0" index="0" bw="1" slack="0"/>
<pin id="1551" dir="0" index="1" bw="4" slack="0"/>
<pin id="1552" dir="0" index="2" bw="3" slack="0"/>
<pin id="1553" dir="1" index="3" bw="1" slack="0"/>
</pin_list>
<bind>
<opcode="bitselect(1000) " fcode="bitselect"/>
<opset="tmp_159/8 "/>
</bind>
</comp>

<comp id="1557" class="1004" name="tmp_160_fu_1557">
<pin_list>
<pin id="1558" dir="0" index="0" bw="1" slack="0"/>
<pin id="1559" dir="0" index="1" bw="4" slack="0"/>
<pin id="1560" dir="0" index="2" bw="1" slack="0"/>
<pin id="1561" dir="1" index="3" bw="1" slack="0"/>
</pin_list>
<bind>
<opcode="bitselect(1000) " fcode="bitselect"/>
<opset="tmp_160/8 "/>
</bind>
</comp>

<comp id="1565" class="1004" name="select_ln341_2_fu_1565">
<pin_list>
<pin id="1566" dir="0" index="0" bw="1" slack="0"/>
<pin id="1567" dir="0" index="1" bw="1" slack="0"/>
<pin id="1568" dir="0" index="2" bw="1" slack="0"/>
<pin id="1569" dir="1" index="3" bw="1" slack="0"/>
</pin_list>
<bind>
<opcode="select(49) " fcode="select"/>
<opset="select_ln341_2/8 "/>
</bind>
</comp>

<comp id="1573" class="1004" name="most_significant_bit_16_fu_1573">
<pin_list>
<pin id="1574" dir="0" index="0" bw="5" slack="0"/>
<pin id="1575" dir="0" index="1" bw="1" slack="0"/>
<pin id="1576" dir="1" index="2" bw="5" slack="0"/>
</pin_list>
<bind>
<opcode="or(24) " fcode="or"/>
<opset="most_significant_bit_16/8 "/>
</bind>
</comp>

<comp id="1579" class="1004" name="most_significant_bit_17_fu_1579">
<pin_list>
<pin id="1580" dir="0" index="0" bw="1" slack="0"/>
<pin id="1581" dir="0" index="1" bw="5" slack="0"/>
<pin id="1582" dir="0" index="2" bw="5" slack="0"/>
<pin id="1583" dir="1" index="3" bw="5" slack="1"/>
</pin_list>
<bind>
<opcode="select(49) " fcode="select"/>
<opset="most_significant_bit_17/8 "/>
</bind>
</comp>

<comp id="1587" class="1004" name="icmp_ln348_1_fu_1587">
<pin_list>
<pin id="1588" dir="0" index="0" bw="5" slack="1"/>
<pin id="1589" dir="0" index="1" bw="4" slack="0"/>
<pin id="1590" dir="1" index="2" bw="1" slack="0"/>
</pin_list>
<bind>
<opcode="icmp(45) " fcode="icmp"/>
<opset="icmp_ln348_1/9 "/>
</bind>
</comp>

<comp id="1592" class="1004" name="and_ln348_fu_1592">
<pin_list>
<pin id="1593" dir="0" index="0" bw="1" slack="0"/>
<pin id="1594" dir="0" index="1" bw="1" slack="2"/>
<pin id="1595" dir="1" index="2" bw="1" slack="0"/>
</pin_list>
<bind>
<opcode="and(23) " fcode="and"/>
<opset="and_ln348/9 "/>
</bind>
</comp>

<comp id="1597" class="1004" name="shift_k_fu_1597">
<pin_list>
<pin id="1598" dir="0" index="0" bw="5" slack="1"/>
<pin id="1599" dir="0" index="1" bw="4" slack="0"/>
<pin id="1600" dir="1" index="2" bw="5" slack="0"/>
</pin_list>
<bind>
<opcode="add(8) " fcode="add"/>
<opset="shift_k/9 "/>
</bind>
</comp>

<comp id="1602" class="1004" name="shift_k_1_fu_1602">
<pin_list>
<pin id="1603" dir="0" index="0" bw="1" slack="0"/>
<pin id="1604" dir="0" index="1" bw="5" slack="0"/>
<pin id="1605" dir="0" index="2" bw="1" slack="0"/>
<pin id="1606" dir="1" index="3" bw="5" slack="1"/>
</pin_list>
<bind>
<opcode="select(49) " fcode="select"/>
<opset="shift_k_1/9 "/>
</bind>
</comp>

<comp id="1610" class="1004" name="icmp_ln348_3_fu_1610">
<pin_list>
<pin id="1611" dir="0" index="0" bw="5" slack="1"/>
<pin id="1612" dir="0" index="1" bw="4" slack="0"/>
<pin id="1613" dir="1" index="2" bw="1" slack="0"/>
</pin_list>
<bind>
<opcode="icmp(45) " fcode="icmp"/>
<opset="icmp_ln348_3/9 "/>
</bind>
</comp>

<comp id="1615" class="1004" name="and_ln348_1_fu_1615">
<pin_list>
<pin id="1616" dir="0" index="0" bw="1" slack="0"/>
<pin id="1617" dir="0" index="1" bw="1" slack="2"/>
<pin id="1618" dir="1" index="2" bw="1" slack="0"/>
</pin_list>
<bind>
<opcode="and(23) " fcode="and"/>
<opset="and_ln348_1/9 "/>
</bind>
</comp>

<comp id="1620" class="1004" name="shift_v_fu_1620">
<pin_list>
<pin id="1621" dir="0" index="0" bw="5" slack="1"/>
<pin id="1622" dir="0" index="1" bw="4" slack="0"/>
<pin id="1623" dir="1" index="2" bw="5" slack="0"/>
</pin_list>
<bind>
<opcode="add(8) " fcode="add"/>
<opset="shift_v/9 "/>
</bind>
</comp>

<comp id="1625" class="1004" name="shift_v_1_fu_1625">
<pin_list>
<pin id="1626" dir="0" index="0" bw="1" slack="0"/>
<pin id="1627" dir="0" index="1" bw="5" slack="0"/>
<pin id="1628" dir="0" index="2" bw="1" slack="0"/>
<pin id="1629" dir="1" index="3" bw="5" slack="1"/>
</pin_list>
<bind>
<opcode="select(49) " fcode="select"/>
<opset="shift_v_1/9 "/>
</bind>
</comp>

<comp id="1633" class="1004" name="cmp_i_i96_i275_fu_1633">
<pin_list>
<pin id="1634" dir="0" index="0" bw="5" slack="1"/>
<pin id="1635" dir="0" index="1" bw="1" slack="0"/>
<pin id="1636" dir="1" index="2" bw="1" slack="0"/>
</pin_list>
<bind>
<opcode="icmp(45) " fcode="icmp"/>
<opset="cmp_i_i96_i275/10 "/>
</bind>
</comp>

<comp id="1638" class="1004" name="shift_k_2_cast_fu_1638">
<pin_list>
<pin id="1639" dir="0" index="0" bw="5" slack="1"/>
<pin id="1640" dir="1" index="1" bw="6" slack="0"/>
</pin_list>
<bind>
<opcode="zext(34) " fcode="zext"/>
<opset="shift_k_2_cast/10 "/>
</bind>
</comp>

<comp id="1641" class="1004" name="sub_i285_fu_1641">
<pin_list>
<pin id="1642" dir="0" index="0" bw="5" slack="0"/>
<pin id="1643" dir="0" index="1" bw="1" slack="0"/>
<pin id="1644" dir="1" index="2" bw="6" slack="0"/>
</pin_list>
<bind>
<opcode="add(8) " fcode="add"/>
<opset="sub_i285/10 "/>
</bind>
</comp>

<comp id="1647" class="1004" name="sub_i285_cast_fu_1647">
<pin_list>
<pin id="1648" dir="0" index="0" bw="6" slack="0"/>
<pin id="1649" dir="1" index="1" bw="32" slack="0"/>
</pin_list>
<bind>
<opcode="sext(35) " fcode="sext"/>
<opset="sub_i285_cast/10 "/>
</bind>
</comp>

<comp id="1651" class="1004" name="cmp_i73_i288_fu_1651">
<pin_list>
<pin id="1652" dir="0" index="0" bw="5" slack="1"/>
<pin id="1653" dir="0" index="1" bw="1" slack="0"/>
<pin id="1654" dir="1" index="2" bw="1" slack="0"/>
</pin_list>
<bind>
<opcode="icmp(45) " fcode="icmp"/>
<opset="cmp_i73_i288/10 "/>
</bind>
</comp>

<comp id="1656" class="1004" name="shl_i75_i291_fu_1656">
<pin_list>
<pin id="1657" dir="0" index="0" bw="1" slack="0"/>
<pin id="1658" dir="0" index="1" bw="6" slack="0"/>
<pin id="1659" dir="1" index="2" bw="32" slack="0"/>
</pin_list>
<bind>
<opcode="shl(20) " fcode="shl"/>
<opset="shl_i75_i291/10 "/>
</bind>
</comp>

<comp id="1662" class="1004" name="sub_i78_i294_fu_1662">
<pin_list>
<pin id="1663" dir="0" index="0" bw="1" slack="0"/>
<pin id="1664" dir="0" index="1" bw="5" slack="0"/>
<pin id="1665" dir="1" index="2" bw="6" slack="0"/>
</pin_list>
<bind>
<opcode="sub(10) " fcode="sub"/>
<opset="sub_i78_i294/10 "/>
</bind>
</comp>

<comp id="1668" class="1004" name="sub_i78_i294_cast_fu_1668">
<pin_list>
<pin id="1669" dir="0" index="0" bw="6" slack="0"/>
<pin id="1670" dir="1" index="1" bw="32" slack="0"/>
</pin_list>
<bind>
<opcode="sext(35) " fcode="sext"/>
<opset="sub_i78_i294_cast/10 "/>
</bind>
</comp>

<comp id="1672" class="1004" name="shr_i79_i295_fu_1672">
<pin_list>
<pin id="1673" dir="0" index="0" bw="1" slack="0"/>
<pin id="1674" dir="0" index="1" bw="6" slack="0"/>
<pin id="1675" dir="1" index="2" bw="32" slack="0"/>
</pin_list>
<bind>
<opcode="lshr(21) " fcode="lshr"/>
<opset="shr_i79_i295/10 "/>
</bind>
</comp>

<comp id="1678" class="1004" name="cmp_i_i96_i_fu_1678">
<pin_list>
<pin id="1679" dir="0" index="0" bw="5" slack="1"/>
<pin id="1680" dir="0" index="1" bw="1" slack="0"/>
<pin id="1681" dir="1" index="2" bw="1" slack="0"/>
</pin_list>
<bind>
<opcode="icmp(45) " fcode="icmp"/>
<opset="cmp_i_i96_i/10 "/>
</bind>
</comp>

<comp id="1683" class="1004" name="shift_v_2_cast_fu_1683">
<pin_list>
<pin id="1684" dir="0" index="0" bw="5" slack="1"/>
<pin id="1685" dir="1" index="1" bw="6" slack="0"/>
</pin_list>
<bind>
<opcode="zext(34) " fcode="zext"/>
<opset="shift_v_2_cast/10 "/>
</bind>
</comp>

<comp id="1686" class="1004" name="sub_i_fu_1686">
<pin_list>
<pin id="1687" dir="0" index="0" bw="5" slack="0"/>
<pin id="1688" dir="0" index="1" bw="1" slack="0"/>
<pin id="1689" dir="1" index="2" bw="6" slack="0"/>
</pin_list>
<bind>
<opcode="add(8) " fcode="add"/>
<opset="sub_i/10 "/>
</bind>
</comp>

<comp id="1692" class="1004" name="sub_i_cast_fu_1692">
<pin_list>
<pin id="1693" dir="0" index="0" bw="6" slack="0"/>
<pin id="1694" dir="1" index="1" bw="32" slack="0"/>
</pin_list>
<bind>
<opcode="sext(35) " fcode="sext"/>
<opset="sub_i_cast/10 "/>
</bind>
</comp>

<comp id="1696" class="1004" name="cmp_i73_i_fu_1696">
<pin_list>
<pin id="1697" dir="0" index="0" bw="5" slack="1"/>
<pin id="1698" dir="0" index="1" bw="1" slack="0"/>
<pin id="1699" dir="1" index="2" bw="1" slack="0"/>
</pin_list>
<bind>
<opcode="icmp(45) " fcode="icmp"/>
<opset="cmp_i73_i/10 "/>
</bind>
</comp>

<comp id="1701" class="1004" name="shl_i75_i_fu_1701">
<pin_list>
<pin id="1702" dir="0" index="0" bw="1" slack="0"/>
<pin id="1703" dir="0" index="1" bw="6" slack="0"/>
<pin id="1704" dir="1" index="2" bw="32" slack="0"/>
</pin_list>
<bind>
<opcode="shl(20) " fcode="shl"/>
<opset="shl_i75_i/10 "/>
</bind>
</comp>

<comp id="1707" class="1004" name="sub_i78_i_fu_1707">
<pin_list>
<pin id="1708" dir="0" index="0" bw="1" slack="0"/>
<pin id="1709" dir="0" index="1" bw="5" slack="0"/>
<pin id="1710" dir="1" index="2" bw="6" slack="0"/>
</pin_list>
<bind>
<opcode="sub(10) " fcode="sub"/>
<opset="sub_i78_i/10 "/>
</bind>
</comp>

<comp id="1713" class="1004" name="sub_i78_i_cast_fu_1713">
<pin_list>
<pin id="1714" dir="0" index="0" bw="6" slack="0"/>
<pin id="1715" dir="1" index="1" bw="32" slack="0"/>
</pin_list>
<bind>
<opcode="sext(35) " fcode="sext"/>
<opset="sub_i78_i_cast/10 "/>
</bind>
</comp>

<comp id="1717" class="1004" name="shr_i79_i_fu_1717">
<pin_list>
<pin id="1718" dir="0" index="0" bw="1" slack="0"/>
<pin id="1719" dir="0" index="1" bw="6" slack="0"/>
<pin id="1720" dir="1" index="2" bw="32" slack="0"/>
</pin_list>
<bind>
<opcode="lshr(21) " fcode="lshr"/>
<opset="shr_i79_i/10 "/>
</bind>
</comp>

<comp id="1723" class="1004" name="rounding_fu_1723">
<pin_list>
<pin id="1724" dir="0" index="0" bw="1" slack="0"/>
<pin id="1725" dir="0" index="1" bw="32" slack="0"/>
<pin id="1726" dir="0" index="2" bw="32" slack="0"/>
<pin id="1727" dir="1" index="3" bw="32" slack="0"/>
</pin_list>
<bind>
<opcode="select(49) " fcode="select"/>
<opset="rounding/10 "/>
</bind>
</comp>

<comp id="1731" class="1004" name="rounding_1_fu_1731">
<pin_list>
<pin id="1732" dir="0" index="0" bw="1" slack="0"/>
<pin id="1733" dir="0" index="1" bw="1" slack="0"/>
<pin id="1734" dir="0" index="2" bw="32" slack="0"/>
<pin id="1735" dir="1" index="3" bw="32" slack="1"/>
</pin_list>
<bind>
<opcode="select(49) " fcode="select"/>
<opset="rounding_1/10 "/>
</bind>
</comp>

<comp id="1739" class="1004" name="rounding_2_fu_1739">
<pin_list>
<pin id="1740" dir="0" index="0" bw="1" slack="0"/>
<pin id="1741" dir="0" index="1" bw="32" slack="0"/>
<pin id="1742" dir="0" index="2" bw="32" slack="0"/>
<pin id="1743" dir="1" index="3" bw="32" slack="0"/>
</pin_list>
<bind>
<opcode="select(49) " fcode="select"/>
<opset="rounding_2/10 "/>
</bind>
</comp>

<comp id="1747" class="1004" name="rounding_3_fu_1747">
<pin_list>
<pin id="1748" dir="0" index="0" bw="1" slack="0"/>
<pin id="1749" dir="0" index="1" bw="1" slack="0"/>
<pin id="1750" dir="0" index="2" bw="32" slack="0"/>
<pin id="1751" dir="1" index="3" bw="32" slack="1"/>
</pin_list>
<bind>
<opcode="select(49) " fcode="select"/>
<opset="rounding_3/10 "/>
</bind>
</comp>

<comp id="1755" class="1004" name="quantized_k_group_31_loc_load_load_fu_1755">
<pin_list>
<pin id="1756" dir="0" index="0" bw="8" slack="12"/>
<pin id="1757" dir="1" index="1" bw="8" slack="0"/>
</pin_list>
<bind>
<opcode="load(27) " fcode="load"/>
<opset="quantized_k_group_31_loc_load/13 "/>
</bind>
</comp>

<comp id="1758" class="1004" name="quantized_k_group_30_loc_load_load_fu_1758">
<pin_list>
<pin id="1759" dir="0" index="0" bw="8" slack="12"/>
<pin id="1760" dir="1" index="1" bw="8" slack="0"/>
</pin_list>
<bind>
<opcode="load(27) " fcode="load"/>
<opset="quantized_k_group_30_loc_load/13 "/>
</bind>
</comp>

<comp id="1761" class="1004" name="quantized_k_group_29_loc_load_load_fu_1761">
<pin_list>
<pin id="1762" dir="0" index="0" bw="8" slack="12"/>
<pin id="1763" dir="1" index="1" bw="8" slack="0"/>
</pin_list>
<bind>
<opcode="load(27) " fcode="load"/>
<opset="quantized_k_group_29_loc_load/13 "/>
</bind>
</comp>

<comp id="1764" class="1004" name="quantized_k_group_28_loc_load_load_fu_1764">
<pin_list>
<pin id="1765" dir="0" index="0" bw="8" slack="12"/>
<pin id="1766" dir="1" index="1" bw="8" slack="0"/>
</pin_list>
<bind>
<opcode="load(27) " fcode="load"/>
<opset="quantized_k_group_28_loc_load/13 "/>
</bind>
</comp>

<comp id="1767" class="1004" name="quantized_k_group_27_loc_load_load_fu_1767">
<pin_list>
<pin id="1768" dir="0" index="0" bw="8" slack="12"/>
<pin id="1769" dir="1" index="1" bw="8" slack="0"/>
</pin_list>
<bind>
<opcode="load(27) " fcode="load"/>
<opset="quantized_k_group_27_loc_load/13 "/>
</bind>
</comp>

<comp id="1770" class="1004" name="quantized_k_group_26_loc_load_load_fu_1770">
<pin_list>
<pin id="1771" dir="0" index="0" bw="8" slack="12"/>
<pin id="1772" dir="1" index="1" bw="8" slack="0"/>
</pin_list>
<bind>
<opcode="load(27) " fcode="load"/>
<opset="quantized_k_group_26_loc_load/13 "/>
</bind>
</comp>

<comp id="1773" class="1004" name="quantized_k_group_25_loc_load_load_fu_1773">
<pin_list>
<pin id="1774" dir="0" index="0" bw="8" slack="12"/>
<pin id="1775" dir="1" index="1" bw="8" slack="0"/>
</pin_list>
<bind>
<opcode="load(27) " fcode="load"/>
<opset="quantized_k_group_25_loc_load/13 "/>
</bind>
</comp>

<comp id="1776" class="1004" name="quantized_k_group_24_loc_load_load_fu_1776">
<pin_list>
<pin id="1777" dir="0" index="0" bw="8" slack="12"/>
<pin id="1778" dir="1" index="1" bw="8" slack="0"/>
</pin_list>
<bind>
<opcode="load(27) " fcode="load"/>
<opset="quantized_k_group_24_loc_load/13 "/>
</bind>
</comp>

<comp id="1779" class="1004" name="quantized_k_group_23_loc_load_load_fu_1779">
<pin_list>
<pin id="1780" dir="0" index="0" bw="8" slack="12"/>
<pin id="1781" dir="1" index="1" bw="8" slack="0"/>
</pin_list>
<bind>
<opcode="load(27) " fcode="load"/>
<opset="quantized_k_group_23_loc_load/13 "/>
</bind>
</comp>

<comp id="1782" class="1004" name="quantized_k_group_22_loc_load_load_fu_1782">
<pin_list>
<pin id="1783" dir="0" index="0" bw="8" slack="12"/>
<pin id="1784" dir="1" index="1" bw="8" slack="0"/>
</pin_list>
<bind>
<opcode="load(27) " fcode="load"/>
<opset="quantized_k_group_22_loc_load/13 "/>
</bind>
</comp>

<comp id="1785" class="1004" name="quantized_k_group_21_loc_load_load_fu_1785">
<pin_list>
<pin id="1786" dir="0" index="0" bw="8" slack="12"/>
<pin id="1787" dir="1" index="1" bw="8" slack="0"/>
</pin_list>
<bind>
<opcode="load(27) " fcode="load"/>
<opset="quantized_k_group_21_loc_load/13 "/>
</bind>
</comp>

<comp id="1788" class="1004" name="quantized_k_group_20_loc_load_load_fu_1788">
<pin_list>
<pin id="1789" dir="0" index="0" bw="8" slack="12"/>
<pin id="1790" dir="1" index="1" bw="8" slack="0"/>
</pin_list>
<bind>
<opcode="load(27) " fcode="load"/>
<opset="quantized_k_group_20_loc_load/13 "/>
</bind>
</comp>

<comp id="1791" class="1004" name="quantized_k_group_19_loc_load_load_fu_1791">
<pin_list>
<pin id="1792" dir="0" index="0" bw="8" slack="12"/>
<pin id="1793" dir="1" index="1" bw="8" slack="0"/>
</pin_list>
<bind>
<opcode="load(27) " fcode="load"/>
<opset="quantized_k_group_19_loc_load/13 "/>
</bind>
</comp>

<comp id="1794" class="1004" name="quantized_k_group_18_loc_load_load_fu_1794">
<pin_list>
<pin id="1795" dir="0" index="0" bw="8" slack="12"/>
<pin id="1796" dir="1" index="1" bw="8" slack="0"/>
</pin_list>
<bind>
<opcode="load(27) " fcode="load"/>
<opset="quantized_k_group_18_loc_load/13 "/>
</bind>
</comp>

<comp id="1797" class="1004" name="quantized_k_group_17_loc_load_load_fu_1797">
<pin_list>
<pin id="1798" dir="0" index="0" bw="8" slack="12"/>
<pin id="1799" dir="1" index="1" bw="8" slack="0"/>
</pin_list>
<bind>
<opcode="load(27) " fcode="load"/>
<opset="quantized_k_group_17_loc_load/13 "/>
</bind>
</comp>

<comp id="1800" class="1004" name="quantized_k_group_16_loc_load_load_fu_1800">
<pin_list>
<pin id="1801" dir="0" index="0" bw="8" slack="12"/>
<pin id="1802" dir="1" index="1" bw="8" slack="0"/>
</pin_list>
<bind>
<opcode="load(27) " fcode="load"/>
<opset="quantized_k_group_16_loc_load/13 "/>
</bind>
</comp>

<comp id="1803" class="1004" name="quantized_k_group_15_loc_load_load_fu_1803">
<pin_list>
<pin id="1804" dir="0" index="0" bw="8" slack="12"/>
<pin id="1805" dir="1" index="1" bw="8" slack="0"/>
</pin_list>
<bind>
<opcode="load(27) " fcode="load"/>
<opset="quantized_k_group_15_loc_load/13 "/>
</bind>
</comp>

<comp id="1806" class="1004" name="quantized_k_group_14_loc_load_load_fu_1806">
<pin_list>
<pin id="1807" dir="0" index="0" bw="8" slack="12"/>
<pin id="1808" dir="1" index="1" bw="8" slack="0"/>
</pin_list>
<bind>
<opcode="load(27) " fcode="load"/>
<opset="quantized_k_group_14_loc_load/13 "/>
</bind>
</comp>

<comp id="1809" class="1004" name="quantized_k_group_13_loc_load_load_fu_1809">
<pin_list>
<pin id="1810" dir="0" index="0" bw="8" slack="12"/>
<pin id="1811" dir="1" index="1" bw="8" slack="0"/>
</pin_list>
<bind>
<opcode="load(27) " fcode="load"/>
<opset="quantized_k_group_13_loc_load/13 "/>
</bind>
</comp>

<comp id="1812" class="1004" name="quantized_k_group_12_loc_load_load_fu_1812">
<pin_list>
<pin id="1813" dir="0" index="0" bw="8" slack="12"/>
<pin id="1814" dir="1" index="1" bw="8" slack="0"/>
</pin_list>
<bind>
<opcode="load(27) " fcode="load"/>
<opset="quantized_k_group_12_loc_load/13 "/>
</bind>
</comp>

<comp id="1815" class="1004" name="quantized_k_group_11_loc_load_load_fu_1815">
<pin_list>
<pin id="1816" dir="0" index="0" bw="8" slack="12"/>
<pin id="1817" dir="1" index="1" bw="8" slack="0"/>
</pin_list>
<bind>
<opcode="load(27) " fcode="load"/>
<opset="quantized_k_group_11_loc_load/13 "/>
</bind>
</comp>

<comp id="1818" class="1004" name="quantized_k_group_10_loc_load_load_fu_1818">
<pin_list>
<pin id="1819" dir="0" index="0" bw="8" slack="12"/>
<pin id="1820" dir="1" index="1" bw="8" slack="0"/>
</pin_list>
<bind>
<opcode="load(27) " fcode="load"/>
<opset="quantized_k_group_10_loc_load/13 "/>
</bind>
</comp>

<comp id="1821" class="1004" name="quantized_k_group_9_loc_load_load_fu_1821">
<pin_list>
<pin id="1822" dir="0" index="0" bw="8" slack="12"/>
<pin id="1823" dir="1" index="1" bw="8" slack="0"/>
</pin_list>
<bind>
<opcode="load(27) " fcode="load"/>
<opset="quantized_k_group_9_loc_load/13 "/>
</bind>
</comp>

<comp id="1824" class="1004" name="quantized_k_group_8_loc_load_load_fu_1824">
<pin_list>
<pin id="1825" dir="0" index="0" bw="8" slack="12"/>
<pin id="1826" dir="1" index="1" bw="8" slack="0"/>
</pin_list>
<bind>
<opcode="load(27) " fcode="load"/>
<opset="quantized_k_group_8_loc_load/13 "/>
</bind>
</comp>

<comp id="1827" class="1004" name="quantized_k_group_7_loc_load_load_fu_1827">
<pin_list>
<pin id="1828" dir="0" index="0" bw="8" slack="12"/>
<pin id="1829" dir="1" index="1" bw="8" slack="0"/>
</pin_list>
<bind>
<opcode="load(27) " fcode="load"/>
<opset="quantized_k_group_7_loc_load/13 "/>
</bind>
</comp>

<comp id="1830" class="1004" name="quantized_k_group_6_loc_load_load_fu_1830">
<pin_list>
<pin id="1831" dir="0" index="0" bw="8" slack="12"/>
<pin id="1832" dir="1" index="1" bw="8" slack="0"/>
</pin_list>
<bind>
<opcode="load(27) " fcode="load"/>
<opset="quantized_k_group_6_loc_load/13 "/>
</bind>
</comp>

<comp id="1833" class="1004" name="quantized_k_group_5_loc_load_load_fu_1833">
<pin_list>
<pin id="1834" dir="0" index="0" bw="8" slack="12"/>
<pin id="1835" dir="1" index="1" bw="8" slack="0"/>
</pin_list>
<bind>
<opcode="load(27) " fcode="load"/>
<opset="quantized_k_group_5_loc_load/13 "/>
</bind>
</comp>

<comp id="1836" class="1004" name="quantized_k_group_4_loc_load_load_fu_1836">
<pin_list>
<pin id="1837" dir="0" index="0" bw="8" slack="12"/>
<pin id="1838" dir="1" index="1" bw="8" slack="0"/>
</pin_list>
<bind>
<opcode="load(27) " fcode="load"/>
<opset="quantized_k_group_4_loc_load/13 "/>
</bind>
</comp>

<comp id="1839" class="1004" name="quantized_k_group_3_loc_load_load_fu_1839">
<pin_list>
<pin id="1840" dir="0" index="0" bw="8" slack="12"/>
<pin id="1841" dir="1" index="1" bw="8" slack="0"/>
</pin_list>
<bind>
<opcode="load(27) " fcode="load"/>
<opset="quantized_k_group_3_loc_load/13 "/>
</bind>
</comp>

<comp id="1842" class="1004" name="quantized_k_group_2_loc_load_load_fu_1842">
<pin_list>
<pin id="1843" dir="0" index="0" bw="8" slack="12"/>
<pin id="1844" dir="1" index="1" bw="8" slack="0"/>
</pin_list>
<bind>
<opcode="load(27) " fcode="load"/>
<opset="quantized_k_group_2_loc_load/13 "/>
</bind>
</comp>

<comp id="1845" class="1004" name="quantized_k_group_1_loc_load_load_fu_1845">
<pin_list>
<pin id="1846" dir="0" index="0" bw="8" slack="12"/>
<pin id="1847" dir="1" index="1" bw="8" slack="0"/>
</pin_list>
<bind>
<opcode="load(27) " fcode="load"/>
<opset="quantized_k_group_1_loc_load/13 "/>
</bind>
</comp>

<comp id="1848" class="1004" name="quantized_k_group_loc_load_load_fu_1848">
<pin_list>
<pin id="1849" dir="0" index="0" bw="8" slack="12"/>
<pin id="1850" dir="1" index="1" bw="8" slack="0"/>
</pin_list>
<bind>
<opcode="load(27) " fcode="load"/>
<opset="quantized_k_group_loc_load/13 "/>
</bind>
</comp>

<comp id="1851" class="1004" name="quantized_v_group_31_loc_load_load_fu_1851">
<pin_list>
<pin id="1852" dir="0" index="0" bw="8" slack="12"/>
<pin id="1853" dir="1" index="1" bw="8" slack="0"/>
</pin_list>
<bind>
<opcode="load(27) " fcode="load"/>
<opset="quantized_v_group_31_loc_load/13 "/>
</bind>
</comp>

<comp id="1854" class="1004" name="quantized_v_group_30_loc_load_load_fu_1854">
<pin_list>
<pin id="1855" dir="0" index="0" bw="8" slack="12"/>
<pin id="1856" dir="1" index="1" bw="8" slack="0"/>
</pin_list>
<bind>
<opcode="load(27) " fcode="load"/>
<opset="quantized_v_group_30_loc_load/13 "/>
</bind>
</comp>

<comp id="1857" class="1004" name="quantized_v_group_29_loc_load_load_fu_1857">
<pin_list>
<pin id="1858" dir="0" index="0" bw="8" slack="12"/>
<pin id="1859" dir="1" index="1" bw="8" slack="0"/>
</pin_list>
<bind>
<opcode="load(27) " fcode="load"/>
<opset="quantized_v_group_29_loc_load/13 "/>
</bind>
</comp>

<comp id="1860" class="1004" name="quantized_v_group_28_loc_load_load_fu_1860">
<pin_list>
<pin id="1861" dir="0" index="0" bw="8" slack="12"/>
<pin id="1862" dir="1" index="1" bw="8" slack="0"/>
</pin_list>
<bind>
<opcode="load(27) " fcode="load"/>
<opset="quantized_v_group_28_loc_load/13 "/>
</bind>
</comp>

<comp id="1863" class="1004" name="quantized_v_group_27_loc_load_load_fu_1863">
<pin_list>
<pin id="1864" dir="0" index="0" bw="8" slack="12"/>
<pin id="1865" dir="1" index="1" bw="8" slack="0"/>
</pin_list>
<bind>
<opcode="load(27) " fcode="load"/>
<opset="quantized_v_group_27_loc_load/13 "/>
</bind>
</comp>

<comp id="1866" class="1004" name="quantized_v_group_26_loc_load_load_fu_1866">
<pin_list>
<pin id="1867" dir="0" index="0" bw="8" slack="12"/>
<pin id="1868" dir="1" index="1" bw="8" slack="0"/>
</pin_list>
<bind>
<opcode="load(27) " fcode="load"/>
<opset="quantized_v_group_26_loc_load/13 "/>
</bind>
</comp>

<comp id="1869" class="1004" name="quantized_v_group_25_loc_load_load_fu_1869">
<pin_list>
<pin id="1870" dir="0" index="0" bw="8" slack="12"/>
<pin id="1871" dir="1" index="1" bw="8" slack="0"/>
</pin_list>
<bind>
<opcode="load(27) " fcode="load"/>
<opset="quantized_v_group_25_loc_load/13 "/>
</bind>
</comp>

<comp id="1872" class="1004" name="quantized_v_group_24_loc_load_load_fu_1872">
<pin_list>
<pin id="1873" dir="0" index="0" bw="8" slack="12"/>
<pin id="1874" dir="1" index="1" bw="8" slack="0"/>
</pin_list>
<bind>
<opcode="load(27) " fcode="load"/>
<opset="quantized_v_group_24_loc_load/13 "/>
</bind>
</comp>

<comp id="1875" class="1004" name="quantized_v_group_23_loc_load_load_fu_1875">
<pin_list>
<pin id="1876" dir="0" index="0" bw="8" slack="12"/>
<pin id="1877" dir="1" index="1" bw="8" slack="0"/>
</pin_list>
<bind>
<opcode="load(27) " fcode="load"/>
<opset="quantized_v_group_23_loc_load/13 "/>
</bind>
</comp>

<comp id="1878" class="1004" name="quantized_v_group_22_loc_load_load_fu_1878">
<pin_list>
<pin id="1879" dir="0" index="0" bw="8" slack="12"/>
<pin id="1880" dir="1" index="1" bw="8" slack="0"/>
</pin_list>
<bind>
<opcode="load(27) " fcode="load"/>
<opset="quantized_v_group_22_loc_load/13 "/>
</bind>
</comp>

<comp id="1881" class="1004" name="quantized_v_group_21_loc_load_load_fu_1881">
<pin_list>
<pin id="1882" dir="0" index="0" bw="8" slack="12"/>
<pin id="1883" dir="1" index="1" bw="8" slack="0"/>
</pin_list>
<bind>
<opcode="load(27) " fcode="load"/>
<opset="quantized_v_group_21_loc_load/13 "/>
</bind>
</comp>

<comp id="1884" class="1004" name="quantized_v_group_20_loc_load_load_fu_1884">
<pin_list>
<pin id="1885" dir="0" index="0" bw="8" slack="12"/>
<pin id="1886" dir="1" index="1" bw="8" slack="0"/>
</pin_list>
<bind>
<opcode="load(27) " fcode="load"/>
<opset="quantized_v_group_20_loc_load/13 "/>
</bind>
</comp>

<comp id="1887" class="1004" name="quantized_v_group_19_loc_load_load_fu_1887">
<pin_list>
<pin id="1888" dir="0" index="0" bw="8" slack="12"/>
<pin id="1889" dir="1" index="1" bw="8" slack="0"/>
</pin_list>
<bind>
<opcode="load(27) " fcode="load"/>
<opset="quantized_v_group_19_loc_load/13 "/>
</bind>
</comp>

<comp id="1890" class="1004" name="quantized_v_group_18_loc_load_load_fu_1890">
<pin_list>
<pin id="1891" dir="0" index="0" bw="8" slack="12"/>
<pin id="1892" dir="1" index="1" bw="8" slack="0"/>
</pin_list>
<bind>
<opcode="load(27) " fcode="load"/>
<opset="quantized_v_group_18_loc_load/13 "/>
</bind>
</comp>

<comp id="1893" class="1004" name="quantized_v_group_17_loc_load_load_fu_1893">
<pin_list>
<pin id="1894" dir="0" index="0" bw="8" slack="12"/>
<pin id="1895" dir="1" index="1" bw="8" slack="0"/>
</pin_list>
<bind>
<opcode="load(27) " fcode="load"/>
<opset="quantized_v_group_17_loc_load/13 "/>
</bind>
</comp>

<comp id="1896" class="1004" name="quantized_v_group_16_loc_load_load_fu_1896">
<pin_list>
<pin id="1897" dir="0" index="0" bw="8" slack="12"/>
<pin id="1898" dir="1" index="1" bw="8" slack="0"/>
</pin_list>
<bind>
<opcode="load(27) " fcode="load"/>
<opset="quantized_v_group_16_loc_load/13 "/>
</bind>
</comp>

<comp id="1899" class="1004" name="quantized_v_group_15_loc_load_load_fu_1899">
<pin_list>
<pin id="1900" dir="0" index="0" bw="8" slack="12"/>
<pin id="1901" dir="1" index="1" bw="8" slack="0"/>
</pin_list>
<bind>
<opcode="load(27) " fcode="load"/>
<opset="quantized_v_group_15_loc_load/13 "/>
</bind>
</comp>

<comp id="1902" class="1004" name="quantized_v_group_14_loc_load_load_fu_1902">
<pin_list>
<pin id="1903" dir="0" index="0" bw="8" slack="12"/>
<pin id="1904" dir="1" index="1" bw="8" slack="0"/>
</pin_list>
<bind>
<opcode="load(27) " fcode="load"/>
<opset="quantized_v_group_14_loc_load/13 "/>
</bind>
</comp>

<comp id="1905" class="1004" name="quantized_v_group_13_loc_load_load_fu_1905">
<pin_list>
<pin id="1906" dir="0" index="0" bw="8" slack="12"/>
<pin id="1907" dir="1" index="1" bw="8" slack="0"/>
</pin_list>
<bind>
<opcode="load(27) " fcode="load"/>
<opset="quantized_v_group_13_loc_load/13 "/>
</bind>
</comp>

<comp id="1908" class="1004" name="quantized_v_group_12_loc_load_load_fu_1908">
<pin_list>
<pin id="1909" dir="0" index="0" bw="8" slack="12"/>
<pin id="1910" dir="1" index="1" bw="8" slack="0"/>
</pin_list>
<bind>
<opcode="load(27) " fcode="load"/>
<opset="quantized_v_group_12_loc_load/13 "/>
</bind>
</comp>

<comp id="1911" class="1004" name="quantized_v_group_11_loc_load_load_fu_1911">
<pin_list>
<pin id="1912" dir="0" index="0" bw="8" slack="12"/>
<pin id="1913" dir="1" index="1" bw="8" slack="0"/>
</pin_list>
<bind>
<opcode="load(27) " fcode="load"/>
<opset="quantized_v_group_11_loc_load/13 "/>
</bind>
</comp>

<comp id="1914" class="1004" name="quantized_v_group_10_loc_load_load_fu_1914">
<pin_list>
<pin id="1915" dir="0" index="0" bw="8" slack="12"/>
<pin id="1916" dir="1" index="1" bw="8" slack="0"/>
</pin_list>
<bind>
<opcode="load(27) " fcode="load"/>
<opset="quantized_v_group_10_loc_load/13 "/>
</bind>
</comp>

<comp id="1917" class="1004" name="quantized_v_group_9_loc_load_load_fu_1917">
<pin_list>
<pin id="1918" dir="0" index="0" bw="8" slack="12"/>
<pin id="1919" dir="1" index="1" bw="8" slack="0"/>
</pin_list>
<bind>
<opcode="load(27) " fcode="load"/>
<opset="quantized_v_group_9_loc_load/13 "/>
</bind>
</comp>

<comp id="1920" class="1004" name="quantized_v_group_8_loc_load_load_fu_1920">
<pin_list>
<pin id="1921" dir="0" index="0" bw="8" slack="12"/>
<pin id="1922" dir="1" index="1" bw="8" slack="0"/>
</pin_list>
<bind>
<opcode="load(27) " fcode="load"/>
<opset="quantized_v_group_8_loc_load/13 "/>
</bind>
</comp>

<comp id="1923" class="1004" name="quantized_v_group_7_loc_load_load_fu_1923">
<pin_list>
<pin id="1924" dir="0" index="0" bw="8" slack="12"/>
<pin id="1925" dir="1" index="1" bw="8" slack="0"/>
</pin_list>
<bind>
<opcode="load(27) " fcode="load"/>
<opset="quantized_v_group_7_loc_load/13 "/>
</bind>
</comp>

<comp id="1926" class="1004" name="quantized_v_group_6_loc_load_load_fu_1926">
<pin_list>
<pin id="1927" dir="0" index="0" bw="8" slack="12"/>
<pin id="1928" dir="1" index="1" bw="8" slack="0"/>
</pin_list>
<bind>
<opcode="load(27) " fcode="load"/>
<opset="quantized_v_group_6_loc_load/13 "/>
</bind>
</comp>

<comp id="1929" class="1004" name="quantized_v_group_5_loc_load_load_fu_1929">
<pin_list>
<pin id="1930" dir="0" index="0" bw="8" slack="12"/>
<pin id="1931" dir="1" index="1" bw="8" slack="0"/>
</pin_list>
<bind>
<opcode="load(27) " fcode="load"/>
<opset="quantized_v_group_5_loc_load/13 "/>
</bind>
</comp>

<comp id="1932" class="1004" name="quantized_v_group_4_loc_load_load_fu_1932">
<pin_list>
<pin id="1933" dir="0" index="0" bw="8" slack="12"/>
<pin id="1934" dir="1" index="1" bw="8" slack="0"/>
</pin_list>
<bind>
<opcode="load(27) " fcode="load"/>
<opset="quantized_v_group_4_loc_load/13 "/>
</bind>
</comp>

<comp id="1935" class="1004" name="quantized_v_group_3_loc_load_load_fu_1935">
<pin_list>
<pin id="1936" dir="0" index="0" bw="8" slack="12"/>
<pin id="1937" dir="1" index="1" bw="8" slack="0"/>
</pin_list>
<bind>
<opcode="load(27) " fcode="load"/>
<opset="quantized_v_group_3_loc_load/13 "/>
</bind>
</comp>

<comp id="1938" class="1004" name="quantized_v_group_2_loc_load_load_fu_1938">
<pin_list>
<pin id="1939" dir="0" index="0" bw="8" slack="12"/>
<pin id="1940" dir="1" index="1" bw="8" slack="0"/>
</pin_list>
<bind>
<opcode="load(27) " fcode="load"/>
<opset="quantized_v_group_2_loc_load/13 "/>
</bind>
</comp>

<comp id="1941" class="1004" name="quantized_v_group_1_loc_load_load_fu_1941">
<pin_list>
<pin id="1942" dir="0" index="0" bw="8" slack="12"/>
<pin id="1943" dir="1" index="1" bw="8" slack="0"/>
</pin_list>
<bind>
<opcode="load(27) " fcode="load"/>
<opset="quantized_v_group_1_loc_load/13 "/>
</bind>
</comp>

<comp id="1944" class="1004" name="quantized_v_group_loc_load_load_fu_1944">
<pin_list>
<pin id="1945" dir="0" index="0" bw="8" slack="12"/>
<pin id="1946" dir="1" index="1" bw="8" slack="0"/>
</pin_list>
<bind>
<opcode="load(27) " fcode="load"/>
<opset="quantized_v_group_loc_load/13 "/>
</bind>
</comp>

<comp id="1947" class="1004" name="or_ln_fu_1947">
<pin_list>
<pin id="1948" dir="0" index="0" bw="4" slack="0"/>
<pin id="1949" dir="0" index="1" bw="2" slack="11"/>
<pin id="1950" dir="0" index="2" bw="2" slack="11"/>
<pin id="1951" dir="1" index="3" bw="4" slack="0"/>
</pin_list>
<bind>
<opcode="bitconcatenate(1004) " fcode="bitconcatenate"/>
<opset="or_ln/13 "/>
</bind>
</comp>

<comp id="1953" class="1004" name="zext_ln491_fu_1953">
<pin_list>
<pin id="1954" dir="0" index="0" bw="4" slack="0"/>
<pin id="1955" dir="1" index="1" bw="6" slack="0"/>
</pin_list>
<bind>
<opcode="zext(34) " fcode="zext"/>
<opset="zext_ln491/13 "/>
</bind>
</comp>

<comp id="1957" class="1004" name="zext_ln491_1_fu_1957">
<pin_list>
<pin id="1958" dir="0" index="0" bw="4" slack="0"/>
<pin id="1959" dir="1" index="1" bw="20" slack="0"/>
</pin_list>
<bind>
<opcode="zext(34) " fcode="zext"/>
<opset="zext_ln491_1/13 "/>
</bind>
</comp>

<comp id="1961" class="1004" name="shl_ln491_fu_1961">
<pin_list>
<pin id="1962" dir="0" index="0" bw="6" slack="0"/>
<pin id="1963" dir="0" index="1" bw="4" slack="0"/>
<pin id="1964" dir="1" index="2" bw="20" slack="0"/>
</pin_list>
<bind>
<opcode="shl(20) " fcode="shl"/>
<opset="shl_ln491/13 "/>
</bind>
</comp>

<comp id="1967" class="1004" name="zext_ln491_2_fu_1967">
<pin_list>
<pin id="1968" dir="0" index="0" bw="20" slack="0"/>
<pin id="1969" dir="1" index="1" bw="21" slack="0"/>
</pin_list>
<bind>
<opcode="zext(34) " fcode="zext"/>
<opset="zext_ln491_2/13 "/>
</bind>
</comp>

<comp id="1971" class="1004" name="xor_ln491_fu_1971">
<pin_list>
<pin id="1972" dir="0" index="0" bw="20" slack="0"/>
<pin id="1973" dir="0" index="1" bw="1" slack="0"/>
<pin id="1974" dir="1" index="2" bw="21" slack="0"/>
</pin_list>
<bind>
<opcode="xor(25) " fcode="xor"/>
<opset="xor_ln491/13 "/>
</bind>
</comp>

<comp id="1977" class="1004" name="sext_ln491_fu_1977">
<pin_list>
<pin id="1978" dir="0" index="0" bw="21" slack="0"/>
<pin id="1979" dir="1" index="1" bw="512" slack="0"/>
</pin_list>
<bind>
<opcode="sext(35) " fcode="sext"/>
<opset="sext_ln491/13 "/>
</bind>
</comp>

<comp id="1981" class="1004" name="and_ln491_fu_1981">
<pin_list>
<pin id="1982" dir="0" index="0" bw="512" slack="0"/>
<pin id="1983" dir="0" index="1" bw="21" slack="0"/>
<pin id="1984" dir="1" index="2" bw="512" slack="0"/>
</pin_list>
<bind>
<opcode="and(23) " fcode="and"/>
<opset="and_ln491/13 "/>
</bind>
</comp>

<comp id="1987" class="1004" name="zext_ln491_3_fu_1987">
<pin_list>
<pin id="1988" dir="0" index="0" bw="5" slack="4"/>
<pin id="1989" dir="1" index="1" bw="20" slack="0"/>
</pin_list>
<bind>
<opcode="zext(34) " fcode="zext"/>
<opset="zext_ln491_3/13 "/>
</bind>
</comp>

<comp id="1990" class="1004" name="shl_ln491_1_fu_1990">
<pin_list>
<pin id="1991" dir="0" index="0" bw="5" slack="0"/>
<pin id="1992" dir="0" index="1" bw="4" slack="0"/>
<pin id="1993" dir="1" index="2" bw="20" slack="0"/>
</pin_list>
<bind>
<opcode="shl(20) " fcode="shl"/>
<opset="shl_ln491_1/13 "/>
</bind>
</comp>

<comp id="1996" class="1004" name="trunc_ln491_fu_1996">
<pin_list>
<pin id="1997" dir="0" index="0" bw="512" slack="0"/>
<pin id="1998" dir="1" index="1" bw="20" slack="0"/>
</pin_list>
<bind>
<opcode="trunc(33) " fcode="trunc"/>
<opset="trunc_ln491/13 "/>
</bind>
</comp>

<comp id="2000" class="1004" name="or_ln491_fu_2000">
<pin_list>
<pin id="2001" dir="0" index="0" bw="20" slack="0"/>
<pin id="2002" dir="0" index="1" bw="20" slack="0"/>
<pin id="2003" dir="1" index="2" bw="20" slack="0"/>
</pin_list>
<bind>
<opcode="or(24) " fcode="or"/>
<opset="or_ln491/13 "/>
</bind>
</comp>

<comp id="2006" class="1004" name="tmp_161_fu_2006">
<pin_list>
<pin id="2007" dir="0" index="0" bw="492" slack="0"/>
<pin id="2008" dir="0" index="1" bw="512" slack="0"/>
<pin id="2009" dir="0" index="2" bw="6" slack="0"/>
<pin id="2010" dir="0" index="3" bw="10" slack="0"/>
<pin id="2011" dir="1" index="4" bw="492" slack="0"/>
</pin_list>
<bind>
<opcode="partselect(1002) " fcode="partselect"/>
<opset="tmp_161/13 "/>
</bind>
</comp>

<comp id="2016" class="1004" name="metadata_1_fu_2016">
<pin_list>
<pin id="2017" dir="0" index="0" bw="512" slack="0"/>
<pin id="2018" dir="0" index="1" bw="492" slack="0"/>
<pin id="2019" dir="0" index="2" bw="20" slack="0"/>
<pin id="2020" dir="1" index="3" bw="512" slack="0"/>
</pin_list>
<bind>
<opcode="bitconcatenate(1004) " fcode="bitconcatenate"/>
<opset="metadata_1/13 "/>
</bind>
</comp>

<comp id="2024" class="1004" name="add_ln498_fu_2024">
<pin_list>
<pin id="2025" dir="0" index="0" bw="4" slack="0"/>
<pin id="2026" dir="0" index="1" bw="6" slack="0"/>
<pin id="2027" dir="1" index="2" bw="6" slack="0"/>
</pin_list>
<bind>
<opcode="add(8) " fcode="add"/>
<opset="add_ln498/13 "/>
</bind>
</comp>

<comp id="2030" class="1004" name="zext_ln498_fu_2030">
<pin_list>
<pin id="2031" dir="0" index="0" bw="6" slack="0"/>
<pin id="2032" dir="1" index="1" bw="40" slack="0"/>
</pin_list>
<bind>
<opcode="zext(34) " fcode="zext"/>
<opset="zext_ln498/13 "/>
</bind>
</comp>

<comp id="2034" class="1004" name="shl_ln498_fu_2034">
<pin_list>
<pin id="2035" dir="0" index="0" bw="6" slack="0"/>
<pin id="2036" dir="0" index="1" bw="6" slack="0"/>
<pin id="2037" dir="1" index="2" bw="40" slack="0"/>
</pin_list>
<bind>
<opcode="shl(20) " fcode="shl"/>
<opset="shl_ln498/13 "/>
</bind>
</comp>

<comp id="2040" class="1004" name="zext_ln498_1_fu_2040">
<pin_list>
<pin id="2041" dir="0" index="0" bw="40" slack="0"/>
<pin id="2042" dir="1" index="1" bw="41" slack="0"/>
</pin_list>
<bind>
<opcode="zext(34) " fcode="zext"/>
<opset="zext_ln498_1/13 "/>
</bind>
</comp>

<comp id="2044" class="1004" name="xor_ln498_fu_2044">
<pin_list>
<pin id="2045" dir="0" index="0" bw="40" slack="0"/>
<pin id="2046" dir="0" index="1" bw="1" slack="0"/>
<pin id="2047" dir="1" index="2" bw="41" slack="0"/>
</pin_list>
<bind>
<opcode="xor(25) " fcode="xor"/>
<opset="xor_ln498/13 "/>
</bind>
</comp>

<comp id="2050" class="1004" name="sext_ln498_fu_2050">
<pin_list>
<pin id="2051" dir="0" index="0" bw="41" slack="0"/>
<pin id="2052" dir="1" index="1" bw="512" slack="0"/>
</pin_list>
<bind>
<opcode="sext(35) " fcode="sext"/>
<opset="sext_ln498/13 "/>
</bind>
</comp>

<comp id="2054" class="1004" name="and_ln498_fu_2054">
<pin_list>
<pin id="2055" dir="0" index="0" bw="512" slack="0"/>
<pin id="2056" dir="0" index="1" bw="41" slack="0"/>
<pin id="2057" dir="1" index="2" bw="512" slack="0"/>
</pin_list>
<bind>
<opcode="and(23) " fcode="and"/>
<opset="and_ln498/13 "/>
</bind>
</comp>

<comp id="2060" class="1004" name="zext_ln498_2_fu_2060">
<pin_list>
<pin id="2061" dir="0" index="0" bw="5" slack="4"/>
<pin id="2062" dir="1" index="1" bw="40" slack="0"/>
</pin_list>
<bind>
<opcode="zext(34) " fcode="zext"/>
<opset="zext_ln498_2/13 "/>
</bind>
</comp>

<comp id="2063" class="1004" name="shl_ln498_1_fu_2063">
<pin_list>
<pin id="2064" dir="0" index="0" bw="5" slack="0"/>
<pin id="2065" dir="0" index="1" bw="6" slack="0"/>
<pin id="2066" dir="1" index="2" bw="40" slack="0"/>
</pin_list>
<bind>
<opcode="shl(20) " fcode="shl"/>
<opset="shl_ln498_1/13 "/>
</bind>
</comp>

<comp id="2069" class="1004" name="trunc_ln498_fu_2069">
<pin_list>
<pin id="2070" dir="0" index="0" bw="512" slack="0"/>
<pin id="2071" dir="1" index="1" bw="40" slack="0"/>
</pin_list>
<bind>
<opcode="trunc(33) " fcode="trunc"/>
<opset="trunc_ln498/13 "/>
</bind>
</comp>

<comp id="2073" class="1004" name="or_ln498_fu_2073">
<pin_list>
<pin id="2074" dir="0" index="0" bw="40" slack="0"/>
<pin id="2075" dir="0" index="1" bw="40" slack="0"/>
<pin id="2076" dir="1" index="2" bw="40" slack="0"/>
</pin_list>
<bind>
<opcode="or(24) " fcode="or"/>
<opset="or_ln498/13 "/>
</bind>
</comp>

<comp id="2079" class="1004" name="tmp_162_fu_2079">
<pin_list>
<pin id="2080" dir="0" index="0" bw="472" slack="0"/>
<pin id="2081" dir="0" index="1" bw="512" slack="0"/>
<pin id="2082" dir="0" index="2" bw="7" slack="0"/>
<pin id="2083" dir="0" index="3" bw="10" slack="0"/>
<pin id="2084" dir="1" index="4" bw="472" slack="0"/>
</pin_list>
<bind>
<opcode="partselect(1002) " fcode="partselect"/>
<opset="tmp_162/13 "/>
</bind>
</comp>

<comp id="2089" class="1004" name="metadata_2_fu_2089">
<pin_list>
<pin id="2090" dir="0" index="0" bw="512" slack="0"/>
<pin id="2091" dir="0" index="1" bw="472" slack="0"/>
<pin id="2092" dir="0" index="2" bw="40" slack="0"/>
<pin id="2093" dir="1" index="3" bw="512" slack="0"/>
</pin_list>
<bind>
<opcode="bitconcatenate(1004) " fcode="bitconcatenate"/>
<opset="metadata_2/13 "/>
</bind>
</comp>

<comp id="2097" class="1004" name="packed_k_group_fu_2097">
<pin_list>
<pin id="2098" dir="0" index="0" bw="256" slack="0"/>
<pin id="2099" dir="0" index="1" bw="8" slack="0"/>
<pin id="2100" dir="0" index="2" bw="8" slack="0"/>
<pin id="2101" dir="0" index="3" bw="8" slack="0"/>
<pin id="2102" dir="0" index="4" bw="8" slack="0"/>
<pin id="2103" dir="0" index="5" bw="8" slack="0"/>
<pin id="2104" dir="0" index="6" bw="8" slack="0"/>
<pin id="2105" dir="0" index="7" bw="8" slack="0"/>
<pin id="2106" dir="0" index="8" bw="8" slack="0"/>
<pin id="2107" dir="0" index="9" bw="8" slack="0"/>
<pin id="2108" dir="0" index="10" bw="8" slack="0"/>
<pin id="2109" dir="0" index="11" bw="8" slack="0"/>
<pin id="2110" dir="0" index="12" bw="8" slack="0"/>
<pin id="2111" dir="0" index="13" bw="8" slack="0"/>
<pin id="2112" dir="0" index="14" bw="8" slack="0"/>
<pin id="2113" dir="0" index="15" bw="8" slack="0"/>
<pin id="2114" dir="0" index="16" bw="8" slack="0"/>
<pin id="2115" dir="0" index="17" bw="8" slack="0"/>
<pin id="2116" dir="0" index="18" bw="8" slack="0"/>
<pin id="2117" dir="0" index="19" bw="8" slack="0"/>
<pin id="2118" dir="0" index="20" bw="8" slack="0"/>
<pin id="2119" dir="0" index="21" bw="8" slack="0"/>
<pin id="2120" dir="0" index="22" bw="8" slack="0"/>
<pin id="2121" dir="0" index="23" bw="8" slack="0"/>
<pin id="2122" dir="0" index="24" bw="8" slack="0"/>
<pin id="2123" dir="0" index="25" bw="8" slack="0"/>
<pin id="2124" dir="0" index="26" bw="8" slack="0"/>
<pin id="2125" dir="0" index="27" bw="8" slack="0"/>
<pin id="2126" dir="0" index="28" bw="8" slack="0"/>
<pin id="2127" dir="0" index="29" bw="8" slack="0"/>
<pin id="2128" dir="0" index="30" bw="8" slack="0"/>
<pin id="2129" dir="0" index="31" bw="8" slack="0"/>
<pin id="2130" dir="0" index="32" bw="8" slack="0"/>
<pin id="2131" dir="1" index="33" bw="256" slack="0"/>
</pin_list>
<bind>
<opcode="bitconcatenate(1004) " fcode="bitconcatenate"/>
<opset="packed_k_group/13 "/>
</bind>
</comp>

<comp id="2165" class="1004" name="packed_v_group_fu_2165">
<pin_list>
<pin id="2166" dir="0" index="0" bw="256" slack="0"/>
<pin id="2167" dir="0" index="1" bw="8" slack="0"/>
<pin id="2168" dir="0" index="2" bw="8" slack="0"/>
<pin id="2169" dir="0" index="3" bw="8" slack="0"/>
<pin id="2170" dir="0" index="4" bw="8" slack="0"/>
<pin id="2171" dir="0" index="5" bw="8" slack="0"/>
<pin id="2172" dir="0" index="6" bw="8" slack="0"/>
<pin id="2173" dir="0" index="7" bw="8" slack="0"/>
<pin id="2174" dir="0" index="8" bw="8" slack="0"/>
<pin id="2175" dir="0" index="9" bw="8" slack="0"/>
<pin id="2176" dir="0" index="10" bw="8" slack="0"/>
<pin id="2177" dir="0" index="11" bw="8" slack="0"/>
<pin id="2178" dir="0" index="12" bw="8" slack="0"/>
<pin id="2179" dir="0" index="13" bw="8" slack="0"/>
<pin id="2180" dir="0" index="14" bw="8" slack="0"/>
<pin id="2181" dir="0" index="15" bw="8" slack="0"/>
<pin id="2182" dir="0" index="16" bw="8" slack="0"/>
<pin id="2183" dir="0" index="17" bw="8" slack="0"/>
<pin id="2184" dir="0" index="18" bw="8" slack="0"/>
<pin id="2185" dir="0" index="19" bw="8" slack="0"/>
<pin id="2186" dir="0" index="20" bw="8" slack="0"/>
<pin id="2187" dir="0" index="21" bw="8" slack="0"/>
<pin id="2188" dir="0" index="22" bw="8" slack="0"/>
<pin id="2189" dir="0" index="23" bw="8" slack="0"/>
<pin id="2190" dir="0" index="24" bw="8" slack="0"/>
<pin id="2191" dir="0" index="25" bw="8" slack="0"/>
<pin id="2192" dir="0" index="26" bw="8" slack="0"/>
<pin id="2193" dir="0" index="27" bw="8" slack="0"/>
<pin id="2194" dir="0" index="28" bw="8" slack="0"/>
<pin id="2195" dir="0" index="29" bw="8" slack="0"/>
<pin id="2196" dir="0" index="30" bw="8" slack="0"/>
<pin id="2197" dir="0" index="31" bw="8" slack="0"/>
<pin id="2198" dir="0" index="32" bw="8" slack="0"/>
<pin id="2199" dir="1" index="33" bw="256" slack="0"/>
</pin_list>
<bind>
<opcode="bitconcatenate(1004) " fcode="bitconcatenate"/>
<opset="packed_v_group/13 "/>
</bind>
</comp>

<comp id="2233" class="1004" name="store_ln526_store_fu_2233">
<pin_list>
<pin id="2234" dir="0" index="0" bw="256" slack="0"/>
<pin id="2235" dir="0" index="1" bw="256" slack="12"/>
<pin id="2236" dir="1" index="2" bw="0" slack="2147483647"/>
</pin_list>
<bind>
<opcode="store(28) " fcode="store"/>
<opset="store_ln526/13 "/>
</bind>
</comp>

<comp id="2238" class="1004" name="store_ln524_store_fu_2238">
<pin_list>
<pin id="2239" dir="0" index="0" bw="256" slack="0"/>
<pin id="2240" dir="0" index="1" bw="256" slack="12"/>
<pin id="2241" dir="1" index="2" bw="0" slack="2147483647"/>
</pin_list>
<bind>
<opcode="store(28) " fcode="store"/>
<opset="store_ln524/13 "/>
</bind>
</comp>

<comp id="2243" class="1004" name="store_ln526_store_fu_2243">
<pin_list>
<pin id="2244" dir="0" index="0" bw="256" slack="0"/>
<pin id="2245" dir="0" index="1" bw="256" slack="12"/>
<pin id="2246" dir="1" index="2" bw="0" slack="2147483647"/>
</pin_list>
<bind>
<opcode="store(28) " fcode="store"/>
<opset="store_ln526/13 "/>
</bind>
</comp>

<comp id="2248" class="1004" name="store_ln524_store_fu_2248">
<pin_list>
<pin id="2249" dir="0" index="0" bw="256" slack="0"/>
<pin id="2250" dir="0" index="1" bw="256" slack="12"/>
<pin id="2251" dir="1" index="2" bw="0" slack="2147483647"/>
</pin_list>
<bind>
<opcode="store(28) " fcode="store"/>
<opset="store_ln524/13 "/>
</bind>
</comp>

<comp id="2253" class="1004" name="store_ln526_store_fu_2253">
<pin_list>
<pin id="2254" dir="0" index="0" bw="256" slack="0"/>
<pin id="2255" dir="0" index="1" bw="256" slack="12"/>
<pin id="2256" dir="1" index="2" bw="0" slack="2147483647"/>
</pin_list>
<bind>
<opcode="store(28) " fcode="store"/>
<opset="store_ln526/13 "/>
</bind>
</comp>

<comp id="2258" class="1004" name="store_ln524_store_fu_2258">
<pin_list>
<pin id="2259" dir="0" index="0" bw="256" slack="0"/>
<pin id="2260" dir="0" index="1" bw="256" slack="12"/>
<pin id="2261" dir="1" index="2" bw="0" slack="2147483647"/>
</pin_list>
<bind>
<opcode="store(28) " fcode="store"/>
<opset="store_ln524/13 "/>
</bind>
</comp>

<comp id="2263" class="1004" name="store_ln526_store_fu_2263">
<pin_list>
<pin id="2264" dir="0" index="0" bw="256" slack="0"/>
<pin id="2265" dir="0" index="1" bw="256" slack="12"/>
<pin id="2266" dir="1" index="2" bw="0" slack="2147483647"/>
</pin_list>
<bind>
<opcode="store(28) " fcode="store"/>
<opset="store_ln526/13 "/>
</bind>
</comp>

<comp id="2268" class="1004" name="store_ln524_store_fu_2268">
<pin_list>
<pin id="2269" dir="0" index="0" bw="256" slack="0"/>
<pin id="2270" dir="0" index="1" bw="256" slack="12"/>
<pin id="2271" dir="1" index="2" bw="0" slack="2147483647"/>
</pin_list>
<bind>
<opcode="store(28) " fcode="store"/>
<opset="store_ln524/13 "/>
</bind>
</comp>

<comp id="2273" class="1004" name="store_ln400_store_fu_2273">
<pin_list>
<pin id="2274" dir="0" index="0" bw="3" slack="11"/>
<pin id="2275" dir="0" index="1" bw="3" slack="12"/>
<pin id="2276" dir="1" index="2" bw="0" slack="2147483647"/>
</pin_list>
<bind>
<opcode="store(28) " fcode="store"/>
<opset="store_ln400/13 "/>
</bind>
</comp>

<comp id="2277" class="1004" name="store_ln393_store_fu_2277">
<pin_list>
<pin id="2278" dir="0" index="0" bw="512" slack="0"/>
<pin id="2279" dir="0" index="1" bw="512" slack="12"/>
<pin id="2280" dir="1" index="2" bw="0" slack="2147483647"/>
</pin_list>
<bind>
<opcode="store(28) " fcode="store"/>
<opset="store_ln393/13 "/>
</bind>
</comp>

<comp id="2282" class="1005" name="metadata_reg_2282">
<pin_list>
<pin id="2283" dir="0" index="0" bw="512" slack="0"/>
<pin id="2284" dir="1" index="1" bw="512" slack="0"/>
</pin_list>
<bind>
<opset="metadata "/>
</bind>
</comp>

<comp id="2289" class="1005" name="group_reg_2289">
<pin_list>
<pin id="2290" dir="0" index="0" bw="3" slack="0"/>
<pin id="2291" dir="1" index="1" bw="3" slack="0"/>
</pin_list>
<bind>
<opset="group "/>
</bind>
</comp>

<comp id="2296" class="1005" name="empty_reg_2296">
<pin_list>
<pin id="2297" dir="0" index="0" bw="256" slack="1"/>
<pin id="2298" dir="1" index="1" bw="256" slack="1"/>
</pin_list>
<bind>
<opset="empty "/>
</bind>
</comp>

<comp id="2302" class="1005" name="empty_729_reg_2302">
<pin_list>
<pin id="2303" dir="0" index="0" bw="256" slack="1"/>
<pin id="2304" dir="1" index="1" bw="256" slack="1"/>
</pin_list>
<bind>
<opset="empty_729 "/>
</bind>
</comp>

<comp id="2308" class="1005" name="empty_730_reg_2308">
<pin_list>
<pin id="2309" dir="0" index="0" bw="256" slack="1"/>
<pin id="2310" dir="1" index="1" bw="256" slack="1"/>
</pin_list>
<bind>
<opset="empty_730 "/>
</bind>
</comp>

<comp id="2314" class="1005" name="empty_731_reg_2314">
<pin_list>
<pin id="2315" dir="0" index="0" bw="256" slack="1"/>
<pin id="2316" dir="1" index="1" bw="256" slack="1"/>
</pin_list>
<bind>
<opset="empty_731 "/>
</bind>
</comp>

<comp id="2320" class="1005" name="empty_732_reg_2320">
<pin_list>
<pin id="2321" dir="0" index="0" bw="256" slack="1"/>
<pin id="2322" dir="1" index="1" bw="256" slack="1"/>
</pin_list>
<bind>
<opset="empty_732 "/>
</bind>
</comp>

<comp id="2326" class="1005" name="empty_733_reg_2326">
<pin_list>
<pin id="2327" dir="0" index="0" bw="256" slack="1"/>
<pin id="2328" dir="1" index="1" bw="256" slack="1"/>
</pin_list>
<bind>
<opset="empty_733 "/>
</bind>
</comp>

<comp id="2332" class="1005" name="empty_734_reg_2332">
<pin_list>
<pin id="2333" dir="0" index="0" bw="256" slack="1"/>
<pin id="2334" dir="1" index="1" bw="256" slack="1"/>
</pin_list>
<bind>
<opset="empty_734 "/>
</bind>
</comp>

<comp id="2338" class="1005" name="empty_735_reg_2338">
<pin_list>
<pin id="2339" dir="0" index="0" bw="256" slack="1"/>
<pin id="2340" dir="1" index="1" bw="256" slack="1"/>
</pin_list>
<bind>
<opset="empty_735 "/>
</bind>
</comp>

<comp id="2344" class="1005" name="quantized_v_group_loc_reg_2344">
<pin_list>
<pin id="2345" dir="0" index="0" bw="8" slack="10"/>
<pin id="2346" dir="1" index="1" bw="8" slack="10"/>
</pin_list>
<bind>
<opset="quantized_v_group_loc "/>
</bind>
</comp>

<comp id="2350" class="1005" name="quantized_v_group_1_loc_reg_2350">
<pin_list>
<pin id="2351" dir="0" index="0" bw="8" slack="10"/>
<pin id="2352" dir="1" index="1" bw="8" slack="10"/>
</pin_list>
<bind>
<opset="quantized_v_group_1_loc "/>
</bind>
</comp>

<comp id="2356" class="1005" name="quantized_v_group_2_loc_reg_2356">
<pin_list>
<pin id="2357" dir="0" index="0" bw="8" slack="10"/>
<pin id="2358" dir="1" index="1" bw="8" slack="10"/>
</pin_list>
<bind>
<opset="quantized_v_group_2_loc "/>
</bind>
</comp>

<comp id="2362" class="1005" name="quantized_v_group_3_loc_reg_2362">
<pin_list>
<pin id="2363" dir="0" index="0" bw="8" slack="10"/>
<pin id="2364" dir="1" index="1" bw="8" slack="10"/>
</pin_list>
<bind>
<opset="quantized_v_group_3_loc "/>
</bind>
</comp>

<comp id="2368" class="1005" name="quantized_v_group_4_loc_reg_2368">
<pin_list>
<pin id="2369" dir="0" index="0" bw="8" slack="10"/>
<pin id="2370" dir="1" index="1" bw="8" slack="10"/>
</pin_list>
<bind>
<opset="quantized_v_group_4_loc "/>
</bind>
</comp>

<comp id="2374" class="1005" name="quantized_v_group_5_loc_reg_2374">
<pin_list>
<pin id="2375" dir="0" index="0" bw="8" slack="10"/>
<pin id="2376" dir="1" index="1" bw="8" slack="10"/>
</pin_list>
<bind>
<opset="quantized_v_group_5_loc "/>
</bind>
</comp>

<comp id="2380" class="1005" name="quantized_v_group_6_loc_reg_2380">
<pin_list>
<pin id="2381" dir="0" index="0" bw="8" slack="10"/>
<pin id="2382" dir="1" index="1" bw="8" slack="10"/>
</pin_list>
<bind>
<opset="quantized_v_group_6_loc "/>
</bind>
</comp>

<comp id="2386" class="1005" name="quantized_v_group_7_loc_reg_2386">
<pin_list>
<pin id="2387" dir="0" index="0" bw="8" slack="10"/>
<pin id="2388" dir="1" index="1" bw="8" slack="10"/>
</pin_list>
<bind>
<opset="quantized_v_group_7_loc "/>
</bind>
</comp>

<comp id="2392" class="1005" name="quantized_v_group_8_loc_reg_2392">
<pin_list>
<pin id="2393" dir="0" index="0" bw="8" slack="10"/>
<pin id="2394" dir="1" index="1" bw="8" slack="10"/>
</pin_list>
<bind>
<opset="quantized_v_group_8_loc "/>
</bind>
</comp>

<comp id="2398" class="1005" name="quantized_v_group_9_loc_reg_2398">
<pin_list>
<pin id="2399" dir="0" index="0" bw="8" slack="10"/>
<pin id="2400" dir="1" index="1" bw="8" slack="10"/>
</pin_list>
<bind>
<opset="quantized_v_group_9_loc "/>
</bind>
</comp>

<comp id="2404" class="1005" name="quantized_v_group_10_loc_reg_2404">
<pin_list>
<pin id="2405" dir="0" index="0" bw="8" slack="10"/>
<pin id="2406" dir="1" index="1" bw="8" slack="10"/>
</pin_list>
<bind>
<opset="quantized_v_group_10_loc "/>
</bind>
</comp>

<comp id="2410" class="1005" name="quantized_v_group_11_loc_reg_2410">
<pin_list>
<pin id="2411" dir="0" index="0" bw="8" slack="10"/>
<pin id="2412" dir="1" index="1" bw="8" slack="10"/>
</pin_list>
<bind>
<opset="quantized_v_group_11_loc "/>
</bind>
</comp>

<comp id="2416" class="1005" name="quantized_v_group_12_loc_reg_2416">
<pin_list>
<pin id="2417" dir="0" index="0" bw="8" slack="10"/>
<pin id="2418" dir="1" index="1" bw="8" slack="10"/>
</pin_list>
<bind>
<opset="quantized_v_group_12_loc "/>
</bind>
</comp>

<comp id="2422" class="1005" name="quantized_v_group_13_loc_reg_2422">
<pin_list>
<pin id="2423" dir="0" index="0" bw="8" slack="10"/>
<pin id="2424" dir="1" index="1" bw="8" slack="10"/>
</pin_list>
<bind>
<opset="quantized_v_group_13_loc "/>
</bind>
</comp>

<comp id="2428" class="1005" name="quantized_v_group_14_loc_reg_2428">
<pin_list>
<pin id="2429" dir="0" index="0" bw="8" slack="10"/>
<pin id="2430" dir="1" index="1" bw="8" slack="10"/>
</pin_list>
<bind>
<opset="quantized_v_group_14_loc "/>
</bind>
</comp>

<comp id="2434" class="1005" name="quantized_v_group_15_loc_reg_2434">
<pin_list>
<pin id="2435" dir="0" index="0" bw="8" slack="10"/>
<pin id="2436" dir="1" index="1" bw="8" slack="10"/>
</pin_list>
<bind>
<opset="quantized_v_group_15_loc "/>
</bind>
</comp>

<comp id="2440" class="1005" name="quantized_v_group_16_loc_reg_2440">
<pin_list>
<pin id="2441" dir="0" index="0" bw="8" slack="10"/>
<pin id="2442" dir="1" index="1" bw="8" slack="10"/>
</pin_list>
<bind>
<opset="quantized_v_group_16_loc "/>
</bind>
</comp>

<comp id="2446" class="1005" name="quantized_v_group_17_loc_reg_2446">
<pin_list>
<pin id="2447" dir="0" index="0" bw="8" slack="10"/>
<pin id="2448" dir="1" index="1" bw="8" slack="10"/>
</pin_list>
<bind>
<opset="quantized_v_group_17_loc "/>
</bind>
</comp>

<comp id="2452" class="1005" name="quantized_v_group_18_loc_reg_2452">
<pin_list>
<pin id="2453" dir="0" index="0" bw="8" slack="10"/>
<pin id="2454" dir="1" index="1" bw="8" slack="10"/>
</pin_list>
<bind>
<opset="quantized_v_group_18_loc "/>
</bind>
</comp>

<comp id="2458" class="1005" name="quantized_v_group_19_loc_reg_2458">
<pin_list>
<pin id="2459" dir="0" index="0" bw="8" slack="10"/>
<pin id="2460" dir="1" index="1" bw="8" slack="10"/>
</pin_list>
<bind>
<opset="quantized_v_group_19_loc "/>
</bind>
</comp>

<comp id="2464" class="1005" name="quantized_v_group_20_loc_reg_2464">
<pin_list>
<pin id="2465" dir="0" index="0" bw="8" slack="10"/>
<pin id="2466" dir="1" index="1" bw="8" slack="10"/>
</pin_list>
<bind>
<opset="quantized_v_group_20_loc "/>
</bind>
</comp>

<comp id="2470" class="1005" name="quantized_v_group_21_loc_reg_2470">
<pin_list>
<pin id="2471" dir="0" index="0" bw="8" slack="10"/>
<pin id="2472" dir="1" index="1" bw="8" slack="10"/>
</pin_list>
<bind>
<opset="quantized_v_group_21_loc "/>
</bind>
</comp>

<comp id="2476" class="1005" name="quantized_v_group_22_loc_reg_2476">
<pin_list>
<pin id="2477" dir="0" index="0" bw="8" slack="10"/>
<pin id="2478" dir="1" index="1" bw="8" slack="10"/>
</pin_list>
<bind>
<opset="quantized_v_group_22_loc "/>
</bind>
</comp>

<comp id="2482" class="1005" name="quantized_v_group_23_loc_reg_2482">
<pin_list>
<pin id="2483" dir="0" index="0" bw="8" slack="10"/>
<pin id="2484" dir="1" index="1" bw="8" slack="10"/>
</pin_list>
<bind>
<opset="quantized_v_group_23_loc "/>
</bind>
</comp>

<comp id="2488" class="1005" name="quantized_v_group_24_loc_reg_2488">
<pin_list>
<pin id="2489" dir="0" index="0" bw="8" slack="10"/>
<pin id="2490" dir="1" index="1" bw="8" slack="10"/>
</pin_list>
<bind>
<opset="quantized_v_group_24_loc "/>
</bind>
</comp>

<comp id="2494" class="1005" name="quantized_v_group_25_loc_reg_2494">
<pin_list>
<pin id="2495" dir="0" index="0" bw="8" slack="10"/>
<pin id="2496" dir="1" index="1" bw="8" slack="10"/>
</pin_list>
<bind>
<opset="quantized_v_group_25_loc "/>
</bind>
</comp>

<comp id="2500" class="1005" name="quantized_v_group_26_loc_reg_2500">
<pin_list>
<pin id="2501" dir="0" index="0" bw="8" slack="10"/>
<pin id="2502" dir="1" index="1" bw="8" slack="10"/>
</pin_list>
<bind>
<opset="quantized_v_group_26_loc "/>
</bind>
</comp>

<comp id="2506" class="1005" name="quantized_v_group_27_loc_reg_2506">
<pin_list>
<pin id="2507" dir="0" index="0" bw="8" slack="10"/>
<pin id="2508" dir="1" index="1" bw="8" slack="10"/>
</pin_list>
<bind>
<opset="quantized_v_group_27_loc "/>
</bind>
</comp>

<comp id="2512" class="1005" name="quantized_v_group_28_loc_reg_2512">
<pin_list>
<pin id="2513" dir="0" index="0" bw="8" slack="10"/>
<pin id="2514" dir="1" index="1" bw="8" slack="10"/>
</pin_list>
<bind>
<opset="quantized_v_group_28_loc "/>
</bind>
</comp>

<comp id="2518" class="1005" name="quantized_v_group_29_loc_reg_2518">
<pin_list>
<pin id="2519" dir="0" index="0" bw="8" slack="10"/>
<pin id="2520" dir="1" index="1" bw="8" slack="10"/>
</pin_list>
<bind>
<opset="quantized_v_group_29_loc "/>
</bind>
</comp>

<comp id="2524" class="1005" name="quantized_v_group_30_loc_reg_2524">
<pin_list>
<pin id="2525" dir="0" index="0" bw="8" slack="10"/>
<pin id="2526" dir="1" index="1" bw="8" slack="10"/>
</pin_list>
<bind>
<opset="quantized_v_group_30_loc "/>
</bind>
</comp>

<comp id="2530" class="1005" name="quantized_v_group_31_loc_reg_2530">
<pin_list>
<pin id="2531" dir="0" index="0" bw="8" slack="10"/>
<pin id="2532" dir="1" index="1" bw="8" slack="10"/>
</pin_list>
<bind>
<opset="quantized_v_group_31_loc "/>
</bind>
</comp>

<comp id="2536" class="1005" name="quantized_k_group_loc_reg_2536">
<pin_list>
<pin id="2537" dir="0" index="0" bw="8" slack="10"/>
<pin id="2538" dir="1" index="1" bw="8" slack="10"/>
</pin_list>
<bind>
<opset="quantized_k_group_loc "/>
</bind>
</comp>

<comp id="2542" class="1005" name="quantized_k_group_1_loc_reg_2542">
<pin_list>
<pin id="2543" dir="0" index="0" bw="8" slack="10"/>
<pin id="2544" dir="1" index="1" bw="8" slack="10"/>
</pin_list>
<bind>
<opset="quantized_k_group_1_loc "/>
</bind>
</comp>

<comp id="2548" class="1005" name="quantized_k_group_2_loc_reg_2548">
<pin_list>
<pin id="2549" dir="0" index="0" bw="8" slack="10"/>
<pin id="2550" dir="1" index="1" bw="8" slack="10"/>
</pin_list>
<bind>
<opset="quantized_k_group_2_loc "/>
</bind>
</comp>

<comp id="2554" class="1005" name="quantized_k_group_3_loc_reg_2554">
<pin_list>
<pin id="2555" dir="0" index="0" bw="8" slack="10"/>
<pin id="2556" dir="1" index="1" bw="8" slack="10"/>
</pin_list>
<bind>
<opset="quantized_k_group_3_loc "/>
</bind>
</comp>

<comp id="2560" class="1005" name="quantized_k_group_4_loc_reg_2560">
<pin_list>
<pin id="2561" dir="0" index="0" bw="8" slack="10"/>
<pin id="2562" dir="1" index="1" bw="8" slack="10"/>
</pin_list>
<bind>
<opset="quantized_k_group_4_loc "/>
</bind>
</comp>

<comp id="2566" class="1005" name="quantized_k_group_5_loc_reg_2566">
<pin_list>
<pin id="2567" dir="0" index="0" bw="8" slack="10"/>
<pin id="2568" dir="1" index="1" bw="8" slack="10"/>
</pin_list>
<bind>
<opset="quantized_k_group_5_loc "/>
</bind>
</comp>

<comp id="2572" class="1005" name="quantized_k_group_6_loc_reg_2572">
<pin_list>
<pin id="2573" dir="0" index="0" bw="8" slack="10"/>
<pin id="2574" dir="1" index="1" bw="8" slack="10"/>
</pin_list>
<bind>
<opset="quantized_k_group_6_loc "/>
</bind>
</comp>

<comp id="2578" class="1005" name="quantized_k_group_7_loc_reg_2578">
<pin_list>
<pin id="2579" dir="0" index="0" bw="8" slack="10"/>
<pin id="2580" dir="1" index="1" bw="8" slack="10"/>
</pin_list>
<bind>
<opset="quantized_k_group_7_loc "/>
</bind>
</comp>

<comp id="2584" class="1005" name="quantized_k_group_8_loc_reg_2584">
<pin_list>
<pin id="2585" dir="0" index="0" bw="8" slack="10"/>
<pin id="2586" dir="1" index="1" bw="8" slack="10"/>
</pin_list>
<bind>
<opset="quantized_k_group_8_loc "/>
</bind>
</comp>

<comp id="2590" class="1005" name="quantized_k_group_9_loc_reg_2590">
<pin_list>
<pin id="2591" dir="0" index="0" bw="8" slack="10"/>
<pin id="2592" dir="1" index="1" bw="8" slack="10"/>
</pin_list>
<bind>
<opset="quantized_k_group_9_loc "/>
</bind>
</comp>

<comp id="2596" class="1005" name="quantized_k_group_10_loc_reg_2596">
<pin_list>
<pin id="2597" dir="0" index="0" bw="8" slack="10"/>
<pin id="2598" dir="1" index="1" bw="8" slack="10"/>
</pin_list>
<bind>
<opset="quantized_k_group_10_loc "/>
</bind>
</comp>

<comp id="2602" class="1005" name="quantized_k_group_11_loc_reg_2602">
<pin_list>
<pin id="2603" dir="0" index="0" bw="8" slack="10"/>
<pin id="2604" dir="1" index="1" bw="8" slack="10"/>
</pin_list>
<bind>
<opset="quantized_k_group_11_loc "/>
</bind>
</comp>

<comp id="2608" class="1005" name="quantized_k_group_12_loc_reg_2608">
<pin_list>
<pin id="2609" dir="0" index="0" bw="8" slack="10"/>
<pin id="2610" dir="1" index="1" bw="8" slack="10"/>
</pin_list>
<bind>
<opset="quantized_k_group_12_loc "/>
</bind>
</comp>

<comp id="2614" class="1005" name="quantized_k_group_13_loc_reg_2614">
<pin_list>
<pin id="2615" dir="0" index="0" bw="8" slack="10"/>
<pin id="2616" dir="1" index="1" bw="8" slack="10"/>
</pin_list>
<bind>
<opset="quantized_k_group_13_loc "/>
</bind>
</comp>

<comp id="2620" class="1005" name="quantized_k_group_14_loc_reg_2620">
<pin_list>
<pin id="2621" dir="0" index="0" bw="8" slack="10"/>
<pin id="2622" dir="1" index="1" bw="8" slack="10"/>
</pin_list>
<bind>
<opset="quantized_k_group_14_loc "/>
</bind>
</comp>

<comp id="2626" class="1005" name="quantized_k_group_15_loc_reg_2626">
<pin_list>
<pin id="2627" dir="0" index="0" bw="8" slack="10"/>
<pin id="2628" dir="1" index="1" bw="8" slack="10"/>
</pin_list>
<bind>
<opset="quantized_k_group_15_loc "/>
</bind>
</comp>

<comp id="2632" class="1005" name="quantized_k_group_16_loc_reg_2632">
<pin_list>
<pin id="2633" dir="0" index="0" bw="8" slack="10"/>
<pin id="2634" dir="1" index="1" bw="8" slack="10"/>
</pin_list>
<bind>
<opset="quantized_k_group_16_loc "/>
</bind>
</comp>

<comp id="2638" class="1005" name="quantized_k_group_17_loc_reg_2638">
<pin_list>
<pin id="2639" dir="0" index="0" bw="8" slack="10"/>
<pin id="2640" dir="1" index="1" bw="8" slack="10"/>
</pin_list>
<bind>
<opset="quantized_k_group_17_loc "/>
</bind>
</comp>

<comp id="2644" class="1005" name="quantized_k_group_18_loc_reg_2644">
<pin_list>
<pin id="2645" dir="0" index="0" bw="8" slack="10"/>
<pin id="2646" dir="1" index="1" bw="8" slack="10"/>
</pin_list>
<bind>
<opset="quantized_k_group_18_loc "/>
</bind>
</comp>

<comp id="2650" class="1005" name="quantized_k_group_19_loc_reg_2650">
<pin_list>
<pin id="2651" dir="0" index="0" bw="8" slack="10"/>
<pin id="2652" dir="1" index="1" bw="8" slack="10"/>
</pin_list>
<bind>
<opset="quantized_k_group_19_loc "/>
</bind>
</comp>

<comp id="2656" class="1005" name="quantized_k_group_20_loc_reg_2656">
<pin_list>
<pin id="2657" dir="0" index="0" bw="8" slack="10"/>
<pin id="2658" dir="1" index="1" bw="8" slack="10"/>
</pin_list>
<bind>
<opset="quantized_k_group_20_loc "/>
</bind>
</comp>

<comp id="2662" class="1005" name="quantized_k_group_21_loc_reg_2662">
<pin_list>
<pin id="2663" dir="0" index="0" bw="8" slack="10"/>
<pin id="2664" dir="1" index="1" bw="8" slack="10"/>
</pin_list>
<bind>
<opset="quantized_k_group_21_loc "/>
</bind>
</comp>

<comp id="2668" class="1005" name="quantized_k_group_22_loc_reg_2668">
<pin_list>
<pin id="2669" dir="0" index="0" bw="8" slack="10"/>
<pin id="2670" dir="1" index="1" bw="8" slack="10"/>
</pin_list>
<bind>
<opset="quantized_k_group_22_loc "/>
</bind>
</comp>

<comp id="2674" class="1005" name="quantized_k_group_23_loc_reg_2674">
<pin_list>
<pin id="2675" dir="0" index="0" bw="8" slack="10"/>
<pin id="2676" dir="1" index="1" bw="8" slack="10"/>
</pin_list>
<bind>
<opset="quantized_k_group_23_loc "/>
</bind>
</comp>

<comp id="2680" class="1005" name="quantized_k_group_24_loc_reg_2680">
<pin_list>
<pin id="2681" dir="0" index="0" bw="8" slack="10"/>
<pin id="2682" dir="1" index="1" bw="8" slack="10"/>
</pin_list>
<bind>
<opset="quantized_k_group_24_loc "/>
</bind>
</comp>

<comp id="2686" class="1005" name="quantized_k_group_25_loc_reg_2686">
<pin_list>
<pin id="2687" dir="0" index="0" bw="8" slack="10"/>
<pin id="2688" dir="1" index="1" bw="8" slack="10"/>
</pin_list>
<bind>
<opset="quantized_k_group_25_loc "/>
</bind>
</comp>

<comp id="2692" class="1005" name="quantized_k_group_26_loc_reg_2692">
<pin_list>
<pin id="2693" dir="0" index="0" bw="8" slack="10"/>
<pin id="2694" dir="1" index="1" bw="8" slack="10"/>
</pin_list>
<bind>
<opset="quantized_k_group_26_loc "/>
</bind>
</comp>

<comp id="2698" class="1005" name="quantized_k_group_27_loc_reg_2698">
<pin_list>
<pin id="2699" dir="0" index="0" bw="8" slack="10"/>
<pin id="2700" dir="1" index="1" bw="8" slack="10"/>
</pin_list>
<bind>
<opset="quantized_k_group_27_loc "/>
</bind>
</comp>

<comp id="2704" class="1005" name="quantized_k_group_28_loc_reg_2704">
<pin_list>
<pin id="2705" dir="0" index="0" bw="8" slack="10"/>
<pin id="2706" dir="1" index="1" bw="8" slack="10"/>
</pin_list>
<bind>
<opset="quantized_k_group_28_loc "/>
</bind>
</comp>

<comp id="2710" class="1005" name="quantized_k_group_29_loc_reg_2710">
<pin_list>
<pin id="2711" dir="0" index="0" bw="8" slack="10"/>
<pin id="2712" dir="1" index="1" bw="8" slack="10"/>
</pin_list>
<bind>
<opset="quantized_k_group_29_loc "/>
</bind>
</comp>

<comp id="2716" class="1005" name="quantized_k_group_30_loc_reg_2716">
<pin_list>
<pin id="2717" dir="0" index="0" bw="8" slack="10"/>
<pin id="2718" dir="1" index="1" bw="8" slack="10"/>
</pin_list>
<bind>
<opset="quantized_k_group_30_loc "/>
</bind>
</comp>

<comp id="2722" class="1005" name="quantized_k_group_31_loc_reg_2722">
<pin_list>
<pin id="2723" dir="0" index="0" bw="8" slack="10"/>
<pin id="2724" dir="1" index="1" bw="8" slack="10"/>
</pin_list>
<bind>
<opset="quantized_k_group_31_loc "/>
</bind>
</comp>

<comp id="2728" class="1005" name="maximum_k_loc_reg_2728">
<pin_list>
<pin id="2729" dir="0" index="0" bw="32" slack="4"/>
<pin id="2730" dir="1" index="1" bw="32" slack="4"/>
</pin_list>
<bind>
<opset="maximum_k_loc "/>
</bind>
</comp>

<comp id="2734" class="1005" name="maximum_v_loc_reg_2734">
<pin_list>
<pin id="2735" dir="0" index="0" bw="32" slack="4"/>
<pin id="2736" dir="1" index="1" bw="32" slack="4"/>
</pin_list>
<bind>
<opset="maximum_v_loc "/>
</bind>
</comp>

<comp id="2743" class="1005" name="add_ln402_reg_2743">
<pin_list>
<pin id="2744" dir="0" index="0" bw="3" slack="11"/>
<pin id="2745" dir="1" index="1" bw="3" slack="11"/>
</pin_list>
<bind>
<opset="add_ln402 "/>
</bind>
</comp>

<comp id="2748" class="1005" name="trunc_ln413_reg_2748">
<pin_list>
<pin id="2749" dir="0" index="0" bw="2" slack="11"/>
<pin id="2750" dir="1" index="1" bw="2" slack="11"/>
</pin_list>
<bind>
<opset="trunc_ln413 "/>
</bind>
</comp>

<comp id="2754" class="1005" name="shl_ln413_reg_2754">
<pin_list>
<pin id="2755" dir="0" index="0" bw="3" slack="1"/>
<pin id="2756" dir="1" index="1" bw="3" slack="1"/>
</pin_list>
<bind>
<opset="shl_ln413 "/>
</bind>
</comp>

<comp id="2759" class="1005" name="k_words_addr_reg_2759">
<pin_list>
<pin id="2760" dir="0" index="0" bw="3" slack="1"/>
<pin id="2761" dir="1" index="1" bw="3" slack="1"/>
</pin_list>
<bind>
<opset="k_words_addr "/>
</bind>
</comp>

<comp id="2764" class="1005" name="v_words_addr_reg_2764">
<pin_list>
<pin id="2765" dir="0" index="0" bw="3" slack="1"/>
<pin id="2766" dir="1" index="1" bw="3" slack="1"/>
</pin_list>
<bind>
<opset="v_words_addr "/>
</bind>
</comp>

<comp id="2769" class="1005" name="k_words_addr_1_reg_2769">
<pin_list>
<pin id="2770" dir="0" index="0" bw="3" slack="1"/>
<pin id="2771" dir="1" index="1" bw="3" slack="1"/>
</pin_list>
<bind>
<opset="k_words_addr_1 "/>
</bind>
</comp>

<comp id="2774" class="1005" name="v_words_addr_1_reg_2774">
<pin_list>
<pin id="2775" dir="0" index="0" bw="3" slack="1"/>
<pin id="2776" dir="1" index="1" bw="3" slack="1"/>
</pin_list>
<bind>
<opset="v_words_addr_1 "/>
</bind>
</comp>

<comp id="2779" class="1005" name="k_raw_reg_2779">
<pin_list>
<pin id="2780" dir="0" index="0" bw="32" slack="2"/>
<pin id="2781" dir="1" index="1" bw="32" slack="2"/>
</pin_list>
<bind>
<opset="k_raw "/>
</bind>
</comp>

<comp id="2785" class="1005" name="v_raw_reg_2785">
<pin_list>
<pin id="2786" dir="0" index="0" bw="32" slack="2"/>
<pin id="2787" dir="1" index="1" bw="32" slack="2"/>
</pin_list>
<bind>
<opset="v_raw "/>
</bind>
</comp>

<comp id="2791" class="1005" name="k_raw_32_reg_2791">
<pin_list>
<pin id="2792" dir="0" index="0" bw="32" slack="2"/>
<pin id="2793" dir="1" index="1" bw="32" slack="2"/>
</pin_list>
<bind>
<opset="k_raw_32 "/>
</bind>
</comp>

<comp id="2797" class="1005" name="v_raw_32_reg_2797">
<pin_list>
<pin id="2798" dir="0" index="0" bw="32" slack="2"/>
<pin id="2799" dir="1" index="1" bw="32" slack="2"/>
</pin_list>
<bind>
<opset="v_raw_32 "/>
</bind>
</comp>

<comp id="2803" class="1005" name="k_raw_33_reg_2803">
<pin_list>
<pin id="2804" dir="0" index="0" bw="32" slack="2"/>
<pin id="2805" dir="1" index="1" bw="32" slack="2"/>
</pin_list>
<bind>
<opset="k_raw_33 "/>
</bind>
</comp>

<comp id="2809" class="1005" name="v_raw_33_reg_2809">
<pin_list>
<pin id="2810" dir="0" index="0" bw="32" slack="2"/>
<pin id="2811" dir="1" index="1" bw="32" slack="2"/>
</pin_list>
<bind>
<opset="v_raw_33 "/>
</bind>
</comp>

<comp id="2815" class="1005" name="k_raw_34_reg_2815">
<pin_list>
<pin id="2816" dir="0" index="0" bw="32" slack="2"/>
<pin id="2817" dir="1" index="1" bw="32" slack="2"/>
</pin_list>
<bind>
<opset="k_raw_34 "/>
</bind>
</comp>

<comp id="2821" class="1005" name="v_raw_34_reg_2821">
<pin_list>
<pin id="2822" dir="0" index="0" bw="32" slack="2"/>
<pin id="2823" dir="1" index="1" bw="32" slack="2"/>
</pin_list>
<bind>
<opset="v_raw_34 "/>
</bind>
</comp>

<comp id="2827" class="1005" name="k_raw_35_reg_2827">
<pin_list>
<pin id="2828" dir="0" index="0" bw="32" slack="2"/>
<pin id="2829" dir="1" index="1" bw="32" slack="2"/>
</pin_list>
<bind>
<opset="k_raw_35 "/>
</bind>
</comp>

<comp id="2833" class="1005" name="v_raw_35_reg_2833">
<pin_list>
<pin id="2834" dir="0" index="0" bw="32" slack="2"/>
<pin id="2835" dir="1" index="1" bw="32" slack="2"/>
</pin_list>
<bind>
<opset="v_raw_35 "/>
</bind>
</comp>

<comp id="2839" class="1005" name="k_raw_36_reg_2839">
<pin_list>
<pin id="2840" dir="0" index="0" bw="32" slack="2"/>
<pin id="2841" dir="1" index="1" bw="32" slack="2"/>
</pin_list>
<bind>
<opset="k_raw_36 "/>
</bind>
</comp>

<comp id="2845" class="1005" name="v_raw_36_reg_2845">
<pin_list>
<pin id="2846" dir="0" index="0" bw="32" slack="2"/>
<pin id="2847" dir="1" index="1" bw="32" slack="2"/>
</pin_list>
<bind>
<opset="v_raw_36 "/>
</bind>
</comp>

<comp id="2851" class="1005" name="k_raw_37_reg_2851">
<pin_list>
<pin id="2852" dir="0" index="0" bw="32" slack="2"/>
<pin id="2853" dir="1" index="1" bw="32" slack="2"/>
</pin_list>
<bind>
<opset="k_raw_37 "/>
</bind>
</comp>

<comp id="2857" class="1005" name="v_raw_37_reg_2857">
<pin_list>
<pin id="2858" dir="0" index="0" bw="32" slack="2"/>
<pin id="2859" dir="1" index="1" bw="32" slack="2"/>
</pin_list>
<bind>
<opset="v_raw_37 "/>
</bind>
</comp>

<comp id="2863" class="1005" name="k_raw_38_reg_2863">
<pin_list>
<pin id="2864" dir="0" index="0" bw="32" slack="2"/>
<pin id="2865" dir="1" index="1" bw="32" slack="2"/>
</pin_list>
<bind>
<opset="k_raw_38 "/>
</bind>
</comp>

<comp id="2869" class="1005" name="v_raw_38_reg_2869">
<pin_list>
<pin id="2870" dir="0" index="0" bw="32" slack="2"/>
<pin id="2871" dir="1" index="1" bw="32" slack="2"/>
</pin_list>
<bind>
<opset="v_raw_38 "/>
</bind>
</comp>

<comp id="2875" class="1005" name="k_raw_39_reg_2875">
<pin_list>
<pin id="2876" dir="0" index="0" bw="32" slack="2"/>
<pin id="2877" dir="1" index="1" bw="32" slack="2"/>
</pin_list>
<bind>
<opset="k_raw_39 "/>
</bind>
</comp>

<comp id="2881" class="1005" name="v_raw_39_reg_2881">
<pin_list>
<pin id="2882" dir="0" index="0" bw="32" slack="2"/>
<pin id="2883" dir="1" index="1" bw="32" slack="2"/>
</pin_list>
<bind>
<opset="v_raw_39 "/>
</bind>
</comp>

<comp id="2887" class="1005" name="k_raw_40_reg_2887">
<pin_list>
<pin id="2888" dir="0" index="0" bw="32" slack="2"/>
<pin id="2889" dir="1" index="1" bw="32" slack="2"/>
</pin_list>
<bind>
<opset="k_raw_40 "/>
</bind>
</comp>

<comp id="2893" class="1005" name="v_raw_40_reg_2893">
<pin_list>
<pin id="2894" dir="0" index="0" bw="32" slack="2"/>
<pin id="2895" dir="1" index="1" bw="32" slack="2"/>
</pin_list>
<bind>
<opset="v_raw_40 "/>
</bind>
</comp>

<comp id="2899" class="1005" name="k_raw_41_reg_2899">
<pin_list>
<pin id="2900" dir="0" index="0" bw="32" slack="2"/>
<pin id="2901" dir="1" index="1" bw="32" slack="2"/>
</pin_list>
<bind>
<opset="k_raw_41 "/>
</bind>
</comp>

<comp id="2905" class="1005" name="v_raw_41_reg_2905">
<pin_list>
<pin id="2906" dir="0" index="0" bw="32" slack="2"/>
<pin id="2907" dir="1" index="1" bw="32" slack="2"/>
</pin_list>
<bind>
<opset="v_raw_41 "/>
</bind>
</comp>

<comp id="2911" class="1005" name="k_raw_42_reg_2911">
<pin_list>
<pin id="2912" dir="0" index="0" bw="32" slack="2"/>
<pin id="2913" dir="1" index="1" bw="32" slack="2"/>
</pin_list>
<bind>
<opset="k_raw_42 "/>
</bind>
</comp>

<comp id="2917" class="1005" name="v_raw_42_reg_2917">
<pin_list>
<pin id="2918" dir="0" index="0" bw="32" slack="2"/>
<pin id="2919" dir="1" index="1" bw="32" slack="2"/>
</pin_list>
<bind>
<opset="v_raw_42 "/>
</bind>
</comp>

<comp id="2923" class="1005" name="k_raw_43_reg_2923">
<pin_list>
<pin id="2924" dir="0" index="0" bw="32" slack="2"/>
<pin id="2925" dir="1" index="1" bw="32" slack="2"/>
</pin_list>
<bind>
<opset="k_raw_43 "/>
</bind>
</comp>

<comp id="2929" class="1005" name="v_raw_43_reg_2929">
<pin_list>
<pin id="2930" dir="0" index="0" bw="32" slack="2"/>
<pin id="2931" dir="1" index="1" bw="32" slack="2"/>
</pin_list>
<bind>
<opset="v_raw_43 "/>
</bind>
</comp>

<comp id="2935" class="1005" name="k_raw_44_reg_2935">
<pin_list>
<pin id="2936" dir="0" index="0" bw="32" slack="2"/>
<pin id="2937" dir="1" index="1" bw="32" slack="2"/>
</pin_list>
<bind>
<opset="k_raw_44 "/>
</bind>
</comp>

<comp id="2941" class="1005" name="v_raw_44_reg_2941">
<pin_list>
<pin id="2942" dir="0" index="0" bw="32" slack="2"/>
<pin id="2943" dir="1" index="1" bw="32" slack="2"/>
</pin_list>
<bind>
<opset="v_raw_44 "/>
</bind>
</comp>

<comp id="2947" class="1005" name="k_raw_45_reg_2947">
<pin_list>
<pin id="2948" dir="0" index="0" bw="32" slack="2"/>
<pin id="2949" dir="1" index="1" bw="32" slack="2"/>
</pin_list>
<bind>
<opset="k_raw_45 "/>
</bind>
</comp>

<comp id="2953" class="1005" name="v_raw_45_reg_2953">
<pin_list>
<pin id="2954" dir="0" index="0" bw="32" slack="2"/>
<pin id="2955" dir="1" index="1" bw="32" slack="2"/>
</pin_list>
<bind>
<opset="v_raw_45 "/>
</bind>
</comp>

<comp id="2959" class="1005" name="k_raw_46_reg_2959">
<pin_list>
<pin id="2960" dir="0" index="0" bw="32" slack="2"/>
<pin id="2961" dir="1" index="1" bw="32" slack="2"/>
</pin_list>
<bind>
<opset="k_raw_46 "/>
</bind>
</comp>

<comp id="2965" class="1005" name="v_raw_46_reg_2965">
<pin_list>
<pin id="2966" dir="0" index="0" bw="32" slack="2"/>
<pin id="2967" dir="1" index="1" bw="32" slack="2"/>
</pin_list>
<bind>
<opset="v_raw_46 "/>
</bind>
</comp>

<comp id="2971" class="1005" name="k_raw_47_reg_2971">
<pin_list>
<pin id="2972" dir="0" index="0" bw="32" slack="1"/>
<pin id="2973" dir="1" index="1" bw="32" slack="1"/>
</pin_list>
<bind>
<opset="k_raw_47 "/>
</bind>
</comp>

<comp id="2977" class="1005" name="v_raw_47_reg_2977">
<pin_list>
<pin id="2978" dir="0" index="0" bw="32" slack="1"/>
<pin id="2979" dir="1" index="1" bw="32" slack="1"/>
</pin_list>
<bind>
<opset="v_raw_47 "/>
</bind>
</comp>

<comp id="2983" class="1005" name="k_raw_48_reg_2983">
<pin_list>
<pin id="2984" dir="0" index="0" bw="32" slack="1"/>
<pin id="2985" dir="1" index="1" bw="32" slack="1"/>
</pin_list>
<bind>
<opset="k_raw_48 "/>
</bind>
</comp>

<comp id="2989" class="1005" name="v_raw_48_reg_2989">
<pin_list>
<pin id="2990" dir="0" index="0" bw="32" slack="1"/>
<pin id="2991" dir="1" index="1" bw="32" slack="1"/>
</pin_list>
<bind>
<opset="v_raw_48 "/>
</bind>
</comp>

<comp id="2995" class="1005" name="k_raw_49_reg_2995">
<pin_list>
<pin id="2996" dir="0" index="0" bw="32" slack="1"/>
<pin id="2997" dir="1" index="1" bw="32" slack="1"/>
</pin_list>
<bind>
<opset="k_raw_49 "/>
</bind>
</comp>

<comp id="3001" class="1005" name="v_raw_49_reg_3001">
<pin_list>
<pin id="3002" dir="0" index="0" bw="32" slack="1"/>
<pin id="3003" dir="1" index="1" bw="32" slack="1"/>
</pin_list>
<bind>
<opset="v_raw_49 "/>
</bind>
</comp>

<comp id="3007" class="1005" name="k_raw_50_reg_3007">
<pin_list>
<pin id="3008" dir="0" index="0" bw="32" slack="1"/>
<pin id="3009" dir="1" index="1" bw="32" slack="1"/>
</pin_list>
<bind>
<opset="k_raw_50 "/>
</bind>
</comp>

<comp id="3013" class="1005" name="v_raw_50_reg_3013">
<pin_list>
<pin id="3014" dir="0" index="0" bw="32" slack="1"/>
<pin id="3015" dir="1" index="1" bw="32" slack="1"/>
</pin_list>
<bind>
<opset="v_raw_50 "/>
</bind>
</comp>

<comp id="3019" class="1005" name="k_raw_51_reg_3019">
<pin_list>
<pin id="3020" dir="0" index="0" bw="32" slack="1"/>
<pin id="3021" dir="1" index="1" bw="32" slack="1"/>
</pin_list>
<bind>
<opset="k_raw_51 "/>
</bind>
</comp>

<comp id="3025" class="1005" name="v_raw_51_reg_3025">
<pin_list>
<pin id="3026" dir="0" index="0" bw="32" slack="1"/>
<pin id="3027" dir="1" index="1" bw="32" slack="1"/>
</pin_list>
<bind>
<opset="v_raw_51 "/>
</bind>
</comp>

<comp id="3031" class="1005" name="k_raw_52_reg_3031">
<pin_list>
<pin id="3032" dir="0" index="0" bw="32" slack="1"/>
<pin id="3033" dir="1" index="1" bw="32" slack="1"/>
</pin_list>
<bind>
<opset="k_raw_52 "/>
</bind>
</comp>

<comp id="3037" class="1005" name="v_raw_52_reg_3037">
<pin_list>
<pin id="3038" dir="0" index="0" bw="32" slack="1"/>
<pin id="3039" dir="1" index="1" bw="32" slack="1"/>
</pin_list>
<bind>
<opset="v_raw_52 "/>
</bind>
</comp>

<comp id="3043" class="1005" name="k_raw_53_reg_3043">
<pin_list>
<pin id="3044" dir="0" index="0" bw="32" slack="1"/>
<pin id="3045" dir="1" index="1" bw="32" slack="1"/>
</pin_list>
<bind>
<opset="k_raw_53 "/>
</bind>
</comp>

<comp id="3049" class="1005" name="v_raw_53_reg_3049">
<pin_list>
<pin id="3050" dir="0" index="0" bw="32" slack="1"/>
<pin id="3051" dir="1" index="1" bw="32" slack="1"/>
</pin_list>
<bind>
<opset="v_raw_53 "/>
</bind>
</comp>

<comp id="3055" class="1005" name="k_raw_54_reg_3055">
<pin_list>
<pin id="3056" dir="0" index="0" bw="32" slack="1"/>
<pin id="3057" dir="1" index="1" bw="32" slack="1"/>
</pin_list>
<bind>
<opset="k_raw_54 "/>
</bind>
</comp>

<comp id="3061" class="1005" name="v_raw_54_reg_3061">
<pin_list>
<pin id="3062" dir="0" index="0" bw="32" slack="1"/>
<pin id="3063" dir="1" index="1" bw="32" slack="1"/>
</pin_list>
<bind>
<opset="v_raw_54 "/>
</bind>
</comp>

<comp id="3067" class="1005" name="k_raw_55_reg_3067">
<pin_list>
<pin id="3068" dir="0" index="0" bw="32" slack="1"/>
<pin id="3069" dir="1" index="1" bw="32" slack="1"/>
</pin_list>
<bind>
<opset="k_raw_55 "/>
</bind>
</comp>

<comp id="3073" class="1005" name="v_raw_55_reg_3073">
<pin_list>
<pin id="3074" dir="0" index="0" bw="32" slack="1"/>
<pin id="3075" dir="1" index="1" bw="32" slack="1"/>
</pin_list>
<bind>
<opset="v_raw_55 "/>
</bind>
</comp>

<comp id="3079" class="1005" name="k_raw_56_reg_3079">
<pin_list>
<pin id="3080" dir="0" index="0" bw="32" slack="1"/>
<pin id="3081" dir="1" index="1" bw="32" slack="1"/>
</pin_list>
<bind>
<opset="k_raw_56 "/>
</bind>
</comp>

<comp id="3085" class="1005" name="v_raw_56_reg_3085">
<pin_list>
<pin id="3086" dir="0" index="0" bw="32" slack="1"/>
<pin id="3087" dir="1" index="1" bw="32" slack="1"/>
</pin_list>
<bind>
<opset="v_raw_56 "/>
</bind>
</comp>

<comp id="3091" class="1005" name="k_raw_57_reg_3091">
<pin_list>
<pin id="3092" dir="0" index="0" bw="32" slack="1"/>
<pin id="3093" dir="1" index="1" bw="32" slack="1"/>
</pin_list>
<bind>
<opset="k_raw_57 "/>
</bind>
</comp>

<comp id="3097" class="1005" name="v_raw_57_reg_3097">
<pin_list>
<pin id="3098" dir="0" index="0" bw="32" slack="1"/>
<pin id="3099" dir="1" index="1" bw="32" slack="1"/>
</pin_list>
<bind>
<opset="v_raw_57 "/>
</bind>
</comp>

<comp id="3103" class="1005" name="k_raw_58_reg_3103">
<pin_list>
<pin id="3104" dir="0" index="0" bw="32" slack="1"/>
<pin id="3105" dir="1" index="1" bw="32" slack="1"/>
</pin_list>
<bind>
<opset="k_raw_58 "/>
</bind>
</comp>

<comp id="3109" class="1005" name="v_raw_58_reg_3109">
<pin_list>
<pin id="3110" dir="0" index="0" bw="32" slack="1"/>
<pin id="3111" dir="1" index="1" bw="32" slack="1"/>
</pin_list>
<bind>
<opset="v_raw_58 "/>
</bind>
</comp>

<comp id="3115" class="1005" name="k_raw_59_reg_3115">
<pin_list>
<pin id="3116" dir="0" index="0" bw="32" slack="1"/>
<pin id="3117" dir="1" index="1" bw="32" slack="1"/>
</pin_list>
<bind>
<opset="k_raw_59 "/>
</bind>
</comp>

<comp id="3121" class="1005" name="v_raw_59_reg_3121">
<pin_list>
<pin id="3122" dir="0" index="0" bw="32" slack="1"/>
<pin id="3123" dir="1" index="1" bw="32" slack="1"/>
</pin_list>
<bind>
<opset="v_raw_59 "/>
</bind>
</comp>

<comp id="3127" class="1005" name="k_raw_60_reg_3127">
<pin_list>
<pin id="3128" dir="0" index="0" bw="32" slack="1"/>
<pin id="3129" dir="1" index="1" bw="32" slack="1"/>
</pin_list>
<bind>
<opset="k_raw_60 "/>
</bind>
</comp>

<comp id="3133" class="1005" name="v_raw_60_reg_3133">
<pin_list>
<pin id="3134" dir="0" index="0" bw="32" slack="1"/>
<pin id="3135" dir="1" index="1" bw="32" slack="1"/>
</pin_list>
<bind>
<opset="v_raw_60 "/>
</bind>
</comp>

<comp id="3139" class="1005" name="k_raw_61_reg_3139">
<pin_list>
<pin id="3140" dir="0" index="0" bw="32" slack="1"/>
<pin id="3141" dir="1" index="1" bw="32" slack="1"/>
</pin_list>
<bind>
<opset="k_raw_61 "/>
</bind>
</comp>

<comp id="3145" class="1005" name="v_raw_61_reg_3145">
<pin_list>
<pin id="3146" dir="0" index="0" bw="32" slack="1"/>
<pin id="3147" dir="1" index="1" bw="32" slack="1"/>
</pin_list>
<bind>
<opset="v_raw_61 "/>
</bind>
</comp>

<comp id="3151" class="1005" name="k_raw_62_reg_3151">
<pin_list>
<pin id="3152" dir="0" index="0" bw="32" slack="1"/>
<pin id="3153" dir="1" index="1" bw="32" slack="1"/>
</pin_list>
<bind>
<opset="k_raw_62 "/>
</bind>
</comp>

<comp id="3157" class="1005" name="v_raw_62_reg_3157">
<pin_list>
<pin id="3158" dir="0" index="0" bw="32" slack="1"/>
<pin id="3159" dir="1" index="1" bw="32" slack="1"/>
</pin_list>
<bind>
<opset="v_raw_62 "/>
</bind>
</comp>

<comp id="3163" class="1005" name="icmp_ln329_reg_3163">
<pin_list>
<pin id="3164" dir="0" index="0" bw="1" slack="1"/>
<pin id="3165" dir="1" index="1" bw="1" slack="1"/>
</pin_list>
<bind>
<opset="icmp_ln329 "/>
</bind>
</comp>

<comp id="3169" class="1005" name="icmp_ln333_reg_3169">
<pin_list>
<pin id="3170" dir="0" index="0" bw="1" slack="1"/>
<pin id="3171" dir="1" index="1" bw="1" slack="1"/>
</pin_list>
<bind>
<opset="icmp_ln333 "/>
</bind>
</comp>

<comp id="3174" class="1005" name="trunc_ln327_1_reg_3174">
<pin_list>
<pin id="3175" dir="0" index="0" bw="4" slack="1"/>
<pin id="3176" dir="1" index="1" bw="4" slack="1"/>
</pin_list>
<bind>
<opset="trunc_ln327_1 "/>
</bind>
</comp>

<comp id="3179" class="1005" name="probe_2_reg_3179">
<pin_list>
<pin id="3180" dir="0" index="0" bw="4" slack="1"/>
<pin id="3181" dir="1" index="1" bw="4" slack="1"/>
</pin_list>
<bind>
<opset="probe_2 "/>
</bind>
</comp>

<comp id="3185" class="1005" name="icmp_ln348_reg_3185">
<pin_list>
<pin id="3186" dir="0" index="0" bw="1" slack="2"/>
<pin id="3187" dir="1" index="1" bw="1" slack="2"/>
</pin_list>
<bind>
<opset="icmp_ln348 "/>
</bind>
</comp>

<comp id="3190" class="1005" name="icmp_ln329_1_reg_3190">
<pin_list>
<pin id="3191" dir="0" index="0" bw="1" slack="1"/>
<pin id="3192" dir="1" index="1" bw="1" slack="1"/>
</pin_list>
<bind>
<opset="icmp_ln329_1 "/>
</bind>
</comp>

<comp id="3196" class="1005" name="icmp_ln333_1_reg_3196">
<pin_list>
<pin id="3197" dir="0" index="0" bw="1" slack="1"/>
<pin id="3198" dir="1" index="1" bw="1" slack="1"/>
</pin_list>
<bind>
<opset="icmp_ln333_1 "/>
</bind>
</comp>

<comp id="3201" class="1005" name="trunc_ln333_reg_3201">
<pin_list>
<pin id="3202" dir="0" index="0" bw="4" slack="1"/>
<pin id="3203" dir="1" index="1" bw="4" slack="1"/>
</pin_list>
<bind>
<opset="trunc_ln333 "/>
</bind>
</comp>

<comp id="3206" class="1005" name="probe_7_reg_3206">
<pin_list>
<pin id="3207" dir="0" index="0" bw="4" slack="1"/>
<pin id="3208" dir="1" index="1" bw="4" slack="1"/>
</pin_list>
<bind>
<opset="probe_7 "/>
</bind>
</comp>

<comp id="3212" class="1005" name="icmp_ln348_2_reg_3212">
<pin_list>
<pin id="3213" dir="0" index="0" bw="1" slack="2"/>
<pin id="3214" dir="1" index="1" bw="1" slack="2"/>
</pin_list>
<bind>
<opset="icmp_ln348_2 "/>
</bind>
</comp>

<comp id="3217" class="1005" name="most_significant_bit_8_reg_3217">
<pin_list>
<pin id="3218" dir="0" index="0" bw="5" slack="1"/>
<pin id="3219" dir="1" index="1" bw="5" slack="1"/>
</pin_list>
<bind>
<opset="most_significant_bit_8 "/>
</bind>
</comp>

<comp id="3223" class="1005" name="most_significant_bit_17_reg_3223">
<pin_list>
<pin id="3224" dir="0" index="0" bw="5" slack="1"/>
<pin id="3225" dir="1" index="1" bw="5" slack="1"/>
</pin_list>
<bind>
<opset="most_significant_bit_17 "/>
</bind>
</comp>

<comp id="3229" class="1005" name="shift_k_1_reg_3229">
<pin_list>
<pin id="3230" dir="0" index="0" bw="5" slack="1"/>
<pin id="3231" dir="1" index="1" bw="5" slack="1"/>
</pin_list>
<bind>
<opset="shift_k_1 "/>
</bind>
</comp>

<comp id="3238" class="1005" name="shift_v_1_reg_3238">
<pin_list>
<pin id="3239" dir="0" index="0" bw="5" slack="1"/>
<pin id="3240" dir="1" index="1" bw="5" slack="1"/>
</pin_list>
<bind>
<opset="shift_v_1 "/>
</bind>
</comp>

<comp id="3247" class="1005" name="rounding_1_reg_3247">
<pin_list>
<pin id="3248" dir="0" index="0" bw="32" slack="1"/>
<pin id="3249" dir="1" index="1" bw="32" slack="1"/>
</pin_list>
<bind>
<opset="rounding_1 "/>
</bind>
</comp>

<comp id="3252" class="1005" name="rounding_3_reg_3252">
<pin_list>
<pin id="3253" dir="0" index="0" bw="32" slack="1"/>
<pin id="3254" dir="1" index="1" bw="32" slack="1"/>
</pin_list>
<bind>
<opset="rounding_3 "/>
</bind>
</comp>

</comp_list>

<net_list>
<net id="195"><net_src comp="4" pin="0"/><net_sink comp="192" pin=0"/></net>

<net id="199"><net_src comp="4" pin="0"/><net_sink comp="196" pin=0"/></net>

<net id="203"><net_src comp="4" pin="0"/><net_sink comp="200" pin=0"/></net>

<net id="207"><net_src comp="4" pin="0"/><net_sink comp="204" pin=0"/></net>

<net id="211"><net_src comp="4" pin="0"/><net_sink comp="208" pin=0"/></net>

<net id="215"><net_src comp="4" pin="0"/><net_sink comp="212" pin=0"/></net>

<net id="219"><net_src comp="4" pin="0"/><net_sink comp="216" pin=0"/></net>

<net id="223"><net_src comp="4" pin="0"/><net_sink comp="220" pin=0"/></net>

<net id="227"><net_src comp="4" pin="0"/><net_sink comp="224" pin=0"/></net>

<net id="231"><net_src comp="4" pin="0"/><net_sink comp="228" pin=0"/></net>

<net id="235"><net_src comp="6" pin="0"/><net_sink comp="232" pin=0"/></net>

<net id="239"><net_src comp="6" pin="0"/><net_sink comp="236" pin=0"/></net>

<net id="243"><net_src comp="6" pin="0"/><net_sink comp="240" pin=0"/></net>

<net id="247"><net_src comp="6" pin="0"/><net_sink comp="244" pin=0"/></net>

<net id="251"><net_src comp="6" pin="0"/><net_sink comp="248" pin=0"/></net>

<net id="255"><net_src comp="6" pin="0"/><net_sink comp="252" pin=0"/></net>

<net id="259"><net_src comp="6" pin="0"/><net_sink comp="256" pin=0"/></net>

<net id="263"><net_src comp="6" pin="0"/><net_sink comp="260" pin=0"/></net>

<net id="267"><net_src comp="6" pin="0"/><net_sink comp="264" pin=0"/></net>

<net id="271"><net_src comp="6" pin="0"/><net_sink comp="268" pin=0"/></net>

<net id="275"><net_src comp="6" pin="0"/><net_sink comp="272" pin=0"/></net>

<net id="279"><net_src comp="6" pin="0"/><net_sink comp="276" pin=0"/></net>

<net id="283"><net_src comp="6" pin="0"/><net_sink comp="280" pin=0"/></net>

<net id="287"><net_src comp="6" pin="0"/><net_sink comp="284" pin=0"/></net>

<net id="291"><net_src comp="6" pin="0"/><net_sink comp="288" pin=0"/></net>

<net id="295"><net_src comp="6" pin="0"/><net_sink comp="292" pin=0"/></net>

<net id="299"><net_src comp="6" pin="0"/><net_sink comp="296" pin=0"/></net>

<net id="303"><net_src comp="6" pin="0"/><net_sink comp="300" pin=0"/></net>

<net id="307"><net_src comp="6" pin="0"/><net_sink comp="304" pin=0"/></net>

<net id="311"><net_src comp="6" pin="0"/><net_sink comp="308" pin=0"/></net>

<net id="315"><net_src comp="6" pin="0"/><net_sink comp="312" pin=0"/></net>

<net id="319"><net_src comp="6" pin="0"/><net_sink comp="316" pin=0"/></net>

<net id="323"><net_src comp="6" pin="0"/><net_sink comp="320" pin=0"/></net>

<net id="327"><net_src comp="6" pin="0"/><net_sink comp="324" pin=0"/></net>

<net id="331"><net_src comp="6" pin="0"/><net_sink comp="328" pin=0"/></net>

<net id="335"><net_src comp="6" pin="0"/><net_sink comp="332" pin=0"/></net>

<net id="339"><net_src comp="6" pin="0"/><net_sink comp="336" pin=0"/></net>

<net id="343"><net_src comp="6" pin="0"/><net_sink comp="340" pin=0"/></net>

<net id="347"><net_src comp="6" pin="0"/><net_sink comp="344" pin=0"/></net>

<net id="351"><net_src comp="6" pin="0"/><net_sink comp="348" pin=0"/></net>

<net id="355"><net_src comp="6" pin="0"/><net_sink comp="352" pin=0"/></net>

<net id="359"><net_src comp="6" pin="0"/><net_sink comp="356" pin=0"/></net>

<net id="363"><net_src comp="6" pin="0"/><net_sink comp="360" pin=0"/></net>

<net id="367"><net_src comp="6" pin="0"/><net_sink comp="364" pin=0"/></net>

<net id="371"><net_src comp="6" pin="0"/><net_sink comp="368" pin=0"/></net>

<net id="375"><net_src comp="6" pin="0"/><net_sink comp="372" pin=0"/></net>

<net id="379"><net_src comp="6" pin="0"/><net_sink comp="376" pin=0"/></net>

<net id="383"><net_src comp="6" pin="0"/><net_sink comp="380" pin=0"/></net>

<net id="387"><net_src comp="6" pin="0"/><net_sink comp="384" pin=0"/></net>

<net id="391"><net_src comp="6" pin="0"/><net_sink comp="388" pin=0"/></net>

<net id="395"><net_src comp="6" pin="0"/><net_sink comp="392" pin=0"/></net>

<net id="399"><net_src comp="6" pin="0"/><net_sink comp="396" pin=0"/></net>

<net id="403"><net_src comp="6" pin="0"/><net_sink comp="400" pin=0"/></net>

<net id="407"><net_src comp="6" pin="0"/><net_sink comp="404" pin=0"/></net>

<net id="411"><net_src comp="6" pin="0"/><net_sink comp="408" pin=0"/></net>

<net id="415"><net_src comp="6" pin="0"/><net_sink comp="412" pin=0"/></net>

<net id="419"><net_src comp="6" pin="0"/><net_sink comp="416" pin=0"/></net>

<net id="423"><net_src comp="6" pin="0"/><net_sink comp="420" pin=0"/></net>

<net id="427"><net_src comp="6" pin="0"/><net_sink comp="424" pin=0"/></net>

<net id="431"><net_src comp="6" pin="0"/><net_sink comp="428" pin=0"/></net>

<net id="435"><net_src comp="6" pin="0"/><net_sink comp="432" pin=0"/></net>

<net id="439"><net_src comp="6" pin="0"/><net_sink comp="436" pin=0"/></net>

<net id="443"><net_src comp="6" pin="0"/><net_sink comp="440" pin=0"/></net>

<net id="447"><net_src comp="6" pin="0"/><net_sink comp="444" pin=0"/></net>

<net id="451"><net_src comp="6" pin="0"/><net_sink comp="448" pin=0"/></net>

<net id="455"><net_src comp="6" pin="0"/><net_sink comp="452" pin=0"/></net>

<net id="459"><net_src comp="6" pin="0"/><net_sink comp="456" pin=0"/></net>

<net id="463"><net_src comp="6" pin="0"/><net_sink comp="460" pin=0"/></net>

<net id="467"><net_src comp="6" pin="0"/><net_sink comp="464" pin=0"/></net>

<net id="471"><net_src comp="6" pin="0"/><net_sink comp="468" pin=0"/></net>

<net id="475"><net_src comp="6" pin="0"/><net_sink comp="472" pin=0"/></net>

<net id="479"><net_src comp="6" pin="0"/><net_sink comp="476" pin=0"/></net>

<net id="483"><net_src comp="6" pin="0"/><net_sink comp="480" pin=0"/></net>

<net id="487"><net_src comp="6" pin="0"/><net_sink comp="484" pin=0"/></net>

<net id="491"><net_src comp="6" pin="0"/><net_sink comp="488" pin=0"/></net>

<net id="495"><net_src comp="6" pin="0"/><net_sink comp="492" pin=0"/></net>

<net id="501"><net_src comp="0" pin="0"/><net_sink comp="496" pin=0"/></net>

<net id="502"><net_src comp="24" pin="0"/><net_sink comp="496" pin=1"/></net>

<net id="508"><net_src comp="496" pin="3"/><net_sink comp="503" pin=0"/></net>

<net id="514"><net_src comp="2" pin="0"/><net_sink comp="509" pin=0"/></net>

<net id="515"><net_src comp="24" pin="0"/><net_sink comp="509" pin=1"/></net>

<net id="521"><net_src comp="509" pin="3"/><net_sink comp="516" pin=0"/></net>

<net id="527"><net_src comp="0" pin="0"/><net_sink comp="522" pin=0"/></net>

<net id="528"><net_src comp="24" pin="0"/><net_sink comp="522" pin=1"/></net>

<net id="529"><net_src comp="522" pin="3"/><net_sink comp="503" pin=0"/></net>

<net id="535"><net_src comp="2" pin="0"/><net_sink comp="530" pin=0"/></net>

<net id="536"><net_src comp="24" pin="0"/><net_sink comp="530" pin=1"/></net>

<net id="537"><net_src comp="530" pin="3"/><net_sink comp="516" pin=0"/></net>

<net id="607"><net_src comp="92" pin="0"/><net_sink comp="538" pin=0"/></net>

<net id="743"><net_src comp="152" pin="0"/><net_sink comp="608" pin=0"/></net>

<net id="753"><net_src comp="30" pin="0"/><net_sink comp="747" pin=0"/></net>

<net id="754"><net_src comp="503" pin="3"/><net_sink comp="747" pin=1"/></net>

<net id="755"><net_src comp="32" pin="0"/><net_sink comp="747" pin=2"/></net>

<net id="756"><net_src comp="34" pin="0"/><net_sink comp="747" pin=3"/></net>

<net id="763"><net_src comp="30" pin="0"/><net_sink comp="757" pin=0"/></net>

<net id="764"><net_src comp="516" pin="3"/><net_sink comp="757" pin=1"/></net>

<net id="765"><net_src comp="32" pin="0"/><net_sink comp="757" pin=2"/></net>

<net id="766"><net_src comp="34" pin="0"/><net_sink comp="757" pin=3"/></net>

<net id="773"><net_src comp="30" pin="0"/><net_sink comp="767" pin=0"/></net>

<net id="774"><net_src comp="503" pin="3"/><net_sink comp="767" pin=1"/></net>

<net id="775"><net_src comp="36" pin="0"/><net_sink comp="767" pin=2"/></net>

<net id="776"><net_src comp="38" pin="0"/><net_sink comp="767" pin=3"/></net>

<net id="783"><net_src comp="30" pin="0"/><net_sink comp="777" pin=0"/></net>

<net id="784"><net_src comp="516" pin="3"/><net_sink comp="777" pin=1"/></net>

<net id="785"><net_src comp="36" pin="0"/><net_sink comp="777" pin=2"/></net>

<net id="786"><net_src comp="38" pin="0"/><net_sink comp="777" pin=3"/></net>

<net id="793"><net_src comp="30" pin="0"/><net_sink comp="787" pin=0"/></net>

<net id="794"><net_src comp="503" pin="3"/><net_sink comp="787" pin=1"/></net>

<net id="795"><net_src comp="40" pin="0"/><net_sink comp="787" pin=2"/></net>

<net id="796"><net_src comp="42" pin="0"/><net_sink comp="787" pin=3"/></net>

<net id="803"><net_src comp="30" pin="0"/><net_sink comp="797" pin=0"/></net>

<net id="804"><net_src comp="516" pin="3"/><net_sink comp="797" pin=1"/></net>

<net id="805"><net_src comp="40" pin="0"/><net_sink comp="797" pin=2"/></net>

<net id="806"><net_src comp="42" pin="0"/><net_sink comp="797" pin=3"/></net>

<net id="813"><net_src comp="30" pin="0"/><net_sink comp="807" pin=0"/></net>

<net id="814"><net_src comp="503" pin="3"/><net_sink comp="807" pin=1"/></net>

<net id="815"><net_src comp="44" pin="0"/><net_sink comp="807" pin=2"/></net>

<net id="816"><net_src comp="46" pin="0"/><net_sink comp="807" pin=3"/></net>

<net id="823"><net_src comp="30" pin="0"/><net_sink comp="817" pin=0"/></net>

<net id="824"><net_src comp="516" pin="3"/><net_sink comp="817" pin=1"/></net>

<net id="825"><net_src comp="44" pin="0"/><net_sink comp="817" pin=2"/></net>

<net id="826"><net_src comp="46" pin="0"/><net_sink comp="817" pin=3"/></net>

<net id="833"><net_src comp="30" pin="0"/><net_sink comp="827" pin=0"/></net>

<net id="834"><net_src comp="503" pin="3"/><net_sink comp="827" pin=1"/></net>

<net id="835"><net_src comp="48" pin="0"/><net_sink comp="827" pin=2"/></net>

<net id="836"><net_src comp="50" pin="0"/><net_sink comp="827" pin=3"/></net>

<net id="843"><net_src comp="30" pin="0"/><net_sink comp="837" pin=0"/></net>

<net id="844"><net_src comp="516" pin="3"/><net_sink comp="837" pin=1"/></net>

<net id="845"><net_src comp="48" pin="0"/><net_sink comp="837" pin=2"/></net>

<net id="846"><net_src comp="50" pin="0"/><net_sink comp="837" pin=3"/></net>

<net id="853"><net_src comp="30" pin="0"/><net_sink comp="847" pin=0"/></net>

<net id="854"><net_src comp="503" pin="3"/><net_sink comp="847" pin=1"/></net>

<net id="855"><net_src comp="52" pin="0"/><net_sink comp="847" pin=2"/></net>

<net id="856"><net_src comp="54" pin="0"/><net_sink comp="847" pin=3"/></net>

<net id="863"><net_src comp="30" pin="0"/><net_sink comp="857" pin=0"/></net>

<net id="864"><net_src comp="516" pin="3"/><net_sink comp="857" pin=1"/></net>

<net id="865"><net_src comp="52" pin="0"/><net_sink comp="857" pin=2"/></net>

<net id="866"><net_src comp="54" pin="0"/><net_sink comp="857" pin=3"/></net>

<net id="873"><net_src comp="30" pin="0"/><net_sink comp="867" pin=0"/></net>

<net id="874"><net_src comp="503" pin="3"/><net_sink comp="867" pin=1"/></net>

<net id="875"><net_src comp="56" pin="0"/><net_sink comp="867" pin=2"/></net>

<net id="876"><net_src comp="58" pin="0"/><net_sink comp="867" pin=3"/></net>

<net id="883"><net_src comp="30" pin="0"/><net_sink comp="877" pin=0"/></net>

<net id="884"><net_src comp="516" pin="3"/><net_sink comp="877" pin=1"/></net>

<net id="885"><net_src comp="56" pin="0"/><net_sink comp="877" pin=2"/></net>

<net id="886"><net_src comp="58" pin="0"/><net_sink comp="877" pin=3"/></net>

<net id="893"><net_src comp="30" pin="0"/><net_sink comp="887" pin=0"/></net>

<net id="894"><net_src comp="503" pin="3"/><net_sink comp="887" pin=1"/></net>

<net id="895"><net_src comp="60" pin="0"/><net_sink comp="887" pin=2"/></net>

<net id="896"><net_src comp="62" pin="0"/><net_sink comp="887" pin=3"/></net>

<net id="903"><net_src comp="30" pin="0"/><net_sink comp="897" pin=0"/></net>

<net id="904"><net_src comp="516" pin="3"/><net_sink comp="897" pin=1"/></net>

<net id="905"><net_src comp="60" pin="0"/><net_sink comp="897" pin=2"/></net>

<net id="906"><net_src comp="62" pin="0"/><net_sink comp="897" pin=3"/></net>

<net id="913"><net_src comp="30" pin="0"/><net_sink comp="907" pin=0"/></net>

<net id="914"><net_src comp="503" pin="3"/><net_sink comp="907" pin=1"/></net>

<net id="915"><net_src comp="64" pin="0"/><net_sink comp="907" pin=2"/></net>

<net id="916"><net_src comp="66" pin="0"/><net_sink comp="907" pin=3"/></net>

<net id="923"><net_src comp="30" pin="0"/><net_sink comp="917" pin=0"/></net>

<net id="924"><net_src comp="516" pin="3"/><net_sink comp="917" pin=1"/></net>

<net id="925"><net_src comp="64" pin="0"/><net_sink comp="917" pin=2"/></net>

<net id="926"><net_src comp="66" pin="0"/><net_sink comp="917" pin=3"/></net>

<net id="933"><net_src comp="30" pin="0"/><net_sink comp="927" pin=0"/></net>

<net id="934"><net_src comp="503" pin="3"/><net_sink comp="927" pin=1"/></net>

<net id="935"><net_src comp="68" pin="0"/><net_sink comp="927" pin=2"/></net>

<net id="936"><net_src comp="70" pin="0"/><net_sink comp="927" pin=3"/></net>

<net id="943"><net_src comp="30" pin="0"/><net_sink comp="937" pin=0"/></net>

<net id="944"><net_src comp="516" pin="3"/><net_sink comp="937" pin=1"/></net>

<net id="945"><net_src comp="68" pin="0"/><net_sink comp="937" pin=2"/></net>

<net id="946"><net_src comp="70" pin="0"/><net_sink comp="937" pin=3"/></net>

<net id="953"><net_src comp="30" pin="0"/><net_sink comp="947" pin=0"/></net>

<net id="954"><net_src comp="503" pin="3"/><net_sink comp="947" pin=1"/></net>

<net id="955"><net_src comp="72" pin="0"/><net_sink comp="947" pin=2"/></net>

<net id="956"><net_src comp="74" pin="0"/><net_sink comp="947" pin=3"/></net>

<net id="963"><net_src comp="30" pin="0"/><net_sink comp="957" pin=0"/></net>

<net id="964"><net_src comp="516" pin="3"/><net_sink comp="957" pin=1"/></net>

<net id="965"><net_src comp="72" pin="0"/><net_sink comp="957" pin=2"/></net>

<net id="966"><net_src comp="74" pin="0"/><net_sink comp="957" pin=3"/></net>

<net id="973"><net_src comp="30" pin="0"/><net_sink comp="967" pin=0"/></net>

<net id="974"><net_src comp="503" pin="3"/><net_sink comp="967" pin=1"/></net>

<net id="975"><net_src comp="76" pin="0"/><net_sink comp="967" pin=2"/></net>

<net id="976"><net_src comp="78" pin="0"/><net_sink comp="967" pin=3"/></net>

<net id="983"><net_src comp="30" pin="0"/><net_sink comp="977" pin=0"/></net>

<net id="984"><net_src comp="516" pin="3"/><net_sink comp="977" pin=1"/></net>

<net id="985"><net_src comp="76" pin="0"/><net_sink comp="977" pin=2"/></net>

<net id="986"><net_src comp="78" pin="0"/><net_sink comp="977" pin=3"/></net>

<net id="993"><net_src comp="30" pin="0"/><net_sink comp="987" pin=0"/></net>

<net id="994"><net_src comp="503" pin="3"/><net_sink comp="987" pin=1"/></net>

<net id="995"><net_src comp="80" pin="0"/><net_sink comp="987" pin=2"/></net>

<net id="996"><net_src comp="82" pin="0"/><net_sink comp="987" pin=3"/></net>

<net id="1003"><net_src comp="30" pin="0"/><net_sink comp="997" pin=0"/></net>

<net id="1004"><net_src comp="516" pin="3"/><net_sink comp="997" pin=1"/></net>

<net id="1005"><net_src comp="80" pin="0"/><net_sink comp="997" pin=2"/></net>

<net id="1006"><net_src comp="82" pin="0"/><net_sink comp="997" pin=3"/></net>

<net id="1013"><net_src comp="30" pin="0"/><net_sink comp="1007" pin=0"/></net>

<net id="1014"><net_src comp="503" pin="3"/><net_sink comp="1007" pin=1"/></net>

<net id="1015"><net_src comp="84" pin="0"/><net_sink comp="1007" pin=2"/></net>

<net id="1016"><net_src comp="86" pin="0"/><net_sink comp="1007" pin=3"/></net>

<net id="1023"><net_src comp="30" pin="0"/><net_sink comp="1017" pin=0"/></net>

<net id="1024"><net_src comp="516" pin="3"/><net_sink comp="1017" pin=1"/></net>

<net id="1025"><net_src comp="84" pin="0"/><net_sink comp="1017" pin=2"/></net>

<net id="1026"><net_src comp="86" pin="0"/><net_sink comp="1017" pin=3"/></net>

<net id="1033"><net_src comp="30" pin="0"/><net_sink comp="1027" pin=0"/></net>

<net id="1034"><net_src comp="503" pin="3"/><net_sink comp="1027" pin=1"/></net>

<net id="1035"><net_src comp="88" pin="0"/><net_sink comp="1027" pin=2"/></net>

<net id="1036"><net_src comp="90" pin="0"/><net_sink comp="1027" pin=3"/></net>

<net id="1043"><net_src comp="30" pin="0"/><net_sink comp="1037" pin=0"/></net>

<net id="1044"><net_src comp="516" pin="3"/><net_sink comp="1037" pin=1"/></net>

<net id="1045"><net_src comp="88" pin="0"/><net_sink comp="1037" pin=2"/></net>

<net id="1046"><net_src comp="90" pin="0"/><net_sink comp="1037" pin=3"/></net>

<net id="1051"><net_src comp="16" pin="0"/><net_sink comp="1047" pin=0"/></net>

<net id="1056"><net_src comp="18" pin="0"/><net_sink comp="1052" pin=0"/></net>

<net id="1064"><net_src comp="1057" pin="1"/><net_sink comp="1060" pin=0"/></net>

<net id="1065"><net_src comp="20" pin="0"/><net_sink comp="1060" pin=1"/></net>

<net id="1070"><net_src comp="1057" pin="1"/><net_sink comp="1066" pin=0"/></net>

<net id="1071"><net_src comp="22" pin="0"/><net_sink comp="1066" pin=1"/></net>

<net id="1075"><net_src comp="1057" pin="1"/><net_sink comp="1072" pin=0"/></net>

<net id="1080"><net_src comp="1057" pin="1"/><net_sink comp="1076" pin=0"/></net>

<net id="1081"><net_src comp="22" pin="0"/><net_sink comp="1076" pin=1"/></net>

<net id="1085"><net_src comp="1076" pin="2"/><net_sink comp="1082" pin=0"/></net>

<net id="1086"><net_src comp="1082" pin="1"/><net_sink comp="496" pin=2"/></net>

<net id="1087"><net_src comp="1082" pin="1"/><net_sink comp="509" pin=2"/></net>

<net id="1117"><net_src comp="26" pin="0"/><net_sink comp="1112" pin=0"/></net>

<net id="1118"><net_src comp="1091" pin="1"/><net_sink comp="1112" pin=1"/></net>

<net id="1119"><net_src comp="1088" pin="1"/><net_sink comp="1112" pin=2"/></net>

<net id="1125"><net_src comp="26" pin="0"/><net_sink comp="1120" pin=0"/></net>

<net id="1126"><net_src comp="1097" pin="1"/><net_sink comp="1120" pin=1"/></net>

<net id="1127"><net_src comp="1094" pin="1"/><net_sink comp="1120" pin=2"/></net>

<net id="1133"><net_src comp="26" pin="0"/><net_sink comp="1128" pin=0"/></net>

<net id="1134"><net_src comp="1103" pin="1"/><net_sink comp="1128" pin=1"/></net>

<net id="1135"><net_src comp="1100" pin="1"/><net_sink comp="1128" pin=2"/></net>

<net id="1141"><net_src comp="26" pin="0"/><net_sink comp="1136" pin=0"/></net>

<net id="1142"><net_src comp="1109" pin="1"/><net_sink comp="1136" pin=1"/></net>

<net id="1143"><net_src comp="1106" pin="1"/><net_sink comp="1136" pin=2"/></net>

<net id="1148"><net_src comp="28" pin="0"/><net_sink comp="1144" pin=0"/></net>

<net id="1149"><net_src comp="744" pin="1"/><net_sink comp="1144" pin=1"/></net>

<net id="1154"><net_src comp="1144" pin="2"/><net_sink comp="1150" pin=0"/></net>

<net id="1155"><net_src comp="1112" pin="3"/><net_sink comp="1150" pin=1"/></net>

<net id="1160"><net_src comp="1150" pin="2"/><net_sink comp="1156" pin=0"/></net>

<net id="1161"><net_src comp="1120" pin="3"/><net_sink comp="1156" pin=1"/></net>

<net id="1166"><net_src comp="1156" pin="2"/><net_sink comp="1162" pin=0"/></net>

<net id="1167"><net_src comp="1128" pin="3"/><net_sink comp="1162" pin=1"/></net>

<net id="1172"><net_src comp="1162" pin="2"/><net_sink comp="1168" pin=0"/></net>

<net id="1173"><net_src comp="1136" pin="3"/><net_sink comp="1168" pin=1"/></net>

<net id="1178"><net_src comp="22" pin="0"/><net_sink comp="1174" pin=1"/></net>

<net id="1182"><net_src comp="1174" pin="2"/><net_sink comp="1179" pin=0"/></net>

<net id="1183"><net_src comp="1179" pin="1"/><net_sink comp="522" pin=2"/></net>

<net id="1184"><net_src comp="1179" pin="1"/><net_sink comp="530" pin=2"/></net>

<net id="1188"><net_src comp="503" pin="3"/><net_sink comp="1185" pin=0"/></net>

<net id="1192"><net_src comp="516" pin="3"/><net_sink comp="1189" pin=0"/></net>

<net id="1196"><net_src comp="503" pin="3"/><net_sink comp="1193" pin=0"/></net>

<net id="1200"><net_src comp="516" pin="3"/><net_sink comp="1197" pin=0"/></net>

<net id="1207"><net_src comp="1201" pin="1"/><net_sink comp="1204" pin=0"/></net>

<net id="1214"><net_src comp="1208" pin="1"/><net_sink comp="1211" pin=0"/></net>

<net id="1221"><net_src comp="94" pin="0"/><net_sink comp="1215" pin=0"/></net>

<net id="1222"><net_src comp="1208" pin="1"/><net_sink comp="1215" pin=1"/></net>

<net id="1223"><net_src comp="96" pin="0"/><net_sink comp="1215" pin=2"/></net>

<net id="1224"><net_src comp="98" pin="0"/><net_sink comp="1215" pin=3"/></net>

<net id="1229"><net_src comp="1215" pin="4"/><net_sink comp="1225" pin=0"/></net>

<net id="1230"><net_src comp="100" pin="0"/><net_sink comp="1225" pin=1"/></net>

<net id="1236"><net_src comp="1225" pin="2"/><net_sink comp="1231" pin=0"/></net>

<net id="1237"><net_src comp="1215" pin="4"/><net_sink comp="1231" pin=1"/></net>

<net id="1238"><net_src comp="1211" pin="1"/><net_sink comp="1231" pin=2"/></net>

<net id="1242"><net_src comp="1231" pin="3"/><net_sink comp="1239" pin=0"/></net>

<net id="1249"><net_src comp="102" pin="0"/><net_sink comp="1243" pin=0"/></net>

<net id="1250"><net_src comp="1231" pin="3"/><net_sink comp="1243" pin=1"/></net>

<net id="1251"><net_src comp="104" pin="0"/><net_sink comp="1243" pin=2"/></net>

<net id="1252"><net_src comp="106" pin="0"/><net_sink comp="1243" pin=3"/></net>

<net id="1257"><net_src comp="1243" pin="4"/><net_sink comp="1253" pin=0"/></net>

<net id="1258"><net_src comp="108" pin="0"/><net_sink comp="1253" pin=1"/></net>

<net id="1264"><net_src comp="1253" pin="2"/><net_sink comp="1259" pin=0"/></net>

<net id="1265"><net_src comp="1243" pin="4"/><net_sink comp="1259" pin=1"/></net>

<net id="1266"><net_src comp="1239" pin="1"/><net_sink comp="1259" pin=2"/></net>

<net id="1270"><net_src comp="1259" pin="3"/><net_sink comp="1267" pin=0"/></net>

<net id="1277"><net_src comp="110" pin="0"/><net_sink comp="1271" pin=0"/></net>

<net id="1278"><net_src comp="1259" pin="3"/><net_sink comp="1271" pin=1"/></net>

<net id="1279"><net_src comp="112" pin="0"/><net_sink comp="1271" pin=2"/></net>

<net id="1280"><net_src comp="114" pin="0"/><net_sink comp="1271" pin=3"/></net>

<net id="1285"><net_src comp="1208" pin="1"/><net_sink comp="1281" pin=0"/></net>

<net id="1286"><net_src comp="116" pin="0"/><net_sink comp="1281" pin=1"/></net>

<net id="1293"><net_src comp="94" pin="0"/><net_sink comp="1287" pin=0"/></net>

<net id="1294"><net_src comp="1201" pin="1"/><net_sink comp="1287" pin=1"/></net>

<net id="1295"><net_src comp="96" pin="0"/><net_sink comp="1287" pin=2"/></net>

<net id="1296"><net_src comp="98" pin="0"/><net_sink comp="1287" pin=3"/></net>

<net id="1301"><net_src comp="1287" pin="4"/><net_sink comp="1297" pin=0"/></net>

<net id="1302"><net_src comp="100" pin="0"/><net_sink comp="1297" pin=1"/></net>

<net id="1308"><net_src comp="1297" pin="2"/><net_sink comp="1303" pin=0"/></net>

<net id="1309"><net_src comp="1287" pin="4"/><net_sink comp="1303" pin=1"/></net>

<net id="1310"><net_src comp="1204" pin="1"/><net_sink comp="1303" pin=2"/></net>

<net id="1314"><net_src comp="1303" pin="3"/><net_sink comp="1311" pin=0"/></net>

<net id="1321"><net_src comp="102" pin="0"/><net_sink comp="1315" pin=0"/></net>

<net id="1322"><net_src comp="1303" pin="3"/><net_sink comp="1315" pin=1"/></net>

<net id="1323"><net_src comp="104" pin="0"/><net_sink comp="1315" pin=2"/></net>

<net id="1324"><net_src comp="106" pin="0"/><net_sink comp="1315" pin=3"/></net>

<net id="1329"><net_src comp="1315" pin="4"/><net_sink comp="1325" pin=0"/></net>

<net id="1330"><net_src comp="108" pin="0"/><net_sink comp="1325" pin=1"/></net>

<net id="1336"><net_src comp="1325" pin="2"/><net_sink comp="1331" pin=0"/></net>

<net id="1337"><net_src comp="1315" pin="4"/><net_sink comp="1331" pin=1"/></net>

<net id="1338"><net_src comp="1311" pin="1"/><net_sink comp="1331" pin=2"/></net>

<net id="1342"><net_src comp="1331" pin="3"/><net_sink comp="1339" pin=0"/></net>

<net id="1349"><net_src comp="110" pin="0"/><net_sink comp="1343" pin=0"/></net>

<net id="1350"><net_src comp="1331" pin="3"/><net_sink comp="1343" pin=1"/></net>

<net id="1351"><net_src comp="112" pin="0"/><net_sink comp="1343" pin=2"/></net>

<net id="1352"><net_src comp="114" pin="0"/><net_sink comp="1343" pin=3"/></net>

<net id="1357"><net_src comp="1201" pin="1"/><net_sink comp="1353" pin=0"/></net>

<net id="1358"><net_src comp="116" pin="0"/><net_sink comp="1353" pin=1"/></net>

<net id="1364"><net_src comp="118" pin="0"/><net_sink comp="1359" pin=1"/></net>

<net id="1365"><net_src comp="120" pin="0"/><net_sink comp="1359" pin=2"/></net>

<net id="1371"><net_src comp="122" pin="0"/><net_sink comp="1366" pin=1"/></net>

<net id="1372"><net_src comp="124" pin="0"/><net_sink comp="1366" pin=2"/></net>

<net id="1378"><net_src comp="1366" pin="3"/><net_sink comp="1373" pin=1"/></net>

<net id="1379"><net_src comp="1359" pin="3"/><net_sink comp="1373" pin=2"/></net>

<net id="1384"><net_src comp="126" pin="0"/><net_sink comp="1380" pin=1"/></net>

<net id="1389"><net_src comp="1373" pin="3"/><net_sink comp="1385" pin=0"/></net>

<net id="1390"><net_src comp="128" pin="0"/><net_sink comp="1385" pin=1"/></net>

<net id="1396"><net_src comp="1380" pin="2"/><net_sink comp="1391" pin=0"/></net>

<net id="1397"><net_src comp="1385" pin="2"/><net_sink comp="1391" pin=1"/></net>

<net id="1398"><net_src comp="1373" pin="3"/><net_sink comp="1391" pin=2"/></net>

<net id="1404"><net_src comp="1380" pin="2"/><net_sink comp="1399" pin=0"/></net>

<net id="1411"><net_src comp="130" pin="0"/><net_sink comp="1405" pin=0"/></net>

<net id="1412"><net_src comp="1399" pin="3"/><net_sink comp="1405" pin=1"/></net>

<net id="1413"><net_src comp="132" pin="0"/><net_sink comp="1405" pin=2"/></net>

<net id="1414"><net_src comp="134" pin="0"/><net_sink comp="1405" pin=3"/></net>

<net id="1419"><net_src comp="1405" pin="4"/><net_sink comp="1415" pin=0"/></net>

<net id="1420"><net_src comp="136" pin="0"/><net_sink comp="1415" pin=1"/></net>

<net id="1425"><net_src comp="1391" pin="3"/><net_sink comp="1421" pin=0"/></net>

<net id="1426"><net_src comp="138" pin="0"/><net_sink comp="1421" pin=1"/></net>

<net id="1432"><net_src comp="1415" pin="2"/><net_sink comp="1427" pin=0"/></net>

<net id="1433"><net_src comp="1421" pin="2"/><net_sink comp="1427" pin=1"/></net>

<net id="1434"><net_src comp="1391" pin="3"/><net_sink comp="1427" pin=2"/></net>

<net id="1440"><net_src comp="140" pin="0"/><net_sink comp="1435" pin=0"/></net>

<net id="1441"><net_src comp="1399" pin="3"/><net_sink comp="1435" pin=1"/></net>

<net id="1442"><net_src comp="134" pin="0"/><net_sink comp="1435" pin=2"/></net>

<net id="1448"><net_src comp="140" pin="0"/><net_sink comp="1443" pin=0"/></net>

<net id="1449"><net_src comp="1399" pin="3"/><net_sink comp="1443" pin=1"/></net>

<net id="1450"><net_src comp="4" pin="0"/><net_sink comp="1443" pin=2"/></net>

<net id="1456"><net_src comp="1415" pin="2"/><net_sink comp="1451" pin=0"/></net>

<net id="1457"><net_src comp="1435" pin="3"/><net_sink comp="1451" pin=1"/></net>

<net id="1458"><net_src comp="1443" pin="3"/><net_sink comp="1451" pin=2"/></net>

<net id="1463"><net_src comp="1427" pin="3"/><net_sink comp="1459" pin=0"/></net>

<net id="1464"><net_src comp="142" pin="0"/><net_sink comp="1459" pin=1"/></net>

<net id="1470"><net_src comp="1451" pin="3"/><net_sink comp="1465" pin=0"/></net>

<net id="1471"><net_src comp="1459" pin="2"/><net_sink comp="1465" pin=1"/></net>

<net id="1472"><net_src comp="1427" pin="3"/><net_sink comp="1465" pin=2"/></net>

<net id="1478"><net_src comp="118" pin="0"/><net_sink comp="1473" pin=1"/></net>

<net id="1479"><net_src comp="120" pin="0"/><net_sink comp="1473" pin=2"/></net>

<net id="1485"><net_src comp="122" pin="0"/><net_sink comp="1480" pin=1"/></net>

<net id="1486"><net_src comp="124" pin="0"/><net_sink comp="1480" pin=2"/></net>

<net id="1492"><net_src comp="1480" pin="3"/><net_sink comp="1487" pin=1"/></net>

<net id="1493"><net_src comp="1473" pin="3"/><net_sink comp="1487" pin=2"/></net>

<net id="1498"><net_src comp="126" pin="0"/><net_sink comp="1494" pin=1"/></net>

<net id="1503"><net_src comp="1487" pin="3"/><net_sink comp="1499" pin=0"/></net>

<net id="1504"><net_src comp="128" pin="0"/><net_sink comp="1499" pin=1"/></net>

<net id="1510"><net_src comp="1494" pin="2"/><net_sink comp="1505" pin=0"/></net>

<net id="1516"><net_src comp="1494" pin="2"/><net_sink comp="1511" pin=0"/></net>

<net id="1517"><net_src comp="1499" pin="2"/><net_sink comp="1511" pin=1"/></net>

<net id="1518"><net_src comp="1487" pin="3"/><net_sink comp="1511" pin=2"/></net>

<net id="1525"><net_src comp="130" pin="0"/><net_sink comp="1519" pin=0"/></net>

<net id="1526"><net_src comp="1505" pin="3"/><net_sink comp="1519" pin=1"/></net>

<net id="1527"><net_src comp="132" pin="0"/><net_sink comp="1519" pin=2"/></net>

<net id="1528"><net_src comp="134" pin="0"/><net_sink comp="1519" pin=3"/></net>

<net id="1533"><net_src comp="1519" pin="4"/><net_sink comp="1529" pin=0"/></net>

<net id="1534"><net_src comp="136" pin="0"/><net_sink comp="1529" pin=1"/></net>

<net id="1539"><net_src comp="1511" pin="3"/><net_sink comp="1535" pin=0"/></net>

<net id="1540"><net_src comp="138" pin="0"/><net_sink comp="1535" pin=1"/></net>

<net id="1546"><net_src comp="1529" pin="2"/><net_sink comp="1541" pin=0"/></net>

<net id="1547"><net_src comp="1535" pin="2"/><net_sink comp="1541" pin=1"/></net>

<net id="1548"><net_src comp="1511" pin="3"/><net_sink comp="1541" pin=2"/></net>

<net id="1554"><net_src comp="140" pin="0"/><net_sink comp="1549" pin=0"/></net>

<net id="1555"><net_src comp="1505" pin="3"/><net_sink comp="1549" pin=1"/></net>

<net id="1556"><net_src comp="134" pin="0"/><net_sink comp="1549" pin=2"/></net>

<net id="1562"><net_src comp="140" pin="0"/><net_sink comp="1557" pin=0"/></net>

<net id="1563"><net_src comp="1505" pin="3"/><net_sink comp="1557" pin=1"/></net>

<net id="1564"><net_src comp="4" pin="0"/><net_sink comp="1557" pin=2"/></net>

<net id="1570"><net_src comp="1529" pin="2"/><net_sink comp="1565" pin=0"/></net>

<net id="1571"><net_src comp="1549" pin="3"/><net_sink comp="1565" pin=1"/></net>

<net id="1572"><net_src comp="1557" pin="3"/><net_sink comp="1565" pin=2"/></net>

<net id="1577"><net_src comp="1541" pin="3"/><net_sink comp="1573" pin=0"/></net>

<net id="1578"><net_src comp="142" pin="0"/><net_sink comp="1573" pin=1"/></net>

<net id="1584"><net_src comp="1565" pin="3"/><net_sink comp="1579" pin=0"/></net>

<net id="1585"><net_src comp="1573" pin="2"/><net_sink comp="1579" pin=1"/></net>

<net id="1586"><net_src comp="1541" pin="3"/><net_sink comp="1579" pin=2"/></net>

<net id="1591"><net_src comp="144" pin="0"/><net_sink comp="1587" pin=1"/></net>

<net id="1596"><net_src comp="1587" pin="2"/><net_sink comp="1592" pin=0"/></net>

<net id="1601"><net_src comp="146" pin="0"/><net_sink comp="1597" pin=1"/></net>

<net id="1607"><net_src comp="1592" pin="2"/><net_sink comp="1602" pin=0"/></net>

<net id="1608"><net_src comp="1597" pin="2"/><net_sink comp="1602" pin=1"/></net>

<net id="1609"><net_src comp="120" pin="0"/><net_sink comp="1602" pin=2"/></net>

<net id="1614"><net_src comp="144" pin="0"/><net_sink comp="1610" pin=1"/></net>

<net id="1619"><net_src comp="1610" pin="2"/><net_sink comp="1615" pin=0"/></net>

<net id="1624"><net_src comp="146" pin="0"/><net_sink comp="1620" pin=1"/></net>

<net id="1630"><net_src comp="1615" pin="2"/><net_sink comp="1625" pin=0"/></net>

<net id="1631"><net_src comp="1620" pin="2"/><net_sink comp="1625" pin=1"/></net>

<net id="1632"><net_src comp="120" pin="0"/><net_sink comp="1625" pin=2"/></net>

<net id="1637"><net_src comp="120" pin="0"/><net_sink comp="1633" pin=1"/></net>

<net id="1645"><net_src comp="1638" pin="1"/><net_sink comp="1641" pin=0"/></net>

<net id="1646"><net_src comp="148" pin="0"/><net_sink comp="1641" pin=1"/></net>

<net id="1650"><net_src comp="1641" pin="2"/><net_sink comp="1647" pin=0"/></net>

<net id="1655"><net_src comp="120" pin="0"/><net_sink comp="1651" pin=1"/></net>

<net id="1660"><net_src comp="4" pin="0"/><net_sink comp="1656" pin=0"/></net>

<net id="1661"><net_src comp="1647" pin="1"/><net_sink comp="1656" pin=1"/></net>

<net id="1666"><net_src comp="150" pin="0"/><net_sink comp="1662" pin=0"/></net>

<net id="1667"><net_src comp="1638" pin="1"/><net_sink comp="1662" pin=1"/></net>

<net id="1671"><net_src comp="1662" pin="2"/><net_sink comp="1668" pin=0"/></net>

<net id="1676"><net_src comp="4" pin="0"/><net_sink comp="1672" pin=0"/></net>

<net id="1677"><net_src comp="1668" pin="1"/><net_sink comp="1672" pin=1"/></net>

<net id="1682"><net_src comp="120" pin="0"/><net_sink comp="1678" pin=1"/></net>

<net id="1690"><net_src comp="1683" pin="1"/><net_sink comp="1686" pin=0"/></net>

<net id="1691"><net_src comp="148" pin="0"/><net_sink comp="1686" pin=1"/></net>

<net id="1695"><net_src comp="1686" pin="2"/><net_sink comp="1692" pin=0"/></net>

<net id="1700"><net_src comp="120" pin="0"/><net_sink comp="1696" pin=1"/></net>

<net id="1705"><net_src comp="4" pin="0"/><net_sink comp="1701" pin=0"/></net>

<net id="1706"><net_src comp="1692" pin="1"/><net_sink comp="1701" pin=1"/></net>

<net id="1711"><net_src comp="150" pin="0"/><net_sink comp="1707" pin=0"/></net>

<net id="1712"><net_src comp="1683" pin="1"/><net_sink comp="1707" pin=1"/></net>

<net id="1716"><net_src comp="1707" pin="2"/><net_sink comp="1713" pin=0"/></net>

<net id="1721"><net_src comp="4" pin="0"/><net_sink comp="1717" pin=0"/></net>

<net id="1722"><net_src comp="1713" pin="1"/><net_sink comp="1717" pin=1"/></net>

<net id="1728"><net_src comp="1651" pin="2"/><net_sink comp="1723" pin=0"/></net>

<net id="1729"><net_src comp="1656" pin="2"/><net_sink comp="1723" pin=1"/></net>

<net id="1730"><net_src comp="1672" pin="2"/><net_sink comp="1723" pin=2"/></net>

<net id="1736"><net_src comp="1633" pin="2"/><net_sink comp="1731" pin=0"/></net>

<net id="1737"><net_src comp="116" pin="0"/><net_sink comp="1731" pin=1"/></net>

<net id="1738"><net_src comp="1723" pin="3"/><net_sink comp="1731" pin=2"/></net>

<net id="1744"><net_src comp="1696" pin="2"/><net_sink comp="1739" pin=0"/></net>

<net id="1745"><net_src comp="1701" pin="2"/><net_sink comp="1739" pin=1"/></net>

<net id="1746"><net_src comp="1717" pin="2"/><net_sink comp="1739" pin=2"/></net>

<net id="1752"><net_src comp="1678" pin="2"/><net_sink comp="1747" pin=0"/></net>

<net id="1753"><net_src comp="116" pin="0"/><net_sink comp="1747" pin=1"/></net>

<net id="1754"><net_src comp="1739" pin="3"/><net_sink comp="1747" pin=2"/></net>

<net id="1952"><net_src comp="162" pin="0"/><net_sink comp="1947" pin=0"/></net>

<net id="1956"><net_src comp="1947" pin="3"/><net_sink comp="1953" pin=0"/></net>

<net id="1960"><net_src comp="1947" pin="3"/><net_sink comp="1957" pin=0"/></net>

<net id="1965"><net_src comp="164" pin="0"/><net_sink comp="1961" pin=0"/></net>

<net id="1966"><net_src comp="1957" pin="1"/><net_sink comp="1961" pin=1"/></net>

<net id="1970"><net_src comp="1961" pin="2"/><net_sink comp="1967" pin=0"/></net>

<net id="1975"><net_src comp="1967" pin="1"/><net_sink comp="1971" pin=0"/></net>

<net id="1976"><net_src comp="166" pin="0"/><net_sink comp="1971" pin=1"/></net>

<net id="1980"><net_src comp="1971" pin="2"/><net_sink comp="1977" pin=0"/></net>

<net id="1985"><net_src comp="744" pin="1"/><net_sink comp="1981" pin=0"/></net>

<net id="1986"><net_src comp="1977" pin="1"/><net_sink comp="1981" pin=1"/></net>

<net id="1994"><net_src comp="1987" pin="1"/><net_sink comp="1990" pin=0"/></net>

<net id="1995"><net_src comp="1957" pin="1"/><net_sink comp="1990" pin=1"/></net>

<net id="1999"><net_src comp="1981" pin="2"/><net_sink comp="1996" pin=0"/></net>

<net id="2004"><net_src comp="1996" pin="1"/><net_sink comp="2000" pin=0"/></net>

<net id="2005"><net_src comp="1990" pin="2"/><net_sink comp="2000" pin=1"/></net>

<net id="2012"><net_src comp="168" pin="0"/><net_sink comp="2006" pin=0"/></net>

<net id="2013"><net_src comp="1981" pin="2"/><net_sink comp="2006" pin=1"/></net>

<net id="2014"><net_src comp="170" pin="0"/><net_sink comp="2006" pin=2"/></net>

<net id="2015"><net_src comp="90" pin="0"/><net_sink comp="2006" pin=3"/></net>

<net id="2021"><net_src comp="172" pin="0"/><net_sink comp="2016" pin=0"/></net>

<net id="2022"><net_src comp="2006" pin="4"/><net_sink comp="2016" pin=1"/></net>

<net id="2023"><net_src comp="2000" pin="2"/><net_sink comp="2016" pin=2"/></net>

<net id="2028"><net_src comp="1953" pin="1"/><net_sink comp="2024" pin=0"/></net>

<net id="2029"><net_src comp="174" pin="0"/><net_sink comp="2024" pin=1"/></net>

<net id="2033"><net_src comp="2024" pin="2"/><net_sink comp="2030" pin=0"/></net>

<net id="2038"><net_src comp="176" pin="0"/><net_sink comp="2034" pin=0"/></net>

<net id="2039"><net_src comp="2030" pin="1"/><net_sink comp="2034" pin=1"/></net>

<net id="2043"><net_src comp="2034" pin="2"/><net_sink comp="2040" pin=0"/></net>

<net id="2048"><net_src comp="2040" pin="1"/><net_sink comp="2044" pin=0"/></net>

<net id="2049"><net_src comp="178" pin="0"/><net_sink comp="2044" pin=1"/></net>

<net id="2053"><net_src comp="2044" pin="2"/><net_sink comp="2050" pin=0"/></net>

<net id="2058"><net_src comp="2016" pin="3"/><net_sink comp="2054" pin=0"/></net>

<net id="2059"><net_src comp="2050" pin="1"/><net_sink comp="2054" pin=1"/></net>

<net id="2067"><net_src comp="2060" pin="1"/><net_sink comp="2063" pin=0"/></net>

<net id="2068"><net_src comp="2030" pin="1"/><net_sink comp="2063" pin=1"/></net>

<net id="2072"><net_src comp="2054" pin="2"/><net_sink comp="2069" pin=0"/></net>

<net id="2077"><net_src comp="2069" pin="1"/><net_sink comp="2073" pin=0"/></net>

<net id="2078"><net_src comp="2063" pin="2"/><net_sink comp="2073" pin=1"/></net>

<net id="2085"><net_src comp="180" pin="0"/><net_sink comp="2079" pin=0"/></net>

<net id="2086"><net_src comp="2054" pin="2"/><net_sink comp="2079" pin=1"/></net>

<net id="2087"><net_src comp="182" pin="0"/><net_sink comp="2079" pin=2"/></net>

<net id="2088"><net_src comp="90" pin="0"/><net_sink comp="2079" pin=3"/></net>

<net id="2094"><net_src comp="184" pin="0"/><net_sink comp="2089" pin=0"/></net>

<net id="2095"><net_src comp="2079" pin="4"/><net_sink comp="2089" pin=1"/></net>

<net id="2096"><net_src comp="2073" pin="2"/><net_sink comp="2089" pin=2"/></net>

<net id="2132"><net_src comp="186" pin="0"/><net_sink comp="2097" pin=0"/></net>

<net id="2133"><net_src comp="1848" pin="1"/><net_sink comp="2097" pin=1"/></net>

<net id="2134"><net_src comp="1845" pin="1"/><net_sink comp="2097" pin=2"/></net>

<net id="2135"><net_src comp="1842" pin="1"/><net_sink comp="2097" pin=3"/></net>

<net id="2136"><net_src comp="1839" pin="1"/><net_sink comp="2097" pin=4"/></net>

<net id="2137"><net_src comp="1836" pin="1"/><net_sink comp="2097" pin=5"/></net>

<net id="2138"><net_src comp="1833" pin="1"/><net_sink comp="2097" pin=6"/></net>

<net id="2139"><net_src comp="1830" pin="1"/><net_sink comp="2097" pin=7"/></net>

<net id="2140"><net_src comp="1827" pin="1"/><net_sink comp="2097" pin=8"/></net>

<net id="2141"><net_src comp="1824" pin="1"/><net_sink comp="2097" pin=9"/></net>

<net id="2142"><net_src comp="1821" pin="1"/><net_sink comp="2097" pin=10"/></net>

<net id="2143"><net_src comp="1818" pin="1"/><net_sink comp="2097" pin=11"/></net>

<net id="2144"><net_src comp="1815" pin="1"/><net_sink comp="2097" pin=12"/></net>

<net id="2145"><net_src comp="1812" pin="1"/><net_sink comp="2097" pin=13"/></net>

<net id="2146"><net_src comp="1809" pin="1"/><net_sink comp="2097" pin=14"/></net>

<net id="2147"><net_src comp="1806" pin="1"/><net_sink comp="2097" pin=15"/></net>

<net id="2148"><net_src comp="1803" pin="1"/><net_sink comp="2097" pin=16"/></net>

<net id="2149"><net_src comp="1800" pin="1"/><net_sink comp="2097" pin=17"/></net>

<net id="2150"><net_src comp="1797" pin="1"/><net_sink comp="2097" pin=18"/></net>

<net id="2151"><net_src comp="1794" pin="1"/><net_sink comp="2097" pin=19"/></net>

<net id="2152"><net_src comp="1791" pin="1"/><net_sink comp="2097" pin=20"/></net>

<net id="2153"><net_src comp="1788" pin="1"/><net_sink comp="2097" pin=21"/></net>

<net id="2154"><net_src comp="1785" pin="1"/><net_sink comp="2097" pin=22"/></net>

<net id="2155"><net_src comp="1782" pin="1"/><net_sink comp="2097" pin=23"/></net>

<net id="2156"><net_src comp="1779" pin="1"/><net_sink comp="2097" pin=24"/></net>

<net id="2157"><net_src comp="1776" pin="1"/><net_sink comp="2097" pin=25"/></net>

<net id="2158"><net_src comp="1773" pin="1"/><net_sink comp="2097" pin=26"/></net>

<net id="2159"><net_src comp="1770" pin="1"/><net_sink comp="2097" pin=27"/></net>

<net id="2160"><net_src comp="1767" pin="1"/><net_sink comp="2097" pin=28"/></net>

<net id="2161"><net_src comp="1764" pin="1"/><net_sink comp="2097" pin=29"/></net>

<net id="2162"><net_src comp="1761" pin="1"/><net_sink comp="2097" pin=30"/></net>

<net id="2163"><net_src comp="1758" pin="1"/><net_sink comp="2097" pin=31"/></net>

<net id="2164"><net_src comp="1755" pin="1"/><net_sink comp="2097" pin=32"/></net>

<net id="2200"><net_src comp="186" pin="0"/><net_sink comp="2165" pin=0"/></net>

<net id="2201"><net_src comp="1944" pin="1"/><net_sink comp="2165" pin=1"/></net>

<net id="2202"><net_src comp="1941" pin="1"/><net_sink comp="2165" pin=2"/></net>

<net id="2203"><net_src comp="1938" pin="1"/><net_sink comp="2165" pin=3"/></net>

<net id="2204"><net_src comp="1935" pin="1"/><net_sink comp="2165" pin=4"/></net>

<net id="2205"><net_src comp="1932" pin="1"/><net_sink comp="2165" pin=5"/></net>

<net id="2206"><net_src comp="1929" pin="1"/><net_sink comp="2165" pin=6"/></net>

<net id="2207"><net_src comp="1926" pin="1"/><net_sink comp="2165" pin=7"/></net>

<net id="2208"><net_src comp="1923" pin="1"/><net_sink comp="2165" pin=8"/></net>

<net id="2209"><net_src comp="1920" pin="1"/><net_sink comp="2165" pin=9"/></net>

<net id="2210"><net_src comp="1917" pin="1"/><net_sink comp="2165" pin=10"/></net>

<net id="2211"><net_src comp="1914" pin="1"/><net_sink comp="2165" pin=11"/></net>

<net id="2212"><net_src comp="1911" pin="1"/><net_sink comp="2165" pin=12"/></net>

<net id="2213"><net_src comp="1908" pin="1"/><net_sink comp="2165" pin=13"/></net>

<net id="2214"><net_src comp="1905" pin="1"/><net_sink comp="2165" pin=14"/></net>

<net id="2215"><net_src comp="1902" pin="1"/><net_sink comp="2165" pin=15"/></net>

<net id="2216"><net_src comp="1899" pin="1"/><net_sink comp="2165" pin=16"/></net>

<net id="2217"><net_src comp="1896" pin="1"/><net_sink comp="2165" pin=17"/></net>

<net id="2218"><net_src comp="1893" pin="1"/><net_sink comp="2165" pin=18"/></net>

<net id="2219"><net_src comp="1890" pin="1"/><net_sink comp="2165" pin=19"/></net>

<net id="2220"><net_src comp="1887" pin="1"/><net_sink comp="2165" pin=20"/></net>

<net id="2221"><net_src comp="1884" pin="1"/><net_sink comp="2165" pin=21"/></net>

<net id="2222"><net_src comp="1881" pin="1"/><net_sink comp="2165" pin=22"/></net>

<net id="2223"><net_src comp="1878" pin="1"/><net_sink comp="2165" pin=23"/></net>

<net id="2224"><net_src comp="1875" pin="1"/><net_sink comp="2165" pin=24"/></net>

<net id="2225"><net_src comp="1872" pin="1"/><net_sink comp="2165" pin=25"/></net>

<net id="2226"><net_src comp="1869" pin="1"/><net_sink comp="2165" pin=26"/></net>

<net id="2227"><net_src comp="1866" pin="1"/><net_sink comp="2165" pin=27"/></net>

<net id="2228"><net_src comp="1863" pin="1"/><net_sink comp="2165" pin=28"/></net>

<net id="2229"><net_src comp="1860" pin="1"/><net_sink comp="2165" pin=29"/></net>

<net id="2230"><net_src comp="1857" pin="1"/><net_sink comp="2165" pin=30"/></net>

<net id="2231"><net_src comp="1854" pin="1"/><net_sink comp="2165" pin=31"/></net>

<net id="2232"><net_src comp="1851" pin="1"/><net_sink comp="2165" pin=32"/></net>

<net id="2237"><net_src comp="2165" pin="33"/><net_sink comp="2233" pin=0"/></net>

<net id="2242"><net_src comp="2097" pin="33"/><net_sink comp="2238" pin=0"/></net>

<net id="2247"><net_src comp="2165" pin="33"/><net_sink comp="2243" pin=0"/></net>

<net id="2252"><net_src comp="2097" pin="33"/><net_sink comp="2248" pin=0"/></net>

<net id="2257"><net_src comp="2165" pin="33"/><net_sink comp="2253" pin=0"/></net>

<net id="2262"><net_src comp="2097" pin="33"/><net_sink comp="2258" pin=0"/></net>

<net id="2267"><net_src comp="2165" pin="33"/><net_sink comp="2263" pin=0"/></net>

<net id="2272"><net_src comp="2097" pin="33"/><net_sink comp="2268" pin=0"/></net>

<net id="2281"><net_src comp="2089" pin="3"/><net_sink comp="2277" pin=0"/></net>

<net id="2285"><net_src comp="192" pin="1"/><net_sink comp="2282" pin=0"/></net>

<net id="2286"><net_src comp="2282" pin="1"/><net_sink comp="1052" pin=1"/></net>

<net id="2287"><net_src comp="2282" pin="1"/><net_sink comp="744" pin=0"/></net>

<net id="2288"><net_src comp="2282" pin="1"/><net_sink comp="2277" pin=1"/></net>

<net id="2292"><net_src comp="196" pin="1"/><net_sink comp="2289" pin=0"/></net>

<net id="2293"><net_src comp="2289" pin="1"/><net_sink comp="1047" pin=1"/></net>

<net id="2294"><net_src comp="2289" pin="1"/><net_sink comp="1057" pin=0"/></net>

<net id="2295"><net_src comp="2289" pin="1"/><net_sink comp="2273" pin=1"/></net>

<net id="2299"><net_src comp="200" pin="1"/><net_sink comp="2296" pin=0"/></net>

<net id="2300"><net_src comp="2296" pin="1"/><net_sink comp="1088" pin=0"/></net>

<net id="2301"><net_src comp="2296" pin="1"/><net_sink comp="2258" pin=1"/></net>

<net id="2305"><net_src comp="204" pin="1"/><net_sink comp="2302" pin=0"/></net>

<net id="2306"><net_src comp="2302" pin="1"/><net_sink comp="1091" pin=0"/></net>

<net id="2307"><net_src comp="2302" pin="1"/><net_sink comp="2248" pin=1"/></net>

<net id="2311"><net_src comp="208" pin="1"/><net_sink comp="2308" pin=0"/></net>

<net id="2312"><net_src comp="2308" pin="1"/><net_sink comp="1094" pin=0"/></net>

<net id="2313"><net_src comp="2308" pin="1"/><net_sink comp="2238" pin=1"/></net>

<net id="2317"><net_src comp="212" pin="1"/><net_sink comp="2314" pin=0"/></net>

<net id="2318"><net_src comp="2314" pin="1"/><net_sink comp="1097" pin=0"/></net>

<net id="2319"><net_src comp="2314" pin="1"/><net_sink comp="2268" pin=1"/></net>

<net id="2323"><net_src comp="216" pin="1"/><net_sink comp="2320" pin=0"/></net>

<net id="2324"><net_src comp="2320" pin="1"/><net_sink comp="1100" pin=0"/></net>

<net id="2325"><net_src comp="2320" pin="1"/><net_sink comp="2253" pin=1"/></net>

<net id="2329"><net_src comp="220" pin="1"/><net_sink comp="2326" pin=0"/></net>

<net id="2330"><net_src comp="2326" pin="1"/><net_sink comp="1103" pin=0"/></net>

<net id="2331"><net_src comp="2326" pin="1"/><net_sink comp="2243" pin=1"/></net>

<net id="2335"><net_src comp="224" pin="1"/><net_sink comp="2332" pin=0"/></net>

<net id="2336"><net_src comp="2332" pin="1"/><net_sink comp="1106" pin=0"/></net>

<net id="2337"><net_src comp="2332" pin="1"/><net_sink comp="2233" pin=1"/></net>

<net id="2341"><net_src comp="228" pin="1"/><net_sink comp="2338" pin=0"/></net>

<net id="2342"><net_src comp="2338" pin="1"/><net_sink comp="1109" pin=0"/></net>

<net id="2343"><net_src comp="2338" pin="1"/><net_sink comp="2263" pin=1"/></net>

<net id="2347"><net_src comp="232" pin="1"/><net_sink comp="2344" pin=0"/></net>

<net id="2348"><net_src comp="2344" pin="1"/><net_sink comp="608" pin=132"/></net>

<net id="2349"><net_src comp="2344" pin="1"/><net_sink comp="1944" pin=0"/></net>

<net id="2353"><net_src comp="236" pin="1"/><net_sink comp="2350" pin=0"/></net>

<net id="2354"><net_src comp="2350" pin="1"/><net_sink comp="608" pin=131"/></net>

<net id="2355"><net_src comp="2350" pin="1"/><net_sink comp="1941" pin=0"/></net>

<net id="2359"><net_src comp="240" pin="1"/><net_sink comp="2356" pin=0"/></net>

<net id="2360"><net_src comp="2356" pin="1"/><net_sink comp="608" pin=130"/></net>

<net id="2361"><net_src comp="2356" pin="1"/><net_sink comp="1938" pin=0"/></net>

<net id="2365"><net_src comp="244" pin="1"/><net_sink comp="2362" pin=0"/></net>

<net id="2366"><net_src comp="2362" pin="1"/><net_sink comp="608" pin=129"/></net>

<net id="2367"><net_src comp="2362" pin="1"/><net_sink comp="1935" pin=0"/></net>

<net id="2371"><net_src comp="248" pin="1"/><net_sink comp="2368" pin=0"/></net>

<net id="2372"><net_src comp="2368" pin="1"/><net_sink comp="608" pin=128"/></net>

<net id="2373"><net_src comp="2368" pin="1"/><net_sink comp="1932" pin=0"/></net>

<net id="2377"><net_src comp="252" pin="1"/><net_sink comp="2374" pin=0"/></net>

<net id="2378"><net_src comp="2374" pin="1"/><net_sink comp="608" pin=127"/></net>

<net id="2379"><net_src comp="2374" pin="1"/><net_sink comp="1929" pin=0"/></net>

<net id="2383"><net_src comp="256" pin="1"/><net_sink comp="2380" pin=0"/></net>

<net id="2384"><net_src comp="2380" pin="1"/><net_sink comp="608" pin=126"/></net>

<net id="2385"><net_src comp="2380" pin="1"/><net_sink comp="1926" pin=0"/></net>

<net id="2389"><net_src comp="260" pin="1"/><net_sink comp="2386" pin=0"/></net>

<net id="2390"><net_src comp="2386" pin="1"/><net_sink comp="608" pin=125"/></net>

<net id="2391"><net_src comp="2386" pin="1"/><net_sink comp="1923" pin=0"/></net>

<net id="2395"><net_src comp="264" pin="1"/><net_sink comp="2392" pin=0"/></net>

<net id="2396"><net_src comp="2392" pin="1"/><net_sink comp="608" pin=124"/></net>

<net id="2397"><net_src comp="2392" pin="1"/><net_sink comp="1920" pin=0"/></net>

<net id="2401"><net_src comp="268" pin="1"/><net_sink comp="2398" pin=0"/></net>

<net id="2402"><net_src comp="2398" pin="1"/><net_sink comp="608" pin=123"/></net>

<net id="2403"><net_src comp="2398" pin="1"/><net_sink comp="1917" pin=0"/></net>

<net id="2407"><net_src comp="272" pin="1"/><net_sink comp="2404" pin=0"/></net>

<net id="2408"><net_src comp="2404" pin="1"/><net_sink comp="608" pin=122"/></net>

<net id="2409"><net_src comp="2404" pin="1"/><net_sink comp="1914" pin=0"/></net>

<net id="2413"><net_src comp="276" pin="1"/><net_sink comp="2410" pin=0"/></net>

<net id="2414"><net_src comp="2410" pin="1"/><net_sink comp="608" pin=121"/></net>

<net id="2415"><net_src comp="2410" pin="1"/><net_sink comp="1911" pin=0"/></net>

<net id="2419"><net_src comp="280" pin="1"/><net_sink comp="2416" pin=0"/></net>

<net id="2420"><net_src comp="2416" pin="1"/><net_sink comp="608" pin=120"/></net>

<net id="2421"><net_src comp="2416" pin="1"/><net_sink comp="1908" pin=0"/></net>

<net id="2425"><net_src comp="284" pin="1"/><net_sink comp="2422" pin=0"/></net>

<net id="2426"><net_src comp="2422" pin="1"/><net_sink comp="608" pin=119"/></net>

<net id="2427"><net_src comp="2422" pin="1"/><net_sink comp="1905" pin=0"/></net>

<net id="2431"><net_src comp="288" pin="1"/><net_sink comp="2428" pin=0"/></net>

<net id="2432"><net_src comp="2428" pin="1"/><net_sink comp="608" pin=118"/></net>

<net id="2433"><net_src comp="2428" pin="1"/><net_sink comp="1902" pin=0"/></net>

<net id="2437"><net_src comp="292" pin="1"/><net_sink comp="2434" pin=0"/></net>

<net id="2438"><net_src comp="2434" pin="1"/><net_sink comp="608" pin=117"/></net>

<net id="2439"><net_src comp="2434" pin="1"/><net_sink comp="1899" pin=0"/></net>

<net id="2443"><net_src comp="296" pin="1"/><net_sink comp="2440" pin=0"/></net>

<net id="2444"><net_src comp="2440" pin="1"/><net_sink comp="608" pin=116"/></net>

<net id="2445"><net_src comp="2440" pin="1"/><net_sink comp="1896" pin=0"/></net>

<net id="2449"><net_src comp="300" pin="1"/><net_sink comp="2446" pin=0"/></net>

<net id="2450"><net_src comp="2446" pin="1"/><net_sink comp="608" pin=115"/></net>

<net id="2451"><net_src comp="2446" pin="1"/><net_sink comp="1893" pin=0"/></net>

<net id="2455"><net_src comp="304" pin="1"/><net_sink comp="2452" pin=0"/></net>

<net id="2456"><net_src comp="2452" pin="1"/><net_sink comp="608" pin=114"/></net>

<net id="2457"><net_src comp="2452" pin="1"/><net_sink comp="1890" pin=0"/></net>

<net id="2461"><net_src comp="308" pin="1"/><net_sink comp="2458" pin=0"/></net>

<net id="2462"><net_src comp="2458" pin="1"/><net_sink comp="608" pin=113"/></net>

<net id="2463"><net_src comp="2458" pin="1"/><net_sink comp="1887" pin=0"/></net>

<net id="2467"><net_src comp="312" pin="1"/><net_sink comp="2464" pin=0"/></net>

<net id="2468"><net_src comp="2464" pin="1"/><net_sink comp="608" pin=112"/></net>

<net id="2469"><net_src comp="2464" pin="1"/><net_sink comp="1884" pin=0"/></net>

<net id="2473"><net_src comp="316" pin="1"/><net_sink comp="2470" pin=0"/></net>

<net id="2474"><net_src comp="2470" pin="1"/><net_sink comp="608" pin=111"/></net>

<net id="2475"><net_src comp="2470" pin="1"/><net_sink comp="1881" pin=0"/></net>

<net id="2479"><net_src comp="320" pin="1"/><net_sink comp="2476" pin=0"/></net>

<net id="2480"><net_src comp="2476" pin="1"/><net_sink comp="608" pin=110"/></net>

<net id="2481"><net_src comp="2476" pin="1"/><net_sink comp="1878" pin=0"/></net>

<net id="2485"><net_src comp="324" pin="1"/><net_sink comp="2482" pin=0"/></net>

<net id="2486"><net_src comp="2482" pin="1"/><net_sink comp="608" pin=109"/></net>

<net id="2487"><net_src comp="2482" pin="1"/><net_sink comp="1875" pin=0"/></net>

<net id="2491"><net_src comp="328" pin="1"/><net_sink comp="2488" pin=0"/></net>

<net id="2492"><net_src comp="2488" pin="1"/><net_sink comp="608" pin=108"/></net>

<net id="2493"><net_src comp="2488" pin="1"/><net_sink comp="1872" pin=0"/></net>

<net id="2497"><net_src comp="332" pin="1"/><net_sink comp="2494" pin=0"/></net>

<net id="2498"><net_src comp="2494" pin="1"/><net_sink comp="608" pin=107"/></net>

<net id="2499"><net_src comp="2494" pin="1"/><net_sink comp="1869" pin=0"/></net>

<net id="2503"><net_src comp="336" pin="1"/><net_sink comp="2500" pin=0"/></net>

<net id="2504"><net_src comp="2500" pin="1"/><net_sink comp="608" pin=106"/></net>

<net id="2505"><net_src comp="2500" pin="1"/><net_sink comp="1866" pin=0"/></net>

<net id="2509"><net_src comp="340" pin="1"/><net_sink comp="2506" pin=0"/></net>

<net id="2510"><net_src comp="2506" pin="1"/><net_sink comp="608" pin=105"/></net>

<net id="2511"><net_src comp="2506" pin="1"/><net_sink comp="1863" pin=0"/></net>

<net id="2515"><net_src comp="344" pin="1"/><net_sink comp="2512" pin=0"/></net>

<net id="2516"><net_src comp="2512" pin="1"/><net_sink comp="608" pin=104"/></net>

<net id="2517"><net_src comp="2512" pin="1"/><net_sink comp="1860" pin=0"/></net>

<net id="2521"><net_src comp="348" pin="1"/><net_sink comp="2518" pin=0"/></net>

<net id="2522"><net_src comp="2518" pin="1"/><net_sink comp="608" pin=103"/></net>

<net id="2523"><net_src comp="2518" pin="1"/><net_sink comp="1857" pin=0"/></net>

<net id="2527"><net_src comp="352" pin="1"/><net_sink comp="2524" pin=0"/></net>

<net id="2528"><net_src comp="2524" pin="1"/><net_sink comp="608" pin=102"/></net>

<net id="2529"><net_src comp="2524" pin="1"/><net_sink comp="1854" pin=0"/></net>

<net id="2533"><net_src comp="356" pin="1"/><net_sink comp="2530" pin=0"/></net>

<net id="2534"><net_src comp="2530" pin="1"/><net_sink comp="608" pin=101"/></net>

<net id="2535"><net_src comp="2530" pin="1"/><net_sink comp="1851" pin=0"/></net>

<net id="2539"><net_src comp="360" pin="1"/><net_sink comp="2536" pin=0"/></net>

<net id="2540"><net_src comp="2536" pin="1"/><net_sink comp="608" pin=100"/></net>

<net id="2541"><net_src comp="2536" pin="1"/><net_sink comp="1848" pin=0"/></net>

<net id="2545"><net_src comp="364" pin="1"/><net_sink comp="2542" pin=0"/></net>

<net id="2546"><net_src comp="2542" pin="1"/><net_sink comp="608" pin=99"/></net>

<net id="2547"><net_src comp="2542" pin="1"/><net_sink comp="1845" pin=0"/></net>

<net id="2551"><net_src comp="368" pin="1"/><net_sink comp="2548" pin=0"/></net>

<net id="2552"><net_src comp="2548" pin="1"/><net_sink comp="608" pin=98"/></net>

<net id="2553"><net_src comp="2548" pin="1"/><net_sink comp="1842" pin=0"/></net>

<net id="2557"><net_src comp="372" pin="1"/><net_sink comp="2554" pin=0"/></net>

<net id="2558"><net_src comp="2554" pin="1"/><net_sink comp="608" pin=97"/></net>

<net id="2559"><net_src comp="2554" pin="1"/><net_sink comp="1839" pin=0"/></net>

<net id="2563"><net_src comp="376" pin="1"/><net_sink comp="2560" pin=0"/></net>

<net id="2564"><net_src comp="2560" pin="1"/><net_sink comp="608" pin=96"/></net>

<net id="2565"><net_src comp="2560" pin="1"/><net_sink comp="1836" pin=0"/></net>

<net id="2569"><net_src comp="380" pin="1"/><net_sink comp="2566" pin=0"/></net>

<net id="2570"><net_src comp="2566" pin="1"/><net_sink comp="608" pin=95"/></net>

<net id="2571"><net_src comp="2566" pin="1"/><net_sink comp="1833" pin=0"/></net>

<net id="2575"><net_src comp="384" pin="1"/><net_sink comp="2572" pin=0"/></net>

<net id="2576"><net_src comp="2572" pin="1"/><net_sink comp="608" pin=94"/></net>

<net id="2577"><net_src comp="2572" pin="1"/><net_sink comp="1830" pin=0"/></net>

<net id="2581"><net_src comp="388" pin="1"/><net_sink comp="2578" pin=0"/></net>

<net id="2582"><net_src comp="2578" pin="1"/><net_sink comp="608" pin=93"/></net>

<net id="2583"><net_src comp="2578" pin="1"/><net_sink comp="1827" pin=0"/></net>

<net id="2587"><net_src comp="392" pin="1"/><net_sink comp="2584" pin=0"/></net>

<net id="2588"><net_src comp="2584" pin="1"/><net_sink comp="608" pin=92"/></net>

<net id="2589"><net_src comp="2584" pin="1"/><net_sink comp="1824" pin=0"/></net>

<net id="2593"><net_src comp="396" pin="1"/><net_sink comp="2590" pin=0"/></net>

<net id="2594"><net_src comp="2590" pin="1"/><net_sink comp="608" pin=91"/></net>

<net id="2595"><net_src comp="2590" pin="1"/><net_sink comp="1821" pin=0"/></net>

<net id="2599"><net_src comp="400" pin="1"/><net_sink comp="2596" pin=0"/></net>

<net id="2600"><net_src comp="2596" pin="1"/><net_sink comp="608" pin=90"/></net>

<net id="2601"><net_src comp="2596" pin="1"/><net_sink comp="1818" pin=0"/></net>

<net id="2605"><net_src comp="404" pin="1"/><net_sink comp="2602" pin=0"/></net>

<net id="2606"><net_src comp="2602" pin="1"/><net_sink comp="608" pin=89"/></net>

<net id="2607"><net_src comp="2602" pin="1"/><net_sink comp="1815" pin=0"/></net>

<net id="2611"><net_src comp="408" pin="1"/><net_sink comp="2608" pin=0"/></net>

<net id="2612"><net_src comp="2608" pin="1"/><net_sink comp="608" pin=88"/></net>

<net id="2613"><net_src comp="2608" pin="1"/><net_sink comp="1812" pin=0"/></net>

<net id="2617"><net_src comp="412" pin="1"/><net_sink comp="2614" pin=0"/></net>

<net id="2618"><net_src comp="2614" pin="1"/><net_sink comp="608" pin=87"/></net>

<net id="2619"><net_src comp="2614" pin="1"/><net_sink comp="1809" pin=0"/></net>

<net id="2623"><net_src comp="416" pin="1"/><net_sink comp="2620" pin=0"/></net>

<net id="2624"><net_src comp="2620" pin="1"/><net_sink comp="608" pin=86"/></net>

<net id="2625"><net_src comp="2620" pin="1"/><net_sink comp="1806" pin=0"/></net>

<net id="2629"><net_src comp="420" pin="1"/><net_sink comp="2626" pin=0"/></net>

<net id="2630"><net_src comp="2626" pin="1"/><net_sink comp="608" pin=85"/></net>

<net id="2631"><net_src comp="2626" pin="1"/><net_sink comp="1803" pin=0"/></net>

<net id="2635"><net_src comp="424" pin="1"/><net_sink comp="2632" pin=0"/></net>

<net id="2636"><net_src comp="2632" pin="1"/><net_sink comp="608" pin=84"/></net>

<net id="2637"><net_src comp="2632" pin="1"/><net_sink comp="1800" pin=0"/></net>

<net id="2641"><net_src comp="428" pin="1"/><net_sink comp="2638" pin=0"/></net>

<net id="2642"><net_src comp="2638" pin="1"/><net_sink comp="608" pin=83"/></net>

<net id="2643"><net_src comp="2638" pin="1"/><net_sink comp="1797" pin=0"/></net>

<net id="2647"><net_src comp="432" pin="1"/><net_sink comp="2644" pin=0"/></net>

<net id="2648"><net_src comp="2644" pin="1"/><net_sink comp="608" pin=82"/></net>

<net id="2649"><net_src comp="2644" pin="1"/><net_sink comp="1794" pin=0"/></net>

<net id="2653"><net_src comp="436" pin="1"/><net_sink comp="2650" pin=0"/></net>

<net id="2654"><net_src comp="2650" pin="1"/><net_sink comp="608" pin=81"/></net>

<net id="2655"><net_src comp="2650" pin="1"/><net_sink comp="1791" pin=0"/></net>

<net id="2659"><net_src comp="440" pin="1"/><net_sink comp="2656" pin=0"/></net>

<net id="2660"><net_src comp="2656" pin="1"/><net_sink comp="608" pin=80"/></net>

<net id="2661"><net_src comp="2656" pin="1"/><net_sink comp="1788" pin=0"/></net>

<net id="2665"><net_src comp="444" pin="1"/><net_sink comp="2662" pin=0"/></net>

<net id="2666"><net_src comp="2662" pin="1"/><net_sink comp="608" pin=79"/></net>

<net id="2667"><net_src comp="2662" pin="1"/><net_sink comp="1785" pin=0"/></net>

<net id="2671"><net_src comp="448" pin="1"/><net_sink comp="2668" pin=0"/></net>

<net id="2672"><net_src comp="2668" pin="1"/><net_sink comp="608" pin=78"/></net>

<net id="2673"><net_src comp="2668" pin="1"/><net_sink comp="1782" pin=0"/></net>

<net id="2677"><net_src comp="452" pin="1"/><net_sink comp="2674" pin=0"/></net>

<net id="2678"><net_src comp="2674" pin="1"/><net_sink comp="608" pin=77"/></net>

<net id="2679"><net_src comp="2674" pin="1"/><net_sink comp="1779" pin=0"/></net>

<net id="2683"><net_src comp="456" pin="1"/><net_sink comp="2680" pin=0"/></net>

<net id="2684"><net_src comp="2680" pin="1"/><net_sink comp="608" pin=76"/></net>

<net id="2685"><net_src comp="2680" pin="1"/><net_sink comp="1776" pin=0"/></net>

<net id="2689"><net_src comp="460" pin="1"/><net_sink comp="2686" pin=0"/></net>

<net id="2690"><net_src comp="2686" pin="1"/><net_sink comp="608" pin=75"/></net>

<net id="2691"><net_src comp="2686" pin="1"/><net_sink comp="1773" pin=0"/></net>

<net id="2695"><net_src comp="464" pin="1"/><net_sink comp="2692" pin=0"/></net>

<net id="2696"><net_src comp="2692" pin="1"/><net_sink comp="608" pin=74"/></net>

<net id="2697"><net_src comp="2692" pin="1"/><net_sink comp="1770" pin=0"/></net>

<net id="2701"><net_src comp="468" pin="1"/><net_sink comp="2698" pin=0"/></net>

<net id="2702"><net_src comp="2698" pin="1"/><net_sink comp="608" pin=73"/></net>

<net id="2703"><net_src comp="2698" pin="1"/><net_sink comp="1767" pin=0"/></net>

<net id="2707"><net_src comp="472" pin="1"/><net_sink comp="2704" pin=0"/></net>

<net id="2708"><net_src comp="2704" pin="1"/><net_sink comp="608" pin=72"/></net>

<net id="2709"><net_src comp="2704" pin="1"/><net_sink comp="1764" pin=0"/></net>

<net id="2713"><net_src comp="476" pin="1"/><net_sink comp="2710" pin=0"/></net>

<net id="2714"><net_src comp="2710" pin="1"/><net_sink comp="608" pin=71"/></net>

<net id="2715"><net_src comp="2710" pin="1"/><net_sink comp="1761" pin=0"/></net>

<net id="2719"><net_src comp="480" pin="1"/><net_sink comp="2716" pin=0"/></net>

<net id="2720"><net_src comp="2716" pin="1"/><net_sink comp="608" pin=70"/></net>

<net id="2721"><net_src comp="2716" pin="1"/><net_sink comp="1758" pin=0"/></net>

<net id="2725"><net_src comp="484" pin="1"/><net_sink comp="2722" pin=0"/></net>

<net id="2726"><net_src comp="2722" pin="1"/><net_sink comp="608" pin=69"/></net>

<net id="2727"><net_src comp="2722" pin="1"/><net_sink comp="1755" pin=0"/></net>

<net id="2731"><net_src comp="488" pin="1"/><net_sink comp="2728" pin=0"/></net>

<net id="2732"><net_src comp="2728" pin="1"/><net_sink comp="538" pin=66"/></net>

<net id="2733"><net_src comp="2728" pin="1"/><net_sink comp="1208" pin=0"/></net>

<net id="2737"><net_src comp="492" pin="1"/><net_sink comp="2734" pin=0"/></net>

<net id="2738"><net_src comp="2734" pin="1"/><net_sink comp="538" pin=65"/></net>

<net id="2739"><net_src comp="2734" pin="1"/><net_sink comp="1201" pin=0"/></net>

<net id="2746"><net_src comp="1066" pin="2"/><net_sink comp="2743" pin=0"/></net>

<net id="2747"><net_src comp="2743" pin="1"/><net_sink comp="2273" pin=0"/></net>

<net id="2751"><net_src comp="1072" pin="1"/><net_sink comp="2748" pin=0"/></net>

<net id="2752"><net_src comp="2748" pin="1"/><net_sink comp="1947" pin=1"/></net>

<net id="2753"><net_src comp="2748" pin="1"/><net_sink comp="1947" pin=2"/></net>

<net id="2757"><net_src comp="1076" pin="2"/><net_sink comp="2754" pin=0"/></net>

<net id="2758"><net_src comp="2754" pin="1"/><net_sink comp="1174" pin=0"/></net>

<net id="2762"><net_src comp="496" pin="3"/><net_sink comp="2759" pin=0"/></net>

<net id="2763"><net_src comp="2759" pin="1"/><net_sink comp="503" pin=0"/></net>

<net id="2767"><net_src comp="509" pin="3"/><net_sink comp="2764" pin=0"/></net>

<net id="2768"><net_src comp="2764" pin="1"/><net_sink comp="516" pin=0"/></net>

<net id="2772"><net_src comp="522" pin="3"/><net_sink comp="2769" pin=0"/></net>

<net id="2773"><net_src comp="2769" pin="1"/><net_sink comp="503" pin=0"/></net>

<net id="2777"><net_src comp="530" pin="3"/><net_sink comp="2774" pin=0"/></net>

<net id="2778"><net_src comp="2774" pin="1"/><net_sink comp="516" pin=0"/></net>

<net id="2782"><net_src comp="1185" pin="1"/><net_sink comp="2779" pin=0"/></net>

<net id="2783"><net_src comp="2779" pin="1"/><net_sink comp="538" pin=1"/></net>

<net id="2784"><net_src comp="2779" pin="1"/><net_sink comp="608" pin=61"/></net>

<net id="2788"><net_src comp="1189" pin="1"/><net_sink comp="2785" pin=0"/></net>

<net id="2789"><net_src comp="2785" pin="1"/><net_sink comp="538" pin=33"/></net>

<net id="2790"><net_src comp="2785" pin="1"/><net_sink comp="608" pin=53"/></net>

<net id="2794"><net_src comp="747" pin="4"/><net_sink comp="2791" pin=0"/></net>

<net id="2795"><net_src comp="2791" pin="1"/><net_sink comp="538" pin=9"/></net>

<net id="2796"><net_src comp="2791" pin="1"/><net_sink comp="608" pin=45"/></net>

<net id="2800"><net_src comp="757" pin="4"/><net_sink comp="2797" pin=0"/></net>

<net id="2801"><net_src comp="2797" pin="1"/><net_sink comp="538" pin=41"/></net>

<net id="2802"><net_src comp="2797" pin="1"/><net_sink comp="608" pin=37"/></net>

<net id="2806"><net_src comp="767" pin="4"/><net_sink comp="2803" pin=0"/></net>

<net id="2807"><net_src comp="2803" pin="1"/><net_sink comp="538" pin=17"/></net>

<net id="2808"><net_src comp="2803" pin="1"/><net_sink comp="608" pin=29"/></net>

<net id="2812"><net_src comp="777" pin="4"/><net_sink comp="2809" pin=0"/></net>

<net id="2813"><net_src comp="2809" pin="1"/><net_sink comp="538" pin=49"/></net>

<net id="2814"><net_src comp="2809" pin="1"/><net_sink comp="608" pin=21"/></net>

<net id="2818"><net_src comp="787" pin="4"/><net_sink comp="2815" pin=0"/></net>

<net id="2819"><net_src comp="2815" pin="1"/><net_sink comp="538" pin=25"/></net>

<net id="2820"><net_src comp="2815" pin="1"/><net_sink comp="608" pin=11"/></net>

<net id="2824"><net_src comp="797" pin="4"/><net_sink comp="2821" pin=0"/></net>

<net id="2825"><net_src comp="2821" pin="1"/><net_sink comp="538" pin=57"/></net>

<net id="2826"><net_src comp="2821" pin="1"/><net_sink comp="608" pin=1"/></net>

<net id="2830"><net_src comp="807" pin="4"/><net_sink comp="2827" pin=0"/></net>

<net id="2831"><net_src comp="2827" pin="1"/><net_sink comp="538" pin=2"/></net>

<net id="2832"><net_src comp="2827" pin="1"/><net_sink comp="608" pin=62"/></net>

<net id="2836"><net_src comp="817" pin="4"/><net_sink comp="2833" pin=0"/></net>

<net id="2837"><net_src comp="2833" pin="1"/><net_sink comp="538" pin=34"/></net>

<net id="2838"><net_src comp="2833" pin="1"/><net_sink comp="608" pin=54"/></net>

<net id="2842"><net_src comp="827" pin="4"/><net_sink comp="2839" pin=0"/></net>

<net id="2843"><net_src comp="2839" pin="1"/><net_sink comp="538" pin=10"/></net>

<net id="2844"><net_src comp="2839" pin="1"/><net_sink comp="608" pin=46"/></net>

<net id="2848"><net_src comp="837" pin="4"/><net_sink comp="2845" pin=0"/></net>

<net id="2849"><net_src comp="2845" pin="1"/><net_sink comp="538" pin=42"/></net>

<net id="2850"><net_src comp="2845" pin="1"/><net_sink comp="608" pin=38"/></net>

<net id="2854"><net_src comp="847" pin="4"/><net_sink comp="2851" pin=0"/></net>

<net id="2855"><net_src comp="2851" pin="1"/><net_sink comp="538" pin=18"/></net>

<net id="2856"><net_src comp="2851" pin="1"/><net_sink comp="608" pin=30"/></net>

<net id="2860"><net_src comp="857" pin="4"/><net_sink comp="2857" pin=0"/></net>

<net id="2861"><net_src comp="2857" pin="1"/><net_sink comp="538" pin=50"/></net>

<net id="2862"><net_src comp="2857" pin="1"/><net_sink comp="608" pin=22"/></net>

<net id="2866"><net_src comp="867" pin="4"/><net_sink comp="2863" pin=0"/></net>

<net id="2867"><net_src comp="2863" pin="1"/><net_sink comp="538" pin=26"/></net>

<net id="2868"><net_src comp="2863" pin="1"/><net_sink comp="608" pin=12"/></net>

<net id="2872"><net_src comp="877" pin="4"/><net_sink comp="2869" pin=0"/></net>

<net id="2873"><net_src comp="2869" pin="1"/><net_sink comp="538" pin=58"/></net>

<net id="2874"><net_src comp="2869" pin="1"/><net_sink comp="608" pin=2"/></net>

<net id="2878"><net_src comp="887" pin="4"/><net_sink comp="2875" pin=0"/></net>

<net id="2879"><net_src comp="2875" pin="1"/><net_sink comp="538" pin=3"/></net>

<net id="2880"><net_src comp="2875" pin="1"/><net_sink comp="608" pin=63"/></net>

<net id="2884"><net_src comp="897" pin="4"/><net_sink comp="2881" pin=0"/></net>

<net id="2885"><net_src comp="2881" pin="1"/><net_sink comp="538" pin=35"/></net>

<net id="2886"><net_src comp="2881" pin="1"/><net_sink comp="608" pin=55"/></net>

<net id="2890"><net_src comp="907" pin="4"/><net_sink comp="2887" pin=0"/></net>

<net id="2891"><net_src comp="2887" pin="1"/><net_sink comp="538" pin=11"/></net>

<net id="2892"><net_src comp="2887" pin="1"/><net_sink comp="608" pin=47"/></net>

<net id="2896"><net_src comp="917" pin="4"/><net_sink comp="2893" pin=0"/></net>

<net id="2897"><net_src comp="2893" pin="1"/><net_sink comp="538" pin=43"/></net>

<net id="2898"><net_src comp="2893" pin="1"/><net_sink comp="608" pin=39"/></net>

<net id="2902"><net_src comp="927" pin="4"/><net_sink comp="2899" pin=0"/></net>

<net id="2903"><net_src comp="2899" pin="1"/><net_sink comp="538" pin=19"/></net>

<net id="2904"><net_src comp="2899" pin="1"/><net_sink comp="608" pin=31"/></net>

<net id="2908"><net_src comp="937" pin="4"/><net_sink comp="2905" pin=0"/></net>

<net id="2909"><net_src comp="2905" pin="1"/><net_sink comp="538" pin=51"/></net>

<net id="2910"><net_src comp="2905" pin="1"/><net_sink comp="608" pin=23"/></net>

<net id="2914"><net_src comp="947" pin="4"/><net_sink comp="2911" pin=0"/></net>

<net id="2915"><net_src comp="2911" pin="1"/><net_sink comp="538" pin=27"/></net>

<net id="2916"><net_src comp="2911" pin="1"/><net_sink comp="608" pin=13"/></net>

<net id="2920"><net_src comp="957" pin="4"/><net_sink comp="2917" pin=0"/></net>

<net id="2921"><net_src comp="2917" pin="1"/><net_sink comp="538" pin=59"/></net>

<net id="2922"><net_src comp="2917" pin="1"/><net_sink comp="608" pin=3"/></net>

<net id="2926"><net_src comp="967" pin="4"/><net_sink comp="2923" pin=0"/></net>

<net id="2927"><net_src comp="2923" pin="1"/><net_sink comp="538" pin=4"/></net>

<net id="2928"><net_src comp="2923" pin="1"/><net_sink comp="608" pin=64"/></net>

<net id="2932"><net_src comp="977" pin="4"/><net_sink comp="2929" pin=0"/></net>

<net id="2933"><net_src comp="2929" pin="1"/><net_sink comp="538" pin=36"/></net>

<net id="2934"><net_src comp="2929" pin="1"/><net_sink comp="608" pin=56"/></net>

<net id="2938"><net_src comp="987" pin="4"/><net_sink comp="2935" pin=0"/></net>

<net id="2939"><net_src comp="2935" pin="1"/><net_sink comp="538" pin=12"/></net>

<net id="2940"><net_src comp="2935" pin="1"/><net_sink comp="608" pin=48"/></net>

<net id="2944"><net_src comp="997" pin="4"/><net_sink comp="2941" pin=0"/></net>

<net id="2945"><net_src comp="2941" pin="1"/><net_sink comp="538" pin=44"/></net>

<net id="2946"><net_src comp="2941" pin="1"/><net_sink comp="608" pin=40"/></net>

<net id="2950"><net_src comp="1007" pin="4"/><net_sink comp="2947" pin=0"/></net>

<net id="2951"><net_src comp="2947" pin="1"/><net_sink comp="538" pin=20"/></net>

<net id="2952"><net_src comp="2947" pin="1"/><net_sink comp="608" pin=32"/></net>

<net id="2956"><net_src comp="1017" pin="4"/><net_sink comp="2953" pin=0"/></net>

<net id="2957"><net_src comp="2953" pin="1"/><net_sink comp="538" pin=52"/></net>

<net id="2958"><net_src comp="2953" pin="1"/><net_sink comp="608" pin=24"/></net>

<net id="2962"><net_src comp="1027" pin="4"/><net_sink comp="2959" pin=0"/></net>

<net id="2963"><net_src comp="2959" pin="1"/><net_sink comp="538" pin=28"/></net>

<net id="2964"><net_src comp="2959" pin="1"/><net_sink comp="608" pin=14"/></net>

<net id="2968"><net_src comp="1037" pin="4"/><net_sink comp="2965" pin=0"/></net>

<net id="2969"><net_src comp="2965" pin="1"/><net_sink comp="538" pin=60"/></net>

<net id="2970"><net_src comp="2965" pin="1"/><net_sink comp="608" pin=4"/></net>

<net id="2974"><net_src comp="1193" pin="1"/><net_sink comp="2971" pin=0"/></net>

<net id="2975"><net_src comp="2971" pin="1"/><net_sink comp="538" pin=5"/></net>

<net id="2976"><net_src comp="2971" pin="1"/><net_sink comp="608" pin=65"/></net>

<net id="2980"><net_src comp="1197" pin="1"/><net_sink comp="2977" pin=0"/></net>

<net id="2981"><net_src comp="2977" pin="1"/><net_sink comp="538" pin=37"/></net>

<net id="2982"><net_src comp="2977" pin="1"/><net_sink comp="608" pin=57"/></net>

<net id="2986"><net_src comp="747" pin="4"/><net_sink comp="2983" pin=0"/></net>

<net id="2987"><net_src comp="2983" pin="1"/><net_sink comp="538" pin=13"/></net>

<net id="2988"><net_src comp="2983" pin="1"/><net_sink comp="608" pin=49"/></net>

<net id="2992"><net_src comp="757" pin="4"/><net_sink comp="2989" pin=0"/></net>

<net id="2993"><net_src comp="2989" pin="1"/><net_sink comp="538" pin=45"/></net>

<net id="2994"><net_src comp="2989" pin="1"/><net_sink comp="608" pin=41"/></net>

<net id="2998"><net_src comp="767" pin="4"/><net_sink comp="2995" pin=0"/></net>

<net id="2999"><net_src comp="2995" pin="1"/><net_sink comp="538" pin=21"/></net>

<net id="3000"><net_src comp="2995" pin="1"/><net_sink comp="608" pin=33"/></net>

<net id="3004"><net_src comp="777" pin="4"/><net_sink comp="3001" pin=0"/></net>

<net id="3005"><net_src comp="3001" pin="1"/><net_sink comp="538" pin=53"/></net>

<net id="3006"><net_src comp="3001" pin="1"/><net_sink comp="608" pin=25"/></net>

<net id="3010"><net_src comp="787" pin="4"/><net_sink comp="3007" pin=0"/></net>

<net id="3011"><net_src comp="3007" pin="1"/><net_sink comp="538" pin=29"/></net>

<net id="3012"><net_src comp="3007" pin="1"/><net_sink comp="608" pin=15"/></net>

<net id="3016"><net_src comp="797" pin="4"/><net_sink comp="3013" pin=0"/></net>

<net id="3017"><net_src comp="3013" pin="1"/><net_sink comp="538" pin=61"/></net>

<net id="3018"><net_src comp="3013" pin="1"/><net_sink comp="608" pin=5"/></net>

<net id="3022"><net_src comp="807" pin="4"/><net_sink comp="3019" pin=0"/></net>

<net id="3023"><net_src comp="3019" pin="1"/><net_sink comp="538" pin=6"/></net>

<net id="3024"><net_src comp="3019" pin="1"/><net_sink comp="608" pin=66"/></net>

<net id="3028"><net_src comp="817" pin="4"/><net_sink comp="3025" pin=0"/></net>

<net id="3029"><net_src comp="3025" pin="1"/><net_sink comp="538" pin=38"/></net>

<net id="3030"><net_src comp="3025" pin="1"/><net_sink comp="608" pin=58"/></net>

<net id="3034"><net_src comp="827" pin="4"/><net_sink comp="3031" pin=0"/></net>

<net id="3035"><net_src comp="3031" pin="1"/><net_sink comp="538" pin=14"/></net>

<net id="3036"><net_src comp="3031" pin="1"/><net_sink comp="608" pin=50"/></net>

<net id="3040"><net_src comp="837" pin="4"/><net_sink comp="3037" pin=0"/></net>

<net id="3041"><net_src comp="3037" pin="1"/><net_sink comp="538" pin=46"/></net>

<net id="3042"><net_src comp="3037" pin="1"/><net_sink comp="608" pin=42"/></net>

<net id="3046"><net_src comp="847" pin="4"/><net_sink comp="3043" pin=0"/></net>

<net id="3047"><net_src comp="3043" pin="1"/><net_sink comp="538" pin=22"/></net>

<net id="3048"><net_src comp="3043" pin="1"/><net_sink comp="608" pin=34"/></net>

<net id="3052"><net_src comp="857" pin="4"/><net_sink comp="3049" pin=0"/></net>

<net id="3053"><net_src comp="3049" pin="1"/><net_sink comp="538" pin=54"/></net>

<net id="3054"><net_src comp="3049" pin="1"/><net_sink comp="608" pin=26"/></net>

<net id="3058"><net_src comp="867" pin="4"/><net_sink comp="3055" pin=0"/></net>

<net id="3059"><net_src comp="3055" pin="1"/><net_sink comp="538" pin=30"/></net>

<net id="3060"><net_src comp="3055" pin="1"/><net_sink comp="608" pin=16"/></net>

<net id="3064"><net_src comp="877" pin="4"/><net_sink comp="3061" pin=0"/></net>

<net id="3065"><net_src comp="3061" pin="1"/><net_sink comp="538" pin=62"/></net>

<net id="3066"><net_src comp="3061" pin="1"/><net_sink comp="608" pin=6"/></net>

<net id="3070"><net_src comp="887" pin="4"/><net_sink comp="3067" pin=0"/></net>

<net id="3071"><net_src comp="3067" pin="1"/><net_sink comp="538" pin=7"/></net>

<net id="3072"><net_src comp="3067" pin="1"/><net_sink comp="608" pin=67"/></net>

<net id="3076"><net_src comp="897" pin="4"/><net_sink comp="3073" pin=0"/></net>

<net id="3077"><net_src comp="3073" pin="1"/><net_sink comp="538" pin=39"/></net>

<net id="3078"><net_src comp="3073" pin="1"/><net_sink comp="608" pin=59"/></net>

<net id="3082"><net_src comp="907" pin="4"/><net_sink comp="3079" pin=0"/></net>

<net id="3083"><net_src comp="3079" pin="1"/><net_sink comp="538" pin=15"/></net>

<net id="3084"><net_src comp="3079" pin="1"/><net_sink comp="608" pin=51"/></net>

<net id="3088"><net_src comp="917" pin="4"/><net_sink comp="3085" pin=0"/></net>

<net id="3089"><net_src comp="3085" pin="1"/><net_sink comp="538" pin=47"/></net>

<net id="3090"><net_src comp="3085" pin="1"/><net_sink comp="608" pin=43"/></net>

<net id="3094"><net_src comp="927" pin="4"/><net_sink comp="3091" pin=0"/></net>

<net id="3095"><net_src comp="3091" pin="1"/><net_sink comp="538" pin=23"/></net>

<net id="3096"><net_src comp="3091" pin="1"/><net_sink comp="608" pin=35"/></net>

<net id="3100"><net_src comp="937" pin="4"/><net_sink comp="3097" pin=0"/></net>

<net id="3101"><net_src comp="3097" pin="1"/><net_sink comp="538" pin=55"/></net>

<net id="3102"><net_src comp="3097" pin="1"/><net_sink comp="608" pin=27"/></net>

<net id="3106"><net_src comp="947" pin="4"/><net_sink comp="3103" pin=0"/></net>

<net id="3107"><net_src comp="3103" pin="1"/><net_sink comp="538" pin=31"/></net>

<net id="3108"><net_src comp="3103" pin="1"/><net_sink comp="608" pin=17"/></net>

<net id="3112"><net_src comp="957" pin="4"/><net_sink comp="3109" pin=0"/></net>

<net id="3113"><net_src comp="3109" pin="1"/><net_sink comp="538" pin=63"/></net>

<net id="3114"><net_src comp="3109" pin="1"/><net_sink comp="608" pin=7"/></net>

<net id="3118"><net_src comp="967" pin="4"/><net_sink comp="3115" pin=0"/></net>

<net id="3119"><net_src comp="3115" pin="1"/><net_sink comp="538" pin=8"/></net>

<net id="3120"><net_src comp="3115" pin="1"/><net_sink comp="608" pin=68"/></net>

<net id="3124"><net_src comp="977" pin="4"/><net_sink comp="3121" pin=0"/></net>

<net id="3125"><net_src comp="3121" pin="1"/><net_sink comp="538" pin=40"/></net>

<net id="3126"><net_src comp="3121" pin="1"/><net_sink comp="608" pin=60"/></net>

<net id="3130"><net_src comp="987" pin="4"/><net_sink comp="3127" pin=0"/></net>

<net id="3131"><net_src comp="3127" pin="1"/><net_sink comp="538" pin=16"/></net>

<net id="3132"><net_src comp="3127" pin="1"/><net_sink comp="608" pin=52"/></net>

<net id="3136"><net_src comp="997" pin="4"/><net_sink comp="3133" pin=0"/></net>

<net id="3137"><net_src comp="3133" pin="1"/><net_sink comp="538" pin=48"/></net>

<net id="3138"><net_src comp="3133" pin="1"/><net_sink comp="608" pin=44"/></net>

<net id="3142"><net_src comp="1007" pin="4"/><net_sink comp="3139" pin=0"/></net>

<net id="3143"><net_src comp="3139" pin="1"/><net_sink comp="538" pin=24"/></net>

<net id="3144"><net_src comp="3139" pin="1"/><net_sink comp="608" pin=36"/></net>

<net id="3148"><net_src comp="1017" pin="4"/><net_sink comp="3145" pin=0"/></net>

<net id="3149"><net_src comp="3145" pin="1"/><net_sink comp="538" pin=56"/></net>

<net id="3150"><net_src comp="3145" pin="1"/><net_sink comp="608" pin=28"/></net>

<net id="3154"><net_src comp="1027" pin="4"/><net_sink comp="3151" pin=0"/></net>

<net id="3155"><net_src comp="3151" pin="1"/><net_sink comp="538" pin=32"/></net>

<net id="3156"><net_src comp="3151" pin="1"/><net_sink comp="608" pin=18"/></net>

<net id="3160"><net_src comp="1037" pin="4"/><net_sink comp="3157" pin=0"/></net>

<net id="3161"><net_src comp="3157" pin="1"/><net_sink comp="538" pin=64"/></net>

<net id="3162"><net_src comp="3157" pin="1"/><net_sink comp="608" pin=8"/></net>

<net id="3166"><net_src comp="1225" pin="2"/><net_sink comp="3163" pin=0"/></net>

<net id="3167"><net_src comp="3163" pin="1"/><net_sink comp="1359" pin=0"/></net>

<net id="3168"><net_src comp="3163" pin="1"/><net_sink comp="1366" pin=0"/></net>

<net id="3172"><net_src comp="1253" pin="2"/><net_sink comp="3169" pin=0"/></net>

<net id="3173"><net_src comp="3169" pin="1"/><net_sink comp="1373" pin=0"/></net>

<net id="3177"><net_src comp="1267" pin="1"/><net_sink comp="3174" pin=0"/></net>

<net id="3178"><net_src comp="3174" pin="1"/><net_sink comp="1399" pin=2"/></net>

<net id="3182"><net_src comp="1271" pin="4"/><net_sink comp="3179" pin=0"/></net>

<net id="3183"><net_src comp="3179" pin="1"/><net_sink comp="1380" pin=0"/></net>

<net id="3184"><net_src comp="3179" pin="1"/><net_sink comp="1399" pin=1"/></net>

<net id="3188"><net_src comp="1281" pin="2"/><net_sink comp="3185" pin=0"/></net>

<net id="3189"><net_src comp="3185" pin="1"/><net_sink comp="1592" pin=1"/></net>

<net id="3193"><net_src comp="1297" pin="2"/><net_sink comp="3190" pin=0"/></net>

<net id="3194"><net_src comp="3190" pin="1"/><net_sink comp="1473" pin=0"/></net>

<net id="3195"><net_src comp="3190" pin="1"/><net_sink comp="1480" pin=0"/></net>

<net id="3199"><net_src comp="1325" pin="2"/><net_sink comp="3196" pin=0"/></net>

<net id="3200"><net_src comp="3196" pin="1"/><net_sink comp="1487" pin=0"/></net>

<net id="3204"><net_src comp="1339" pin="1"/><net_sink comp="3201" pin=0"/></net>

<net id="3205"><net_src comp="3201" pin="1"/><net_sink comp="1505" pin=2"/></net>

<net id="3209"><net_src comp="1343" pin="4"/><net_sink comp="3206" pin=0"/></net>

<net id="3210"><net_src comp="3206" pin="1"/><net_sink comp="1494" pin=0"/></net>

<net id="3211"><net_src comp="3206" pin="1"/><net_sink comp="1505" pin=1"/></net>

<net id="3215"><net_src comp="1353" pin="2"/><net_sink comp="3212" pin=0"/></net>

<net id="3216"><net_src comp="3212" pin="1"/><net_sink comp="1615" pin=1"/></net>

<net id="3220"><net_src comp="1465" pin="3"/><net_sink comp="3217" pin=0"/></net>

<net id="3221"><net_src comp="3217" pin="1"/><net_sink comp="1587" pin=0"/></net>

<net id="3222"><net_src comp="3217" pin="1"/><net_sink comp="1597" pin=0"/></net>

<net id="3226"><net_src comp="1579" pin="3"/><net_sink comp="3223" pin=0"/></net>

<net id="3227"><net_src comp="3223" pin="1"/><net_sink comp="1610" pin=0"/></net>

<net id="3228"><net_src comp="3223" pin="1"/><net_sink comp="1620" pin=0"/></net>

<net id="3232"><net_src comp="1602" pin="3"/><net_sink comp="3229" pin=0"/></net>

<net id="3233"><net_src comp="3229" pin="1"/><net_sink comp="1633" pin=0"/></net>

<net id="3234"><net_src comp="3229" pin="1"/><net_sink comp="1638" pin=0"/></net>

<net id="3235"><net_src comp="3229" pin="1"/><net_sink comp="1651" pin=0"/></net>

<net id="3236"><net_src comp="3229" pin="1"/><net_sink comp="608" pin=20"/></net>

<net id="3237"><net_src comp="3229" pin="1"/><net_sink comp="1987" pin=0"/></net>

<net id="3241"><net_src comp="1625" pin="3"/><net_sink comp="3238" pin=0"/></net>

<net id="3242"><net_src comp="3238" pin="1"/><net_sink comp="1678" pin=0"/></net>

<net id="3243"><net_src comp="3238" pin="1"/><net_sink comp="1683" pin=0"/></net>

<net id="3244"><net_src comp="3238" pin="1"/><net_sink comp="1696" pin=0"/></net>

<net id="3245"><net_src comp="3238" pin="1"/><net_sink comp="608" pin=10"/></net>

<net id="3246"><net_src comp="3238" pin="1"/><net_sink comp="2060" pin=0"/></net>

<net id="3250"><net_src comp="1731" pin="3"/><net_sink comp="3247" pin=0"/></net>

<net id="3251"><net_src comp="3247" pin="1"/><net_sink comp="608" pin=19"/></net>

<net id="3255"><net_src comp="1747" pin="3"/><net_sink comp="3252" pin=0"/></net>

<net id="3256"><net_src comp="3252" pin="1"/><net_sink comp="608" pin=9"/></net>

</net_list>

</model> 
---------------- Datapath Model END ------------------

* FSMD analyzer results:
  - Output states:
 - Input state : 
	Port: swiftkv_quantize_kv_record : k_words | {2 3 4 }
	Port: swiftkv_quantize_kv_record : v_words | {2 3 4 }
  - Chain level:
	State 1
		store_ln400 : 1
		store_ln393 : 1
	State 2
		icmp_ln401 : 1
		add_ln402 : 1
		br_ln400 : 2
		trunc_ln413 : 1
		shl_ln413 : 1
		zext_ln413 : 1
		k_words_addr : 2
		k_lower : 3
		v_words_addr : 2
		v_lower : 3
		record_1 : 1
		record_2 : 1
		record_3 : 1
		record_4 : 1
		mrv : 1
		mrv_1 : 2
		mrv_2 : 3
		mrv_3 : 4
		mrv_4 : 5
		ret_ln543 : 6
	State 3
		k_words_addr_1 : 1
		k_upper : 2
		v_words_addr_1 : 1
		v_upper : 2
		k_raw : 1
		v_raw : 1
		k_raw_32 : 1
		v_raw_32 : 1
		k_raw_33 : 1
		v_raw_33 : 1
		k_raw_34 : 1
		v_raw_34 : 1
		k_raw_35 : 1
		v_raw_35 : 1
		k_raw_36 : 1
		v_raw_36 : 1
		k_raw_37 : 1
		v_raw_37 : 1
		k_raw_38 : 1
		v_raw_38 : 1
		k_raw_39 : 1
		v_raw_39 : 1
		k_raw_40 : 1
		v_raw_40 : 1
		k_raw_41 : 1
		v_raw_41 : 1
		k_raw_42 : 1
		v_raw_42 : 1
		k_raw_43 : 1
		v_raw_43 : 1
		k_raw_44 : 1
		v_raw_44 : 1
		k_raw_45 : 1
		v_raw_45 : 1
		k_raw_46 : 1
		v_raw_46 : 1
	State 4
		k_raw_47 : 1
		v_raw_47 : 1
		k_raw_48 : 1
		v_raw_48 : 1
		k_raw_49 : 1
		v_raw_49 : 1
		k_raw_50 : 1
		v_raw_50 : 1
		k_raw_51 : 1
		v_raw_51 : 1
		k_raw_52 : 1
		v_raw_52 : 1
		k_raw_53 : 1
		v_raw_53 : 1
		k_raw_54 : 1
		v_raw_54 : 1
		k_raw_55 : 1
		v_raw_55 : 1
		k_raw_56 : 1
		v_raw_56 : 1
		k_raw_57 : 1
		v_raw_57 : 1
		k_raw_58 : 1
		v_raw_58 : 1
		k_raw_59 : 1
		v_raw_59 : 1
		k_raw_60 : 1
		v_raw_60 : 1
		k_raw_61 : 1
		v_raw_61 : 1
		k_raw_62 : 1
		v_raw_62 : 1
	State 5
	State 6
	State 7
		empty_736 : 1
		empty_737 : 1
		tmp : 1
		icmp_ln329 : 2
		probe : 3
		trunc_ln327 : 4
		tmp_150 : 4
		icmp_ln333 : 5
		probe_1 : 6
		trunc_ln327_1 : 7
		probe_2 : 7
		icmp_ln348 : 1
		probe_4 : 1
		icmp_ln329_1 : 2
		probe_5 : 3
		trunc_ln329 : 4
		tmp_156 : 4
		icmp_ln333_1 : 5
		probe_6 : 6
		trunc_ln333 : 7
		probe_7 : 7
		icmp_ln348_2 : 1
	State 8
		most_significant_bit_2 : 1
		most_significant_bit_3 : 2
		most_significant_bit_4 : 2
		probe_3 : 1
		tmp_152 : 2
		icmp_ln341 : 3
		most_significant_bit_5 : 3
		most_significant_bit_6 : 3
		tmp_153 : 2
		tmp_154 : 2
		select_ln341 : 4
		most_significant_bit_7 : 4
		most_significant_bit_8 : 4
		most_significant_bit_11 : 1
		most_significant_bit_12 : 2
		probe_8 : 1
		most_significant_bit_13 : 2
		tmp_158 : 2
		icmp_ln341_1 : 3
		most_significant_bit_14 : 3
		most_significant_bit_15 : 3
		tmp_159 : 2
		tmp_160 : 2
		select_ln341_2 : 4
		most_significant_bit_16 : 4
		most_significant_bit_17 : 4
	State 9
		and_ln348 : 1
		shift_k_1 : 1
		and_ln348_1 : 1
		shift_v_1 : 1
	State 10
		sub_i285 : 1
		sub_i285_cast : 2
		shl_i75_i291 : 3
		sub_i78_i294 : 1
		sub_i78_i294_cast : 2
		shr_i79_i295 : 3
		sub_i : 1
		sub_i_cast : 2
		shl_i75_i : 3
		sub_i78_i : 1
		sub_i78_i_cast : 2
		shr_i79_i : 3
		rounding : 4
		rounding_1 : 5
		rounding_2 : 4
		rounding_3 : 5
	State 11
	State 12
	State 13
		zext_ln491 : 1
		zext_ln491_1 : 1
		shl_ln491 : 2
		zext_ln491_2 : 3
		xor_ln491 : 4
		sext_ln491 : 4
		and_ln491 : 5
		shl_ln491_1 : 2
		trunc_ln491 : 5
		or_ln491 : 6
		tmp_161 : 5
		metadata_1 : 6
		add_ln498 : 2
		zext_ln498 : 3
		shl_ln498 : 4
		zext_ln498_1 : 5
		xor_ln498 : 6
		sext_ln498 : 6
		and_ln498 : 7
		shl_ln498_1 : 4
		trunc_ln498 : 7
		or_ln498 : 8
		tmp_162 : 7
		metadata_2 : 8
		packed_k_group : 1
		packed_v_group : 1
		store_ln526 : 2
		store_ln524 : 2
		store_ln526 : 2
		store_ln524 : 2
		store_ln526 : 2
		store_ln524 : 2
		store_ln526 : 2
		store_ln524 : 2
		store_ln393 : 9


============================================================
+ Verbose Summary: Datapath Resource usage 
============================================================

* Functional unit list:
|----------|-----------------------------------------------------------------------------|---------|---------|
| Operation|                               Functional Unit                               |    FF   |   LUT   |
|----------|-----------------------------------------------------------------------------|---------|---------|
|   call   | grp_swiftkv_quantize_kv_record_Pipeline_find_kv_group_max_block_loop_fu_538 |   389   |   1512  |
|          | grp_swiftkv_quantize_kv_record_Pipeline_quantize_kv_group_block_loop_fu_608 |   922   |   2600  |
|----------|-----------------------------------------------------------------------------|---------|---------|
|          |                              and_ln348_fu_1592                              |    0    |    2    |
|    and   |                             and_ln348_1_fu_1615                             |    0    |    2    |
|          |                              and_ln491_fu_1981                              |    0    |   511   |
|          |                              and_ln498_fu_2054                              |    0    |   511   |
|----------|-----------------------------------------------------------------------------|---------|---------|
|          |                              icmp_ln401_fu_1060                             |    0    |    10   |
|          |                              icmp_ln329_fu_1225                             |    0    |    23   |
|          |                              icmp_ln333_fu_1253                             |    0    |    15   |
|          |                              icmp_ln348_fu_1281                             |    0    |    39   |
|          |                             icmp_ln329_1_fu_1297                            |    0    |    23   |
|          |                             icmp_ln333_1_fu_1325                            |    0    |    15   |
|          |                             icmp_ln348_2_fu_1353                            |    0    |    39   |
|          |                              icmp_ln337_fu_1380                             |    0    |    12   |
|   icmp   |                              icmp_ln341_fu_1415                             |    0    |    9    |
|          |                             icmp_ln337_1_fu_1494                            |    0    |    12   |
|          |                             icmp_ln341_1_fu_1529                            |    0    |    9    |
|          |                             icmp_ln348_1_fu_1587                            |    0    |    12   |
|          |                             icmp_ln348_3_fu_1610                            |    0    |    12   |
|          |                            cmp_i_i96_i275_fu_1633                           |    0    |    12   |
|          |                             cmp_i73_i288_fu_1651                            |    0    |    12   |
|          |                             cmp_i_i96_i_fu_1678                             |    0    |    12   |
|          |                              cmp_i73_i_fu_1696                              |    0    |    12   |
|----------|-----------------------------------------------------------------------------|---------|---------|
|          |                                probe_fu_1231                                |    0    |    16   |
|          |                               probe_1_fu_1259                               |    0    |    8    |
|          |                               probe_5_fu_1303                               |    0    |    16   |
|          |                               probe_6_fu_1331                               |    0    |    8    |
|          |                         most_significant_bit_fu_1359                        |    0    |    5    |
|          |                        most_significant_bit_1_fu_1366                       |    0    |    5    |
|          |                        most_significant_bit_2_fu_1373                       |    0    |    5    |
|          |                        most_significant_bit_4_fu_1391                       |    0    |    5    |
|          |                               probe_3_fu_1399                               |    0    |    4    |
|          |                        most_significant_bit_6_fu_1427                       |    0    |    5    |
|          |                             select_ln341_fu_1451                            |    0    |    2    |
|          |                        most_significant_bit_8_fu_1465                       |    0    |    5    |
|  select  |                        most_significant_bit_9_fu_1473                       |    0    |    5    |
|          |                       most_significant_bit_10_fu_1480                       |    0    |    5    |
|          |                       most_significant_bit_11_fu_1487                       |    0    |    5    |
|          |                               probe_8_fu_1505                               |    0    |    4    |
|          |                       most_significant_bit_13_fu_1511                       |    0    |    5    |
|          |                       most_significant_bit_15_fu_1541                       |    0    |    5    |
|          |                            select_ln341_2_fu_1565                           |    0    |    2    |
|          |                       most_significant_bit_17_fu_1579                       |    0    |    5    |
|          |                              shift_k_1_fu_1602                              |    0    |    5    |
|          |                              shift_v_1_fu_1625                              |    0    |    5    |
|          |                               rounding_fu_1723                              |    0    |    32   |
|          |                              rounding_1_fu_1731                             |    0    |    32   |
|          |                              rounding_2_fu_1739                             |    0    |    32   |
|          |                              rounding_3_fu_1747                             |    0    |    32   |
|----------|-----------------------------------------------------------------------------|---------|---------|
|          |                              shl_ln413_fu_1076                              |    0    |    0    |
|          |                             shl_i75_i291_fu_1656                            |    0    |    13   |
|          |                              shl_i75_i_fu_1701                              |    0    |    13   |
|    shl   |                              shl_ln491_fu_1961                              |    0    |    13   |
|          |                             shl_ln491_1_fu_1990                             |    0    |    11   |
|          |                              shl_ln498_fu_2034                              |    0    |    13   |
|          |                             shl_ln498_1_fu_2063                             |    0    |    13   |
|----------|-----------------------------------------------------------------------------|---------|---------|
|          |                              add_ln402_fu_1066                              |    0    |    10   |
|          |                               shift_k_fu_1597                               |    0    |    12   |
|    add   |                               shift_v_fu_1620                               |    0    |    12   |
|          |                               sub_i285_fu_1641                              |    0    |    12   |
|          |                                sub_i_fu_1686                                |    0    |    12   |
|          |                              add_ln498_fu_2024                              |    0    |    13   |
|----------|-----------------------------------------------------------------------------|---------|---------|
|          |                               or_ln414_fu_1174                              |    0    |    0    |
|          |                        most_significant_bit_3_fu_1385                       |    0    |    0    |
|          |                        most_significant_bit_5_fu_1421                       |    0    |    0    |
|          |                        most_significant_bit_7_fu_1459                       |    0    |    0    |
|    or    |                       most_significant_bit_12_fu_1499                       |    0    |    0    |
|          |                       most_significant_bit_14_fu_1535                       |    0    |    0    |
|          |                       most_significant_bit_16_fu_1573                       |    0    |    0    |
|          |                               or_ln491_fu_2000                              |    0    |    20   |
|          |                               or_ln498_fu_2073                              |    0    |    40   |
|----------|-----------------------------------------------------------------------------|---------|---------|
|    xor   |                              xor_ln491_fu_1971                              |    0    |    20   |
|          |                              xor_ln498_fu_2044                              |    0    |    40   |
|----------|-----------------------------------------------------------------------------|---------|---------|
|   lshr   |                             shr_i79_i295_fu_1672                            |    0    |    13   |
|          |                              shr_i79_i_fu_1717                              |    0    |    13   |
|----------|-----------------------------------------------------------------------------|---------|---------|
|    sub   |                             sub_i78_i294_fu_1662                            |    0    |    12   |
|          |                              sub_i78_i_fu_1707                              |    0    |    12   |
|----------|-----------------------------------------------------------------------------|---------|---------|
|          |                                  grp_fu_747                                 |    0    |    0    |
|          |                                  grp_fu_757                                 |    0    |    0    |
|          |                                  grp_fu_767                                 |    0    |    0    |
|          |                                  grp_fu_777                                 |    0    |    0    |
|          |                                  grp_fu_787                                 |    0    |    0    |
|          |                                  grp_fu_797                                 |    0    |    0    |
|          |                                  grp_fu_807                                 |    0    |    0    |
|          |                                  grp_fu_817                                 |    0    |    0    |
|          |                                  grp_fu_827                                 |    0    |    0    |
|          |                                  grp_fu_837                                 |    0    |    0    |
|          |                                  grp_fu_847                                 |    0    |    0    |
|          |                                  grp_fu_857                                 |    0    |    0    |
|          |                                  grp_fu_867                                 |    0    |    0    |
|          |                                  grp_fu_877                                 |    0    |    0    |
|          |                                  grp_fu_887                                 |    0    |    0    |
|          |                                  grp_fu_897                                 |    0    |    0    |
|          |                                  grp_fu_907                                 |    0    |    0    |
|          |                                  grp_fu_917                                 |    0    |    0    |
|          |                                  grp_fu_927                                 |    0    |    0    |
|partselect|                                  grp_fu_937                                 |    0    |    0    |
|          |                                  grp_fu_947                                 |    0    |    0    |
|          |                                  grp_fu_957                                 |    0    |    0    |
|          |                                  grp_fu_967                                 |    0    |    0    |
|          |                                  grp_fu_977                                 |    0    |    0    |
|          |                                  grp_fu_987                                 |    0    |    0    |
|          |                                  grp_fu_997                                 |    0    |    0    |
|          |                                 grp_fu_1007                                 |    0    |    0    |
|          |                                 grp_fu_1017                                 |    0    |    0    |
|          |                                 grp_fu_1027                                 |    0    |    0    |
|          |                                 grp_fu_1037                                 |    0    |    0    |
|          |                                 tmp_fu_1215                                 |    0    |    0    |
|          |                               tmp_150_fu_1243                               |    0    |    0    |
|          |                               probe_2_fu_1271                               |    0    |    0    |
|          |                               probe_4_fu_1287                               |    0    |    0    |
|          |                               tmp_156_fu_1315                               |    0    |    0    |
|          |                               probe_7_fu_1343                               |    0    |    0    |
|          |                               tmp_152_fu_1405                               |    0    |    0    |
|          |                               tmp_158_fu_1519                               |    0    |    0    |
|          |                               tmp_161_fu_2006                               |    0    |    0    |
|          |                               tmp_162_fu_2079                               |    0    |    0    |
|----------|-----------------------------------------------------------------------------|---------|---------|
|          |                             trunc_ln413_fu_1072                             |    0    |    0    |
|          |                                k_raw_fu_1185                                |    0    |    0    |
|          |                                v_raw_fu_1189                                |    0    |    0    |
|          |                               k_raw_47_fu_1193                              |    0    |    0    |
|          |                               v_raw_47_fu_1197                              |    0    |    0    |
|          |                              empty_736_fu_1204                              |    0    |    0    |
|   trunc  |                              empty_737_fu_1211                              |    0    |    0    |
|          |                             trunc_ln327_fu_1239                             |    0    |    0    |
|          |                            trunc_ln327_1_fu_1267                            |    0    |    0    |
|          |                             trunc_ln329_fu_1311                             |    0    |    0    |
|          |                             trunc_ln333_fu_1339                             |    0    |    0    |
|          |                             trunc_ln491_fu_1996                             |    0    |    0    |
|          |                             trunc_ln498_fu_2069                             |    0    |    0    |
|----------|-----------------------------------------------------------------------------|---------|---------|
|          |                              zext_ln413_fu_1082                             |    0    |    0    |
|          |                              zext_ln414_fu_1179                             |    0    |    0    |
|          |                            shift_k_2_cast_fu_1638                           |    0    |    0    |
|          |                            shift_v_2_cast_fu_1683                           |    0    |    0    |
|          |                              zext_ln491_fu_1953                             |    0    |    0    |
|   zext   |                             zext_ln491_1_fu_1957                            |    0    |    0    |
|          |                             zext_ln491_2_fu_1967                            |    0    |    0    |
|          |                             zext_ln491_3_fu_1987                            |    0    |    0    |
|          |                              zext_ln498_fu_2030                             |    0    |    0    |
|          |                             zext_ln498_1_fu_2040                            |    0    |    0    |
|          |                             zext_ln498_2_fu_2060                            |    0    |    0    |
|----------|-----------------------------------------------------------------------------|---------|---------|
|          |                               record_1_fu_1112                              |    0    |    0    |
|          |                               record_2_fu_1120                              |    0    |    0    |
|          |                               record_3_fu_1128                              |    0    |    0    |
|          |                               record_4_fu_1136                              |    0    |    0    |
|bitconcatenate|                                or_ln_fu_1947                                |    0    |    0    |
|          |                              metadata_1_fu_2016                             |    0    |    0    |
|          |                              metadata_2_fu_2089                             |    0    |    0    |
|          |                            packed_k_group_fu_2097                           |    0    |    0    |
|          |                            packed_v_group_fu_2165                           |    0    |    0    |
|----------|-----------------------------------------------------------------------------|---------|---------|
|          |                                 mrv_fu_1144                                 |    0    |    0    |
|          |                                mrv_1_fu_1150                                |    0    |    0    |
|insertvalue|                                mrv_2_fu_1156                                |    0    |    0    |
|          |                                mrv_3_fu_1162                                |    0    |    0    |
|          |                                mrv_4_fu_1168                                |    0    |    0    |
|----------|-----------------------------------------------------------------------------|---------|---------|
|          |                               tmp_153_fu_1435                               |    0    |    0    |
| bitselect|                               tmp_154_fu_1443                               |    0    |    0    |
|          |                               tmp_159_fu_1549                               |    0    |    0    |
|          |                               tmp_160_fu_1557                               |    0    |    0    |
|----------|-----------------------------------------------------------------------------|---------|---------|
|          |                            sub_i285_cast_fu_1647                            |    0    |    0    |
|          |                          sub_i78_i294_cast_fu_1668                          |    0    |    0    |
|   sext   |                              sub_i_cast_fu_1692                             |    0    |    0    |
|          |                            sub_i78_i_cast_fu_1713                           |    0    |    0    |
|          |                              sext_ln491_fu_1977                             |    0    |    0    |
|          |                              sext_ln498_fu_2050                             |    0    |    0    |
|----------|-----------------------------------------------------------------------------|---------|---------|
|   Total  |                                                                             |   1311  |   5991  |
|----------|-----------------------------------------------------------------------------|---------|---------|

Memories:
N/A

* Register list:
+---------------------------------+--------+
|                                 |   FF   |
+---------------------------------+--------+
|        add_ln402_reg_2743       |    3   |
|        empty_729_reg_2302       |   256  |
|        empty_730_reg_2308       |   256  |
|        empty_731_reg_2314       |   256  |
|        empty_732_reg_2320       |   256  |
|        empty_733_reg_2326       |   256  |
|        empty_734_reg_2332       |   256  |
|        empty_735_reg_2338       |   256  |
|          empty_reg_2296         |   256  |
|          group_reg_2289         |    3   |
|      icmp_ln329_1_reg_3190      |    1   |
|       icmp_ln329_reg_3163       |    1   |
|      icmp_ln333_1_reg_3196      |    1   |
|       icmp_ln333_reg_3169       |    1   |
|      icmp_ln348_2_reg_3212      |    1   |
|       icmp_ln348_reg_3185       |    1   |
|        k_raw_32_reg_2791        |   32   |
|        k_raw_33_reg_2803        |   32   |
|        k_raw_34_reg_2815        |   32   |
|        k_raw_35_reg_2827        |   32   |
|        k_raw_36_reg_2839        |   32   |
|        k_raw_37_reg_2851        |   32   |
|        k_raw_38_reg_2863        |   32   |
|        k_raw_39_reg_2875        |   32   |
|        k_raw_40_reg_2887        |   32   |
|        k_raw_41_reg_2899        |   32   |
|        k_raw_42_reg_2911        |   32   |
|        k_raw_43_reg_2923        |   32   |
|        k_raw_44_reg_2935        |   32   |
|        k_raw_45_reg_2947        |   32   |
|        k_raw_46_reg_2959        |   32   |
|        k_raw_47_reg_2971        |   32   |
|        k_raw_48_reg_2983        |   32   |
|        k_raw_49_reg_2995        |   32   |
|        k_raw_50_reg_3007        |   32   |
|        k_raw_51_reg_3019        |   32   |
|        k_raw_52_reg_3031        |   32   |
|        k_raw_53_reg_3043        |   32   |
|        k_raw_54_reg_3055        |   32   |
|        k_raw_55_reg_3067        |   32   |
|        k_raw_56_reg_3079        |   32   |
|        k_raw_57_reg_3091        |   32   |
|        k_raw_58_reg_3103        |   32   |
|        k_raw_59_reg_3115        |   32   |
|        k_raw_60_reg_3127        |   32   |
|        k_raw_61_reg_3139        |   32   |
|        k_raw_62_reg_3151        |   32   |
|          k_raw_reg_2779         |   32   |
|     k_words_addr_1_reg_2769     |    3   |
|      k_words_addr_reg_2759      |    3   |
|      maximum_k_loc_reg_2728     |   32   |
|      maximum_v_loc_reg_2734     |   32   |
|        metadata_reg_2282        |   512  |
| most_significant_bit_17_reg_3223|    5   |
| most_significant_bit_8_reg_3217 |    5   |
|         probe_2_reg_3179        |    4   |
|         probe_7_reg_3206        |    4   |
|quantized_k_group_10_loc_reg_2596|    8   |
|quantized_k_group_11_loc_reg_2602|    8   |
|quantized_k_group_12_loc_reg_2608|    8   |
|quantized_k_group_13_loc_reg_2614|    8   |
|quantized_k_group_14_loc_reg_2620|    8   |
|quantized_k_group_15_loc_reg_2626|    8   |
|quantized_k_group_16_loc_reg_2632|    8   |
|quantized_k_group_17_loc_reg_2638|    8   |
|quantized_k_group_18_loc_reg_2644|    8   |
|quantized_k_group_19_loc_reg_2650|    8   |
| quantized_k_group_1_loc_reg_2542|    8   |
|quantized_k_group_20_loc_reg_2656|    8   |
|quantized_k_group_21_loc_reg_2662|    8   |
|quantized_k_group_22_loc_reg_2668|    8   |
|quantized_k_group_23_loc_reg_2674|    8   |
|quantized_k_group_24_loc_reg_2680|    8   |
|quantized_k_group_25_loc_reg_2686|    8   |
|quantized_k_group_26_loc_reg_2692|    8   |
|quantized_k_group_27_loc_reg_2698|    8   |
|quantized_k_group_28_loc_reg_2704|    8   |
|quantized_k_group_29_loc_reg_2710|    8   |
| quantized_k_group_2_loc_reg_2548|    8   |
|quantized_k_group_30_loc_reg_2716|    8   |
|quantized_k_group_31_loc_reg_2722|    8   |
| quantized_k_group_3_loc_reg_2554|    8   |
| quantized_k_group_4_loc_reg_2560|    8   |
| quantized_k_group_5_loc_reg_2566|    8   |
| quantized_k_group_6_loc_reg_2572|    8   |
| quantized_k_group_7_loc_reg_2578|    8   |
| quantized_k_group_8_loc_reg_2584|    8   |
| quantized_k_group_9_loc_reg_2590|    8   |
|  quantized_k_group_loc_reg_2536 |    8   |
|quantized_v_group_10_loc_reg_2404|    8   |
|quantized_v_group_11_loc_reg_2410|    8   |
|quantized_v_group_12_loc_reg_2416|    8   |
|quantized_v_group_13_loc_reg_2422|    8   |
|quantized_v_group_14_loc_reg_2428|    8   |
|quantized_v_group_15_loc_reg_2434|    8   |
|quantized_v_group_16_loc_reg_2440|    8   |
|quantized_v_group_17_loc_reg_2446|    8   |
|quantized_v_group_18_loc_reg_2452|    8   |
|quantized_v_group_19_loc_reg_2458|    8   |
| quantized_v_group_1_loc_reg_2350|    8   |
|quantized_v_group_20_loc_reg_2464|    8   |
|quantized_v_group_21_loc_reg_2470|    8   |
|quantized_v_group_22_loc_reg_2476|    8   |
|quantized_v_group_23_loc_reg_2482|    8   |
|quantized_v_group_24_loc_reg_2488|    8   |
|quantized_v_group_25_loc_reg_2494|    8   |
|quantized_v_group_26_loc_reg_2500|    8   |
|quantized_v_group_27_loc_reg_2506|    8   |
|quantized_v_group_28_loc_reg_2512|    8   |
|quantized_v_group_29_loc_reg_2518|    8   |
| quantized_v_group_2_loc_reg_2356|    8   |
|quantized_v_group_30_loc_reg_2524|    8   |
|quantized_v_group_31_loc_reg_2530|    8   |
| quantized_v_group_3_loc_reg_2362|    8   |
| quantized_v_group_4_loc_reg_2368|    8   |
| quantized_v_group_5_loc_reg_2374|    8   |
| quantized_v_group_6_loc_reg_2380|    8   |
| quantized_v_group_7_loc_reg_2386|    8   |
| quantized_v_group_8_loc_reg_2392|    8   |
| quantized_v_group_9_loc_reg_2398|    8   |
|  quantized_v_group_loc_reg_2344 |    8   |
|       rounding_1_reg_3247       |   32   |
|       rounding_3_reg_3252       |   32   |
|        shift_k_1_reg_3229       |    5   |
|        shift_v_1_reg_3238       |    5   |
|        shl_ln413_reg_2754       |    3   |
|      trunc_ln327_1_reg_3174     |    4   |
|       trunc_ln333_reg_3201      |    4   |
|       trunc_ln413_reg_2748      |    2   |
|        v_raw_32_reg_2797        |   32   |
|        v_raw_33_reg_2809        |   32   |
|        v_raw_34_reg_2821        |   32   |
|        v_raw_35_reg_2833        |   32   |
|        v_raw_36_reg_2845        |   32   |
|        v_raw_37_reg_2857        |   32   |
|        v_raw_38_reg_2869        |   32   |
|        v_raw_39_reg_2881        |   32   |
|        v_raw_40_reg_2893        |   32   |
|        v_raw_41_reg_2905        |   32   |
|        v_raw_42_reg_2917        |   32   |
|        v_raw_43_reg_2929        |   32   |
|        v_raw_44_reg_2941        |   32   |
|        v_raw_45_reg_2953        |   32   |
|        v_raw_46_reg_2965        |   32   |
|        v_raw_47_reg_2977        |   32   |
|        v_raw_48_reg_2989        |   32   |
|        v_raw_49_reg_3001        |   32   |
|        v_raw_50_reg_3013        |   32   |
|        v_raw_51_reg_3025        |   32   |
|        v_raw_52_reg_3037        |   32   |
|        v_raw_53_reg_3049        |   32   |
|        v_raw_54_reg_3061        |   32   |
|        v_raw_55_reg_3073        |   32   |
|        v_raw_56_reg_3085        |   32   |
|        v_raw_57_reg_3097        |   32   |
|        v_raw_58_reg_3109        |   32   |
|        v_raw_59_reg_3121        |   32   |
|        v_raw_60_reg_3133        |   32   |
|        v_raw_61_reg_3145        |   32   |
|        v_raw_62_reg_3157        |   32   |
|          v_raw_reg_2785         |   32   |
|     v_words_addr_1_reg_2774     |    3   |
|      v_words_addr_reg_2764      |    3   |
+---------------------------------+--------+
|              Total              |  5313  |
+---------------------------------+--------+

* Multiplexer (MUX) list: 
|-------------------|------|------|------|--------||---------||---------|
|        Comp       |  Pin | Size |  BW  | S x BW ||  Delay  ||   LUT   |
|-------------------|------|------|------|--------||---------||---------|
| grp_access_fu_503 |  p0  |   4  |   3  |   12   ||    20   |
| grp_access_fu_516 |  p0  |   4  |   3  |   12   ||    20   |
|-------------------|------|------|------|--------||---------||---------|
|       Total       |      |      |      |   24   || 0.905429||    40   |
|-------------------|------|------|------|--------||---------||---------|



* Summary:
+-----------+--------+--------+--------+
|           |  Delay |   FF   |   LUT  |
+-----------+--------+--------+--------+
|  Function |    -   |  1311  |  5991  |
|   Memory  |    -   |    -   |    -   |
|Multiplexer|    0   |    -   |   40   |
|  Register |    -   |  5313  |    -   |
+-----------+--------+--------+--------+
|   Total   |    0   |  6624  |  6031  |
+-----------+--------+--------+--------+
