

================================================================
== Vitis HLS Report for 'swiftkv_update_values_and_quantize_Pipeline_attention_quantize_reverse_loop'
================================================================
* Date:           Tue Aug 11 09:17:00 2026

* Version:        2023.2 (Build 4023990 on Oct 11 2023)
* Project:        proj_int4_decoder_xo
* Solution:       solution1 (Vitis Kernel Flow Target)
* Product family: virtexuplus
* Target device:  xcu250-figd2104-2L-e


================================================================
== Performance Estimates
================================================================
+ Timing: 
    * Summary: 
    +--------+---------+----------+------------+
    |  Clock |  Target | Estimated| Uncertainty|
    +--------+---------+----------+------------+
    |ap_clk  |  3.33 ns|  2.406 ns|     0.90 ns|
    +--------+---------+----------+------------+

+ Latency: 
    * Summary: 
    +---------+---------+----------+----------+-----+-----+---------+
    |  Latency (cycles) |  Latency (absolute) |  Interval | Pipeline|
    |   min   |   max   |    min   |    max   | min | max |   Type  |
    +---------+---------+----------+----------+-----+-----+---------+
    |       56|       56|  0.187 us|  0.187 us|   56|   56|       no|
    +---------+---------+----------+----------+-----+-----+---------+

    + Detail: 
        * Instance: 
        N/A

        * Loop: 
        +-----------------------------------+---------+---------+----------+-----------+-----------+------+----------+
        |                                   |  Latency (cycles) | Iteration|  Initiation Interval  | Trip |          |
        |             Loop Name             |   min   |   max   |  Latency |  achieved |   target  | Count| Pipelined|
        +-----------------------------------+---------+---------+----------+-----------+-----------+------+----------+
        |- attention_quantize_reverse_loop  |       54|       54|        24|          1|          1|    32|       yes|
        +-----------------------------------+---------+---------+----------+-----------+-----------+------+----------+

============================================================
+ Verbose Summary: Synthesis Manager
============================================================
InlineROM: 1
ExposeGlobal: 0
============================================================
+ Verbose Summary: CDFG Model
============================================================
IsTopModel: 0
ResetActiveHigh: 1
IsCombinational: 0
IsDatapathOnly: 0
HasWiredReturn: 1
HasMFsm: 2
HasVarLatency: 1
IsPipeline: 0
IsRtlPipelined: 0
IsInstanceOverlapped: 0
IsDontTouch: 0
HasImplIP: 0
IsGatedGlobalClock: 0

+ Individual pipeline summary: 
  * Pipeline-0: initiation interval (II) = 1, depth = 24


============================================================
+ Verbose Summary: Schedule
============================================================
* Number of FSM states : 24
* Pipeline : 1
  Pipeline-0 : II = 1, D = 24, States = { 1 2 3 4 5 6 7 8 9 10 11 12 13 14 15 16 17 18 19 20 21 22 23 24 }
* Dataflow Pipeline: 0

* FSM state transitions: 
1 --> 2 
2 --> 3 
3 --> 4 
4 --> 5 
5 --> 6 
6 --> 7 
7 --> 8 
8 --> 9 
9 --> 10 
10 --> 11 
11 --> 12 
12 --> 13 
13 --> 14 
14 --> 15 
15 --> 16 
16 --> 17 
17 --> 18 
18 --> 19 
19 --> 20 
20 --> 21 
21 --> 22 
22 --> 23 
23 --> 24 
24 --> 

* FSM state operations: 

State 1 <SV = 0> <Delay = 1.58>
ST_1 : Operation 27 [1/1] (0.00ns)   --->   "%quantized_word = alloca i32 1" [source/swiftkv_attention.cpp:1540]   --->   Operation 27 'alloca' 'quantized_word' <Predicate = true> <Delay = 0.00>
ST_1 : Operation 28 [1/1] (0.00ns)   --->   "%lane = alloca i32 1" [source/swiftkv_attention.cpp:1542]   --->   Operation 28 'alloca' 'lane' <Predicate = true> <Delay = 0.00>
ST_1 : Operation 29 [1/1] (0.00ns)   --->   "%specmemcore_ln0 = specmemcore void @_ssdm_op_SpecMemCore, i32 %attention_group, i64 666, i64 18, i64 18446744073709551615"   --->   Operation 29 'specmemcore' 'specmemcore_ln0' <Predicate = true> <Delay = 0.00>
ST_1 : Operation 30 [1/1] (0.00ns)   --->   "%inverse_scale_read = read i32 @_ssdm_op_Read.ap_auto.float, i32 %inverse_scale"   --->   Operation 30 'read' 'inverse_scale_read' <Predicate = true> <Delay = 0.00>
ST_1 : Operation 31 [1/1] (0.38ns)   --->   "%store_ln1542 = store i6 31, i6 %lane" [source/swiftkv_attention.cpp:1542]   --->   Operation 31 'store' 'store_ln1542' <Predicate = true> <Delay = 0.38>
ST_1 : Operation 32 [1/1] (0.38ns)   --->   "%store_ln1540 = store i480 0, i480 %quantized_word" [source/swiftkv_attention.cpp:1540]   --->   Operation 32 'store' 'store_ln1540' <Predicate = true> <Delay = 0.38>
ST_1 : Operation 33 [1/1] (0.00ns)   --->   "%br_ln0 = br void %for.body51"   --->   Operation 33 'br' 'br_ln0' <Predicate = true> <Delay = 0.00>
ST_1 : Operation 34 [1/1] (0.00ns)   --->   "%lane_1 = load i6 %lane" [source/swiftkv_attention.cpp:1544]   --->   Operation 34 'load' 'lane_1' <Predicate = true> <Delay = 0.00>
ST_1 : Operation 35 [1/1] (0.00ns)   --->   "%tmp = bitselect i1 @_ssdm_op_BitSelect.i1.i6.i32, i6 %lane_1, i32 5" [source/swiftkv_attention.cpp:1543]   --->   Operation 35 'bitselect' 'tmp' <Predicate = true> <Delay = 0.00>
ST_1 : Operation 36 [1/1] (0.00ns)   --->   "%br_ln1542 = br i1 %tmp, void %for.body51.split_ifconv, void %for.inc73.exitStub" [source/swiftkv_attention.cpp:1542]   --->   Operation 36 'br' 'br_ln1542' <Predicate = true> <Delay = 0.00>
ST_1 : Operation 37 [1/1] (0.00ns)   --->   "%zext_ln1543 = zext i6 %lane_1" [source/swiftkv_attention.cpp:1543]   --->   Operation 37 'zext' 'zext_ln1543' <Predicate = (!tmp)> <Delay = 0.00>
ST_1 : Operation 38 [1/1] (0.00ns)   --->   "%attention_group_addr = getelementptr i32 %attention_group, i64 0, i64 %zext_ln1543" [source/swiftkv_attention.cpp:1547]   --->   Operation 38 'getelementptr' 'attention_group_addr' <Predicate = (!tmp)> <Delay = 0.00>
ST_1 : Operation 39 [2/2] (1.19ns)   --->   "%attention_group_load = load i5 %attention_group_addr" [source/swiftkv_attention.cpp:1547]   --->   Operation 39 'load' 'attention_group_load' <Predicate = (!tmp)> <Delay = 1.19> <CoreInst = "RAM_1P_BRAM">   --->   Core 90 'RAM_1P_BRAM' <Latency = 1> <II = 1> <Delay = 1.19> <Storage> <Opcode : 'load' 'store'> <Ports = 1> <Width = 32> <Depth = 32> <RAM>
ST_1 : Operation 40 [1/1] (0.70ns)   --->   "%add_ln1544 = add i6 %lane_1, i6 63" [source/swiftkv_attention.cpp:1544]   --->   Operation 40 'add' 'add_ln1544' <Predicate = (!tmp)> <Delay = 0.70> <CoreInst = "Adder">   --->   Core 1 'Adder' <Latency = 0> <II = 1> <Delay = 0.70> <FuncUnit> <Opcode : 'add' 'sub'> <InPorts = 2> <OutPorts = 1>
ST_1 : Operation 41 [1/1] (0.38ns)   --->   "%store_ln1542 = store i6 %add_ln1544, i6 %lane" [source/swiftkv_attention.cpp:1542]   --->   Operation 41 'store' 'store_ln1542' <Predicate = (!tmp)> <Delay = 0.38>

State 2 <SV = 1> <Delay = 2.07>
ST_2 : Operation 42 [1/2] (1.19ns)   --->   "%attention_group_load = load i5 %attention_group_addr" [source/swiftkv_attention.cpp:1547]   --->   Operation 42 'load' 'attention_group_load' <Predicate = true> <Delay = 1.19> <CoreInst = "RAM_1P_BRAM">   --->   Core 90 'RAM_1P_BRAM' <Latency = 1> <II = 1> <Delay = 1.19> <Storage> <Opcode : 'load' 'store'> <Ports = 1> <Width = 32> <Depth = 32> <RAM>
ST_2 : Operation 43 [1/1] (0.00ns)   --->   "%tmp_1 = bitselect i1 @_ssdm_op_BitSelect.i1.i32.i32, i32 %attention_group_load, i32 31" [source/swiftkv_attention.cpp:1547]   --->   Operation 43 'bitselect' 'tmp_1' <Predicate = true> <Delay = 0.00>
ST_2 : Operation 44 [1/1] (0.88ns)   --->   "%sub_ln1547 = sub i32 0, i32 %attention_group_load" [source/swiftkv_attention.cpp:1547]   --->   Operation 44 'sub' 'sub_ln1547' <Predicate = true> <Delay = 0.88> <CoreInst = "Adder">   --->   Core 1 'Adder' <Latency = 0> <II = 1> <Delay = 0.88> <FuncUnit> <Opcode : 'add' 'sub'> <InPorts = 2> <OutPorts = 1>

State 3 <SV = 2> <Delay = 2.40>
ST_3 : Operation 45 [1/1] (0.88ns)   --->   "%icmp_ln1547 = icmp_eq  i32 %attention_group_load, i32 0" [source/swiftkv_attention.cpp:1547]   --->   Operation 45 'icmp' 'icmp_ln1547' <Predicate = true> <Delay = 0.88> <CoreInst = "Cmp">   --->   Core 9 'Cmp' <Latency = 0> <II = 1> <Delay = 0.88> <FuncUnit> <Opcode : 'icmp'> <InPorts = 2> <OutPorts = 1>
ST_3 : Operation 46 [1/1] (0.22ns)   --->   "%select_ln1547 = select i1 %tmp_1, i32 %sub_ln1547, i32 %attention_group_load" [source/swiftkv_attention.cpp:1547]   --->   Operation 46 'select' 'select_ln1547' <Predicate = true> <Delay = 0.22> <CoreInst = "Sel">   --->   Core 73 'Sel' <Latency = 0> <II = 1> <Delay = 0.22> <FuncUnit> <Opcode : 'select'> <InPorts = 3> <OutPorts = 1>
ST_3 : Operation 47 [1/1] (0.00ns)   --->   "%tmp_s = partselect i32 @llvm.part.select.i32, i32 %select_ln1547, i32 31, i32 0" [source/swiftkv_attention.cpp:1547]   --->   Operation 47 'partselect' 'tmp_s' <Predicate = true> <Delay = 0.00>
ST_3 : Operation 48 [1/1] (0.00ns)   --->   "%tmp_2 = cttz i32 @llvm.cttz.i32, i32 %tmp_s, i1 1" [source/swiftkv_attention.cpp:1547]   --->   Operation 48 'cttz' 'tmp_2' <Predicate = true> <Delay = 0.00>
ST_3 : Operation 49 [1/1] (0.00ns)   --->   "%trunc_ln1547 = trunc i32 %tmp_2" [source/swiftkv_attention.cpp:1547]   --->   Operation 49 'trunc' 'trunc_ln1547' <Predicate = true> <Delay = 0.00>
ST_3 : Operation 50 [1/1] (0.88ns)   --->   "%sub_ln1547_1 = sub i32 32, i32 %tmp_2" [source/swiftkv_attention.cpp:1547]   --->   Operation 50 'sub' 'sub_ln1547_1' <Predicate = true> <Delay = 0.88> <CoreInst = "Adder">   --->   Core 1 'Adder' <Latency = 0> <II = 1> <Delay = 0.88> <FuncUnit> <Opcode : 'add' 'sub'> <InPorts = 2> <OutPorts = 1>
ST_3 : Operation 51 [1/1] (0.88ns)   --->   "%add_ln1547 = add i32 %sub_ln1547_1, i32 4294967272" [source/swiftkv_attention.cpp:1547]   --->   Operation 51 'add' 'add_ln1547' <Predicate = true> <Delay = 0.88> <CoreInst = "Adder">   --->   Core 1 'Adder' <Latency = 0> <II = 1> <Delay = 0.88> <FuncUnit> <Opcode : 'add' 'sub'> <InPorts = 2> <OutPorts = 1>
ST_3 : Operation 52 [1/1] (0.00ns)   --->   "%tmp_3 = partselect i31 @_ssdm_op_PartSelect.i31.i32.i32.i32, i32 %add_ln1547, i32 1, i32 31" [source/swiftkv_attention.cpp:1547]   --->   Operation 52 'partselect' 'tmp_3' <Predicate = true> <Delay = 0.00>
ST_3 : Operation 53 [1/1] (0.00ns)   --->   "%trunc_ln1547_1 = trunc i32 %sub_ln1547_1" [source/swiftkv_attention.cpp:1547]   --->   Operation 53 'trunc' 'trunc_ln1547_1' <Predicate = true> <Delay = 0.00>
ST_3 : Operation 54 [1/1] (0.70ns)   --->   "%sub_ln1547_4 = sub i5 25, i5 %trunc_ln1547_1" [source/swiftkv_attention.cpp:1547]   --->   Operation 54 'sub' 'sub_ln1547_4' <Predicate = true> <Delay = 0.70> <CoreInst = "Adder">   --->   Core 1 'Adder' <Latency = 0> <II = 1> <Delay = 0.70> <FuncUnit> <Opcode : 'add' 'sub'> <InPorts = 2> <OutPorts = 1>
ST_3 : Operation 55 [1/1] (0.00ns)   --->   "%zext_ln1547_5 = zext i5 %sub_ln1547_4" [source/swiftkv_attention.cpp:1547]   --->   Operation 55 'zext' 'zext_ln1547_5' <Predicate = true> <Delay = 0.00>
ST_3 : Operation 56 [1/1] (0.59ns)   --->   "%lshr_ln1547_2 = lshr i32 4294967295, i32 %zext_ln1547_5" [source/swiftkv_attention.cpp:1547]   --->   Operation 56 'lshr' 'lshr_ln1547_2' <Predicate = true> <Delay = 0.59> <CoreInst = "Shifter">   --->   Core 75 'Shifter' <Latency = 0> <II = 1> <Delay = 0.59> <FuncUnit> <Opcode : 'shl' 'lshr' 'ashr'> <InPorts = 2> <OutPorts = 1>
ST_3 : Operation 57 [1/1] (0.00ns)   --->   "%bit_select27_i_i = bitselect i1 @_ssdm_op_BitSelect.i1.i32.i32, i32 %select_ln1547, i32 %add_ln1547" [source/swiftkv_attention.cpp:1547]   --->   Operation 57 'bitselect' 'bit_select27_i_i' <Predicate = true> <Delay = 0.00>
ST_3 : Operation 58 [1/1] (0.88ns)   --->   "%add_ln1547_1 = add i32 %sub_ln1547_1, i32 4294967271" [source/swiftkv_attention.cpp:1547]   --->   Operation 58 'add' 'add_ln1547_1' <Predicate = true> <Delay = 0.88> <CoreInst = "Adder">   --->   Core 1 'Adder' <Latency = 0> <II = 1> <Delay = 0.88> <FuncUnit> <Opcode : 'add' 'sub'> <InPorts = 2> <OutPorts = 1>
ST_3 : Operation 59 [1/1] (0.88ns)   --->   "%sub_ln1547_2 = sub i32 25, i32 %sub_ln1547_1" [source/swiftkv_attention.cpp:1547]   --->   Operation 59 'sub' 'sub_ln1547_2' <Predicate = true> <Delay = 0.88> <CoreInst = "Adder">   --->   Core 1 'Adder' <Latency = 0> <II = 1> <Delay = 0.88> <FuncUnit> <Opcode : 'add' 'sub'> <InPorts = 2> <OutPorts = 1>

State 4 <SV = 3> <Delay = 2.20>
ST_4 : Operation 60 [1/1] (0.87ns)   --->   "%icmp_ln1547_1 = icmp_sgt  i31 %tmp_3, i31 0" [source/swiftkv_attention.cpp:1547]   --->   Operation 60 'icmp' 'icmp_ln1547_1' <Predicate = (!icmp_ln1547)> <Delay = 0.87> <CoreInst = "Cmp">   --->   Core 9 'Cmp' <Latency = 0> <II = 1> <Delay = 0.87> <FuncUnit> <Opcode : 'icmp'> <InPorts = 2> <OutPorts = 1>
ST_4 : Operation 61 [1/1] (0.00ns) (grouped into LUT with out node icmp_ln1547_2)   --->   "%and_ln1547_2 = and i32 %select_ln1547, i32 %lshr_ln1547_2" [source/swiftkv_attention.cpp:1547]   --->   Operation 61 'and' 'and_ln1547_2' <Predicate = (!icmp_ln1547)> <Delay = 0.00> <CoreInst = "LogicGate">   --->   Core 74 'LogicGate' <Latency = 0> <II = 1> <Delay = 0.21> <FuncUnit> <Opcode : 'and' 'or' 'xor'> <InPorts = 2> <OutPorts = 1>
ST_4 : Operation 62 [1/1] (0.88ns) (out node of the LUT)   --->   "%icmp_ln1547_2 = icmp_ne  i32 %and_ln1547_2, i32 0" [source/swiftkv_attention.cpp:1547]   --->   Operation 62 'icmp' 'icmp_ln1547_2' <Predicate = (!icmp_ln1547)> <Delay = 0.88> <CoreInst = "Cmp">   --->   Core 9 'Cmp' <Latency = 0> <II = 1> <Delay = 0.88> <FuncUnit> <Opcode : 'icmp'> <InPorts = 2> <OutPorts = 1>
ST_4 : Operation 63 [1/1] (0.00ns) (grouped into LUT with out node or_ln1)   --->   "%and_ln1547 = and i1 %icmp_ln1547_1, i1 %icmp_ln1547_2" [source/swiftkv_attention.cpp:1547]   --->   Operation 63 'and' 'and_ln1547' <Predicate = (!icmp_ln1547)> <Delay = 0.00> <CoreInst = "LogicGate">   --->   Core 74 'LogicGate' <Latency = 0> <II = 1> <Delay = 0.12> <FuncUnit> <Opcode : 'and' 'or' 'xor'> <InPorts = 2> <OutPorts = 1>
ST_4 : Operation 64 [1/1] (0.00ns) (grouped into LUT with out node or_ln1)   --->   "%tmp_4 = bitselect i1 @_ssdm_op_BitSelect.i1.i32.i32, i32 %add_ln1547, i32 31" [source/swiftkv_attention.cpp:1547]   --->   Operation 64 'bitselect' 'tmp_4' <Predicate = (!icmp_ln1547)> <Delay = 0.00>
ST_4 : Operation 65 [1/1] (0.00ns) (grouped into LUT with out node or_ln1)   --->   "%xor_ln1547 = xor i1 %tmp_4, i1 1" [source/swiftkv_attention.cpp:1547]   --->   Operation 65 'xor' 'xor_ln1547' <Predicate = (!icmp_ln1547)> <Delay = 0.00> <CoreInst = "LogicGate">   --->   Core 74 'LogicGate' <Latency = 0> <II = 1> <Delay = 0.12> <FuncUnit> <Opcode : 'and' 'or' 'xor'> <InPorts = 2> <OutPorts = 1>
ST_4 : Operation 66 [1/1] (0.00ns) (grouped into LUT with out node or_ln1)   --->   "%and_ln1547_1 = and i1 %bit_select27_i_i, i1 %xor_ln1547" [source/swiftkv_attention.cpp:1547]   --->   Operation 66 'and' 'and_ln1547_1' <Predicate = (!icmp_ln1547)> <Delay = 0.00> <CoreInst = "LogicGate">   --->   Core 74 'LogicGate' <Latency = 0> <II = 1> <Delay = 0.12> <FuncUnit> <Opcode : 'and' 'or' 'xor'> <InPorts = 2> <OutPorts = 1>
ST_4 : Operation 67 [1/1] (0.00ns) (grouped into LUT with out node or_ln1)   --->   "%or_ln1547 = or i1 %and_ln1547_1, i1 %and_ln1547" [source/swiftkv_attention.cpp:1547]   --->   Operation 67 'or' 'or_ln1547' <Predicate = (!icmp_ln1547)> <Delay = 0.00> <CoreInst = "LogicGate">   --->   Core 74 'LogicGate' <Latency = 0> <II = 1> <Delay = 0.12> <FuncUnit> <Opcode : 'and' 'or' 'xor'> <InPorts = 2> <OutPorts = 1>
ST_4 : Operation 68 [1/1] (0.12ns) (out node of the LUT)   --->   "%or_ln1 = bitconcatenate i2 @_ssdm_op_BitConcatenate.i2.i1.i1, i1 0, i1 %or_ln1547" [source/swiftkv_attention.cpp:1547]   --->   Operation 68 'bitconcatenate' 'or_ln1' <Predicate = (!icmp_ln1547)> <Delay = 0.12>
ST_4 : Operation 69 [1/1] (0.00ns)   --->   "%zext_ln1547 = zext i32 %select_ln1547" [source/swiftkv_attention.cpp:1547]   --->   Operation 69 'zext' 'zext_ln1547' <Predicate = (!icmp_ln1547)> <Delay = 0.00>
ST_4 : Operation 70 [1/1] (0.88ns)   --->   "%icmp_ln1547_3 = icmp_sgt  i32 %add_ln1547, i32 0" [source/swiftkv_attention.cpp:1547]   --->   Operation 70 'icmp' 'icmp_ln1547_3' <Predicate = (!icmp_ln1547)> <Delay = 0.88> <CoreInst = "Cmp">   --->   Core 9 'Cmp' <Latency = 0> <II = 1> <Delay = 0.88> <FuncUnit> <Opcode : 'icmp'> <InPorts = 2> <OutPorts = 1>
ST_4 : Operation 71 [1/1] (0.00ns)   --->   "%zext_ln1547_1 = zext i32 %add_ln1547_1" [source/swiftkv_attention.cpp:1547]   --->   Operation 71 'zext' 'zext_ln1547_1' <Predicate = (!icmp_ln1547)> <Delay = 0.00>
ST_4 : Operation 72 [1/1] (1.05ns)   --->   "%lshr_ln1547 = lshr i64 %zext_ln1547, i64 %zext_ln1547_1" [source/swiftkv_attention.cpp:1547]   --->   Operation 72 'lshr' 'lshr_ln1547' <Predicate = (!icmp_ln1547)> <Delay = 1.05> <CoreInst = "Shifter">   --->   Core 75 'Shifter' <Latency = 0> <II = 1> <Delay = 1.05> <FuncUnit> <Opcode : 'shl' 'lshr' 'ashr'> <InPorts = 2> <OutPorts = 1>
ST_4 : Operation 73 [1/1] (0.00ns)   --->   "%zext_ln1547_2 = zext i32 %sub_ln1547_2" [source/swiftkv_attention.cpp:1547]   --->   Operation 73 'zext' 'zext_ln1547_2' <Predicate = (!icmp_ln1547)> <Delay = 0.00>
ST_4 : Operation 74 [1/1] (1.05ns)   --->   "%shl_ln1547 = shl i64 %zext_ln1547, i64 %zext_ln1547_2" [source/swiftkv_attention.cpp:1547]   --->   Operation 74 'shl' 'shl_ln1547' <Predicate = (!icmp_ln1547)> <Delay = 1.05> <CoreInst = "Shifter">   --->   Core 75 'Shifter' <Latency = 0> <II = 1> <Delay = 1.05> <FuncUnit> <Opcode : 'shl' 'lshr' 'ashr'> <InPorts = 2> <OutPorts = 1>
ST_4 : Operation 75 [1/1] (0.00ns) (grouped into LUT with out node add_ln1547_2)   --->   "%select_ln1547_1 = select i1 %icmp_ln1547_3, i64 %lshr_ln1547, i64 %shl_ln1547" [source/swiftkv_attention.cpp:1547]   --->   Operation 75 'select' 'select_ln1547_1' <Predicate = (!icmp_ln1547)> <Delay = 0.00> <CoreInst = "Sel">   --->   Core 73 'Sel' <Latency = 0> <II = 1> <Delay = 0.41> <FuncUnit> <Opcode : 'select'> <InPorts = 3> <OutPorts = 1>
ST_4 : Operation 76 [1/1] (0.00ns) (grouped into LUT with out node add_ln1547_2)   --->   "%zext_ln1547_3 = zext i2 %or_ln1" [source/swiftkv_attention.cpp:1547]   --->   Operation 76 'zext' 'zext_ln1547_3' <Predicate = (!icmp_ln1547)> <Delay = 0.00>
ST_4 : Operation 77 [1/1] (1.14ns) (out node of the LUT)   --->   "%add_ln1547_2 = add i64 %select_ln1547_1, i64 %zext_ln1547_3" [source/swiftkv_attention.cpp:1547]   --->   Operation 77 'add' 'add_ln1547_2' <Predicate = (!icmp_ln1547)> <Delay = 1.14> <CoreInst = "Adder">   --->   Core 1 'Adder' <Latency = 0> <II = 1> <Delay = 1.14> <FuncUnit> <Opcode : 'add' 'sub'> <InPorts = 2> <OutPorts = 1>
ST_4 : Operation 78 [1/1] (0.00ns)   --->   "%lshr_ln1547_1 = partselect i63 @_ssdm_op_PartSelect.i63.i64.i32.i32, i64 %add_ln1547_2, i32 1, i32 63" [source/swiftkv_attention.cpp:1547]   --->   Operation 78 'partselect' 'lshr_ln1547_1' <Predicate = (!icmp_ln1547)> <Delay = 0.00>
ST_4 : Operation 79 [1/1] (0.00ns)   --->   "%tmp_5 = bitselect i1 @_ssdm_op_BitSelect.i1.i64.i32, i64 %add_ln1547_2, i32 25" [source/swiftkv_attention.cpp:1547]   --->   Operation 79 'bitselect' 'tmp_5' <Predicate = (!icmp_ln1547)> <Delay = 0.00>

State 5 <SV = 4> <Delay = 1.36>
ST_5 : Operation 80 [1/1] (0.00ns)   --->   "%zext_ln1547_4 = zext i63 %lshr_ln1547_1" [source/swiftkv_attention.cpp:1547]   --->   Operation 80 'zext' 'zext_ln1547_4' <Predicate = (!icmp_ln1547)> <Delay = 0.00>
ST_5 : Operation 81 [1/1] (0.30ns)   --->   "%select_ln1547_2 = select i1 %tmp_5, i8 127, i8 126" [source/swiftkv_attention.cpp:1547]   --->   Operation 81 'select' 'select_ln1547_2' <Predicate = (!icmp_ln1547)> <Delay = 0.30> <CoreInst = "Sel">   --->   Core 73 'Sel' <Latency = 0> <II = 1> <Delay = 0.30> <FuncUnit> <Opcode : 'select'> <InPorts = 3> <OutPorts = 1>
ST_5 : Operation 82 [1/1] (0.00ns) (grouped into TernaryAdder)   --->   "%sub_ln1547_3 = sub i8 15, i8 %trunc_ln1547" [source/swiftkv_attention.cpp:1547]   --->   Operation 82 'sub' 'sub_ln1547_3' <Predicate = (!icmp_ln1547)> <Delay = 0.00> <CoreInst = "TAddSub">   --->   Core 10 'TAddSub' <Latency = 0> <II = 1> <Delay = 0.41> <IPBlock> <Opcode : '' 'add' 'sub'> <InPorts = 3> <OutPorts = 1> <Sync> <CReg>
ST_5 : Operation 83 [1/1] (0.83ns) (root node of TernaryAdder)   --->   "%add_ln1547_3 = add i8 %sub_ln1547_3, i8 %select_ln1547_2" [source/swiftkv_attention.cpp:1547]   --->   Operation 83 'add' 'add_ln1547_3' <Predicate = (!icmp_ln1547)> <Delay = 0.83> <CoreInst = "TAddSub">   --->   Core 10 'TAddSub' <Latency = 0> <II = 1> <Delay = 0.41> <IPBlock> <Opcode : '' 'add' 'sub'> <InPorts = 3> <OutPorts = 1> <Sync> <CReg>
ST_5 : Operation 84 [1/1] (0.00ns)   --->   "%tmp_6 = bitconcatenate i9 @_ssdm_op_BitConcatenate.i9.i1.i8, i1 %tmp_1, i8 %add_ln1547_3" [source/swiftkv_attention.cpp:1547]   --->   Operation 84 'bitconcatenate' 'tmp_6' <Predicate = (!icmp_ln1547)> <Delay = 0.00>
ST_5 : Operation 85 [1/1] (0.00ns)   --->   "%pi_assign_1 = partset i64 @_ssdm_op_PartSet.i64.i64.i9.i32.i32, i64 %zext_ln1547_4, i9 %tmp_6, i32 23, i32 31" [source/swiftkv_attention.cpp:1547]   --->   Operation 85 'partset' 'pi_assign_1' <Predicate = (!icmp_ln1547)> <Delay = 0.00>
ST_5 : Operation 86 [1/1] (0.00ns)   --->   "%LD = trunc i64 %pi_assign_1" [source/swiftkv_attention.cpp:1547]   --->   Operation 86 'trunc' 'LD' <Predicate = (!icmp_ln1547)> <Delay = 0.00>
ST_5 : Operation 87 [1/1] (0.00ns)   --->   "%bitcast_ln766 = bitcast i32 %LD" [source/swiftkv_attention.cpp:1547]   --->   Operation 87 'bitcast' 'bitcast_ln766' <Predicate = (!icmp_ln1547)> <Delay = 0.00>
ST_5 : Operation 88 [1/1] (0.22ns)   --->   "%select_ln1547_3 = select i1 %icmp_ln1547, i32 0, i32 %bitcast_ln766" [source/swiftkv_attention.cpp:1547]   --->   Operation 88 'select' 'select_ln1547_3' <Predicate = true> <Delay = 0.22> <CoreInst = "Sel">   --->   Core 73 'Sel' <Latency = 0> <II = 1> <Delay = 0.22> <FuncUnit> <Opcode : 'select'> <InPorts = 3> <OutPorts = 1>

State 6 <SV = 5> <Delay = 2.32>
ST_6 : Operation 89 [4/4] (2.32ns)   --->   "%scaled = fmul i32 %select_ln1547_3, i32 %inverse_scale_read" [source/swiftkv_attention.cpp:1547]   --->   Operation 89 'fmul' 'scaled' <Predicate = true> <Delay = 2.32> <CoreInst = "FMul_maxdsp">   --->   Core 30 'FMul_maxdsp' <Latency = 3> <II = 1> <Delay = 2.32> <FuncUnit> <Opcode : 'fmul'> <InPorts = 2> <OutPorts = 1>

State 7 <SV = 6> <Delay = 2.32>
ST_7 : Operation 90 [3/4] (2.32ns)   --->   "%scaled = fmul i32 %select_ln1547_3, i32 %inverse_scale_read" [source/swiftkv_attention.cpp:1547]   --->   Operation 90 'fmul' 'scaled' <Predicate = true> <Delay = 2.32> <CoreInst = "FMul_maxdsp">   --->   Core 30 'FMul_maxdsp' <Latency = 3> <II = 1> <Delay = 2.32> <FuncUnit> <Opcode : 'fmul'> <InPorts = 2> <OutPorts = 1>

State 8 <SV = 7> <Delay = 2.32>
ST_8 : Operation 91 [2/4] (2.32ns)   --->   "%scaled = fmul i32 %select_ln1547_3, i32 %inverse_scale_read" [source/swiftkv_attention.cpp:1547]   --->   Operation 91 'fmul' 'scaled' <Predicate = true> <Delay = 2.32> <CoreInst = "FMul_maxdsp">   --->   Core 30 'FMul_maxdsp' <Latency = 3> <II = 1> <Delay = 2.32> <FuncUnit> <Opcode : 'fmul'> <InPorts = 2> <OutPorts = 1>

State 9 <SV = 8> <Delay = 2.32>
ST_9 : Operation 92 [1/4] (2.32ns)   --->   "%scaled = fmul i32 %select_ln1547_3, i32 %inverse_scale_read" [source/swiftkv_attention.cpp:1547]   --->   Operation 92 'fmul' 'scaled' <Predicate = true> <Delay = 2.32> <CoreInst = "FMul_maxdsp">   --->   Core 30 'FMul_maxdsp' <Latency = 3> <II = 1> <Delay = 2.32> <FuncUnit> <Opcode : 'fmul'> <InPorts = 2> <OutPorts = 1>

State 10 <SV = 9> <Delay = 1.64>
ST_10 : Operation 93 [2/2] (1.64ns)   --->   "%tmp_8 = fcmp_oge  i32 %scaled, i32 0" [source/swiftkv_attention.cpp:1549]   --->   Operation 93 'fcmp' 'tmp_8' <Predicate = true> <Delay = 1.64> <CoreInst = "FCompare">   --->   Core 19 'FCompare' <Latency = 1> <II = 1> <Delay = 1.64> <FuncUnit> <Opcode : 'fcmp'> <InPorts = 2> <OutPorts = 1>

State 11 <SV = 10> <Delay = 1.87>
ST_11 : Operation 94 [1/1] (0.00ns)   --->   "%bitcast_ln1549 = bitcast i32 %scaled" [source/swiftkv_attention.cpp:1549]   --->   Operation 94 'bitcast' 'bitcast_ln1549' <Predicate = true> <Delay = 0.00>
ST_11 : Operation 95 [1/1] (0.00ns)   --->   "%tmp_7 = partselect i8 @_ssdm_op_PartSelect.i8.i32.i32.i32, i32 %bitcast_ln1549, i32 23, i32 30" [source/swiftkv_attention.cpp:1549]   --->   Operation 95 'partselect' 'tmp_7' <Predicate = true> <Delay = 0.00>
ST_11 : Operation 96 [1/1] (0.00ns)   --->   "%trunc_ln1549 = trunc i32 %bitcast_ln1549" [source/swiftkv_attention.cpp:1549]   --->   Operation 96 'trunc' 'trunc_ln1549' <Predicate = true> <Delay = 0.00>
ST_11 : Operation 97 [1/1] (0.70ns)   --->   "%icmp_ln1549 = icmp_ne  i8 %tmp_7, i8 255" [source/swiftkv_attention.cpp:1549]   --->   Operation 97 'icmp' 'icmp_ln1549' <Predicate = true> <Delay = 0.70> <CoreInst = "Cmp">   --->   Core 9 'Cmp' <Latency = 0> <II = 1> <Delay = 0.70> <FuncUnit> <Opcode : 'icmp'> <InPorts = 2> <OutPorts = 1>
ST_11 : Operation 98 [1/1] (0.82ns)   --->   "%icmp_ln1549_1 = icmp_eq  i23 %trunc_ln1549, i23 0" [source/swiftkv_attention.cpp:1549]   --->   Operation 98 'icmp' 'icmp_ln1549_1' <Predicate = true> <Delay = 0.82> <CoreInst = "Cmp">   --->   Core 9 'Cmp' <Latency = 0> <II = 1> <Delay = 0.82> <FuncUnit> <Opcode : 'icmp'> <InPorts = 2> <OutPorts = 1>
ST_11 : Operation 99 [1/1] (0.00ns) (grouped into LUT with out node select_ln1549)   --->   "%or_ln1549 = or i1 %icmp_ln1549_1, i1 %icmp_ln1549" [source/swiftkv_attention.cpp:1549]   --->   Operation 99 'or' 'or_ln1549' <Predicate = true> <Delay = 0.00> <CoreInst = "LogicGate">   --->   Core 74 'LogicGate' <Latency = 0> <II = 1> <Delay = 0.12> <FuncUnit> <Opcode : 'and' 'or' 'xor'> <InPorts = 2> <OutPorts = 1>
ST_11 : Operation 100 [1/2] (1.64ns)   --->   "%tmp_8 = fcmp_oge  i32 %scaled, i32 0" [source/swiftkv_attention.cpp:1549]   --->   Operation 100 'fcmp' 'tmp_8' <Predicate = true> <Delay = 1.64> <CoreInst = "FCompare">   --->   Core 19 'FCompare' <Latency = 1> <II = 1> <Delay = 1.64> <FuncUnit> <Opcode : 'fcmp'> <InPorts = 2> <OutPorts = 1>
ST_11 : Operation 101 [1/1] (0.00ns) (grouped into LUT with out node select_ln1549)   --->   "%and_ln1549 = and i1 %or_ln1549, i1 %tmp_8" [source/swiftkv_attention.cpp:1549]   --->   Operation 101 'and' 'and_ln1549' <Predicate = true> <Delay = 0.00> <CoreInst = "LogicGate">   --->   Core 74 'LogicGate' <Latency = 0> <II = 1> <Delay = 0.12> <FuncUnit> <Opcode : 'and' 'or' 'xor'> <InPorts = 2> <OutPorts = 1>
ST_11 : Operation 102 [1/1] (0.22ns) (out node of the LUT)   --->   "%select_ln1549 = select i1 %and_ln1549, i32 0.5, i32 -0.5" [source/swiftkv_attention.cpp:1549]   --->   Operation 102 'select' 'select_ln1549' <Predicate = true> <Delay = 0.22> <CoreInst = "Sel">   --->   Core 73 'Sel' <Latency = 0> <II = 1> <Delay = 0.22> <FuncUnit> <Opcode : 'select'> <InPorts = 3> <OutPorts = 1>

State 12 <SV = 11> <Delay = 2.34>
ST_12 : Operation 103 [7/7] (2.34ns)   --->   "%rounded = fadd i32 %scaled, i32 %select_ln1549" [source/swiftkv_attention.cpp:1549]   --->   Operation 103 'fadd' 'rounded' <Predicate = true> <Delay = 2.34> <CoreInst = "FAddSub_fulldsp">   --->   Core 18 'FAddSub_fulldsp' <Latency = 6> <II = 1> <Delay = 2.34> <FuncUnit> <Opcode : 'fadd' 'fsub'> <InPorts = 2> <OutPorts = 1>

State 13 <SV = 12> <Delay = 2.34>
ST_13 : Operation 104 [6/7] (2.34ns)   --->   "%rounded = fadd i32 %scaled, i32 %select_ln1549" [source/swiftkv_attention.cpp:1549]   --->   Operation 104 'fadd' 'rounded' <Predicate = true> <Delay = 2.34> <CoreInst = "FAddSub_fulldsp">   --->   Core 18 'FAddSub_fulldsp' <Latency = 6> <II = 1> <Delay = 2.34> <FuncUnit> <Opcode : 'fadd' 'fsub'> <InPorts = 2> <OutPorts = 1>

State 14 <SV = 13> <Delay = 2.34>
ST_14 : Operation 105 [5/7] (2.34ns)   --->   "%rounded = fadd i32 %scaled, i32 %select_ln1549" [source/swiftkv_attention.cpp:1549]   --->   Operation 105 'fadd' 'rounded' <Predicate = true> <Delay = 2.34> <CoreInst = "FAddSub_fulldsp">   --->   Core 18 'FAddSub_fulldsp' <Latency = 6> <II = 1> <Delay = 2.34> <FuncUnit> <Opcode : 'fadd' 'fsub'> <InPorts = 2> <OutPorts = 1>

State 15 <SV = 14> <Delay = 2.34>
ST_15 : Operation 106 [4/7] (2.34ns)   --->   "%rounded = fadd i32 %scaled, i32 %select_ln1549" [source/swiftkv_attention.cpp:1549]   --->   Operation 106 'fadd' 'rounded' <Predicate = true> <Delay = 2.34> <CoreInst = "FAddSub_fulldsp">   --->   Core 18 'FAddSub_fulldsp' <Latency = 6> <II = 1> <Delay = 2.34> <FuncUnit> <Opcode : 'fadd' 'fsub'> <InPorts = 2> <OutPorts = 1>

State 16 <SV = 15> <Delay = 2.34>
ST_16 : Operation 107 [3/7] (2.34ns)   --->   "%rounded = fadd i32 %scaled, i32 %select_ln1549" [source/swiftkv_attention.cpp:1549]   --->   Operation 107 'fadd' 'rounded' <Predicate = true> <Delay = 2.34> <CoreInst = "FAddSub_fulldsp">   --->   Core 18 'FAddSub_fulldsp' <Latency = 6> <II = 1> <Delay = 2.34> <FuncUnit> <Opcode : 'fadd' 'fsub'> <InPorts = 2> <OutPorts = 1>

State 17 <SV = 16> <Delay = 2.34>
ST_17 : Operation 108 [2/7] (2.34ns)   --->   "%rounded = fadd i32 %scaled, i32 %select_ln1549" [source/swiftkv_attention.cpp:1549]   --->   Operation 108 'fadd' 'rounded' <Predicate = true> <Delay = 2.34> <CoreInst = "FAddSub_fulldsp">   --->   Core 18 'FAddSub_fulldsp' <Latency = 6> <II = 1> <Delay = 2.34> <FuncUnit> <Opcode : 'fadd' 'fsub'> <InPorts = 2> <OutPorts = 1>

State 18 <SV = 17> <Delay = 2.34>
ST_18 : Operation 109 [1/7] (2.34ns)   --->   "%rounded = fadd i32 %scaled, i32 %select_ln1549" [source/swiftkv_attention.cpp:1549]   --->   Operation 109 'fadd' 'rounded' <Predicate = true> <Delay = 2.34> <CoreInst = "FAddSub_fulldsp">   --->   Core 18 'FAddSub_fulldsp' <Latency = 6> <II = 1> <Delay = 2.34> <FuncUnit> <Opcode : 'fadd' 'fsub'> <InPorts = 2> <OutPorts = 1>

State 19 <SV = 18> <Delay = 1.64>
ST_19 : Operation 110 [2/2] (1.64ns)   --->   "%tmp_10 = fcmp_ogt  i32 %rounded, i32 16383" [source/swiftkv_attention.cpp:1550]   --->   Operation 110 'fcmp' 'tmp_10' <Predicate = true> <Delay = 1.64> <CoreInst = "FCompare">   --->   Core 19 'FCompare' <Latency = 1> <II = 1> <Delay = 1.64> <FuncUnit> <Opcode : 'fcmp'> <InPorts = 2> <OutPorts = 1>

State 20 <SV = 19> <Delay = 1.87>
ST_20 : Operation 111 [1/1] (0.00ns)   --->   "%bitcast_ln1550 = bitcast i32 %rounded" [source/swiftkv_attention.cpp:1550]   --->   Operation 111 'bitcast' 'bitcast_ln1550' <Predicate = true> <Delay = 0.00>
ST_20 : Operation 112 [1/1] (0.00ns)   --->   "%tmp_9 = partselect i8 @_ssdm_op_PartSelect.i8.i32.i32.i32, i32 %bitcast_ln1550, i32 23, i32 30" [source/swiftkv_attention.cpp:1550]   --->   Operation 112 'partselect' 'tmp_9' <Predicate = true> <Delay = 0.00>
ST_20 : Operation 113 [1/1] (0.00ns)   --->   "%trunc_ln1550 = trunc i32 %bitcast_ln1550" [source/swiftkv_attention.cpp:1550]   --->   Operation 113 'trunc' 'trunc_ln1550' <Predicate = true> <Delay = 0.00>
ST_20 : Operation 114 [1/1] (0.70ns)   --->   "%icmp_ln1550 = icmp_ne  i8 %tmp_9, i8 255" [source/swiftkv_attention.cpp:1550]   --->   Operation 114 'icmp' 'icmp_ln1550' <Predicate = true> <Delay = 0.70> <CoreInst = "Cmp">   --->   Core 9 'Cmp' <Latency = 0> <II = 1> <Delay = 0.70> <FuncUnit> <Opcode : 'icmp'> <InPorts = 2> <OutPorts = 1>
ST_20 : Operation 115 [1/1] (0.82ns)   --->   "%icmp_ln1550_1 = icmp_eq  i23 %trunc_ln1550, i23 0" [source/swiftkv_attention.cpp:1550]   --->   Operation 115 'icmp' 'icmp_ln1550_1' <Predicate = true> <Delay = 0.82> <CoreInst = "Cmp">   --->   Core 9 'Cmp' <Latency = 0> <II = 1> <Delay = 0.82> <FuncUnit> <Opcode : 'icmp'> <InPorts = 2> <OutPorts = 1>
ST_20 : Operation 116 [1/1] (0.00ns) (grouped into LUT with out node rounded_1)   --->   "%or_ln1550 = or i1 %icmp_ln1550_1, i1 %icmp_ln1550" [source/swiftkv_attention.cpp:1550]   --->   Operation 116 'or' 'or_ln1550' <Predicate = true> <Delay = 0.00> <CoreInst = "LogicGate">   --->   Core 74 'LogicGate' <Latency = 0> <II = 1> <Delay = 0.12> <FuncUnit> <Opcode : 'and' 'or' 'xor'> <InPorts = 2> <OutPorts = 1>
ST_20 : Operation 117 [1/2] (1.64ns)   --->   "%tmp_10 = fcmp_ogt  i32 %rounded, i32 16383" [source/swiftkv_attention.cpp:1550]   --->   Operation 117 'fcmp' 'tmp_10' <Predicate = true> <Delay = 1.64> <CoreInst = "FCompare">   --->   Core 19 'FCompare' <Latency = 1> <II = 1> <Delay = 1.64> <FuncUnit> <Opcode : 'fcmp'> <InPorts = 2> <OutPorts = 1>
ST_20 : Operation 118 [1/1] (0.00ns) (grouped into LUT with out node rounded_1)   --->   "%and_ln1550 = and i1 %or_ln1550, i1 %tmp_10" [source/swiftkv_attention.cpp:1550]   --->   Operation 118 'and' 'and_ln1550' <Predicate = true> <Delay = 0.00> <CoreInst = "LogicGate">   --->   Core 74 'LogicGate' <Latency = 0> <II = 1> <Delay = 0.12> <FuncUnit> <Opcode : 'and' 'or' 'xor'> <InPorts = 2> <OutPorts = 1>
ST_20 : Operation 119 [1/1] (0.22ns) (out node of the LUT)   --->   "%rounded_1 = select i1 %and_ln1550, i32 16383, i32 %rounded" [source/swiftkv_attention.cpp:1550]   --->   Operation 119 'select' 'rounded_1' <Predicate = true> <Delay = 0.22> <CoreInst = "Sel">   --->   Core 73 'Sel' <Latency = 0> <II = 1> <Delay = 0.22> <FuncUnit> <Opcode : 'select'> <InPorts = 3> <OutPorts = 1>

State 21 <SV = 20> <Delay = 1.64>
ST_21 : Operation 120 [2/2] (1.64ns)   --->   "%tmp_12 = fcmp_olt  i32 %rounded_1, i32 -16383" [source/swiftkv_attention.cpp:1553]   --->   Operation 120 'fcmp' 'tmp_12' <Predicate = true> <Delay = 1.64> <CoreInst = "FCompare">   --->   Core 19 'FCompare' <Latency = 1> <II = 1> <Delay = 1.64> <FuncUnit> <Opcode : 'fcmp'> <InPorts = 2> <OutPorts = 1>

State 22 <SV = 21> <Delay = 1.87>
ST_22 : Operation 121 [1/1] (0.00ns)   --->   "%bitcast_ln1553 = bitcast i32 %rounded_1" [source/swiftkv_attention.cpp:1553]   --->   Operation 121 'bitcast' 'bitcast_ln1553' <Predicate = true> <Delay = 0.00>
ST_22 : Operation 122 [1/1] (0.00ns)   --->   "%tmp_11 = partselect i8 @_ssdm_op_PartSelect.i8.i32.i32.i32, i32 %bitcast_ln1553, i32 23, i32 30" [source/swiftkv_attention.cpp:1553]   --->   Operation 122 'partselect' 'tmp_11' <Predicate = true> <Delay = 0.00>
ST_22 : Operation 123 [1/1] (0.00ns)   --->   "%trunc_ln1553 = trunc i32 %bitcast_ln1553" [source/swiftkv_attention.cpp:1553]   --->   Operation 123 'trunc' 'trunc_ln1553' <Predicate = true> <Delay = 0.00>
ST_22 : Operation 124 [1/1] (0.70ns)   --->   "%icmp_ln1553 = icmp_ne  i8 %tmp_11, i8 255" [source/swiftkv_attention.cpp:1553]   --->   Operation 124 'icmp' 'icmp_ln1553' <Predicate = true> <Delay = 0.70> <CoreInst = "Cmp">   --->   Core 9 'Cmp' <Latency = 0> <II = 1> <Delay = 0.70> <FuncUnit> <Opcode : 'icmp'> <InPorts = 2> <OutPorts = 1>
ST_22 : Operation 125 [1/1] (0.82ns)   --->   "%icmp_ln1553_1 = icmp_eq  i23 %trunc_ln1553, i23 0" [source/swiftkv_attention.cpp:1553]   --->   Operation 125 'icmp' 'icmp_ln1553_1' <Predicate = true> <Delay = 0.82> <CoreInst = "Cmp">   --->   Core 9 'Cmp' <Latency = 0> <II = 1> <Delay = 0.82> <FuncUnit> <Opcode : 'icmp'> <InPorts = 2> <OutPorts = 1>
ST_22 : Operation 126 [1/1] (0.00ns) (grouped into LUT with out node data)   --->   "%or_ln1553 = or i1 %icmp_ln1553_1, i1 %icmp_ln1553" [source/swiftkv_attention.cpp:1553]   --->   Operation 126 'or' 'or_ln1553' <Predicate = true> <Delay = 0.00> <CoreInst = "LogicGate">   --->   Core 74 'LogicGate' <Latency = 0> <II = 1> <Delay = 0.12> <FuncUnit> <Opcode : 'and' 'or' 'xor'> <InPorts = 2> <OutPorts = 1>
ST_22 : Operation 127 [1/2] (1.64ns)   --->   "%tmp_12 = fcmp_olt  i32 %rounded_1, i32 -16383" [source/swiftkv_attention.cpp:1553]   --->   Operation 127 'fcmp' 'tmp_12' <Predicate = true> <Delay = 1.64> <CoreInst = "FCompare">   --->   Core 19 'FCompare' <Latency = 1> <II = 1> <Delay = 1.64> <FuncUnit> <Opcode : 'fcmp'> <InPorts = 2> <OutPorts = 1>
ST_22 : Operation 128 [1/1] (0.00ns) (grouped into LUT with out node data)   --->   "%and_ln1553 = and i1 %or_ln1553, i1 %tmp_12" [source/swiftkv_attention.cpp:1553]   --->   Operation 128 'and' 'and_ln1553' <Predicate = true> <Delay = 0.00> <CoreInst = "LogicGate">   --->   Core 74 'LogicGate' <Latency = 0> <II = 1> <Delay = 0.12> <FuncUnit> <Opcode : 'and' 'or' 'xor'> <InPorts = 2> <OutPorts = 1>
ST_22 : Operation 129 [1/1] (0.22ns) (out node of the LUT)   --->   "%data = select i1 %and_ln1553, i32 3330276352, i32 %bitcast_ln1553" [C:\scratch\2023.2\hls_product\689\2023.2\src\shared\hls\clib/src/hls\utils/x_hls_utils.h:288->C:\scratch\2023.2\hls_product\689\2023.2\src\shared\hls\clib/hlsmath/include/FloatingPoint\hls_case_IEEE754.h:13->C:\scratch\2023.2\hls_product\689\2023.2\src\shared\hls\clib/hlsmath/include/FloatingPoint\hls_case_IEEE754.h:117->C:\scratch\2023.2\hls_product\689\2023.2\src\shared\hls\clib\hlsmath\src\lib_floatconversion.cpp:51->source/swiftkv_attention.cpp:1557]   --->   Operation 129 'select' 'data' <Predicate = true> <Delay = 0.22> <CoreInst = "Sel">   --->   Core 73 'Sel' <Latency = 0> <II = 1> <Delay = 0.22> <FuncUnit> <Opcode : 'select'> <InPorts = 3> <OutPorts = 1>
ST_22 : Operation 130 [1/1] (0.00ns)   --->   "%xs_sign = bitselect i1 @_ssdm_op_BitSelect.i1.i32.i32, i32 %data, i32 31" [C:\scratch\2023.2\hls_product\689\2023.2\src\shared\hls\clib/src/hls\utils/x_hls_utils.h:294->C:\scratch\2023.2\hls_product\689\2023.2\src\shared\hls\clib/hlsmath/include/FloatingPoint\hls_case_IEEE754.h:13->C:\scratch\2023.2\hls_product\689\2023.2\src\shared\hls\clib/hlsmath/include/FloatingPoint\hls_case_IEEE754.h:117->C:\scratch\2023.2\hls_product\689\2023.2\src\shared\hls\clib\hlsmath\src\lib_floatconversion.cpp:51->source/swiftkv_attention.cpp:1557]   --->   Operation 130 'bitselect' 'xs_sign' <Predicate = true> <Delay = 0.00>
ST_22 : Operation 131 [1/1] (0.00ns)   --->   "%xs_exp = partselect i8 @_ssdm_op_PartSelect.i8.i32.i32.i32, i32 %data, i32 23, i32 30" [C:\scratch\2023.2\hls_product\689\2023.2\src\shared\hls\clib/src/hls\utils/x_hls_utils.h:295->C:\scratch\2023.2\hls_product\689\2023.2\src\shared\hls\clib/hlsmath/include/FloatingPoint\hls_case_IEEE754.h:13->C:\scratch\2023.2\hls_product\689\2023.2\src\shared\hls\clib/hlsmath/include/FloatingPoint\hls_case_IEEE754.h:117->C:\scratch\2023.2\hls_product\689\2023.2\src\shared\hls\clib\hlsmath\src\lib_floatconversion.cpp:51->source/swiftkv_attention.cpp:1557]   --->   Operation 131 'partselect' 'xs_exp' <Predicate = true> <Delay = 0.00>
ST_22 : Operation 132 [1/1] (0.00ns)   --->   "%trunc_ln342 = trunc i32 %data" [C:\scratch\2023.2\hls_product\689\2023.2\src\shared\hls\clib/src/hls\utils/x_hls_utils.h:342->C:\scratch\2023.2\hls_product\689\2023.2\src\shared\hls\clib/hlsmath/include/FloatingPoint\hls_case_IEEE754.h:15->C:\scratch\2023.2\hls_product\689\2023.2\src\shared\hls\clib/hlsmath/include/FloatingPoint\hls_case_IEEE754.h:117->C:\scratch\2023.2\hls_product\689\2023.2\src\shared\hls\clib\hlsmath\src\lib_floatconversion.cpp:51->source/swiftkv_attention.cpp:1557]   --->   Operation 132 'trunc' 'trunc_ln342' <Predicate = true> <Delay = 0.00>

State 23 <SV = 22> <Delay = 2.35>
ST_23 : Operation 133 [1/1] (0.00ns)   --->   "%mantissa = bitconcatenate i25 @_ssdm_op_BitConcatenate.i25.i1.i23.i1, i1 1, i23 %trunc_ln342, i1 0" [C:\scratch\2023.2\hls_product\689\2023.2\src\shared\hls\clib/hlsmath/include/FloatingPoint\hls_case_IEEE754.h:15->C:\scratch\2023.2\hls_product\689\2023.2\src\shared\hls\clib/hlsmath/include/FloatingPoint\hls_case_IEEE754.h:117->C:\scratch\2023.2\hls_product\689\2023.2\src\shared\hls\clib\hlsmath\src\lib_floatconversion.cpp:51->source/swiftkv_attention.cpp:1557]   --->   Operation 133 'bitconcatenate' 'mantissa' <Predicate = true> <Delay = 0.00>
ST_23 : Operation 134 [1/1] (0.00ns)   --->   "%zext_ln15 = zext i25 %mantissa" [C:\scratch\2023.2\hls_product\689\2023.2\src\shared\hls\clib/hlsmath/include/FloatingPoint\hls_case_IEEE754.h:15->C:\scratch\2023.2\hls_product\689\2023.2\src\shared\hls\clib/hlsmath/include/FloatingPoint\hls_case_IEEE754.h:117->C:\scratch\2023.2\hls_product\689\2023.2\src\shared\hls\clib\hlsmath\src\lib_floatconversion.cpp:51->source/swiftkv_attention.cpp:1557]   --->   Operation 134 'zext' 'zext_ln15' <Predicate = true> <Delay = 0.00>
ST_23 : Operation 135 [1/1] (0.00ns)   --->   "%zext_ln317 = zext i8 %xs_exp" [C:\scratch\2023.2\hls_product\689\2023.2\src\shared\hls\clib/src/hls\utils/x_hls_utils.h:317->C:\scratch\2023.2\hls_product\689\2023.2\src\shared\hls\clib/hlsmath/include/FloatingPoint\hls_case_IEEE754.h:18->C:\scratch\2023.2\hls_product\689\2023.2\src\shared\hls\clib/hlsmath/include/FloatingPoint\hls_case_IEEE754.h:117->C:\scratch\2023.2\hls_product\689\2023.2\src\shared\hls\clib\hlsmath\src\lib_floatconversion.cpp:51->source/swiftkv_attention.cpp:1557]   --->   Operation 135 'zext' 'zext_ln317' <Predicate = true> <Delay = 0.00>
ST_23 : Operation 136 [1/1] (0.70ns)   --->   "%add_ln317 = add i9 %zext_ln317, i9 385" [C:\scratch\2023.2\hls_product\689\2023.2\src\shared\hls\clib/src/hls\utils/x_hls_utils.h:317->C:\scratch\2023.2\hls_product\689\2023.2\src\shared\hls\clib/hlsmath/include/FloatingPoint\hls_case_IEEE754.h:18->C:\scratch\2023.2\hls_product\689\2023.2\src\shared\hls\clib/hlsmath/include/FloatingPoint\hls_case_IEEE754.h:117->C:\scratch\2023.2\hls_product\689\2023.2\src\shared\hls\clib\hlsmath\src\lib_floatconversion.cpp:51->source/swiftkv_attention.cpp:1557]   --->   Operation 136 'add' 'add_ln317' <Predicate = true> <Delay = 0.70> <CoreInst = "Adder">   --->   Core 1 'Adder' <Latency = 0> <II = 1> <Delay = 0.70> <FuncUnit> <Opcode : 'add' 'sub'> <InPorts = 2> <OutPorts = 1>
ST_23 : Operation 137 [1/1] (0.00ns)   --->   "%tmp_14 = bitselect i1 @_ssdm_op_BitSelect.i1.i9.i32, i9 %add_ln317, i32 8" [C:\scratch\2023.2\hls_product\689\2023.2\src\shared\hls\clib/hlsmath/include/FloatingPoint\hls_case_IEEE754.h:18->C:\scratch\2023.2\hls_product\689\2023.2\src\shared\hls\clib/hlsmath/include/FloatingPoint\hls_case_IEEE754.h:117->C:\scratch\2023.2\hls_product\689\2023.2\src\shared\hls\clib\hlsmath\src\lib_floatconversion.cpp:51->source/swiftkv_attention.cpp:1557]   --->   Operation 137 'bitselect' 'tmp_14' <Predicate = true> <Delay = 0.00>
ST_23 : Operation 138 [1/1] (0.70ns)   --->   "%sub_ln18 = sub i8 127, i8 %xs_exp" [C:\scratch\2023.2\hls_product\689\2023.2\src\shared\hls\clib/hlsmath/include/FloatingPoint\hls_case_IEEE754.h:18->C:\scratch\2023.2\hls_product\689\2023.2\src\shared\hls\clib/hlsmath/include/FloatingPoint\hls_case_IEEE754.h:117->C:\scratch\2023.2\hls_product\689\2023.2\src\shared\hls\clib\hlsmath\src\lib_floatconversion.cpp:51->source/swiftkv_attention.cpp:1557]   --->   Operation 138 'sub' 'sub_ln18' <Predicate = true> <Delay = 0.70> <CoreInst = "Adder">   --->   Core 1 'Adder' <Latency = 0> <II = 1> <Delay = 0.70> <FuncUnit> <Opcode : 'add' 'sub'> <InPorts = 2> <OutPorts = 1>
ST_23 : Operation 139 [1/1] (0.00ns)   --->   "%sext_ln18 = sext i8 %sub_ln18" [C:\scratch\2023.2\hls_product\689\2023.2\src\shared\hls\clib/hlsmath/include/FloatingPoint\hls_case_IEEE754.h:18->C:\scratch\2023.2\hls_product\689\2023.2\src\shared\hls\clib/hlsmath/include/FloatingPoint\hls_case_IEEE754.h:117->C:\scratch\2023.2\hls_product\689\2023.2\src\shared\hls\clib\hlsmath\src\lib_floatconversion.cpp:51->source/swiftkv_attention.cpp:1557]   --->   Operation 139 'sext' 'sext_ln18' <Predicate = true> <Delay = 0.00>
ST_23 : Operation 140 [1/1] (0.30ns)   --->   "%select_ln18 = select i1 %tmp_14, i9 %sext_ln18, i9 %add_ln317" [C:\scratch\2023.2\hls_product\689\2023.2\src\shared\hls\clib/hlsmath/include/FloatingPoint\hls_case_IEEE754.h:18->C:\scratch\2023.2\hls_product\689\2023.2\src\shared\hls\clib/hlsmath/include/FloatingPoint\hls_case_IEEE754.h:117->C:\scratch\2023.2\hls_product\689\2023.2\src\shared\hls\clib\hlsmath\src\lib_floatconversion.cpp:51->source/swiftkv_attention.cpp:1557]   --->   Operation 140 'select' 'select_ln18' <Predicate = true> <Delay = 0.30> <CoreInst = "Sel">   --->   Core 73 'Sel' <Latency = 0> <II = 1> <Delay = 0.30> <FuncUnit> <Opcode : 'select'> <InPorts = 3> <OutPorts = 1>
ST_23 : Operation 141 [1/1] (0.00ns)   --->   "%sext_ln18_1 = sext i9 %select_ln18" [C:\scratch\2023.2\hls_product\689\2023.2\src\shared\hls\clib/hlsmath/include/FloatingPoint\hls_case_IEEE754.h:18->C:\scratch\2023.2\hls_product\689\2023.2\src\shared\hls\clib/hlsmath/include/FloatingPoint\hls_case_IEEE754.h:117->C:\scratch\2023.2\hls_product\689\2023.2\src\shared\hls\clib\hlsmath\src\lib_floatconversion.cpp:51->source/swiftkv_attention.cpp:1557]   --->   Operation 141 'sext' 'sext_ln18_1' <Predicate = true> <Delay = 0.00>
ST_23 : Operation 142 [1/1] (0.00ns)   --->   "%zext_ln18 = zext i32 %sext_ln18_1" [C:\scratch\2023.2\hls_product\689\2023.2\src\shared\hls\clib/hlsmath/include/FloatingPoint\hls_case_IEEE754.h:18->C:\scratch\2023.2\hls_product\689\2023.2\src\shared\hls\clib/hlsmath/include/FloatingPoint\hls_case_IEEE754.h:117->C:\scratch\2023.2\hls_product\689\2023.2\src\shared\hls\clib\hlsmath\src\lib_floatconversion.cpp:51->source/swiftkv_attention.cpp:1557]   --->   Operation 142 'zext' 'zext_ln18' <Predicate = true> <Delay = 0.00>
ST_23 : Operation 143 [1/1] (1.05ns)   --->   "%lshr_ln18 = lshr i79 %zext_ln15, i79 %zext_ln18" [C:\scratch\2023.2\hls_product\689\2023.2\src\shared\hls\clib/hlsmath/include/FloatingPoint\hls_case_IEEE754.h:18->C:\scratch\2023.2\hls_product\689\2023.2\src\shared\hls\clib/hlsmath/include/FloatingPoint\hls_case_IEEE754.h:117->C:\scratch\2023.2\hls_product\689\2023.2\src\shared\hls\clib\hlsmath\src\lib_floatconversion.cpp:51->source/swiftkv_attention.cpp:1557]   --->   Operation 143 'lshr' 'lshr_ln18' <Predicate = true> <Delay = 1.05> <CoreInst = "Shifter">   --->   Core 75 'Shifter' <Latency = 0> <II = 1> <Delay = 1.05> <FuncUnit> <Opcode : 'shl' 'lshr' 'ashr'> <InPorts = 2> <OutPorts = 1>
ST_23 : Operation 144 [1/1] (1.05ns)   --->   "%shl_ln18 = shl i79 %zext_ln15, i79 %zext_ln18" [C:\scratch\2023.2\hls_product\689\2023.2\src\shared\hls\clib/hlsmath/include/FloatingPoint\hls_case_IEEE754.h:18->C:\scratch\2023.2\hls_product\689\2023.2\src\shared\hls\clib/hlsmath/include/FloatingPoint\hls_case_IEEE754.h:117->C:\scratch\2023.2\hls_product\689\2023.2\src\shared\hls\clib\hlsmath\src\lib_floatconversion.cpp:51->source/swiftkv_attention.cpp:1557]   --->   Operation 144 'shl' 'shl_ln18' <Predicate = true> <Delay = 1.05> <CoreInst = "Shifter">   --->   Core 75 'Shifter' <Latency = 0> <II = 1> <Delay = 1.05> <FuncUnit> <Opcode : 'shl' 'lshr' 'ashr'> <InPorts = 2> <OutPorts = 1>
ST_23 : Operation 145 [1/1] (0.00ns)   --->   "%tmp_15 = partselect i15 @_ssdm_op_PartSelect.i15.i79.i32.i32, i79 %lshr_ln18, i32 24, i32 38" [C:\scratch\2023.2\hls_product\689\2023.2\src\shared\hls\clib/hlsmath/include/FloatingPoint\hls_case_IEEE754.h:21->C:\scratch\2023.2\hls_product\689\2023.2\src\shared\hls\clib/hlsmath/include/FloatingPoint\hls_case_IEEE754.h:117->C:\scratch\2023.2\hls_product\689\2023.2\src\shared\hls\clib\hlsmath\src\lib_floatconversion.cpp:51->source/swiftkv_attention.cpp:1557]   --->   Operation 145 'partselect' 'tmp_15' <Predicate = true> <Delay = 0.00>
ST_23 : Operation 146 [1/1] (0.00ns)   --->   "%tmp_16 = partselect i15 @_ssdm_op_PartSelect.i15.i79.i32.i32, i79 %shl_ln18, i32 24, i32 38" [C:\scratch\2023.2\hls_product\689\2023.2\src\shared\hls\clib/hlsmath/include/FloatingPoint\hls_case_IEEE754.h:21->C:\scratch\2023.2\hls_product\689\2023.2\src\shared\hls\clib/hlsmath/include/FloatingPoint\hls_case_IEEE754.h:117->C:\scratch\2023.2\hls_product\689\2023.2\src\shared\hls\clib\hlsmath\src\lib_floatconversion.cpp:51->source/swiftkv_attention.cpp:1557]   --->   Operation 146 'partselect' 'tmp_16' <Predicate = true> <Delay = 0.00>
ST_23 : Operation 147 [1/1] (0.29ns)   --->   "%val = select i1 %tmp_14, i15 %tmp_15, i15 %tmp_16" [C:\scratch\2023.2\hls_product\689\2023.2\src\shared\hls\clib/hlsmath/include/FloatingPoint\hls_case_IEEE754.h:18->C:\scratch\2023.2\hls_product\689\2023.2\src\shared\hls\clib/hlsmath/include/FloatingPoint\hls_case_IEEE754.h:117->C:\scratch\2023.2\hls_product\689\2023.2\src\shared\hls\clib\hlsmath\src\lib_floatconversion.cpp:51->source/swiftkv_attention.cpp:1557]   --->   Operation 147 'select' 'val' <Predicate = true> <Delay = 0.29> <CoreInst = "Sel">   --->   Core 73 'Sel' <Latency = 0> <II = 1> <Delay = 0.29> <FuncUnit> <Opcode : 'select'> <InPorts = 3> <OutPorts = 1>
ST_23 : Operation 158 [1/1] (0.00ns)   --->   "%quantized_word_load_1 = load i480 %quantized_word"   --->   Operation 158 'load' 'quantized_word_load_1' <Predicate = (tmp)> <Delay = 0.00>
ST_23 : Operation 159 [1/1] (0.00ns)   --->   "%write_ln0 = write void @_ssdm_op_Write.ap_auto.i480P0A, i480 %quantized_word_out, i480 %quantized_word_load_1"   --->   Operation 159 'write' 'write_ln0' <Predicate = (tmp)> <Delay = 0.00>
ST_23 : Operation 160 [1/1] (0.00ns)   --->   "%ret_ln0 = ret"   --->   Operation 160 'ret' 'ret_ln0' <Predicate = (tmp)> <Delay = 0.00>

State 24 <SV = 23> <Delay = 1.45>
ST_24 : Operation 148 [1/1] (0.00ns)   --->   "%quantized_word_load = load i480 %quantized_word" [source/swiftkv_attention.cpp:1559]   --->   Operation 148 'load' 'quantized_word_load' <Predicate = true> <Delay = 0.00>
ST_24 : Operation 149 [1/1] (0.00ns)   --->   "%specpipeline_ln1545 = specpipeline void @_ssdm_op_SpecPipeline, i32 1, i32 0, i32 0, i32 0, void @empty_418" [source/swiftkv_attention.cpp:1545]   --->   Operation 149 'specpipeline' 'specpipeline_ln1545' <Predicate = true> <Delay = 0.00>
ST_24 : Operation 150 [1/1] (0.00ns)   --->   "%speclooptripcount_ln1540 = speclooptripcount void @_ssdm_op_SpecLoopTripCount, i64 32, i64 32, i64 32" [source/swiftkv_attention.cpp:1540]   --->   Operation 150 'speclooptripcount' 'speclooptripcount_ln1540' <Predicate = true> <Delay = 0.00>
ST_24 : Operation 151 [1/1] (0.00ns)   --->   "%specloopname_ln1542 = specloopname void @_ssdm_op_SpecLoopName, void @empty_481" [source/swiftkv_attention.cpp:1542]   --->   Operation 151 'specloopname' 'specloopname_ln1542' <Predicate = true> <Delay = 0.00>
ST_24 : Operation 152 [1/1] (0.77ns)   --->   "%result_1 = sub i15 0, i15 %val" [C:\scratch\2023.2\hls_product\689\2023.2\src\shared\hls\clib/hlsmath/include/FloatingPoint\hls_case_IEEE754.h:59->C:\scratch\2023.2\hls_product\689\2023.2\src\shared\hls\clib/hlsmath/include/FloatingPoint\hls_case_IEEE754.h:117->C:\scratch\2023.2\hls_product\689\2023.2\src\shared\hls\clib\hlsmath\src\lib_floatconversion.cpp:51->source/swiftkv_attention.cpp:1557]   --->   Operation 152 'sub' 'result_1' <Predicate = (xs_sign)> <Delay = 0.77> <CoreInst = "Adder">   --->   Core 1 'Adder' <Latency = 0> <II = 1> <Delay = 0.77> <FuncUnit> <Opcode : 'add' 'sub'> <InPorts = 2> <OutPorts = 1>
ST_24 : Operation 153 [1/1] (0.29ns)   --->   "%quantized = select i1 %xs_sign, i15 %result_1, i15 %val" [C:\scratch\2023.2\hls_product\689\2023.2\src\shared\hls\clib/hlsmath/include/FloatingPoint\hls_case_IEEE754.h:59->C:\scratch\2023.2\hls_product\689\2023.2\src\shared\hls\clib/hlsmath/include/FloatingPoint\hls_case_IEEE754.h:117->C:\scratch\2023.2\hls_product\689\2023.2\src\shared\hls\clib\hlsmath\src\lib_floatconversion.cpp:51->source/swiftkv_attention.cpp:1557]   --->   Operation 153 'select' 'quantized' <Predicate = true> <Delay = 0.29> <CoreInst = "Sel">   --->   Core 73 'Sel' <Latency = 0> <II = 1> <Delay = 0.29> <FuncUnit> <Opcode : 'select'> <InPorts = 3> <OutPorts = 1>
ST_24 : Operation 154 [1/1] (0.00ns)   --->   "%trunc_ln1559 = trunc i480 %quantized_word_load" [source/swiftkv_attention.cpp:1559]   --->   Operation 154 'trunc' 'trunc_ln1559' <Predicate = true> <Delay = 0.00>
ST_24 : Operation 155 [1/1] (0.00ns)   --->   "%quantized_word_1 = bitconcatenate i480 @_ssdm_op_BitConcatenate.i480.i465.i15, i465 %trunc_ln1559, i15 %quantized" [source/swiftkv_attention.cpp:1559]   --->   Operation 155 'bitconcatenate' 'quantized_word_1' <Predicate = true> <Delay = 0.00>
ST_24 : Operation 156 [1/1] (0.38ns)   --->   "%store_ln1540 = store i480 %quantized_word_1, i480 %quantized_word" [source/swiftkv_attention.cpp:1540]   --->   Operation 156 'store' 'store_ln1540' <Predicate = true> <Delay = 0.38>
ST_24 : Operation 157 [1/1] (0.00ns)   --->   "%br_ln1542 = br void %for.body51" [source/swiftkv_attention.cpp:1542]   --->   Operation 157 'br' 'br_ln1542' <Predicate = true> <Delay = 0.00>


============================================================
+ Verbose Summary: Binding
============================================================
STG Binding: 
---------------- STG Properties BEGIN ----------------
- Is combinational: 0
- Is one-state seq: 0
- Is datapath-only: 0
- Is pipelined: 0
- Is top level: 0
Port [ Return ] is wired: 1; IO mode=ap_ctrl_hs:ce=0
Port [ attention_group]:  wired=1; compound=1; hidden=0; nouse=0; global=0; static=0; extern=0; dir=0; type=1; pingpong=0; private_global=0; MemPort=[1]; IO mode=ap_memory:ce=0
Port [ inverse_scale]:  wired=1; compound=0; hidden=0; nouse=0; global=0; static=0; extern=0; dir=0; type=0; pingpong=0; private_global=0; IO mode=ap_none:ce=0
Port [ quantized_word_out]:  wired=1; compound=0; hidden=0; nouse=0; global=0; static=0; extern=0; dir=1; type=0; pingpong=0; private_global=0; IO mode=ap_vld:ce=0
---------------- STG Properties END ------------------

---------------- Datapath Model BEGIN ----------------

<LifeTime>
<method=bitvector/>
quantized_word           (alloca           ) [ 0111111111111111111111111]
lane                     (alloca           ) [ 0100000000000000000000000]
specmemcore_ln0          (specmemcore      ) [ 0000000000000000000000000]
inverse_scale_read       (read             ) [ 0111111111000000000000000]
store_ln1542             (store            ) [ 0000000000000000000000000]
store_ln1540             (store            ) [ 0000000000000000000000000]
br_ln0                   (br               ) [ 0000000000000000000000000]
lane_1                   (load             ) [ 0000000000000000000000000]
tmp                      (bitselect        ) [ 0111111111111111111111110]
br_ln1542                (br               ) [ 0000000000000000000000000]
zext_ln1543              (zext             ) [ 0000000000000000000000000]
attention_group_addr     (getelementptr    ) [ 0110000000000000000000000]
add_ln1544               (add              ) [ 0000000000000000000000000]
store_ln1542             (store            ) [ 0000000000000000000000000]
attention_group_load     (load             ) [ 0101000000000000000000000]
tmp_1                    (bitselect        ) [ 0101110000000000000000000]
sub_ln1547               (sub              ) [ 0101000000000000000000000]
icmp_ln1547              (icmp             ) [ 0100110000000000000000000]
select_ln1547            (select           ) [ 0100100000000000000000000]
tmp_s                    (partselect       ) [ 0000000000000000000000000]
tmp_2                    (cttz             ) [ 0000000000000000000000000]
trunc_ln1547             (trunc            ) [ 0100110000000000000000000]
sub_ln1547_1             (sub              ) [ 0000000000000000000000000]
add_ln1547               (add              ) [ 0100100000000000000000000]
tmp_3                    (partselect       ) [ 0100100000000000000000000]
trunc_ln1547_1           (trunc            ) [ 0000000000000000000000000]
sub_ln1547_4             (sub              ) [ 0000000000000000000000000]
zext_ln1547_5            (zext             ) [ 0000000000000000000000000]
lshr_ln1547_2            (lshr             ) [ 0100100000000000000000000]
bit_select27_i_i         (bitselect        ) [ 0100100000000000000000000]
add_ln1547_1             (add              ) [ 0100100000000000000000000]
sub_ln1547_2             (sub              ) [ 0100100000000000000000000]
icmp_ln1547_1            (icmp             ) [ 0000000000000000000000000]
and_ln1547_2             (and              ) [ 0000000000000000000000000]
icmp_ln1547_2            (icmp             ) [ 0000000000000000000000000]
and_ln1547               (and              ) [ 0000000000000000000000000]
tmp_4                    (bitselect        ) [ 0000000000000000000000000]
xor_ln1547               (xor              ) [ 0000000000000000000000000]
and_ln1547_1             (and              ) [ 0000000000000000000000000]
or_ln1547                (or               ) [ 0000000000000000000000000]
or_ln1                   (bitconcatenate   ) [ 0000000000000000000000000]
zext_ln1547              (zext             ) [ 0000000000000000000000000]
icmp_ln1547_3            (icmp             ) [ 0000000000000000000000000]
zext_ln1547_1            (zext             ) [ 0000000000000000000000000]
lshr_ln1547              (lshr             ) [ 0000000000000000000000000]
zext_ln1547_2            (zext             ) [ 0000000000000000000000000]
shl_ln1547               (shl              ) [ 0000000000000000000000000]
select_ln1547_1          (select           ) [ 0000000000000000000000000]
zext_ln1547_3            (zext             ) [ 0000000000000000000000000]
add_ln1547_2             (add              ) [ 0000000000000000000000000]
lshr_ln1547_1            (partselect       ) [ 0100010000000000000000000]
tmp_5                    (bitselect        ) [ 0100010000000000000000000]
zext_ln1547_4            (zext             ) [ 0000000000000000000000000]
select_ln1547_2          (select           ) [ 0000000000000000000000000]
sub_ln1547_3             (sub              ) [ 0000000000000000000000000]
add_ln1547_3             (add              ) [ 0000000000000000000000000]
tmp_6                    (bitconcatenate   ) [ 0000000000000000000000000]
pi_assign_1              (partset          ) [ 0000000000000000000000000]
LD                       (trunc            ) [ 0000000000000000000000000]
bitcast_ln766            (bitcast          ) [ 0000000000000000000000000]
select_ln1547_3          (select           ) [ 0100001111000000000000000]
scaled                   (fmul             ) [ 0100000000111111111000000]
bitcast_ln1549           (bitcast          ) [ 0000000000000000000000000]
tmp_7                    (partselect       ) [ 0000000000000000000000000]
trunc_ln1549             (trunc            ) [ 0000000000000000000000000]
icmp_ln1549              (icmp             ) [ 0000000000000000000000000]
icmp_ln1549_1            (icmp             ) [ 0000000000000000000000000]
or_ln1549                (or               ) [ 0000000000000000000000000]
tmp_8                    (fcmp             ) [ 0000000000000000000000000]
and_ln1549               (and              ) [ 0000000000000000000000000]
select_ln1549            (select           ) [ 0100000000001111111000000]
rounded                  (fadd             ) [ 0100000000000000000110000]
bitcast_ln1550           (bitcast          ) [ 0000000000000000000000000]
tmp_9                    (partselect       ) [ 0000000000000000000000000]
trunc_ln1550             (trunc            ) [ 0000000000000000000000000]
icmp_ln1550              (icmp             ) [ 0000000000000000000000000]
icmp_ln1550_1            (icmp             ) [ 0000000000000000000000000]
or_ln1550                (or               ) [ 0000000000000000000000000]
tmp_10                   (fcmp             ) [ 0000000000000000000000000]
and_ln1550               (and              ) [ 0000000000000000000000000]
rounded_1                (select           ) [ 0100000000000000000001100]
bitcast_ln1553           (bitcast          ) [ 0000000000000000000000000]
tmp_11                   (partselect       ) [ 0000000000000000000000000]
trunc_ln1553             (trunc            ) [ 0000000000000000000000000]
icmp_ln1553              (icmp             ) [ 0000000000000000000000000]
icmp_ln1553_1            (icmp             ) [ 0000000000000000000000000]
or_ln1553                (or               ) [ 0000000000000000000000000]
tmp_12                   (fcmp             ) [ 0000000000000000000000000]
and_ln1553               (and              ) [ 0000000000000000000000000]
data                     (select           ) [ 0000000000000000000000000]
xs_sign                  (bitselect        ) [ 0100000000000000000000011]
xs_exp                   (partselect       ) [ 0100000000000000000000010]
trunc_ln342              (trunc            ) [ 0100000000000000000000010]
mantissa                 (bitconcatenate   ) [ 0000000000000000000000000]
zext_ln15                (zext             ) [ 0000000000000000000000000]
zext_ln317               (zext             ) [ 0000000000000000000000000]
add_ln317                (add              ) [ 0000000000000000000000000]
tmp_14                   (bitselect        ) [ 0000000000000000000000000]
sub_ln18                 (sub              ) [ 0000000000000000000000000]
sext_ln18                (sext             ) [ 0000000000000000000000000]
select_ln18              (select           ) [ 0000000000000000000000000]
sext_ln18_1              (sext             ) [ 0000000000000000000000000]
zext_ln18                (zext             ) [ 0000000000000000000000000]
lshr_ln18                (lshr             ) [ 0000000000000000000000000]
shl_ln18                 (shl              ) [ 0000000000000000000000000]
tmp_15                   (partselect       ) [ 0000000000000000000000000]
tmp_16                   (partselect       ) [ 0000000000000000000000000]
val                      (select           ) [ 0100000000000000000000001]
quantized_word_load      (load             ) [ 0000000000000000000000000]
specpipeline_ln1545      (specpipeline     ) [ 0000000000000000000000000]
speclooptripcount_ln1540 (speclooptripcount) [ 0000000000000000000000000]
specloopname_ln1542      (specloopname     ) [ 0000000000000000000000000]
result_1                 (sub              ) [ 0000000000000000000000000]
quantized                (select           ) [ 0000000000000000000000000]
trunc_ln1559             (trunc            ) [ 0000000000000000000000000]
quantized_word_1         (bitconcatenate   ) [ 0000000000000000000000000]
store_ln1540             (store            ) [ 0000000000000000000000000]
br_ln1542                (br               ) [ 0000000000000000000000000]
quantized_word_load_1    (load             ) [ 0000000000000000000000000]
write_ln0                (write            ) [ 0000000000000000000000000]
ret_ln0                  (ret              ) [ 0000000000000000000000000]
</LifeTime>

<model>

<comp_list>
<comp id="0" class="1000" name="attention_group">
<pin_list>
<pin id="1" dir="1" index="0" bw="1" slack="0"/>
</pin_list>
<bind>
<StgValue><ssdm name="attention_group"/><MemPortTyVec>1 </MemPortTyVec>
</StgValue>
</bind>
</comp>

<comp id="2" class="1000" name="inverse_scale">
<pin_list>
<pin id="3" dir="1" index="0" bw="1" slack="0"/>
</pin_list>
<bind>
<StgValue><ssdm name="inverse_scale"/></StgValue>
</bind>
</comp>

<comp id="4" class="1000" name="quantized_word_out">
<pin_list>
<pin id="5" dir="1" index="0" bw="1" slack="0"/>
</pin_list>
<bind>
<StgValue><ssdm name="quantized_word_out"/></StgValue>
</bind>
</comp>

<comp id="6" class="1001" name="const_6">
<pin_list>
<pin id="7" dir="1" index="0" bw="1" slack="0"/>
</pin_list>
<bind>
<StgValue><ssdm name=""/></StgValue>
</bind>
</comp>

<comp id="8" class="1001" name="const_8">
<pin_list>
<pin id="9" dir="1" index="0" bw="1" slack="2147483647"/>
</pin_list>
<bind>
<StgValue><ssdm name="_ssdm_op_SpecMemCore"/></StgValue>
</bind>
</comp>

<comp id="10" class="1001" name="const_10">
<pin_list>
<pin id="11" dir="1" index="0" bw="1" slack="2147483647"/>
</pin_list>
<bind>
<StgValue><ssdm name=""/></StgValue>
</bind>
</comp>

<comp id="12" class="1001" name="const_12">
<pin_list>
<pin id="13" dir="1" index="0" bw="1" slack="2147483647"/>
</pin_list>
<bind>
<StgValue><ssdm name=""/></StgValue>
</bind>
</comp>

<comp id="14" class="1001" name="const_14">
<pin_list>
<pin id="15" dir="1" index="0" bw="1" slack="2147483647"/>
</pin_list>
<bind>
<StgValue><ssdm name=""/></StgValue>
</bind>
</comp>

<comp id="16" class="1001" name="const_16">
<pin_list>
<pin id="17" dir="1" index="0" bw="1" slack="0"/>
</pin_list>
<bind>
<StgValue><ssdm name="_ssdm_op_Read.ap_auto.float"/></StgValue>
</bind>
</comp>

<comp id="18" class="1001" name="const_18">
<pin_list>
<pin id="19" dir="1" index="0" bw="1" slack="0"/>
</pin_list>
<bind>
<StgValue><ssdm name=""/></StgValue>
</bind>
</comp>

<comp id="20" class="1001" name="const_20">
<pin_list>
<pin id="21" dir="1" index="0" bw="1" slack="0"/>
</pin_list>
<bind>
<StgValue><ssdm name=""/></StgValue>
</bind>
</comp>

<comp id="22" class="1001" name="const_22">
<pin_list>
<pin id="23" dir="1" index="0" bw="1" slack="0"/>
</pin_list>
<bind>
<StgValue><ssdm name="_ssdm_op_BitSelect.i1.i6.i32"/></StgValue>
</bind>
</comp>

<comp id="24" class="1001" name="const_24">
<pin_list>
<pin id="25" dir="1" index="0" bw="1" slack="0"/>
</pin_list>
<bind>
<StgValue><ssdm name=""/></StgValue>
</bind>
</comp>

<comp id="26" class="1001" name="const_26">
<pin_list>
<pin id="27" dir="1" index="0" bw="1" slack="0"/>
</pin_list>
<bind>
<StgValue><ssdm name=""/></StgValue>
</bind>
</comp>

<comp id="28" class="1001" name="const_28">
<pin_list>
<pin id="29" dir="1" index="0" bw="1" slack="0"/>
</pin_list>
<bind>
<StgValue><ssdm name=""/></StgValue>
</bind>
</comp>

<comp id="30" class="1001" name="const_30">
<pin_list>
<pin id="31" dir="1" index="0" bw="1" slack="0"/>
</pin_list>
<bind>
<StgValue><ssdm name="_ssdm_op_BitSelect.i1.i32.i32"/></StgValue>
</bind>
</comp>

<comp id="32" class="1001" name="const_32">
<pin_list>
<pin id="33" dir="1" index="0" bw="1" slack="0"/>
</pin_list>
<bind>
<StgValue><ssdm name=""/></StgValue>
</bind>
</comp>

<comp id="34" class="1001" name="const_34">
<pin_list>
<pin id="35" dir="1" index="0" bw="1" slack="0"/>
</pin_list>
<bind>
<StgValue><ssdm name=""/></StgValue>
</bind>
</comp>

<comp id="36" class="1001" name="const_36">
<pin_list>
<pin id="37" dir="1" index="0" bw="1" slack="0"/>
</pin_list>
<bind>
<StgValue><ssdm name="llvm.part.select.i32"/></StgValue>
</bind>
</comp>

<comp id="38" class="1001" name="const_38">
<pin_list>
<pin id="39" dir="1" index="0" bw="1" slack="0"/>
</pin_list>
<bind>
<StgValue><ssdm name="llvm.cttz.i32"/></StgValue>
</bind>
</comp>

<comp id="40" class="1001" name="const_40">
<pin_list>
<pin id="41" dir="1" index="0" bw="1" slack="0"/>
</pin_list>
<bind>
<StgValue><ssdm name=""/></StgValue>
</bind>
</comp>

<comp id="42" class="1001" name="const_42">
<pin_list>
<pin id="43" dir="1" index="0" bw="1" slack="0"/>
</pin_list>
<bind>
<StgValue><ssdm name=""/></StgValue>
</bind>
</comp>

<comp id="44" class="1001" name="const_44">
<pin_list>
<pin id="45" dir="1" index="0" bw="1" slack="0"/>
</pin_list>
<bind>
<StgValue><ssdm name=""/></StgValue>
</bind>
</comp>

<comp id="46" class="1001" name="const_46">
<pin_list>
<pin id="47" dir="1" index="0" bw="1" slack="0"/>
</pin_list>
<bind>
<StgValue><ssdm name="_ssdm_op_PartSelect.i31.i32.i32.i32"/></StgValue>
</bind>
</comp>

<comp id="48" class="1001" name="const_48">
<pin_list>
<pin id="49" dir="1" index="0" bw="1" slack="0"/>
</pin_list>
<bind>
<StgValue><ssdm name=""/></StgValue>
</bind>
</comp>

<comp id="50" class="1001" name="const_50">
<pin_list>
<pin id="51" dir="1" index="0" bw="1" slack="0"/>
</pin_list>
<bind>
<StgValue><ssdm name=""/></StgValue>
</bind>
</comp>

<comp id="52" class="1001" name="const_52">
<pin_list>
<pin id="53" dir="1" index="0" bw="1" slack="0"/>
</pin_list>
<bind>
<StgValue><ssdm name=""/></StgValue>
</bind>
</comp>

<comp id="54" class="1001" name="const_54">
<pin_list>
<pin id="55" dir="1" index="0" bw="1" slack="0"/>
</pin_list>
<bind>
<StgValue><ssdm name=""/></StgValue>
</bind>
</comp>

<comp id="56" class="1001" name="const_56">
<pin_list>
<pin id="57" dir="1" index="0" bw="1" slack="0"/>
</pin_list>
<bind>
<StgValue><ssdm name=""/></StgValue>
</bind>
</comp>

<comp id="58" class="1001" name="const_58">
<pin_list>
<pin id="59" dir="1" index="0" bw="1" slack="0"/>
</pin_list>
<bind>
<StgValue><ssdm name="_ssdm_op_BitConcatenate.i2.i1.i1"/></StgValue>
</bind>
</comp>

<comp id="60" class="1001" name="const_60">
<pin_list>
<pin id="61" dir="1" index="0" bw="1" slack="0"/>
</pin_list>
<bind>
<StgValue><ssdm name=""/></StgValue>
</bind>
</comp>

<comp id="62" class="1001" name="const_62">
<pin_list>
<pin id="63" dir="1" index="0" bw="1" slack="0"/>
</pin_list>
<bind>
<StgValue><ssdm name="_ssdm_op_PartSelect.i63.i64.i32.i32"/></StgValue>
</bind>
</comp>

<comp id="64" class="1001" name="const_64">
<pin_list>
<pin id="65" dir="1" index="0" bw="1" slack="0"/>
</pin_list>
<bind>
<StgValue><ssdm name=""/></StgValue>
</bind>
</comp>

<comp id="66" class="1001" name="const_66">
<pin_list>
<pin id="67" dir="1" index="0" bw="1" slack="0"/>
</pin_list>
<bind>
<StgValue><ssdm name="_ssdm_op_BitSelect.i1.i64.i32"/></StgValue>
</bind>
</comp>

<comp id="68" class="1001" name="const_68">
<pin_list>
<pin id="69" dir="1" index="0" bw="1" slack="0"/>
</pin_list>
<bind>
<StgValue><ssdm name=""/></StgValue>
</bind>
</comp>

<comp id="70" class="1001" name="const_70">
<pin_list>
<pin id="71" dir="1" index="0" bw="1" slack="0"/>
</pin_list>
<bind>
<StgValue><ssdm name=""/></StgValue>
</bind>
</comp>

<comp id="72" class="1001" name="const_72">
<pin_list>
<pin id="73" dir="1" index="0" bw="1" slack="0"/>
</pin_list>
<bind>
<StgValue><ssdm name=""/></StgValue>
</bind>
</comp>

<comp id="74" class="1001" name="const_74">
<pin_list>
<pin id="75" dir="1" index="0" bw="1" slack="0"/>
</pin_list>
<bind>
<StgValue><ssdm name="_ssdm_op_BitConcatenate.i9.i1.i8"/></StgValue>
</bind>
</comp>

<comp id="76" class="1001" name="const_76">
<pin_list>
<pin id="77" dir="1" index="0" bw="1" slack="0"/>
</pin_list>
<bind>
<StgValue><ssdm name="_ssdm_op_PartSet.i64.i64.i9.i32.i32"/></StgValue>
</bind>
</comp>

<comp id="78" class="1001" name="const_78">
<pin_list>
<pin id="79" dir="1" index="0" bw="1" slack="0"/>
</pin_list>
<bind>
<StgValue><ssdm name=""/></StgValue>
</bind>
</comp>

<comp id="80" class="1001" name="const_80">
<pin_list>
<pin id="81" dir="1" index="0" bw="1" slack="0"/>
</pin_list>
<bind>
<StgValue><ssdm name=""/></StgValue>
</bind>
</comp>

<comp id="82" class="1001" name="const_82">
<pin_list>
<pin id="83" dir="1" index="0" bw="1" slack="0"/>
</pin_list>
<bind>
<StgValue><ssdm name="_ssdm_op_PartSelect.i8.i32.i32.i32"/></StgValue>
</bind>
</comp>

<comp id="84" class="1001" name="const_84">
<pin_list>
<pin id="85" dir="1" index="0" bw="1" slack="0"/>
</pin_list>
<bind>
<StgValue><ssdm name=""/></StgValue>
</bind>
</comp>

<comp id="86" class="1001" name="const_86">
<pin_list>
<pin id="87" dir="1" index="0" bw="1" slack="0"/>
</pin_list>
<bind>
<StgValue><ssdm name=""/></StgValue>
</bind>
</comp>

<comp id="88" class="1001" name="const_88">
<pin_list>
<pin id="89" dir="1" index="0" bw="1" slack="0"/>
</pin_list>
<bind>
<StgValue><ssdm name=""/></StgValue>
</bind>
</comp>

<comp id="90" class="1001" name="const_90">
<pin_list>
<pin id="91" dir="1" index="0" bw="1" slack="0"/>
</pin_list>
<bind>
<StgValue><ssdm name=""/></StgValue>
</bind>
</comp>

<comp id="92" class="1001" name="const_92">
<pin_list>
<pin id="93" dir="1" index="0" bw="1" slack="0"/>
</pin_list>
<bind>
<StgValue><ssdm name=""/></StgValue>
</bind>
</comp>

<comp id="94" class="1001" name="const_94">
<pin_list>
<pin id="95" dir="1" index="0" bw="1" slack="0"/>
</pin_list>
<bind>
<StgValue><ssdm name=""/></StgValue>
</bind>
</comp>

<comp id="96" class="1001" name="const_96">
<pin_list>
<pin id="97" dir="1" index="0" bw="1" slack="0"/>
</pin_list>
<bind>
<StgValue><ssdm name=""/></StgValue>
</bind>
</comp>

<comp id="98" class="1001" name="const_98">
<pin_list>
<pin id="99" dir="1" index="0" bw="1" slack="0"/>
</pin_list>
<bind>
<StgValue><ssdm name=""/></StgValue>
</bind>
</comp>

<comp id="100" class="1001" name="const_100">
<pin_list>
<pin id="101" dir="1" index="0" bw="1" slack="0"/>
</pin_list>
<bind>
<StgValue><ssdm name="_ssdm_op_BitConcatenate.i25.i1.i23.i1"/></StgValue>
</bind>
</comp>

<comp id="102" class="1001" name="const_102">
<pin_list>
<pin id="103" dir="1" index="0" bw="1" slack="0"/>
</pin_list>
<bind>
<StgValue><ssdm name=""/></StgValue>
</bind>
</comp>

<comp id="104" class="1001" name="const_104">
<pin_list>
<pin id="105" dir="1" index="0" bw="1" slack="0"/>
</pin_list>
<bind>
<StgValue><ssdm name="_ssdm_op_BitSelect.i1.i9.i32"/></StgValue>
</bind>
</comp>

<comp id="106" class="1001" name="const_106">
<pin_list>
<pin id="107" dir="1" index="0" bw="1" slack="0"/>
</pin_list>
<bind>
<StgValue><ssdm name=""/></StgValue>
</bind>
</comp>

<comp id="108" class="1001" name="const_108">
<pin_list>
<pin id="109" dir="1" index="0" bw="1" slack="0"/>
</pin_list>
<bind>
<StgValue><ssdm name="_ssdm_op_PartSelect.i15.i79.i32.i32"/></StgValue>
</bind>
</comp>

<comp id="110" class="1001" name="const_110">
<pin_list>
<pin id="111" dir="1" index="0" bw="1" slack="0"/>
</pin_list>
<bind>
<StgValue><ssdm name=""/></StgValue>
</bind>
</comp>

<comp id="112" class="1001" name="const_112">
<pin_list>
<pin id="113" dir="1" index="0" bw="1" slack="0"/>
</pin_list>
<bind>
<StgValue><ssdm name=""/></StgValue>
</bind>
</comp>

<comp id="114" class="1001" name="const_114">
<pin_list>
<pin id="115" dir="1" index="0" bw="1" slack="2147483647"/>
</pin_list>
<bind>
<StgValue><ssdm name="_ssdm_op_SpecPipeline"/></StgValue>
</bind>
</comp>

<comp id="116" class="1001" name="const_116">
<pin_list>
<pin id="117" dir="1" index="0" bw="1" slack="2147483647"/>
</pin_list>
<bind>
<StgValue><ssdm name="empty_418"/></StgValue>
</bind>
</comp>

<comp id="118" class="1001" name="const_118">
<pin_list>
<pin id="119" dir="1" index="0" bw="1" slack="2147483647"/>
</pin_list>
<bind>
<StgValue><ssdm name="_ssdm_op_SpecLoopTripCount"/></StgValue>
</bind>
</comp>

<comp id="120" class="1001" name="const_120">
<pin_list>
<pin id="121" dir="1" index="0" bw="1" slack="2147483647"/>
</pin_list>
<bind>
<StgValue><ssdm name=""/></StgValue>
</bind>
</comp>

<comp id="122" class="1001" name="const_122">
<pin_list>
<pin id="123" dir="1" index="0" bw="1" slack="2147483647"/>
</pin_list>
<bind>
<StgValue><ssdm name="_ssdm_op_SpecLoopName"/></StgValue>
</bind>
</comp>

<comp id="124" class="1001" name="const_124">
<pin_list>
<pin id="125" dir="1" index="0" bw="1" slack="2147483647"/>
</pin_list>
<bind>
<StgValue><ssdm name="empty_481"/></StgValue>
</bind>
</comp>

<comp id="126" class="1001" name="const_126">
<pin_list>
<pin id="127" dir="1" index="0" bw="1" slack="0"/>
</pin_list>
<bind>
<StgValue><ssdm name=""/></StgValue>
</bind>
</comp>

<comp id="128" class="1001" name="const_128">
<pin_list>
<pin id="129" dir="1" index="0" bw="1" slack="0"/>
</pin_list>
<bind>
<StgValue><ssdm name="_ssdm_op_BitConcatenate.i480.i465.i15"/></StgValue>
</bind>
</comp>

<comp id="130" class="1001" name="const_130">
<pin_list>
<pin id="131" dir="1" index="0" bw="1" slack="0"/>
</pin_list>
<bind>
<StgValue><ssdm name="_ssdm_op_Write.ap_auto.i480P0A"/></StgValue>
</bind>
</comp>

<comp id="132" class="1004" name="quantized_word_fu_132">
<pin_list>
<pin id="133" dir="0" index="0" bw="1" slack="0"/>
<pin id="134" dir="1" index="1" bw="480" slack="0"/>
</pin_list>
<bind>
<opcode="alloca(26) " fcode="alloca"/>
<opset="quantized_word/1 "/>
</bind>
</comp>

<comp id="136" class="1004" name="lane_fu_136">
<pin_list>
<pin id="137" dir="0" index="0" bw="1" slack="0"/>
<pin id="138" dir="1" index="1" bw="6" slack="0"/>
</pin_list>
<bind>
<opcode="alloca(26) " fcode="alloca"/>
<opset="lane/1 "/>
</bind>
</comp>

<comp id="140" class="1004" name="inverse_scale_read_read_fu_140">
<pin_list>
<pin id="141" dir="0" index="0" bw="32" slack="0"/>
<pin id="142" dir="0" index="1" bw="32" slack="0"/>
<pin id="143" dir="1" index="2" bw="32" slack="5"/>
</pin_list>
<bind>
<opcode="read(1150) " fcode="read"/>
<opset="inverse_scale_read/1 "/>
</bind>
</comp>

<comp id="146" class="1004" name="write_ln0_write_fu_146">
<pin_list>
<pin id="147" dir="0" index="0" bw="0" slack="0"/>
<pin id="148" dir="0" index="1" bw="480" slack="0"/>
<pin id="149" dir="0" index="2" bw="480" slack="0"/>
<pin id="150" dir="1" index="3" bw="0" slack="2147483647"/>
</pin_list>
<bind>
<opcode="write(1151) " fcode="write"/>
<opset="write_ln0/23 "/>
</bind>
</comp>

<comp id="153" class="1004" name="attention_group_addr_gep_fu_153">
<pin_list>
<pin id="154" dir="0" index="0" bw="32" slack="0"/>
<pin id="155" dir="0" index="1" bw="1" slack="0"/>
<pin id="156" dir="0" index="2" bw="6" slack="0"/>
<pin id="157" dir="1" index="3" bw="5" slack="0"/>
</pin_list>
<bind>
<opcode="getelementptr(29) " fcode="getelementptr"/>
<opset="attention_group_addr/1 "/>
</bind>
</comp>

<comp id="160" class="1004" name="grp_access_fu_160">
<pin_list>
<pin id="161" dir="0" index="0" bw="5" slack="0"/>
<pin id="162" dir="0" index="1" bw="32" slack="2147483647"/>
<pin id="163" dir="0" index="2" bw="0" slack="2147483647"/>
<pin id="164" dir="1" index="3" bw="32" slack="0"/>
</pin_list>
<bind>
<opcode="load(27) " fcode="load"/>
<opset="attention_group_load/1 "/>
</bind>
</comp>

<comp id="166" class="1004" name="grp_fu_166">
<pin_list>
<pin id="167" dir="0" index="0" bw="32" slack="3"/>
<pin id="168" dir="0" index="1" bw="32" slack="1"/>
<pin id="169" dir="1" index="2" bw="32" slack="1"/>
</pin_list>
<bind>
<opcode="fadd(9) " fcode="fadd"/>
<opset="rounded/12 "/>
</bind>
</comp>

<comp id="170" class="1004" name="grp_fu_170">
<pin_list>
<pin id="171" dir="0" index="0" bw="32" slack="1"/>
<pin id="172" dir="0" index="1" bw="32" slack="5"/>
<pin id="173" dir="1" index="2" bw="32" slack="1"/>
</pin_list>
<bind>
<opcode="fmul(13) " fcode="fmul"/>
<opset="scaled/6 "/>
</bind>
</comp>

<comp id="174" class="1004" name="grp_fu_174">
<pin_list>
<pin id="175" dir="0" index="0" bw="32" slack="1"/>
<pin id="176" dir="0" index="1" bw="32" slack="0"/>
<pin id="177" dir="1" index="2" bw="1" slack="0"/>
</pin_list>
<bind>
<opcode="fcmp(46) " fcode="fcmp"/>
<opset="tmp_8/10 "/>
</bind>
</comp>

<comp id="179" class="1004" name="grp_fu_179">
<pin_list>
<pin id="180" dir="0" index="0" bw="32" slack="1"/>
<pin id="181" dir="0" index="1" bw="32" slack="0"/>
<pin id="182" dir="1" index="2" bw="1" slack="0"/>
</pin_list>
<bind>
<opcode="fcmp(46) " fcode="fcmp"/>
<opset="tmp_10/19 "/>
</bind>
</comp>

<comp id="184" class="1004" name="grp_fu_184">
<pin_list>
<pin id="185" dir="0" index="0" bw="32" slack="1"/>
<pin id="186" dir="0" index="1" bw="32" slack="0"/>
<pin id="187" dir="1" index="2" bw="1" slack="0"/>
</pin_list>
<bind>
<opcode="fcmp(46) " fcode="fcmp"/>
<opset="tmp_12/21 "/>
</bind>
</comp>

<comp id="189" class="1004" name="store_ln1542_store_fu_189">
<pin_list>
<pin id="190" dir="0" index="0" bw="6" slack="0"/>
<pin id="191" dir="0" index="1" bw="6" slack="0"/>
<pin id="192" dir="1" index="2" bw="0" slack="2147483647"/>
</pin_list>
<bind>
<opcode="store(28) " fcode="store"/>
<opset="store_ln1542/1 "/>
</bind>
</comp>

<comp id="194" class="1004" name="store_ln1540_store_fu_194">
<pin_list>
<pin id="195" dir="0" index="0" bw="1" slack="0"/>
<pin id="196" dir="0" index="1" bw="480" slack="0"/>
<pin id="197" dir="1" index="2" bw="0" slack="2147483647"/>
</pin_list>
<bind>
<opcode="store(28) " fcode="store"/>
<opset="store_ln1540/1 "/>
</bind>
</comp>

<comp id="199" class="1004" name="lane_1_load_fu_199">
<pin_list>
<pin id="200" dir="0" index="0" bw="6" slack="0"/>
<pin id="201" dir="1" index="1" bw="6" slack="0"/>
</pin_list>
<bind>
<opcode="load(27) " fcode="load"/>
<opset="lane_1/1 "/>
</bind>
</comp>

<comp id="202" class="1004" name="tmp_fu_202">
<pin_list>
<pin id="203" dir="0" index="0" bw="1" slack="0"/>
<pin id="204" dir="0" index="1" bw="6" slack="0"/>
<pin id="205" dir="0" index="2" bw="4" slack="0"/>
<pin id="206" dir="1" index="3" bw="1" slack="22"/>
</pin_list>
<bind>
<opcode="bitselect(1000) " fcode="bitselect"/>
<opset="tmp/1 "/>
</bind>
</comp>

<comp id="210" class="1004" name="zext_ln1543_fu_210">
<pin_list>
<pin id="211" dir="0" index="0" bw="6" slack="0"/>
<pin id="212" dir="1" index="1" bw="64" slack="0"/>
</pin_list>
<bind>
<opcode="zext(34) " fcode="zext"/>
<opset="zext_ln1543/1 "/>
</bind>
</comp>

<comp id="215" class="1004" name="add_ln1544_fu_215">
<pin_list>
<pin id="216" dir="0" index="0" bw="6" slack="0"/>
<pin id="217" dir="0" index="1" bw="1" slack="0"/>
<pin id="218" dir="1" index="2" bw="6" slack="0"/>
</pin_list>
<bind>
<opcode="add(8) " fcode="add"/>
<opset="add_ln1544/1 "/>
</bind>
</comp>

<comp id="221" class="1004" name="store_ln1542_store_fu_221">
<pin_list>
<pin id="222" dir="0" index="0" bw="6" slack="0"/>
<pin id="223" dir="0" index="1" bw="6" slack="0"/>
<pin id="224" dir="1" index="2" bw="0" slack="2147483647"/>
</pin_list>
<bind>
<opcode="store(28) " fcode="store"/>
<opset="store_ln1542/1 "/>
</bind>
</comp>

<comp id="226" class="1004" name="tmp_1_fu_226">
<pin_list>
<pin id="227" dir="0" index="0" bw="1" slack="0"/>
<pin id="228" dir="0" index="1" bw="32" slack="0"/>
<pin id="229" dir="0" index="2" bw="6" slack="0"/>
<pin id="230" dir="1" index="3" bw="1" slack="1"/>
</pin_list>
<bind>
<opcode="bitselect(1000) " fcode="bitselect"/>
<opset="tmp_1/2 "/>
</bind>
</comp>

<comp id="234" class="1004" name="sub_ln1547_fu_234">
<pin_list>
<pin id="235" dir="0" index="0" bw="1" slack="0"/>
<pin id="236" dir="0" index="1" bw="32" slack="0"/>
<pin id="237" dir="1" index="2" bw="32" slack="1"/>
</pin_list>
<bind>
<opcode="sub(10) " fcode="sub"/>
<opset="sub_ln1547/2 "/>
</bind>
</comp>

<comp id="240" class="1004" name="icmp_ln1547_fu_240">
<pin_list>
<pin id="241" dir="0" index="0" bw="32" slack="1"/>
<pin id="242" dir="0" index="1" bw="1" slack="0"/>
<pin id="243" dir="1" index="2" bw="1" slack="1"/>
</pin_list>
<bind>
<opcode="icmp(45) " fcode="icmp"/>
<opset="icmp_ln1547/3 "/>
</bind>
</comp>

<comp id="245" class="1004" name="select_ln1547_fu_245">
<pin_list>
<pin id="246" dir="0" index="0" bw="1" slack="1"/>
<pin id="247" dir="0" index="1" bw="32" slack="1"/>
<pin id="248" dir="0" index="2" bw="32" slack="1"/>
<pin id="249" dir="1" index="3" bw="32" slack="0"/>
</pin_list>
<bind>
<opcode="select(49) " fcode="select"/>
<opset="select_ln1547/3 "/>
</bind>
</comp>

<comp id="250" class="1004" name="tmp_s_fu_250">
<pin_list>
<pin id="251" dir="0" index="0" bw="32" slack="0"/>
<pin id="252" dir="0" index="1" bw="32" slack="0"/>
<pin id="253" dir="0" index="2" bw="6" slack="0"/>
<pin id="254" dir="0" index="3" bw="1" slack="0"/>
<pin id="255" dir="1" index="4" bw="32" slack="0"/>
</pin_list>
<bind>
<opcode="partselect(1002) " fcode="partselect"/>
<opset="tmp_s/3 "/>
</bind>
</comp>

<comp id="260" class="1004" name="tmp_2_fu_260">
<pin_list>
<pin id="261" dir="0" index="0" bw="32" slack="0"/>
<pin id="262" dir="0" index="1" bw="32" slack="0"/>
<pin id="263" dir="0" index="2" bw="1" slack="0"/>
<pin id="264" dir="1" index="3" bw="32" slack="0"/>
</pin_list>
<bind>
<opcode="cttz(524) " fcode="cttz"/>
<opset="tmp_2/3 "/>
</bind>
</comp>

<comp id="268" class="1004" name="trunc_ln1547_fu_268">
<pin_list>
<pin id="269" dir="0" index="0" bw="32" slack="0"/>
<pin id="270" dir="1" index="1" bw="8" slack="2"/>
</pin_list>
<bind>
<opcode="trunc(33) " fcode="trunc"/>
<opset="trunc_ln1547/3 "/>
</bind>
</comp>

<comp id="272" class="1004" name="sub_ln1547_1_fu_272">
<pin_list>
<pin id="273" dir="0" index="0" bw="7" slack="0"/>
<pin id="274" dir="0" index="1" bw="32" slack="0"/>
<pin id="275" dir="1" index="2" bw="32" slack="0"/>
</pin_list>
<bind>
<opcode="sub(10) " fcode="sub"/>
<opset="sub_ln1547_1/3 "/>
</bind>
</comp>

<comp id="278" class="1004" name="add_ln1547_fu_278">
<pin_list>
<pin id="279" dir="0" index="0" bw="32" slack="0"/>
<pin id="280" dir="0" index="1" bw="6" slack="0"/>
<pin id="281" dir="1" index="2" bw="32" slack="0"/>
</pin_list>
<bind>
<opcode="add(8) " fcode="add"/>
<opset="add_ln1547/3 "/>
</bind>
</comp>

<comp id="284" class="1004" name="tmp_3_fu_284">
<pin_list>
<pin id="285" dir="0" index="0" bw="31" slack="0"/>
<pin id="286" dir="0" index="1" bw="32" slack="0"/>
<pin id="287" dir="0" index="2" bw="1" slack="0"/>
<pin id="288" dir="0" index="3" bw="6" slack="0"/>
<pin id="289" dir="1" index="4" bw="31" slack="1"/>
</pin_list>
<bind>
<opcode="partselect(1002) " fcode="partselect"/>
<opset="tmp_3/3 "/>
</bind>
</comp>

<comp id="294" class="1004" name="trunc_ln1547_1_fu_294">
<pin_list>
<pin id="295" dir="0" index="0" bw="32" slack="0"/>
<pin id="296" dir="1" index="1" bw="5" slack="0"/>
</pin_list>
<bind>
<opcode="trunc(33) " fcode="trunc"/>
<opset="trunc_ln1547_1/3 "/>
</bind>
</comp>

<comp id="298" class="1004" name="sub_ln1547_4_fu_298">
<pin_list>
<pin id="299" dir="0" index="0" bw="4" slack="0"/>
<pin id="300" dir="0" index="1" bw="5" slack="0"/>
<pin id="301" dir="1" index="2" bw="5" slack="0"/>
</pin_list>
<bind>
<opcode="sub(10) " fcode="sub"/>
<opset="sub_ln1547_4/3 "/>
</bind>
</comp>

<comp id="304" class="1004" name="zext_ln1547_5_fu_304">
<pin_list>
<pin id="305" dir="0" index="0" bw="5" slack="0"/>
<pin id="306" dir="1" index="1" bw="32" slack="0"/>
</pin_list>
<bind>
<opcode="zext(34) " fcode="zext"/>
<opset="zext_ln1547_5/3 "/>
</bind>
</comp>

<comp id="308" class="1004" name="lshr_ln1547_2_fu_308">
<pin_list>
<pin id="309" dir="0" index="0" bw="1" slack="0"/>
<pin id="310" dir="0" index="1" bw="5" slack="0"/>
<pin id="311" dir="1" index="2" bw="32" slack="1"/>
</pin_list>
<bind>
<opcode="lshr(21) " fcode="lshr"/>
<opset="lshr_ln1547_2/3 "/>
</bind>
</comp>

<comp id="314" class="1004" name="bit_select27_i_i_fu_314">
<pin_list>
<pin id="315" dir="0" index="0" bw="1" slack="0"/>
<pin id="316" dir="0" index="1" bw="32" slack="0"/>
<pin id="317" dir="0" index="2" bw="32" slack="0"/>
<pin id="318" dir="1" index="3" bw="1" slack="1"/>
</pin_list>
<bind>
<opcode="bitselect(1000) " fcode="bitselect"/>
<opset="bit_select27_i_i/3 "/>
</bind>
</comp>

<comp id="322" class="1004" name="add_ln1547_1_fu_322">
<pin_list>
<pin id="323" dir="0" index="0" bw="32" slack="0"/>
<pin id="324" dir="0" index="1" bw="6" slack="0"/>
<pin id="325" dir="1" index="2" bw="32" slack="1"/>
</pin_list>
<bind>
<opcode="add(8) " fcode="add"/>
<opset="add_ln1547_1/3 "/>
</bind>
</comp>

<comp id="328" class="1004" name="sub_ln1547_2_fu_328">
<pin_list>
<pin id="329" dir="0" index="0" bw="6" slack="0"/>
<pin id="330" dir="0" index="1" bw="32" slack="0"/>
<pin id="331" dir="1" index="2" bw="32" slack="1"/>
</pin_list>
<bind>
<opcode="sub(10) " fcode="sub"/>
<opset="sub_ln1547_2/3 "/>
</bind>
</comp>

<comp id="334" class="1004" name="icmp_ln1547_1_fu_334">
<pin_list>
<pin id="335" dir="0" index="0" bw="31" slack="1"/>
<pin id="336" dir="0" index="1" bw="1" slack="0"/>
<pin id="337" dir="1" index="2" bw="1" slack="0"/>
</pin_list>
<bind>
<opcode="icmp(45) " fcode="icmp"/>
<opset="icmp_ln1547_1/4 "/>
</bind>
</comp>

<comp id="339" class="1004" name="and_ln1547_2_fu_339">
<pin_list>
<pin id="340" dir="0" index="0" bw="32" slack="1"/>
<pin id="341" dir="0" index="1" bw="32" slack="1"/>
<pin id="342" dir="1" index="2" bw="32" slack="0"/>
</pin_list>
<bind>
<opcode="and(23) " fcode="and"/>
<opset="and_ln1547_2/4 "/>
</bind>
</comp>

<comp id="343" class="1004" name="icmp_ln1547_2_fu_343">
<pin_list>
<pin id="344" dir="0" index="0" bw="32" slack="0"/>
<pin id="345" dir="0" index="1" bw="1" slack="0"/>
<pin id="346" dir="1" index="2" bw="1" slack="0"/>
</pin_list>
<bind>
<opcode="icmp(45) " fcode="icmp"/>
<opset="icmp_ln1547_2/4 "/>
</bind>
</comp>

<comp id="349" class="1004" name="and_ln1547_fu_349">
<pin_list>
<pin id="350" dir="0" index="0" bw="1" slack="0"/>
<pin id="351" dir="0" index="1" bw="1" slack="0"/>
<pin id="352" dir="1" index="2" bw="1" slack="0"/>
</pin_list>
<bind>
<opcode="and(23) " fcode="and"/>
<opset="and_ln1547/4 "/>
</bind>
</comp>

<comp id="355" class="1004" name="tmp_4_fu_355">
<pin_list>
<pin id="356" dir="0" index="0" bw="1" slack="0"/>
<pin id="357" dir="0" index="1" bw="32" slack="1"/>
<pin id="358" dir="0" index="2" bw="6" slack="0"/>
<pin id="359" dir="1" index="3" bw="1" slack="0"/>
</pin_list>
<bind>
<opcode="bitselect(1000) " fcode="bitselect"/>
<opset="tmp_4/4 "/>
</bind>
</comp>

<comp id="362" class="1004" name="xor_ln1547_fu_362">
<pin_list>
<pin id="363" dir="0" index="0" bw="1" slack="0"/>
<pin id="364" dir="0" index="1" bw="1" slack="0"/>
<pin id="365" dir="1" index="2" bw="1" slack="0"/>
</pin_list>
<bind>
<opcode="xor(25) " fcode="xor"/>
<opset="xor_ln1547/4 "/>
</bind>
</comp>

<comp id="368" class="1004" name="and_ln1547_1_fu_368">
<pin_list>
<pin id="369" dir="0" index="0" bw="1" slack="1"/>
<pin id="370" dir="0" index="1" bw="1" slack="0"/>
<pin id="371" dir="1" index="2" bw="1" slack="0"/>
</pin_list>
<bind>
<opcode="and(23) " fcode="and"/>
<opset="and_ln1547_1/4 "/>
</bind>
</comp>

<comp id="373" class="1004" name="or_ln1547_fu_373">
<pin_list>
<pin id="374" dir="0" index="0" bw="1" slack="0"/>
<pin id="375" dir="0" index="1" bw="1" slack="0"/>
<pin id="376" dir="1" index="2" bw="1" slack="0"/>
</pin_list>
<bind>
<opcode="or(24) " fcode="or"/>
<opset="or_ln1547/4 "/>
</bind>
</comp>

<comp id="379" class="1004" name="or_ln1_fu_379">
<pin_list>
<pin id="380" dir="0" index="0" bw="2" slack="0"/>
<pin id="381" dir="0" index="1" bw="1" slack="0"/>
<pin id="382" dir="0" index="2" bw="1" slack="0"/>
<pin id="383" dir="1" index="3" bw="2" slack="0"/>
</pin_list>
<bind>
<opcode="bitconcatenate(1004) " fcode="bitconcatenate"/>
<opset="or_ln1/4 "/>
</bind>
</comp>

<comp id="387" class="1004" name="zext_ln1547_fu_387">
<pin_list>
<pin id="388" dir="0" index="0" bw="32" slack="1"/>
<pin id="389" dir="1" index="1" bw="64" slack="0"/>
</pin_list>
<bind>
<opcode="zext(34) " fcode="zext"/>
<opset="zext_ln1547/4 "/>
</bind>
</comp>

<comp id="390" class="1004" name="icmp_ln1547_3_fu_390">
<pin_list>
<pin id="391" dir="0" index="0" bw="32" slack="1"/>
<pin id="392" dir="0" index="1" bw="1" slack="0"/>
<pin id="393" dir="1" index="2" bw="1" slack="0"/>
</pin_list>
<bind>
<opcode="icmp(45) " fcode="icmp"/>
<opset="icmp_ln1547_3/4 "/>
</bind>
</comp>

<comp id="395" class="1004" name="zext_ln1547_1_fu_395">
<pin_list>
<pin id="396" dir="0" index="0" bw="32" slack="1"/>
<pin id="397" dir="1" index="1" bw="64" slack="0"/>
</pin_list>
<bind>
<opcode="zext(34) " fcode="zext"/>
<opset="zext_ln1547_1/4 "/>
</bind>
</comp>

<comp id="398" class="1004" name="lshr_ln1547_fu_398">
<pin_list>
<pin id="399" dir="0" index="0" bw="32" slack="0"/>
<pin id="400" dir="0" index="1" bw="32" slack="0"/>
<pin id="401" dir="1" index="2" bw="64" slack="0"/>
</pin_list>
<bind>
<opcode="lshr(21) " fcode="lshr"/>
<opset="lshr_ln1547/4 "/>
</bind>
</comp>

<comp id="404" class="1004" name="zext_ln1547_2_fu_404">
<pin_list>
<pin id="405" dir="0" index="0" bw="32" slack="1"/>
<pin id="406" dir="1" index="1" bw="64" slack="0"/>
</pin_list>
<bind>
<opcode="zext(34) " fcode="zext"/>
<opset="zext_ln1547_2/4 "/>
</bind>
</comp>

<comp id="407" class="1004" name="shl_ln1547_fu_407">
<pin_list>
<pin id="408" dir="0" index="0" bw="32" slack="0"/>
<pin id="409" dir="0" index="1" bw="32" slack="0"/>
<pin id="410" dir="1" index="2" bw="64" slack="0"/>
</pin_list>
<bind>
<opcode="shl(20) " fcode="shl"/>
<opset="shl_ln1547/4 "/>
</bind>
</comp>

<comp id="413" class="1004" name="select_ln1547_1_fu_413">
<pin_list>
<pin id="414" dir="0" index="0" bw="1" slack="0"/>
<pin id="415" dir="0" index="1" bw="64" slack="0"/>
<pin id="416" dir="0" index="2" bw="64" slack="0"/>
<pin id="417" dir="1" index="3" bw="64" slack="0"/>
</pin_list>
<bind>
<opcode="select(49) " fcode="select"/>
<opset="select_ln1547_1/4 "/>
</bind>
</comp>

<comp id="421" class="1004" name="zext_ln1547_3_fu_421">
<pin_list>
<pin id="422" dir="0" index="0" bw="2" slack="0"/>
<pin id="423" dir="1" index="1" bw="64" slack="0"/>
</pin_list>
<bind>
<opcode="zext(34) " fcode="zext"/>
<opset="zext_ln1547_3/4 "/>
</bind>
</comp>

<comp id="425" class="1004" name="add_ln1547_2_fu_425">
<pin_list>
<pin id="426" dir="0" index="0" bw="64" slack="0"/>
<pin id="427" dir="0" index="1" bw="2" slack="0"/>
<pin id="428" dir="1" index="2" bw="64" slack="0"/>
</pin_list>
<bind>
<opcode="add(8) " fcode="add"/>
<opset="add_ln1547_2/4 "/>
</bind>
</comp>

<comp id="431" class="1004" name="lshr_ln1547_1_fu_431">
<pin_list>
<pin id="432" dir="0" index="0" bw="63" slack="0"/>
<pin id="433" dir="0" index="1" bw="64" slack="0"/>
<pin id="434" dir="0" index="2" bw="1" slack="0"/>
<pin id="435" dir="0" index="3" bw="7" slack="0"/>
<pin id="436" dir="1" index="4" bw="63" slack="1"/>
</pin_list>
<bind>
<opcode="partselect(1002) " fcode="partselect"/>
<opset="lshr_ln1547_1/4 "/>
</bind>
</comp>

<comp id="441" class="1004" name="tmp_5_fu_441">
<pin_list>
<pin id="442" dir="0" index="0" bw="1" slack="0"/>
<pin id="443" dir="0" index="1" bw="64" slack="0"/>
<pin id="444" dir="0" index="2" bw="6" slack="0"/>
<pin id="445" dir="1" index="3" bw="1" slack="1"/>
</pin_list>
<bind>
<opcode="bitselect(1000) " fcode="bitselect"/>
<opset="tmp_5/4 "/>
</bind>
</comp>

<comp id="449" class="1004" name="zext_ln1547_4_fu_449">
<pin_list>
<pin id="450" dir="0" index="0" bw="63" slack="1"/>
<pin id="451" dir="1" index="1" bw="64" slack="0"/>
</pin_list>
<bind>
<opcode="zext(34) " fcode="zext"/>
<opset="zext_ln1547_4/5 "/>
</bind>
</comp>

<comp id="452" class="1004" name="select_ln1547_2_fu_452">
<pin_list>
<pin id="453" dir="0" index="0" bw="1" slack="1"/>
<pin id="454" dir="0" index="1" bw="8" slack="0"/>
<pin id="455" dir="0" index="2" bw="8" slack="0"/>
<pin id="456" dir="1" index="3" bw="8" slack="0"/>
</pin_list>
<bind>
<opcode="select(49) " fcode="select"/>
<opset="select_ln1547_2/5 "/>
</bind>
</comp>

<comp id="459" class="1004" name="sub_ln1547_3_fu_459">
<pin_list>
<pin id="460" dir="0" index="0" bw="5" slack="0"/>
<pin id="461" dir="0" index="1" bw="8" slack="2"/>
<pin id="462" dir="1" index="2" bw="8" slack="0"/>
</pin_list>
<bind>
<opcode="sub(10) " fcode="sub"/>
<opset="sub_ln1547_3/5 "/>
</bind>
</comp>

<comp id="464" class="1004" name="add_ln1547_3_fu_464">
<pin_list>
<pin id="465" dir="0" index="0" bw="8" slack="0"/>
<pin id="466" dir="0" index="1" bw="8" slack="0"/>
<pin id="467" dir="1" index="2" bw="8" slack="0"/>
</pin_list>
<bind>
<opcode="add(8) " fcode="add"/>
<opset="add_ln1547_3/5 "/>
</bind>
</comp>

<comp id="470" class="1004" name="tmp_6_fu_470">
<pin_list>
<pin id="471" dir="0" index="0" bw="9" slack="0"/>
<pin id="472" dir="0" index="1" bw="1" slack="3"/>
<pin id="473" dir="0" index="2" bw="8" slack="0"/>
<pin id="474" dir="1" index="3" bw="9" slack="0"/>
</pin_list>
<bind>
<opcode="bitconcatenate(1004) " fcode="bitconcatenate"/>
<opset="tmp_6/5 "/>
</bind>
</comp>

<comp id="477" class="1004" name="pi_assign_1_fu_477">
<pin_list>
<pin id="478" dir="0" index="0" bw="64" slack="0"/>
<pin id="479" dir="0" index="1" bw="63" slack="0"/>
<pin id="480" dir="0" index="2" bw="9" slack="0"/>
<pin id="481" dir="0" index="3" bw="6" slack="0"/>
<pin id="482" dir="0" index="4" bw="6" slack="0"/>
<pin id="483" dir="1" index="5" bw="64" slack="0"/>
</pin_list>
<bind>
<opcode="partset(1003) " fcode="partset"/>
<opset="pi_assign_1/5 "/>
</bind>
</comp>

<comp id="489" class="1004" name="LD_fu_489">
<pin_list>
<pin id="490" dir="0" index="0" bw="64" slack="0"/>
<pin id="491" dir="1" index="1" bw="32" slack="0"/>
</pin_list>
<bind>
<opcode="trunc(33) " fcode="trunc"/>
<opset="LD/5 "/>
</bind>
</comp>

<comp id="493" class="1004" name="bitcast_ln766_fu_493">
<pin_list>
<pin id="494" dir="0" index="0" bw="32" slack="0"/>
<pin id="495" dir="1" index="1" bw="32" slack="0"/>
</pin_list>
<bind>
<opcode="bitcast(44) " fcode="bitcast"/>
<opset="bitcast_ln766/5 "/>
</bind>
</comp>

<comp id="497" class="1004" name="select_ln1547_3_fu_497">
<pin_list>
<pin id="498" dir="0" index="0" bw="1" slack="2"/>
<pin id="499" dir="0" index="1" bw="32" slack="0"/>
<pin id="500" dir="0" index="2" bw="32" slack="0"/>
<pin id="501" dir="1" index="3" bw="32" slack="1"/>
</pin_list>
<bind>
<opcode="select(49) " fcode="select"/>
<opset="select_ln1547_3/5 "/>
</bind>
</comp>

<comp id="504" class="1004" name="bitcast_ln1549_fu_504">
<pin_list>
<pin id="505" dir="0" index="0" bw="32" slack="2"/>
<pin id="506" dir="1" index="1" bw="32" slack="0"/>
</pin_list>
<bind>
<opcode="bitcast(44) " fcode="bitcast"/>
<opset="bitcast_ln1549/11 "/>
</bind>
</comp>

<comp id="507" class="1004" name="tmp_7_fu_507">
<pin_list>
<pin id="508" dir="0" index="0" bw="8" slack="0"/>
<pin id="509" dir="0" index="1" bw="32" slack="0"/>
<pin id="510" dir="0" index="2" bw="6" slack="0"/>
<pin id="511" dir="0" index="3" bw="6" slack="0"/>
<pin id="512" dir="1" index="4" bw="8" slack="0"/>
</pin_list>
<bind>
<opcode="partselect(1002) " fcode="partselect"/>
<opset="tmp_7/11 "/>
</bind>
</comp>

<comp id="517" class="1004" name="trunc_ln1549_fu_517">
<pin_list>
<pin id="518" dir="0" index="0" bw="32" slack="0"/>
<pin id="519" dir="1" index="1" bw="23" slack="0"/>
</pin_list>
<bind>
<opcode="trunc(33) " fcode="trunc"/>
<opset="trunc_ln1549/11 "/>
</bind>
</comp>

<comp id="521" class="1004" name="icmp_ln1549_fu_521">
<pin_list>
<pin id="522" dir="0" index="0" bw="8" slack="0"/>
<pin id="523" dir="0" index="1" bw="1" slack="0"/>
<pin id="524" dir="1" index="2" bw="1" slack="0"/>
</pin_list>
<bind>
<opcode="icmp(45) " fcode="icmp"/>
<opset="icmp_ln1549/11 "/>
</bind>
</comp>

<comp id="527" class="1004" name="icmp_ln1549_1_fu_527">
<pin_list>
<pin id="528" dir="0" index="0" bw="23" slack="0"/>
<pin id="529" dir="0" index="1" bw="1" slack="0"/>
<pin id="530" dir="1" index="2" bw="1" slack="0"/>
</pin_list>
<bind>
<opcode="icmp(45) " fcode="icmp"/>
<opset="icmp_ln1549_1/11 "/>
</bind>
</comp>

<comp id="533" class="1004" name="or_ln1549_fu_533">
<pin_list>
<pin id="534" dir="0" index="0" bw="1" slack="0"/>
<pin id="535" dir="0" index="1" bw="1" slack="0"/>
<pin id="536" dir="1" index="2" bw="1" slack="0"/>
</pin_list>
<bind>
<opcode="or(24) " fcode="or"/>
<opset="or_ln1549/11 "/>
</bind>
</comp>

<comp id="539" class="1004" name="and_ln1549_fu_539">
<pin_list>
<pin id="540" dir="0" index="0" bw="1" slack="0"/>
<pin id="541" dir="0" index="1" bw="1" slack="0"/>
<pin id="542" dir="1" index="2" bw="1" slack="0"/>
</pin_list>
<bind>
<opcode="and(23) " fcode="and"/>
<opset="and_ln1549/11 "/>
</bind>
</comp>

<comp id="545" class="1004" name="select_ln1549_fu_545">
<pin_list>
<pin id="546" dir="0" index="0" bw="1" slack="0"/>
<pin id="547" dir="0" index="1" bw="32" slack="0"/>
<pin id="548" dir="0" index="2" bw="32" slack="0"/>
<pin id="549" dir="1" index="3" bw="32" slack="1"/>
</pin_list>
<bind>
<opcode="select(49) " fcode="select"/>
<opset="select_ln1549/11 "/>
</bind>
</comp>

<comp id="553" class="1004" name="bitcast_ln1550_fu_553">
<pin_list>
<pin id="554" dir="0" index="0" bw="32" slack="2"/>
<pin id="555" dir="1" index="1" bw="32" slack="0"/>
</pin_list>
<bind>
<opcode="bitcast(44) " fcode="bitcast"/>
<opset="bitcast_ln1550/20 "/>
</bind>
</comp>

<comp id="556" class="1004" name="tmp_9_fu_556">
<pin_list>
<pin id="557" dir="0" index="0" bw="8" slack="0"/>
<pin id="558" dir="0" index="1" bw="32" slack="0"/>
<pin id="559" dir="0" index="2" bw="6" slack="0"/>
<pin id="560" dir="0" index="3" bw="6" slack="0"/>
<pin id="561" dir="1" index="4" bw="8" slack="0"/>
</pin_list>
<bind>
<opcode="partselect(1002) " fcode="partselect"/>
<opset="tmp_9/20 "/>
</bind>
</comp>

<comp id="566" class="1004" name="trunc_ln1550_fu_566">
<pin_list>
<pin id="567" dir="0" index="0" bw="32" slack="0"/>
<pin id="568" dir="1" index="1" bw="23" slack="0"/>
</pin_list>
<bind>
<opcode="trunc(33) " fcode="trunc"/>
<opset="trunc_ln1550/20 "/>
</bind>
</comp>

<comp id="570" class="1004" name="icmp_ln1550_fu_570">
<pin_list>
<pin id="571" dir="0" index="0" bw="8" slack="0"/>
<pin id="572" dir="0" index="1" bw="1" slack="0"/>
<pin id="573" dir="1" index="2" bw="1" slack="0"/>
</pin_list>
<bind>
<opcode="icmp(45) " fcode="icmp"/>
<opset="icmp_ln1550/20 "/>
</bind>
</comp>

<comp id="576" class="1004" name="icmp_ln1550_1_fu_576">
<pin_list>
<pin id="577" dir="0" index="0" bw="23" slack="0"/>
<pin id="578" dir="0" index="1" bw="1" slack="0"/>
<pin id="579" dir="1" index="2" bw="1" slack="0"/>
</pin_list>
<bind>
<opcode="icmp(45) " fcode="icmp"/>
<opset="icmp_ln1550_1/20 "/>
</bind>
</comp>

<comp id="582" class="1004" name="or_ln1550_fu_582">
<pin_list>
<pin id="583" dir="0" index="0" bw="1" slack="0"/>
<pin id="584" dir="0" index="1" bw="1" slack="0"/>
<pin id="585" dir="1" index="2" bw="1" slack="0"/>
</pin_list>
<bind>
<opcode="or(24) " fcode="or"/>
<opset="or_ln1550/20 "/>
</bind>
</comp>

<comp id="588" class="1004" name="and_ln1550_fu_588">
<pin_list>
<pin id="589" dir="0" index="0" bw="1" slack="0"/>
<pin id="590" dir="0" index="1" bw="1" slack="0"/>
<pin id="591" dir="1" index="2" bw="1" slack="0"/>
</pin_list>
<bind>
<opcode="and(23) " fcode="and"/>
<opset="and_ln1550/20 "/>
</bind>
</comp>

<comp id="594" class="1004" name="rounded_1_fu_594">
<pin_list>
<pin id="595" dir="0" index="0" bw="1" slack="0"/>
<pin id="596" dir="0" index="1" bw="32" slack="0"/>
<pin id="597" dir="0" index="2" bw="32" slack="2"/>
<pin id="598" dir="1" index="3" bw="32" slack="1"/>
</pin_list>
<bind>
<opcode="select(49) " fcode="select"/>
<opset="rounded_1/20 "/>
</bind>
</comp>

<comp id="601" class="1004" name="bitcast_ln1553_fu_601">
<pin_list>
<pin id="602" dir="0" index="0" bw="32" slack="2"/>
<pin id="603" dir="1" index="1" bw="32" slack="0"/>
</pin_list>
<bind>
<opcode="bitcast(44) " fcode="bitcast"/>
<opset="bitcast_ln1553/22 "/>
</bind>
</comp>

<comp id="604" class="1004" name="tmp_11_fu_604">
<pin_list>
<pin id="605" dir="0" index="0" bw="8" slack="0"/>
<pin id="606" dir="0" index="1" bw="32" slack="0"/>
<pin id="607" dir="0" index="2" bw="6" slack="0"/>
<pin id="608" dir="0" index="3" bw="6" slack="0"/>
<pin id="609" dir="1" index="4" bw="8" slack="0"/>
</pin_list>
<bind>
<opcode="partselect(1002) " fcode="partselect"/>
<opset="tmp_11/22 "/>
</bind>
</comp>

<comp id="614" class="1004" name="trunc_ln1553_fu_614">
<pin_list>
<pin id="615" dir="0" index="0" bw="32" slack="0"/>
<pin id="616" dir="1" index="1" bw="23" slack="0"/>
</pin_list>
<bind>
<opcode="trunc(33) " fcode="trunc"/>
<opset="trunc_ln1553/22 "/>
</bind>
</comp>

<comp id="618" class="1004" name="icmp_ln1553_fu_618">
<pin_list>
<pin id="619" dir="0" index="0" bw="8" slack="0"/>
<pin id="620" dir="0" index="1" bw="1" slack="0"/>
<pin id="621" dir="1" index="2" bw="1" slack="0"/>
</pin_list>
<bind>
<opcode="icmp(45) " fcode="icmp"/>
<opset="icmp_ln1553/22 "/>
</bind>
</comp>

<comp id="624" class="1004" name="icmp_ln1553_1_fu_624">
<pin_list>
<pin id="625" dir="0" index="0" bw="23" slack="0"/>
<pin id="626" dir="0" index="1" bw="1" slack="0"/>
<pin id="627" dir="1" index="2" bw="1" slack="0"/>
</pin_list>
<bind>
<opcode="icmp(45) " fcode="icmp"/>
<opset="icmp_ln1553_1/22 "/>
</bind>
</comp>

<comp id="630" class="1004" name="or_ln1553_fu_630">
<pin_list>
<pin id="631" dir="0" index="0" bw="1" slack="0"/>
<pin id="632" dir="0" index="1" bw="1" slack="0"/>
<pin id="633" dir="1" index="2" bw="1" slack="0"/>
</pin_list>
<bind>
<opcode="or(24) " fcode="or"/>
<opset="or_ln1553/22 "/>
</bind>
</comp>

<comp id="636" class="1004" name="and_ln1553_fu_636">
<pin_list>
<pin id="637" dir="0" index="0" bw="1" slack="0"/>
<pin id="638" dir="0" index="1" bw="1" slack="0"/>
<pin id="639" dir="1" index="2" bw="1" slack="0"/>
</pin_list>
<bind>
<opcode="and(23) " fcode="and"/>
<opset="and_ln1553/22 "/>
</bind>
</comp>

<comp id="642" class="1004" name="data_fu_642">
<pin_list>
<pin id="643" dir="0" index="0" bw="1" slack="0"/>
<pin id="644" dir="0" index="1" bw="31" slack="0"/>
<pin id="645" dir="0" index="2" bw="32" slack="0"/>
<pin id="646" dir="1" index="3" bw="32" slack="0"/>
</pin_list>
<bind>
<opcode="select(49) " fcode="select"/>
<opset="data/22 "/>
</bind>
</comp>

<comp id="650" class="1004" name="xs_sign_fu_650">
<pin_list>
<pin id="651" dir="0" index="0" bw="1" slack="0"/>
<pin id="652" dir="0" index="1" bw="32" slack="0"/>
<pin id="653" dir="0" index="2" bw="6" slack="0"/>
<pin id="654" dir="1" index="3" bw="1" slack="2"/>
</pin_list>
<bind>
<opcode="bitselect(1000) " fcode="bitselect"/>
<opset="xs_sign/22 "/>
</bind>
</comp>

<comp id="658" class="1004" name="xs_exp_fu_658">
<pin_list>
<pin id="659" dir="0" index="0" bw="8" slack="0"/>
<pin id="660" dir="0" index="1" bw="32" slack="0"/>
<pin id="661" dir="0" index="2" bw="6" slack="0"/>
<pin id="662" dir="0" index="3" bw="6" slack="0"/>
<pin id="663" dir="1" index="4" bw="8" slack="1"/>
</pin_list>
<bind>
<opcode="partselect(1002) " fcode="partselect"/>
<opset="xs_exp/22 "/>
</bind>
</comp>

<comp id="668" class="1004" name="trunc_ln342_fu_668">
<pin_list>
<pin id="669" dir="0" index="0" bw="32" slack="0"/>
<pin id="670" dir="1" index="1" bw="23" slack="1"/>
</pin_list>
<bind>
<opcode="trunc(33) " fcode="trunc"/>
<opset="trunc_ln342/22 "/>
</bind>
</comp>

<comp id="672" class="1004" name="mantissa_fu_672">
<pin_list>
<pin id="673" dir="0" index="0" bw="25" slack="0"/>
<pin id="674" dir="0" index="1" bw="1" slack="0"/>
<pin id="675" dir="0" index="2" bw="23" slack="1"/>
<pin id="676" dir="0" index="3" bw="1" slack="0"/>
<pin id="677" dir="1" index="4" bw="25" slack="0"/>
</pin_list>
<bind>
<opcode="bitconcatenate(1004) " fcode="bitconcatenate"/>
<opset="mantissa/23 "/>
</bind>
</comp>

<comp id="681" class="1004" name="zext_ln15_fu_681">
<pin_list>
<pin id="682" dir="0" index="0" bw="25" slack="0"/>
<pin id="683" dir="1" index="1" bw="79" slack="0"/>
</pin_list>
<bind>
<opcode="zext(34) " fcode="zext"/>
<opset="zext_ln15/23 "/>
</bind>
</comp>

<comp id="685" class="1004" name="zext_ln317_fu_685">
<pin_list>
<pin id="686" dir="0" index="0" bw="8" slack="1"/>
<pin id="687" dir="1" index="1" bw="9" slack="0"/>
</pin_list>
<bind>
<opcode="zext(34) " fcode="zext"/>
<opset="zext_ln317/23 "/>
</bind>
</comp>

<comp id="688" class="1004" name="add_ln317_fu_688">
<pin_list>
<pin id="689" dir="0" index="0" bw="8" slack="0"/>
<pin id="690" dir="0" index="1" bw="8" slack="0"/>
<pin id="691" dir="1" index="2" bw="9" slack="0"/>
</pin_list>
<bind>
<opcode="add(8) " fcode="add"/>
<opset="add_ln317/23 "/>
</bind>
</comp>

<comp id="694" class="1004" name="tmp_14_fu_694">
<pin_list>
<pin id="695" dir="0" index="0" bw="1" slack="0"/>
<pin id="696" dir="0" index="1" bw="9" slack="0"/>
<pin id="697" dir="0" index="2" bw="5" slack="0"/>
<pin id="698" dir="1" index="3" bw="1" slack="0"/>
</pin_list>
<bind>
<opcode="bitselect(1000) " fcode="bitselect"/>
<opset="tmp_14/23 "/>
</bind>
</comp>

<comp id="702" class="1004" name="sub_ln18_fu_702">
<pin_list>
<pin id="703" dir="0" index="0" bw="8" slack="0"/>
<pin id="704" dir="0" index="1" bw="8" slack="1"/>
<pin id="705" dir="1" index="2" bw="8" slack="0"/>
</pin_list>
<bind>
<opcode="sub(10) " fcode="sub"/>
<opset="sub_ln18/23 "/>
</bind>
</comp>

<comp id="707" class="1004" name="sext_ln18_fu_707">
<pin_list>
<pin id="708" dir="0" index="0" bw="8" slack="0"/>
<pin id="709" dir="1" index="1" bw="9" slack="0"/>
</pin_list>
<bind>
<opcode="sext(35) " fcode="sext"/>
<opset="sext_ln18/23 "/>
</bind>
</comp>

<comp id="711" class="1004" name="select_ln18_fu_711">
<pin_list>
<pin id="712" dir="0" index="0" bw="1" slack="0"/>
<pin id="713" dir="0" index="1" bw="8" slack="0"/>
<pin id="714" dir="0" index="2" bw="9" slack="0"/>
<pin id="715" dir="1" index="3" bw="9" slack="0"/>
</pin_list>
<bind>
<opcode="select(49) " fcode="select"/>
<opset="select_ln18/23 "/>
</bind>
</comp>

<comp id="719" class="1004" name="sext_ln18_1_fu_719">
<pin_list>
<pin id="720" dir="0" index="0" bw="9" slack="0"/>
<pin id="721" dir="1" index="1" bw="32" slack="0"/>
</pin_list>
<bind>
<opcode="sext(35) " fcode="sext"/>
<opset="sext_ln18_1/23 "/>
</bind>
</comp>

<comp id="723" class="1004" name="zext_ln18_fu_723">
<pin_list>
<pin id="724" dir="0" index="0" bw="9" slack="0"/>
<pin id="725" dir="1" index="1" bw="79" slack="0"/>
</pin_list>
<bind>
<opcode="zext(34) " fcode="zext"/>
<opset="zext_ln18/23 "/>
</bind>
</comp>

<comp id="727" class="1004" name="lshr_ln18_fu_727">
<pin_list>
<pin id="728" dir="0" index="0" bw="25" slack="0"/>
<pin id="729" dir="0" index="1" bw="32" slack="0"/>
<pin id="730" dir="1" index="2" bw="79" slack="0"/>
</pin_list>
<bind>
<opcode="lshr(21) " fcode="lshr"/>
<opset="lshr_ln18/23 "/>
</bind>
</comp>

<comp id="733" class="1004" name="shl_ln18_fu_733">
<pin_list>
<pin id="734" dir="0" index="0" bw="25" slack="0"/>
<pin id="735" dir="0" index="1" bw="32" slack="0"/>
<pin id="736" dir="1" index="2" bw="79" slack="0"/>
</pin_list>
<bind>
<opcode="shl(20) " fcode="shl"/>
<opset="shl_ln18/23 "/>
</bind>
</comp>

<comp id="739" class="1004" name="tmp_15_fu_739">
<pin_list>
<pin id="740" dir="0" index="0" bw="15" slack="0"/>
<pin id="741" dir="0" index="1" bw="79" slack="0"/>
<pin id="742" dir="0" index="2" bw="6" slack="0"/>
<pin id="743" dir="0" index="3" bw="7" slack="0"/>
<pin id="744" dir="1" index="4" bw="15" slack="0"/>
</pin_list>
<bind>
<opcode="partselect(1002) " fcode="partselect"/>
<opset="tmp_15/23 "/>
</bind>
</comp>

<comp id="749" class="1004" name="tmp_16_fu_749">
<pin_list>
<pin id="750" dir="0" index="0" bw="15" slack="0"/>
<pin id="751" dir="0" index="1" bw="79" slack="0"/>
<pin id="752" dir="0" index="2" bw="6" slack="0"/>
<pin id="753" dir="0" index="3" bw="7" slack="0"/>
<pin id="754" dir="1" index="4" bw="15" slack="0"/>
</pin_list>
<bind>
<opcode="partselect(1002) " fcode="partselect"/>
<opset="tmp_16/23 "/>
</bind>
</comp>

<comp id="759" class="1004" name="val_fu_759">
<pin_list>
<pin id="760" dir="0" index="0" bw="1" slack="0"/>
<pin id="761" dir="0" index="1" bw="15" slack="0"/>
<pin id="762" dir="0" index="2" bw="15" slack="0"/>
<pin id="763" dir="1" index="3" bw="15" slack="1"/>
</pin_list>
<bind>
<opcode="select(49) " fcode="select"/>
<opset="val/23 "/>
</bind>
</comp>

<comp id="767" class="1004" name="quantized_word_load_load_fu_767">
<pin_list>
<pin id="768" dir="0" index="0" bw="480" slack="23"/>
<pin id="769" dir="1" index="1" bw="480" slack="0"/>
</pin_list>
<bind>
<opcode="load(27) " fcode="load"/>
<opset="quantized_word_load/24 "/>
</bind>
</comp>

<comp id="770" class="1004" name="result_1_fu_770">
<pin_list>
<pin id="771" dir="0" index="0" bw="1" slack="0"/>
<pin id="772" dir="0" index="1" bw="15" slack="1"/>
<pin id="773" dir="1" index="2" bw="15" slack="0"/>
</pin_list>
<bind>
<opcode="sub(10) " fcode="sub"/>
<opset="result_1/24 "/>
</bind>
</comp>

<comp id="775" class="1004" name="quantized_fu_775">
<pin_list>
<pin id="776" dir="0" index="0" bw="1" slack="2"/>
<pin id="777" dir="0" index="1" bw="15" slack="0"/>
<pin id="778" dir="0" index="2" bw="15" slack="1"/>
<pin id="779" dir="1" index="3" bw="15" slack="0"/>
</pin_list>
<bind>
<opcode="select(49) " fcode="select"/>
<opset="quantized/24 "/>
</bind>
</comp>

<comp id="781" class="1004" name="trunc_ln1559_fu_781">
<pin_list>
<pin id="782" dir="0" index="0" bw="480" slack="0"/>
<pin id="783" dir="1" index="1" bw="465" slack="0"/>
</pin_list>
<bind>
<opcode="trunc(33) " fcode="trunc"/>
<opset="trunc_ln1559/24 "/>
</bind>
</comp>

<comp id="785" class="1004" name="quantized_word_1_fu_785">
<pin_list>
<pin id="786" dir="0" index="0" bw="480" slack="0"/>
<pin id="787" dir="0" index="1" bw="465" slack="0"/>
<pin id="788" dir="0" index="2" bw="15" slack="0"/>
<pin id="789" dir="1" index="3" bw="480" slack="0"/>
</pin_list>
<bind>
<opcode="bitconcatenate(1004) " fcode="bitconcatenate"/>
<opset="quantized_word_1/24 "/>
</bind>
</comp>

<comp id="793" class="1004" name="store_ln1540_store_fu_793">
<pin_list>
<pin id="794" dir="0" index="0" bw="480" slack="0"/>
<pin id="795" dir="0" index="1" bw="480" slack="23"/>
<pin id="796" dir="1" index="2" bw="0" slack="2147483647"/>
</pin_list>
<bind>
<opcode="store(28) " fcode="store"/>
<opset="store_ln1540/24 "/>
</bind>
</comp>

<comp id="798" class="1004" name="quantized_word_load_1_load_fu_798">
<pin_list>
<pin id="799" dir="0" index="0" bw="480" slack="22"/>
<pin id="800" dir="1" index="1" bw="480" slack="0"/>
</pin_list>
<bind>
<opcode="load(27) " fcode="load"/>
<opset="quantized_word_load_1/23 "/>
</bind>
</comp>

<comp id="802" class="1005" name="quantized_word_reg_802">
<pin_list>
<pin id="803" dir="0" index="0" bw="480" slack="0"/>
<pin id="804" dir="1" index="1" bw="480" slack="0"/>
</pin_list>
<bind>
<opset="quantized_word "/>
</bind>
</comp>

<comp id="810" class="1005" name="lane_reg_810">
<pin_list>
<pin id="811" dir="0" index="0" bw="6" slack="0"/>
<pin id="812" dir="1" index="1" bw="6" slack="0"/>
</pin_list>
<bind>
<opset="lane "/>
</bind>
</comp>

<comp id="817" class="1005" name="inverse_scale_read_reg_817">
<pin_list>
<pin id="818" dir="0" index="0" bw="32" slack="5"/>
<pin id="819" dir="1" index="1" bw="32" slack="5"/>
</pin_list>
<bind>
<opset="inverse_scale_read "/>
</bind>
</comp>

<comp id="822" class="1005" name="tmp_reg_822">
<pin_list>
<pin id="823" dir="0" index="0" bw="1" slack="22"/>
<pin id="824" dir="1" index="1" bw="1" slack="2147483647"/>
</pin_list>
<bind>
<opset="tmp "/>
</bind>
</comp>

<comp id="826" class="1005" name="attention_group_addr_reg_826">
<pin_list>
<pin id="827" dir="0" index="0" bw="5" slack="1"/>
<pin id="828" dir="1" index="1" bw="5" slack="1"/>
</pin_list>
<bind>
<opset="attention_group_addr "/>
</bind>
</comp>

<comp id="831" class="1005" name="attention_group_load_reg_831">
<pin_list>
<pin id="832" dir="0" index="0" bw="32" slack="1"/>
<pin id="833" dir="1" index="1" bw="32" slack="1"/>
</pin_list>
<bind>
<opset="attention_group_load "/>
</bind>
</comp>

<comp id="837" class="1005" name="tmp_1_reg_837">
<pin_list>
<pin id="838" dir="0" index="0" bw="1" slack="1"/>
<pin id="839" dir="1" index="1" bw="1" slack="1"/>
</pin_list>
<bind>
<opset="tmp_1 "/>
</bind>
</comp>

<comp id="843" class="1005" name="sub_ln1547_reg_843">
<pin_list>
<pin id="844" dir="0" index="0" bw="32" slack="1"/>
<pin id="845" dir="1" index="1" bw="32" slack="1"/>
</pin_list>
<bind>
<opset="sub_ln1547 "/>
</bind>
</comp>

<comp id="848" class="1005" name="icmp_ln1547_reg_848">
<pin_list>
<pin id="849" dir="0" index="0" bw="1" slack="1"/>
<pin id="850" dir="1" index="1" bw="1" slack="2"/>
</pin_list>
<bind>
<opset="icmp_ln1547 "/>
</bind>
</comp>

<comp id="853" class="1005" name="select_ln1547_reg_853">
<pin_list>
<pin id="854" dir="0" index="0" bw="32" slack="1"/>
<pin id="855" dir="1" index="1" bw="32" slack="1"/>
</pin_list>
<bind>
<opset="select_ln1547 "/>
</bind>
</comp>

<comp id="859" class="1005" name="trunc_ln1547_reg_859">
<pin_list>
<pin id="860" dir="0" index="0" bw="8" slack="2"/>
<pin id="861" dir="1" index="1" bw="8" slack="2"/>
</pin_list>
<bind>
<opset="trunc_ln1547 "/>
</bind>
</comp>

<comp id="864" class="1005" name="add_ln1547_reg_864">
<pin_list>
<pin id="865" dir="0" index="0" bw="32" slack="1"/>
<pin id="866" dir="1" index="1" bw="32" slack="1"/>
</pin_list>
<bind>
<opset="add_ln1547 "/>
</bind>
</comp>

<comp id="870" class="1005" name="tmp_3_reg_870">
<pin_list>
<pin id="871" dir="0" index="0" bw="31" slack="1"/>
<pin id="872" dir="1" index="1" bw="31" slack="1"/>
</pin_list>
<bind>
<opset="tmp_3 "/>
</bind>
</comp>

<comp id="875" class="1005" name="lshr_ln1547_2_reg_875">
<pin_list>
<pin id="876" dir="0" index="0" bw="32" slack="1"/>
<pin id="877" dir="1" index="1" bw="32" slack="1"/>
</pin_list>
<bind>
<opset="lshr_ln1547_2 "/>
</bind>
</comp>

<comp id="880" class="1005" name="bit_select27_i_i_reg_880">
<pin_list>
<pin id="881" dir="0" index="0" bw="1" slack="1"/>
<pin id="882" dir="1" index="1" bw="1" slack="1"/>
</pin_list>
<bind>
<opset="bit_select27_i_i "/>
</bind>
</comp>

<comp id="885" class="1005" name="add_ln1547_1_reg_885">
<pin_list>
<pin id="886" dir="0" index="0" bw="32" slack="1"/>
<pin id="887" dir="1" index="1" bw="32" slack="1"/>
</pin_list>
<bind>
<opset="add_ln1547_1 "/>
</bind>
</comp>

<comp id="890" class="1005" name="sub_ln1547_2_reg_890">
<pin_list>
<pin id="891" dir="0" index="0" bw="32" slack="1"/>
<pin id="892" dir="1" index="1" bw="32" slack="1"/>
</pin_list>
<bind>
<opset="sub_ln1547_2 "/>
</bind>
</comp>

<comp id="895" class="1005" name="lshr_ln1547_1_reg_895">
<pin_list>
<pin id="896" dir="0" index="0" bw="63" slack="1"/>
<pin id="897" dir="1" index="1" bw="63" slack="1"/>
</pin_list>
<bind>
<opset="lshr_ln1547_1 "/>
</bind>
</comp>

<comp id="900" class="1005" name="tmp_5_reg_900">
<pin_list>
<pin id="901" dir="0" index="0" bw="1" slack="1"/>
<pin id="902" dir="1" index="1" bw="1" slack="1"/>
</pin_list>
<bind>
<opset="tmp_5 "/>
</bind>
</comp>

<comp id="905" class="1005" name="select_ln1547_3_reg_905">
<pin_list>
<pin id="906" dir="0" index="0" bw="32" slack="1"/>
<pin id="907" dir="1" index="1" bw="32" slack="1"/>
</pin_list>
<bind>
<opset="select_ln1547_3 "/>
</bind>
</comp>

<comp id="910" class="1005" name="scaled_reg_910">
<pin_list>
<pin id="911" dir="0" index="0" bw="32" slack="1"/>
<pin id="912" dir="1" index="1" bw="32" slack="1"/>
</pin_list>
<bind>
<opset="scaled "/>
</bind>
</comp>

<comp id="917" class="1005" name="select_ln1549_reg_917">
<pin_list>
<pin id="918" dir="0" index="0" bw="32" slack="1"/>
<pin id="919" dir="1" index="1" bw="32" slack="1"/>
</pin_list>
<bind>
<opset="select_ln1549 "/>
</bind>
</comp>

<comp id="922" class="1005" name="rounded_reg_922">
<pin_list>
<pin id="923" dir="0" index="0" bw="32" slack="1"/>
<pin id="924" dir="1" index="1" bw="32" slack="1"/>
</pin_list>
<bind>
<opset="rounded "/>
</bind>
</comp>

<comp id="929" class="1005" name="rounded_1_reg_929">
<pin_list>
<pin id="930" dir="0" index="0" bw="32" slack="1"/>
<pin id="931" dir="1" index="1" bw="32" slack="1"/>
</pin_list>
<bind>
<opset="rounded_1 "/>
</bind>
</comp>

<comp id="935" class="1005" name="xs_sign_reg_935">
<pin_list>
<pin id="936" dir="0" index="0" bw="1" slack="2"/>
<pin id="937" dir="1" index="1" bw="1" slack="2"/>
</pin_list>
<bind>
<opset="xs_sign "/>
</bind>
</comp>

<comp id="940" class="1005" name="xs_exp_reg_940">
<pin_list>
<pin id="941" dir="0" index="0" bw="8" slack="1"/>
<pin id="942" dir="1" index="1" bw="8" slack="1"/>
</pin_list>
<bind>
<opset="xs_exp "/>
</bind>
</comp>

<comp id="946" class="1005" name="trunc_ln342_reg_946">
<pin_list>
<pin id="947" dir="0" index="0" bw="23" slack="1"/>
<pin id="948" dir="1" index="1" bw="23" slack="1"/>
</pin_list>
<bind>
<opset="trunc_ln342 "/>
</bind>
</comp>

<comp id="951" class="1005" name="val_reg_951">
<pin_list>
<pin id="952" dir="0" index="0" bw="15" slack="1"/>
<pin id="953" dir="1" index="1" bw="15" slack="1"/>
</pin_list>
<bind>
<opset="val "/>
</bind>
</comp>

</comp_list>

<net_list>
<net id="135"><net_src comp="6" pin="0"/><net_sink comp="132" pin=0"/></net>

<net id="139"><net_src comp="6" pin="0"/><net_sink comp="136" pin=0"/></net>

<net id="144"><net_src comp="16" pin="0"/><net_sink comp="140" pin=0"/></net>

<net id="145"><net_src comp="2" pin="0"/><net_sink comp="140" pin=1"/></net>

<net id="151"><net_src comp="130" pin="0"/><net_sink comp="146" pin=0"/></net>

<net id="152"><net_src comp="4" pin="0"/><net_sink comp="146" pin=1"/></net>

<net id="158"><net_src comp="0" pin="0"/><net_sink comp="153" pin=0"/></net>

<net id="159"><net_src comp="26" pin="0"/><net_sink comp="153" pin=1"/></net>

<net id="165"><net_src comp="153" pin="3"/><net_sink comp="160" pin=0"/></net>

<net id="178"><net_src comp="80" pin="0"/><net_sink comp="174" pin=1"/></net>

<net id="183"><net_src comp="94" pin="0"/><net_sink comp="179" pin=1"/></net>

<net id="188"><net_src comp="96" pin="0"/><net_sink comp="184" pin=1"/></net>

<net id="193"><net_src comp="18" pin="0"/><net_sink comp="189" pin=0"/></net>

<net id="198"><net_src comp="20" pin="0"/><net_sink comp="194" pin=0"/></net>

<net id="207"><net_src comp="22" pin="0"/><net_sink comp="202" pin=0"/></net>

<net id="208"><net_src comp="199" pin="1"/><net_sink comp="202" pin=1"/></net>

<net id="209"><net_src comp="24" pin="0"/><net_sink comp="202" pin=2"/></net>

<net id="213"><net_src comp="199" pin="1"/><net_sink comp="210" pin=0"/></net>

<net id="214"><net_src comp="210" pin="1"/><net_sink comp="153" pin=2"/></net>

<net id="219"><net_src comp="199" pin="1"/><net_sink comp="215" pin=0"/></net>

<net id="220"><net_src comp="28" pin="0"/><net_sink comp="215" pin=1"/></net>

<net id="225"><net_src comp="215" pin="2"/><net_sink comp="221" pin=0"/></net>

<net id="231"><net_src comp="30" pin="0"/><net_sink comp="226" pin=0"/></net>

<net id="232"><net_src comp="160" pin="3"/><net_sink comp="226" pin=1"/></net>

<net id="233"><net_src comp="32" pin="0"/><net_sink comp="226" pin=2"/></net>

<net id="238"><net_src comp="34" pin="0"/><net_sink comp="234" pin=0"/></net>

<net id="239"><net_src comp="160" pin="3"/><net_sink comp="234" pin=1"/></net>

<net id="244"><net_src comp="34" pin="0"/><net_sink comp="240" pin=1"/></net>

<net id="256"><net_src comp="36" pin="0"/><net_sink comp="250" pin=0"/></net>

<net id="257"><net_src comp="245" pin="3"/><net_sink comp="250" pin=1"/></net>

<net id="258"><net_src comp="32" pin="0"/><net_sink comp="250" pin=2"/></net>

<net id="259"><net_src comp="34" pin="0"/><net_sink comp="250" pin=3"/></net>

<net id="265"><net_src comp="38" pin="0"/><net_sink comp="260" pin=0"/></net>

<net id="266"><net_src comp="250" pin="4"/><net_sink comp="260" pin=1"/></net>

<net id="267"><net_src comp="40" pin="0"/><net_sink comp="260" pin=2"/></net>

<net id="271"><net_src comp="260" pin="3"/><net_sink comp="268" pin=0"/></net>

<net id="276"><net_src comp="42" pin="0"/><net_sink comp="272" pin=0"/></net>

<net id="277"><net_src comp="260" pin="3"/><net_sink comp="272" pin=1"/></net>

<net id="282"><net_src comp="272" pin="2"/><net_sink comp="278" pin=0"/></net>

<net id="283"><net_src comp="44" pin="0"/><net_sink comp="278" pin=1"/></net>

<net id="290"><net_src comp="46" pin="0"/><net_sink comp="284" pin=0"/></net>

<net id="291"><net_src comp="278" pin="2"/><net_sink comp="284" pin=1"/></net>

<net id="292"><net_src comp="6" pin="0"/><net_sink comp="284" pin=2"/></net>

<net id="293"><net_src comp="32" pin="0"/><net_sink comp="284" pin=3"/></net>

<net id="297"><net_src comp="272" pin="2"/><net_sink comp="294" pin=0"/></net>

<net id="302"><net_src comp="48" pin="0"/><net_sink comp="298" pin=0"/></net>

<net id="303"><net_src comp="294" pin="1"/><net_sink comp="298" pin=1"/></net>

<net id="307"><net_src comp="298" pin="2"/><net_sink comp="304" pin=0"/></net>

<net id="312"><net_src comp="50" pin="0"/><net_sink comp="308" pin=0"/></net>

<net id="313"><net_src comp="304" pin="1"/><net_sink comp="308" pin=1"/></net>

<net id="319"><net_src comp="30" pin="0"/><net_sink comp="314" pin=0"/></net>

<net id="320"><net_src comp="245" pin="3"/><net_sink comp="314" pin=1"/></net>

<net id="321"><net_src comp="278" pin="2"/><net_sink comp="314" pin=2"/></net>

<net id="326"><net_src comp="272" pin="2"/><net_sink comp="322" pin=0"/></net>

<net id="327"><net_src comp="52" pin="0"/><net_sink comp="322" pin=1"/></net>

<net id="332"><net_src comp="54" pin="0"/><net_sink comp="328" pin=0"/></net>

<net id="333"><net_src comp="272" pin="2"/><net_sink comp="328" pin=1"/></net>

<net id="338"><net_src comp="56" pin="0"/><net_sink comp="334" pin=1"/></net>

<net id="347"><net_src comp="339" pin="2"/><net_sink comp="343" pin=0"/></net>

<net id="348"><net_src comp="34" pin="0"/><net_sink comp="343" pin=1"/></net>

<net id="353"><net_src comp="334" pin="2"/><net_sink comp="349" pin=0"/></net>

<net id="354"><net_src comp="343" pin="2"/><net_sink comp="349" pin=1"/></net>

<net id="360"><net_src comp="30" pin="0"/><net_sink comp="355" pin=0"/></net>

<net id="361"><net_src comp="32" pin="0"/><net_sink comp="355" pin=2"/></net>

<net id="366"><net_src comp="355" pin="3"/><net_sink comp="362" pin=0"/></net>

<net id="367"><net_src comp="40" pin="0"/><net_sink comp="362" pin=1"/></net>

<net id="372"><net_src comp="362" pin="2"/><net_sink comp="368" pin=1"/></net>

<net id="377"><net_src comp="368" pin="2"/><net_sink comp="373" pin=0"/></net>

<net id="378"><net_src comp="349" pin="2"/><net_sink comp="373" pin=1"/></net>

<net id="384"><net_src comp="58" pin="0"/><net_sink comp="379" pin=0"/></net>

<net id="385"><net_src comp="60" pin="0"/><net_sink comp="379" pin=1"/></net>

<net id="386"><net_src comp="373" pin="2"/><net_sink comp="379" pin=2"/></net>

<net id="394"><net_src comp="34" pin="0"/><net_sink comp="390" pin=1"/></net>

<net id="402"><net_src comp="387" pin="1"/><net_sink comp="398" pin=0"/></net>

<net id="403"><net_src comp="395" pin="1"/><net_sink comp="398" pin=1"/></net>

<net id="411"><net_src comp="387" pin="1"/><net_sink comp="407" pin=0"/></net>

<net id="412"><net_src comp="404" pin="1"/><net_sink comp="407" pin=1"/></net>

<net id="418"><net_src comp="390" pin="2"/><net_sink comp="413" pin=0"/></net>

<net id="419"><net_src comp="398" pin="2"/><net_sink comp="413" pin=1"/></net>

<net id="420"><net_src comp="407" pin="2"/><net_sink comp="413" pin=2"/></net>

<net id="424"><net_src comp="379" pin="3"/><net_sink comp="421" pin=0"/></net>

<net id="429"><net_src comp="413" pin="3"/><net_sink comp="425" pin=0"/></net>

<net id="430"><net_src comp="421" pin="1"/><net_sink comp="425" pin=1"/></net>

<net id="437"><net_src comp="62" pin="0"/><net_sink comp="431" pin=0"/></net>

<net id="438"><net_src comp="425" pin="2"/><net_sink comp="431" pin=1"/></net>

<net id="439"><net_src comp="6" pin="0"/><net_sink comp="431" pin=2"/></net>

<net id="440"><net_src comp="64" pin="0"/><net_sink comp="431" pin=3"/></net>

<net id="446"><net_src comp="66" pin="0"/><net_sink comp="441" pin=0"/></net>

<net id="447"><net_src comp="425" pin="2"/><net_sink comp="441" pin=1"/></net>

<net id="448"><net_src comp="54" pin="0"/><net_sink comp="441" pin=2"/></net>

<net id="457"><net_src comp="68" pin="0"/><net_sink comp="452" pin=1"/></net>

<net id="458"><net_src comp="70" pin="0"/><net_sink comp="452" pin=2"/></net>

<net id="463"><net_src comp="72" pin="0"/><net_sink comp="459" pin=0"/></net>

<net id="468"><net_src comp="459" pin="2"/><net_sink comp="464" pin=0"/></net>

<net id="469"><net_src comp="452" pin="3"/><net_sink comp="464" pin=1"/></net>

<net id="475"><net_src comp="74" pin="0"/><net_sink comp="470" pin=0"/></net>

<net id="476"><net_src comp="464" pin="2"/><net_sink comp="470" pin=2"/></net>

<net id="484"><net_src comp="76" pin="0"/><net_sink comp="477" pin=0"/></net>

<net id="485"><net_src comp="449" pin="1"/><net_sink comp="477" pin=1"/></net>

<net id="486"><net_src comp="470" pin="3"/><net_sink comp="477" pin=2"/></net>

<net id="487"><net_src comp="78" pin="0"/><net_sink comp="477" pin=3"/></net>

<net id="488"><net_src comp="32" pin="0"/><net_sink comp="477" pin=4"/></net>

<net id="492"><net_src comp="477" pin="5"/><net_sink comp="489" pin=0"/></net>

<net id="496"><net_src comp="489" pin="1"/><net_sink comp="493" pin=0"/></net>

<net id="502"><net_src comp="80" pin="0"/><net_sink comp="497" pin=1"/></net>

<net id="503"><net_src comp="493" pin="1"/><net_sink comp="497" pin=2"/></net>

<net id="513"><net_src comp="82" pin="0"/><net_sink comp="507" pin=0"/></net>

<net id="514"><net_src comp="504" pin="1"/><net_sink comp="507" pin=1"/></net>

<net id="515"><net_src comp="78" pin="0"/><net_sink comp="507" pin=2"/></net>

<net id="516"><net_src comp="84" pin="0"/><net_sink comp="507" pin=3"/></net>

<net id="520"><net_src comp="504" pin="1"/><net_sink comp="517" pin=0"/></net>

<net id="525"><net_src comp="507" pin="4"/><net_sink comp="521" pin=0"/></net>

<net id="526"><net_src comp="86" pin="0"/><net_sink comp="521" pin=1"/></net>

<net id="531"><net_src comp="517" pin="1"/><net_sink comp="527" pin=0"/></net>

<net id="532"><net_src comp="88" pin="0"/><net_sink comp="527" pin=1"/></net>

<net id="537"><net_src comp="527" pin="2"/><net_sink comp="533" pin=0"/></net>

<net id="538"><net_src comp="521" pin="2"/><net_sink comp="533" pin=1"/></net>

<net id="543"><net_src comp="533" pin="2"/><net_sink comp="539" pin=0"/></net>

<net id="544"><net_src comp="174" pin="2"/><net_sink comp="539" pin=1"/></net>

<net id="550"><net_src comp="539" pin="2"/><net_sink comp="545" pin=0"/></net>

<net id="551"><net_src comp="90" pin="0"/><net_sink comp="545" pin=1"/></net>

<net id="552"><net_src comp="92" pin="0"/><net_sink comp="545" pin=2"/></net>

<net id="562"><net_src comp="82" pin="0"/><net_sink comp="556" pin=0"/></net>

<net id="563"><net_src comp="553" pin="1"/><net_sink comp="556" pin=1"/></net>

<net id="564"><net_src comp="78" pin="0"/><net_sink comp="556" pin=2"/></net>

<net id="565"><net_src comp="84" pin="0"/><net_sink comp="556" pin=3"/></net>

<net id="569"><net_src comp="553" pin="1"/><net_sink comp="566" pin=0"/></net>

<net id="574"><net_src comp="556" pin="4"/><net_sink comp="570" pin=0"/></net>

<net id="575"><net_src comp="86" pin="0"/><net_sink comp="570" pin=1"/></net>

<net id="580"><net_src comp="566" pin="1"/><net_sink comp="576" pin=0"/></net>

<net id="581"><net_src comp="88" pin="0"/><net_sink comp="576" pin=1"/></net>

<net id="586"><net_src comp="576" pin="2"/><net_sink comp="582" pin=0"/></net>

<net id="587"><net_src comp="570" pin="2"/><net_sink comp="582" pin=1"/></net>

<net id="592"><net_src comp="582" pin="2"/><net_sink comp="588" pin=0"/></net>

<net id="593"><net_src comp="179" pin="2"/><net_sink comp="588" pin=1"/></net>

<net id="599"><net_src comp="588" pin="2"/><net_sink comp="594" pin=0"/></net>

<net id="600"><net_src comp="94" pin="0"/><net_sink comp="594" pin=1"/></net>

<net id="610"><net_src comp="82" pin="0"/><net_sink comp="604" pin=0"/></net>

<net id="611"><net_src comp="601" pin="1"/><net_sink comp="604" pin=1"/></net>

<net id="612"><net_src comp="78" pin="0"/><net_sink comp="604" pin=2"/></net>

<net id="613"><net_src comp="84" pin="0"/><net_sink comp="604" pin=3"/></net>

<net id="617"><net_src comp="601" pin="1"/><net_sink comp="614" pin=0"/></net>

<net id="622"><net_src comp="604" pin="4"/><net_sink comp="618" pin=0"/></net>

<net id="623"><net_src comp="86" pin="0"/><net_sink comp="618" pin=1"/></net>

<net id="628"><net_src comp="614" pin="1"/><net_sink comp="624" pin=0"/></net>

<net id="629"><net_src comp="88" pin="0"/><net_sink comp="624" pin=1"/></net>

<net id="634"><net_src comp="624" pin="2"/><net_sink comp="630" pin=0"/></net>

<net id="635"><net_src comp="618" pin="2"/><net_sink comp="630" pin=1"/></net>

<net id="640"><net_src comp="630" pin="2"/><net_sink comp="636" pin=0"/></net>

<net id="641"><net_src comp="184" pin="2"/><net_sink comp="636" pin=1"/></net>

<net id="647"><net_src comp="636" pin="2"/><net_sink comp="642" pin=0"/></net>

<net id="648"><net_src comp="98" pin="0"/><net_sink comp="642" pin=1"/></net>

<net id="649"><net_src comp="601" pin="1"/><net_sink comp="642" pin=2"/></net>

<net id="655"><net_src comp="30" pin="0"/><net_sink comp="650" pin=0"/></net>

<net id="656"><net_src comp="642" pin="3"/><net_sink comp="650" pin=1"/></net>

<net id="657"><net_src comp="32" pin="0"/><net_sink comp="650" pin=2"/></net>

<net id="664"><net_src comp="82" pin="0"/><net_sink comp="658" pin=0"/></net>

<net id="665"><net_src comp="642" pin="3"/><net_sink comp="658" pin=1"/></net>

<net id="666"><net_src comp="78" pin="0"/><net_sink comp="658" pin=2"/></net>

<net id="667"><net_src comp="84" pin="0"/><net_sink comp="658" pin=3"/></net>

<net id="671"><net_src comp="642" pin="3"/><net_sink comp="668" pin=0"/></net>

<net id="678"><net_src comp="100" pin="0"/><net_sink comp="672" pin=0"/></net>

<net id="679"><net_src comp="40" pin="0"/><net_sink comp="672" pin=1"/></net>

<net id="680"><net_src comp="60" pin="0"/><net_sink comp="672" pin=3"/></net>

<net id="684"><net_src comp="672" pin="4"/><net_sink comp="681" pin=0"/></net>

<net id="692"><net_src comp="685" pin="1"/><net_sink comp="688" pin=0"/></net>

<net id="693"><net_src comp="102" pin="0"/><net_sink comp="688" pin=1"/></net>

<net id="699"><net_src comp="104" pin="0"/><net_sink comp="694" pin=0"/></net>

<net id="700"><net_src comp="688" pin="2"/><net_sink comp="694" pin=1"/></net>

<net id="701"><net_src comp="106" pin="0"/><net_sink comp="694" pin=2"/></net>

<net id="706"><net_src comp="68" pin="0"/><net_sink comp="702" pin=0"/></net>

<net id="710"><net_src comp="702" pin="2"/><net_sink comp="707" pin=0"/></net>

<net id="716"><net_src comp="694" pin="3"/><net_sink comp="711" pin=0"/></net>

<net id="717"><net_src comp="707" pin="1"/><net_sink comp="711" pin=1"/></net>

<net id="718"><net_src comp="688" pin="2"/><net_sink comp="711" pin=2"/></net>

<net id="722"><net_src comp="711" pin="3"/><net_sink comp="719" pin=0"/></net>

<net id="726"><net_src comp="719" pin="1"/><net_sink comp="723" pin=0"/></net>

<net id="731"><net_src comp="681" pin="1"/><net_sink comp="727" pin=0"/></net>

<net id="732"><net_src comp="723" pin="1"/><net_sink comp="727" pin=1"/></net>

<net id="737"><net_src comp="681" pin="1"/><net_sink comp="733" pin=0"/></net>

<net id="738"><net_src comp="723" pin="1"/><net_sink comp="733" pin=1"/></net>

<net id="745"><net_src comp="108" pin="0"/><net_sink comp="739" pin=0"/></net>

<net id="746"><net_src comp="727" pin="2"/><net_sink comp="739" pin=1"/></net>

<net id="747"><net_src comp="110" pin="0"/><net_sink comp="739" pin=2"/></net>

<net id="748"><net_src comp="112" pin="0"/><net_sink comp="739" pin=3"/></net>

<net id="755"><net_src comp="108" pin="0"/><net_sink comp="749" pin=0"/></net>

<net id="756"><net_src comp="733" pin="2"/><net_sink comp="749" pin=1"/></net>

<net id="757"><net_src comp="110" pin="0"/><net_sink comp="749" pin=2"/></net>

<net id="758"><net_src comp="112" pin="0"/><net_sink comp="749" pin=3"/></net>

<net id="764"><net_src comp="694" pin="3"/><net_sink comp="759" pin=0"/></net>

<net id="765"><net_src comp="739" pin="4"/><net_sink comp="759" pin=1"/></net>

<net id="766"><net_src comp="749" pin="4"/><net_sink comp="759" pin=2"/></net>

<net id="774"><net_src comp="126" pin="0"/><net_sink comp="770" pin=0"/></net>

<net id="780"><net_src comp="770" pin="2"/><net_sink comp="775" pin=1"/></net>

<net id="784"><net_src comp="767" pin="1"/><net_sink comp="781" pin=0"/></net>

<net id="790"><net_src comp="128" pin="0"/><net_sink comp="785" pin=0"/></net>

<net id="791"><net_src comp="781" pin="1"/><net_sink comp="785" pin=1"/></net>

<net id="792"><net_src comp="775" pin="3"/><net_sink comp="785" pin=2"/></net>

<net id="797"><net_src comp="785" pin="3"/><net_sink comp="793" pin=0"/></net>

<net id="801"><net_src comp="798" pin="1"/><net_sink comp="146" pin=2"/></net>

<net id="805"><net_src comp="132" pin="1"/><net_sink comp="802" pin=0"/></net>

<net id="806"><net_src comp="802" pin="1"/><net_sink comp="194" pin=1"/></net>

<net id="807"><net_src comp="802" pin="1"/><net_sink comp="767" pin=0"/></net>

<net id="808"><net_src comp="802" pin="1"/><net_sink comp="793" pin=1"/></net>

<net id="809"><net_src comp="802" pin="1"/><net_sink comp="798" pin=0"/></net>

<net id="813"><net_src comp="136" pin="1"/><net_sink comp="810" pin=0"/></net>

<net id="814"><net_src comp="810" pin="1"/><net_sink comp="189" pin=1"/></net>

<net id="815"><net_src comp="810" pin="1"/><net_sink comp="199" pin=0"/></net>

<net id="816"><net_src comp="810" pin="1"/><net_sink comp="221" pin=1"/></net>

<net id="820"><net_src comp="140" pin="2"/><net_sink comp="817" pin=0"/></net>

<net id="821"><net_src comp="817" pin="1"/><net_sink comp="170" pin=1"/></net>

<net id="825"><net_src comp="202" pin="3"/><net_sink comp="822" pin=0"/></net>

<net id="829"><net_src comp="153" pin="3"/><net_sink comp="826" pin=0"/></net>

<net id="830"><net_src comp="826" pin="1"/><net_sink comp="160" pin=0"/></net>

<net id="834"><net_src comp="160" pin="3"/><net_sink comp="831" pin=0"/></net>

<net id="835"><net_src comp="831" pin="1"/><net_sink comp="240" pin=0"/></net>

<net id="836"><net_src comp="831" pin="1"/><net_sink comp="245" pin=2"/></net>

<net id="840"><net_src comp="226" pin="3"/><net_sink comp="837" pin=0"/></net>

<net id="841"><net_src comp="837" pin="1"/><net_sink comp="245" pin=0"/></net>

<net id="842"><net_src comp="837" pin="1"/><net_sink comp="470" pin=1"/></net>

<net id="846"><net_src comp="234" pin="2"/><net_sink comp="843" pin=0"/></net>

<net id="847"><net_src comp="843" pin="1"/><net_sink comp="245" pin=1"/></net>

<net id="851"><net_src comp="240" pin="2"/><net_sink comp="848" pin=0"/></net>

<net id="852"><net_src comp="848" pin="1"/><net_sink comp="497" pin=0"/></net>

<net id="856"><net_src comp="245" pin="3"/><net_sink comp="853" pin=0"/></net>

<net id="857"><net_src comp="853" pin="1"/><net_sink comp="339" pin=0"/></net>

<net id="858"><net_src comp="853" pin="1"/><net_sink comp="387" pin=0"/></net>

<net id="862"><net_src comp="268" pin="1"/><net_sink comp="859" pin=0"/></net>

<net id="863"><net_src comp="859" pin="1"/><net_sink comp="459" pin=1"/></net>

<net id="867"><net_src comp="278" pin="2"/><net_sink comp="864" pin=0"/></net>

<net id="868"><net_src comp="864" pin="1"/><net_sink comp="355" pin=1"/></net>

<net id="869"><net_src comp="864" pin="1"/><net_sink comp="390" pin=0"/></net>

<net id="873"><net_src comp="284" pin="4"/><net_sink comp="870" pin=0"/></net>

<net id="874"><net_src comp="870" pin="1"/><net_sink comp="334" pin=0"/></net>

<net id="878"><net_src comp="308" pin="2"/><net_sink comp="875" pin=0"/></net>

<net id="879"><net_src comp="875" pin="1"/><net_sink comp="339" pin=1"/></net>

<net id="883"><net_src comp="314" pin="3"/><net_sink comp="880" pin=0"/></net>

<net id="884"><net_src comp="880" pin="1"/><net_sink comp="368" pin=0"/></net>

<net id="888"><net_src comp="322" pin="2"/><net_sink comp="885" pin=0"/></net>

<net id="889"><net_src comp="885" pin="1"/><net_sink comp="395" pin=0"/></net>

<net id="893"><net_src comp="328" pin="2"/><net_sink comp="890" pin=0"/></net>

<net id="894"><net_src comp="890" pin="1"/><net_sink comp="404" pin=0"/></net>

<net id="898"><net_src comp="431" pin="4"/><net_sink comp="895" pin=0"/></net>

<net id="899"><net_src comp="895" pin="1"/><net_sink comp="449" pin=0"/></net>

<net id="903"><net_src comp="441" pin="3"/><net_sink comp="900" pin=0"/></net>

<net id="904"><net_src comp="900" pin="1"/><net_sink comp="452" pin=0"/></net>

<net id="908"><net_src comp="497" pin="3"/><net_sink comp="905" pin=0"/></net>

<net id="909"><net_src comp="905" pin="1"/><net_sink comp="170" pin=0"/></net>

<net id="913"><net_src comp="170" pin="2"/><net_sink comp="910" pin=0"/></net>

<net id="914"><net_src comp="910" pin="1"/><net_sink comp="174" pin=0"/></net>

<net id="915"><net_src comp="910" pin="1"/><net_sink comp="504" pin=0"/></net>

<net id="916"><net_src comp="910" pin="1"/><net_sink comp="166" pin=0"/></net>

<net id="920"><net_src comp="545" pin="3"/><net_sink comp="917" pin=0"/></net>

<net id="921"><net_src comp="917" pin="1"/><net_sink comp="166" pin=1"/></net>

<net id="925"><net_src comp="166" pin="2"/><net_sink comp="922" pin=0"/></net>

<net id="926"><net_src comp="922" pin="1"/><net_sink comp="179" pin=0"/></net>

<net id="927"><net_src comp="922" pin="1"/><net_sink comp="553" pin=0"/></net>

<net id="928"><net_src comp="922" pin="1"/><net_sink comp="594" pin=2"/></net>

<net id="932"><net_src comp="594" pin="3"/><net_sink comp="929" pin=0"/></net>

<net id="933"><net_src comp="929" pin="1"/><net_sink comp="184" pin=0"/></net>

<net id="934"><net_src comp="929" pin="1"/><net_sink comp="601" pin=0"/></net>

<net id="938"><net_src comp="650" pin="3"/><net_sink comp="935" pin=0"/></net>

<net id="939"><net_src comp="935" pin="1"/><net_sink comp="775" pin=0"/></net>

<net id="943"><net_src comp="658" pin="4"/><net_sink comp="940" pin=0"/></net>

<net id="944"><net_src comp="940" pin="1"/><net_sink comp="685" pin=0"/></net>

<net id="945"><net_src comp="940" pin="1"/><net_sink comp="702" pin=1"/></net>

<net id="949"><net_src comp="668" pin="1"/><net_sink comp="946" pin=0"/></net>

<net id="950"><net_src comp="946" pin="1"/><net_sink comp="672" pin=2"/></net>

<net id="954"><net_src comp="759" pin="3"/><net_sink comp="951" pin=0"/></net>

<net id="955"><net_src comp="951" pin="1"/><net_sink comp="770" pin=1"/></net>

<net id="956"><net_src comp="951" pin="1"/><net_sink comp="775" pin=2"/></net>

</net_list>

</model> 
---------------- Datapath Model END ------------------

* FSMD analyzer results:
  - Output states:
	Port: quantized_word_out | {23 }
 - Input state : 
	Port: swiftkv_update_values_and_quantize_Pipeline_attention_quantize_reverse_loop : attention_group | {1 2 }
	Port: swiftkv_update_values_and_quantize_Pipeline_attention_quantize_reverse_loop : inverse_scale | {1 }
  - Chain level:
	State 1
		store_ln1542 : 1
		store_ln1540 : 1
		lane_1 : 1
		tmp : 2
		br_ln1542 : 3
		zext_ln1543 : 2
		attention_group_addr : 3
		attention_group_load : 4
		add_ln1544 : 2
		store_ln1542 : 3
	State 2
		tmp_1 : 1
		sub_ln1547 : 1
	State 3
		tmp_s : 1
		tmp_2 : 2
		trunc_ln1547 : 3
		sub_ln1547_1 : 3
		add_ln1547 : 4
		tmp_3 : 5
		trunc_ln1547_1 : 4
		sub_ln1547_4 : 5
		zext_ln1547_5 : 6
		lshr_ln1547_2 : 7
		bit_select27_i_i : 5
		add_ln1547_1 : 4
		sub_ln1547_2 : 4
	State 4
		and_ln1547 : 1
		xor_ln1547 : 1
		and_ln1547_1 : 1
		or_ln1547 : 1
		or_ln1 : 1
		lshr_ln1547 : 1
		shl_ln1547 : 1
		select_ln1547_1 : 2
		zext_ln1547_3 : 2
		add_ln1547_2 : 3
		lshr_ln1547_1 : 4
		tmp_5 : 4
	State 5
		add_ln1547_3 : 1
		tmp_6 : 2
		pi_assign_1 : 3
		LD : 4
		bitcast_ln766 : 5
		select_ln1547_3 : 6
	State 6
	State 7
	State 8
	State 9
	State 10
	State 11
		tmp_7 : 1
		trunc_ln1549 : 1
		icmp_ln1549 : 2
		icmp_ln1549_1 : 2
		or_ln1549 : 3
		and_ln1549 : 3
		select_ln1549 : 3
	State 12
	State 13
	State 14
	State 15
	State 16
	State 17
	State 18
	State 19
	State 20
		tmp_9 : 1
		trunc_ln1550 : 1
		icmp_ln1550 : 2
		icmp_ln1550_1 : 2
		or_ln1550 : 3
		and_ln1550 : 3
		rounded_1 : 3
	State 21
	State 22
		tmp_11 : 1
		trunc_ln1553 : 1
		icmp_ln1553 : 2
		icmp_ln1553_1 : 2
		or_ln1553 : 3
		and_ln1553 : 3
		data : 3
		xs_sign : 4
		xs_exp : 4
		trunc_ln342 : 4
	State 23
		zext_ln15 : 1
		add_ln317 : 1
		tmp_14 : 2
		sext_ln18 : 1
		select_ln18 : 3
		sext_ln18_1 : 4
		zext_ln18 : 5
		lshr_ln18 : 6
		shl_ln18 : 6
		tmp_15 : 7
		tmp_16 : 7
		val : 8
		write_ln0 : 1
	State 24
		quantized : 1
		trunc_ln1559 : 1
		quantized_word_1 : 2
		store_ln1540 : 3


============================================================
+ Verbose Summary: Datapath Resource usage 
============================================================

* Functional unit list:
|----------|--------------------------------|---------|---------|---------|
| Operation|         Functional Unit        |   DSP   |    FF   |   LUT   |
|----------|--------------------------------|---------|---------|---------|
|   fadd   |           grp_fu_166           |    2    |   318   |   198   |
|----------|--------------------------------|---------|---------|---------|
|          |       icmp_ln1547_fu_240       |    0    |    0    |    39   |
|          |      icmp_ln1547_1_fu_334      |    0    |    0    |    38   |
|          |      icmp_ln1547_2_fu_343      |    0    |    0    |    39   |
|          |      icmp_ln1547_3_fu_390      |    0    |    0    |    39   |
|   icmp   |       icmp_ln1549_fu_521       |    0    |    0    |    15   |
|          |      icmp_ln1549_1_fu_527      |    0    |    0    |    30   |
|          |       icmp_ln1550_fu_570       |    0    |    0    |    15   |
|          |      icmp_ln1550_1_fu_576      |    0    |    0    |    30   |
|          |       icmp_ln1553_fu_618       |    0    |    0    |    15   |
|          |      icmp_ln1553_1_fu_624      |    0    |    0    |    30   |
|----------|--------------------------------|---------|---------|---------|
|          |      select_ln1547_fu_245      |    0    |    0    |    32   |
|          |     select_ln1547_1_fu_413     |    0    |    0    |    63   |
|          |     select_ln1547_2_fu_452     |    0    |    0    |    8    |
|          |     select_ln1547_3_fu_497     |    0    |    0    |    32   |
|  select  |      select_ln1549_fu_545      |    0    |    0    |    32   |
|          |        rounded_1_fu_594        |    0    |    0    |    32   |
|          |           data_fu_642          |    0    |    0    |    32   |
|          |       select_ln18_fu_711       |    0    |    0    |    9    |
|          |           val_fu_759           |    0    |    0    |    15   |
|          |        quantized_fu_775        |    0    |    0    |    15   |
|----------|--------------------------------|---------|---------|---------|
|   fmul   |           grp_fu_170           |    3    |   143   |    78   |
|----------|--------------------------------|---------|---------|---------|
|          |        add_ln1544_fu_215       |    0    |    0    |    13   |
|          |        add_ln1547_fu_278       |    0    |    0    |    39   |
|    add   |       add_ln1547_1_fu_322      |    0    |    0    |    39   |
|          |       add_ln1547_2_fu_425      |    0    |    0    |    71   |
|          |       add_ln1547_3_fu_464      |    0    |    0    |    19   |
|          |        add_ln317_fu_688        |    0    |    0    |    15   |
|----------|--------------------------------|---------|---------|---------|
|          |      lshr_ln1547_2_fu_308      |    0    |    0    |    11   |
|   lshr   |       lshr_ln1547_fu_398       |    0    |    0    |    92   |
|          |        lshr_ln18_fu_727        |    0    |    0    |    92   |
|----------|--------------------------------|---------|---------|---------|
|          |        sub_ln1547_fu_234       |    0    |    0    |    39   |
|          |       sub_ln1547_1_fu_272      |    0    |    0    |    39   |
|          |       sub_ln1547_4_fu_298      |    0    |    0    |    12   |
|    sub   |       sub_ln1547_2_fu_328      |    0    |    0    |    39   |
|          |       sub_ln1547_3_fu_459      |    0    |    0    |    19   |
|          |         sub_ln18_fu_702        |    0    |    0    |    15   |
|          |         result_1_fu_770        |    0    |    0    |    22   |
|----------|--------------------------------|---------|---------|---------|
|    shl   |        shl_ln1547_fu_407       |    0    |    0    |    92   |
|          |         shl_ln18_fu_733        |    0    |    0    |    92   |
|----------|--------------------------------|---------|---------|---------|
|          |       and_ln1547_2_fu_339      |    0    |    0    |    32   |
|          |        and_ln1547_fu_349       |    0    |    0    |    2    |
|    and   |       and_ln1547_1_fu_368      |    0    |    0    |    2    |
|          |        and_ln1549_fu_539       |    0    |    0    |    2    |
|          |        and_ln1550_fu_588       |    0    |    0    |    2    |
|          |        and_ln1553_fu_636       |    0    |    0    |    2    |
|----------|--------------------------------|---------|---------|---------|
|          |        or_ln1547_fu_373        |    0    |    0    |    2    |
|    or    |        or_ln1549_fu_533        |    0    |    0    |    2    |
|          |        or_ln1550_fu_582        |    0    |    0    |    2    |
|          |        or_ln1553_fu_630        |    0    |    0    |    2    |
|----------|--------------------------------|---------|---------|---------|
|    xor   |        xor_ln1547_fu_362       |    0    |    0    |    2    |
|----------|--------------------------------|---------|---------|---------|
|   read   | inverse_scale_read_read_fu_140 |    0    |    0    |    0    |
|----------|--------------------------------|---------|---------|---------|
|   write  |     write_ln0_write_fu_146     |    0    |    0    |    0    |
|----------|--------------------------------|---------|---------|---------|
|          |           grp_fu_174           |    0    |    0    |    0    |
|   fcmp   |           grp_fu_179           |    0    |    0    |    0    |
|          |           grp_fu_184           |    0    |    0    |    0    |
|----------|--------------------------------|---------|---------|---------|
|          |           tmp_fu_202           |    0    |    0    |    0    |
|          |          tmp_1_fu_226          |    0    |    0    |    0    |
|          |     bit_select27_i_i_fu_314    |    0    |    0    |    0    |
| bitselect|          tmp_4_fu_355          |    0    |    0    |    0    |
|          |          tmp_5_fu_441          |    0    |    0    |    0    |
|          |         xs_sign_fu_650         |    0    |    0    |    0    |
|          |          tmp_14_fu_694         |    0    |    0    |    0    |
|----------|--------------------------------|---------|---------|---------|
|          |       zext_ln1543_fu_210       |    0    |    0    |    0    |
|          |      zext_ln1547_5_fu_304      |    0    |    0    |    0    |
|          |       zext_ln1547_fu_387       |    0    |    0    |    0    |
|          |      zext_ln1547_1_fu_395      |    0    |    0    |    0    |
|   zext   |      zext_ln1547_2_fu_404      |    0    |    0    |    0    |
|          |      zext_ln1547_3_fu_421      |    0    |    0    |    0    |
|          |      zext_ln1547_4_fu_449      |    0    |    0    |    0    |
|          |        zext_ln15_fu_681        |    0    |    0    |    0    |
|          |        zext_ln317_fu_685       |    0    |    0    |    0    |
|          |        zext_ln18_fu_723        |    0    |    0    |    0    |
|----------|--------------------------------|---------|---------|---------|
|          |          tmp_s_fu_250          |    0    |    0    |    0    |
|          |          tmp_3_fu_284          |    0    |    0    |    0    |
|          |      lshr_ln1547_1_fu_431      |    0    |    0    |    0    |
|          |          tmp_7_fu_507          |    0    |    0    |    0    |
|partselect|          tmp_9_fu_556          |    0    |    0    |    0    |
|          |          tmp_11_fu_604         |    0    |    0    |    0    |
|          |          xs_exp_fu_658         |    0    |    0    |    0    |
|          |          tmp_15_fu_739         |    0    |    0    |    0    |
|          |          tmp_16_fu_749         |    0    |    0    |    0    |
|----------|--------------------------------|---------|---------|---------|
|   cttz   |          tmp_2_fu_260          |    0    |    0    |    0    |
|----------|--------------------------------|---------|---------|---------|
|          |       trunc_ln1547_fu_268      |    0    |    0    |    0    |
|          |      trunc_ln1547_1_fu_294     |    0    |    0    |    0    |
|          |            LD_fu_489           |    0    |    0    |    0    |
|   trunc  |       trunc_ln1549_fu_517      |    0    |    0    |    0    |
|          |       trunc_ln1550_fu_566      |    0    |    0    |    0    |
|          |       trunc_ln1553_fu_614      |    0    |    0    |    0    |
|          |       trunc_ln342_fu_668       |    0    |    0    |    0    |
|          |       trunc_ln1559_fu_781      |    0    |    0    |    0    |
|----------|--------------------------------|---------|---------|---------|
|          |          or_ln1_fu_379         |    0    |    0    |    0    |
|bitconcatenate|          tmp_6_fu_470          |    0    |    0    |    0    |
|          |         mantissa_fu_672        |    0    |    0    |    0    |
|          |     quantized_word_1_fu_785    |    0    |    0    |    0    |
|----------|--------------------------------|---------|---------|---------|
|  partset |       pi_assign_1_fu_477       |    0    |    0    |    0    |
|----------|--------------------------------|---------|---------|---------|
|   sext   |        sext_ln18_fu_707        |    0    |    0    |    0    |
|          |       sext_ln18_1_fu_719       |    0    |    0    |    0    |
|----------|--------------------------------|---------|---------|---------|
|   Total  |                                |    5    |   461   |   1648  |
|----------|--------------------------------|---------|---------|---------|

Memories:
N/A

* Register list:
+----------------------------+--------+
|                            |   FF   |
+----------------------------+--------+
|    add_ln1547_1_reg_885    |   32   |
|     add_ln1547_reg_864     |   32   |
|attention_group_addr_reg_826|    5   |
|attention_group_load_reg_831|   32   |
|  bit_select27_i_i_reg_880  |    1   |
|     icmp_ln1547_reg_848    |    1   |
| inverse_scale_read_reg_817 |   32   |
|        lane_reg_810        |    6   |
|    lshr_ln1547_1_reg_895   |   63   |
|    lshr_ln1547_2_reg_875   |   32   |
|   quantized_word_reg_802   |   480  |
|      rounded_1_reg_929     |   32   |
|       rounded_reg_922      |   32   |
|       scaled_reg_910       |   32   |
|   select_ln1547_3_reg_905  |   32   |
|    select_ln1547_reg_853   |   32   |
|    select_ln1549_reg_917   |   32   |
|    sub_ln1547_2_reg_890    |   32   |
|     sub_ln1547_reg_843     |   32   |
|        tmp_1_reg_837       |    1   |
|        tmp_3_reg_870       |   31   |
|        tmp_5_reg_900       |    1   |
|         tmp_reg_822        |    1   |
|    trunc_ln1547_reg_859    |    8   |
|     trunc_ln342_reg_946    |   23   |
|         val_reg_951        |   15   |
|       xs_exp_reg_940       |    8   |
|       xs_sign_reg_935      |    1   |
+----------------------------+--------+
|            Total           |  1061  |
+----------------------------+--------+

* Multiplexer (MUX) list: 
|-------------------|------|------|------|--------||---------||---------|
|        Comp       |  Pin | Size |  BW  | S x BW ||  Delay  ||   LUT   |
|-------------------|------|------|------|--------||---------||---------|
| grp_access_fu_160 |  p0  |   2  |   5  |   10   ||    9    |
|-------------------|------|------|------|--------||---------||---------|
|       Total       |      |      |      |   10   ||  0.387  ||    9    |
|-------------------|------|------|------|--------||---------||---------|



* Summary:
+-----------+--------+--------+--------+--------+
|           |   DSP  |  Delay |   FF   |   LUT  |
+-----------+--------+--------+--------+--------+
|  Function |    5   |    -   |   461  |  1648  |
|   Memory  |    -   |    -   |    -   |    -   |
|Multiplexer|    -   |    0   |    -   |    9   |
|  Register |    -   |    -   |  1061  |    -   |
+-----------+--------+--------+--------+--------+
|   Total   |    5   |    0   |  1522  |  1657  |
+-----------+--------+--------+--------+--------+
