

================================================================
== Vitis HLS Report for 'swiftkv_process_compressed_kv_Pipeline_compressed_dot_phase_loop'
================================================================
* Date:           Tue Aug 11 09:18:09 2026

* Version:        2023.2 (Build 4023990 on Oct 11 2023)
* Project:        proj_int4_decoder_xo
* Solution:       solution1 (Vitis Kernel Flow Target)
* Product family: virtexuplus
* Target device:  xcu250-figd2104-2L-e


================================================================
== Performance Estimates
================================================================
+ Timing: 
    * Summary: 
    +--------+---------+----------+------------+
    |  Clock |  Target | Estimated| Uncertainty|
    +--------+---------+----------+------------+
    |ap_clk  |  3.33 ns|  2.374 ns|     0.90 ns|
    +--------+---------+----------+------------+

+ Latency: 
    * Summary: 
    +---------+---------+-----------+----------+-----+-------+---------+
    |  Latency (cycles) |  Latency (absolute)  |   Interval  | Pipeline|
    |   min   |   max   |    min    |    max   | min |  max  |   Type  |
    +---------+---------+-----------+----------+-----+-------+---------+
    |       24|    32784|  79.992 ns|  0.109 ms|   24|  32784|       no|
    +---------+---------+-----------+----------+-----+-------+---------+

    + Detail: 
        * Instance: 
        N/A

        * Loop: 
        +-----------------------------+---------+---------+----------+-----------+-----------+-----------+----------+
        |                             |  Latency (cycles) | Iteration|  Initiation Interval  |    Trip   |          |
        |          Loop Name          |   min   |   max   |  Latency |  achieved |   target  |   Count   | Pipelined|
        +-----------------------------+---------+---------+----------+-----------+-----------+-----------+----------+
        |- compressed_dot_phase_loop  |       22|    32782|        16|          1|          1|  8 ~ 32768|       yes|
        +-----------------------------+---------+---------+----------+-----------+-----------+-----------+----------+



================================================================
== Utilization Estimates
================================================================
* Summary: 
+---------------------+---------+-------+---------+---------+------+
|         Name        | BRAM_18K|  DSP  |    FF   |   LUT   | URAM |
+---------------------+---------+-------+---------+---------+------+
|DSP                  |        -|      -|        -|        -|     -|
|Expression           |        -|      -|       66|     1732|     -|
|FIFO                 |        -|      -|        -|        -|     -|
|Instance             |        -|     34|     2739|      940|     -|
|Memory               |        -|      -|        -|        -|     -|
|Multiplexer          |        -|      -|        -|       63|     -|
|Register             |        -|      -|     3165|      128|     -|
+---------------------+---------+-------+---------+---------+------+
|Total                |        0|     34|     5970|     2863|     0|
+---------------------+---------+-------+---------+---------+------+
|Available SLR        |     1344|   3072|   864000|   432000|   320|
+---------------------+---------+-------+---------+---------+------+
|Utilization SLR (%)  |        0|      1|       ~0|       ~0|     0|
+---------------------+---------+-------+---------+---------+------+
|Available            |     5376|  12288|  3456000|  1728000|  1280|
+---------------------+---------+-------+---------+---------+------+
|Utilization (%)      |        0|     ~0|       ~0|       ~0|     0|
+---------------------+---------+-------+---------+---------+------+

+ Detail: 
    * Instance: 
    +-----------------------------+------------------------+---------+----+-----+----+-----+
    |           Instance          |         Module         | BRAM_18K| DSP|  FF | LUT| URAM|
    +-----------------------------+------------------------+---------+----+-----+----+-----+
    |mul_32s_8s_40_2_1_U419       |mul_32s_8s_40_2_1       |        0|   2|  165|  49|    0|
    |mul_32s_8s_40_2_1_U420       |mul_32s_8s_40_2_1       |        0|   2|  165|  49|    0|
    |mul_32s_8s_40_2_1_U421       |mul_32s_8s_40_2_1       |        0|   2|  165|  49|    0|
    |mul_32s_8s_40_2_1_U422       |mul_32s_8s_40_2_1       |        0|   2|  165|  49|    0|
    |mul_32s_8s_40_2_1_U423       |mul_32s_8s_40_2_1       |        0|   2|  165|  49|    0|
    |mul_32s_8s_40_2_1_U424       |mul_32s_8s_40_2_1       |        0|   2|  165|  49|    0|
    |mul_32s_8s_40_2_1_U425       |mul_32s_8s_40_2_1       |        0|   2|  165|  49|    0|
    |mul_32s_8s_40_2_1_U426       |mul_32s_8s_40_2_1       |        0|   2|  165|  49|    0|
    |mul_32s_8s_40_2_1_U427       |mul_32s_8s_40_2_1       |        0|   2|  165|  49|    0|
    |mul_32s_8s_40_2_1_U428       |mul_32s_8s_40_2_1       |        0|   2|  165|  49|    0|
    |mul_32s_8s_40_2_1_U429       |mul_32s_8s_40_2_1       |        0|   2|  165|  49|    0|
    |mul_32s_8s_40_2_1_U430       |mul_32s_8s_40_2_1       |        0|   2|  165|  49|    0|
    |mul_32s_8s_40_2_1_U431       |mul_32s_8s_40_2_1       |        0|   2|  165|  49|    0|
    |mul_32s_8s_40_2_1_U432       |mul_32s_8s_40_2_1       |        0|   2|  165|  49|    0|
    |mul_32s_8s_40_2_1_U433       |mul_32s_8s_40_2_1       |        0|   2|  165|  49|    0|
    |mul_32s_8s_40_2_1_U434       |mul_32s_8s_40_2_1       |        0|   2|  165|  49|    0|
    |mul_44s_15ns_58_5_1_U435     |mul_44s_15ns_58_5_1     |        0|   2|   99|  93|    0|
    |sparsemux_17_3_128_1_1_U436  |sparsemux_17_3_128_1_1  |        0|   0|    0|  43|    0|
    |sparsemux_9_2_5_1_1_U437     |sparsemux_9_2_5_1_1     |        0|   0|    0|  20|    0|
    +-----------------------------+------------------------+---------+----+-----+----+-----+
    |Total                        |                        |        0|  34| 2739| 940|    0|
    +-----------------------------+------------------------+---------+----+-----+----+-----+

    * DSP: 
    N/A

    * Memory: 
    N/A

    * FIFO: 
    N/A

    * Expression: 
    +-------------------------------------+----------+----+----+-----+------------+------------+
    |            Variable Name            | Operation| DSP| FF | LUT | Bitwidth P0| Bitwidth P1|
    +-------------------------------------+----------+----+----+-----+------------+------------+
    |add_ln797_1_fu_1282_p2               |         +|   0|   0|   48|          41|          41|
    |add_ln797_2_fu_1294_p2               |         +|   0|   0|   48|          41|          41|
    |add_ln797_3_fu_1306_p2               |         +|   0|   0|   48|          41|          41|
    |add_ln797_4_fu_1318_p2               |         +|   0|   0|   48|          41|          41|
    |add_ln797_5_fu_1330_p2               |         +|   0|   0|   48|          41|          41|
    |add_ln797_6_fu_1342_p2               |         +|   0|   0|   48|          41|          41|
    |add_ln797_7_fu_1354_p2               |         +|   0|   0|   48|          41|          41|
    |add_ln797_fu_1270_p2                 |         +|   0|   0|   48|          41|          41|
    |add_ln804_1_fu_1382_p2               |         +|   0|   0|   49|          42|          42|
    |add_ln804_2_fu_1396_p2               |         +|   0|   0|   49|          42|          42|
    |add_ln804_3_fu_1410_p2               |         +|   0|   0|   49|          42|          42|
    |add_ln804_fu_1368_p2                 |         +|   0|   0|   49|          42|          42|
    |add_ln811_1_fu_1434_p2               |         +|   0|   0|   50|          43|          43|
    |add_ln811_fu_1422_p2                 |         +|   0|   0|   50|          43|          43|
    |add_ln822_fu_1459_p2                 |         +|   0|   0|   12|           5|           5|
    |dot_phase_2_fu_658_p2                |         +|   0|   0|   23|          16|           1|
    |group_dot_fu_1544_p2                 |         +|   0|   0|   51|          44|          44|
    |next_dot_fu_1553_p2                  |         +|   0|   0|   51|          44|          44|
    |score_1_fu_1646_p2                   |         +|   0|   0|   39|          32|          32|
    |sum_fu_1448_p2                       |         +|   0|   0|   51|          44|          44|
    |ap_frp_data_req_key0_stream          |         -|   0|  22|    6|           4|           1|
    |ap_frp_data_req_key1_stream          |         -|   0|  22|    6|           4|           1|
    |ap_frp_data_req_key_metadata_stream  |         -|   0|  22|    6|           4|           1|
    |sub_ln824_1_fu_1469_p2               |         -|   0|   0|   12|           1|           5|
    |sub_ln824_fu_1464_p2                 |         -|   0|   0|   12|           4|           5|
    |and_ln824_fu_1515_p2                 |       and|   0|   0|    2|           1|           1|
    |and_ln915_1_fu_1666_p2               |       and|   0|   0|    2|           1|           1|
    |and_ln915_2_fu_1703_p2               |       and|   0|   0|    2|           1|           1|
    |and_ln915_3_fu_1716_p2               |       and|   0|   0|    2|           1|           1|
    |and_ln915_4_fu_1739_p2               |       and|   0|   0|    2|           1|           1|
    |and_ln915_5_fu_1745_p2               |       and|   0|   0|    2|           1|           1|
    |and_ln915_6_fu_1763_p2               |       and|   0|   0|    2|           1|           1|
    |and_ln915_fu_1636_p2                 |       and|   0|   0|    2|           1|           1|
    |ap_block_state16_pp0_stage0_iter15   |       and|   0|   0|    2|           1|           1|
    |ap_block_state2_pp0_stage0_iter1     |       and|   0|   0|    2|           1|           1|
    |ap_condition_frp_pvb_pf_start        |       and|   0|   0|    2|           1|           1|
    |ap_predicate_op365_write_state16     |       and|   0|   0|    2|           1|           1|
    |pf_all_done                          |       and|   0|   0|    2|           1|           0|
    |scaled_3_fu_1505_p2                  |      ashr|   0|   0|  141|          44|          44|
    |icmp_ln821_fu_1454_p2                |      icmp|   0|   0|   12|           5|           4|
    |icmp_ln855_fu_652_p2                 |      icmp|   0|   0|   23|          16|          16|
    |icmp_ln860_fu_672_p2                 |      icmp|   0|   0|   10|           3|           1|
    |icmp_ln909_fu_1126_p2                |      icmp|   0|   0|    9|           2|           1|
    |icmp_ln913_fu_1131_p2                |      icmp|   0|   0|    9|           2|           2|
    |icmp_ln915_1_fu_1672_p2              |      icmp|   0|   0|    9|           2|           2|
    |icmp_ln915_2_fu_1677_p2              |      icmp|   0|   0|    9|           2|           1|
    |icmp_ln915_fu_1618_p2                |      icmp|   0|   0|   30|          23|           1|
    |or_ln915_1_fu_1728_p2                |        or|   0|   0|    2|           1|           1|
    |or_ln915_2_fu_1768_p2                |        or|   0|   0|    2|           1|           1|
    |or_ln915_3_fu_1751_p2                |        or|   0|   0|    2|           1|           1|
    |or_ln915_fu_1630_p2                  |        or|   0|   0|    2|           1|           1|
    |group_dot_2_fu_1558_p3               |    select|   0|   0|   44|           1|          44|
    |pf_score_stream_U_frpsig_data_in     |    select|   0|   0|   32|           1|          32|
    |scaled_fu_1528_p3                    |    select|   0|   0|   44|           1|          44|
    |select_ln821_fu_1521_p3              |    select|   0|   0|   44|           1|          44|
    |select_ln915_1_fu_1708_p3            |    select|   0|   0|    2|           1|           1|
    |select_ln915_2_fu_1774_p3            |    select|   0|   0|   33|           1|          31|
    |select_ln915_fu_1682_p3              |    select|   0|   0|    2|           1|           1|
    |scaled_1_fu_1478_p2                  |       shl|   0|   0|  141|          44|          44|
    |scaled_2_fu_1497_p2                  |       shl|   0|   0|  141|          44|          44|
    |ap_enable_pp0                        |       xor|   0|   0|    2|           1|           2|
    |xor_ln821_fu_1510_p2                 |       xor|   0|   0|    2|           1|           2|
    |xor_ln915_1_fu_1722_p2               |       xor|   0|   0|    2|           1|           2|
    |xor_ln915_2_fu_1734_p2               |       xor|   0|   0|    2|           1|           2|
    |xor_ln915_3_fu_1757_p2               |       xor|   0|   0|    2|           1|           2|
    |xor_ln915_4_fu_1697_p2               |       xor|   0|   0|    2|           1|           2|
    |xor_ln915_fu_1660_p2                 |       xor|   0|   0|    2|           1|           2|
    +-------------------------------------+----------+----+----+-----+------------+------------+
    |Total                                |          |   0|  66| 1732|        1002|        1152|
    +-------------------------------------+----------+----+----+-----+------------+------------+

    * Multiplexer: 
    +-------------------------------------+----+-----------+-----+-----------+
    |                 Name                | LUT| Input Size| Bits| Total Bits|
    +-------------------------------------+----+-----------+-----+-----------+
    |ap_frp_data_req_key0_stream          |   9|          2|    4|          8|
    |ap_frp_data_req_key1_stream          |   9|          2|    4|          8|
    |ap_frp_data_req_key_metadata_stream  |   9|          2|    4|          8|
    |ap_sig_allocacmp_dot_phase_1         |   9|          2|   16|         32|
    |dot_phase_fu_266                     |   9|          2|   16|         32|
    |group_first_half_fu_270              |   9|          2|   44|         88|
    |token_dot_fu_274                     |   9|          2|   44|         88|
    +-------------------------------------+----+-----------+-----+-----------+
    |Total                                |  63|         14|  132|        264|
    +-------------------------------------+----+-----------+-----+-----------+

    * Register: 
    +-------------------------------------+-----+----+-----+-----------+
    |                 Name                |  FF | LUT| Bits| Const Bits|
    +-------------------------------------+-----+----+-----+-----------+
    |add_ln804_1_reg_2407                 |   42|   0|   42|          0|
    |add_ln804_2_reg_2412                 |   42|   0|   42|          0|
    |add_ln804_3_reg_2417                 |   42|   0|   42|          0|
    |add_ln804_reg_2402                   |   42|   0|   42|          0|
    |add_ln822_reg_2435                   |    5|   0|    5|          0|
    |and_ln915_4_reg_2499                 |    1|   0|    1|          0|
    |ap_CS_fsm                            |    1|   0|    1|          0|
    |ap_frp_data_req_key0_stream          |    4|   0|    4|          0|
    |ap_frp_data_req_key1_stream          |    4|   0|    4|          0|
    |ap_frp_data_req_key_metadata_stream  |    4|   0|    4|          0|
    |ap_loop_exit_ready_pp0_iter10_reg    |    1|   0|    1|          0|
    |ap_loop_exit_ready_pp0_iter11_reg    |    1|   0|    1|          0|
    |ap_loop_exit_ready_pp0_iter12_reg    |    1|   0|    1|          0|
    |ap_loop_exit_ready_pp0_iter13_reg    |    1|   0|    1|          0|
    |ap_loop_exit_ready_pp0_iter14_reg    |    1|   0|    1|          0|
    |ap_loop_exit_ready_pp0_iter1_reg     |    1|   0|    1|          0|
    |ap_loop_exit_ready_pp0_iter2_reg     |    1|   0|    1|          0|
    |ap_loop_exit_ready_pp0_iter3_reg     |    1|   0|    1|          0|
    |ap_loop_exit_ready_pp0_iter4_reg     |    1|   0|    1|          0|
    |ap_loop_exit_ready_pp0_iter5_reg     |    1|   0|    1|          0|
    |ap_loop_exit_ready_pp0_iter6_reg     |    1|   0|    1|          0|
    |ap_loop_exit_ready_pp0_iter7_reg     |    1|   0|    1|          0|
    |ap_loop_exit_ready_pp0_iter8_reg     |    1|   0|    1|          0|
    |ap_loop_exit_ready_pp0_iter9_reg     |    1|   0|    1|          0|
    |dot_phase_fu_266                     |   16|   0|   16|          0|
    |group_dot_2_reg_2457                 |   44|   0|   44|          0|
    |group_dot_reg_2451                   |   44|   0|   44|          0|
    |group_first_half_fu_270              |   44|   0|   44|          0|
    |half_reg_1885                        |    1|   0|    1|          0|
    |icmp_ln821_reg_2429                  |    1|   0|    1|          0|
    |icmp_ln860_reg_1895                  |    1|   0|    1|          0|
    |icmp_ln909_reg_2153                  |    1|   0|    1|          0|
    |icmp_ln913_reg_2158                  |    1|   0|    1|          0|
    |key_10_reg_2123                      |    8|   0|    8|          0|
    |key_11_reg_2128                      |    8|   0|    8|          0|
    |key_12_reg_2133                      |    8|   0|    8|          0|
    |key_13_reg_2138                      |    8|   0|    8|          0|
    |key_14_reg_2143                      |    8|   0|    8|          0|
    |key_15_reg_2148                      |    8|   0|    8|          0|
    |key_1_reg_2078                       |    8|   0|    8|          0|
    |key_2_reg_2083                       |    8|   0|    8|          0|
    |key_3_reg_2088                       |    8|   0|    8|          0|
    |key_4_reg_2093                       |    8|   0|    8|          0|
    |key_5_reg_2098                       |    8|   0|    8|          0|
    |key_6_reg_2103                       |    8|   0|    8|          0|
    |key_7_reg_2108                       |    8|   0|    8|          0|
    |key_8_reg_2113                       |    8|   0|    8|          0|
    |key_9_reg_2118                       |    8|   0|    8|          0|
    |key_chunk_1_fu_282                   |  128|   0|  128|          0|
    |key_chunk_2_fu_286                   |  128|   0|  128|          0|
    |key_chunk_3_fu_290                   |  128|   0|  128|          0|
    |key_chunk_4_fu_294                   |  128|   0|  128|          0|
    |key_chunk_5_fu_298                   |  128|   0|  128|          0|
    |key_chunk_6_fu_302                   |  128|   0|  128|          0|
    |key_chunk_7_fu_306                   |  128|   0|  128|          0|
    |key_chunk_fu_278                     |  128|   0|  128|          0|
    |key_reg_2073                         |    8|   0|    8|          0|
    |key_shift_1_fu_314                   |    5|   0|    5|          0|
    |key_shift_2_fu_318                   |    5|   0|    5|          0|
    |key_shift_3_fu_322                   |    5|   0|    5|          0|
    |key_shift_fu_310                     |    5|   0|    5|          0|
    |mul_ln791_10_reg_2372                |   40|   0|   40|          0|
    |mul_ln791_11_reg_2377                |   40|   0|   40|          0|
    |mul_ln791_12_reg_2382                |   40|   0|   40|          0|
    |mul_ln791_13_reg_2387                |   40|   0|   40|          0|
    |mul_ln791_14_reg_2392                |   40|   0|   40|          0|
    |mul_ln791_15_reg_2397                |   40|   0|   40|          0|
    |mul_ln791_1_reg_2327                 |   40|   0|   40|          0|
    |mul_ln791_2_reg_2332                 |   40|   0|   40|          0|
    |mul_ln791_3_reg_2337                 |   40|   0|   40|          0|
    |mul_ln791_4_reg_2342                 |   40|   0|   40|          0|
    |mul_ln791_5_reg_2347                 |   40|   0|   40|          0|
    |mul_ln791_6_reg_2352                 |   40|   0|   40|          0|
    |mul_ln791_7_reg_2357                 |   40|   0|   40|          0|
    |mul_ln791_8_reg_2362                 |   40|   0|   40|          0|
    |mul_ln791_9_reg_2367                 |   40|   0|   40|          0|
    |mul_ln791_reg_2322                   |   40|   0|   40|          0|
    |mul_ln916_reg_2467                   |   58|   0|   58|          0|
    |or_ln915_2_reg_2504                  |    1|   0|    1|          0|
    |pf_all_done                          |    1|   0|    1|          0|
    |phase_reg_1889                       |    3|   0|    3|          0|
    |phase_reg_1889_pp0_iter1_reg         |    3|   0|    3|          0|
    |query_raw_10_reg_2036                |   32|   0|   32|          0|
    |query_raw_11_reg_2041                |   32|   0|   32|          0|
    |query_raw_12_reg_2046                |   32|   0|   32|          0|
    |query_raw_13_reg_2051                |   32|   0|   32|          0|
    |query_raw_14_reg_2056                |   32|   0|   32|          0|
    |query_raw_15_reg_2061                |   32|   0|   32|          0|
    |query_raw_1_reg_1991                 |   32|   0|   32|          0|
    |query_raw_2_reg_1996                 |   32|   0|   32|          0|
    |query_raw_3_reg_2001                 |   32|   0|   32|          0|
    |query_raw_4_reg_2006                 |   32|   0|   32|          0|
    |query_raw_5_reg_2011                 |   32|   0|   32|          0|
    |query_raw_6_reg_2016                 |   32|   0|   32|          0|
    |query_raw_7_reg_2021                 |   32|   0|   32|          0|
    |query_raw_8_reg_2026                 |   32|   0|   32|          0|
    |query_raw_9_reg_2031                 |   32|   0|   32|          0|
    |query_raw_reg_1986                   |   32|   0|   32|          0|
    |score_1_reg_2494                     |   32|   0|   32|          0|
    |shift_reg_2066                       |    5|   0|    5|          0|
    |sub_ln824_1_reg_2446                 |    5|   0|    5|          0|
    |sub_ln824_reg_2440                   |    5|   0|    5|          0|
    |sum_reg_2422                         |   44|   0|   44|          0|
    |tmp_164_reg_2476                     |    1|   0|    1|          0|
    |tmp_s_reg_2488                       |    2|   0|    2|          0|
    |token_dot_fu_274                     |   44|   0|   44|          0|
    |trunc_ln915_reg_2483                 |   23|   0|   23|          0|
    |trunc_ln_reg_1899                    |    2|   0|    2|          0|
    |trunc_ln_reg_1899_pp0_iter1_reg      |    2|   0|    2|          0|
    |half_reg_1885                        |   64|  32|    1|          0|
    |icmp_ln909_reg_2153                  |   64|  32|    1|          0|
    |icmp_ln913_reg_2158                  |   64|  32|    1|          0|
    |shift_reg_2066                       |   64|  32|    5|          0|
    +-------------------------------------+-----+----+-----+-----------+
    |Total                                | 3165| 128| 2917|          0|
    +-------------------------------------+-----+----+-----+-----------+



================================================================
== Interface
================================================================
* Summary: 
+------------------------------------+-----+-----+------------+------------------------------------------------------------------+--------------+
|              RTL Ports             | Dir | Bits|  Protocol  |                           Source Object                          |    C Type    |
+------------------------------------+-----+-----+------------+------------------------------------------------------------------+--------------+
|ap_clk                              |   in|    1|  ap_ctrl_hs|  swiftkv_process_compressed_kv_Pipeline_compressed_dot_phase_loop|  return value|
|ap_rst                              |   in|    1|  ap_ctrl_hs|  swiftkv_process_compressed_kv_Pipeline_compressed_dot_phase_loop|  return value|
|ap_start                            |   in|    1|  ap_ctrl_hs|  swiftkv_process_compressed_kv_Pipeline_compressed_dot_phase_loop|  return value|
|ap_done                             |  out|    1|  ap_ctrl_hs|  swiftkv_process_compressed_kv_Pipeline_compressed_dot_phase_loop|  return value|
|ap_idle                             |  out|    1|  ap_ctrl_hs|  swiftkv_process_compressed_kv_Pipeline_compressed_dot_phase_loop|  return value|
|ap_ready                            |  out|    1|  ap_ctrl_hs|  swiftkv_process_compressed_kv_Pipeline_compressed_dot_phase_loop|  return value|
|key_metadata_stream_dout            |   in|   40|     ap_fifo|                                               key_metadata_stream|       pointer|
|key_metadata_stream_num_data_valid  |   in|    6|     ap_fifo|                                               key_metadata_stream|       pointer|
|key_metadata_stream_fifo_cap        |   in|    6|     ap_fifo|                                               key_metadata_stream|       pointer|
|key_metadata_stream_empty_n         |   in|    1|     ap_fifo|                                               key_metadata_stream|       pointer|
|key_metadata_stream_read            |  out|    1|     ap_fifo|                                               key_metadata_stream|       pointer|
|key0_stream_dout                    |   in|  512|     ap_fifo|                                                       key0_stream|       pointer|
|key0_stream_num_data_valid          |   in|    6|     ap_fifo|                                                       key0_stream|       pointer|
|key0_stream_fifo_cap                |   in|    6|     ap_fifo|                                                       key0_stream|       pointer|
|key0_stream_empty_n                 |   in|    1|     ap_fifo|                                                       key0_stream|       pointer|
|key0_stream_read                    |  out|    1|     ap_fifo|                                                       key0_stream|       pointer|
|key1_stream_dout                    |   in|  512|     ap_fifo|                                                       key1_stream|       pointer|
|key1_stream_num_data_valid          |   in|    6|     ap_fifo|                                                       key1_stream|       pointer|
|key1_stream_fifo_cap                |   in|    6|     ap_fifo|                                                       key1_stream|       pointer|
|key1_stream_empty_n                 |   in|    1|     ap_fifo|                                                       key1_stream|       pointer|
|key1_stream_read                    |  out|    1|     ap_fifo|                                                       key1_stream|       pointer|
|score_stream_din                    |  out|   32|     ap_fifo|                                                      score_stream|       pointer|
|score_stream_num_data_valid         |   in|    3|     ap_fifo|                                                      score_stream|       pointer|
|score_stream_fifo_cap               |   in|    3|     ap_fifo|                                                      score_stream|       pointer|
|score_stream_full_n                 |   in|    1|     ap_fifo|                                                      score_stream|       pointer|
|score_stream_write                  |  out|    1|     ap_fifo|                                                      score_stream|       pointer|
|total_phases                        |   in|   16|     ap_none|                                                      total_phases|        scalar|
|query_0_address0                    |  out|    3|   ap_memory|                                                           query_0|         array|
|query_0_ce0                         |  out|    1|   ap_memory|                                                           query_0|         array|
|query_0_q0                          |   in|   32|   ap_memory|                                                           query_0|         array|
|query_1_address0                    |  out|    3|   ap_memory|                                                           query_1|         array|
|query_1_ce0                         |  out|    1|   ap_memory|                                                           query_1|         array|
|query_1_q0                          |   in|   32|   ap_memory|                                                           query_1|         array|
|query_2_address0                    |  out|    3|   ap_memory|                                                           query_2|         array|
|query_2_ce0                         |  out|    1|   ap_memory|                                                           query_2|         array|
|query_2_q0                          |   in|   32|   ap_memory|                                                           query_2|         array|
|query_3_address0                    |  out|    3|   ap_memory|                                                           query_3|         array|
|query_3_ce0                         |  out|    1|   ap_memory|                                                           query_3|         array|
|query_3_q0                          |   in|   32|   ap_memory|                                                           query_3|         array|
|query_4_address0                    |  out|    3|   ap_memory|                                                           query_4|         array|
|query_4_ce0                         |  out|    1|   ap_memory|                                                           query_4|         array|
|query_4_q0                          |   in|   32|   ap_memory|                                                           query_4|         array|
|query_5_address0                    |  out|    3|   ap_memory|                                                           query_5|         array|
|query_5_ce0                         |  out|    1|   ap_memory|                                                           query_5|         array|
|query_5_q0                          |   in|   32|   ap_memory|                                                           query_5|         array|
|query_6_address0                    |  out|    3|   ap_memory|                                                           query_6|         array|
|query_6_ce0                         |  out|    1|   ap_memory|                                                           query_6|         array|
|query_6_q0                          |   in|   32|   ap_memory|                                                           query_6|         array|
|query_7_address0                    |  out|    3|   ap_memory|                                                           query_7|         array|
|query_7_ce0                         |  out|    1|   ap_memory|                                                           query_7|         array|
|query_7_q0                          |   in|   32|   ap_memory|                                                           query_7|         array|
|query_8_address0                    |  out|    3|   ap_memory|                                                           query_8|         array|
|query_8_ce0                         |  out|    1|   ap_memory|                                                           query_8|         array|
|query_8_q0                          |   in|   32|   ap_memory|                                                           query_8|         array|
|query_9_address0                    |  out|    3|   ap_memory|                                                           query_9|         array|
|query_9_ce0                         |  out|    1|   ap_memory|                                                           query_9|         array|
|query_9_q0                          |   in|   32|   ap_memory|                                                           query_9|         array|
|query_10_address0                   |  out|    3|   ap_memory|                                                          query_10|         array|
|query_10_ce0                        |  out|    1|   ap_memory|                                                          query_10|         array|
|query_10_q0                         |   in|   32|   ap_memory|                                                          query_10|         array|
|query_11_address0                   |  out|    3|   ap_memory|                                                          query_11|         array|
|query_11_ce0                        |  out|    1|   ap_memory|                                                          query_11|         array|
|query_11_q0                         |   in|   32|   ap_memory|                                                          query_11|         array|
|query_12_address0                   |  out|    3|   ap_memory|                                                          query_12|         array|
|query_12_ce0                        |  out|    1|   ap_memory|                                                          query_12|         array|
|query_12_q0                         |   in|   32|   ap_memory|                                                          query_12|         array|
|query_13_address0                   |  out|    3|   ap_memory|                                                          query_13|         array|
|query_13_ce0                        |  out|    1|   ap_memory|                                                          query_13|         array|
|query_13_q0                         |   in|   32|   ap_memory|                                                          query_13|         array|
|query_14_address0                   |  out|    3|   ap_memory|                                                          query_14|         array|
|query_14_ce0                        |  out|    1|   ap_memory|                                                          query_14|         array|
|query_14_q0                         |   in|   32|   ap_memory|                                                          query_14|         array|
|query_15_address0                   |  out|    3|   ap_memory|                                                          query_15|         array|
|query_15_ce0                        |  out|    1|   ap_memory|                                                          query_15|         array|
|query_15_q0                         |   in|   32|   ap_memory|                                                          query_15|         array|
+------------------------------------+-----+-----+------------+------------------------------------------------------------------+--------------+

============================================================
+ Verbose Summary: Synthesis Manager
============================================================
InlineROM: 1
ExposeGlobal: 0
============================================================
+ Verbose Summary: CDFG Model
============================================================
IsTopModel: 0
ResetActiveHigh: 1
IsCombinational: 2
IsDatapathOnly: 2
HasWiredReturn: 1
HasMFsm: 2
HasVarLatency: 1
IsPipeline: 0
IsRtlPipelined: 0
IsInstanceOverlapped: 0
IsDontTouch: 0
HasImplIP: 0
IsGatedGlobalClock: 0

+ Individual pipeline summary: 
  * Pipeline-0: initiation interval (II) = 1, depth = 16


============================================================
+ Verbose Summary: Schedule
============================================================
* Number of FSM states : 16
* Pipeline : 1
  Pipeline-0 : II = 1, D = 16, States = { 1 2 3 4 5 6 7 8 9 10 11 12 13 14 15 16 }
* Dataflow Pipeline: 0

* FSM state transitions: 
1 --> 2 
2 --> 3 
3 --> 4 
4 --> 5 
5 --> 6 
6 --> 7 
7 --> 8 
8 --> 9 
9 --> 10 
10 --> 11 
11 --> 12 
12 --> 13 
13 --> 14 
14 --> 15 
15 --> 16 
16 --> 

* FSM state operations: 

State 1 <SV = 0> <Delay = 1.55>
ST_1 : Operation 19 [1/1] (0.00ns)   --->   "%dot_phase = alloca i32 1" [source/swiftkv_attention.cpp:854]   --->   Operation 19 'alloca' 'dot_phase' <Predicate = true> <Delay = 0.00>
ST_1 : Operation 20 [1/1] (0.00ns)   --->   "%group_first_half = alloca i32 1" [source/swiftkv_attention.cpp:850]   --->   Operation 20 'alloca' 'group_first_half' <Predicate = true> <Delay = 0.00>
ST_1 : Operation 21 [1/1] (0.00ns)   --->   "%token_dot = alloca i32 1" [source/swiftkv_attention.cpp:851]   --->   Operation 21 'alloca' 'token_dot' <Predicate = true> <Delay = 0.00>
ST_1 : Operation 22 [1/1] (0.00ns)   --->   "%key_chunk = alloca i32 1" [source/swiftkv_attention.cpp:846]   --->   Operation 22 'alloca' 'key_chunk' <Predicate = true> <Delay = 0.00>
ST_1 : Operation 23 [1/1] (0.00ns)   --->   "%key_chunk_1 = alloca i32 1" [source/swiftkv_attention.cpp:846]   --->   Operation 23 'alloca' 'key_chunk_1' <Predicate = true> <Delay = 0.00>
ST_1 : Operation 24 [1/1] (0.00ns)   --->   "%key_chunk_2 = alloca i32 1" [source/swiftkv_attention.cpp:846]   --->   Operation 24 'alloca' 'key_chunk_2' <Predicate = true> <Delay = 0.00>
ST_1 : Operation 25 [1/1] (0.00ns)   --->   "%key_chunk_3 = alloca i32 1" [source/swiftkv_attention.cpp:846]   --->   Operation 25 'alloca' 'key_chunk_3' <Predicate = true> <Delay = 0.00>
ST_1 : Operation 26 [1/1] (0.00ns)   --->   "%key_chunk_4 = alloca i32 1" [source/swiftkv_attention.cpp:846]   --->   Operation 26 'alloca' 'key_chunk_4' <Predicate = true> <Delay = 0.00>
ST_1 : Operation 27 [1/1] (0.00ns)   --->   "%key_chunk_5 = alloca i32 1" [source/swiftkv_attention.cpp:846]   --->   Operation 27 'alloca' 'key_chunk_5' <Predicate = true> <Delay = 0.00>
ST_1 : Operation 28 [1/1] (0.00ns)   --->   "%key_chunk_6 = alloca i32 1" [source/swiftkv_attention.cpp:846]   --->   Operation 28 'alloca' 'key_chunk_6' <Predicate = true> <Delay = 0.00>
ST_1 : Operation 29 [1/1] (0.00ns)   --->   "%key_chunk_7 = alloca i32 1" [source/swiftkv_attention.cpp:846]   --->   Operation 29 'alloca' 'key_chunk_7' <Predicate = true> <Delay = 0.00>
ST_1 : Operation 30 [1/1] (0.00ns)   --->   "%key_shift = alloca i32 1" [source/swiftkv_attention.cpp:847]   --->   Operation 30 'alloca' 'key_shift' <Predicate = true> <Delay = 0.00>
ST_1 : Operation 31 [1/1] (0.00ns)   --->   "%key_shift_1 = alloca i32 1" [source/swiftkv_attention.cpp:847]   --->   Operation 31 'alloca' 'key_shift_1' <Predicate = true> <Delay = 0.00>
ST_1 : Operation 32 [1/1] (0.00ns)   --->   "%key_shift_2 = alloca i32 1" [source/swiftkv_attention.cpp:847]   --->   Operation 32 'alloca' 'key_shift_2' <Predicate = true> <Delay = 0.00>
ST_1 : Operation 33 [1/1] (0.00ns)   --->   "%key_shift_3 = alloca i32 1" [source/swiftkv_attention.cpp:847]   --->   Operation 33 'alloca' 'key_shift_3' <Predicate = true> <Delay = 0.00>
ST_1 : Operation 34 [1/1] (0.00ns)   --->   "%specmemcore_ln0 = specmemcore void @_ssdm_op_SpecMemCore, i32 %query_0, i64 666, i64 18, i64 18446744073709551615"   --->   Operation 34 'specmemcore' 'specmemcore_ln0' <Predicate = true> <Delay = 0.00>
ST_1 : Operation 35 [1/1] (0.00ns)   --->   "%specmemcore_ln0 = specmemcore void @_ssdm_op_SpecMemCore, i32 %query_1, i64 666, i64 18, i64 18446744073709551615"   --->   Operation 35 'specmemcore' 'specmemcore_ln0' <Predicate = true> <Delay = 0.00>
ST_1 : Operation 36 [1/1] (0.00ns)   --->   "%specmemcore_ln0 = specmemcore void @_ssdm_op_SpecMemCore, i32 %query_2, i64 666, i64 18, i64 18446744073709551615"   --->   Operation 36 'specmemcore' 'specmemcore_ln0' <Predicate = true> <Delay = 0.00>
ST_1 : Operation 37 [1/1] (0.00ns)   --->   "%specmemcore_ln0 = specmemcore void @_ssdm_op_SpecMemCore, i32 %query_3, i64 666, i64 18, i64 18446744073709551615"   --->   Operation 37 'specmemcore' 'specmemcore_ln0' <Predicate = true> <Delay = 0.00>
ST_1 : Operation 38 [1/1] (0.00ns)   --->   "%specmemcore_ln0 = specmemcore void @_ssdm_op_SpecMemCore, i32 %query_4, i64 666, i64 18, i64 18446744073709551615"   --->   Operation 38 'specmemcore' 'specmemcore_ln0' <Predicate = true> <Delay = 0.00>
ST_1 : Operation 39 [1/1] (0.00ns)   --->   "%specmemcore_ln0 = specmemcore void @_ssdm_op_SpecMemCore, i32 %query_5, i64 666, i64 18, i64 18446744073709551615"   --->   Operation 39 'specmemcore' 'specmemcore_ln0' <Predicate = true> <Delay = 0.00>
ST_1 : Operation 40 [1/1] (0.00ns)   --->   "%specmemcore_ln0 = specmemcore void @_ssdm_op_SpecMemCore, i32 %query_6, i64 666, i64 18, i64 18446744073709551615"   --->   Operation 40 'specmemcore' 'specmemcore_ln0' <Predicate = true> <Delay = 0.00>
ST_1 : Operation 41 [1/1] (0.00ns)   --->   "%specmemcore_ln0 = specmemcore void @_ssdm_op_SpecMemCore, i32 %query_7, i64 666, i64 18, i64 18446744073709551615"   --->   Operation 41 'specmemcore' 'specmemcore_ln0' <Predicate = true> <Delay = 0.00>
ST_1 : Operation 42 [1/1] (0.00ns)   --->   "%specmemcore_ln0 = specmemcore void @_ssdm_op_SpecMemCore, i32 %query_8, i64 666, i64 18, i64 18446744073709551615"   --->   Operation 42 'specmemcore' 'specmemcore_ln0' <Predicate = true> <Delay = 0.00>
ST_1 : Operation 43 [1/1] (0.00ns)   --->   "%specmemcore_ln0 = specmemcore void @_ssdm_op_SpecMemCore, i32 %query_9, i64 666, i64 18, i64 18446744073709551615"   --->   Operation 43 'specmemcore' 'specmemcore_ln0' <Predicate = true> <Delay = 0.00>
ST_1 : Operation 44 [1/1] (0.00ns)   --->   "%specmemcore_ln0 = specmemcore void @_ssdm_op_SpecMemCore, i32 %query_10, i64 666, i64 18, i64 18446744073709551615"   --->   Operation 44 'specmemcore' 'specmemcore_ln0' <Predicate = true> <Delay = 0.00>
ST_1 : Operation 45 [1/1] (0.00ns)   --->   "%specmemcore_ln0 = specmemcore void @_ssdm_op_SpecMemCore, i32 %query_11, i64 666, i64 18, i64 18446744073709551615"   --->   Operation 45 'specmemcore' 'specmemcore_ln0' <Predicate = true> <Delay = 0.00>
ST_1 : Operation 46 [1/1] (0.00ns)   --->   "%specmemcore_ln0 = specmemcore void @_ssdm_op_SpecMemCore, i32 %query_12, i64 666, i64 18, i64 18446744073709551615"   --->   Operation 46 'specmemcore' 'specmemcore_ln0' <Predicate = true> <Delay = 0.00>
ST_1 : Operation 47 [1/1] (0.00ns)   --->   "%specmemcore_ln0 = specmemcore void @_ssdm_op_SpecMemCore, i32 %query_13, i64 666, i64 18, i64 18446744073709551615"   --->   Operation 47 'specmemcore' 'specmemcore_ln0' <Predicate = true> <Delay = 0.00>
ST_1 : Operation 48 [1/1] (0.00ns)   --->   "%specmemcore_ln0 = specmemcore void @_ssdm_op_SpecMemCore, i32 %query_14, i64 666, i64 18, i64 18446744073709551615"   --->   Operation 48 'specmemcore' 'specmemcore_ln0' <Predicate = true> <Delay = 0.00>
ST_1 : Operation 49 [1/1] (0.00ns)   --->   "%specmemcore_ln0 = specmemcore void @_ssdm_op_SpecMemCore, i32 %query_15, i64 666, i64 18, i64 18446744073709551615"   --->   Operation 49 'specmemcore' 'specmemcore_ln0' <Predicate = true> <Delay = 0.00>
ST_1 : Operation 50 [1/1] (0.00ns)   --->   "%specmemcore_ln0 = specmemcore void @_ssdm_op_SpecMemCore, i32 %score_stream, i64 666, i64 10, i64 18446744073709551615"   --->   Operation 50 'specmemcore' 'specmemcore_ln0' <Predicate = true> <Delay = 0.00>
ST_1 : Operation 51 [1/1] (0.00ns)   --->   "%specmemcore_ln0 = specmemcore void @_ssdm_op_SpecMemCore, i40 %key_metadata_stream, i64 666, i64 10, i64 18446744073709551615"   --->   Operation 51 'specmemcore' 'specmemcore_ln0' <Predicate = true> <Delay = 0.00>
ST_1 : Operation 52 [1/1] (0.00ns)   --->   "%specmemcore_ln0 = specmemcore void @_ssdm_op_SpecMemCore, i512 %key0_stream, i64 666, i64 11, i64 18446744073709551615"   --->   Operation 52 'specmemcore' 'specmemcore_ln0' <Predicate = true> <Delay = 0.00>
ST_1 : Operation 53 [1/1] (0.00ns)   --->   "%specmemcore_ln0 = specmemcore void @_ssdm_op_SpecMemCore, i512 %key1_stream, i64 666, i64 11, i64 18446744073709551615"   --->   Operation 53 'specmemcore' 'specmemcore_ln0' <Predicate = true> <Delay = 0.00>
ST_1 : Operation 54 [1/1] (0.00ns)   --->   "%specinterface_ln0 = specinterface void @_ssdm_op_SpecInterface, i32 %score_stream, void @empty_447, i32 0, i32 0, void @empty_418, i32 0, i32 0, void @empty_418, void @empty_418, void @empty_418, i32 0, i32 0, i32 0, i32 0, void @empty_418, void @empty_418, i32 4294967295, i32 0"   --->   Operation 54 'specinterface' 'specinterface_ln0' <Predicate = true> <Delay = 0.00>
ST_1 : Operation 55 [1/1] (0.00ns)   --->   "%specinterface_ln0 = specinterface void @_ssdm_op_SpecInterface, i40 %key_metadata_stream, void @empty_447, i32 0, i32 0, void @empty_418, i32 0, i32 0, void @empty_418, void @empty_418, void @empty_418, i32 0, i32 0, i32 0, i32 0, void @empty_418, void @empty_418, i32 4294967295, i32 0"   --->   Operation 55 'specinterface' 'specinterface_ln0' <Predicate = true> <Delay = 0.00>
ST_1 : Operation 56 [1/1] (0.00ns)   --->   "%specinterface_ln0 = specinterface void @_ssdm_op_SpecInterface, i512 %key0_stream, void @empty_447, i32 0, i32 0, void @empty_418, i32 0, i32 0, void @empty_418, void @empty_418, void @empty_418, i32 0, i32 0, i32 0, i32 0, void @empty_418, void @empty_418, i32 4294967295, i32 0"   --->   Operation 56 'specinterface' 'specinterface_ln0' <Predicate = true> <Delay = 0.00>
ST_1 : Operation 57 [1/1] (0.00ns)   --->   "%specinterface_ln0 = specinterface void @_ssdm_op_SpecInterface, i512 %key1_stream, void @empty_447, i32 0, i32 0, void @empty_418, i32 0, i32 0, void @empty_418, void @empty_418, void @empty_418, i32 0, i32 0, i32 0, i32 0, void @empty_418, void @empty_418, i32 4294967295, i32 0"   --->   Operation 57 'specinterface' 'specinterface_ln0' <Predicate = true> <Delay = 0.00>
ST_1 : Operation 58 [1/1] (0.00ns)   --->   "%total_phases_read = read i16 @_ssdm_op_Read.ap_auto.i16, i16 %total_phases" [source/swiftkv_attention.cpp:835]   --->   Operation 58 'read' 'total_phases_read' <Predicate = true> <Delay = 0.00>
ST_1 : Operation 59 [1/1] (0.38ns)   --->   "%store_ln851 = store i44 0, i44 %token_dot" [source/swiftkv_attention.cpp:851]   --->   Operation 59 'store' 'store_ln851' <Predicate = true> <Delay = 0.38>
ST_1 : Operation 60 [1/1] (0.38ns)   --->   "%store_ln850 = store i44 0, i44 %group_first_half" [source/swiftkv_attention.cpp:850]   --->   Operation 60 'store' 'store_ln850' <Predicate = true> <Delay = 0.38>
ST_1 : Operation 61 [1/1] (0.38ns)   --->   "%store_ln854 = store i16 0, i16 %dot_phase" [source/swiftkv_attention.cpp:854]   --->   Operation 61 'store' 'store_ln854' <Predicate = true> <Delay = 0.38>
ST_1 : Operation 62 [1/1] (0.00ns)   --->   "%br_ln0 = br void %for.body"   --->   Operation 62 'br' 'br_ln0' <Predicate = true> <Delay = 0.00>
ST_1 : Operation 63 [1/1] (0.00ns)   --->   "%dot_phase_1 = load i16 %dot_phase" [source/swiftkv_attention.cpp:855]   --->   Operation 63 'load' 'dot_phase_1' <Predicate = true> <Delay = 0.00>
ST_1 : Operation 64 [1/1] (0.78ns)   --->   "%icmp_ln855 = icmp_eq  i16 %dot_phase_1, i16 %total_phases_read" [source/swiftkv_attention.cpp:855]   --->   Operation 64 'icmp' 'icmp_ln855' <Predicate = true> <Delay = 0.78> <CoreInst = "Cmp">   --->   Core 9 'Cmp' <Latency = 0> <II = 1> <Delay = 0.78> <FuncUnit> <Opcode : 'icmp'> <InPorts = 2> <OutPorts = 1>
ST_1 : Operation 65 [1/1] (0.78ns)   --->   "%dot_phase_2 = add i16 %dot_phase_1, i16 1" [source/swiftkv_attention.cpp:856]   --->   Operation 65 'add' 'dot_phase_2' <Predicate = true> <Delay = 0.78> <CoreInst = "Adder">   --->   Core 1 'Adder' <Latency = 0> <II = 1> <Delay = 0.78> <FuncUnit> <Opcode : 'add' 'sub'> <InPorts = 2> <OutPorts = 1>
ST_1 : Operation 66 [1/1] (0.00ns)   --->   "%br_ln854 = br i1 %icmp_ln855, void %for.body.split, void %for.end66.exitStub" [source/swiftkv_attention.cpp:854]   --->   Operation 66 'br' 'br_ln854' <Predicate = true> <Delay = 0.00>
ST_1 : Operation 67 [1/1] (0.00ns)   --->   "%half = trunc i16 %dot_phase_1" [source/swiftkv_attention.cpp:855]   --->   Operation 67 'trunc' 'half' <Predicate = (!icmp_ln855)> <Delay = 0.00>
ST_1 : Operation 68 [1/1] (0.00ns)   --->   "%phase = trunc i16 %dot_phase_1" [source/swiftkv_attention.cpp:855]   --->   Operation 68 'trunc' 'phase' <Predicate = (!icmp_ln855)> <Delay = 0.00>
ST_1 : Operation 69 [1/1] (0.00ns)   --->   "%specpipeline_ln857 = specpipeline void @_ssdm_op_SpecPipeline, i32 1, i32 0, i32 0, i32 0, void @empty_418" [source/swiftkv_attention.cpp:857]   --->   Operation 69 'specpipeline' 'specpipeline_ln857' <Predicate = (!icmp_ln855)> <Delay = 0.00>
ST_1 : Operation 70 [1/1] (0.00ns)   --->   "%speclooptripcount_ln858 = speclooptripcount void @_ssdm_op_SpecLoopTripCount, i64 8, i64 32768, i64 16388" [source/swiftkv_attention.cpp:858]   --->   Operation 70 'speclooptripcount' 'speclooptripcount_ln858' <Predicate = (!icmp_ln855)> <Delay = 0.00>
ST_1 : Operation 71 [1/1] (0.00ns)   --->   "%specloopname_ln854 = specloopname void @_ssdm_op_SpecLoopName, void @empty_467" [source/swiftkv_attention.cpp:854]   --->   Operation 71 'specloopname' 'specloopname_ln854' <Predicate = (!icmp_ln855)> <Delay = 0.00>
ST_1 : Operation 72 [1/1] (0.57ns)   --->   "%icmp_ln860 = icmp_eq  i3 %phase, i3 0" [source/swiftkv_attention.cpp:860]   --->   Operation 72 'icmp' 'icmp_ln860' <Predicate = (!icmp_ln855)> <Delay = 0.57> <CoreInst = "Cmp">   --->   Core 9 'Cmp' <Latency = 0> <II = 1> <Delay = 0.57> <FuncUnit> <Opcode : 'icmp'> <InPorts = 2> <OutPorts = 1>
ST_1 : Operation 73 [1/1] (0.00ns)   --->   "%br_ln860 = br i1 %icmp_ln860, void %load_compressed_dot_query_loop_ifconv, void %split_compressed_key_loop" [source/swiftkv_attention.cpp:860]   --->   Operation 73 'br' 'br_ln860' <Predicate = (!icmp_ln855)> <Delay = 0.00>
ST_1 : Operation 74 [1/1] (0.00ns)   --->   "%trunc_ln = partselect i2 @_ssdm_op_PartSelect.i2.i16.i32.i32, i16 %dot_phase_1, i32 1, i32 2" [source/swiftkv_attention.cpp:889]   --->   Operation 74 'partselect' 'trunc_ln' <Predicate = (!icmp_ln855)> <Delay = 0.00>
ST_1 : Operation 75 [1/1] (0.00ns)   --->   "%br_ln903 = br i1 %half, void %load_compressed_dot_query_loop_ifconv.for.inc64_crit_edge, void %_ZN13ap_fixed_baseILi45ELi21ELb1EL9ap_q_mode5EL9ap_o_mode3ELi0EEC2Ei.exit.i85" [source/swiftkv_attention.cpp:903]   --->   Operation 75 'br' 'br_ln903' <Predicate = (!icmp_ln855)> <Delay = 0.00>
ST_1 : Operation 76 [1/1] (0.38ns)   --->   "%store_ln854 = store i16 %dot_phase_2, i16 %dot_phase" [source/swiftkv_attention.cpp:854]   --->   Operation 76 'store' 'store_ln854' <Predicate = (!icmp_ln855)> <Delay = 0.38>
ST_1 : Operation 77 [1/1] (0.00ns)   --->   "%br_ln854 = br void %for.body" [source/swiftkv_attention.cpp:854]   --->   Operation 77 'br' 'br_ln854' <Predicate = (!icmp_ln855)> <Delay = 0.00>

State 2 <SV = 1> <Delay = 1.21>
ST_2 : Operation 78 [1/1] (1.21ns)   --->   "%metadata = read i40 @_ssdm_op_Read.ap_fifo.volatile.i40P0A, i40 %key_metadata_stream" [source/swiftkv_attention.cpp:862]   --->   Operation 78 'read' 'metadata' <Predicate = (icmp_ln860)> <Delay = 1.21> <CoreInst = "FIFO_SRL">   --->   Core 81 'FIFO_SRL' <Latency = 0> <II = 1> <Delay = 1.47> <Storage> <Opcode : 'read' 'write' 'nbread' 'nbwrite'> <Ports = 0> <Width = 40> <Depth = 32> <FIFO>
ST_2 : Operation 79 [1/1] (1.21ns)   --->   "%packed_k0 = read i512 @_ssdm_op_Read.ap_fifo.volatile.i512P0A, i512 %key0_stream" [source/swiftkv_attention.cpp:864]   --->   Operation 79 'read' 'packed_k0' <Predicate = (icmp_ln860)> <Delay = 1.21> <CoreInst = "FIFO_URAM">   --->   Core 82 'FIFO_URAM' <Latency = 0> <II = 1> <Delay = 1.67> <Storage> <Opcode : 'read' 'write' 'nbread' 'nbwrite'> <Ports = 0> <Width = 512> <Depth = 32> <FIFO>
ST_2 : Operation 80 [1/1] (1.21ns)   --->   "%packed_k1 = read i512 @_ssdm_op_Read.ap_fifo.volatile.i512P0A, i512 %key1_stream" [source/swiftkv_attention.cpp:866]   --->   Operation 80 'read' 'packed_k1' <Predicate = (icmp_ln860)> <Delay = 1.21> <CoreInst = "FIFO_URAM">   --->   Core 82 'FIFO_URAM' <Latency = 0> <II = 1> <Delay = 1.67> <Storage> <Opcode : 'read' 'write' 'nbread' 'nbwrite'> <Ports = 0> <Width = 512> <Depth = 32> <FIFO>
ST_2 : Operation 81 [1/1] (0.00ns)   --->   "%key_chunk_13 = trunc i512 %packed_k0" [source/swiftkv_attention.cpp:871]   --->   Operation 81 'trunc' 'key_chunk_13' <Predicate = (icmp_ln860)> <Delay = 0.00>
ST_2 : Operation 82 [1/1] (0.00ns)   --->   "%key_chunk_14 = trunc i512 %packed_k1" [source/swiftkv_attention.cpp:874]   --->   Operation 82 'trunc' 'key_chunk_14' <Predicate = (icmp_ln860)> <Delay = 0.00>
ST_2 : Operation 83 [1/1] (0.00ns)   --->   "%key_chunk_15 = partselect i128 @_ssdm_op_PartSelect.i128.i512.i32.i32, i512 %packed_k0, i32 128, i32 255" [source/swiftkv_attention.cpp:871]   --->   Operation 83 'partselect' 'key_chunk_15' <Predicate = (icmp_ln860)> <Delay = 0.00>
ST_2 : Operation 84 [1/1] (0.00ns)   --->   "%key_chunk_8 = partselect i128 @_ssdm_op_PartSelect.i128.i512.i32.i32, i512 %packed_k1, i32 128, i32 255" [source/swiftkv_attention.cpp:874]   --->   Operation 84 'partselect' 'key_chunk_8' <Predicate = (icmp_ln860)> <Delay = 0.00>
ST_2 : Operation 85 [1/1] (0.00ns)   --->   "%key_chunk_9 = partselect i128 @_ssdm_op_PartSelect.i128.i512.i32.i32, i512 %packed_k0, i32 256, i32 383" [source/swiftkv_attention.cpp:871]   --->   Operation 85 'partselect' 'key_chunk_9' <Predicate = (icmp_ln860)> <Delay = 0.00>
ST_2 : Operation 86 [1/1] (0.00ns)   --->   "%key_chunk_10 = partselect i128 @_ssdm_op_PartSelect.i128.i512.i32.i32, i512 %packed_k1, i32 256, i32 383" [source/swiftkv_attention.cpp:874]   --->   Operation 86 'partselect' 'key_chunk_10' <Predicate = (icmp_ln860)> <Delay = 0.00>
ST_2 : Operation 87 [1/1] (0.00ns)   --->   "%key_chunk_11 = partselect i128 @_ssdm_op_PartSelect.i128.i512.i32.i32, i512 %packed_k0, i32 384, i32 511" [source/swiftkv_attention.cpp:871]   --->   Operation 87 'partselect' 'key_chunk_11' <Predicate = (icmp_ln860)> <Delay = 0.00>
ST_2 : Operation 88 [1/1] (0.00ns)   --->   "%key_chunk_12 = partselect i128 @_ssdm_op_PartSelect.i128.i512.i32.i32, i512 %packed_k1, i32 384, i32 511" [source/swiftkv_attention.cpp:874]   --->   Operation 88 'partselect' 'key_chunk_12' <Predicate = (icmp_ln860)> <Delay = 0.00>
ST_2 : Operation 89 [1/1] (0.00ns)   --->   "%key_shift_6 = trunc i40 %metadata" [source/swiftkv_attention.cpp:882]   --->   Operation 89 'trunc' 'key_shift_6' <Predicate = (icmp_ln860)> <Delay = 0.00>
ST_2 : Operation 90 [1/1] (0.00ns)   --->   "%key_shift_7 = partselect i5 @_ssdm_op_PartSelect.i5.i40.i32.i32, i40 %metadata, i32 5, i32 9" [source/swiftkv_attention.cpp:882]   --->   Operation 90 'partselect' 'key_shift_7' <Predicate = (icmp_ln860)> <Delay = 0.00>
ST_2 : Operation 91 [1/1] (0.00ns)   --->   "%key_shift_4 = partselect i5 @_ssdm_op_PartSelect.i5.i40.i32.i32, i40 %metadata, i32 10, i32 14" [source/swiftkv_attention.cpp:882]   --->   Operation 91 'partselect' 'key_shift_4' <Predicate = (icmp_ln860)> <Delay = 0.00>
ST_2 : Operation 92 [1/1] (0.00ns)   --->   "%key_shift_5 = partselect i5 @_ssdm_op_PartSelect.i5.i40.i32.i32, i40 %metadata, i32 15, i32 19" [source/swiftkv_attention.cpp:882]   --->   Operation 92 'partselect' 'key_shift_5' <Predicate = (icmp_ln860)> <Delay = 0.00>
ST_2 : Operation 93 [1/1] (0.00ns)   --->   "%store_ln847 = store i5 %key_shift_5, i5 %key_shift_3" [source/swiftkv_attention.cpp:847]   --->   Operation 93 'store' 'store_ln847' <Predicate = (icmp_ln860)> <Delay = 0.00>
ST_2 : Operation 94 [1/1] (0.00ns)   --->   "%store_ln847 = store i5 %key_shift_4, i5 %key_shift_2" [source/swiftkv_attention.cpp:847]   --->   Operation 94 'store' 'store_ln847' <Predicate = (icmp_ln860)> <Delay = 0.00>
ST_2 : Operation 95 [1/1] (0.00ns)   --->   "%store_ln847 = store i5 %key_shift_7, i5 %key_shift_1" [source/swiftkv_attention.cpp:847]   --->   Operation 95 'store' 'store_ln847' <Predicate = (icmp_ln860)> <Delay = 0.00>
ST_2 : Operation 96 [1/1] (0.00ns)   --->   "%store_ln847 = store i5 %key_shift_6, i5 %key_shift" [source/swiftkv_attention.cpp:847]   --->   Operation 96 'store' 'store_ln847' <Predicate = (icmp_ln860)> <Delay = 0.00>
ST_2 : Operation 97 [1/1] (0.00ns)   --->   "%store_ln846 = store i128 %key_chunk_12, i128 %key_chunk_7" [source/swiftkv_attention.cpp:846]   --->   Operation 97 'store' 'store_ln846' <Predicate = (icmp_ln860)> <Delay = 0.00>
ST_2 : Operation 98 [1/1] (0.00ns)   --->   "%store_ln846 = store i128 %key_chunk_10, i128 %key_chunk_6" [source/swiftkv_attention.cpp:846]   --->   Operation 98 'store' 'store_ln846' <Predicate = (icmp_ln860)> <Delay = 0.00>
ST_2 : Operation 99 [1/1] (0.00ns)   --->   "%store_ln846 = store i128 %key_chunk_8, i128 %key_chunk_5" [source/swiftkv_attention.cpp:846]   --->   Operation 99 'store' 'store_ln846' <Predicate = (icmp_ln860)> <Delay = 0.00>
ST_2 : Operation 100 [1/1] (0.00ns)   --->   "%store_ln846 = store i128 %key_chunk_14, i128 %key_chunk_4" [source/swiftkv_attention.cpp:846]   --->   Operation 100 'store' 'store_ln846' <Predicate = (icmp_ln860)> <Delay = 0.00>
ST_2 : Operation 101 [1/1] (0.00ns)   --->   "%store_ln846 = store i128 %key_chunk_11, i128 %key_chunk_3" [source/swiftkv_attention.cpp:846]   --->   Operation 101 'store' 'store_ln846' <Predicate = (icmp_ln860)> <Delay = 0.00>
ST_2 : Operation 102 [1/1] (0.00ns)   --->   "%store_ln846 = store i128 %key_chunk_9, i128 %key_chunk_2" [source/swiftkv_attention.cpp:846]   --->   Operation 102 'store' 'store_ln846' <Predicate = (icmp_ln860)> <Delay = 0.00>
ST_2 : Operation 103 [1/1] (0.00ns)   --->   "%store_ln846 = store i128 %key_chunk_15, i128 %key_chunk_1" [source/swiftkv_attention.cpp:846]   --->   Operation 103 'store' 'store_ln846' <Predicate = (icmp_ln860)> <Delay = 0.00>
ST_2 : Operation 104 [1/1] (0.00ns)   --->   "%store_ln846 = store i128 %key_chunk_13, i128 %key_chunk" [source/swiftkv_attention.cpp:846]   --->   Operation 104 'store' 'store_ln846' <Predicate = (icmp_ln860)> <Delay = 0.00>
ST_2 : Operation 105 [1/1] (0.00ns)   --->   "%br_ln887 = br void %load_compressed_dot_query_loop_ifconv" [source/swiftkv_attention.cpp:887]   --->   Operation 105 'br' 'br_ln887' <Predicate = (icmp_ln860)> <Delay = 0.00>
ST_2 : Operation 106 [1/1] (0.00ns)   --->   "%zext_ln897 = zext i3 %phase" [source/swiftkv_attention.cpp:897]   --->   Operation 106 'zext' 'zext_ln897' <Predicate = true> <Delay = 0.00>
ST_2 : Operation 107 [1/1] (0.00ns)   --->   "%query_0_addr = getelementptr i32 %query_0, i64 0, i64 %zext_ln897" [source/swiftkv_attention.cpp:897]   --->   Operation 107 'getelementptr' 'query_0_addr' <Predicate = true> <Delay = 0.00>
ST_2 : Operation 108 [2/2] (1.19ns)   --->   "%query_raw = load i3 %query_0_addr" [source/swiftkv_attention.cpp:896]   --->   Operation 108 'load' 'query_raw' <Predicate = true> <Delay = 1.19> <CoreInst = "RAM_1P_BRAM">   --->   Core 90 'RAM_1P_BRAM' <Latency = 1> <II = 1> <Delay = 1.19> <Storage> <Opcode : 'load' 'store'> <Ports = 1> <Width = 32> <Depth = 8> <RAM>
ST_2 : Operation 109 [1/1] (0.00ns)   --->   "%query_1_addr = getelementptr i32 %query_1, i64 0, i64 %zext_ln897" [source/swiftkv_attention.cpp:897]   --->   Operation 109 'getelementptr' 'query_1_addr' <Predicate = true> <Delay = 0.00>
ST_2 : Operation 110 [2/2] (1.19ns)   --->   "%query_raw_1 = load i3 %query_1_addr" [source/swiftkv_attention.cpp:896]   --->   Operation 110 'load' 'query_raw_1' <Predicate = true> <Delay = 1.19> <CoreInst = "RAM_1P_BRAM">   --->   Core 90 'RAM_1P_BRAM' <Latency = 1> <II = 1> <Delay = 1.19> <Storage> <Opcode : 'load' 'store'> <Ports = 1> <Width = 32> <Depth = 8> <RAM>
ST_2 : Operation 111 [1/1] (0.00ns)   --->   "%query_2_addr = getelementptr i32 %query_2, i64 0, i64 %zext_ln897" [source/swiftkv_attention.cpp:897]   --->   Operation 111 'getelementptr' 'query_2_addr' <Predicate = true> <Delay = 0.00>
ST_2 : Operation 112 [2/2] (1.19ns)   --->   "%query_raw_2 = load i3 %query_2_addr" [source/swiftkv_attention.cpp:896]   --->   Operation 112 'load' 'query_raw_2' <Predicate = true> <Delay = 1.19> <CoreInst = "RAM_1P_BRAM">   --->   Core 90 'RAM_1P_BRAM' <Latency = 1> <II = 1> <Delay = 1.19> <Storage> <Opcode : 'load' 'store'> <Ports = 1> <Width = 32> <Depth = 8> <RAM>
ST_2 : Operation 113 [1/1] (0.00ns)   --->   "%query_3_addr = getelementptr i32 %query_3, i64 0, i64 %zext_ln897" [source/swiftkv_attention.cpp:897]   --->   Operation 113 'getelementptr' 'query_3_addr' <Predicate = true> <Delay = 0.00>
ST_2 : Operation 114 [2/2] (1.19ns)   --->   "%query_raw_3 = load i3 %query_3_addr" [source/swiftkv_attention.cpp:896]   --->   Operation 114 'load' 'query_raw_3' <Predicate = true> <Delay = 1.19> <CoreInst = "RAM_1P_BRAM">   --->   Core 90 'RAM_1P_BRAM' <Latency = 1> <II = 1> <Delay = 1.19> <Storage> <Opcode : 'load' 'store'> <Ports = 1> <Width = 32> <Depth = 8> <RAM>
ST_2 : Operation 115 [1/1] (0.00ns)   --->   "%query_4_addr = getelementptr i32 %query_4, i64 0, i64 %zext_ln897" [source/swiftkv_attention.cpp:897]   --->   Operation 115 'getelementptr' 'query_4_addr' <Predicate = true> <Delay = 0.00>
ST_2 : Operation 116 [2/2] (1.19ns)   --->   "%query_raw_4 = load i3 %query_4_addr" [source/swiftkv_attention.cpp:896]   --->   Operation 116 'load' 'query_raw_4' <Predicate = true> <Delay = 1.19> <CoreInst = "RAM_1P_BRAM">   --->   Core 90 'RAM_1P_BRAM' <Latency = 1> <II = 1> <Delay = 1.19> <Storage> <Opcode : 'load' 'store'> <Ports = 1> <Width = 32> <Depth = 8> <RAM>
ST_2 : Operation 117 [1/1] (0.00ns)   --->   "%query_5_addr = getelementptr i32 %query_5, i64 0, i64 %zext_ln897" [source/swiftkv_attention.cpp:897]   --->   Operation 117 'getelementptr' 'query_5_addr' <Predicate = true> <Delay = 0.00>
ST_2 : Operation 118 [2/2] (1.19ns)   --->   "%query_raw_5 = load i3 %query_5_addr" [source/swiftkv_attention.cpp:896]   --->   Operation 118 'load' 'query_raw_5' <Predicate = true> <Delay = 1.19> <CoreInst = "RAM_1P_BRAM">   --->   Core 90 'RAM_1P_BRAM' <Latency = 1> <II = 1> <Delay = 1.19> <Storage> <Opcode : 'load' 'store'> <Ports = 1> <Width = 32> <Depth = 8> <RAM>
ST_2 : Operation 119 [1/1] (0.00ns)   --->   "%query_6_addr = getelementptr i32 %query_6, i64 0, i64 %zext_ln897" [source/swiftkv_attention.cpp:897]   --->   Operation 119 'getelementptr' 'query_6_addr' <Predicate = true> <Delay = 0.00>
ST_2 : Operation 120 [2/2] (1.19ns)   --->   "%query_raw_6 = load i3 %query_6_addr" [source/swiftkv_attention.cpp:896]   --->   Operation 120 'load' 'query_raw_6' <Predicate = true> <Delay = 1.19> <CoreInst = "RAM_1P_BRAM">   --->   Core 90 'RAM_1P_BRAM' <Latency = 1> <II = 1> <Delay = 1.19> <Storage> <Opcode : 'load' 'store'> <Ports = 1> <Width = 32> <Depth = 8> <RAM>
ST_2 : Operation 121 [1/1] (0.00ns)   --->   "%query_7_addr = getelementptr i32 %query_7, i64 0, i64 %zext_ln897" [source/swiftkv_attention.cpp:897]   --->   Operation 121 'getelementptr' 'query_7_addr' <Predicate = true> <Delay = 0.00>
ST_2 : Operation 122 [2/2] (1.19ns)   --->   "%query_raw_7 = load i3 %query_7_addr" [source/swiftkv_attention.cpp:896]   --->   Operation 122 'load' 'query_raw_7' <Predicate = true> <Delay = 1.19> <CoreInst = "RAM_1P_BRAM">   --->   Core 90 'RAM_1P_BRAM' <Latency = 1> <II = 1> <Delay = 1.19> <Storage> <Opcode : 'load' 'store'> <Ports = 1> <Width = 32> <Depth = 8> <RAM>
ST_2 : Operation 123 [1/1] (0.00ns)   --->   "%query_8_addr = getelementptr i32 %query_8, i64 0, i64 %zext_ln897" [source/swiftkv_attention.cpp:897]   --->   Operation 123 'getelementptr' 'query_8_addr' <Predicate = true> <Delay = 0.00>
ST_2 : Operation 124 [2/2] (1.19ns)   --->   "%query_raw_8 = load i3 %query_8_addr" [source/swiftkv_attention.cpp:896]   --->   Operation 124 'load' 'query_raw_8' <Predicate = true> <Delay = 1.19> <CoreInst = "RAM_1P_BRAM">   --->   Core 90 'RAM_1P_BRAM' <Latency = 1> <II = 1> <Delay = 1.19> <Storage> <Opcode : 'load' 'store'> <Ports = 1> <Width = 32> <Depth = 8> <RAM>
ST_2 : Operation 125 [1/1] (0.00ns)   --->   "%query_9_addr = getelementptr i32 %query_9, i64 0, i64 %zext_ln897" [source/swiftkv_attention.cpp:897]   --->   Operation 125 'getelementptr' 'query_9_addr' <Predicate = true> <Delay = 0.00>
ST_2 : Operation 126 [2/2] (1.19ns)   --->   "%query_raw_9 = load i3 %query_9_addr" [source/swiftkv_attention.cpp:896]   --->   Operation 126 'load' 'query_raw_9' <Predicate = true> <Delay = 1.19> <CoreInst = "RAM_1P_BRAM">   --->   Core 90 'RAM_1P_BRAM' <Latency = 1> <II = 1> <Delay = 1.19> <Storage> <Opcode : 'load' 'store'> <Ports = 1> <Width = 32> <Depth = 8> <RAM>
ST_2 : Operation 127 [1/1] (0.00ns)   --->   "%query_10_addr = getelementptr i32 %query_10, i64 0, i64 %zext_ln897" [source/swiftkv_attention.cpp:897]   --->   Operation 127 'getelementptr' 'query_10_addr' <Predicate = true> <Delay = 0.00>
ST_2 : Operation 128 [2/2] (1.19ns)   --->   "%query_raw_10 = load i3 %query_10_addr" [source/swiftkv_attention.cpp:896]   --->   Operation 128 'load' 'query_raw_10' <Predicate = true> <Delay = 1.19> <CoreInst = "RAM_1P_BRAM">   --->   Core 90 'RAM_1P_BRAM' <Latency = 1> <II = 1> <Delay = 1.19> <Storage> <Opcode : 'load' 'store'> <Ports = 1> <Width = 32> <Depth = 8> <RAM>
ST_2 : Operation 129 [1/1] (0.00ns)   --->   "%query_11_addr = getelementptr i32 %query_11, i64 0, i64 %zext_ln897" [source/swiftkv_attention.cpp:897]   --->   Operation 129 'getelementptr' 'query_11_addr' <Predicate = true> <Delay = 0.00>
ST_2 : Operation 130 [2/2] (1.19ns)   --->   "%query_raw_11 = load i3 %query_11_addr" [source/swiftkv_attention.cpp:896]   --->   Operation 130 'load' 'query_raw_11' <Predicate = true> <Delay = 1.19> <CoreInst = "RAM_1P_BRAM">   --->   Core 90 'RAM_1P_BRAM' <Latency = 1> <II = 1> <Delay = 1.19> <Storage> <Opcode : 'load' 'store'> <Ports = 1> <Width = 32> <Depth = 8> <RAM>
ST_2 : Operation 131 [1/1] (0.00ns)   --->   "%query_12_addr = getelementptr i32 %query_12, i64 0, i64 %zext_ln897" [source/swiftkv_attention.cpp:897]   --->   Operation 131 'getelementptr' 'query_12_addr' <Predicate = true> <Delay = 0.00>
ST_2 : Operation 132 [2/2] (1.19ns)   --->   "%query_raw_12 = load i3 %query_12_addr" [source/swiftkv_attention.cpp:896]   --->   Operation 132 'load' 'query_raw_12' <Predicate = true> <Delay = 1.19> <CoreInst = "RAM_1P_BRAM">   --->   Core 90 'RAM_1P_BRAM' <Latency = 1> <II = 1> <Delay = 1.19> <Storage> <Opcode : 'load' 'store'> <Ports = 1> <Width = 32> <Depth = 8> <RAM>
ST_2 : Operation 133 [1/1] (0.00ns)   --->   "%query_13_addr = getelementptr i32 %query_13, i64 0, i64 %zext_ln897" [source/swiftkv_attention.cpp:897]   --->   Operation 133 'getelementptr' 'query_13_addr' <Predicate = true> <Delay = 0.00>
ST_2 : Operation 134 [2/2] (1.19ns)   --->   "%query_raw_13 = load i3 %query_13_addr" [source/swiftkv_attention.cpp:896]   --->   Operation 134 'load' 'query_raw_13' <Predicate = true> <Delay = 1.19> <CoreInst = "RAM_1P_BRAM">   --->   Core 90 'RAM_1P_BRAM' <Latency = 1> <II = 1> <Delay = 1.19> <Storage> <Opcode : 'load' 'store'> <Ports = 1> <Width = 32> <Depth = 8> <RAM>
ST_2 : Operation 135 [1/1] (0.00ns)   --->   "%query_14_addr = getelementptr i32 %query_14, i64 0, i64 %zext_ln897" [source/swiftkv_attention.cpp:897]   --->   Operation 135 'getelementptr' 'query_14_addr' <Predicate = true> <Delay = 0.00>
ST_2 : Operation 136 [2/2] (1.19ns)   --->   "%query_raw_14 = load i3 %query_14_addr" [source/swiftkv_attention.cpp:896]   --->   Operation 136 'load' 'query_raw_14' <Predicate = true> <Delay = 1.19> <CoreInst = "RAM_1P_BRAM">   --->   Core 90 'RAM_1P_BRAM' <Latency = 1> <II = 1> <Delay = 1.19> <Storage> <Opcode : 'load' 'store'> <Ports = 1> <Width = 32> <Depth = 8> <RAM>
ST_2 : Operation 137 [1/1] (0.00ns)   --->   "%query_15_addr = getelementptr i32 %query_15, i64 0, i64 %zext_ln897" [source/swiftkv_attention.cpp:897]   --->   Operation 137 'getelementptr' 'query_15_addr' <Predicate = true> <Delay = 0.00>
ST_2 : Operation 138 [2/2] (1.19ns)   --->   "%query_raw_15 = load i3 %query_15_addr" [source/swiftkv_attention.cpp:896]   --->   Operation 138 'load' 'query_raw_15' <Predicate = true> <Delay = 1.19> <CoreInst = "RAM_1P_BRAM">   --->   Core 90 'RAM_1P_BRAM' <Latency = 1> <II = 1> <Delay = 1.19> <Storage> <Opcode : 'load' 'store'> <Ports = 1> <Width = 32> <Depth = 8> <RAM>

State 3 <SV = 2> <Delay = 1.19>
ST_3 : Operation 139 [1/1] (0.00ns)   --->   "%key_chunk_16 = load i128 %key_chunk"   --->   Operation 139 'load' 'key_chunk_16' <Predicate = (phase == 0)> <Delay = 0.00>
ST_3 : Operation 140 [1/1] (0.00ns)   --->   "%key_chunk_17 = load i128 %key_chunk_1"   --->   Operation 140 'load' 'key_chunk_17' <Predicate = (phase == 1)> <Delay = 0.00>
ST_3 : Operation 141 [1/1] (0.00ns)   --->   "%key_chunk_18 = load i128 %key_chunk_2"   --->   Operation 141 'load' 'key_chunk_18' <Predicate = (phase == 2)> <Delay = 0.00>
ST_3 : Operation 142 [1/1] (0.00ns)   --->   "%key_chunk_19 = load i128 %key_chunk_3"   --->   Operation 142 'load' 'key_chunk_19' <Predicate = (phase == 3)> <Delay = 0.00>
ST_3 : Operation 143 [1/1] (0.00ns)   --->   "%key_chunk_20 = load i128 %key_chunk_4"   --->   Operation 143 'load' 'key_chunk_20' <Predicate = (phase == 4)> <Delay = 0.00>
ST_3 : Operation 144 [1/1] (0.00ns)   --->   "%key_chunk_21 = load i128 %key_chunk_5"   --->   Operation 144 'load' 'key_chunk_21' <Predicate = (phase == 5)> <Delay = 0.00>
ST_3 : Operation 145 [1/1] (0.00ns)   --->   "%key_chunk_22 = load i128 %key_chunk_6"   --->   Operation 145 'load' 'key_chunk_22' <Predicate = (phase == 6)> <Delay = 0.00>
ST_3 : Operation 146 [1/1] (0.00ns)   --->   "%key_chunk_23 = load i128 %key_chunk_7"   --->   Operation 146 'load' 'key_chunk_23' <Predicate = (phase == 7)> <Delay = 0.00>
ST_3 : Operation 147 [1/1] (0.00ns)   --->   "%key_shift_8 = load i5 %key_shift"   --->   Operation 147 'load' 'key_shift_8' <Predicate = (trunc_ln == 0)> <Delay = 0.00>
ST_3 : Operation 148 [1/1] (0.00ns)   --->   "%key_shift_9 = load i5 %key_shift_1"   --->   Operation 148 'load' 'key_shift_9' <Predicate = (trunc_ln == 1)> <Delay = 0.00>
ST_3 : Operation 149 [1/1] (0.00ns)   --->   "%key_shift_10 = load i5 %key_shift_2"   --->   Operation 149 'load' 'key_shift_10' <Predicate = (trunc_ln == 2)> <Delay = 0.00>
ST_3 : Operation 150 [1/1] (0.00ns)   --->   "%key_shift_11 = load i5 %key_shift_3"   --->   Operation 150 'load' 'key_shift_11' <Predicate = (trunc_ln == 3)> <Delay = 0.00>
ST_3 : Operation 151 [1/2] (1.19ns)   --->   "%query_raw = load i3 %query_0_addr" [source/swiftkv_attention.cpp:896]   --->   Operation 151 'load' 'query_raw' <Predicate = true> <Delay = 1.19> <CoreInst = "RAM_1P_BRAM">   --->   Core 90 'RAM_1P_BRAM' <Latency = 1> <II = 1> <Delay = 1.19> <Storage> <Opcode : 'load' 'store'> <Ports = 1> <Width = 32> <Depth = 8> <RAM>
ST_3 : Operation 152 [1/2] (1.19ns)   --->   "%query_raw_1 = load i3 %query_1_addr" [source/swiftkv_attention.cpp:896]   --->   Operation 152 'load' 'query_raw_1' <Predicate = true> <Delay = 1.19> <CoreInst = "RAM_1P_BRAM">   --->   Core 90 'RAM_1P_BRAM' <Latency = 1> <II = 1> <Delay = 1.19> <Storage> <Opcode : 'load' 'store'> <Ports = 1> <Width = 32> <Depth = 8> <RAM>
ST_3 : Operation 153 [1/2] (1.19ns)   --->   "%query_raw_2 = load i3 %query_2_addr" [source/swiftkv_attention.cpp:896]   --->   Operation 153 'load' 'query_raw_2' <Predicate = true> <Delay = 1.19> <CoreInst = "RAM_1P_BRAM">   --->   Core 90 'RAM_1P_BRAM' <Latency = 1> <II = 1> <Delay = 1.19> <Storage> <Opcode : 'load' 'store'> <Ports = 1> <Width = 32> <Depth = 8> <RAM>
ST_3 : Operation 154 [1/2] (1.19ns)   --->   "%query_raw_3 = load i3 %query_3_addr" [source/swiftkv_attention.cpp:896]   --->   Operation 154 'load' 'query_raw_3' <Predicate = true> <Delay = 1.19> <CoreInst = "RAM_1P_BRAM">   --->   Core 90 'RAM_1P_BRAM' <Latency = 1> <II = 1> <Delay = 1.19> <Storage> <Opcode : 'load' 'store'> <Ports = 1> <Width = 32> <Depth = 8> <RAM>
ST_3 : Operation 155 [1/2] (1.19ns)   --->   "%query_raw_4 = load i3 %query_4_addr" [source/swiftkv_attention.cpp:896]   --->   Operation 155 'load' 'query_raw_4' <Predicate = true> <Delay = 1.19> <CoreInst = "RAM_1P_BRAM">   --->   Core 90 'RAM_1P_BRAM' <Latency = 1> <II = 1> <Delay = 1.19> <Storage> <Opcode : 'load' 'store'> <Ports = 1> <Width = 32> <Depth = 8> <RAM>
ST_3 : Operation 156 [1/2] (1.19ns)   --->   "%query_raw_5 = load i3 %query_5_addr" [source/swiftkv_attention.cpp:896]   --->   Operation 156 'load' 'query_raw_5' <Predicate = true> <Delay = 1.19> <CoreInst = "RAM_1P_BRAM">   --->   Core 90 'RAM_1P_BRAM' <Latency = 1> <II = 1> <Delay = 1.19> <Storage> <Opcode : 'load' 'store'> <Ports = 1> <Width = 32> <Depth = 8> <RAM>
ST_3 : Operation 157 [1/2] (1.19ns)   --->   "%query_raw_6 = load i3 %query_6_addr" [source/swiftkv_attention.cpp:896]   --->   Operation 157 'load' 'query_raw_6' <Predicate = true> <Delay = 1.19> <CoreInst = "RAM_1P_BRAM">   --->   Core 90 'RAM_1P_BRAM' <Latency = 1> <II = 1> <Delay = 1.19> <Storage> <Opcode : 'load' 'store'> <Ports = 1> <Width = 32> <Depth = 8> <RAM>
ST_3 : Operation 158 [1/2] (1.19ns)   --->   "%query_raw_7 = load i3 %query_7_addr" [source/swiftkv_attention.cpp:896]   --->   Operation 158 'load' 'query_raw_7' <Predicate = true> <Delay = 1.19> <CoreInst = "RAM_1P_BRAM">   --->   Core 90 'RAM_1P_BRAM' <Latency = 1> <II = 1> <Delay = 1.19> <Storage> <Opcode : 'load' 'store'> <Ports = 1> <Width = 32> <Depth = 8> <RAM>
ST_3 : Operation 159 [1/2] (1.19ns)   --->   "%query_raw_8 = load i3 %query_8_addr" [source/swiftkv_attention.cpp:896]   --->   Operation 159 'load' 'query_raw_8' <Predicate = true> <Delay = 1.19> <CoreInst = "RAM_1P_BRAM">   --->   Core 90 'RAM_1P_BRAM' <Latency = 1> <II = 1> <Delay = 1.19> <Storage> <Opcode : 'load' 'store'> <Ports = 1> <Width = 32> <Depth = 8> <RAM>
ST_3 : Operation 160 [1/2] (1.19ns)   --->   "%query_raw_9 = load i3 %query_9_addr" [source/swiftkv_attention.cpp:896]   --->   Operation 160 'load' 'query_raw_9' <Predicate = true> <Delay = 1.19> <CoreInst = "RAM_1P_BRAM">   --->   Core 90 'RAM_1P_BRAM' <Latency = 1> <II = 1> <Delay = 1.19> <Storage> <Opcode : 'load' 'store'> <Ports = 1> <Width = 32> <Depth = 8> <RAM>
ST_3 : Operation 161 [1/2] (1.19ns)   --->   "%query_raw_10 = load i3 %query_10_addr" [source/swiftkv_attention.cpp:896]   --->   Operation 161 'load' 'query_raw_10' <Predicate = true> <Delay = 1.19> <CoreInst = "RAM_1P_BRAM">   --->   Core 90 'RAM_1P_BRAM' <Latency = 1> <II = 1> <Delay = 1.19> <Storage> <Opcode : 'load' 'store'> <Ports = 1> <Width = 32> <Depth = 8> <RAM>
ST_3 : Operation 162 [1/2] (1.19ns)   --->   "%query_raw_11 = load i3 %query_11_addr" [source/swiftkv_attention.cpp:896]   --->   Operation 162 'load' 'query_raw_11' <Predicate = true> <Delay = 1.19> <CoreInst = "RAM_1P_BRAM">   --->   Core 90 'RAM_1P_BRAM' <Latency = 1> <II = 1> <Delay = 1.19> <Storage> <Opcode : 'load' 'store'> <Ports = 1> <Width = 32> <Depth = 8> <RAM>
ST_3 : Operation 163 [1/2] (1.19ns)   --->   "%query_raw_12 = load i3 %query_12_addr" [source/swiftkv_attention.cpp:896]   --->   Operation 163 'load' 'query_raw_12' <Predicate = true> <Delay = 1.19> <CoreInst = "RAM_1P_BRAM">   --->   Core 90 'RAM_1P_BRAM' <Latency = 1> <II = 1> <Delay = 1.19> <Storage> <Opcode : 'load' 'store'> <Ports = 1> <Width = 32> <Depth = 8> <RAM>
ST_3 : Operation 164 [1/2] (1.19ns)   --->   "%query_raw_13 = load i3 %query_13_addr" [source/swiftkv_attention.cpp:896]   --->   Operation 164 'load' 'query_raw_13' <Predicate = true> <Delay = 1.19> <CoreInst = "RAM_1P_BRAM">   --->   Core 90 'RAM_1P_BRAM' <Latency = 1> <II = 1> <Delay = 1.19> <Storage> <Opcode : 'load' 'store'> <Ports = 1> <Width = 32> <Depth = 8> <RAM>
ST_3 : Operation 165 [1/2] (1.19ns)   --->   "%query_raw_14 = load i3 %query_14_addr" [source/swiftkv_attention.cpp:896]   --->   Operation 165 'load' 'query_raw_14' <Predicate = true> <Delay = 1.19> <CoreInst = "RAM_1P_BRAM">   --->   Core 90 'RAM_1P_BRAM' <Latency = 1> <II = 1> <Delay = 1.19> <Storage> <Opcode : 'load' 'store'> <Ports = 1> <Width = 32> <Depth = 8> <RAM>
ST_3 : Operation 166 [1/2] (1.19ns)   --->   "%query_raw_15 = load i3 %query_15_addr" [source/swiftkv_attention.cpp:896]   --->   Operation 166 'load' 'query_raw_15' <Predicate = true> <Delay = 1.19> <CoreInst = "RAM_1P_BRAM">   --->   Core 90 'RAM_1P_BRAM' <Latency = 1> <II = 1> <Delay = 1.19> <Storage> <Opcode : 'load' 'store'> <Ports = 1> <Width = 32> <Depth = 8> <RAM>
ST_3 : Operation 167 [1/1] (0.58ns)   --->   "%compressed = sparsemux i128 @_ssdm_op_SparseMux.ap_auto.8i128.i128.i3, i3 0, i128 %key_chunk_16, i3 1, i128 %key_chunk_17, i3 2, i128 %key_chunk_18, i3 3, i128 %key_chunk_19, i3 4, i128 %key_chunk_20, i3 5, i128 %key_chunk_21, i3 6, i128 %key_chunk_22, i3 7, i128 %key_chunk_23, i128 0, i3 %phase" [source/swiftkv_attention.cpp:855]   --->   Operation 167 'sparsemux' 'compressed' <Predicate = true> <Delay = 0.58> <CoreInst = "SparseMux">   --->   Core 147 'SparseMux' <Latency = 0> <II = 1> <Delay = 0.58> <FuncUnit> <Opcode : 'sparsemux'> <InPorts = 2> <OutPorts = 1>
ST_3 : Operation 168 [1/1] (0.45ns)   --->   "%shift = sparsemux i5 @_ssdm_op_SparseMux.ap_auto.4i5.i5.i2, i2 0, i5 %key_shift_8, i2 1, i5 %key_shift_9, i2 2, i5 %key_shift_10, i2 3, i5 %key_shift_11, i5 0, i2 %trunc_ln" [source/swiftkv_attention.cpp:889]   --->   Operation 168 'sparsemux' 'shift' <Predicate = true> <Delay = 0.45> <CoreInst = "SparseMux">   --->   Core 147 'SparseMux' <Latency = 0> <II = 1> <Delay = 0.45> <FuncUnit> <Opcode : 'sparsemux'> <InPorts = 2> <OutPorts = 1>
ST_3 : Operation 169 [1/1] (0.00ns)   --->   "%key = trunc i128 %compressed" [source/swiftkv_attention.cpp:790->source/swiftkv_attention.cpp:901]   --->   Operation 169 'trunc' 'key' <Predicate = true> <Delay = 0.00>
ST_3 : Operation 170 [1/1] (0.00ns)   --->   "%key_1 = partselect i8 @_ssdm_op_PartSelect.i8.i128.i32.i32, i128 %compressed, i32 8, i32 15" [source/swiftkv_attention.cpp:790->source/swiftkv_attention.cpp:901]   --->   Operation 170 'partselect' 'key_1' <Predicate = true> <Delay = 0.00>
ST_3 : Operation 171 [1/1] (0.00ns)   --->   "%key_2 = partselect i8 @_ssdm_op_PartSelect.i8.i128.i32.i32, i128 %compressed, i32 16, i32 23" [source/swiftkv_attention.cpp:790->source/swiftkv_attention.cpp:901]   --->   Operation 171 'partselect' 'key_2' <Predicate = true> <Delay = 0.00>
ST_3 : Operation 172 [1/1] (0.00ns)   --->   "%key_3 = partselect i8 @_ssdm_op_PartSelect.i8.i128.i32.i32, i128 %compressed, i32 24, i32 31" [source/swiftkv_attention.cpp:790->source/swiftkv_attention.cpp:901]   --->   Operation 172 'partselect' 'key_3' <Predicate = true> <Delay = 0.00>
ST_3 : Operation 173 [1/1] (0.00ns)   --->   "%key_4 = partselect i8 @_ssdm_op_PartSelect.i8.i128.i32.i32, i128 %compressed, i32 32, i32 39" [source/swiftkv_attention.cpp:790->source/swiftkv_attention.cpp:901]   --->   Operation 173 'partselect' 'key_4' <Predicate = true> <Delay = 0.00>
ST_3 : Operation 174 [1/1] (0.00ns)   --->   "%key_5 = partselect i8 @_ssdm_op_PartSelect.i8.i128.i32.i32, i128 %compressed, i32 40, i32 47" [source/swiftkv_attention.cpp:790->source/swiftkv_attention.cpp:901]   --->   Operation 174 'partselect' 'key_5' <Predicate = true> <Delay = 0.00>
ST_3 : Operation 175 [1/1] (0.00ns)   --->   "%key_6 = partselect i8 @_ssdm_op_PartSelect.i8.i128.i32.i32, i128 %compressed, i32 48, i32 55" [source/swiftkv_attention.cpp:790->source/swiftkv_attention.cpp:901]   --->   Operation 175 'partselect' 'key_6' <Predicate = true> <Delay = 0.00>
ST_3 : Operation 176 [1/1] (0.00ns)   --->   "%key_7 = partselect i8 @_ssdm_op_PartSelect.i8.i128.i32.i32, i128 %compressed, i32 56, i32 63" [source/swiftkv_attention.cpp:790->source/swiftkv_attention.cpp:901]   --->   Operation 176 'partselect' 'key_7' <Predicate = true> <Delay = 0.00>
ST_3 : Operation 177 [1/1] (0.00ns)   --->   "%key_8 = partselect i8 @_ssdm_op_PartSelect.i8.i128.i32.i32, i128 %compressed, i32 64, i32 71" [source/swiftkv_attention.cpp:790->source/swiftkv_attention.cpp:901]   --->   Operation 177 'partselect' 'key_8' <Predicate = true> <Delay = 0.00>
ST_3 : Operation 178 [1/1] (0.00ns)   --->   "%key_9 = partselect i8 @_ssdm_op_PartSelect.i8.i128.i32.i32, i128 %compressed, i32 72, i32 79" [source/swiftkv_attention.cpp:790->source/swiftkv_attention.cpp:901]   --->   Operation 178 'partselect' 'key_9' <Predicate = true> <Delay = 0.00>
ST_3 : Operation 179 [1/1] (0.00ns)   --->   "%key_10 = partselect i8 @_ssdm_op_PartSelect.i8.i128.i32.i32, i128 %compressed, i32 80, i32 87" [source/swiftkv_attention.cpp:790->source/swiftkv_attention.cpp:901]   --->   Operation 179 'partselect' 'key_10' <Predicate = true> <Delay = 0.00>
ST_3 : Operation 180 [1/1] (0.00ns)   --->   "%key_11 = partselect i8 @_ssdm_op_PartSelect.i8.i128.i32.i32, i128 %compressed, i32 88, i32 95" [source/swiftkv_attention.cpp:790->source/swiftkv_attention.cpp:901]   --->   Operation 180 'partselect' 'key_11' <Predicate = true> <Delay = 0.00>
ST_3 : Operation 181 [1/1] (0.00ns)   --->   "%key_12 = partselect i8 @_ssdm_op_PartSelect.i8.i128.i32.i32, i128 %compressed, i32 96, i32 103" [source/swiftkv_attention.cpp:790->source/swiftkv_attention.cpp:901]   --->   Operation 181 'partselect' 'key_12' <Predicate = true> <Delay = 0.00>
ST_3 : Operation 182 [1/1] (0.00ns)   --->   "%key_13 = partselect i8 @_ssdm_op_PartSelect.i8.i128.i32.i32, i128 %compressed, i32 104, i32 111" [source/swiftkv_attention.cpp:790->source/swiftkv_attention.cpp:901]   --->   Operation 182 'partselect' 'key_13' <Predicate = true> <Delay = 0.00>
ST_3 : Operation 183 [1/1] (0.00ns)   --->   "%key_14 = partselect i8 @_ssdm_op_PartSelect.i8.i128.i32.i32, i128 %compressed, i32 112, i32 119" [source/swiftkv_attention.cpp:790->source/swiftkv_attention.cpp:901]   --->   Operation 183 'partselect' 'key_14' <Predicate = true> <Delay = 0.00>
ST_3 : Operation 184 [1/1] (0.00ns)   --->   "%key_15 = partselect i8 @_ssdm_op_PartSelect.i8.i128.i32.i32, i128 %compressed, i32 120, i32 127" [source/swiftkv_attention.cpp:790->source/swiftkv_attention.cpp:901]   --->   Operation 184 'partselect' 'key_15' <Predicate = true> <Delay = 0.00>
ST_3 : Operation 185 [1/1] (0.43ns)   --->   "%icmp_ln909 = icmp_eq  i2 %trunc_ln, i2 0" [source/swiftkv_attention.cpp:909]   --->   Operation 185 'icmp' 'icmp_ln909' <Predicate = (half)> <Delay = 0.43> <CoreInst = "Cmp">   --->   Core 9 'Cmp' <Latency = 0> <II = 1> <Delay = 0.43> <FuncUnit> <Opcode : 'icmp'> <InPorts = 2> <OutPorts = 1>
ST_3 : Operation 186 [1/1] (0.43ns)   --->   "%icmp_ln913 = icmp_eq  i2 %trunc_ln, i2 3" [source/swiftkv_attention.cpp:913]   --->   Operation 186 'icmp' 'icmp_ln913' <Predicate = (half)> <Delay = 0.43> <CoreInst = "Cmp">   --->   Core 9 'Cmp' <Latency = 0> <II = 1> <Delay = 0.43> <FuncUnit> <Opcode : 'icmp'> <InPorts = 2> <OutPorts = 1>
ST_3 : Operation 187 [1/1] (0.00ns)   --->   "%br_ln913 = br i1 %icmp_ln913, void %if.end62, void %fpga_resource_hint.if.then60.554" [source/swiftkv_attention.cpp:913]   --->   Operation 187 'br' 'br_ln913' <Predicate = (half)> <Delay = 0.00>

State 4 <SV = 3> <Delay = 2.29>
ST_4 : Operation 188 [1/1] (0.00ns)   --->   "%sext_ln791 = sext i32 %query_raw" [source/swiftkv_attention.cpp:791->source/swiftkv_attention.cpp:901]   --->   Operation 188 'sext' 'sext_ln791' <Predicate = true> <Delay = 0.00>
ST_4 : Operation 189 [1/1] (0.00ns)   --->   "%sext_ln791_1 = sext i8 %key" [source/swiftkv_attention.cpp:791->source/swiftkv_attention.cpp:901]   --->   Operation 189 'sext' 'sext_ln791_1' <Predicate = true> <Delay = 0.00>
ST_4 : Operation 190 [2/2] (2.29ns)   --->   "%mul_ln791 = mul i40 %sext_ln791, i40 %sext_ln791_1" [source/swiftkv_attention.cpp:791->source/swiftkv_attention.cpp:901]   --->   Operation 190 'mul' 'mul_ln791' <Predicate = true> <Delay = 2.29> <CoreInst = "Multiplier">   --->   Core 3 'Multiplier' <Latency = 1> <II = 1> <Delay = 2.29> <FuncUnit> <Opcode : 'mul'> <InPorts = 2> <OutPorts = 1>
ST_4 : Operation 191 [1/1] (0.00ns)   --->   "%sext_ln791_2 = sext i32 %query_raw_1" [source/swiftkv_attention.cpp:791->source/swiftkv_attention.cpp:901]   --->   Operation 191 'sext' 'sext_ln791_2' <Predicate = true> <Delay = 0.00>
ST_4 : Operation 192 [1/1] (0.00ns)   --->   "%sext_ln791_3 = sext i8 %key_1" [source/swiftkv_attention.cpp:791->source/swiftkv_attention.cpp:901]   --->   Operation 192 'sext' 'sext_ln791_3' <Predicate = true> <Delay = 0.00>
ST_4 : Operation 193 [2/2] (2.29ns)   --->   "%mul_ln791_1 = mul i40 %sext_ln791_2, i40 %sext_ln791_3" [source/swiftkv_attention.cpp:791->source/swiftkv_attention.cpp:901]   --->   Operation 193 'mul' 'mul_ln791_1' <Predicate = true> <Delay = 2.29> <CoreInst = "Multiplier">   --->   Core 3 'Multiplier' <Latency = 1> <II = 1> <Delay = 2.29> <FuncUnit> <Opcode : 'mul'> <InPorts = 2> <OutPorts = 1>
ST_4 : Operation 194 [1/1] (0.00ns)   --->   "%sext_ln791_4 = sext i32 %query_raw_2" [source/swiftkv_attention.cpp:791->source/swiftkv_attention.cpp:901]   --->   Operation 194 'sext' 'sext_ln791_4' <Predicate = true> <Delay = 0.00>
ST_4 : Operation 195 [1/1] (0.00ns)   --->   "%sext_ln791_5 = sext i8 %key_2" [source/swiftkv_attention.cpp:791->source/swiftkv_attention.cpp:901]   --->   Operation 195 'sext' 'sext_ln791_5' <Predicate = true> <Delay = 0.00>
ST_4 : Operation 196 [2/2] (2.29ns)   --->   "%mul_ln791_2 = mul i40 %sext_ln791_4, i40 %sext_ln791_5" [source/swiftkv_attention.cpp:791->source/swiftkv_attention.cpp:901]   --->   Operation 196 'mul' 'mul_ln791_2' <Predicate = true> <Delay = 2.29> <CoreInst = "Multiplier">   --->   Core 3 'Multiplier' <Latency = 1> <II = 1> <Delay = 2.29> <FuncUnit> <Opcode : 'mul'> <InPorts = 2> <OutPorts = 1>
ST_4 : Operation 197 [1/1] (0.00ns)   --->   "%sext_ln791_6 = sext i32 %query_raw_3" [source/swiftkv_attention.cpp:791->source/swiftkv_attention.cpp:901]   --->   Operation 197 'sext' 'sext_ln791_6' <Predicate = true> <Delay = 0.00>
ST_4 : Operation 198 [1/1] (0.00ns)   --->   "%sext_ln791_7 = sext i8 %key_3" [source/swiftkv_attention.cpp:791->source/swiftkv_attention.cpp:901]   --->   Operation 198 'sext' 'sext_ln791_7' <Predicate = true> <Delay = 0.00>
ST_4 : Operation 199 [2/2] (2.29ns)   --->   "%mul_ln791_3 = mul i40 %sext_ln791_6, i40 %sext_ln791_7" [source/swiftkv_attention.cpp:791->source/swiftkv_attention.cpp:901]   --->   Operation 199 'mul' 'mul_ln791_3' <Predicate = true> <Delay = 2.29> <CoreInst = "Multiplier">   --->   Core 3 'Multiplier' <Latency = 1> <II = 1> <Delay = 2.29> <FuncUnit> <Opcode : 'mul'> <InPorts = 2> <OutPorts = 1>
ST_4 : Operation 200 [1/1] (0.00ns)   --->   "%sext_ln791_8 = sext i32 %query_raw_4" [source/swiftkv_attention.cpp:791->source/swiftkv_attention.cpp:901]   --->   Operation 200 'sext' 'sext_ln791_8' <Predicate = true> <Delay = 0.00>
ST_4 : Operation 201 [1/1] (0.00ns)   --->   "%sext_ln791_9 = sext i8 %key_4" [source/swiftkv_attention.cpp:791->source/swiftkv_attention.cpp:901]   --->   Operation 201 'sext' 'sext_ln791_9' <Predicate = true> <Delay = 0.00>
ST_4 : Operation 202 [2/2] (2.29ns)   --->   "%mul_ln791_4 = mul i40 %sext_ln791_8, i40 %sext_ln791_9" [source/swiftkv_attention.cpp:791->source/swiftkv_attention.cpp:901]   --->   Operation 202 'mul' 'mul_ln791_4' <Predicate = true> <Delay = 2.29> <CoreInst = "Multiplier">   --->   Core 3 'Multiplier' <Latency = 1> <II = 1> <Delay = 2.29> <FuncUnit> <Opcode : 'mul'> <InPorts = 2> <OutPorts = 1>
ST_4 : Operation 203 [1/1] (0.00ns)   --->   "%sext_ln791_10 = sext i32 %query_raw_5" [source/swiftkv_attention.cpp:791->source/swiftkv_attention.cpp:901]   --->   Operation 203 'sext' 'sext_ln791_10' <Predicate = true> <Delay = 0.00>
ST_4 : Operation 204 [1/1] (0.00ns)   --->   "%sext_ln791_11 = sext i8 %key_5" [source/swiftkv_attention.cpp:791->source/swiftkv_attention.cpp:901]   --->   Operation 204 'sext' 'sext_ln791_11' <Predicate = true> <Delay = 0.00>
ST_4 : Operation 205 [2/2] (2.29ns)   --->   "%mul_ln791_5 = mul i40 %sext_ln791_10, i40 %sext_ln791_11" [source/swiftkv_attention.cpp:791->source/swiftkv_attention.cpp:901]   --->   Operation 205 'mul' 'mul_ln791_5' <Predicate = true> <Delay = 2.29> <CoreInst = "Multiplier">   --->   Core 3 'Multiplier' <Latency = 1> <II = 1> <Delay = 2.29> <FuncUnit> <Opcode : 'mul'> <InPorts = 2> <OutPorts = 1>
ST_4 : Operation 206 [1/1] (0.00ns)   --->   "%sext_ln791_12 = sext i32 %query_raw_6" [source/swiftkv_attention.cpp:791->source/swiftkv_attention.cpp:901]   --->   Operation 206 'sext' 'sext_ln791_12' <Predicate = true> <Delay = 0.00>
ST_4 : Operation 207 [1/1] (0.00ns)   --->   "%sext_ln791_13 = sext i8 %key_6" [source/swiftkv_attention.cpp:791->source/swiftkv_attention.cpp:901]   --->   Operation 207 'sext' 'sext_ln791_13' <Predicate = true> <Delay = 0.00>
ST_4 : Operation 208 [2/2] (2.29ns)   --->   "%mul_ln791_6 = mul i40 %sext_ln791_12, i40 %sext_ln791_13" [source/swiftkv_attention.cpp:791->source/swiftkv_attention.cpp:901]   --->   Operation 208 'mul' 'mul_ln791_6' <Predicate = true> <Delay = 2.29> <CoreInst = "Multiplier">   --->   Core 3 'Multiplier' <Latency = 1> <II = 1> <Delay = 2.29> <FuncUnit> <Opcode : 'mul'> <InPorts = 2> <OutPorts = 1>
ST_4 : Operation 209 [1/1] (0.00ns)   --->   "%sext_ln791_14 = sext i32 %query_raw_7" [source/swiftkv_attention.cpp:791->source/swiftkv_attention.cpp:901]   --->   Operation 209 'sext' 'sext_ln791_14' <Predicate = true> <Delay = 0.00>
ST_4 : Operation 210 [1/1] (0.00ns)   --->   "%sext_ln791_15 = sext i8 %key_7" [source/swiftkv_attention.cpp:791->source/swiftkv_attention.cpp:901]   --->   Operation 210 'sext' 'sext_ln791_15' <Predicate = true> <Delay = 0.00>
ST_4 : Operation 211 [2/2] (2.29ns)   --->   "%mul_ln791_7 = mul i40 %sext_ln791_14, i40 %sext_ln791_15" [source/swiftkv_attention.cpp:791->source/swiftkv_attention.cpp:901]   --->   Operation 211 'mul' 'mul_ln791_7' <Predicate = true> <Delay = 2.29> <CoreInst = "Multiplier">   --->   Core 3 'Multiplier' <Latency = 1> <II = 1> <Delay = 2.29> <FuncUnit> <Opcode : 'mul'> <InPorts = 2> <OutPorts = 1>
ST_4 : Operation 212 [1/1] (0.00ns)   --->   "%sext_ln791_16 = sext i32 %query_raw_8" [source/swiftkv_attention.cpp:791->source/swiftkv_attention.cpp:901]   --->   Operation 212 'sext' 'sext_ln791_16' <Predicate = true> <Delay = 0.00>
ST_4 : Operation 213 [1/1] (0.00ns)   --->   "%sext_ln791_17 = sext i8 %key_8" [source/swiftkv_attention.cpp:791->source/swiftkv_attention.cpp:901]   --->   Operation 213 'sext' 'sext_ln791_17' <Predicate = true> <Delay = 0.00>
ST_4 : Operation 214 [2/2] (2.29ns)   --->   "%mul_ln791_8 = mul i40 %sext_ln791_16, i40 %sext_ln791_17" [source/swiftkv_attention.cpp:791->source/swiftkv_attention.cpp:901]   --->   Operation 214 'mul' 'mul_ln791_8' <Predicate = true> <Delay = 2.29> <CoreInst = "Multiplier">   --->   Core 3 'Multiplier' <Latency = 1> <II = 1> <Delay = 2.29> <FuncUnit> <Opcode : 'mul'> <InPorts = 2> <OutPorts = 1>
ST_4 : Operation 215 [1/1] (0.00ns)   --->   "%sext_ln791_18 = sext i32 %query_raw_9" [source/swiftkv_attention.cpp:791->source/swiftkv_attention.cpp:901]   --->   Operation 215 'sext' 'sext_ln791_18' <Predicate = true> <Delay = 0.00>
ST_4 : Operation 216 [1/1] (0.00ns)   --->   "%sext_ln791_19 = sext i8 %key_9" [source/swiftkv_attention.cpp:791->source/swiftkv_attention.cpp:901]   --->   Operation 216 'sext' 'sext_ln791_19' <Predicate = true> <Delay = 0.00>
ST_4 : Operation 217 [2/2] (2.29ns)   --->   "%mul_ln791_9 = mul i40 %sext_ln791_18, i40 %sext_ln791_19" [source/swiftkv_attention.cpp:791->source/swiftkv_attention.cpp:901]   --->   Operation 217 'mul' 'mul_ln791_9' <Predicate = true> <Delay = 2.29> <CoreInst = "Multiplier">   --->   Core 3 'Multiplier' <Latency = 1> <II = 1> <Delay = 2.29> <FuncUnit> <Opcode : 'mul'> <InPorts = 2> <OutPorts = 1>
ST_4 : Operation 218 [1/1] (0.00ns)   --->   "%sext_ln791_20 = sext i32 %query_raw_10" [source/swiftkv_attention.cpp:791->source/swiftkv_attention.cpp:901]   --->   Operation 218 'sext' 'sext_ln791_20' <Predicate = true> <Delay = 0.00>
ST_4 : Operation 219 [1/1] (0.00ns)   --->   "%sext_ln791_21 = sext i8 %key_10" [source/swiftkv_attention.cpp:791->source/swiftkv_attention.cpp:901]   --->   Operation 219 'sext' 'sext_ln791_21' <Predicate = true> <Delay = 0.00>
ST_4 : Operation 220 [2/2] (2.29ns)   --->   "%mul_ln791_10 = mul i40 %sext_ln791_20, i40 %sext_ln791_21" [source/swiftkv_attention.cpp:791->source/swiftkv_attention.cpp:901]   --->   Operation 220 'mul' 'mul_ln791_10' <Predicate = true> <Delay = 2.29> <CoreInst = "Multiplier">   --->   Core 3 'Multiplier' <Latency = 1> <II = 1> <Delay = 2.29> <FuncUnit> <Opcode : 'mul'> <InPorts = 2> <OutPorts = 1>
ST_4 : Operation 221 [1/1] (0.00ns)   --->   "%sext_ln791_22 = sext i32 %query_raw_11" [source/swiftkv_attention.cpp:791->source/swiftkv_attention.cpp:901]   --->   Operation 221 'sext' 'sext_ln791_22' <Predicate = true> <Delay = 0.00>
ST_4 : Operation 222 [1/1] (0.00ns)   --->   "%sext_ln791_23 = sext i8 %key_11" [source/swiftkv_attention.cpp:791->source/swiftkv_attention.cpp:901]   --->   Operation 222 'sext' 'sext_ln791_23' <Predicate = true> <Delay = 0.00>
ST_4 : Operation 223 [2/2] (2.29ns)   --->   "%mul_ln791_11 = mul i40 %sext_ln791_22, i40 %sext_ln791_23" [source/swiftkv_attention.cpp:791->source/swiftkv_attention.cpp:901]   --->   Operation 223 'mul' 'mul_ln791_11' <Predicate = true> <Delay = 2.29> <CoreInst = "Multiplier">   --->   Core 3 'Multiplier' <Latency = 1> <II = 1> <Delay = 2.29> <FuncUnit> <Opcode : 'mul'> <InPorts = 2> <OutPorts = 1>
ST_4 : Operation 224 [1/1] (0.00ns)   --->   "%sext_ln791_24 = sext i32 %query_raw_12" [source/swiftkv_attention.cpp:791->source/swiftkv_attention.cpp:901]   --->   Operation 224 'sext' 'sext_ln791_24' <Predicate = true> <Delay = 0.00>
ST_4 : Operation 225 [1/1] (0.00ns)   --->   "%sext_ln791_25 = sext i8 %key_12" [source/swiftkv_attention.cpp:791->source/swiftkv_attention.cpp:901]   --->   Operation 225 'sext' 'sext_ln791_25' <Predicate = true> <Delay = 0.00>
ST_4 : Operation 226 [2/2] (2.29ns)   --->   "%mul_ln791_12 = mul i40 %sext_ln791_24, i40 %sext_ln791_25" [source/swiftkv_attention.cpp:791->source/swiftkv_attention.cpp:901]   --->   Operation 226 'mul' 'mul_ln791_12' <Predicate = true> <Delay = 2.29> <CoreInst = "Multiplier">   --->   Core 3 'Multiplier' <Latency = 1> <II = 1> <Delay = 2.29> <FuncUnit> <Opcode : 'mul'> <InPorts = 2> <OutPorts = 1>
ST_4 : Operation 227 [1/1] (0.00ns)   --->   "%sext_ln791_26 = sext i32 %query_raw_13" [source/swiftkv_attention.cpp:791->source/swiftkv_attention.cpp:901]   --->   Operation 227 'sext' 'sext_ln791_26' <Predicate = true> <Delay = 0.00>
ST_4 : Operation 228 [1/1] (0.00ns)   --->   "%sext_ln791_27 = sext i8 %key_13" [source/swiftkv_attention.cpp:791->source/swiftkv_attention.cpp:901]   --->   Operation 228 'sext' 'sext_ln791_27' <Predicate = true> <Delay = 0.00>
ST_4 : Operation 229 [2/2] (2.29ns)   --->   "%mul_ln791_13 = mul i40 %sext_ln791_26, i40 %sext_ln791_27" [source/swiftkv_attention.cpp:791->source/swiftkv_attention.cpp:901]   --->   Operation 229 'mul' 'mul_ln791_13' <Predicate = true> <Delay = 2.29> <CoreInst = "Multiplier">   --->   Core 3 'Multiplier' <Latency = 1> <II = 1> <Delay = 2.29> <FuncUnit> <Opcode : 'mul'> <InPorts = 2> <OutPorts = 1>
ST_4 : Operation 230 [1/1] (0.00ns)   --->   "%sext_ln791_28 = sext i32 %query_raw_14" [source/swiftkv_attention.cpp:791->source/swiftkv_attention.cpp:901]   --->   Operation 230 'sext' 'sext_ln791_28' <Predicate = true> <Delay = 0.00>
ST_4 : Operation 231 [1/1] (0.00ns)   --->   "%sext_ln791_29 = sext i8 %key_14" [source/swiftkv_attention.cpp:791->source/swiftkv_attention.cpp:901]   --->   Operation 231 'sext' 'sext_ln791_29' <Predicate = true> <Delay = 0.00>
ST_4 : Operation 232 [2/2] (2.29ns)   --->   "%mul_ln791_14 = mul i40 %sext_ln791_28, i40 %sext_ln791_29" [source/swiftkv_attention.cpp:791->source/swiftkv_attention.cpp:901]   --->   Operation 232 'mul' 'mul_ln791_14' <Predicate = true> <Delay = 2.29> <CoreInst = "Multiplier">   --->   Core 3 'Multiplier' <Latency = 1> <II = 1> <Delay = 2.29> <FuncUnit> <Opcode : 'mul'> <InPorts = 2> <OutPorts = 1>
ST_4 : Operation 233 [1/1] (0.00ns)   --->   "%sext_ln791_30 = sext i32 %query_raw_15" [source/swiftkv_attention.cpp:791->source/swiftkv_attention.cpp:901]   --->   Operation 233 'sext' 'sext_ln791_30' <Predicate = true> <Delay = 0.00>
ST_4 : Operation 234 [1/1] (0.00ns)   --->   "%sext_ln791_31 = sext i8 %key_15" [source/swiftkv_attention.cpp:791->source/swiftkv_attention.cpp:901]   --->   Operation 234 'sext' 'sext_ln791_31' <Predicate = true> <Delay = 0.00>
ST_4 : Operation 235 [2/2] (2.29ns)   --->   "%mul_ln791_15 = mul i40 %sext_ln791_30, i40 %sext_ln791_31" [source/swiftkv_attention.cpp:791->source/swiftkv_attention.cpp:901]   --->   Operation 235 'mul' 'mul_ln791_15' <Predicate = true> <Delay = 2.29> <CoreInst = "Multiplier">   --->   Core 3 'Multiplier' <Latency = 1> <II = 1> <Delay = 2.29> <FuncUnit> <Opcode : 'mul'> <InPorts = 2> <OutPorts = 1>

State 5 <SV = 4> <Delay = 2.29>
ST_5 : Operation 236 [1/2] (2.29ns)   --->   "%mul_ln791 = mul i40 %sext_ln791, i40 %sext_ln791_1" [source/swiftkv_attention.cpp:791->source/swiftkv_attention.cpp:901]   --->   Operation 236 'mul' 'mul_ln791' <Predicate = true> <Delay = 2.29> <CoreInst = "Multiplier">   --->   Core 3 'Multiplier' <Latency = 1> <II = 1> <Delay = 2.29> <FuncUnit> <Opcode : 'mul'> <InPorts = 2> <OutPorts = 1>
ST_5 : Operation 237 [1/2] (2.29ns)   --->   "%mul_ln791_1 = mul i40 %sext_ln791_2, i40 %sext_ln791_3" [source/swiftkv_attention.cpp:791->source/swiftkv_attention.cpp:901]   --->   Operation 237 'mul' 'mul_ln791_1' <Predicate = true> <Delay = 2.29> <CoreInst = "Multiplier">   --->   Core 3 'Multiplier' <Latency = 1> <II = 1> <Delay = 2.29> <FuncUnit> <Opcode : 'mul'> <InPorts = 2> <OutPorts = 1>
ST_5 : Operation 238 [1/2] (2.29ns)   --->   "%mul_ln791_2 = mul i40 %sext_ln791_4, i40 %sext_ln791_5" [source/swiftkv_attention.cpp:791->source/swiftkv_attention.cpp:901]   --->   Operation 238 'mul' 'mul_ln791_2' <Predicate = true> <Delay = 2.29> <CoreInst = "Multiplier">   --->   Core 3 'Multiplier' <Latency = 1> <II = 1> <Delay = 2.29> <FuncUnit> <Opcode : 'mul'> <InPorts = 2> <OutPorts = 1>
ST_5 : Operation 239 [1/2] (2.29ns)   --->   "%mul_ln791_3 = mul i40 %sext_ln791_6, i40 %sext_ln791_7" [source/swiftkv_attention.cpp:791->source/swiftkv_attention.cpp:901]   --->   Operation 239 'mul' 'mul_ln791_3' <Predicate = true> <Delay = 2.29> <CoreInst = "Multiplier">   --->   Core 3 'Multiplier' <Latency = 1> <II = 1> <Delay = 2.29> <FuncUnit> <Opcode : 'mul'> <InPorts = 2> <OutPorts = 1>
ST_5 : Operation 240 [1/2] (2.29ns)   --->   "%mul_ln791_4 = mul i40 %sext_ln791_8, i40 %sext_ln791_9" [source/swiftkv_attention.cpp:791->source/swiftkv_attention.cpp:901]   --->   Operation 240 'mul' 'mul_ln791_4' <Predicate = true> <Delay = 2.29> <CoreInst = "Multiplier">   --->   Core 3 'Multiplier' <Latency = 1> <II = 1> <Delay = 2.29> <FuncUnit> <Opcode : 'mul'> <InPorts = 2> <OutPorts = 1>
ST_5 : Operation 241 [1/2] (2.29ns)   --->   "%mul_ln791_5 = mul i40 %sext_ln791_10, i40 %sext_ln791_11" [source/swiftkv_attention.cpp:791->source/swiftkv_attention.cpp:901]   --->   Operation 241 'mul' 'mul_ln791_5' <Predicate = true> <Delay = 2.29> <CoreInst = "Multiplier">   --->   Core 3 'Multiplier' <Latency = 1> <II = 1> <Delay = 2.29> <FuncUnit> <Opcode : 'mul'> <InPorts = 2> <OutPorts = 1>
ST_5 : Operation 242 [1/2] (2.29ns)   --->   "%mul_ln791_6 = mul i40 %sext_ln791_12, i40 %sext_ln791_13" [source/swiftkv_attention.cpp:791->source/swiftkv_attention.cpp:901]   --->   Operation 242 'mul' 'mul_ln791_6' <Predicate = true> <Delay = 2.29> <CoreInst = "Multiplier">   --->   Core 3 'Multiplier' <Latency = 1> <II = 1> <Delay = 2.29> <FuncUnit> <Opcode : 'mul'> <InPorts = 2> <OutPorts = 1>
ST_5 : Operation 243 [1/2] (2.29ns)   --->   "%mul_ln791_7 = mul i40 %sext_ln791_14, i40 %sext_ln791_15" [source/swiftkv_attention.cpp:791->source/swiftkv_attention.cpp:901]   --->   Operation 243 'mul' 'mul_ln791_7' <Predicate = true> <Delay = 2.29> <CoreInst = "Multiplier">   --->   Core 3 'Multiplier' <Latency = 1> <II = 1> <Delay = 2.29> <FuncUnit> <Opcode : 'mul'> <InPorts = 2> <OutPorts = 1>
ST_5 : Operation 244 [1/2] (2.29ns)   --->   "%mul_ln791_8 = mul i40 %sext_ln791_16, i40 %sext_ln791_17" [source/swiftkv_attention.cpp:791->source/swiftkv_attention.cpp:901]   --->   Operation 244 'mul' 'mul_ln791_8' <Predicate = true> <Delay = 2.29> <CoreInst = "Multiplier">   --->   Core 3 'Multiplier' <Latency = 1> <II = 1> <Delay = 2.29> <FuncUnit> <Opcode : 'mul'> <InPorts = 2> <OutPorts = 1>
ST_5 : Operation 245 [1/2] (2.29ns)   --->   "%mul_ln791_9 = mul i40 %sext_ln791_18, i40 %sext_ln791_19" [source/swiftkv_attention.cpp:791->source/swiftkv_attention.cpp:901]   --->   Operation 245 'mul' 'mul_ln791_9' <Predicate = true> <Delay = 2.29> <CoreInst = "Multiplier">   --->   Core 3 'Multiplier' <Latency = 1> <II = 1> <Delay = 2.29> <FuncUnit> <Opcode : 'mul'> <InPorts = 2> <OutPorts = 1>
ST_5 : Operation 246 [1/2] (2.29ns)   --->   "%mul_ln791_10 = mul i40 %sext_ln791_20, i40 %sext_ln791_21" [source/swiftkv_attention.cpp:791->source/swiftkv_attention.cpp:901]   --->   Operation 246 'mul' 'mul_ln791_10' <Predicate = true> <Delay = 2.29> <CoreInst = "Multiplier">   --->   Core 3 'Multiplier' <Latency = 1> <II = 1> <Delay = 2.29> <FuncUnit> <Opcode : 'mul'> <InPorts = 2> <OutPorts = 1>
ST_5 : Operation 247 [1/2] (2.29ns)   --->   "%mul_ln791_11 = mul i40 %sext_ln791_22, i40 %sext_ln791_23" [source/swiftkv_attention.cpp:791->source/swiftkv_attention.cpp:901]   --->   Operation 247 'mul' 'mul_ln791_11' <Predicate = true> <Delay = 2.29> <CoreInst = "Multiplier">   --->   Core 3 'Multiplier' <Latency = 1> <II = 1> <Delay = 2.29> <FuncUnit> <Opcode : 'mul'> <InPorts = 2> <OutPorts = 1>
ST_5 : Operation 248 [1/2] (2.29ns)   --->   "%mul_ln791_12 = mul i40 %sext_ln791_24, i40 %sext_ln791_25" [source/swiftkv_attention.cpp:791->source/swiftkv_attention.cpp:901]   --->   Operation 248 'mul' 'mul_ln791_12' <Predicate = true> <Delay = 2.29> <CoreInst = "Multiplier">   --->   Core 3 'Multiplier' <Latency = 1> <II = 1> <Delay = 2.29> <FuncUnit> <Opcode : 'mul'> <InPorts = 2> <OutPorts = 1>
ST_5 : Operation 249 [1/2] (2.29ns)   --->   "%mul_ln791_13 = mul i40 %sext_ln791_26, i40 %sext_ln791_27" [source/swiftkv_attention.cpp:791->source/swiftkv_attention.cpp:901]   --->   Operation 249 'mul' 'mul_ln791_13' <Predicate = true> <Delay = 2.29> <CoreInst = "Multiplier">   --->   Core 3 'Multiplier' <Latency = 1> <II = 1> <Delay = 2.29> <FuncUnit> <Opcode : 'mul'> <InPorts = 2> <OutPorts = 1>
ST_5 : Operation 250 [1/2] (2.29ns)   --->   "%mul_ln791_14 = mul i40 %sext_ln791_28, i40 %sext_ln791_29" [source/swiftkv_attention.cpp:791->source/swiftkv_attention.cpp:901]   --->   Operation 250 'mul' 'mul_ln791_14' <Predicate = true> <Delay = 2.29> <CoreInst = "Multiplier">   --->   Core 3 'Multiplier' <Latency = 1> <II = 1> <Delay = 2.29> <FuncUnit> <Opcode : 'mul'> <InPorts = 2> <OutPorts = 1>
ST_5 : Operation 251 [1/2] (2.29ns)   --->   "%mul_ln791_15 = mul i40 %sext_ln791_30, i40 %sext_ln791_31" [source/swiftkv_attention.cpp:791->source/swiftkv_attention.cpp:901]   --->   Operation 251 'mul' 'mul_ln791_15' <Predicate = true> <Delay = 2.29> <CoreInst = "Multiplier">   --->   Core 3 'Multiplier' <Latency = 1> <II = 1> <Delay = 2.29> <FuncUnit> <Opcode : 'mul'> <InPorts = 2> <OutPorts = 1>

State 6 <SV = 5> <Delay = 1.92>
ST_6 : Operation 252 [1/1] (0.00ns)   --->   "%sext_ln797 = sext i40 %mul_ln791" [source/swiftkv_attention.cpp:797->source/swiftkv_attention.cpp:901]   --->   Operation 252 'sext' 'sext_ln797' <Predicate = true> <Delay = 0.00>
ST_6 : Operation 253 [1/1] (0.00ns)   --->   "%sext_ln798 = sext i40 %mul_ln791_1" [source/swiftkv_attention.cpp:798->source/swiftkv_attention.cpp:901]   --->   Operation 253 'sext' 'sext_ln798' <Predicate = true> <Delay = 0.00>
ST_6 : Operation 254 [1/1] (0.96ns)   --->   "%add_ln797 = add i41 %sext_ln798, i41 %sext_ln797" [source/swiftkv_attention.cpp:797->source/swiftkv_attention.cpp:901]   --->   Operation 254 'add' 'add_ln797' <Predicate = true> <Delay = 0.96> <CoreInst = "Adder">   --->   Core 1 'Adder' <Latency = 0> <II = 1> <Delay = 0.96> <FuncUnit> <Opcode : 'add' 'sub'> <InPorts = 2> <OutPorts = 1>
ST_6 : Operation 255 [1/1] (0.00ns)   --->   "%sext_ln797_1 = sext i40 %mul_ln791_2" [source/swiftkv_attention.cpp:797->source/swiftkv_attention.cpp:901]   --->   Operation 255 'sext' 'sext_ln797_1' <Predicate = true> <Delay = 0.00>
ST_6 : Operation 256 [1/1] (0.00ns)   --->   "%sext_ln798_1 = sext i40 %mul_ln791_3" [source/swiftkv_attention.cpp:798->source/swiftkv_attention.cpp:901]   --->   Operation 256 'sext' 'sext_ln798_1' <Predicate = true> <Delay = 0.00>
ST_6 : Operation 257 [1/1] (0.96ns)   --->   "%add_ln797_1 = add i41 %sext_ln798_1, i41 %sext_ln797_1" [source/swiftkv_attention.cpp:797->source/swiftkv_attention.cpp:901]   --->   Operation 257 'add' 'add_ln797_1' <Predicate = true> <Delay = 0.96> <CoreInst = "Adder">   --->   Core 1 'Adder' <Latency = 0> <II = 1> <Delay = 0.96> <FuncUnit> <Opcode : 'add' 'sub'> <InPorts = 2> <OutPorts = 1>
ST_6 : Operation 258 [1/1] (0.00ns)   --->   "%sext_ln797_2 = sext i40 %mul_ln791_4" [source/swiftkv_attention.cpp:797->source/swiftkv_attention.cpp:901]   --->   Operation 258 'sext' 'sext_ln797_2' <Predicate = true> <Delay = 0.00>
ST_6 : Operation 259 [1/1] (0.00ns)   --->   "%sext_ln798_2 = sext i40 %mul_ln791_5" [source/swiftkv_attention.cpp:798->source/swiftkv_attention.cpp:901]   --->   Operation 259 'sext' 'sext_ln798_2' <Predicate = true> <Delay = 0.00>
ST_6 : Operation 260 [1/1] (0.96ns)   --->   "%add_ln797_2 = add i41 %sext_ln798_2, i41 %sext_ln797_2" [source/swiftkv_attention.cpp:797->source/swiftkv_attention.cpp:901]   --->   Operation 260 'add' 'add_ln797_2' <Predicate = true> <Delay = 0.96> <CoreInst = "Adder">   --->   Core 1 'Adder' <Latency = 0> <II = 1> <Delay = 0.96> <FuncUnit> <Opcode : 'add' 'sub'> <InPorts = 2> <OutPorts = 1>
ST_6 : Operation 261 [1/1] (0.00ns)   --->   "%sext_ln797_3 = sext i40 %mul_ln791_6" [source/swiftkv_attention.cpp:797->source/swiftkv_attention.cpp:901]   --->   Operation 261 'sext' 'sext_ln797_3' <Predicate = true> <Delay = 0.00>
ST_6 : Operation 262 [1/1] (0.00ns)   --->   "%sext_ln798_3 = sext i40 %mul_ln791_7" [source/swiftkv_attention.cpp:798->source/swiftkv_attention.cpp:901]   --->   Operation 262 'sext' 'sext_ln798_3' <Predicate = true> <Delay = 0.00>
ST_6 : Operation 263 [1/1] (0.96ns)   --->   "%add_ln797_3 = add i41 %sext_ln798_3, i41 %sext_ln797_3" [source/swiftkv_attention.cpp:797->source/swiftkv_attention.cpp:901]   --->   Operation 263 'add' 'add_ln797_3' <Predicate = true> <Delay = 0.96> <CoreInst = "Adder">   --->   Core 1 'Adder' <Latency = 0> <II = 1> <Delay = 0.96> <FuncUnit> <Opcode : 'add' 'sub'> <InPorts = 2> <OutPorts = 1>
ST_6 : Operation 264 [1/1] (0.00ns)   --->   "%sext_ln797_4 = sext i40 %mul_ln791_8" [source/swiftkv_attention.cpp:797->source/swiftkv_attention.cpp:901]   --->   Operation 264 'sext' 'sext_ln797_4' <Predicate = true> <Delay = 0.00>
ST_6 : Operation 265 [1/1] (0.00ns)   --->   "%sext_ln798_4 = sext i40 %mul_ln791_9" [source/swiftkv_attention.cpp:798->source/swiftkv_attention.cpp:901]   --->   Operation 265 'sext' 'sext_ln798_4' <Predicate = true> <Delay = 0.00>
ST_6 : Operation 266 [1/1] (0.96ns)   --->   "%add_ln797_4 = add i41 %sext_ln798_4, i41 %sext_ln797_4" [source/swiftkv_attention.cpp:797->source/swiftkv_attention.cpp:901]   --->   Operation 266 'add' 'add_ln797_4' <Predicate = true> <Delay = 0.96> <CoreInst = "Adder">   --->   Core 1 'Adder' <Latency = 0> <II = 1> <Delay = 0.96> <FuncUnit> <Opcode : 'add' 'sub'> <InPorts = 2> <OutPorts = 1>
ST_6 : Operation 267 [1/1] (0.00ns)   --->   "%sext_ln797_5 = sext i40 %mul_ln791_10" [source/swiftkv_attention.cpp:797->source/swiftkv_attention.cpp:901]   --->   Operation 267 'sext' 'sext_ln797_5' <Predicate = true> <Delay = 0.00>
ST_6 : Operation 268 [1/1] (0.00ns)   --->   "%sext_ln798_5 = sext i40 %mul_ln791_11" [source/swiftkv_attention.cpp:798->source/swiftkv_attention.cpp:901]   --->   Operation 268 'sext' 'sext_ln798_5' <Predicate = true> <Delay = 0.00>
ST_6 : Operation 269 [1/1] (0.96ns)   --->   "%add_ln797_5 = add i41 %sext_ln798_5, i41 %sext_ln797_5" [source/swiftkv_attention.cpp:797->source/swiftkv_attention.cpp:901]   --->   Operation 269 'add' 'add_ln797_5' <Predicate = true> <Delay = 0.96> <CoreInst = "Adder">   --->   Core 1 'Adder' <Latency = 0> <II = 1> <Delay = 0.96> <FuncUnit> <Opcode : 'add' 'sub'> <InPorts = 2> <OutPorts = 1>
ST_6 : Operation 270 [1/1] (0.00ns)   --->   "%sext_ln797_6 = sext i40 %mul_ln791_12" [source/swiftkv_attention.cpp:797->source/swiftkv_attention.cpp:901]   --->   Operation 270 'sext' 'sext_ln797_6' <Predicate = true> <Delay = 0.00>
ST_6 : Operation 271 [1/1] (0.00ns)   --->   "%sext_ln798_6 = sext i40 %mul_ln791_13" [source/swiftkv_attention.cpp:798->source/swiftkv_attention.cpp:901]   --->   Operation 271 'sext' 'sext_ln798_6' <Predicate = true> <Delay = 0.00>
ST_6 : Operation 272 [1/1] (0.96ns)   --->   "%add_ln797_6 = add i41 %sext_ln798_6, i41 %sext_ln797_6" [source/swiftkv_attention.cpp:797->source/swiftkv_attention.cpp:901]   --->   Operation 272 'add' 'add_ln797_6' <Predicate = true> <Delay = 0.96> <CoreInst = "Adder">   --->   Core 1 'Adder' <Latency = 0> <II = 1> <Delay = 0.96> <FuncUnit> <Opcode : 'add' 'sub'> <InPorts = 2> <OutPorts = 1>
ST_6 : Operation 273 [1/1] (0.00ns)   --->   "%sext_ln797_7 = sext i40 %mul_ln791_14" [source/swiftkv_attention.cpp:797->source/swiftkv_attention.cpp:901]   --->   Operation 273 'sext' 'sext_ln797_7' <Predicate = true> <Delay = 0.00>
ST_6 : Operation 274 [1/1] (0.00ns)   --->   "%sext_ln798_7 = sext i40 %mul_ln791_15" [source/swiftkv_attention.cpp:798->source/swiftkv_attention.cpp:901]   --->   Operation 274 'sext' 'sext_ln798_7' <Predicate = true> <Delay = 0.00>
ST_6 : Operation 275 [1/1] (0.96ns)   --->   "%add_ln797_7 = add i41 %sext_ln798_7, i41 %sext_ln797_7" [source/swiftkv_attention.cpp:797->source/swiftkv_attention.cpp:901]   --->   Operation 275 'add' 'add_ln797_7' <Predicate = true> <Delay = 0.96> <CoreInst = "Adder">   --->   Core 1 'Adder' <Latency = 0> <II = 1> <Delay = 0.96> <FuncUnit> <Opcode : 'add' 'sub'> <InPorts = 2> <OutPorts = 1>
ST_6 : Operation 276 [1/1] (0.00ns)   --->   "%sext_ln804 = sext i41 %add_ln797" [source/swiftkv_attention.cpp:804->source/swiftkv_attention.cpp:901]   --->   Operation 276 'sext' 'sext_ln804' <Predicate = true> <Delay = 0.00>
ST_6 : Operation 277 [1/1] (0.00ns)   --->   "%sext_ln805 = sext i41 %add_ln797_1" [source/swiftkv_attention.cpp:805->source/swiftkv_attention.cpp:901]   --->   Operation 277 'sext' 'sext_ln805' <Predicate = true> <Delay = 0.00>
ST_6 : Operation 278 [1/1] (0.96ns)   --->   "%add_ln804 = add i42 %sext_ln805, i42 %sext_ln804" [source/swiftkv_attention.cpp:804->source/swiftkv_attention.cpp:901]   --->   Operation 278 'add' 'add_ln804' <Predicate = true> <Delay = 0.96> <CoreInst = "Adder">   --->   Core 1 'Adder' <Latency = 0> <II = 1> <Delay = 0.96> <FuncUnit> <Opcode : 'add' 'sub'> <InPorts = 2> <OutPorts = 1>
ST_6 : Operation 279 [1/1] (0.00ns)   --->   "%sext_ln804_1 = sext i41 %add_ln797_2" [source/swiftkv_attention.cpp:804->source/swiftkv_attention.cpp:901]   --->   Operation 279 'sext' 'sext_ln804_1' <Predicate = true> <Delay = 0.00>
ST_6 : Operation 280 [1/1] (0.00ns)   --->   "%sext_ln805_1 = sext i41 %add_ln797_3" [source/swiftkv_attention.cpp:805->source/swiftkv_attention.cpp:901]   --->   Operation 280 'sext' 'sext_ln805_1' <Predicate = true> <Delay = 0.00>
ST_6 : Operation 281 [1/1] (0.96ns)   --->   "%add_ln804_1 = add i42 %sext_ln805_1, i42 %sext_ln804_1" [source/swiftkv_attention.cpp:804->source/swiftkv_attention.cpp:901]   --->   Operation 281 'add' 'add_ln804_1' <Predicate = true> <Delay = 0.96> <CoreInst = "Adder">   --->   Core 1 'Adder' <Latency = 0> <II = 1> <Delay = 0.96> <FuncUnit> <Opcode : 'add' 'sub'> <InPorts = 2> <OutPorts = 1>
ST_6 : Operation 282 [1/1] (0.00ns)   --->   "%sext_ln804_2 = sext i41 %add_ln797_4" [source/swiftkv_attention.cpp:804->source/swiftkv_attention.cpp:901]   --->   Operation 282 'sext' 'sext_ln804_2' <Predicate = true> <Delay = 0.00>
ST_6 : Operation 283 [1/1] (0.00ns)   --->   "%sext_ln805_2 = sext i41 %add_ln797_5" [source/swiftkv_attention.cpp:805->source/swiftkv_attention.cpp:901]   --->   Operation 283 'sext' 'sext_ln805_2' <Predicate = true> <Delay = 0.00>
ST_6 : Operation 284 [1/1] (0.96ns)   --->   "%add_ln804_2 = add i42 %sext_ln805_2, i42 %sext_ln804_2" [source/swiftkv_attention.cpp:804->source/swiftkv_attention.cpp:901]   --->   Operation 284 'add' 'add_ln804_2' <Predicate = true> <Delay = 0.96> <CoreInst = "Adder">   --->   Core 1 'Adder' <Latency = 0> <II = 1> <Delay = 0.96> <FuncUnit> <Opcode : 'add' 'sub'> <InPorts = 2> <OutPorts = 1>
ST_6 : Operation 285 [1/1] (0.00ns)   --->   "%sext_ln804_3 = sext i41 %add_ln797_6" [source/swiftkv_attention.cpp:804->source/swiftkv_attention.cpp:901]   --->   Operation 285 'sext' 'sext_ln804_3' <Predicate = true> <Delay = 0.00>
ST_6 : Operation 286 [1/1] (0.00ns)   --->   "%sext_ln805_3 = sext i41 %add_ln797_7" [source/swiftkv_attention.cpp:805->source/swiftkv_attention.cpp:901]   --->   Operation 286 'sext' 'sext_ln805_3' <Predicate = true> <Delay = 0.00>
ST_6 : Operation 287 [1/1] (0.96ns)   --->   "%add_ln804_3 = add i42 %sext_ln805_3, i42 %sext_ln804_3" [source/swiftkv_attention.cpp:804->source/swiftkv_attention.cpp:901]   --->   Operation 287 'add' 'add_ln804_3' <Predicate = true> <Delay = 0.96> <CoreInst = "Adder">   --->   Core 1 'Adder' <Latency = 0> <II = 1> <Delay = 0.96> <FuncUnit> <Opcode : 'add' 'sub'> <InPorts = 2> <OutPorts = 1>

State 7 <SV = 6> <Delay = 1.92>
ST_7 : Operation 288 [1/1] (0.00ns)   --->   "%sext_ln811 = sext i42 %add_ln804" [source/swiftkv_attention.cpp:811->source/swiftkv_attention.cpp:901]   --->   Operation 288 'sext' 'sext_ln811' <Predicate = true> <Delay = 0.00>
ST_7 : Operation 289 [1/1] (0.00ns)   --->   "%sext_ln812 = sext i42 %add_ln804_1" [source/swiftkv_attention.cpp:812->source/swiftkv_attention.cpp:901]   --->   Operation 289 'sext' 'sext_ln812' <Predicate = true> <Delay = 0.00>
ST_7 : Operation 290 [1/1] (0.96ns)   --->   "%add_ln811 = add i43 %sext_ln812, i43 %sext_ln811" [source/swiftkv_attention.cpp:811->source/swiftkv_attention.cpp:901]   --->   Operation 290 'add' 'add_ln811' <Predicate = true> <Delay = 0.96> <CoreInst = "Adder">   --->   Core 1 'Adder' <Latency = 0> <II = 1> <Delay = 0.96> <FuncUnit> <Opcode : 'add' 'sub'> <InPorts = 2> <OutPorts = 1>
ST_7 : Operation 291 [1/1] (0.00ns)   --->   "%sext_ln811_1 = sext i42 %add_ln804_2" [source/swiftkv_attention.cpp:811->source/swiftkv_attention.cpp:901]   --->   Operation 291 'sext' 'sext_ln811_1' <Predicate = true> <Delay = 0.00>
ST_7 : Operation 292 [1/1] (0.00ns)   --->   "%sext_ln812_1 = sext i42 %add_ln804_3" [source/swiftkv_attention.cpp:812->source/swiftkv_attention.cpp:901]   --->   Operation 292 'sext' 'sext_ln812_1' <Predicate = true> <Delay = 0.00>
ST_7 : Operation 293 [1/1] (0.96ns)   --->   "%add_ln811_1 = add i43 %sext_ln812_1, i43 %sext_ln811_1" [source/swiftkv_attention.cpp:811->source/swiftkv_attention.cpp:901]   --->   Operation 293 'add' 'add_ln811_1' <Predicate = true> <Delay = 0.96> <CoreInst = "Adder">   --->   Core 1 'Adder' <Latency = 0> <II = 1> <Delay = 0.96> <FuncUnit> <Opcode : 'add' 'sub'> <InPorts = 2> <OutPorts = 1>
ST_7 : Operation 294 [1/1] (0.00ns)   --->   "%sext_ln815 = sext i43 %add_ln811" [source/swiftkv_attention.cpp:815->source/swiftkv_attention.cpp:901]   --->   Operation 294 'sext' 'sext_ln815' <Predicate = true> <Delay = 0.00>
ST_7 : Operation 295 [1/1] (0.00ns)   --->   "%sext_ln815_1 = sext i43 %add_ln811_1" [source/swiftkv_attention.cpp:815->source/swiftkv_attention.cpp:901]   --->   Operation 295 'sext' 'sext_ln815_1' <Predicate = true> <Delay = 0.00>
ST_7 : Operation 296 [1/1] (0.96ns)   --->   "%sum = add i44 %sext_ln815_1, i44 %sext_ln815" [source/swiftkv_attention.cpp:815->source/swiftkv_attention.cpp:901]   --->   Operation 296 'add' 'sum' <Predicate = true> <Delay = 0.96> <CoreInst = "Adder">   --->   Core 1 'Adder' <Latency = 0> <II = 1> <Delay = 0.96> <FuncUnit> <Opcode : 'add' 'sub'> <InPorts = 2> <OutPorts = 1>
ST_7 : Operation 297 [1/1] (0.70ns)   --->   "%icmp_ln821 = icmp_ugt  i5 %shift, i5 9" [source/swiftkv_attention.cpp:821->source/swiftkv_attention.cpp:901]   --->   Operation 297 'icmp' 'icmp_ln821' <Predicate = true> <Delay = 0.70> <CoreInst = "Cmp">   --->   Core 9 'Cmp' <Latency = 0> <II = 1> <Delay = 0.70> <FuncUnit> <Opcode : 'icmp'> <InPorts = 2> <OutPorts = 1>
ST_7 : Operation 298 [1/1] (0.70ns)   --->   "%add_ln822 = add i5 %shift, i5 22" [source/swiftkv_attention.cpp:822->source/swiftkv_attention.cpp:901]   --->   Operation 298 'add' 'add_ln822' <Predicate = true> <Delay = 0.70> <CoreInst = "Adder">   --->   Core 1 'Adder' <Latency = 0> <II = 1> <Delay = 0.70> <FuncUnit> <Opcode : 'add' 'sub'> <InPorts = 2> <OutPorts = 1>
ST_7 : Operation 299 [1/1] (0.70ns)   --->   "%sub_ln824 = sub i5 10, i5 %shift" [source/swiftkv_attention.cpp:824->source/swiftkv_attention.cpp:901]   --->   Operation 299 'sub' 'sub_ln824' <Predicate = true> <Delay = 0.70> <CoreInst = "Adder">   --->   Core 1 'Adder' <Latency = 0> <II = 1> <Delay = 0.70> <FuncUnit> <Opcode : 'add' 'sub'> <InPorts = 2> <OutPorts = 1>
ST_7 : Operation 300 [1/1] (0.70ns)   --->   "%sub_ln824_1 = sub i5 0, i5 %sub_ln824" [source/swiftkv_attention.cpp:824->source/swiftkv_attention.cpp:901]   --->   Operation 300 'sub' 'sub_ln824_1' <Predicate = true> <Delay = 0.70> <CoreInst = "Adder">   --->   Core 1 'Adder' <Latency = 0> <II = 1> <Delay = 0.70> <FuncUnit> <Opcode : 'add' 'sub'> <InPorts = 2> <OutPorts = 1>

State 8 <SV = 7> <Delay = 2.37>
ST_8 : Operation 301 [1/1] (0.00ns)   --->   "%add_ln822cast = zext i5 %add_ln822" [source/swiftkv_attention.cpp:822->source/swiftkv_attention.cpp:901]   --->   Operation 301 'zext' 'add_ln822cast' <Predicate = (icmp_ln821)> <Delay = 0.00>
ST_8 : Operation 302 [1/1] (1.15ns)   --->   "%scaled_1 = shl i44 %sum, i44 %add_ln822cast" [source/swiftkv_attention.cpp:822->source/swiftkv_attention.cpp:901]   --->   Operation 302 'shl' 'scaled_1' <Predicate = (icmp_ln821)> <Delay = 1.15> <CoreInst = "Shifter">   --->   Core 75 'Shifter' <Latency = 0> <II = 1> <Delay = 1.15> <FuncUnit> <Opcode : 'shl' 'lshr' 'ashr'> <InPorts = 2> <OutPorts = 1>
ST_8 : Operation 303 [1/1] (0.00ns) (grouped into LUT with out node scaled)   --->   "%tmp = bitselect i1 @_ssdm_op_BitSelect.i1.i5.i32, i5 %sub_ln824, i32 4" [source/swiftkv_attention.cpp:824->source/swiftkv_attention.cpp:901]   --->   Operation 303 'bitselect' 'tmp' <Predicate = true> <Delay = 0.00>
ST_8 : Operation 304 [1/1] (0.00ns)   --->   "%sext_ln824 = sext i5 %sub_ln824_1" [source/swiftkv_attention.cpp:824->source/swiftkv_attention.cpp:901]   --->   Operation 304 'sext' 'sext_ln824' <Predicate = true> <Delay = 0.00>
ST_8 : Operation 305 [1/1] (0.00ns)   --->   "%sext_ln824cast = zext i32 %sext_ln824" [source/swiftkv_attention.cpp:824->source/swiftkv_attention.cpp:901]   --->   Operation 305 'zext' 'sext_ln824cast' <Predicate = true> <Delay = 0.00>
ST_8 : Operation 306 [1/1] (1.15ns)   --->   "%scaled_2 = shl i44 %sum, i44 %sext_ln824cast" [source/swiftkv_attention.cpp:824->source/swiftkv_attention.cpp:901]   --->   Operation 306 'shl' 'scaled_2' <Predicate = true> <Delay = 1.15> <CoreInst = "Shifter">   --->   Core 75 'Shifter' <Latency = 0> <II = 1> <Delay = 1.15> <FuncUnit> <Opcode : 'shl' 'lshr' 'ashr'> <InPorts = 2> <OutPorts = 1>
ST_8 : Operation 307 [1/1] (0.00ns)   --->   "%sub_ln824cast = zext i5 %sub_ln824" [source/swiftkv_attention.cpp:824->source/swiftkv_attention.cpp:901]   --->   Operation 307 'zext' 'sub_ln824cast' <Predicate = (!icmp_ln821)> <Delay = 0.00>
ST_8 : Operation 308 [1/1] (1.15ns)   --->   "%scaled_3 = ashr i44 %sum, i44 %sub_ln824cast" [source/swiftkv_attention.cpp:824->source/swiftkv_attention.cpp:901]   --->   Operation 308 'ashr' 'scaled_3' <Predicate = (!icmp_ln821)> <Delay = 1.15> <CoreInst = "Shifter">   --->   Core 75 'Shifter' <Latency = 0> <II = 1> <Delay = 1.15> <FuncUnit> <Opcode : 'shl' 'lshr' 'ashr'> <InPorts = 2> <OutPorts = 1>
ST_8 : Operation 309 [1/1] (0.00ns) (grouped into LUT with out node scaled)   --->   "%xor_ln821 = xor i1 %icmp_ln821, i1 1" [source/swiftkv_attention.cpp:821->source/swiftkv_attention.cpp:901]   --->   Operation 309 'xor' 'xor_ln821' <Predicate = true> <Delay = 0.00> <CoreInst = "LogicGate">   --->   Core 74 'LogicGate' <Latency = 0> <II = 1> <Delay = 0.12> <FuncUnit> <Opcode : 'and' 'or' 'xor'> <InPorts = 2> <OutPorts = 1>
ST_8 : Operation 310 [1/1] (0.00ns) (grouped into LUT with out node scaled)   --->   "%and_ln824 = and i1 %tmp, i1 %xor_ln821" [source/swiftkv_attention.cpp:824->source/swiftkv_attention.cpp:901]   --->   Operation 310 'and' 'and_ln824' <Predicate = true> <Delay = 0.00> <CoreInst = "LogicGate">   --->   Core 74 'LogicGate' <Latency = 0> <II = 1> <Delay = 0.12> <FuncUnit> <Opcode : 'and' 'or' 'xor'> <InPorts = 2> <OutPorts = 1>
ST_8 : Operation 311 [1/1] (0.00ns) (grouped into LUT with out node scaled)   --->   "%select_ln821 = select i1 %icmp_ln821, i44 %scaled_1, i44 %scaled_3" [source/swiftkv_attention.cpp:821->source/swiftkv_attention.cpp:901]   --->   Operation 311 'select' 'select_ln821' <Predicate = true> <Delay = 0.00> <CoreInst = "Sel">   --->   Core 73 'Sel' <Latency = 0> <II = 1> <Delay = 0.25> <FuncUnit> <Opcode : 'select'> <InPorts = 3> <OutPorts = 1>
ST_8 : Operation 312 [1/1] (0.25ns) (out node of the LUT)   --->   "%scaled = select i1 %and_ln824, i44 %scaled_2, i44 %select_ln821" [source/swiftkv_attention.cpp:820->source/swiftkv_attention.cpp:901]   --->   Operation 312 'select' 'scaled' <Predicate = true> <Delay = 0.25> <CoreInst = "Sel">   --->   Core 73 'Sel' <Latency = 0> <II = 1> <Delay = 0.25> <FuncUnit> <Opcode : 'select'> <InPorts = 3> <OutPorts = 1>
ST_8 : Operation 313 [1/1] (0.38ns)   --->   "%store_ln850 = store i44 %scaled, i44 %group_first_half" [source/swiftkv_attention.cpp:850]   --->   Operation 313 'store' 'store_ln850' <Predicate = (!half)> <Delay = 0.38>
ST_8 : Operation 314 [1/1] (0.00ns)   --->   "%br_ln903 = br void %for.inc64" [source/swiftkv_attention.cpp:903]   --->   Operation 314 'br' 'br_ln903' <Predicate = (!half)> <Delay = 0.00>
ST_8 : Operation 315 [1/1] (0.00ns)   --->   "%group_first_half_load = load i44 %group_first_half" [source/swiftkv_attention.cpp:907]   --->   Operation 315 'load' 'group_first_half_load' <Predicate = (half)> <Delay = 0.00>
ST_8 : Operation 316 [1/1] (0.96ns)   --->   "%group_dot = add i44 %scaled, i44 %group_first_half_load" [source/swiftkv_attention.cpp:907]   --->   Operation 316 'add' 'group_dot' <Predicate = (half)> <Delay = 0.96> <CoreInst = "Adder">   --->   Core 1 'Adder' <Latency = 0> <II = 1> <Delay = 0.96> <FuncUnit> <Opcode : 'add' 'sub'> <InPorts = 2> <OutPorts = 1>

State 9 <SV = 8> <Delay = 1.60>
ST_9 : Operation 317 [1/1] (0.00ns)   --->   "%token_dot_load = load i44 %token_dot" [source/swiftkv_attention.cpp:911]   --->   Operation 317 'load' 'token_dot_load' <Predicate = (half & !icmp_ln909)> <Delay = 0.00>
ST_9 : Operation 318 [1/1] (0.96ns)   --->   "%next_dot = add i44 %group_dot, i44 %token_dot_load" [source/swiftkv_attention.cpp:911]   --->   Operation 318 'add' 'next_dot' <Predicate = (half & !icmp_ln909)> <Delay = 0.96> <CoreInst = "Adder">   --->   Core 1 'Adder' <Latency = 0> <II = 1> <Delay = 0.96> <FuncUnit> <Opcode : 'add' 'sub'> <InPorts = 2> <OutPorts = 1>
ST_9 : Operation 319 [1/1] (0.25ns)   --->   "%group_dot_2 = select i1 %icmp_ln909, i44 %group_dot, i44 %next_dot" [source/swiftkv_attention.cpp:909]   --->   Operation 319 'select' 'group_dot_2' <Predicate = (half)> <Delay = 0.25> <CoreInst = "Sel">   --->   Core 73 'Sel' <Latency = 0> <II = 1> <Delay = 0.25> <FuncUnit> <Opcode : 'select'> <InPorts = 3> <OutPorts = 1>
ST_9 : Operation 320 [1/1] (0.38ns)   --->   "%store_ln851 = store i44 %group_dot_2, i44 %token_dot" [source/swiftkv_attention.cpp:851]   --->   Operation 320 'store' 'store_ln851' <Predicate = (half)> <Delay = 0.38>
ST_9 : Operation 321 [1/1] (0.00ns)   --->   "%br_ln0 = br void %for.inc64"   --->   Operation 321 'br' 'br_ln0' <Predicate = (half)> <Delay = 0.00>

State 10 <SV = 9> <Delay = 1.88>
ST_10 : Operation 322 [1/1] (0.00ns)   --->   "%sext_ln915 = sext i44 %group_dot_2" [source/swiftkv_attention.cpp:915]   --->   Operation 322 'sext' 'sext_ln915' <Predicate = (half & icmp_ln913)> <Delay = 0.00>
ST_10 : Operation 323 [5/5] (1.88ns)   --->   "%mul_ln916 = mul i58 %sext_ln915, i58 11585" [source/swiftkv_attention.cpp:916]   --->   Operation 323 'mul' 'mul_ln916' <Predicate = (half & icmp_ln913)> <Delay = 1.88> <CoreInst = "Mul_DSP">   --->   Core 5 'Mul_DSP' <Latency = 4> <II = 1> <Delay = 1.88> <FuncUnit> <Opcode : 'mul'> <InPorts = 2> <OutPorts = 1>

State 11 <SV = 10> <Delay = 1.88>
ST_11 : Operation 324 [4/5] (1.88ns)   --->   "%mul_ln916 = mul i58 %sext_ln915, i58 11585" [source/swiftkv_attention.cpp:916]   --->   Operation 324 'mul' 'mul_ln916' <Predicate = (half & icmp_ln913)> <Delay = 1.88> <CoreInst = "Mul_DSP">   --->   Core 5 'Mul_DSP' <Latency = 4> <II = 1> <Delay = 1.88> <FuncUnit> <Opcode : 'mul'> <InPorts = 2> <OutPorts = 1>

State 12 <SV = 11> <Delay = 1.88>
ST_12 : Operation 325 [3/5] (1.88ns)   --->   "%mul_ln916 = mul i58 %sext_ln915, i58 11585" [source/swiftkv_attention.cpp:916]   --->   Operation 325 'mul' 'mul_ln916' <Predicate = (half & icmp_ln913)> <Delay = 1.88> <CoreInst = "Mul_DSP">   --->   Core 5 'Mul_DSP' <Latency = 4> <II = 1> <Delay = 1.88> <FuncUnit> <Opcode : 'mul'> <InPorts = 2> <OutPorts = 1>

State 13 <SV = 12> <Delay = 1.88>
ST_13 : Operation 326 [2/5] (1.88ns)   --->   "%mul_ln916 = mul i58 %sext_ln915, i58 11585" [source/swiftkv_attention.cpp:916]   --->   Operation 326 'mul' 'mul_ln916' <Predicate = (half & icmp_ln913)> <Delay = 1.88> <CoreInst = "Mul_DSP">   --->   Core 5 'Mul_DSP' <Latency = 4> <II = 1> <Delay = 1.88> <FuncUnit> <Opcode : 'mul'> <InPorts = 2> <OutPorts = 1>

State 14 <SV = 13> <Delay = 1.88>
ST_14 : Operation 327 [1/5] (1.88ns)   --->   "%mul_ln916 = mul i58 %sext_ln915, i58 11585" [source/swiftkv_attention.cpp:916]   --->   Operation 327 'mul' 'mul_ln916' <Predicate = (half & icmp_ln913)> <Delay = 1.88> <CoreInst = "Mul_DSP">   --->   Core 5 'Mul_DSP' <Latency = 4> <II = 1> <Delay = 1.88> <FuncUnit> <Opcode : 'mul'> <InPorts = 2> <OutPorts = 1>
ST_14 : Operation 328 [1/1] (0.00ns)   --->   "%specfucore_ln916 = specfucore void @_ssdm_op_SpecFUCore, i58 %mul_ln916, i64 12, i64 3, i64 4" [source/swiftkv_attention.cpp:916]   --->   Operation 328 'specfucore' 'specfucore_ln916' <Predicate = (half & icmp_ln913)> <Delay = 0.00>
ST_14 : Operation 329 [1/1] (0.00ns)   --->   "%tmp_164 = bitselect i1 @_ssdm_op_BitSelect.i1.i58.i32, i58 %mul_ln916, i32 57" [source/swiftkv_attention.cpp:915]   --->   Operation 329 'bitselect' 'tmp_164' <Predicate = (half & icmp_ln913)> <Delay = 0.00>
ST_14 : Operation 330 [1/1] (0.00ns)   --->   "%trunc_ln915 = trunc i58 %mul_ln916" [source/swiftkv_attention.cpp:915]   --->   Operation 330 'trunc' 'trunc_ln915' <Predicate = (half & icmp_ln913)> <Delay = 0.00>
ST_14 : Operation 331 [1/1] (0.00ns)   --->   "%tmp_s = partselect i2 @_ssdm_op_PartSelect.i2.i58.i32.i32, i58 %mul_ln916, i32 56, i32 57" [source/swiftkv_attention.cpp:915]   --->   Operation 331 'partselect' 'tmp_s' <Predicate = (half & icmp_ln913)> <Delay = 0.00>

State 15 <SV = 14> <Delay = 2.22>
ST_15 : Operation 332 [1/1] (0.00ns) (grouped into LUT with out node score_1)   --->   "%score = partselect i32 @_ssdm_op_PartSelect.i32.i58.i32.i32, i58 %mul_ln916, i32 24, i32 55" [source/swiftkv_attention.cpp:915]   --->   Operation 332 'partselect' 'score' <Predicate = (half & icmp_ln913)> <Delay = 0.00>
ST_15 : Operation 333 [1/1] (0.00ns) (grouped into LUT with out node score_1)   --->   "%tmp_165 = bitselect i1 @_ssdm_op_BitSelect.i1.i58.i32, i58 %mul_ln916, i32 24" [source/swiftkv_attention.cpp:914]   --->   Operation 333 'bitselect' 'tmp_165' <Predicate = (half & icmp_ln913)> <Delay = 0.00>
ST_15 : Operation 334 [1/1] (0.00ns) (grouped into LUT with out node score_1)   --->   "%tmp_166 = bitselect i1 @_ssdm_op_BitSelect.i1.i58.i32, i58 %mul_ln916, i32 23" [source/swiftkv_attention.cpp:915]   --->   Operation 334 'bitselect' 'tmp_166' <Predicate = (half & icmp_ln913)> <Delay = 0.00>
ST_15 : Operation 335 [1/1] (0.82ns)   --->   "%icmp_ln915 = icmp_ne  i23 %trunc_ln915, i23 0" [source/swiftkv_attention.cpp:915]   --->   Operation 335 'icmp' 'icmp_ln915' <Predicate = (half & icmp_ln913)> <Delay = 0.82> <CoreInst = "Cmp">   --->   Core 9 'Cmp' <Latency = 0> <II = 1> <Delay = 0.82> <FuncUnit> <Opcode : 'icmp'> <InPorts = 2> <OutPorts = 1>
ST_15 : Operation 336 [1/1] (0.00ns) (grouped into LUT with out node and_ln915_1)   --->   "%tmp_167 = bitselect i1 @_ssdm_op_BitSelect.i1.i58.i32, i58 %mul_ln916, i32 55" [source/swiftkv_attention.cpp:915]   --->   Operation 336 'bitselect' 'tmp_167' <Predicate = (half & icmp_ln913)> <Delay = 0.00>
ST_15 : Operation 337 [1/1] (0.00ns) (grouped into LUT with out node score_1)   --->   "%or_ln915 = or i1 %tmp_165, i1 %icmp_ln915" [source/swiftkv_attention.cpp:915]   --->   Operation 337 'or' 'or_ln915' <Predicate = (half & icmp_ln913)> <Delay = 0.00> <CoreInst = "LogicGate">   --->   Core 74 'LogicGate' <Latency = 0> <II = 1> <Delay = 0.12> <FuncUnit> <Opcode : 'and' 'or' 'xor'> <InPorts = 2> <OutPorts = 1>
ST_15 : Operation 338 [1/1] (0.00ns) (grouped into LUT with out node score_1)   --->   "%and_ln915 = and i1 %or_ln915, i1 %tmp_166" [source/swiftkv_attention.cpp:915]   --->   Operation 338 'and' 'and_ln915' <Predicate = (half & icmp_ln913)> <Delay = 0.00> <CoreInst = "LogicGate">   --->   Core 74 'LogicGate' <Latency = 0> <II = 1> <Delay = 0.12> <FuncUnit> <Opcode : 'and' 'or' 'xor'> <InPorts = 2> <OutPorts = 1>
ST_15 : Operation 339 [1/1] (0.00ns) (grouped into LUT with out node score_1)   --->   "%zext_ln915 = zext i1 %and_ln915" [source/swiftkv_attention.cpp:915]   --->   Operation 339 'zext' 'zext_ln915' <Predicate = (half & icmp_ln913)> <Delay = 0.00>
ST_15 : Operation 340 [1/1] (0.88ns) (out node of the LUT)   --->   "%score_1 = add i32 %score, i32 %zext_ln915" [source/swiftkv_attention.cpp:915]   --->   Operation 340 'add' 'score_1' <Predicate = (half & icmp_ln913)> <Delay = 0.88> <CoreInst = "Adder">   --->   Core 1 'Adder' <Latency = 0> <II = 1> <Delay = 0.88> <FuncUnit> <Opcode : 'add' 'sub'> <InPorts = 2> <OutPorts = 1>
ST_15 : Operation 341 [1/1] (0.00ns)   --->   "%tmp_168 = bitselect i1 @_ssdm_op_BitSelect.i1.i32.i32, i32 %score_1, i32 31" [source/swiftkv_attention.cpp:915]   --->   Operation 341 'bitselect' 'tmp_168' <Predicate = (half & icmp_ln913)> <Delay = 0.00>
ST_15 : Operation 342 [1/1] (0.00ns) (grouped into LUT with out node and_ln915_1)   --->   "%xor_ln915 = xor i1 %tmp_168, i1 1" [source/swiftkv_attention.cpp:915]   --->   Operation 342 'xor' 'xor_ln915' <Predicate = (half & icmp_ln913)> <Delay = 0.00> <CoreInst = "LogicGate">   --->   Core 74 'LogicGate' <Latency = 0> <II = 1> <Delay = 0.12> <FuncUnit> <Opcode : 'and' 'or' 'xor'> <InPorts = 2> <OutPorts = 1>
ST_15 : Operation 343 [1/1] (0.12ns) (out node of the LUT)   --->   "%and_ln915_1 = and i1 %tmp_167, i1 %xor_ln915" [source/swiftkv_attention.cpp:915]   --->   Operation 343 'and' 'and_ln915_1' <Predicate = (half & icmp_ln913)> <Delay = 0.12> <CoreInst = "LogicGate">   --->   Core 74 'LogicGate' <Latency = 0> <II = 1> <Delay = 0.12> <FuncUnit> <Opcode : 'and' 'or' 'xor'> <InPorts = 2> <OutPorts = 1>
ST_15 : Operation 344 [1/1] (0.43ns)   --->   "%icmp_ln915_1 = icmp_eq  i2 %tmp_s, i2 3" [source/swiftkv_attention.cpp:915]   --->   Operation 344 'icmp' 'icmp_ln915_1' <Predicate = (half & icmp_ln913)> <Delay = 0.43> <CoreInst = "Cmp">   --->   Core 9 'Cmp' <Latency = 0> <II = 1> <Delay = 0.43> <FuncUnit> <Opcode : 'icmp'> <InPorts = 2> <OutPorts = 1>
ST_15 : Operation 345 [1/1] (0.43ns)   --->   "%icmp_ln915_2 = icmp_eq  i2 %tmp_s, i2 0" [source/swiftkv_attention.cpp:915]   --->   Operation 345 'icmp' 'icmp_ln915_2' <Predicate = (half & icmp_ln913)> <Delay = 0.43> <CoreInst = "Cmp">   --->   Core 9 'Cmp' <Latency = 0> <II = 1> <Delay = 0.43> <FuncUnit> <Opcode : 'icmp'> <InPorts = 2> <OutPorts = 1>
ST_15 : Operation 346 [1/1] (0.00ns) (grouped into LUT with out node and_ln915_4)   --->   "%select_ln915 = select i1 %and_ln915_1, i1 %icmp_ln915_1, i1 %icmp_ln915_2" [source/swiftkv_attention.cpp:915]   --->   Operation 346 'select' 'select_ln915' <Predicate = (half & icmp_ln913)> <Delay = 0.00> <CoreInst = "Sel">   --->   Core 73 'Sel' <Latency = 0> <II = 1> <Delay = 0.27> <FuncUnit> <Opcode : 'select'> <InPorts = 3> <OutPorts = 1>
ST_15 : Operation 347 [1/1] (0.00ns) (grouped into LUT with out node and_ln915_5)   --->   "%tmp_169 = bitselect i1 @_ssdm_op_BitSelect.i1.i58.i32, i58 %mul_ln916, i32 56" [source/swiftkv_attention.cpp:915]   --->   Operation 347 'bitselect' 'tmp_169' <Predicate = (half & icmp_ln913)> <Delay = 0.00>
ST_15 : Operation 348 [1/1] (0.00ns) (grouped into LUT with out node and_ln915_5)   --->   "%xor_ln915_4 = xor i1 %tmp_169, i1 1" [source/swiftkv_attention.cpp:915]   --->   Operation 348 'xor' 'xor_ln915_4' <Predicate = (half & icmp_ln913)> <Delay = 0.00> <CoreInst = "LogicGate">   --->   Core 74 'LogicGate' <Latency = 0> <II = 1> <Delay = 0.12> <FuncUnit> <Opcode : 'and' 'or' 'xor'> <InPorts = 2> <OutPorts = 1>
ST_15 : Operation 349 [1/1] (0.00ns) (grouped into LUT with out node and_ln915_5)   --->   "%and_ln915_2 = and i1 %tmp_164, i1 %xor_ln915_4" [source/swiftkv_attention.cpp:915]   --->   Operation 349 'and' 'and_ln915_2' <Predicate = (half & icmp_ln913)> <Delay = 0.00> <CoreInst = "LogicGate">   --->   Core 74 'LogicGate' <Latency = 0> <II = 1> <Delay = 0.12> <FuncUnit> <Opcode : 'and' 'or' 'xor'> <InPorts = 2> <OutPorts = 1>
ST_15 : Operation 350 [1/1] (0.00ns) (grouped into LUT with out node and_ln915_5)   --->   "%select_ln915_1 = select i1 %and_ln915_1, i1 %and_ln915_2, i1 %icmp_ln915_1" [source/swiftkv_attention.cpp:915]   --->   Operation 350 'select' 'select_ln915_1' <Predicate = (half & icmp_ln913)> <Delay = 0.00> <CoreInst = "Sel">   --->   Core 73 'Sel' <Latency = 0> <II = 1> <Delay = 0.27> <FuncUnit> <Opcode : 'select'> <InPorts = 3> <OutPorts = 1>
ST_15 : Operation 351 [1/1] (0.00ns) (grouped into LUT with out node or_ln915_2)   --->   "%and_ln915_3 = and i1 %and_ln915_1, i1 %icmp_ln915_1" [source/swiftkv_attention.cpp:915]   --->   Operation 351 'and' 'and_ln915_3' <Predicate = (half & icmp_ln913)> <Delay = 0.00> <CoreInst = "LogicGate">   --->   Core 74 'LogicGate' <Latency = 0> <II = 1> <Delay = 0.12> <FuncUnit> <Opcode : 'and' 'or' 'xor'> <InPorts = 2> <OutPorts = 1>
ST_15 : Operation 352 [1/1] (0.00ns) (grouped into LUT with out node and_ln915_4)   --->   "%xor_ln915_1 = xor i1 %select_ln915, i1 1" [source/swiftkv_attention.cpp:915]   --->   Operation 352 'xor' 'xor_ln915_1' <Predicate = (half & icmp_ln913)> <Delay = 0.00> <CoreInst = "LogicGate">   --->   Core 74 'LogicGate' <Latency = 0> <II = 1> <Delay = 0.12> <FuncUnit> <Opcode : 'and' 'or' 'xor'> <InPorts = 2> <OutPorts = 1>
ST_15 : Operation 353 [1/1] (0.00ns) (grouped into LUT with out node and_ln915_4)   --->   "%or_ln915_1 = or i1 %tmp_168, i1 %xor_ln915_1" [source/swiftkv_attention.cpp:915]   --->   Operation 353 'or' 'or_ln915_1' <Predicate = (half & icmp_ln913)> <Delay = 0.00> <CoreInst = "LogicGate">   --->   Core 74 'LogicGate' <Latency = 0> <II = 1> <Delay = 0.12> <FuncUnit> <Opcode : 'and' 'or' 'xor'> <InPorts = 2> <OutPorts = 1>
ST_15 : Operation 354 [1/1] (0.00ns) (grouped into LUT with out node and_ln915_4)   --->   "%xor_ln915_2 = xor i1 %tmp_164, i1 1" [source/swiftkv_attention.cpp:915]   --->   Operation 354 'xor' 'xor_ln915_2' <Predicate = (half & icmp_ln913)> <Delay = 0.00> <CoreInst = "LogicGate">   --->   Core 74 'LogicGate' <Latency = 0> <II = 1> <Delay = 0.12> <FuncUnit> <Opcode : 'and' 'or' 'xor'> <InPorts = 2> <OutPorts = 1>
ST_15 : Operation 355 [1/1] (0.27ns) (out node of the LUT)   --->   "%and_ln915_4 = and i1 %or_ln915_1, i1 %xor_ln915_2" [source/swiftkv_attention.cpp:915]   --->   Operation 355 'and' 'and_ln915_4' <Predicate = (half & icmp_ln913)> <Delay = 0.27> <CoreInst = "LogicGate">   --->   Core 74 'LogicGate' <Latency = 0> <II = 1> <Delay = 0.12> <FuncUnit> <Opcode : 'and' 'or' 'xor'> <InPorts = 2> <OutPorts = 1>
ST_15 : Operation 356 [1/1] (0.27ns) (out node of the LUT)   --->   "%and_ln915_5 = and i1 %tmp_168, i1 %select_ln915_1" [source/swiftkv_attention.cpp:915]   --->   Operation 356 'and' 'and_ln915_5' <Predicate = (half & icmp_ln913)> <Delay = 0.27> <CoreInst = "LogicGate">   --->   Core 74 'LogicGate' <Latency = 0> <II = 1> <Delay = 0.12> <FuncUnit> <Opcode : 'and' 'or' 'xor'> <InPorts = 2> <OutPorts = 1>
ST_15 : Operation 357 [1/1] (0.00ns) (grouped into LUT with out node or_ln915_2)   --->   "%or_ln915_3 = or i1 %and_ln915_3, i1 %and_ln915_5" [source/swiftkv_attention.cpp:915]   --->   Operation 357 'or' 'or_ln915_3' <Predicate = (half & icmp_ln913)> <Delay = 0.00> <CoreInst = "LogicGate">   --->   Core 74 'LogicGate' <Latency = 0> <II = 1> <Delay = 0.12> <FuncUnit> <Opcode : 'and' 'or' 'xor'> <InPorts = 2> <OutPorts = 1>
ST_15 : Operation 358 [1/1] (0.00ns) (grouped into LUT with out node or_ln915_2)   --->   "%xor_ln915_3 = xor i1 %or_ln915_3, i1 1" [source/swiftkv_attention.cpp:915]   --->   Operation 358 'xor' 'xor_ln915_3' <Predicate = (half & icmp_ln913)> <Delay = 0.00> <CoreInst = "LogicGate">   --->   Core 74 'LogicGate' <Latency = 0> <II = 1> <Delay = 0.12> <FuncUnit> <Opcode : 'and' 'or' 'xor'> <InPorts = 2> <OutPorts = 1>
ST_15 : Operation 359 [1/1] (0.00ns) (grouped into LUT with out node or_ln915_2)   --->   "%and_ln915_6 = and i1 %tmp_164, i1 %xor_ln915_3" [source/swiftkv_attention.cpp:915]   --->   Operation 359 'and' 'and_ln915_6' <Predicate = (half & icmp_ln913)> <Delay = 0.00> <CoreInst = "LogicGate">   --->   Core 74 'LogicGate' <Latency = 0> <II = 1> <Delay = 0.12> <FuncUnit> <Opcode : 'and' 'or' 'xor'> <InPorts = 2> <OutPorts = 1>
ST_15 : Operation 360 [1/1] (0.12ns) (out node of the LUT)   --->   "%or_ln915_2 = or i1 %and_ln915_4, i1 %and_ln915_6" [source/swiftkv_attention.cpp:915]   --->   Operation 360 'or' 'or_ln915_2' <Predicate = (half & icmp_ln913)> <Delay = 0.12> <CoreInst = "LogicGate">   --->   Core 74 'LogicGate' <Latency = 0> <II = 1> <Delay = 0.12> <FuncUnit> <Opcode : 'and' 'or' 'xor'> <InPorts = 2> <OutPorts = 1>
ST_15 : Operation 367 [1/1] (0.00ns)   --->   "%ret_ln0 = ret"   --->   Operation 367 'ret' 'ret_ln0' <Predicate = (icmp_ln855)> <Delay = 0.00>

State 16 <SV = 15> <Delay = 1.44>
ST_16 : Operation 361 [1/1] (0.00ns)   --->   "%rbegin = specregionbegin i32 @_ssdm_op_SpecRegionBegin, void @empty_416" [source/swiftkv_attention.cpp:914]   --->   Operation 361 'specregionbegin' 'rbegin' <Predicate = (half & icmp_ln913)> <Delay = 0.00>
ST_16 : Operation 362 [1/1] (0.00ns) (grouped into LUT with out node score_2)   --->   "%select_ln915_2 = select i1 %and_ln915_4, i32 2147483647, i32 2147483648" [source/swiftkv_attention.cpp:915]   --->   Operation 362 'select' 'select_ln915_2' <Predicate = (half & icmp_ln913 & or_ln915_2)> <Delay = 0.00> <CoreInst = "Sel">   --->   Core 73 'Sel' <Latency = 0> <II = 1> <Delay = 0.22> <FuncUnit> <Opcode : 'select'> <InPorts = 3> <OutPorts = 1>
ST_16 : Operation 363 [1/1] (0.22ns) (out node of the LUT)   --->   "%score_2 = select i1 %or_ln915_2, i32 %select_ln915_2, i32 %score_1" [source/swiftkv_attention.cpp:915]   --->   Operation 363 'select' 'score_2' <Predicate = (half & icmp_ln913)> <Delay = 0.22> <CoreInst = "Sel">   --->   Core 73 'Sel' <Latency = 0> <II = 1> <Delay = 0.22> <FuncUnit> <Opcode : 'select'> <InPorts = 3> <OutPorts = 1>
ST_16 : Operation 364 [1/1] (0.00ns)   --->   "%rend = specregionend i32 @_ssdm_op_SpecRegionEnd, void @empty_416, i32 %rbegin" [source/swiftkv_attention.cpp:914]   --->   Operation 364 'specregionend' 'rend' <Predicate = (half & icmp_ln913)> <Delay = 0.00>
ST_16 : Operation 365 [1/1] (1.21ns)   --->   "%write_ln917 = write void @_ssdm_op_Write.ap_fifo.volatile.i32P0A, i32 %score_stream, i32 %score_2" [source/swiftkv_attention.cpp:917]   --->   Operation 365 'write' 'write_ln917' <Predicate = (half & icmp_ln913)> <Delay = 1.21> <CoreInst = "FIFO_SRL">   --->   Core 81 'FIFO_SRL' <Latency = 0> <II = 1> <Delay = 1.46> <Storage> <Opcode : 'read' 'write' 'nbread' 'nbwrite'> <Ports = 0> <Width = 32> <Depth = 4> <FIFO>
ST_16 : Operation 366 [1/1] (0.00ns)   --->   "%br_ln918 = br void %if.end62" [source/swiftkv_attention.cpp:918]   --->   Operation 366 'br' 'br_ln918' <Predicate = (half & icmp_ln913)> <Delay = 0.00>


============================================================
+ Verbose Summary: Binding
============================================================
STG Binding: 
---------------- STG Properties BEGIN ----------------
- Is combinational: 0
- Is one-state seq: 0
- Is datapath-only: 0
- Is pipelined: 0
- Is top level: 0
Port [ Return ] is wired: 1; IO mode=ap_ctrl_hs:ce=0
Port [ total_phases]:  wired=1; compound=0; hidden=0; nouse=0; global=0; static=0; extern=0; dir=0; type=0; pingpong=0; private_global=0; IO mode=ap_none:ce=0
Port [ query_0]:  wired=1; compound=1; hidden=0; nouse=0; global=0; static=0; extern=0; dir=0; type=1; pingpong=0; private_global=0; MemPort=[1]; IO mode=ap_memory:ce=0
Port [ query_1]:  wired=1; compound=1; hidden=0; nouse=0; global=0; static=0; extern=0; dir=0; type=1; pingpong=0; private_global=0; MemPort=[1]; IO mode=ap_memory:ce=0
Port [ query_2]:  wired=1; compound=1; hidden=0; nouse=0; global=0; static=0; extern=0; dir=0; type=1; pingpong=0; private_global=0; MemPort=[1]; IO mode=ap_memory:ce=0
Port [ query_3]:  wired=1; compound=1; hidden=0; nouse=0; global=0; static=0; extern=0; dir=0; type=1; pingpong=0; private_global=0; MemPort=[1]; IO mode=ap_memory:ce=0
Port [ query_4]:  wired=1; compound=1; hidden=0; nouse=0; global=0; static=0; extern=0; dir=0; type=1; pingpong=0; private_global=0; MemPort=[1]; IO mode=ap_memory:ce=0
Port [ query_5]:  wired=1; compound=1; hidden=0; nouse=0; global=0; static=0; extern=0; dir=0; type=1; pingpong=0; private_global=0; MemPort=[1]; IO mode=ap_memory:ce=0
Port [ query_6]:  wired=1; compound=1; hidden=0; nouse=0; global=0; static=0; extern=0; dir=0; type=1; pingpong=0; private_global=0; MemPort=[1]; IO mode=ap_memory:ce=0
Port [ query_7]:  wired=1; compound=1; hidden=0; nouse=0; global=0; static=0; extern=0; dir=0; type=1; pingpong=0; private_global=0; MemPort=[1]; IO mode=ap_memory:ce=0
Port [ query_8]:  wired=1; compound=1; hidden=0; nouse=0; global=0; static=0; extern=0; dir=0; type=1; pingpong=0; private_global=0; MemPort=[1]; IO mode=ap_memory:ce=0
Port [ query_9]:  wired=1; compound=1; hidden=0; nouse=0; global=0; static=0; extern=0; dir=0; type=1; pingpong=0; private_global=0; MemPort=[1]; IO mode=ap_memory:ce=0
Port [ query_10]:  wired=1; compound=1; hidden=0; nouse=0; global=0; static=0; extern=0; dir=0; type=1; pingpong=0; private_global=0; MemPort=[1]; IO mode=ap_memory:ce=0
Port [ query_11]:  wired=1; compound=1; hidden=0; nouse=0; global=0; static=0; extern=0; dir=0; type=1; pingpong=0; private_global=0; MemPort=[1]; IO mode=ap_memory:ce=0
Port [ query_12]:  wired=1; compound=1; hidden=0; nouse=0; global=0; static=0; extern=0; dir=0; type=1; pingpong=0; private_global=0; MemPort=[1]; IO mode=ap_memory:ce=0
Port [ query_13]:  wired=1; compound=1; hidden=0; nouse=0; global=0; static=0; extern=0; dir=0; type=1; pingpong=0; private_global=0; MemPort=[1]; IO mode=ap_memory:ce=0
Port [ query_14]:  wired=1; compound=1; hidden=0; nouse=0; global=0; static=0; extern=0; dir=0; type=1; pingpong=0; private_global=0; MemPort=[1]; IO mode=ap_memory:ce=0
Port [ query_15]:  wired=1; compound=1; hidden=0; nouse=0; global=0; static=0; extern=0; dir=0; type=1; pingpong=0; private_global=0; MemPort=[1]; IO mode=ap_memory:ce=0
Port [ key_metadata_stream]:  wired=1; compound=1; hidden=0; nouse=0; global=0; static=0; extern=0; dir=0; type=3; pingpong=0; private_global=0; IO mode=ap_fifo:ce=0
Port [ key0_stream]:  wired=1; compound=1; hidden=0; nouse=0; global=0; static=0; extern=0; dir=0; type=3; pingpong=0; private_global=0; IO mode=ap_fifo:ce=0
Port [ key1_stream]:  wired=1; compound=1; hidden=0; nouse=0; global=0; static=0; extern=0; dir=0; type=3; pingpong=0; private_global=0; IO mode=ap_fifo:ce=0
Port [ score_stream]:  wired=1; compound=1; hidden=0; nouse=0; global=0; static=0; extern=0; dir=1; type=3; pingpong=0; private_global=0; IO mode=ap_fifo:ce=0
---------------- STG Properties END ------------------

---------------- Datapath Model BEGIN ----------------

<LifeTime>
<method=bitvector/>
dot_phase               (alloca           ) [ 01000000000000000]
group_first_half        (alloca           ) [ 01111111100000000]
token_dot               (alloca           ) [ 01111111110000000]
key_chunk               (alloca           ) [ 01110000000000000]
key_chunk_1             (alloca           ) [ 01110000000000000]
key_chunk_2             (alloca           ) [ 01110000000000000]
key_chunk_3             (alloca           ) [ 01110000000000000]
key_chunk_4             (alloca           ) [ 01110000000000000]
key_chunk_5             (alloca           ) [ 01110000000000000]
key_chunk_6             (alloca           ) [ 01110000000000000]
key_chunk_7             (alloca           ) [ 01110000000000000]
key_shift               (alloca           ) [ 01110000000000000]
key_shift_1             (alloca           ) [ 01110000000000000]
key_shift_2             (alloca           ) [ 01110000000000000]
key_shift_3             (alloca           ) [ 01110000000000000]
specmemcore_ln0         (specmemcore      ) [ 00000000000000000]
specmemcore_ln0         (specmemcore      ) [ 00000000000000000]
specmemcore_ln0         (specmemcore      ) [ 00000000000000000]
specmemcore_ln0         (specmemcore      ) [ 00000000000000000]
specmemcore_ln0         (specmemcore      ) [ 00000000000000000]
specmemcore_ln0         (specmemcore      ) [ 00000000000000000]
specmemcore_ln0         (specmemcore      ) [ 00000000000000000]
specmemcore_ln0         (specmemcore      ) [ 00000000000000000]
specmemcore_ln0         (specmemcore      ) [ 00000000000000000]
specmemcore_ln0         (specmemcore      ) [ 00000000000000000]
specmemcore_ln0         (specmemcore      ) [ 00000000000000000]
specmemcore_ln0         (specmemcore      ) [ 00000000000000000]
specmemcore_ln0         (specmemcore      ) [ 00000000000000000]
specmemcore_ln0         (specmemcore      ) [ 00000000000000000]
specmemcore_ln0         (specmemcore      ) [ 00000000000000000]
specmemcore_ln0         (specmemcore      ) [ 00000000000000000]
specmemcore_ln0         (specmemcore      ) [ 00000000000000000]
specmemcore_ln0         (specmemcore      ) [ 00000000000000000]
specmemcore_ln0         (specmemcore      ) [ 00000000000000000]
specmemcore_ln0         (specmemcore      ) [ 00000000000000000]
specinterface_ln0       (specinterface    ) [ 00000000000000000]
specinterface_ln0       (specinterface    ) [ 00000000000000000]
specinterface_ln0       (specinterface    ) [ 00000000000000000]
specinterface_ln0       (specinterface    ) [ 00000000000000000]
total_phases_read       (read             ) [ 00000000000000000]
store_ln851             (store            ) [ 00000000000000000]
store_ln850             (store            ) [ 00000000000000000]
store_ln854             (store            ) [ 00000000000000000]
br_ln0                  (br               ) [ 00000000000000000]
dot_phase_1             (load             ) [ 00000000000000000]
icmp_ln855              (icmp             ) [ 01111111111111110]
dot_phase_2             (add              ) [ 00000000000000000]
br_ln854                (br               ) [ 00000000000000000]
half                    (trunc            ) [ 01111111111111111]
phase                   (trunc            ) [ 01110000000000000]
specpipeline_ln857      (specpipeline     ) [ 00000000000000000]
speclooptripcount_ln858 (speclooptripcount) [ 00000000000000000]
specloopname_ln854      (specloopname     ) [ 00000000000000000]
icmp_ln860              (icmp             ) [ 01100000000000000]
br_ln860                (br               ) [ 00000000000000000]
trunc_ln                (partselect       ) [ 01110000000000000]
br_ln903                (br               ) [ 00000000000000000]
store_ln854             (store            ) [ 00000000000000000]
br_ln854                (br               ) [ 00000000000000000]
metadata                (read             ) [ 00000000000000000]
packed_k0               (read             ) [ 00000000000000000]
packed_k1               (read             ) [ 00000000000000000]
key_chunk_13            (trunc            ) [ 00000000000000000]
key_chunk_14            (trunc            ) [ 00000000000000000]
key_chunk_15            (partselect       ) [ 00000000000000000]
key_chunk_8             (partselect       ) [ 00000000000000000]
key_chunk_9             (partselect       ) [ 00000000000000000]
key_chunk_10            (partselect       ) [ 00000000000000000]
key_chunk_11            (partselect       ) [ 00000000000000000]
key_chunk_12            (partselect       ) [ 00000000000000000]
key_shift_6             (trunc            ) [ 00000000000000000]
key_shift_7             (partselect       ) [ 00000000000000000]
key_shift_4             (partselect       ) [ 00000000000000000]
key_shift_5             (partselect       ) [ 00000000000000000]
store_ln847             (store            ) [ 00000000000000000]
store_ln847             (store            ) [ 00000000000000000]
store_ln847             (store            ) [ 00000000000000000]
store_ln847             (store            ) [ 00000000000000000]
store_ln846             (store            ) [ 00000000000000000]
store_ln846             (store            ) [ 00000000000000000]
store_ln846             (store            ) [ 00000000000000000]
store_ln846             (store            ) [ 00000000000000000]
store_ln846             (store            ) [ 00000000000000000]
store_ln846             (store            ) [ 00000000000000000]
store_ln846             (store            ) [ 00000000000000000]
store_ln846             (store            ) [ 00000000000000000]
br_ln887                (br               ) [ 00000000000000000]
zext_ln897              (zext             ) [ 00000000000000000]
query_0_addr            (getelementptr    ) [ 01010000000000000]
query_1_addr            (getelementptr    ) [ 01010000000000000]
query_2_addr            (getelementptr    ) [ 01010000000000000]
query_3_addr            (getelementptr    ) [ 01010000000000000]
query_4_addr            (getelementptr    ) [ 01010000000000000]
query_5_addr            (getelementptr    ) [ 01010000000000000]
query_6_addr            (getelementptr    ) [ 01010000000000000]
query_7_addr            (getelementptr    ) [ 01010000000000000]
query_8_addr            (getelementptr    ) [ 01010000000000000]
query_9_addr            (getelementptr    ) [ 01010000000000000]
query_10_addr           (getelementptr    ) [ 01010000000000000]
query_11_addr           (getelementptr    ) [ 01010000000000000]
query_12_addr           (getelementptr    ) [ 01010000000000000]
query_13_addr           (getelementptr    ) [ 01010000000000000]
query_14_addr           (getelementptr    ) [ 01010000000000000]
query_15_addr           (getelementptr    ) [ 01010000000000000]
key_chunk_16            (load             ) [ 00000000000000000]
key_chunk_17            (load             ) [ 00000000000000000]
key_chunk_18            (load             ) [ 00000000000000000]
key_chunk_19            (load             ) [ 00000000000000000]
key_chunk_20            (load             ) [ 00000000000000000]
key_chunk_21            (load             ) [ 00000000000000000]
key_chunk_22            (load             ) [ 00000000000000000]
key_chunk_23            (load             ) [ 00000000000000000]
key_shift_8             (load             ) [ 00000000000000000]
key_shift_9             (load             ) [ 00000000000000000]
key_shift_10            (load             ) [ 00000000000000000]
key_shift_11            (load             ) [ 00000000000000000]
query_raw               (load             ) [ 01001000000000000]
query_raw_1             (load             ) [ 01001000000000000]
query_raw_2             (load             ) [ 01001000000000000]
query_raw_3             (load             ) [ 01001000000000000]
query_raw_4             (load             ) [ 01001000000000000]
query_raw_5             (load             ) [ 01001000000000000]
query_raw_6             (load             ) [ 01001000000000000]
query_raw_7             (load             ) [ 01001000000000000]
query_raw_8             (load             ) [ 01001000000000000]
query_raw_9             (load             ) [ 01001000000000000]
query_raw_10            (load             ) [ 01001000000000000]
query_raw_11            (load             ) [ 01001000000000000]
query_raw_12            (load             ) [ 01001000000000000]
query_raw_13            (load             ) [ 01001000000000000]
query_raw_14            (load             ) [ 01001000000000000]
query_raw_15            (load             ) [ 01001000000000000]
compressed              (sparsemux        ) [ 00000000000000000]
shift                   (sparsemux        ) [ 01001111000000000]
key                     (trunc            ) [ 01001000000000000]
key_1                   (partselect       ) [ 01001000000000000]
key_2                   (partselect       ) [ 01001000000000000]
key_3                   (partselect       ) [ 01001000000000000]
key_4                   (partselect       ) [ 01001000000000000]
key_5                   (partselect       ) [ 01001000000000000]
key_6                   (partselect       ) [ 01001000000000000]
key_7                   (partselect       ) [ 01001000000000000]
key_8                   (partselect       ) [ 01001000000000000]
key_9                   (partselect       ) [ 01001000000000000]
key_10                  (partselect       ) [ 01001000000000000]
key_11                  (partselect       ) [ 01001000000000000]
key_12                  (partselect       ) [ 01001000000000000]
key_13                  (partselect       ) [ 01001000000000000]
key_14                  (partselect       ) [ 01001000000000000]
key_15                  (partselect       ) [ 01001000000000000]
icmp_ln909              (icmp             ) [ 01001111110000000]
icmp_ln913              (icmp             ) [ 01001111111111111]
br_ln913                (br               ) [ 00000000000000000]
sext_ln791              (sext             ) [ 01000100000000000]
sext_ln791_1            (sext             ) [ 01000100000000000]
sext_ln791_2            (sext             ) [ 01000100000000000]
sext_ln791_3            (sext             ) [ 01000100000000000]
sext_ln791_4            (sext             ) [ 01000100000000000]
sext_ln791_5            (sext             ) [ 01000100000000000]
sext_ln791_6            (sext             ) [ 01000100000000000]
sext_ln791_7            (sext             ) [ 01000100000000000]
sext_ln791_8            (sext             ) [ 01000100000000000]
sext_ln791_9            (sext             ) [ 01000100000000000]
sext_ln791_10           (sext             ) [ 01000100000000000]
sext_ln791_11           (sext             ) [ 01000100000000000]
sext_ln791_12           (sext             ) [ 01000100000000000]
sext_ln791_13           (sext             ) [ 01000100000000000]
sext_ln791_14           (sext             ) [ 01000100000000000]
sext_ln791_15           (sext             ) [ 01000100000000000]
sext_ln791_16           (sext             ) [ 01000100000000000]
sext_ln791_17           (sext             ) [ 01000100000000000]
sext_ln791_18           (sext             ) [ 01000100000000000]
sext_ln791_19           (sext             ) [ 01000100000000000]
sext_ln791_20           (sext             ) [ 01000100000000000]
sext_ln791_21           (sext             ) [ 01000100000000000]
sext_ln791_22           (sext             ) [ 01000100000000000]
sext_ln791_23           (sext             ) [ 01000100000000000]
sext_ln791_24           (sext             ) [ 01000100000000000]
sext_ln791_25           (sext             ) [ 01000100000000000]
sext_ln791_26           (sext             ) [ 01000100000000000]
sext_ln791_27           (sext             ) [ 01000100000000000]
sext_ln791_28           (sext             ) [ 01000100000000000]
sext_ln791_29           (sext             ) [ 01000100000000000]
sext_ln791_30           (sext             ) [ 01000100000000000]
sext_ln791_31           (sext             ) [ 01000100000000000]
mul_ln791               (mul              ) [ 01000010000000000]
mul_ln791_1             (mul              ) [ 01000010000000000]
mul_ln791_2             (mul              ) [ 01000010000000000]
mul_ln791_3             (mul              ) [ 01000010000000000]
mul_ln791_4             (mul              ) [ 01000010000000000]
mul_ln791_5             (mul              ) [ 01000010000000000]
mul_ln791_6             (mul              ) [ 01000010000000000]
mul_ln791_7             (mul              ) [ 01000010000000000]
mul_ln791_8             (mul              ) [ 01000010000000000]
mul_ln791_9             (mul              ) [ 01000010000000000]
mul_ln791_10            (mul              ) [ 01000010000000000]
mul_ln791_11            (mul              ) [ 01000010000000000]
mul_ln791_12            (mul              ) [ 01000010000000000]
mul_ln791_13            (mul              ) [ 01000010000000000]
mul_ln791_14            (mul              ) [ 01000010000000000]
mul_ln791_15            (mul              ) [ 01000010000000000]
sext_ln797              (sext             ) [ 00000000000000000]
sext_ln798              (sext             ) [ 00000000000000000]
add_ln797               (add              ) [ 00000000000000000]
sext_ln797_1            (sext             ) [ 00000000000000000]
sext_ln798_1            (sext             ) [ 00000000000000000]
add_ln797_1             (add              ) [ 00000000000000000]
sext_ln797_2            (sext             ) [ 00000000000000000]
sext_ln798_2            (sext             ) [ 00000000000000000]
add_ln797_2             (add              ) [ 00000000000000000]
sext_ln797_3            (sext             ) [ 00000000000000000]
sext_ln798_3            (sext             ) [ 00000000000000000]
add_ln797_3             (add              ) [ 00000000000000000]
sext_ln797_4            (sext             ) [ 00000000000000000]
sext_ln798_4            (sext             ) [ 00000000000000000]
add_ln797_4             (add              ) [ 00000000000000000]
sext_ln797_5            (sext             ) [ 00000000000000000]
sext_ln798_5            (sext             ) [ 00000000000000000]
add_ln797_5             (add              ) [ 00000000000000000]
sext_ln797_6            (sext             ) [ 00000000000000000]
sext_ln798_6            (sext             ) [ 00000000000000000]
add_ln797_6             (add              ) [ 00000000000000000]
sext_ln797_7            (sext             ) [ 00000000000000000]
sext_ln798_7            (sext             ) [ 00000000000000000]
add_ln797_7             (add              ) [ 00000000000000000]
sext_ln804              (sext             ) [ 00000000000000000]
sext_ln805              (sext             ) [ 00000000000000000]
add_ln804               (add              ) [ 01000001000000000]
sext_ln804_1            (sext             ) [ 00000000000000000]
sext_ln805_1            (sext             ) [ 00000000000000000]
add_ln804_1             (add              ) [ 01000001000000000]
sext_ln804_2            (sext             ) [ 00000000000000000]
sext_ln805_2            (sext             ) [ 00000000000000000]
add_ln804_2             (add              ) [ 01000001000000000]
sext_ln804_3            (sext             ) [ 00000000000000000]
sext_ln805_3            (sext             ) [ 00000000000000000]
add_ln804_3             (add              ) [ 01000001000000000]
sext_ln811              (sext             ) [ 00000000000000000]
sext_ln812              (sext             ) [ 00000000000000000]
add_ln811               (add              ) [ 00000000000000000]
sext_ln811_1            (sext             ) [ 00000000000000000]
sext_ln812_1            (sext             ) [ 00000000000000000]
add_ln811_1             (add              ) [ 00000000000000000]
sext_ln815              (sext             ) [ 00000000000000000]
sext_ln815_1            (sext             ) [ 00000000000000000]
sum                     (add              ) [ 01000000100000000]
icmp_ln821              (icmp             ) [ 01000000100000000]
add_ln822               (add              ) [ 01000000100000000]
sub_ln824               (sub              ) [ 01000000100000000]
sub_ln824_1             (sub              ) [ 01000000100000000]
add_ln822cast           (zext             ) [ 00000000000000000]
scaled_1                (shl              ) [ 00000000000000000]
tmp                     (bitselect        ) [ 00000000000000000]
sext_ln824              (sext             ) [ 00000000000000000]
sext_ln824cast          (zext             ) [ 00000000000000000]
scaled_2                (shl              ) [ 00000000000000000]
sub_ln824cast           (zext             ) [ 00000000000000000]
scaled_3                (ashr             ) [ 00000000000000000]
xor_ln821               (xor              ) [ 00000000000000000]
and_ln824               (and              ) [ 00000000000000000]
select_ln821            (select           ) [ 00000000000000000]
scaled                  (select           ) [ 00000000000000000]
store_ln850             (store            ) [ 00000000000000000]
br_ln903                (br               ) [ 00000000000000000]
group_first_half_load   (load             ) [ 00000000000000000]
group_dot               (add              ) [ 01000000010000000]
token_dot_load          (load             ) [ 00000000000000000]
next_dot                (add              ) [ 00000000000000000]
group_dot_2             (select           ) [ 01000000001000000]
store_ln851             (store            ) [ 00000000000000000]
br_ln0                  (br               ) [ 00000000000000000]
sext_ln915              (sext             ) [ 01000000000111100]
mul_ln916               (mul              ) [ 01000000000000010]
specfucore_ln916        (specfucore       ) [ 00000000000000000]
tmp_164                 (bitselect        ) [ 01000000000000010]
trunc_ln915             (trunc            ) [ 01000000000000010]
tmp_s                   (partselect       ) [ 01000000000000010]
score                   (partselect       ) [ 00000000000000000]
tmp_165                 (bitselect        ) [ 00000000000000000]
tmp_166                 (bitselect        ) [ 00000000000000000]
icmp_ln915              (icmp             ) [ 00000000000000000]
tmp_167                 (bitselect        ) [ 00000000000000000]
or_ln915                (or               ) [ 00000000000000000]
and_ln915               (and              ) [ 00000000000000000]
zext_ln915              (zext             ) [ 00000000000000000]
score_1                 (add              ) [ 01000000000000001]
tmp_168                 (bitselect        ) [ 00000000000000000]
xor_ln915               (xor              ) [ 00000000000000000]
and_ln915_1             (and              ) [ 00000000000000000]
icmp_ln915_1            (icmp             ) [ 00000000000000000]
icmp_ln915_2            (icmp             ) [ 00000000000000000]
select_ln915            (select           ) [ 00000000000000000]
tmp_169                 (bitselect        ) [ 00000000000000000]
xor_ln915_4             (xor              ) [ 00000000000000000]
and_ln915_2             (and              ) [ 00000000000000000]
select_ln915_1          (select           ) [ 00000000000000000]
and_ln915_3             (and              ) [ 00000000000000000]
xor_ln915_1             (xor              ) [ 00000000000000000]
or_ln915_1              (or               ) [ 00000000000000000]
xor_ln915_2             (xor              ) [ 00000000000000000]
and_ln915_4             (and              ) [ 01000000000000001]
and_ln915_5             (and              ) [ 00000000000000000]
or_ln915_3              (or               ) [ 00000000000000000]
xor_ln915_3             (xor              ) [ 00000000000000000]
and_ln915_6             (and              ) [ 00000000000000000]
or_ln915_2              (or               ) [ 01000000000000001]
rbegin                  (specregionbegin  ) [ 00000000000000000]
select_ln915_2          (select           ) [ 00000000000000000]
score_2                 (select           ) [ 00000000000000000]
rend                    (specregionend    ) [ 00000000000000000]
write_ln917             (write            ) [ 00000000000000000]
br_ln918                (br               ) [ 00000000000000000]
ret_ln0                 (ret              ) [ 00000000000000000]
</LifeTime>

<model>

<comp_list>
<comp id="0" class="1000" name="total_phases">
<pin_list>
<pin id="1" dir="1" index="0" bw="1" slack="0"/>
</pin_list>
<bind>
<StgValue><ssdm name="total_phases"/></StgValue>
</bind>
</comp>

<comp id="2" class="1000" name="query_0">
<pin_list>
<pin id="3" dir="1" index="0" bw="1" slack="0"/>
</pin_list>
<bind>
<StgValue><ssdm name="query_0"/><MemPortTyVec>1 </MemPortTyVec>
</StgValue>
</bind>
</comp>

<comp id="4" class="1000" name="query_1">
<pin_list>
<pin id="5" dir="1" index="0" bw="1" slack="0"/>
</pin_list>
<bind>
<StgValue><ssdm name="query_1"/><MemPortTyVec>1 </MemPortTyVec>
</StgValue>
</bind>
</comp>

<comp id="6" class="1000" name="query_2">
<pin_list>
<pin id="7" dir="1" index="0" bw="1" slack="0"/>
</pin_list>
<bind>
<StgValue><ssdm name="query_2"/><MemPortTyVec>1 </MemPortTyVec>
</StgValue>
</bind>
</comp>

<comp id="8" class="1000" name="query_3">
<pin_list>
<pin id="9" dir="1" index="0" bw="1" slack="0"/>
</pin_list>
<bind>
<StgValue><ssdm name="query_3"/><MemPortTyVec>1 </MemPortTyVec>
</StgValue>
</bind>
</comp>

<comp id="10" class="1000" name="query_4">
<pin_list>
<pin id="11" dir="1" index="0" bw="1" slack="0"/>
</pin_list>
<bind>
<StgValue><ssdm name="query_4"/><MemPortTyVec>1 </MemPortTyVec>
</StgValue>
</bind>
</comp>

<comp id="12" class="1000" name="query_5">
<pin_list>
<pin id="13" dir="1" index="0" bw="1" slack="0"/>
</pin_list>
<bind>
<StgValue><ssdm name="query_5"/><MemPortTyVec>1 </MemPortTyVec>
</StgValue>
</bind>
</comp>

<comp id="14" class="1000" name="query_6">
<pin_list>
<pin id="15" dir="1" index="0" bw="1" slack="0"/>
</pin_list>
<bind>
<StgValue><ssdm name="query_6"/><MemPortTyVec>1 </MemPortTyVec>
</StgValue>
</bind>
</comp>

<comp id="16" class="1000" name="query_7">
<pin_list>
<pin id="17" dir="1" index="0" bw="1" slack="0"/>
</pin_list>
<bind>
<StgValue><ssdm name="query_7"/><MemPortTyVec>1 </MemPortTyVec>
</StgValue>
</bind>
</comp>

<comp id="18" class="1000" name="query_8">
<pin_list>
<pin id="19" dir="1" index="0" bw="1" slack="0"/>
</pin_list>
<bind>
<StgValue><ssdm name="query_8"/><MemPortTyVec>1 </MemPortTyVec>
</StgValue>
</bind>
</comp>

<comp id="20" class="1000" name="query_9">
<pin_list>
<pin id="21" dir="1" index="0" bw="1" slack="0"/>
</pin_list>
<bind>
<StgValue><ssdm name="query_9"/><MemPortTyVec>1 </MemPortTyVec>
</StgValue>
</bind>
</comp>

<comp id="22" class="1000" name="query_10">
<pin_list>
<pin id="23" dir="1" index="0" bw="1" slack="0"/>
</pin_list>
<bind>
<StgValue><ssdm name="query_10"/><MemPortTyVec>1 </MemPortTyVec>
</StgValue>
</bind>
</comp>

<comp id="24" class="1000" name="query_11">
<pin_list>
<pin id="25" dir="1" index="0" bw="1" slack="0"/>
</pin_list>
<bind>
<StgValue><ssdm name="query_11"/><MemPortTyVec>1 </MemPortTyVec>
</StgValue>
</bind>
</comp>

<comp id="26" class="1000" name="query_12">
<pin_list>
<pin id="27" dir="1" index="0" bw="1" slack="0"/>
</pin_list>
<bind>
<StgValue><ssdm name="query_12"/><MemPortTyVec>1 </MemPortTyVec>
</StgValue>
</bind>
</comp>

<comp id="28" class="1000" name="query_13">
<pin_list>
<pin id="29" dir="1" index="0" bw="1" slack="0"/>
</pin_list>
<bind>
<StgValue><ssdm name="query_13"/><MemPortTyVec>1 </MemPortTyVec>
</StgValue>
</bind>
</comp>

<comp id="30" class="1000" name="query_14">
<pin_list>
<pin id="31" dir="1" index="0" bw="1" slack="0"/>
</pin_list>
<bind>
<StgValue><ssdm name="query_14"/><MemPortTyVec>1 </MemPortTyVec>
</StgValue>
</bind>
</comp>

<comp id="32" class="1000" name="query_15">
<pin_list>
<pin id="33" dir="1" index="0" bw="1" slack="0"/>
</pin_list>
<bind>
<StgValue><ssdm name="query_15"/><MemPortTyVec>1 </MemPortTyVec>
</StgValue>
</bind>
</comp>

<comp id="34" class="1000" name="key_metadata_stream">
<pin_list>
<pin id="35" dir="1" index="0" bw="1" slack="0"/>
</pin_list>
<bind>
<StgValue><ssdm name="key_metadata_stream"/></StgValue>
</bind>
</comp>

<comp id="36" class="1000" name="key0_stream">
<pin_list>
<pin id="37" dir="1" index="0" bw="1" slack="0"/>
</pin_list>
<bind>
<StgValue><ssdm name="key0_stream"/></StgValue>
</bind>
</comp>

<comp id="38" class="1000" name="key1_stream">
<pin_list>
<pin id="39" dir="1" index="0" bw="1" slack="0"/>
</pin_list>
<bind>
<StgValue><ssdm name="key1_stream"/></StgValue>
</bind>
</comp>

<comp id="40" class="1000" name="score_stream">
<pin_list>
<pin id="41" dir="1" index="0" bw="1" slack="0"/>
</pin_list>
<bind>
<StgValue><ssdm name="score_stream"/></StgValue>
</bind>
</comp>

<comp id="42" class="1001" name="const_42">
<pin_list>
<pin id="43" dir="1" index="0" bw="1" slack="0"/>
</pin_list>
<bind>
<StgValue><ssdm name=""/></StgValue>
</bind>
</comp>

<comp id="44" class="1001" name="const_44">
<pin_list>
<pin id="45" dir="1" index="0" bw="1" slack="2147483647"/>
</pin_list>
<bind>
<StgValue><ssdm name="_ssdm_op_SpecMemCore"/></StgValue>
</bind>
</comp>

<comp id="46" class="1001" name="const_46">
<pin_list>
<pin id="47" dir="1" index="0" bw="1" slack="2147483647"/>
</pin_list>
<bind>
<StgValue><ssdm name=""/></StgValue>
</bind>
</comp>

<comp id="48" class="1001" name="const_48">
<pin_list>
<pin id="49" dir="1" index="0" bw="1" slack="2147483647"/>
</pin_list>
<bind>
<StgValue><ssdm name=""/></StgValue>
</bind>
</comp>

<comp id="50" class="1001" name="const_50">
<pin_list>
<pin id="51" dir="1" index="0" bw="1" slack="2147483647"/>
</pin_list>
<bind>
<StgValue><ssdm name=""/></StgValue>
</bind>
</comp>

<comp id="52" class="1001" name="const_52">
<pin_list>
<pin id="53" dir="1" index="0" bw="1" slack="2147483647"/>
</pin_list>
<bind>
<StgValue><ssdm name=""/></StgValue>
</bind>
</comp>

<comp id="54" class="1001" name="const_54">
<pin_list>
<pin id="55" dir="1" index="0" bw="1" slack="2147483647"/>
</pin_list>
<bind>
<StgValue><ssdm name=""/></StgValue>
</bind>
</comp>

<comp id="56" class="1001" name="const_56">
<pin_list>
<pin id="57" dir="1" index="0" bw="1" slack="2147483647"/>
</pin_list>
<bind>
<StgValue><ssdm name="_ssdm_op_SpecInterface"/></StgValue>
</bind>
</comp>

<comp id="58" class="1001" name="const_58">
<pin_list>
<pin id="59" dir="1" index="0" bw="1" slack="2147483647"/>
</pin_list>
<bind>
<StgValue><ssdm name="empty_447"/></StgValue>
</bind>
</comp>

<comp id="60" class="1001" name="const_60">
<pin_list>
<pin id="61" dir="1" index="0" bw="1" slack="2147483647"/>
</pin_list>
<bind>
<StgValue><ssdm name=""/></StgValue>
</bind>
</comp>

<comp id="62" class="1001" name="const_62">
<pin_list>
<pin id="63" dir="1" index="0" bw="1" slack="2147483647"/>
</pin_list>
<bind>
<StgValue><ssdm name="empty_418"/></StgValue>
</bind>
</comp>

<comp id="64" class="1001" name="const_64">
<pin_list>
<pin id="65" dir="1" index="0" bw="1" slack="2147483647"/>
</pin_list>
<bind>
<StgValue><ssdm name=""/></StgValue>
</bind>
</comp>

<comp id="66" class="1001" name="const_66">
<pin_list>
<pin id="67" dir="1" index="0" bw="1" slack="0"/>
</pin_list>
<bind>
<StgValue><ssdm name="_ssdm_op_Read.ap_auto.i16"/></StgValue>
</bind>
</comp>

<comp id="68" class="1001" name="const_68">
<pin_list>
<pin id="69" dir="1" index="0" bw="1" slack="0"/>
</pin_list>
<bind>
<StgValue><ssdm name=""/></StgValue>
</bind>
</comp>

<comp id="70" class="1001" name="const_70">
<pin_list>
<pin id="71" dir="1" index="0" bw="1" slack="0"/>
</pin_list>
<bind>
<StgValue><ssdm name=""/></StgValue>
</bind>
</comp>

<comp id="72" class="1001" name="const_72">
<pin_list>
<pin id="73" dir="1" index="0" bw="1" slack="0"/>
</pin_list>
<bind>
<StgValue><ssdm name=""/></StgValue>
</bind>
</comp>

<comp id="74" class="1001" name="const_74">
<pin_list>
<pin id="75" dir="1" index="0" bw="1" slack="2147483647"/>
</pin_list>
<bind>
<StgValue><ssdm name="_ssdm_op_SpecPipeline"/></StgValue>
</bind>
</comp>

<comp id="76" class="1001" name="const_76">
<pin_list>
<pin id="77" dir="1" index="0" bw="1" slack="2147483647"/>
</pin_list>
<bind>
<StgValue><ssdm name="_ssdm_op_SpecLoopTripCount"/></StgValue>
</bind>
</comp>

<comp id="78" class="1001" name="const_78">
<pin_list>
<pin id="79" dir="1" index="0" bw="1" slack="2147483647"/>
</pin_list>
<bind>
<StgValue><ssdm name=""/></StgValue>
</bind>
</comp>

<comp id="80" class="1001" name="const_80">
<pin_list>
<pin id="81" dir="1" index="0" bw="1" slack="2147483647"/>
</pin_list>
<bind>
<StgValue><ssdm name=""/></StgValue>
</bind>
</comp>

<comp id="82" class="1001" name="const_82">
<pin_list>
<pin id="83" dir="1" index="0" bw="1" slack="2147483647"/>
</pin_list>
<bind>
<StgValue><ssdm name=""/></StgValue>
</bind>
</comp>

<comp id="84" class="1001" name="const_84">
<pin_list>
<pin id="85" dir="1" index="0" bw="1" slack="2147483647"/>
</pin_list>
<bind>
<StgValue><ssdm name="_ssdm_op_SpecLoopName"/></StgValue>
</bind>
</comp>

<comp id="86" class="1001" name="const_86">
<pin_list>
<pin id="87" dir="1" index="0" bw="1" slack="2147483647"/>
</pin_list>
<bind>
<StgValue><ssdm name="empty_467"/></StgValue>
</bind>
</comp>

<comp id="88" class="1001" name="const_88">
<pin_list>
<pin id="89" dir="1" index="0" bw="1" slack="0"/>
</pin_list>
<bind>
<StgValue><ssdm name=""/></StgValue>
</bind>
</comp>

<comp id="90" class="1001" name="const_90">
<pin_list>
<pin id="91" dir="1" index="0" bw="1" slack="0"/>
</pin_list>
<bind>
<StgValue><ssdm name="_ssdm_op_PartSelect.i2.i16.i32.i32"/></StgValue>
</bind>
</comp>

<comp id="92" class="1001" name="const_92">
<pin_list>
<pin id="93" dir="1" index="0" bw="1" slack="0"/>
</pin_list>
<bind>
<StgValue><ssdm name=""/></StgValue>
</bind>
</comp>

<comp id="94" class="1001" name="const_94">
<pin_list>
<pin id="95" dir="1" index="0" bw="1" slack="0"/>
</pin_list>
<bind>
<StgValue><ssdm name="_ssdm_op_Read.ap_fifo.volatile.i40P0A"/></StgValue>
</bind>
</comp>

<comp id="96" class="1001" name="const_96">
<pin_list>
<pin id="97" dir="1" index="0" bw="1" slack="0"/>
</pin_list>
<bind>
<StgValue><ssdm name="_ssdm_op_Read.ap_fifo.volatile.i512P0A"/></StgValue>
</bind>
</comp>

<comp id="98" class="1001" name="const_98">
<pin_list>
<pin id="99" dir="1" index="0" bw="1" slack="0"/>
</pin_list>
<bind>
<StgValue><ssdm name="_ssdm_op_PartSelect.i128.i512.i32.i32"/></StgValue>
</bind>
</comp>

<comp id="100" class="1001" name="const_100">
<pin_list>
<pin id="101" dir="1" index="0" bw="1" slack="0"/>
</pin_list>
<bind>
<StgValue><ssdm name=""/></StgValue>
</bind>
</comp>

<comp id="102" class="1001" name="const_102">
<pin_list>
<pin id="103" dir="1" index="0" bw="1" slack="0"/>
</pin_list>
<bind>
<StgValue><ssdm name=""/></StgValue>
</bind>
</comp>

<comp id="104" class="1001" name="const_104">
<pin_list>
<pin id="105" dir="1" index="0" bw="1" slack="0"/>
</pin_list>
<bind>
<StgValue><ssdm name=""/></StgValue>
</bind>
</comp>

<comp id="106" class="1001" name="const_106">
<pin_list>
<pin id="107" dir="1" index="0" bw="1" slack="0"/>
</pin_list>
<bind>
<StgValue><ssdm name=""/></StgValue>
</bind>
</comp>

<comp id="108" class="1001" name="const_108">
<pin_list>
<pin id="109" dir="1" index="0" bw="1" slack="0"/>
</pin_list>
<bind>
<StgValue><ssdm name=""/></StgValue>
</bind>
</comp>

<comp id="110" class="1001" name="const_110">
<pin_list>
<pin id="111" dir="1" index="0" bw="1" slack="0"/>
</pin_list>
<bind>
<StgValue><ssdm name=""/></StgValue>
</bind>
</comp>

<comp id="112" class="1001" name="const_112">
<pin_list>
<pin id="113" dir="1" index="0" bw="1" slack="0"/>
</pin_list>
<bind>
<StgValue><ssdm name="_ssdm_op_PartSelect.i5.i40.i32.i32"/></StgValue>
</bind>
</comp>

<comp id="114" class="1001" name="const_114">
<pin_list>
<pin id="115" dir="1" index="0" bw="1" slack="0"/>
</pin_list>
<bind>
<StgValue><ssdm name=""/></StgValue>
</bind>
</comp>

<comp id="116" class="1001" name="const_116">
<pin_list>
<pin id="117" dir="1" index="0" bw="1" slack="0"/>
</pin_list>
<bind>
<StgValue><ssdm name=""/></StgValue>
</bind>
</comp>

<comp id="118" class="1001" name="const_118">
<pin_list>
<pin id="119" dir="1" index="0" bw="1" slack="0"/>
</pin_list>
<bind>
<StgValue><ssdm name=""/></StgValue>
</bind>
</comp>

<comp id="120" class="1001" name="const_120">
<pin_list>
<pin id="121" dir="1" index="0" bw="1" slack="0"/>
</pin_list>
<bind>
<StgValue><ssdm name=""/></StgValue>
</bind>
</comp>

<comp id="122" class="1001" name="const_122">
<pin_list>
<pin id="123" dir="1" index="0" bw="1" slack="0"/>
</pin_list>
<bind>
<StgValue><ssdm name=""/></StgValue>
</bind>
</comp>

<comp id="124" class="1001" name="const_124">
<pin_list>
<pin id="125" dir="1" index="0" bw="1" slack="0"/>
</pin_list>
<bind>
<StgValue><ssdm name=""/></StgValue>
</bind>
</comp>

<comp id="126" class="1001" name="const_126">
<pin_list>
<pin id="127" dir="1" index="0" bw="1" slack="0"/>
</pin_list>
<bind>
<StgValue><ssdm name=""/></StgValue>
</bind>
</comp>

<comp id="128" class="1001" name="const_128">
<pin_list>
<pin id="129" dir="1" index="0" bw="1" slack="0"/>
</pin_list>
<bind>
<StgValue><ssdm name="_ssdm_op_SparseMux.ap_auto.8i128.i128.i3"/></StgValue>
</bind>
</comp>

<comp id="130" class="1001" name="const_130">
<pin_list>
<pin id="131" dir="1" index="0" bw="1" slack="0"/>
</pin_list>
<bind>
<StgValue><ssdm name=""/></StgValue>
</bind>
</comp>

<comp id="132" class="1001" name="const_132">
<pin_list>
<pin id="133" dir="1" index="0" bw="1" slack="0"/>
</pin_list>
<bind>
<StgValue><ssdm name=""/></StgValue>
</bind>
</comp>

<comp id="134" class="1001" name="const_134">
<pin_list>
<pin id="135" dir="1" index="0" bw="1" slack="0"/>
</pin_list>
<bind>
<StgValue><ssdm name=""/></StgValue>
</bind>
</comp>

<comp id="136" class="1001" name="const_136">
<pin_list>
<pin id="137" dir="1" index="0" bw="1" slack="0"/>
</pin_list>
<bind>
<StgValue><ssdm name=""/></StgValue>
</bind>
</comp>

<comp id="138" class="1001" name="const_138">
<pin_list>
<pin id="139" dir="1" index="0" bw="1" slack="0"/>
</pin_list>
<bind>
<StgValue><ssdm name=""/></StgValue>
</bind>
</comp>

<comp id="140" class="1001" name="const_140">
<pin_list>
<pin id="141" dir="1" index="0" bw="1" slack="0"/>
</pin_list>
<bind>
<StgValue><ssdm name=""/></StgValue>
</bind>
</comp>

<comp id="142" class="1001" name="const_142">
<pin_list>
<pin id="143" dir="1" index="0" bw="1" slack="0"/>
</pin_list>
<bind>
<StgValue><ssdm name=""/></StgValue>
</bind>
</comp>

<comp id="144" class="1001" name="const_144">
<pin_list>
<pin id="145" dir="1" index="0" bw="1" slack="0"/>
</pin_list>
<bind>
<StgValue><ssdm name=""/></StgValue>
</bind>
</comp>

<comp id="146" class="1001" name="const_146">
<pin_list>
<pin id="147" dir="1" index="0" bw="1" slack="0"/>
</pin_list>
<bind>
<StgValue><ssdm name="_ssdm_op_SparseMux.ap_auto.4i5.i5.i2"/></StgValue>
</bind>
</comp>

<comp id="148" class="1001" name="const_148">
<pin_list>
<pin id="149" dir="1" index="0" bw="1" slack="0"/>
</pin_list>
<bind>
<StgValue><ssdm name=""/></StgValue>
</bind>
</comp>

<comp id="150" class="1001" name="const_150">
<pin_list>
<pin id="151" dir="1" index="0" bw="1" slack="0"/>
</pin_list>
<bind>
<StgValue><ssdm name=""/></StgValue>
</bind>
</comp>

<comp id="152" class="1001" name="const_152">
<pin_list>
<pin id="153" dir="1" index="0" bw="1" slack="0"/>
</pin_list>
<bind>
<StgValue><ssdm name=""/></StgValue>
</bind>
</comp>

<comp id="154" class="1001" name="const_154">
<pin_list>
<pin id="155" dir="1" index="0" bw="1" slack="0"/>
</pin_list>
<bind>
<StgValue><ssdm name=""/></StgValue>
</bind>
</comp>

<comp id="156" class="1001" name="const_156">
<pin_list>
<pin id="157" dir="1" index="0" bw="1" slack="0"/>
</pin_list>
<bind>
<StgValue><ssdm name=""/></StgValue>
</bind>
</comp>

<comp id="158" class="1001" name="const_158">
<pin_list>
<pin id="159" dir="1" index="0" bw="1" slack="0"/>
</pin_list>
<bind>
<StgValue><ssdm name="_ssdm_op_PartSelect.i8.i128.i32.i32"/></StgValue>
</bind>
</comp>

<comp id="160" class="1001" name="const_160">
<pin_list>
<pin id="161" dir="1" index="0" bw="1" slack="0"/>
</pin_list>
<bind>
<StgValue><ssdm name=""/></StgValue>
</bind>
</comp>

<comp id="162" class="1001" name="const_162">
<pin_list>
<pin id="163" dir="1" index="0" bw="1" slack="0"/>
</pin_list>
<bind>
<StgValue><ssdm name=""/></StgValue>
</bind>
</comp>

<comp id="164" class="1001" name="const_164">
<pin_list>
<pin id="165" dir="1" index="0" bw="1" slack="0"/>
</pin_list>
<bind>
<StgValue><ssdm name=""/></StgValue>
</bind>
</comp>

<comp id="166" class="1001" name="const_166">
<pin_list>
<pin id="167" dir="1" index="0" bw="1" slack="0"/>
</pin_list>
<bind>
<StgValue><ssdm name=""/></StgValue>
</bind>
</comp>

<comp id="168" class="1001" name="const_168">
<pin_list>
<pin id="169" dir="1" index="0" bw="1" slack="0"/>
</pin_list>
<bind>
<StgValue><ssdm name=""/></StgValue>
</bind>
</comp>

<comp id="170" class="1001" name="const_170">
<pin_list>
<pin id="171" dir="1" index="0" bw="1" slack="0"/>
</pin_list>
<bind>
<StgValue><ssdm name=""/></StgValue>
</bind>
</comp>

<comp id="172" class="1001" name="const_172">
<pin_list>
<pin id="173" dir="1" index="0" bw="1" slack="0"/>
</pin_list>
<bind>
<StgValue><ssdm name=""/></StgValue>
</bind>
</comp>

<comp id="174" class="1001" name="const_174">
<pin_list>
<pin id="175" dir="1" index="0" bw="1" slack="0"/>
</pin_list>
<bind>
<StgValue><ssdm name=""/></StgValue>
</bind>
</comp>

<comp id="176" class="1001" name="const_176">
<pin_list>
<pin id="177" dir="1" index="0" bw="1" slack="0"/>
</pin_list>
<bind>
<StgValue><ssdm name=""/></StgValue>
</bind>
</comp>

<comp id="178" class="1001" name="const_178">
<pin_list>
<pin id="179" dir="1" index="0" bw="1" slack="0"/>
</pin_list>
<bind>
<StgValue><ssdm name=""/></StgValue>
</bind>
</comp>

<comp id="180" class="1001" name="const_180">
<pin_list>
<pin id="181" dir="1" index="0" bw="1" slack="0"/>
</pin_list>
<bind>
<StgValue><ssdm name=""/></StgValue>
</bind>
</comp>

<comp id="182" class="1001" name="const_182">
<pin_list>
<pin id="183" dir="1" index="0" bw="1" slack="0"/>
</pin_list>
<bind>
<StgValue><ssdm name=""/></StgValue>
</bind>
</comp>

<comp id="184" class="1001" name="const_184">
<pin_list>
<pin id="185" dir="1" index="0" bw="1" slack="0"/>
</pin_list>
<bind>
<StgValue><ssdm name=""/></StgValue>
</bind>
</comp>

<comp id="186" class="1001" name="const_186">
<pin_list>
<pin id="187" dir="1" index="0" bw="1" slack="0"/>
</pin_list>
<bind>
<StgValue><ssdm name=""/></StgValue>
</bind>
</comp>

<comp id="188" class="1001" name="const_188">
<pin_list>
<pin id="189" dir="1" index="0" bw="1" slack="0"/>
</pin_list>
<bind>
<StgValue><ssdm name=""/></StgValue>
</bind>
</comp>

<comp id="190" class="1001" name="const_190">
<pin_list>
<pin id="191" dir="1" index="0" bw="1" slack="0"/>
</pin_list>
<bind>
<StgValue><ssdm name=""/></StgValue>
</bind>
</comp>

<comp id="192" class="1001" name="const_192">
<pin_list>
<pin id="193" dir="1" index="0" bw="1" slack="0"/>
</pin_list>
<bind>
<StgValue><ssdm name=""/></StgValue>
</bind>
</comp>

<comp id="194" class="1001" name="const_194">
<pin_list>
<pin id="195" dir="1" index="0" bw="1" slack="0"/>
</pin_list>
<bind>
<StgValue><ssdm name=""/></StgValue>
</bind>
</comp>

<comp id="196" class="1001" name="const_196">
<pin_list>
<pin id="197" dir="1" index="0" bw="1" slack="0"/>
</pin_list>
<bind>
<StgValue><ssdm name=""/></StgValue>
</bind>
</comp>

<comp id="198" class="1001" name="const_198">
<pin_list>
<pin id="199" dir="1" index="0" bw="1" slack="0"/>
</pin_list>
<bind>
<StgValue><ssdm name=""/></StgValue>
</bind>
</comp>

<comp id="200" class="1001" name="const_200">
<pin_list>
<pin id="201" dir="1" index="0" bw="1" slack="0"/>
</pin_list>
<bind>
<StgValue><ssdm name=""/></StgValue>
</bind>
</comp>

<comp id="202" class="1001" name="const_202">
<pin_list>
<pin id="203" dir="1" index="0" bw="1" slack="0"/>
</pin_list>
<bind>
<StgValue><ssdm name=""/></StgValue>
</bind>
</comp>

<comp id="204" class="1001" name="const_204">
<pin_list>
<pin id="205" dir="1" index="0" bw="1" slack="0"/>
</pin_list>
<bind>
<StgValue><ssdm name=""/></StgValue>
</bind>
</comp>

<comp id="206" class="1001" name="const_206">
<pin_list>
<pin id="207" dir="1" index="0" bw="1" slack="0"/>
</pin_list>
<bind>
<StgValue><ssdm name=""/></StgValue>
</bind>
</comp>

<comp id="208" class="1001" name="const_208">
<pin_list>
<pin id="209" dir="1" index="0" bw="1" slack="0"/>
</pin_list>
<bind>
<StgValue><ssdm name=""/></StgValue>
</bind>
</comp>

<comp id="210" class="1001" name="const_210">
<pin_list>
<pin id="211" dir="1" index="0" bw="1" slack="0"/>
</pin_list>
<bind>
<StgValue><ssdm name=""/></StgValue>
</bind>
</comp>

<comp id="212" class="1001" name="const_212">
<pin_list>
<pin id="213" dir="1" index="0" bw="1" slack="0"/>
</pin_list>
<bind>
<StgValue><ssdm name=""/></StgValue>
</bind>
</comp>

<comp id="214" class="1001" name="const_214">
<pin_list>
<pin id="215" dir="1" index="0" bw="1" slack="0"/>
</pin_list>
<bind>
<StgValue><ssdm name=""/></StgValue>
</bind>
</comp>

<comp id="216" class="1001" name="const_216">
<pin_list>
<pin id="217" dir="1" index="0" bw="1" slack="0"/>
</pin_list>
<bind>
<StgValue><ssdm name=""/></StgValue>
</bind>
</comp>

<comp id="218" class="1001" name="const_218">
<pin_list>
<pin id="219" dir="1" index="0" bw="1" slack="0"/>
</pin_list>
<bind>
<StgValue><ssdm name=""/></StgValue>
</bind>
</comp>

<comp id="220" class="1001" name="const_220">
<pin_list>
<pin id="221" dir="1" index="0" bw="1" slack="0"/>
</pin_list>
<bind>
<StgValue><ssdm name=""/></StgValue>
</bind>
</comp>

<comp id="222" class="1001" name="const_222">
<pin_list>
<pin id="223" dir="1" index="0" bw="1" slack="0"/>
</pin_list>
<bind>
<StgValue><ssdm name=""/></StgValue>
</bind>
</comp>

<comp id="224" class="1001" name="const_224">
<pin_list>
<pin id="225" dir="1" index="0" bw="1" slack="0"/>
</pin_list>
<bind>
<StgValue><ssdm name=""/></StgValue>
</bind>
</comp>

<comp id="226" class="1001" name="const_226">
<pin_list>
<pin id="227" dir="1" index="0" bw="1" slack="0"/>
</pin_list>
<bind>
<StgValue><ssdm name="_ssdm_op_BitSelect.i1.i5.i32"/></StgValue>
</bind>
</comp>

<comp id="228" class="1001" name="const_228">
<pin_list>
<pin id="229" dir="1" index="0" bw="1" slack="0"/>
</pin_list>
<bind>
<StgValue><ssdm name=""/></StgValue>
</bind>
</comp>

<comp id="230" class="1001" name="const_230">
<pin_list>
<pin id="231" dir="1" index="0" bw="1" slack="0"/>
</pin_list>
<bind>
<StgValue><ssdm name=""/></StgValue>
</bind>
</comp>

<comp id="232" class="1001" name="const_232">
<pin_list>
<pin id="233" dir="1" index="0" bw="1" slack="0"/>
</pin_list>
<bind>
<StgValue><ssdm name=""/></StgValue>
</bind>
</comp>

<comp id="234" class="1001" name="const_234">
<pin_list>
<pin id="235" dir="1" index="0" bw="1" slack="2147483647"/>
</pin_list>
<bind>
<StgValue><ssdm name="_ssdm_op_SpecFUCore"/></StgValue>
</bind>
</comp>

<comp id="236" class="1001" name="const_236">
<pin_list>
<pin id="237" dir="1" index="0" bw="1" slack="2147483647"/>
</pin_list>
<bind>
<StgValue><ssdm name=""/></StgValue>
</bind>
</comp>

<comp id="238" class="1001" name="const_238">
<pin_list>
<pin id="239" dir="1" index="0" bw="1" slack="2147483647"/>
</pin_list>
<bind>
<StgValue><ssdm name=""/></StgValue>
</bind>
</comp>

<comp id="240" class="1001" name="const_240">
<pin_list>
<pin id="241" dir="1" index="0" bw="1" slack="2147483647"/>
</pin_list>
<bind>
<StgValue><ssdm name=""/></StgValue>
</bind>
</comp>

<comp id="242" class="1001" name="const_242">
<pin_list>
<pin id="243" dir="1" index="0" bw="1" slack="0"/>
</pin_list>
<bind>
<StgValue><ssdm name="_ssdm_op_BitSelect.i1.i58.i32"/></StgValue>
</bind>
</comp>

<comp id="244" class="1001" name="const_244">
<pin_list>
<pin id="245" dir="1" index="0" bw="1" slack="0"/>
</pin_list>
<bind>
<StgValue><ssdm name=""/></StgValue>
</bind>
</comp>

<comp id="246" class="1001" name="const_246">
<pin_list>
<pin id="247" dir="1" index="0" bw="1" slack="0"/>
</pin_list>
<bind>
<StgValue><ssdm name="_ssdm_op_PartSelect.i2.i58.i32.i32"/></StgValue>
</bind>
</comp>

<comp id="248" class="1001" name="const_248">
<pin_list>
<pin id="249" dir="1" index="0" bw="1" slack="0"/>
</pin_list>
<bind>
<StgValue><ssdm name="_ssdm_op_PartSelect.i32.i58.i32.i32"/></StgValue>
</bind>
</comp>

<comp id="250" class="1001" name="const_250">
<pin_list>
<pin id="251" dir="1" index="0" bw="1" slack="0"/>
</pin_list>
<bind>
<StgValue><ssdm name=""/></StgValue>
</bind>
</comp>

<comp id="252" class="1001" name="const_252">
<pin_list>
<pin id="253" dir="1" index="0" bw="1" slack="0"/>
</pin_list>
<bind>
<StgValue><ssdm name="_ssdm_op_BitSelect.i1.i32.i32"/></StgValue>
</bind>
</comp>

<comp id="254" class="1001" name="const_254">
<pin_list>
<pin id="255" dir="1" index="0" bw="1" slack="2147483647"/>
</pin_list>
<bind>
<StgValue><ssdm name="_ssdm_op_SpecRegionBegin"/></StgValue>
</bind>
</comp>

<comp id="256" class="1001" name="const_256">
<pin_list>
<pin id="257" dir="1" index="0" bw="1" slack="2147483647"/>
</pin_list>
<bind>
<StgValue><ssdm name="empty_416"/></StgValue>
</bind>
</comp>

<comp id="258" class="1001" name="const_258">
<pin_list>
<pin id="259" dir="1" index="0" bw="1" slack="0"/>
</pin_list>
<bind>
<StgValue><ssdm name=""/></StgValue>
</bind>
</comp>

<comp id="260" class="1001" name="const_260">
<pin_list>
<pin id="261" dir="1" index="0" bw="1" slack="0"/>
</pin_list>
<bind>
<StgValue><ssdm name=""/></StgValue>
</bind>
</comp>

<comp id="262" class="1001" name="const_262">
<pin_list>
<pin id="263" dir="1" index="0" bw="1" slack="2147483647"/>
</pin_list>
<bind>
<StgValue><ssdm name="_ssdm_op_SpecRegionEnd"/></StgValue>
</bind>
</comp>

<comp id="264" class="1001" name="const_264">
<pin_list>
<pin id="265" dir="1" index="0" bw="1" slack="0"/>
</pin_list>
<bind>
<StgValue><ssdm name="_ssdm_op_Write.ap_fifo.volatile.i32P0A"/></StgValue>
</bind>
</comp>

<comp id="266" class="1004" name="dot_phase_fu_266">
<pin_list>
<pin id="267" dir="0" index="0" bw="1" slack="0"/>
<pin id="268" dir="1" index="1" bw="16" slack="0"/>
</pin_list>
<bind>
<opcode="alloca(26) " fcode="alloca"/>
<opset="dot_phase/1 "/>
</bind>
</comp>

<comp id="270" class="1004" name="group_first_half_fu_270">
<pin_list>
<pin id="271" dir="0" index="0" bw="1" slack="0"/>
<pin id="272" dir="1" index="1" bw="44" slack="0"/>
</pin_list>
<bind>
<opcode="alloca(26) " fcode="alloca"/>
<opset="group_first_half/1 "/>
</bind>
</comp>

<comp id="274" class="1004" name="token_dot_fu_274">
<pin_list>
<pin id="275" dir="0" index="0" bw="1" slack="0"/>
<pin id="276" dir="1" index="1" bw="44" slack="0"/>
</pin_list>
<bind>
<opcode="alloca(26) " fcode="alloca"/>
<opset="token_dot/1 "/>
</bind>
</comp>

<comp id="278" class="1004" name="key_chunk_fu_278">
<pin_list>
<pin id="279" dir="0" index="0" bw="1" slack="0"/>
<pin id="280" dir="1" index="1" bw="128" slack="1"/>
</pin_list>
<bind>
<opcode="alloca(26) " fcode="alloca"/>
<opset="key_chunk/1 "/>
</bind>
</comp>

<comp id="282" class="1004" name="key_chunk_1_fu_282">
<pin_list>
<pin id="283" dir="0" index="0" bw="1" slack="0"/>
<pin id="284" dir="1" index="1" bw="128" slack="1"/>
</pin_list>
<bind>
<opcode="alloca(26) " fcode="alloca"/>
<opset="key_chunk_1/1 "/>
</bind>
</comp>

<comp id="286" class="1004" name="key_chunk_2_fu_286">
<pin_list>
<pin id="287" dir="0" index="0" bw="1" slack="0"/>
<pin id="288" dir="1" index="1" bw="128" slack="1"/>
</pin_list>
<bind>
<opcode="alloca(26) " fcode="alloca"/>
<opset="key_chunk_2/1 "/>
</bind>
</comp>

<comp id="290" class="1004" name="key_chunk_3_fu_290">
<pin_list>
<pin id="291" dir="0" index="0" bw="1" slack="0"/>
<pin id="292" dir="1" index="1" bw="128" slack="1"/>
</pin_list>
<bind>
<opcode="alloca(26) " fcode="alloca"/>
<opset="key_chunk_3/1 "/>
</bind>
</comp>

<comp id="294" class="1004" name="key_chunk_4_fu_294">
<pin_list>
<pin id="295" dir="0" index="0" bw="1" slack="0"/>
<pin id="296" dir="1" index="1" bw="128" slack="1"/>
</pin_list>
<bind>
<opcode="alloca(26) " fcode="alloca"/>
<opset="key_chunk_4/1 "/>
</bind>
</comp>

<comp id="298" class="1004" name="key_chunk_5_fu_298">
<pin_list>
<pin id="299" dir="0" index="0" bw="1" slack="0"/>
<pin id="300" dir="1" index="1" bw="128" slack="1"/>
</pin_list>
<bind>
<opcode="alloca(26) " fcode="alloca"/>
<opset="key_chunk_5/1 "/>
</bind>
</comp>

<comp id="302" class="1004" name="key_chunk_6_fu_302">
<pin_list>
<pin id="303" dir="0" index="0" bw="1" slack="0"/>
<pin id="304" dir="1" index="1" bw="128" slack="1"/>
</pin_list>
<bind>
<opcode="alloca(26) " fcode="alloca"/>
<opset="key_chunk_6/1 "/>
</bind>
</comp>

<comp id="306" class="1004" name="key_chunk_7_fu_306">
<pin_list>
<pin id="307" dir="0" index="0" bw="1" slack="0"/>
<pin id="308" dir="1" index="1" bw="128" slack="1"/>
</pin_list>
<bind>
<opcode="alloca(26) " fcode="alloca"/>
<opset="key_chunk_7/1 "/>
</bind>
</comp>

<comp id="310" class="1004" name="key_shift_fu_310">
<pin_list>
<pin id="311" dir="0" index="0" bw="1" slack="0"/>
<pin id="312" dir="1" index="1" bw="5" slack="1"/>
</pin_list>
<bind>
<opcode="alloca(26) " fcode="alloca"/>
<opset="key_shift/1 "/>
</bind>
</comp>

<comp id="314" class="1004" name="key_shift_1_fu_314">
<pin_list>
<pin id="315" dir="0" index="0" bw="1" slack="0"/>
<pin id="316" dir="1" index="1" bw="5" slack="1"/>
</pin_list>
<bind>
<opcode="alloca(26) " fcode="alloca"/>
<opset="key_shift_1/1 "/>
</bind>
</comp>

<comp id="318" class="1004" name="key_shift_2_fu_318">
<pin_list>
<pin id="319" dir="0" index="0" bw="1" slack="0"/>
<pin id="320" dir="1" index="1" bw="5" slack="1"/>
</pin_list>
<bind>
<opcode="alloca(26) " fcode="alloca"/>
<opset="key_shift_2/1 "/>
</bind>
</comp>

<comp id="322" class="1004" name="key_shift_3_fu_322">
<pin_list>
<pin id="323" dir="0" index="0" bw="1" slack="0"/>
<pin id="324" dir="1" index="1" bw="5" slack="1"/>
</pin_list>
<bind>
<opcode="alloca(26) " fcode="alloca"/>
<opset="key_shift_3/1 "/>
</bind>
</comp>

<comp id="326" class="1004" name="total_phases_read_read_fu_326">
<pin_list>
<pin id="327" dir="0" index="0" bw="16" slack="0"/>
<pin id="328" dir="0" index="1" bw="16" slack="0"/>
<pin id="329" dir="1" index="2" bw="16" slack="0"/>
</pin_list>
<bind>
<opcode="read(1150) " fcode="read"/>
<opset="total_phases_read/1 "/>
</bind>
</comp>

<comp id="332" class="1004" name="metadata_read_fu_332">
<pin_list>
<pin id="333" dir="0" index="0" bw="40" slack="0"/>
<pin id="334" dir="0" index="1" bw="40" slack="0"/>
<pin id="335" dir="1" index="2" bw="40" slack="0"/>
</pin_list>
<bind>
<opcode="read(1150) " fcode="read"/>
<opset="metadata/2 "/>
</bind>
</comp>

<comp id="338" class="1004" name="packed_k0_read_fu_338">
<pin_list>
<pin id="339" dir="0" index="0" bw="512" slack="0"/>
<pin id="340" dir="0" index="1" bw="512" slack="0"/>
<pin id="341" dir="1" index="2" bw="512" slack="0"/>
</pin_list>
<bind>
<opcode="read(1150) " fcode="read"/>
<opset="packed_k0/2 "/>
</bind>
</comp>

<comp id="344" class="1004" name="packed_k1_read_fu_344">
<pin_list>
<pin id="345" dir="0" index="0" bw="512" slack="0"/>
<pin id="346" dir="0" index="1" bw="512" slack="0"/>
<pin id="347" dir="1" index="2" bw="512" slack="0"/>
</pin_list>
<bind>
<opcode="read(1150) " fcode="read"/>
<opset="packed_k1/2 "/>
</bind>
</comp>

<comp id="350" class="1004" name="write_ln917_write_fu_350">
<pin_list>
<pin id="351" dir="0" index="0" bw="0" slack="0"/>
<pin id="352" dir="0" index="1" bw="32" slack="0"/>
<pin id="353" dir="0" index="2" bw="32" slack="0"/>
<pin id="354" dir="1" index="3" bw="0" slack="2147483647"/>
</pin_list>
<bind>
<opcode="write(1151) " fcode="write"/>
<opset="write_ln917/16 "/>
</bind>
</comp>

<comp id="357" class="1004" name="query_0_addr_gep_fu_357">
<pin_list>
<pin id="358" dir="0" index="0" bw="32" slack="0"/>
<pin id="359" dir="0" index="1" bw="1" slack="0"/>
<pin id="360" dir="0" index="2" bw="3" slack="0"/>
<pin id="361" dir="1" index="3" bw="3" slack="0"/>
</pin_list>
<bind>
<opcode="getelementptr(29) " fcode="getelementptr"/>
<opset="query_0_addr/2 "/>
</bind>
</comp>

<comp id="364" class="1004" name="grp_access_fu_364">
<pin_list>
<pin id="365" dir="0" index="0" bw="3" slack="0"/>
<pin id="366" dir="0" index="1" bw="32" slack="2147483647"/>
<pin id="367" dir="0" index="2" bw="0" slack="2147483647"/>
<pin id="368" dir="1" index="3" bw="32" slack="1"/>
</pin_list>
<bind>
<opcode="load(27) " fcode="load"/>
<opset="query_raw/2 "/>
</bind>
</comp>

<comp id="370" class="1004" name="query_1_addr_gep_fu_370">
<pin_list>
<pin id="371" dir="0" index="0" bw="32" slack="0"/>
<pin id="372" dir="0" index="1" bw="1" slack="0"/>
<pin id="373" dir="0" index="2" bw="3" slack="0"/>
<pin id="374" dir="1" index="3" bw="3" slack="0"/>
</pin_list>
<bind>
<opcode="getelementptr(29) " fcode="getelementptr"/>
<opset="query_1_addr/2 "/>
</bind>
</comp>

<comp id="377" class="1004" name="grp_access_fu_377">
<pin_list>
<pin id="378" dir="0" index="0" bw="3" slack="0"/>
<pin id="379" dir="0" index="1" bw="32" slack="2147483647"/>
<pin id="380" dir="0" index="2" bw="0" slack="2147483647"/>
<pin id="381" dir="1" index="3" bw="32" slack="1"/>
</pin_list>
<bind>
<opcode="load(27) " fcode="load"/>
<opset="query_raw_1/2 "/>
</bind>
</comp>

<comp id="383" class="1004" name="query_2_addr_gep_fu_383">
<pin_list>
<pin id="384" dir="0" index="0" bw="32" slack="0"/>
<pin id="385" dir="0" index="1" bw="1" slack="0"/>
<pin id="386" dir="0" index="2" bw="3" slack="0"/>
<pin id="387" dir="1" index="3" bw="3" slack="0"/>
</pin_list>
<bind>
<opcode="getelementptr(29) " fcode="getelementptr"/>
<opset="query_2_addr/2 "/>
</bind>
</comp>

<comp id="390" class="1004" name="grp_access_fu_390">
<pin_list>
<pin id="391" dir="0" index="0" bw="3" slack="0"/>
<pin id="392" dir="0" index="1" bw="32" slack="2147483647"/>
<pin id="393" dir="0" index="2" bw="0" slack="2147483647"/>
<pin id="394" dir="1" index="3" bw="32" slack="1"/>
</pin_list>
<bind>
<opcode="load(27) " fcode="load"/>
<opset="query_raw_2/2 "/>
</bind>
</comp>

<comp id="396" class="1004" name="query_3_addr_gep_fu_396">
<pin_list>
<pin id="397" dir="0" index="0" bw="32" slack="0"/>
<pin id="398" dir="0" index="1" bw="1" slack="0"/>
<pin id="399" dir="0" index="2" bw="3" slack="0"/>
<pin id="400" dir="1" index="3" bw="3" slack="0"/>
</pin_list>
<bind>
<opcode="getelementptr(29) " fcode="getelementptr"/>
<opset="query_3_addr/2 "/>
</bind>
</comp>

<comp id="403" class="1004" name="grp_access_fu_403">
<pin_list>
<pin id="404" dir="0" index="0" bw="3" slack="0"/>
<pin id="405" dir="0" index="1" bw="32" slack="2147483647"/>
<pin id="406" dir="0" index="2" bw="0" slack="2147483647"/>
<pin id="407" dir="1" index="3" bw="32" slack="1"/>
</pin_list>
<bind>
<opcode="load(27) " fcode="load"/>
<opset="query_raw_3/2 "/>
</bind>
</comp>

<comp id="409" class="1004" name="query_4_addr_gep_fu_409">
<pin_list>
<pin id="410" dir="0" index="0" bw="32" slack="0"/>
<pin id="411" dir="0" index="1" bw="1" slack="0"/>
<pin id="412" dir="0" index="2" bw="3" slack="0"/>
<pin id="413" dir="1" index="3" bw="3" slack="0"/>
</pin_list>
<bind>
<opcode="getelementptr(29) " fcode="getelementptr"/>
<opset="query_4_addr/2 "/>
</bind>
</comp>

<comp id="416" class="1004" name="grp_access_fu_416">
<pin_list>
<pin id="417" dir="0" index="0" bw="3" slack="0"/>
<pin id="418" dir="0" index="1" bw="32" slack="2147483647"/>
<pin id="419" dir="0" index="2" bw="0" slack="2147483647"/>
<pin id="420" dir="1" index="3" bw="32" slack="1"/>
</pin_list>
<bind>
<opcode="load(27) " fcode="load"/>
<opset="query_raw_4/2 "/>
</bind>
</comp>

<comp id="422" class="1004" name="query_5_addr_gep_fu_422">
<pin_list>
<pin id="423" dir="0" index="0" bw="32" slack="0"/>
<pin id="424" dir="0" index="1" bw="1" slack="0"/>
<pin id="425" dir="0" index="2" bw="3" slack="0"/>
<pin id="426" dir="1" index="3" bw="3" slack="0"/>
</pin_list>
<bind>
<opcode="getelementptr(29) " fcode="getelementptr"/>
<opset="query_5_addr/2 "/>
</bind>
</comp>

<comp id="429" class="1004" name="grp_access_fu_429">
<pin_list>
<pin id="430" dir="0" index="0" bw="3" slack="0"/>
<pin id="431" dir="0" index="1" bw="32" slack="2147483647"/>
<pin id="432" dir="0" index="2" bw="0" slack="2147483647"/>
<pin id="433" dir="1" index="3" bw="32" slack="1"/>
</pin_list>
<bind>
<opcode="load(27) " fcode="load"/>
<opset="query_raw_5/2 "/>
</bind>
</comp>

<comp id="435" class="1004" name="query_6_addr_gep_fu_435">
<pin_list>
<pin id="436" dir="0" index="0" bw="32" slack="0"/>
<pin id="437" dir="0" index="1" bw="1" slack="0"/>
<pin id="438" dir="0" index="2" bw="3" slack="0"/>
<pin id="439" dir="1" index="3" bw="3" slack="0"/>
</pin_list>
<bind>
<opcode="getelementptr(29) " fcode="getelementptr"/>
<opset="query_6_addr/2 "/>
</bind>
</comp>

<comp id="442" class="1004" name="grp_access_fu_442">
<pin_list>
<pin id="443" dir="0" index="0" bw="3" slack="0"/>
<pin id="444" dir="0" index="1" bw="32" slack="2147483647"/>
<pin id="445" dir="0" index="2" bw="0" slack="2147483647"/>
<pin id="446" dir="1" index="3" bw="32" slack="1"/>
</pin_list>
<bind>
<opcode="load(27) " fcode="load"/>
<opset="query_raw_6/2 "/>
</bind>
</comp>

<comp id="448" class="1004" name="query_7_addr_gep_fu_448">
<pin_list>
<pin id="449" dir="0" index="0" bw="32" slack="0"/>
<pin id="450" dir="0" index="1" bw="1" slack="0"/>
<pin id="451" dir="0" index="2" bw="3" slack="0"/>
<pin id="452" dir="1" index="3" bw="3" slack="0"/>
</pin_list>
<bind>
<opcode="getelementptr(29) " fcode="getelementptr"/>
<opset="query_7_addr/2 "/>
</bind>
</comp>

<comp id="455" class="1004" name="grp_access_fu_455">
<pin_list>
<pin id="456" dir="0" index="0" bw="3" slack="0"/>
<pin id="457" dir="0" index="1" bw="32" slack="2147483647"/>
<pin id="458" dir="0" index="2" bw="0" slack="2147483647"/>
<pin id="459" dir="1" index="3" bw="32" slack="1"/>
</pin_list>
<bind>
<opcode="load(27) " fcode="load"/>
<opset="query_raw_7/2 "/>
</bind>
</comp>

<comp id="461" class="1004" name="query_8_addr_gep_fu_461">
<pin_list>
<pin id="462" dir="0" index="0" bw="32" slack="0"/>
<pin id="463" dir="0" index="1" bw="1" slack="0"/>
<pin id="464" dir="0" index="2" bw="3" slack="0"/>
<pin id="465" dir="1" index="3" bw="3" slack="0"/>
</pin_list>
<bind>
<opcode="getelementptr(29) " fcode="getelementptr"/>
<opset="query_8_addr/2 "/>
</bind>
</comp>

<comp id="468" class="1004" name="grp_access_fu_468">
<pin_list>
<pin id="469" dir="0" index="0" bw="3" slack="0"/>
<pin id="470" dir="0" index="1" bw="32" slack="2147483647"/>
<pin id="471" dir="0" index="2" bw="0" slack="2147483647"/>
<pin id="472" dir="1" index="3" bw="32" slack="1"/>
</pin_list>
<bind>
<opcode="load(27) " fcode="load"/>
<opset="query_raw_8/2 "/>
</bind>
</comp>

<comp id="474" class="1004" name="query_9_addr_gep_fu_474">
<pin_list>
<pin id="475" dir="0" index="0" bw="32" slack="0"/>
<pin id="476" dir="0" index="1" bw="1" slack="0"/>
<pin id="477" dir="0" index="2" bw="3" slack="0"/>
<pin id="478" dir="1" index="3" bw="3" slack="0"/>
</pin_list>
<bind>
<opcode="getelementptr(29) " fcode="getelementptr"/>
<opset="query_9_addr/2 "/>
</bind>
</comp>

<comp id="481" class="1004" name="grp_access_fu_481">
<pin_list>
<pin id="482" dir="0" index="0" bw="3" slack="0"/>
<pin id="483" dir="0" index="1" bw="32" slack="2147483647"/>
<pin id="484" dir="0" index="2" bw="0" slack="2147483647"/>
<pin id="485" dir="1" index="3" bw="32" slack="1"/>
</pin_list>
<bind>
<opcode="load(27) " fcode="load"/>
<opset="query_raw_9/2 "/>
</bind>
</comp>

<comp id="487" class="1004" name="query_10_addr_gep_fu_487">
<pin_list>
<pin id="488" dir="0" index="0" bw="32" slack="0"/>
<pin id="489" dir="0" index="1" bw="1" slack="0"/>
<pin id="490" dir="0" index="2" bw="3" slack="0"/>
<pin id="491" dir="1" index="3" bw="3" slack="0"/>
</pin_list>
<bind>
<opcode="getelementptr(29) " fcode="getelementptr"/>
<opset="query_10_addr/2 "/>
</bind>
</comp>

<comp id="494" class="1004" name="grp_access_fu_494">
<pin_list>
<pin id="495" dir="0" index="0" bw="3" slack="0"/>
<pin id="496" dir="0" index="1" bw="32" slack="2147483647"/>
<pin id="497" dir="0" index="2" bw="0" slack="2147483647"/>
<pin id="498" dir="1" index="3" bw="32" slack="1"/>
</pin_list>
<bind>
<opcode="load(27) " fcode="load"/>
<opset="query_raw_10/2 "/>
</bind>
</comp>

<comp id="500" class="1004" name="query_11_addr_gep_fu_500">
<pin_list>
<pin id="501" dir="0" index="0" bw="32" slack="0"/>
<pin id="502" dir="0" index="1" bw="1" slack="0"/>
<pin id="503" dir="0" index="2" bw="3" slack="0"/>
<pin id="504" dir="1" index="3" bw="3" slack="0"/>
</pin_list>
<bind>
<opcode="getelementptr(29) " fcode="getelementptr"/>
<opset="query_11_addr/2 "/>
</bind>
</comp>

<comp id="507" class="1004" name="grp_access_fu_507">
<pin_list>
<pin id="508" dir="0" index="0" bw="3" slack="0"/>
<pin id="509" dir="0" index="1" bw="32" slack="2147483647"/>
<pin id="510" dir="0" index="2" bw="0" slack="2147483647"/>
<pin id="511" dir="1" index="3" bw="32" slack="1"/>
</pin_list>
<bind>
<opcode="load(27) " fcode="load"/>
<opset="query_raw_11/2 "/>
</bind>
</comp>

<comp id="513" class="1004" name="query_12_addr_gep_fu_513">
<pin_list>
<pin id="514" dir="0" index="0" bw="32" slack="0"/>
<pin id="515" dir="0" index="1" bw="1" slack="0"/>
<pin id="516" dir="0" index="2" bw="3" slack="0"/>
<pin id="517" dir="1" index="3" bw="3" slack="0"/>
</pin_list>
<bind>
<opcode="getelementptr(29) " fcode="getelementptr"/>
<opset="query_12_addr/2 "/>
</bind>
</comp>

<comp id="520" class="1004" name="grp_access_fu_520">
<pin_list>
<pin id="521" dir="0" index="0" bw="3" slack="0"/>
<pin id="522" dir="0" index="1" bw="32" slack="2147483647"/>
<pin id="523" dir="0" index="2" bw="0" slack="2147483647"/>
<pin id="524" dir="1" index="3" bw="32" slack="1"/>
</pin_list>
<bind>
<opcode="load(27) " fcode="load"/>
<opset="query_raw_12/2 "/>
</bind>
</comp>

<comp id="526" class="1004" name="query_13_addr_gep_fu_526">
<pin_list>
<pin id="527" dir="0" index="0" bw="32" slack="0"/>
<pin id="528" dir="0" index="1" bw="1" slack="0"/>
<pin id="529" dir="0" index="2" bw="3" slack="0"/>
<pin id="530" dir="1" index="3" bw="3" slack="0"/>
</pin_list>
<bind>
<opcode="getelementptr(29) " fcode="getelementptr"/>
<opset="query_13_addr/2 "/>
</bind>
</comp>

<comp id="533" class="1004" name="grp_access_fu_533">
<pin_list>
<pin id="534" dir="0" index="0" bw="3" slack="0"/>
<pin id="535" dir="0" index="1" bw="32" slack="2147483647"/>
<pin id="536" dir="0" index="2" bw="0" slack="2147483647"/>
<pin id="537" dir="1" index="3" bw="32" slack="1"/>
</pin_list>
<bind>
<opcode="load(27) " fcode="load"/>
<opset="query_raw_13/2 "/>
</bind>
</comp>

<comp id="539" class="1004" name="query_14_addr_gep_fu_539">
<pin_list>
<pin id="540" dir="0" index="0" bw="32" slack="0"/>
<pin id="541" dir="0" index="1" bw="1" slack="0"/>
<pin id="542" dir="0" index="2" bw="3" slack="0"/>
<pin id="543" dir="1" index="3" bw="3" slack="0"/>
</pin_list>
<bind>
<opcode="getelementptr(29) " fcode="getelementptr"/>
<opset="query_14_addr/2 "/>
</bind>
</comp>

<comp id="546" class="1004" name="grp_access_fu_546">
<pin_list>
<pin id="547" dir="0" index="0" bw="3" slack="0"/>
<pin id="548" dir="0" index="1" bw="32" slack="2147483647"/>
<pin id="549" dir="0" index="2" bw="0" slack="2147483647"/>
<pin id="550" dir="1" index="3" bw="32" slack="1"/>
</pin_list>
<bind>
<opcode="load(27) " fcode="load"/>
<opset="query_raw_14/2 "/>
</bind>
</comp>

<comp id="552" class="1004" name="query_15_addr_gep_fu_552">
<pin_list>
<pin id="553" dir="0" index="0" bw="32" slack="0"/>
<pin id="554" dir="0" index="1" bw="1" slack="0"/>
<pin id="555" dir="0" index="2" bw="3" slack="0"/>
<pin id="556" dir="1" index="3" bw="3" slack="0"/>
</pin_list>
<bind>
<opcode="getelementptr(29) " fcode="getelementptr"/>
<opset="query_15_addr/2 "/>
</bind>
</comp>

<comp id="559" class="1004" name="grp_access_fu_559">
<pin_list>
<pin id="560" dir="0" index="0" bw="3" slack="0"/>
<pin id="561" dir="0" index="1" bw="32" slack="2147483647"/>
<pin id="562" dir="0" index="2" bw="0" slack="2147483647"/>
<pin id="563" dir="1" index="3" bw="32" slack="1"/>
</pin_list>
<bind>
<opcode="load(27) " fcode="load"/>
<opset="query_raw_15/2 "/>
</bind>
</comp>

<comp id="565" class="1004" name="grp_fu_565">
<pin_list>
<pin id="566" dir="0" index="0" bw="32" slack="0"/>
<pin id="567" dir="0" index="1" bw="8" slack="0"/>
<pin id="568" dir="1" index="2" bw="40" slack="1"/>
</pin_list>
<bind>
<opcode="mul(12) " fcode="mul"/>
<opset="mul_ln791/4 "/>
</bind>
</comp>

<comp id="569" class="1004" name="grp_fu_569">
<pin_list>
<pin id="570" dir="0" index="0" bw="32" slack="0"/>
<pin id="571" dir="0" index="1" bw="8" slack="0"/>
<pin id="572" dir="1" index="2" bw="40" slack="1"/>
</pin_list>
<bind>
<opcode="mul(12) " fcode="mul"/>
<opset="mul_ln791_1/4 "/>
</bind>
</comp>

<comp id="573" class="1004" name="grp_fu_573">
<pin_list>
<pin id="574" dir="0" index="0" bw="32" slack="0"/>
<pin id="575" dir="0" index="1" bw="8" slack="0"/>
<pin id="576" dir="1" index="2" bw="40" slack="1"/>
</pin_list>
<bind>
<opcode="mul(12) " fcode="mul"/>
<opset="mul_ln791_2/4 "/>
</bind>
</comp>

<comp id="577" class="1004" name="grp_fu_577">
<pin_list>
<pin id="578" dir="0" index="0" bw="32" slack="0"/>
<pin id="579" dir="0" index="1" bw="8" slack="0"/>
<pin id="580" dir="1" index="2" bw="40" slack="1"/>
</pin_list>
<bind>
<opcode="mul(12) " fcode="mul"/>
<opset="mul_ln791_3/4 "/>
</bind>
</comp>

<comp id="581" class="1004" name="grp_fu_581">
<pin_list>
<pin id="582" dir="0" index="0" bw="32" slack="0"/>
<pin id="583" dir="0" index="1" bw="8" slack="0"/>
<pin id="584" dir="1" index="2" bw="40" slack="1"/>
</pin_list>
<bind>
<opcode="mul(12) " fcode="mul"/>
<opset="mul_ln791_4/4 "/>
</bind>
</comp>

<comp id="585" class="1004" name="grp_fu_585">
<pin_list>
<pin id="586" dir="0" index="0" bw="32" slack="0"/>
<pin id="587" dir="0" index="1" bw="8" slack="0"/>
<pin id="588" dir="1" index="2" bw="40" slack="1"/>
</pin_list>
<bind>
<opcode="mul(12) " fcode="mul"/>
<opset="mul_ln791_5/4 "/>
</bind>
</comp>

<comp id="589" class="1004" name="grp_fu_589">
<pin_list>
<pin id="590" dir="0" index="0" bw="32" slack="0"/>
<pin id="591" dir="0" index="1" bw="8" slack="0"/>
<pin id="592" dir="1" index="2" bw="40" slack="1"/>
</pin_list>
<bind>
<opcode="mul(12) " fcode="mul"/>
<opset="mul_ln791_6/4 "/>
</bind>
</comp>

<comp id="593" class="1004" name="grp_fu_593">
<pin_list>
<pin id="594" dir="0" index="0" bw="32" slack="0"/>
<pin id="595" dir="0" index="1" bw="8" slack="0"/>
<pin id="596" dir="1" index="2" bw="40" slack="1"/>
</pin_list>
<bind>
<opcode="mul(12) " fcode="mul"/>
<opset="mul_ln791_7/4 "/>
</bind>
</comp>

<comp id="597" class="1004" name="grp_fu_597">
<pin_list>
<pin id="598" dir="0" index="0" bw="32" slack="0"/>
<pin id="599" dir="0" index="1" bw="8" slack="0"/>
<pin id="600" dir="1" index="2" bw="40" slack="1"/>
</pin_list>
<bind>
<opcode="mul(12) " fcode="mul"/>
<opset="mul_ln791_8/4 "/>
</bind>
</comp>

<comp id="601" class="1004" name="grp_fu_601">
<pin_list>
<pin id="602" dir="0" index="0" bw="32" slack="0"/>
<pin id="603" dir="0" index="1" bw="8" slack="0"/>
<pin id="604" dir="1" index="2" bw="40" slack="1"/>
</pin_list>
<bind>
<opcode="mul(12) " fcode="mul"/>
<opset="mul_ln791_9/4 "/>
</bind>
</comp>

<comp id="605" class="1004" name="grp_fu_605">
<pin_list>
<pin id="606" dir="0" index="0" bw="32" slack="0"/>
<pin id="607" dir="0" index="1" bw="8" slack="0"/>
<pin id="608" dir="1" index="2" bw="40" slack="1"/>
</pin_list>
<bind>
<opcode="mul(12) " fcode="mul"/>
<opset="mul_ln791_10/4 "/>
</bind>
</comp>

<comp id="609" class="1004" name="grp_fu_609">
<pin_list>
<pin id="610" dir="0" index="0" bw="32" slack="0"/>
<pin id="611" dir="0" index="1" bw="8" slack="0"/>
<pin id="612" dir="1" index="2" bw="40" slack="1"/>
</pin_list>
<bind>
<opcode="mul(12) " fcode="mul"/>
<opset="mul_ln791_11/4 "/>
</bind>
</comp>

<comp id="613" class="1004" name="grp_fu_613">
<pin_list>
<pin id="614" dir="0" index="0" bw="32" slack="0"/>
<pin id="615" dir="0" index="1" bw="8" slack="0"/>
<pin id="616" dir="1" index="2" bw="40" slack="1"/>
</pin_list>
<bind>
<opcode="mul(12) " fcode="mul"/>
<opset="mul_ln791_12/4 "/>
</bind>
</comp>

<comp id="617" class="1004" name="grp_fu_617">
<pin_list>
<pin id="618" dir="0" index="0" bw="32" slack="0"/>
<pin id="619" dir="0" index="1" bw="8" slack="0"/>
<pin id="620" dir="1" index="2" bw="40" slack="1"/>
</pin_list>
<bind>
<opcode="mul(12) " fcode="mul"/>
<opset="mul_ln791_13/4 "/>
</bind>
</comp>

<comp id="621" class="1004" name="grp_fu_621">
<pin_list>
<pin id="622" dir="0" index="0" bw="32" slack="0"/>
<pin id="623" dir="0" index="1" bw="8" slack="0"/>
<pin id="624" dir="1" index="2" bw="40" slack="1"/>
</pin_list>
<bind>
<opcode="mul(12) " fcode="mul"/>
<opset="mul_ln791_14/4 "/>
</bind>
</comp>

<comp id="625" class="1004" name="grp_fu_625">
<pin_list>
<pin id="626" dir="0" index="0" bw="32" slack="0"/>
<pin id="627" dir="0" index="1" bw="8" slack="0"/>
<pin id="628" dir="1" index="2" bw="40" slack="1"/>
</pin_list>
<bind>
<opcode="mul(12) " fcode="mul"/>
<opset="mul_ln791_15/4 "/>
</bind>
</comp>

<comp id="629" class="1004" name="grp_fu_629">
<pin_list>
<pin id="630" dir="0" index="0" bw="44" slack="0"/>
<pin id="631" dir="0" index="1" bw="15" slack="0"/>
<pin id="632" dir="1" index="2" bw="58" slack="0"/>
</pin_list>
<bind>
<opcode="mul(12) " fcode="mul"/>
<opset="mul_ln916/10 "/>
</bind>
</comp>

<comp id="634" class="1004" name="store_ln851_store_fu_634">
<pin_list>
<pin id="635" dir="0" index="0" bw="1" slack="0"/>
<pin id="636" dir="0" index="1" bw="44" slack="0"/>
<pin id="637" dir="1" index="2" bw="0" slack="2147483647"/>
</pin_list>
<bind>
<opcode="store(28) " fcode="store"/>
<opset="store_ln851/1 "/>
</bind>
</comp>

<comp id="639" class="1004" name="store_ln850_store_fu_639">
<pin_list>
<pin id="640" dir="0" index="0" bw="1" slack="0"/>
<pin id="641" dir="0" index="1" bw="44" slack="0"/>
<pin id="642" dir="1" index="2" bw="0" slack="2147483647"/>
</pin_list>
<bind>
<opcode="store(28) " fcode="store"/>
<opset="store_ln850/1 "/>
</bind>
</comp>

<comp id="644" class="1004" name="store_ln854_store_fu_644">
<pin_list>
<pin id="645" dir="0" index="0" bw="1" slack="0"/>
<pin id="646" dir="0" index="1" bw="16" slack="0"/>
<pin id="647" dir="1" index="2" bw="0" slack="2147483647"/>
</pin_list>
<bind>
<opcode="store(28) " fcode="store"/>
<opset="store_ln854/1 "/>
</bind>
</comp>

<comp id="649" class="1004" name="dot_phase_1_load_fu_649">
<pin_list>
<pin id="650" dir="0" index="0" bw="16" slack="0"/>
<pin id="651" dir="1" index="1" bw="16" slack="0"/>
</pin_list>
<bind>
<opcode="load(27) " fcode="load"/>
<opset="dot_phase_1/1 "/>
</bind>
</comp>

<comp id="652" class="1004" name="icmp_ln855_fu_652">
<pin_list>
<pin id="653" dir="0" index="0" bw="16" slack="0"/>
<pin id="654" dir="0" index="1" bw="16" slack="0"/>
<pin id="655" dir="1" index="2" bw="1" slack="14"/>
</pin_list>
<bind>
<opcode="icmp(45) " fcode="icmp"/>
<opset="icmp_ln855/1 "/>
</bind>
</comp>

<comp id="658" class="1004" name="dot_phase_2_fu_658">
<pin_list>
<pin id="659" dir="0" index="0" bw="16" slack="0"/>
<pin id="660" dir="0" index="1" bw="1" slack="0"/>
<pin id="661" dir="1" index="2" bw="16" slack="0"/>
</pin_list>
<bind>
<opcode="add(8) " fcode="add"/>
<opset="dot_phase_2/1 "/>
</bind>
</comp>

<comp id="664" class="1004" name="half_fu_664">
<pin_list>
<pin id="665" dir="0" index="0" bw="16" slack="0"/>
<pin id="666" dir="1" index="1" bw="1" slack="2"/>
</pin_list>
<bind>
<opcode="trunc(33) " fcode="trunc"/>
<opset="half/1 "/>
</bind>
</comp>

<comp id="668" class="1004" name="phase_fu_668">
<pin_list>
<pin id="669" dir="0" index="0" bw="16" slack="0"/>
<pin id="670" dir="1" index="1" bw="3" slack="0"/>
</pin_list>
<bind>
<opcode="trunc(33) " fcode="trunc"/>
<opset="phase/1 "/>
</bind>
</comp>

<comp id="672" class="1004" name="icmp_ln860_fu_672">
<pin_list>
<pin id="673" dir="0" index="0" bw="3" slack="0"/>
<pin id="674" dir="0" index="1" bw="3" slack="0"/>
<pin id="675" dir="1" index="2" bw="1" slack="1"/>
</pin_list>
<bind>
<opcode="icmp(45) " fcode="icmp"/>
<opset="icmp_ln860/1 "/>
</bind>
</comp>

<comp id="678" class="1004" name="trunc_ln_fu_678">
<pin_list>
<pin id="679" dir="0" index="0" bw="2" slack="0"/>
<pin id="680" dir="0" index="1" bw="16" slack="0"/>
<pin id="681" dir="0" index="2" bw="1" slack="0"/>
<pin id="682" dir="0" index="3" bw="3" slack="0"/>
<pin id="683" dir="1" index="4" bw="2" slack="2"/>
</pin_list>
<bind>
<opcode="partselect(1002) " fcode="partselect"/>
<opset="trunc_ln/1 "/>
</bind>
</comp>

<comp id="688" class="1004" name="store_ln854_store_fu_688">
<pin_list>
<pin id="689" dir="0" index="0" bw="16" slack="0"/>
<pin id="690" dir="0" index="1" bw="16" slack="0"/>
<pin id="691" dir="1" index="2" bw="0" slack="2147483647"/>
</pin_list>
<bind>
<opcode="store(28) " fcode="store"/>
<opset="store_ln854/1 "/>
</bind>
</comp>

<comp id="693" class="1004" name="key_chunk_13_fu_693">
<pin_list>
<pin id="694" dir="0" index="0" bw="512" slack="0"/>
<pin id="695" dir="1" index="1" bw="128" slack="0"/>
</pin_list>
<bind>
<opcode="trunc(33) " fcode="trunc"/>
<opset="key_chunk_13/2 "/>
</bind>
</comp>

<comp id="697" class="1004" name="key_chunk_14_fu_697">
<pin_list>
<pin id="698" dir="0" index="0" bw="512" slack="0"/>
<pin id="699" dir="1" index="1" bw="128" slack="0"/>
</pin_list>
<bind>
<opcode="trunc(33) " fcode="trunc"/>
<opset="key_chunk_14/2 "/>
</bind>
</comp>

<comp id="701" class="1004" name="key_chunk_15_fu_701">
<pin_list>
<pin id="702" dir="0" index="0" bw="128" slack="0"/>
<pin id="703" dir="0" index="1" bw="512" slack="0"/>
<pin id="704" dir="0" index="2" bw="9" slack="0"/>
<pin id="705" dir="0" index="3" bw="9" slack="0"/>
<pin id="706" dir="1" index="4" bw="128" slack="0"/>
</pin_list>
<bind>
<opcode="partselect(1002) " fcode="partselect"/>
<opset="key_chunk_15/2 "/>
</bind>
</comp>

<comp id="711" class="1004" name="key_chunk_8_fu_711">
<pin_list>
<pin id="712" dir="0" index="0" bw="128" slack="0"/>
<pin id="713" dir="0" index="1" bw="512" slack="0"/>
<pin id="714" dir="0" index="2" bw="9" slack="0"/>
<pin id="715" dir="0" index="3" bw="9" slack="0"/>
<pin id="716" dir="1" index="4" bw="128" slack="0"/>
</pin_list>
<bind>
<opcode="partselect(1002) " fcode="partselect"/>
<opset="key_chunk_8/2 "/>
</bind>
</comp>

<comp id="721" class="1004" name="key_chunk_9_fu_721">
<pin_list>
<pin id="722" dir="0" index="0" bw="128" slack="0"/>
<pin id="723" dir="0" index="1" bw="512" slack="0"/>
<pin id="724" dir="0" index="2" bw="10" slack="0"/>
<pin id="725" dir="0" index="3" bw="10" slack="0"/>
<pin id="726" dir="1" index="4" bw="128" slack="0"/>
</pin_list>
<bind>
<opcode="partselect(1002) " fcode="partselect"/>
<opset="key_chunk_9/2 "/>
</bind>
</comp>

<comp id="731" class="1004" name="key_chunk_10_fu_731">
<pin_list>
<pin id="732" dir="0" index="0" bw="128" slack="0"/>
<pin id="733" dir="0" index="1" bw="512" slack="0"/>
<pin id="734" dir="0" index="2" bw="10" slack="0"/>
<pin id="735" dir="0" index="3" bw="10" slack="0"/>
<pin id="736" dir="1" index="4" bw="128" slack="0"/>
</pin_list>
<bind>
<opcode="partselect(1002) " fcode="partselect"/>
<opset="key_chunk_10/2 "/>
</bind>
</comp>

<comp id="741" class="1004" name="key_chunk_11_fu_741">
<pin_list>
<pin id="742" dir="0" index="0" bw="128" slack="0"/>
<pin id="743" dir="0" index="1" bw="512" slack="0"/>
<pin id="744" dir="0" index="2" bw="10" slack="0"/>
<pin id="745" dir="0" index="3" bw="10" slack="0"/>
<pin id="746" dir="1" index="4" bw="128" slack="0"/>
</pin_list>
<bind>
<opcode="partselect(1002) " fcode="partselect"/>
<opset="key_chunk_11/2 "/>
</bind>
</comp>

<comp id="751" class="1004" name="key_chunk_12_fu_751">
<pin_list>
<pin id="752" dir="0" index="0" bw="128" slack="0"/>
<pin id="753" dir="0" index="1" bw="512" slack="0"/>
<pin id="754" dir="0" index="2" bw="10" slack="0"/>
<pin id="755" dir="0" index="3" bw="10" slack="0"/>
<pin id="756" dir="1" index="4" bw="128" slack="0"/>
</pin_list>
<bind>
<opcode="partselect(1002) " fcode="partselect"/>
<opset="key_chunk_12/2 "/>
</bind>
</comp>

<comp id="761" class="1004" name="key_shift_6_fu_761">
<pin_list>
<pin id="762" dir="0" index="0" bw="40" slack="0"/>
<pin id="763" dir="1" index="1" bw="5" slack="0"/>
</pin_list>
<bind>
<opcode="trunc(33) " fcode="trunc"/>
<opset="key_shift_6/2 "/>
</bind>
</comp>

<comp id="765" class="1004" name="key_shift_7_fu_765">
<pin_list>
<pin id="766" dir="0" index="0" bw="5" slack="0"/>
<pin id="767" dir="0" index="1" bw="40" slack="0"/>
<pin id="768" dir="0" index="2" bw="4" slack="0"/>
<pin id="769" dir="0" index="3" bw="5" slack="0"/>
<pin id="770" dir="1" index="4" bw="5" slack="0"/>
</pin_list>
<bind>
<opcode="partselect(1002) " fcode="partselect"/>
<opset="key_shift_7/2 "/>
</bind>
</comp>

<comp id="775" class="1004" name="key_shift_4_fu_775">
<pin_list>
<pin id="776" dir="0" index="0" bw="5" slack="0"/>
<pin id="777" dir="0" index="1" bw="40" slack="0"/>
<pin id="778" dir="0" index="2" bw="5" slack="0"/>
<pin id="779" dir="0" index="3" bw="5" slack="0"/>
<pin id="780" dir="1" index="4" bw="5" slack="0"/>
</pin_list>
<bind>
<opcode="partselect(1002) " fcode="partselect"/>
<opset="key_shift_4/2 "/>
</bind>
</comp>

<comp id="785" class="1004" name="key_shift_5_fu_785">
<pin_list>
<pin id="786" dir="0" index="0" bw="5" slack="0"/>
<pin id="787" dir="0" index="1" bw="40" slack="0"/>
<pin id="788" dir="0" index="2" bw="5" slack="0"/>
<pin id="789" dir="0" index="3" bw="6" slack="0"/>
<pin id="790" dir="1" index="4" bw="5" slack="0"/>
</pin_list>
<bind>
<opcode="partselect(1002) " fcode="partselect"/>
<opset="key_shift_5/2 "/>
</bind>
</comp>

<comp id="795" class="1004" name="store_ln847_store_fu_795">
<pin_list>
<pin id="796" dir="0" index="0" bw="5" slack="0"/>
<pin id="797" dir="0" index="1" bw="5" slack="1"/>
<pin id="798" dir="1" index="2" bw="0" slack="2147483647"/>
</pin_list>
<bind>
<opcode="store(28) " fcode="store"/>
<opset="store_ln847/2 "/>
</bind>
</comp>

<comp id="800" class="1004" name="store_ln847_store_fu_800">
<pin_list>
<pin id="801" dir="0" index="0" bw="5" slack="0"/>
<pin id="802" dir="0" index="1" bw="5" slack="1"/>
<pin id="803" dir="1" index="2" bw="0" slack="2147483647"/>
</pin_list>
<bind>
<opcode="store(28) " fcode="store"/>
<opset="store_ln847/2 "/>
</bind>
</comp>

<comp id="805" class="1004" name="store_ln847_store_fu_805">
<pin_list>
<pin id="806" dir="0" index="0" bw="5" slack="0"/>
<pin id="807" dir="0" index="1" bw="5" slack="1"/>
<pin id="808" dir="1" index="2" bw="0" slack="2147483647"/>
</pin_list>
<bind>
<opcode="store(28) " fcode="store"/>
<opset="store_ln847/2 "/>
</bind>
</comp>

<comp id="810" class="1004" name="store_ln847_store_fu_810">
<pin_list>
<pin id="811" dir="0" index="0" bw="5" slack="0"/>
<pin id="812" dir="0" index="1" bw="5" slack="1"/>
<pin id="813" dir="1" index="2" bw="0" slack="2147483647"/>
</pin_list>
<bind>
<opcode="store(28) " fcode="store"/>
<opset="store_ln847/2 "/>
</bind>
</comp>

<comp id="815" class="1004" name="store_ln846_store_fu_815">
<pin_list>
<pin id="816" dir="0" index="0" bw="128" slack="0"/>
<pin id="817" dir="0" index="1" bw="128" slack="1"/>
<pin id="818" dir="1" index="2" bw="0" slack="2147483647"/>
</pin_list>
<bind>
<opcode="store(28) " fcode="store"/>
<opset="store_ln846/2 "/>
</bind>
</comp>

<comp id="820" class="1004" name="store_ln846_store_fu_820">
<pin_list>
<pin id="821" dir="0" index="0" bw="128" slack="0"/>
<pin id="822" dir="0" index="1" bw="128" slack="1"/>
<pin id="823" dir="1" index="2" bw="0" slack="2147483647"/>
</pin_list>
<bind>
<opcode="store(28) " fcode="store"/>
<opset="store_ln846/2 "/>
</bind>
</comp>

<comp id="825" class="1004" name="store_ln846_store_fu_825">
<pin_list>
<pin id="826" dir="0" index="0" bw="128" slack="0"/>
<pin id="827" dir="0" index="1" bw="128" slack="1"/>
<pin id="828" dir="1" index="2" bw="0" slack="2147483647"/>
</pin_list>
<bind>
<opcode="store(28) " fcode="store"/>
<opset="store_ln846/2 "/>
</bind>
</comp>

<comp id="830" class="1004" name="store_ln846_store_fu_830">
<pin_list>
<pin id="831" dir="0" index="0" bw="128" slack="0"/>
<pin id="832" dir="0" index="1" bw="128" slack="1"/>
<pin id="833" dir="1" index="2" bw="0" slack="2147483647"/>
</pin_list>
<bind>
<opcode="store(28) " fcode="store"/>
<opset="store_ln846/2 "/>
</bind>
</comp>

<comp id="835" class="1004" name="store_ln846_store_fu_835">
<pin_list>
<pin id="836" dir="0" index="0" bw="128" slack="0"/>
<pin id="837" dir="0" index="1" bw="128" slack="1"/>
<pin id="838" dir="1" index="2" bw="0" slack="2147483647"/>
</pin_list>
<bind>
<opcode="store(28) " fcode="store"/>
<opset="store_ln846/2 "/>
</bind>
</comp>

<comp id="840" class="1004" name="store_ln846_store_fu_840">
<pin_list>
<pin id="841" dir="0" index="0" bw="128" slack="0"/>
<pin id="842" dir="0" index="1" bw="128" slack="1"/>
<pin id="843" dir="1" index="2" bw="0" slack="2147483647"/>
</pin_list>
<bind>
<opcode="store(28) " fcode="store"/>
<opset="store_ln846/2 "/>
</bind>
</comp>

<comp id="845" class="1004" name="store_ln846_store_fu_845">
<pin_list>
<pin id="846" dir="0" index="0" bw="128" slack="0"/>
<pin id="847" dir="0" index="1" bw="128" slack="1"/>
<pin id="848" dir="1" index="2" bw="0" slack="2147483647"/>
</pin_list>
<bind>
<opcode="store(28) " fcode="store"/>
<opset="store_ln846/2 "/>
</bind>
</comp>

<comp id="850" class="1004" name="store_ln846_store_fu_850">
<pin_list>
<pin id="851" dir="0" index="0" bw="128" slack="0"/>
<pin id="852" dir="0" index="1" bw="128" slack="1"/>
<pin id="853" dir="1" index="2" bw="0" slack="2147483647"/>
</pin_list>
<bind>
<opcode="store(28) " fcode="store"/>
<opset="store_ln846/2 "/>
</bind>
</comp>

<comp id="855" class="1004" name="zext_ln897_fu_855">
<pin_list>
<pin id="856" dir="0" index="0" bw="3" slack="1"/>
<pin id="857" dir="1" index="1" bw="64" slack="0"/>
</pin_list>
<bind>
<opcode="zext(34) " fcode="zext"/>
<opset="zext_ln897/2 "/>
</bind>
</comp>

<comp id="874" class="1004" name="key_chunk_16_load_fu_874">
<pin_list>
<pin id="875" dir="0" index="0" bw="128" slack="2"/>
<pin id="876" dir="1" index="1" bw="128" slack="0"/>
</pin_list>
<bind>
<opcode="load(27) " fcode="load"/>
<opset="key_chunk_16/3 "/>
</bind>
</comp>

<comp id="877" class="1004" name="key_chunk_17_load_fu_877">
<pin_list>
<pin id="878" dir="0" index="0" bw="128" slack="2"/>
<pin id="879" dir="1" index="1" bw="128" slack="0"/>
</pin_list>
<bind>
<opcode="load(27) " fcode="load"/>
<opset="key_chunk_17/3 "/>
</bind>
</comp>

<comp id="880" class="1004" name="key_chunk_18_load_fu_880">
<pin_list>
<pin id="881" dir="0" index="0" bw="128" slack="2"/>
<pin id="882" dir="1" index="1" bw="128" slack="0"/>
</pin_list>
<bind>
<opcode="load(27) " fcode="load"/>
<opset="key_chunk_18/3 "/>
</bind>
</comp>

<comp id="883" class="1004" name="key_chunk_19_load_fu_883">
<pin_list>
<pin id="884" dir="0" index="0" bw="128" slack="2"/>
<pin id="885" dir="1" index="1" bw="128" slack="0"/>
</pin_list>
<bind>
<opcode="load(27) " fcode="load"/>
<opset="key_chunk_19/3 "/>
</bind>
</comp>

<comp id="886" class="1004" name="key_chunk_20_load_fu_886">
<pin_list>
<pin id="887" dir="0" index="0" bw="128" slack="2"/>
<pin id="888" dir="1" index="1" bw="128" slack="0"/>
</pin_list>
<bind>
<opcode="load(27) " fcode="load"/>
<opset="key_chunk_20/3 "/>
</bind>
</comp>

<comp id="889" class="1004" name="key_chunk_21_load_fu_889">
<pin_list>
<pin id="890" dir="0" index="0" bw="128" slack="2"/>
<pin id="891" dir="1" index="1" bw="128" slack="0"/>
</pin_list>
<bind>
<opcode="load(27) " fcode="load"/>
<opset="key_chunk_21/3 "/>
</bind>
</comp>

<comp id="892" class="1004" name="key_chunk_22_load_fu_892">
<pin_list>
<pin id="893" dir="0" index="0" bw="128" slack="2"/>
<pin id="894" dir="1" index="1" bw="128" slack="0"/>
</pin_list>
<bind>
<opcode="load(27) " fcode="load"/>
<opset="key_chunk_22/3 "/>
</bind>
</comp>

<comp id="895" class="1004" name="key_chunk_23_load_fu_895">
<pin_list>
<pin id="896" dir="0" index="0" bw="128" slack="2"/>
<pin id="897" dir="1" index="1" bw="128" slack="0"/>
</pin_list>
<bind>
<opcode="load(27) " fcode="load"/>
<opset="key_chunk_23/3 "/>
</bind>
</comp>

<comp id="898" class="1004" name="key_shift_8_load_fu_898">
<pin_list>
<pin id="899" dir="0" index="0" bw="5" slack="2"/>
<pin id="900" dir="1" index="1" bw="5" slack="0"/>
</pin_list>
<bind>
<opcode="load(27) " fcode="load"/>
<opset="key_shift_8/3 "/>
</bind>
</comp>

<comp id="901" class="1004" name="key_shift_9_load_fu_901">
<pin_list>
<pin id="902" dir="0" index="0" bw="5" slack="2"/>
<pin id="903" dir="1" index="1" bw="5" slack="0"/>
</pin_list>
<bind>
<opcode="load(27) " fcode="load"/>
<opset="key_shift_9/3 "/>
</bind>
</comp>

<comp id="904" class="1004" name="key_shift_10_load_fu_904">
<pin_list>
<pin id="905" dir="0" index="0" bw="5" slack="2"/>
<pin id="906" dir="1" index="1" bw="5" slack="0"/>
</pin_list>
<bind>
<opcode="load(27) " fcode="load"/>
<opset="key_shift_10/3 "/>
</bind>
</comp>

<comp id="907" class="1004" name="key_shift_11_load_fu_907">
<pin_list>
<pin id="908" dir="0" index="0" bw="5" slack="2"/>
<pin id="909" dir="1" index="1" bw="5" slack="0"/>
</pin_list>
<bind>
<opcode="load(27) " fcode="load"/>
<opset="key_shift_11/3 "/>
</bind>
</comp>

<comp id="910" class="1004" name="compressed_fu_910">
<pin_list>
<pin id="911" dir="0" index="0" bw="128" slack="0"/>
<pin id="912" dir="0" index="1" bw="1" slack="0"/>
<pin id="913" dir="0" index="2" bw="128" slack="0"/>
<pin id="914" dir="0" index="3" bw="1" slack="0"/>
<pin id="915" dir="0" index="4" bw="128" slack="0"/>
<pin id="916" dir="0" index="5" bw="3" slack="0"/>
<pin id="917" dir="0" index="6" bw="128" slack="0"/>
<pin id="918" dir="0" index="7" bw="3" slack="0"/>
<pin id="919" dir="0" index="8" bw="128" slack="0"/>
<pin id="920" dir="0" index="9" bw="3" slack="0"/>
<pin id="921" dir="0" index="10" bw="128" slack="0"/>
<pin id="922" dir="0" index="11" bw="3" slack="0"/>
<pin id="923" dir="0" index="12" bw="128" slack="0"/>
<pin id="924" dir="0" index="13" bw="2" slack="0"/>
<pin id="925" dir="0" index="14" bw="128" slack="0"/>
<pin id="926" dir="0" index="15" bw="1" slack="0"/>
<pin id="927" dir="0" index="16" bw="128" slack="0"/>
<pin id="928" dir="0" index="17" bw="1" slack="0"/>
<pin id="929" dir="0" index="18" bw="3" slack="2"/>
<pin id="930" dir="1" index="19" bw="128" slack="0"/>
</pin_list>
<bind>
<opcode="sparsemux(1197) " fcode="sparsemux"/>
<opset="compressed/3 "/>
</bind>
</comp>

<comp id="949" class="1004" name="shift_fu_949">
<pin_list>
<pin id="950" dir="0" index="0" bw="5" slack="0"/>
<pin id="951" dir="0" index="1" bw="1" slack="0"/>
<pin id="952" dir="0" index="2" bw="5" slack="0"/>
<pin id="953" dir="0" index="3" bw="1" slack="0"/>
<pin id="954" dir="0" index="4" bw="5" slack="0"/>
<pin id="955" dir="0" index="5" bw="2" slack="0"/>
<pin id="956" dir="0" index="6" bw="5" slack="0"/>
<pin id="957" dir="0" index="7" bw="1" slack="0"/>
<pin id="958" dir="0" index="8" bw="5" slack="0"/>
<pin id="959" dir="0" index="9" bw="1" slack="0"/>
<pin id="960" dir="0" index="10" bw="2" slack="2"/>
<pin id="961" dir="1" index="11" bw="5" slack="4"/>
</pin_list>
<bind>
<opcode="sparsemux(1197) " fcode="sparsemux"/>
<opset="shift/3 "/>
</bind>
</comp>

<comp id="972" class="1004" name="key_fu_972">
<pin_list>
<pin id="973" dir="0" index="0" bw="128" slack="0"/>
<pin id="974" dir="1" index="1" bw="8" slack="1"/>
</pin_list>
<bind>
<opcode="trunc(33) " fcode="trunc"/>
<opset="key/3 "/>
</bind>
</comp>

<comp id="976" class="1004" name="key_1_fu_976">
<pin_list>
<pin id="977" dir="0" index="0" bw="8" slack="0"/>
<pin id="978" dir="0" index="1" bw="128" slack="0"/>
<pin id="979" dir="0" index="2" bw="5" slack="0"/>
<pin id="980" dir="0" index="3" bw="5" slack="0"/>
<pin id="981" dir="1" index="4" bw="8" slack="1"/>
</pin_list>
<bind>
<opcode="partselect(1002) " fcode="partselect"/>
<opset="key_1/3 "/>
</bind>
</comp>

<comp id="986" class="1004" name="key_2_fu_986">
<pin_list>
<pin id="987" dir="0" index="0" bw="8" slack="0"/>
<pin id="988" dir="0" index="1" bw="128" slack="0"/>
<pin id="989" dir="0" index="2" bw="6" slack="0"/>
<pin id="990" dir="0" index="3" bw="6" slack="0"/>
<pin id="991" dir="1" index="4" bw="8" slack="1"/>
</pin_list>
<bind>
<opcode="partselect(1002) " fcode="partselect"/>
<opset="key_2/3 "/>
</bind>
</comp>

<comp id="996" class="1004" name="key_3_fu_996">
<pin_list>
<pin id="997" dir="0" index="0" bw="8" slack="0"/>
<pin id="998" dir="0" index="1" bw="128" slack="0"/>
<pin id="999" dir="0" index="2" bw="6" slack="0"/>
<pin id="1000" dir="0" index="3" bw="6" slack="0"/>
<pin id="1001" dir="1" index="4" bw="8" slack="1"/>
</pin_list>
<bind>
<opcode="partselect(1002) " fcode="partselect"/>
<opset="key_3/3 "/>
</bind>
</comp>

<comp id="1006" class="1004" name="key_4_fu_1006">
<pin_list>
<pin id="1007" dir="0" index="0" bw="8" slack="0"/>
<pin id="1008" dir="0" index="1" bw="128" slack="0"/>
<pin id="1009" dir="0" index="2" bw="7" slack="0"/>
<pin id="1010" dir="0" index="3" bw="7" slack="0"/>
<pin id="1011" dir="1" index="4" bw="8" slack="1"/>
</pin_list>
<bind>
<opcode="partselect(1002) " fcode="partselect"/>
<opset="key_4/3 "/>
</bind>
</comp>

<comp id="1016" class="1004" name="key_5_fu_1016">
<pin_list>
<pin id="1017" dir="0" index="0" bw="8" slack="0"/>
<pin id="1018" dir="0" index="1" bw="128" slack="0"/>
<pin id="1019" dir="0" index="2" bw="7" slack="0"/>
<pin id="1020" dir="0" index="3" bw="7" slack="0"/>
<pin id="1021" dir="1" index="4" bw="8" slack="1"/>
</pin_list>
<bind>
<opcode="partselect(1002) " fcode="partselect"/>
<opset="key_5/3 "/>
</bind>
</comp>

<comp id="1026" class="1004" name="key_6_fu_1026">
<pin_list>
<pin id="1027" dir="0" index="0" bw="8" slack="0"/>
<pin id="1028" dir="0" index="1" bw="128" slack="0"/>
<pin id="1029" dir="0" index="2" bw="7" slack="0"/>
<pin id="1030" dir="0" index="3" bw="7" slack="0"/>
<pin id="1031" dir="1" index="4" bw="8" slack="1"/>
</pin_list>
<bind>
<opcode="partselect(1002) " fcode="partselect"/>
<opset="key_6/3 "/>
</bind>
</comp>

<comp id="1036" class="1004" name="key_7_fu_1036">
<pin_list>
<pin id="1037" dir="0" index="0" bw="8" slack="0"/>
<pin id="1038" dir="0" index="1" bw="128" slack="0"/>
<pin id="1039" dir="0" index="2" bw="7" slack="0"/>
<pin id="1040" dir="0" index="3" bw="7" slack="0"/>
<pin id="1041" dir="1" index="4" bw="8" slack="1"/>
</pin_list>
<bind>
<opcode="partselect(1002) " fcode="partselect"/>
<opset="key_7/3 "/>
</bind>
</comp>

<comp id="1046" class="1004" name="key_8_fu_1046">
<pin_list>
<pin id="1047" dir="0" index="0" bw="8" slack="0"/>
<pin id="1048" dir="0" index="1" bw="128" slack="0"/>
<pin id="1049" dir="0" index="2" bw="8" slack="0"/>
<pin id="1050" dir="0" index="3" bw="8" slack="0"/>
<pin id="1051" dir="1" index="4" bw="8" slack="1"/>
</pin_list>
<bind>
<opcode="partselect(1002) " fcode="partselect"/>
<opset="key_8/3 "/>
</bind>
</comp>

<comp id="1056" class="1004" name="key_9_fu_1056">
<pin_list>
<pin id="1057" dir="0" index="0" bw="8" slack="0"/>
<pin id="1058" dir="0" index="1" bw="128" slack="0"/>
<pin id="1059" dir="0" index="2" bw="8" slack="0"/>
<pin id="1060" dir="0" index="3" bw="8" slack="0"/>
<pin id="1061" dir="1" index="4" bw="8" slack="1"/>
</pin_list>
<bind>
<opcode="partselect(1002) " fcode="partselect"/>
<opset="key_9/3 "/>
</bind>
</comp>

<comp id="1066" class="1004" name="key_10_fu_1066">
<pin_list>
<pin id="1067" dir="0" index="0" bw="8" slack="0"/>
<pin id="1068" dir="0" index="1" bw="128" slack="0"/>
<pin id="1069" dir="0" index="2" bw="8" slack="0"/>
<pin id="1070" dir="0" index="3" bw="8" slack="0"/>
<pin id="1071" dir="1" index="4" bw="8" slack="1"/>
</pin_list>
<bind>
<opcode="partselect(1002) " fcode="partselect"/>
<opset="key_10/3 "/>
</bind>
</comp>

<comp id="1076" class="1004" name="key_11_fu_1076">
<pin_list>
<pin id="1077" dir="0" index="0" bw="8" slack="0"/>
<pin id="1078" dir="0" index="1" bw="128" slack="0"/>
<pin id="1079" dir="0" index="2" bw="8" slack="0"/>
<pin id="1080" dir="0" index="3" bw="8" slack="0"/>
<pin id="1081" dir="1" index="4" bw="8" slack="1"/>
</pin_list>
<bind>
<opcode="partselect(1002) " fcode="partselect"/>
<opset="key_11/3 "/>
</bind>
</comp>

<comp id="1086" class="1004" name="key_12_fu_1086">
<pin_list>
<pin id="1087" dir="0" index="0" bw="8" slack="0"/>
<pin id="1088" dir="0" index="1" bw="128" slack="0"/>
<pin id="1089" dir="0" index="2" bw="8" slack="0"/>
<pin id="1090" dir="0" index="3" bw="8" slack="0"/>
<pin id="1091" dir="1" index="4" bw="8" slack="1"/>
</pin_list>
<bind>
<opcode="partselect(1002) " fcode="partselect"/>
<opset="key_12/3 "/>
</bind>
</comp>

<comp id="1096" class="1004" name="key_13_fu_1096">
<pin_list>
<pin id="1097" dir="0" index="0" bw="8" slack="0"/>
<pin id="1098" dir="0" index="1" bw="128" slack="0"/>
<pin id="1099" dir="0" index="2" bw="8" slack="0"/>
<pin id="1100" dir="0" index="3" bw="8" slack="0"/>
<pin id="1101" dir="1" index="4" bw="8" slack="1"/>
</pin_list>
<bind>
<opcode="partselect(1002) " fcode="partselect"/>
<opset="key_13/3 "/>
</bind>
</comp>

<comp id="1106" class="1004" name="key_14_fu_1106">
<pin_list>
<pin id="1107" dir="0" index="0" bw="8" slack="0"/>
<pin id="1108" dir="0" index="1" bw="128" slack="0"/>
<pin id="1109" dir="0" index="2" bw="8" slack="0"/>
<pin id="1110" dir="0" index="3" bw="8" slack="0"/>
<pin id="1111" dir="1" index="4" bw="8" slack="1"/>
</pin_list>
<bind>
<opcode="partselect(1002) " fcode="partselect"/>
<opset="key_14/3 "/>
</bind>
</comp>

<comp id="1116" class="1004" name="key_15_fu_1116">
<pin_list>
<pin id="1117" dir="0" index="0" bw="8" slack="0"/>
<pin id="1118" dir="0" index="1" bw="128" slack="0"/>
<pin id="1119" dir="0" index="2" bw="8" slack="0"/>
<pin id="1120" dir="0" index="3" bw="8" slack="0"/>
<pin id="1121" dir="1" index="4" bw="8" slack="1"/>
</pin_list>
<bind>
<opcode="partselect(1002) " fcode="partselect"/>
<opset="key_15/3 "/>
</bind>
</comp>

<comp id="1126" class="1004" name="icmp_ln909_fu_1126">
<pin_list>
<pin id="1127" dir="0" index="0" bw="2" slack="2"/>
<pin id="1128" dir="0" index="1" bw="2" slack="0"/>
<pin id="1129" dir="1" index="2" bw="1" slack="6"/>
</pin_list>
<bind>
<opcode="icmp(45) " fcode="icmp"/>
<opset="icmp_ln909/3 "/>
</bind>
</comp>

<comp id="1131" class="1004" name="icmp_ln913_fu_1131">
<pin_list>
<pin id="1132" dir="0" index="0" bw="2" slack="2"/>
<pin id="1133" dir="0" index="1" bw="2" slack="0"/>
<pin id="1134" dir="1" index="2" bw="1" slack="7"/>
</pin_list>
<bind>
<opcode="icmp(45) " fcode="icmp"/>
<opset="icmp_ln913/3 "/>
</bind>
</comp>

<comp id="1136" class="1004" name="sext_ln791_fu_1136">
<pin_list>
<pin id="1137" dir="0" index="0" bw="32" slack="1"/>
<pin id="1138" dir="1" index="1" bw="40" slack="0"/>
</pin_list>
<bind>
<opcode="sext(35) " fcode="sext"/>
<opset="sext_ln791/4 "/>
</bind>
</comp>

<comp id="1140" class="1004" name="sext_ln791_1_fu_1140">
<pin_list>
<pin id="1141" dir="0" index="0" bw="8" slack="1"/>
<pin id="1142" dir="1" index="1" bw="40" slack="0"/>
</pin_list>
<bind>
<opcode="sext(35) " fcode="sext"/>
<opset="sext_ln791_1/4 "/>
</bind>
</comp>

<comp id="1144" class="1004" name="sext_ln791_2_fu_1144">
<pin_list>
<pin id="1145" dir="0" index="0" bw="32" slack="1"/>
<pin id="1146" dir="1" index="1" bw="40" slack="0"/>
</pin_list>
<bind>
<opcode="sext(35) " fcode="sext"/>
<opset="sext_ln791_2/4 "/>
</bind>
</comp>

<comp id="1148" class="1004" name="sext_ln791_3_fu_1148">
<pin_list>
<pin id="1149" dir="0" index="0" bw="8" slack="1"/>
<pin id="1150" dir="1" index="1" bw="40" slack="0"/>
</pin_list>
<bind>
<opcode="sext(35) " fcode="sext"/>
<opset="sext_ln791_3/4 "/>
</bind>
</comp>

<comp id="1152" class="1004" name="sext_ln791_4_fu_1152">
<pin_list>
<pin id="1153" dir="0" index="0" bw="32" slack="1"/>
<pin id="1154" dir="1" index="1" bw="40" slack="0"/>
</pin_list>
<bind>
<opcode="sext(35) " fcode="sext"/>
<opset="sext_ln791_4/4 "/>
</bind>
</comp>

<comp id="1156" class="1004" name="sext_ln791_5_fu_1156">
<pin_list>
<pin id="1157" dir="0" index="0" bw="8" slack="1"/>
<pin id="1158" dir="1" index="1" bw="40" slack="0"/>
</pin_list>
<bind>
<opcode="sext(35) " fcode="sext"/>
<opset="sext_ln791_5/4 "/>
</bind>
</comp>

<comp id="1160" class="1004" name="sext_ln791_6_fu_1160">
<pin_list>
<pin id="1161" dir="0" index="0" bw="32" slack="1"/>
<pin id="1162" dir="1" index="1" bw="40" slack="0"/>
</pin_list>
<bind>
<opcode="sext(35) " fcode="sext"/>
<opset="sext_ln791_6/4 "/>
</bind>
</comp>

<comp id="1164" class="1004" name="sext_ln791_7_fu_1164">
<pin_list>
<pin id="1165" dir="0" index="0" bw="8" slack="1"/>
<pin id="1166" dir="1" index="1" bw="40" slack="0"/>
</pin_list>
<bind>
<opcode="sext(35) " fcode="sext"/>
<opset="sext_ln791_7/4 "/>
</bind>
</comp>

<comp id="1168" class="1004" name="sext_ln791_8_fu_1168">
<pin_list>
<pin id="1169" dir="0" index="0" bw="32" slack="1"/>
<pin id="1170" dir="1" index="1" bw="40" slack="0"/>
</pin_list>
<bind>
<opcode="sext(35) " fcode="sext"/>
<opset="sext_ln791_8/4 "/>
</bind>
</comp>

<comp id="1172" class="1004" name="sext_ln791_9_fu_1172">
<pin_list>
<pin id="1173" dir="0" index="0" bw="8" slack="1"/>
<pin id="1174" dir="1" index="1" bw="40" slack="0"/>
</pin_list>
<bind>
<opcode="sext(35) " fcode="sext"/>
<opset="sext_ln791_9/4 "/>
</bind>
</comp>

<comp id="1176" class="1004" name="sext_ln791_10_fu_1176">
<pin_list>
<pin id="1177" dir="0" index="0" bw="32" slack="1"/>
<pin id="1178" dir="1" index="1" bw="40" slack="0"/>
</pin_list>
<bind>
<opcode="sext(35) " fcode="sext"/>
<opset="sext_ln791_10/4 "/>
</bind>
</comp>

<comp id="1180" class="1004" name="sext_ln791_11_fu_1180">
<pin_list>
<pin id="1181" dir="0" index="0" bw="8" slack="1"/>
<pin id="1182" dir="1" index="1" bw="40" slack="0"/>
</pin_list>
<bind>
<opcode="sext(35) " fcode="sext"/>
<opset="sext_ln791_11/4 "/>
</bind>
</comp>

<comp id="1184" class="1004" name="sext_ln791_12_fu_1184">
<pin_list>
<pin id="1185" dir="0" index="0" bw="32" slack="1"/>
<pin id="1186" dir="1" index="1" bw="40" slack="0"/>
</pin_list>
<bind>
<opcode="sext(35) " fcode="sext"/>
<opset="sext_ln791_12/4 "/>
</bind>
</comp>

<comp id="1188" class="1004" name="sext_ln791_13_fu_1188">
<pin_list>
<pin id="1189" dir="0" index="0" bw="8" slack="1"/>
<pin id="1190" dir="1" index="1" bw="40" slack="0"/>
</pin_list>
<bind>
<opcode="sext(35) " fcode="sext"/>
<opset="sext_ln791_13/4 "/>
</bind>
</comp>

<comp id="1192" class="1004" name="sext_ln791_14_fu_1192">
<pin_list>
<pin id="1193" dir="0" index="0" bw="32" slack="1"/>
<pin id="1194" dir="1" index="1" bw="40" slack="0"/>
</pin_list>
<bind>
<opcode="sext(35) " fcode="sext"/>
<opset="sext_ln791_14/4 "/>
</bind>
</comp>

<comp id="1196" class="1004" name="sext_ln791_15_fu_1196">
<pin_list>
<pin id="1197" dir="0" index="0" bw="8" slack="1"/>
<pin id="1198" dir="1" index="1" bw="40" slack="0"/>
</pin_list>
<bind>
<opcode="sext(35) " fcode="sext"/>
<opset="sext_ln791_15/4 "/>
</bind>
</comp>

<comp id="1200" class="1004" name="sext_ln791_16_fu_1200">
<pin_list>
<pin id="1201" dir="0" index="0" bw="32" slack="1"/>
<pin id="1202" dir="1" index="1" bw="40" slack="0"/>
</pin_list>
<bind>
<opcode="sext(35) " fcode="sext"/>
<opset="sext_ln791_16/4 "/>
</bind>
</comp>

<comp id="1204" class="1004" name="sext_ln791_17_fu_1204">
<pin_list>
<pin id="1205" dir="0" index="0" bw="8" slack="1"/>
<pin id="1206" dir="1" index="1" bw="40" slack="0"/>
</pin_list>
<bind>
<opcode="sext(35) " fcode="sext"/>
<opset="sext_ln791_17/4 "/>
</bind>
</comp>

<comp id="1208" class="1004" name="sext_ln791_18_fu_1208">
<pin_list>
<pin id="1209" dir="0" index="0" bw="32" slack="1"/>
<pin id="1210" dir="1" index="1" bw="40" slack="0"/>
</pin_list>
<bind>
<opcode="sext(35) " fcode="sext"/>
<opset="sext_ln791_18/4 "/>
</bind>
</comp>

<comp id="1212" class="1004" name="sext_ln791_19_fu_1212">
<pin_list>
<pin id="1213" dir="0" index="0" bw="8" slack="1"/>
<pin id="1214" dir="1" index="1" bw="40" slack="0"/>
</pin_list>
<bind>
<opcode="sext(35) " fcode="sext"/>
<opset="sext_ln791_19/4 "/>
</bind>
</comp>

<comp id="1216" class="1004" name="sext_ln791_20_fu_1216">
<pin_list>
<pin id="1217" dir="0" index="0" bw="32" slack="1"/>
<pin id="1218" dir="1" index="1" bw="40" slack="0"/>
</pin_list>
<bind>
<opcode="sext(35) " fcode="sext"/>
<opset="sext_ln791_20/4 "/>
</bind>
</comp>

<comp id="1220" class="1004" name="sext_ln791_21_fu_1220">
<pin_list>
<pin id="1221" dir="0" index="0" bw="8" slack="1"/>
<pin id="1222" dir="1" index="1" bw="40" slack="0"/>
</pin_list>
<bind>
<opcode="sext(35) " fcode="sext"/>
<opset="sext_ln791_21/4 "/>
</bind>
</comp>

<comp id="1224" class="1004" name="sext_ln791_22_fu_1224">
<pin_list>
<pin id="1225" dir="0" index="0" bw="32" slack="1"/>
<pin id="1226" dir="1" index="1" bw="40" slack="0"/>
</pin_list>
<bind>
<opcode="sext(35) " fcode="sext"/>
<opset="sext_ln791_22/4 "/>
</bind>
</comp>

<comp id="1228" class="1004" name="sext_ln791_23_fu_1228">
<pin_list>
<pin id="1229" dir="0" index="0" bw="8" slack="1"/>
<pin id="1230" dir="1" index="1" bw="40" slack="0"/>
</pin_list>
<bind>
<opcode="sext(35) " fcode="sext"/>
<opset="sext_ln791_23/4 "/>
</bind>
</comp>

<comp id="1232" class="1004" name="sext_ln791_24_fu_1232">
<pin_list>
<pin id="1233" dir="0" index="0" bw="32" slack="1"/>
<pin id="1234" dir="1" index="1" bw="40" slack="0"/>
</pin_list>
<bind>
<opcode="sext(35) " fcode="sext"/>
<opset="sext_ln791_24/4 "/>
</bind>
</comp>

<comp id="1236" class="1004" name="sext_ln791_25_fu_1236">
<pin_list>
<pin id="1237" dir="0" index="0" bw="8" slack="1"/>
<pin id="1238" dir="1" index="1" bw="40" slack="0"/>
</pin_list>
<bind>
<opcode="sext(35) " fcode="sext"/>
<opset="sext_ln791_25/4 "/>
</bind>
</comp>

<comp id="1240" class="1004" name="sext_ln791_26_fu_1240">
<pin_list>
<pin id="1241" dir="0" index="0" bw="32" slack="1"/>
<pin id="1242" dir="1" index="1" bw="40" slack="0"/>
</pin_list>
<bind>
<opcode="sext(35) " fcode="sext"/>
<opset="sext_ln791_26/4 "/>
</bind>
</comp>

<comp id="1244" class="1004" name="sext_ln791_27_fu_1244">
<pin_list>
<pin id="1245" dir="0" index="0" bw="8" slack="1"/>
<pin id="1246" dir="1" index="1" bw="40" slack="0"/>
</pin_list>
<bind>
<opcode="sext(35) " fcode="sext"/>
<opset="sext_ln791_27/4 "/>
</bind>
</comp>

<comp id="1248" class="1004" name="sext_ln791_28_fu_1248">
<pin_list>
<pin id="1249" dir="0" index="0" bw="32" slack="1"/>
<pin id="1250" dir="1" index="1" bw="40" slack="0"/>
</pin_list>
<bind>
<opcode="sext(35) " fcode="sext"/>
<opset="sext_ln791_28/4 "/>
</bind>
</comp>

<comp id="1252" class="1004" name="sext_ln791_29_fu_1252">
<pin_list>
<pin id="1253" dir="0" index="0" bw="8" slack="1"/>
<pin id="1254" dir="1" index="1" bw="40" slack="0"/>
</pin_list>
<bind>
<opcode="sext(35) " fcode="sext"/>
<opset="sext_ln791_29/4 "/>
</bind>
</comp>

<comp id="1256" class="1004" name="sext_ln791_30_fu_1256">
<pin_list>
<pin id="1257" dir="0" index="0" bw="32" slack="1"/>
<pin id="1258" dir="1" index="1" bw="40" slack="0"/>
</pin_list>
<bind>
<opcode="sext(35) " fcode="sext"/>
<opset="sext_ln791_30/4 "/>
</bind>
</comp>

<comp id="1260" class="1004" name="sext_ln791_31_fu_1260">
<pin_list>
<pin id="1261" dir="0" index="0" bw="8" slack="1"/>
<pin id="1262" dir="1" index="1" bw="40" slack="0"/>
</pin_list>
<bind>
<opcode="sext(35) " fcode="sext"/>
<opset="sext_ln791_31/4 "/>
</bind>
</comp>

<comp id="1264" class="1004" name="sext_ln797_fu_1264">
<pin_list>
<pin id="1265" dir="0" index="0" bw="40" slack="1"/>
<pin id="1266" dir="1" index="1" bw="41" slack="0"/>
</pin_list>
<bind>
<opcode="sext(35) " fcode="sext"/>
<opset="sext_ln797/6 "/>
</bind>
</comp>

<comp id="1267" class="1004" name="sext_ln798_fu_1267">
<pin_list>
<pin id="1268" dir="0" index="0" bw="40" slack="1"/>
<pin id="1269" dir="1" index="1" bw="41" slack="0"/>
</pin_list>
<bind>
<opcode="sext(35) " fcode="sext"/>
<opset="sext_ln798/6 "/>
</bind>
</comp>

<comp id="1270" class="1004" name="add_ln797_fu_1270">
<pin_list>
<pin id="1271" dir="0" index="0" bw="40" slack="0"/>
<pin id="1272" dir="0" index="1" bw="40" slack="0"/>
<pin id="1273" dir="1" index="2" bw="41" slack="0"/>
</pin_list>
<bind>
<opcode="add(8) " fcode="add"/>
<opset="add_ln797/6 "/>
</bind>
</comp>

<comp id="1276" class="1004" name="sext_ln797_1_fu_1276">
<pin_list>
<pin id="1277" dir="0" index="0" bw="40" slack="1"/>
<pin id="1278" dir="1" index="1" bw="41" slack="0"/>
</pin_list>
<bind>
<opcode="sext(35) " fcode="sext"/>
<opset="sext_ln797_1/6 "/>
</bind>
</comp>

<comp id="1279" class="1004" name="sext_ln798_1_fu_1279">
<pin_list>
<pin id="1280" dir="0" index="0" bw="40" slack="1"/>
<pin id="1281" dir="1" index="1" bw="41" slack="0"/>
</pin_list>
<bind>
<opcode="sext(35) " fcode="sext"/>
<opset="sext_ln798_1/6 "/>
</bind>
</comp>

<comp id="1282" class="1004" name="add_ln797_1_fu_1282">
<pin_list>
<pin id="1283" dir="0" index="0" bw="40" slack="0"/>
<pin id="1284" dir="0" index="1" bw="40" slack="0"/>
<pin id="1285" dir="1" index="2" bw="41" slack="0"/>
</pin_list>
<bind>
<opcode="add(8) " fcode="add"/>
<opset="add_ln797_1/6 "/>
</bind>
</comp>

<comp id="1288" class="1004" name="sext_ln797_2_fu_1288">
<pin_list>
<pin id="1289" dir="0" index="0" bw="40" slack="1"/>
<pin id="1290" dir="1" index="1" bw="41" slack="0"/>
</pin_list>
<bind>
<opcode="sext(35) " fcode="sext"/>
<opset="sext_ln797_2/6 "/>
</bind>
</comp>

<comp id="1291" class="1004" name="sext_ln798_2_fu_1291">
<pin_list>
<pin id="1292" dir="0" index="0" bw="40" slack="1"/>
<pin id="1293" dir="1" index="1" bw="41" slack="0"/>
</pin_list>
<bind>
<opcode="sext(35) " fcode="sext"/>
<opset="sext_ln798_2/6 "/>
</bind>
</comp>

<comp id="1294" class="1004" name="add_ln797_2_fu_1294">
<pin_list>
<pin id="1295" dir="0" index="0" bw="40" slack="0"/>
<pin id="1296" dir="0" index="1" bw="40" slack="0"/>
<pin id="1297" dir="1" index="2" bw="41" slack="0"/>
</pin_list>
<bind>
<opcode="add(8) " fcode="add"/>
<opset="add_ln797_2/6 "/>
</bind>
</comp>

<comp id="1300" class="1004" name="sext_ln797_3_fu_1300">
<pin_list>
<pin id="1301" dir="0" index="0" bw="40" slack="1"/>
<pin id="1302" dir="1" index="1" bw="41" slack="0"/>
</pin_list>
<bind>
<opcode="sext(35) " fcode="sext"/>
<opset="sext_ln797_3/6 "/>
</bind>
</comp>

<comp id="1303" class="1004" name="sext_ln798_3_fu_1303">
<pin_list>
<pin id="1304" dir="0" index="0" bw="40" slack="1"/>
<pin id="1305" dir="1" index="1" bw="41" slack="0"/>
</pin_list>
<bind>
<opcode="sext(35) " fcode="sext"/>
<opset="sext_ln798_3/6 "/>
</bind>
</comp>

<comp id="1306" class="1004" name="add_ln797_3_fu_1306">
<pin_list>
<pin id="1307" dir="0" index="0" bw="40" slack="0"/>
<pin id="1308" dir="0" index="1" bw="40" slack="0"/>
<pin id="1309" dir="1" index="2" bw="41" slack="0"/>
</pin_list>
<bind>
<opcode="add(8) " fcode="add"/>
<opset="add_ln797_3/6 "/>
</bind>
</comp>

<comp id="1312" class="1004" name="sext_ln797_4_fu_1312">
<pin_list>
<pin id="1313" dir="0" index="0" bw="40" slack="1"/>
<pin id="1314" dir="1" index="1" bw="41" slack="0"/>
</pin_list>
<bind>
<opcode="sext(35) " fcode="sext"/>
<opset="sext_ln797_4/6 "/>
</bind>
</comp>

<comp id="1315" class="1004" name="sext_ln798_4_fu_1315">
<pin_list>
<pin id="1316" dir="0" index="0" bw="40" slack="1"/>
<pin id="1317" dir="1" index="1" bw="41" slack="0"/>
</pin_list>
<bind>
<opcode="sext(35) " fcode="sext"/>
<opset="sext_ln798_4/6 "/>
</bind>
</comp>

<comp id="1318" class="1004" name="add_ln797_4_fu_1318">
<pin_list>
<pin id="1319" dir="0" index="0" bw="40" slack="0"/>
<pin id="1320" dir="0" index="1" bw="40" slack="0"/>
<pin id="1321" dir="1" index="2" bw="41" slack="0"/>
</pin_list>
<bind>
<opcode="add(8) " fcode="add"/>
<opset="add_ln797_4/6 "/>
</bind>
</comp>

<comp id="1324" class="1004" name="sext_ln797_5_fu_1324">
<pin_list>
<pin id="1325" dir="0" index="0" bw="40" slack="1"/>
<pin id="1326" dir="1" index="1" bw="41" slack="0"/>
</pin_list>
<bind>
<opcode="sext(35) " fcode="sext"/>
<opset="sext_ln797_5/6 "/>
</bind>
</comp>

<comp id="1327" class="1004" name="sext_ln798_5_fu_1327">
<pin_list>
<pin id="1328" dir="0" index="0" bw="40" slack="1"/>
<pin id="1329" dir="1" index="1" bw="41" slack="0"/>
</pin_list>
<bind>
<opcode="sext(35) " fcode="sext"/>
<opset="sext_ln798_5/6 "/>
</bind>
</comp>

<comp id="1330" class="1004" name="add_ln797_5_fu_1330">
<pin_list>
<pin id="1331" dir="0" index="0" bw="40" slack="0"/>
<pin id="1332" dir="0" index="1" bw="40" slack="0"/>
<pin id="1333" dir="1" index="2" bw="41" slack="0"/>
</pin_list>
<bind>
<opcode="add(8) " fcode="add"/>
<opset="add_ln797_5/6 "/>
</bind>
</comp>

<comp id="1336" class="1004" name="sext_ln797_6_fu_1336">
<pin_list>
<pin id="1337" dir="0" index="0" bw="40" slack="1"/>
<pin id="1338" dir="1" index="1" bw="41" slack="0"/>
</pin_list>
<bind>
<opcode="sext(35) " fcode="sext"/>
<opset="sext_ln797_6/6 "/>
</bind>
</comp>

<comp id="1339" class="1004" name="sext_ln798_6_fu_1339">
<pin_list>
<pin id="1340" dir="0" index="0" bw="40" slack="1"/>
<pin id="1341" dir="1" index="1" bw="41" slack="0"/>
</pin_list>
<bind>
<opcode="sext(35) " fcode="sext"/>
<opset="sext_ln798_6/6 "/>
</bind>
</comp>

<comp id="1342" class="1004" name="add_ln797_6_fu_1342">
<pin_list>
<pin id="1343" dir="0" index="0" bw="40" slack="0"/>
<pin id="1344" dir="0" index="1" bw="40" slack="0"/>
<pin id="1345" dir="1" index="2" bw="41" slack="0"/>
</pin_list>
<bind>
<opcode="add(8) " fcode="add"/>
<opset="add_ln797_6/6 "/>
</bind>
</comp>

<comp id="1348" class="1004" name="sext_ln797_7_fu_1348">
<pin_list>
<pin id="1349" dir="0" index="0" bw="40" slack="1"/>
<pin id="1350" dir="1" index="1" bw="41" slack="0"/>
</pin_list>
<bind>
<opcode="sext(35) " fcode="sext"/>
<opset="sext_ln797_7/6 "/>
</bind>
</comp>

<comp id="1351" class="1004" name="sext_ln798_7_fu_1351">
<pin_list>
<pin id="1352" dir="0" index="0" bw="40" slack="1"/>
<pin id="1353" dir="1" index="1" bw="41" slack="0"/>
</pin_list>
<bind>
<opcode="sext(35) " fcode="sext"/>
<opset="sext_ln798_7/6 "/>
</bind>
</comp>

<comp id="1354" class="1004" name="add_ln797_7_fu_1354">
<pin_list>
<pin id="1355" dir="0" index="0" bw="40" slack="0"/>
<pin id="1356" dir="0" index="1" bw="40" slack="0"/>
<pin id="1357" dir="1" index="2" bw="41" slack="0"/>
</pin_list>
<bind>
<opcode="add(8) " fcode="add"/>
<opset="add_ln797_7/6 "/>
</bind>
</comp>

<comp id="1360" class="1004" name="sext_ln804_fu_1360">
<pin_list>
<pin id="1361" dir="0" index="0" bw="41" slack="0"/>
<pin id="1362" dir="1" index="1" bw="42" slack="0"/>
</pin_list>
<bind>
<opcode="sext(35) " fcode="sext"/>
<opset="sext_ln804/6 "/>
</bind>
</comp>

<comp id="1364" class="1004" name="sext_ln805_fu_1364">
<pin_list>
<pin id="1365" dir="0" index="0" bw="41" slack="0"/>
<pin id="1366" dir="1" index="1" bw="42" slack="0"/>
</pin_list>
<bind>
<opcode="sext(35) " fcode="sext"/>
<opset="sext_ln805/6 "/>
</bind>
</comp>

<comp id="1368" class="1004" name="add_ln804_fu_1368">
<pin_list>
<pin id="1369" dir="0" index="0" bw="41" slack="0"/>
<pin id="1370" dir="0" index="1" bw="41" slack="0"/>
<pin id="1371" dir="1" index="2" bw="42" slack="1"/>
</pin_list>
<bind>
<opcode="add(8) " fcode="add"/>
<opset="add_ln804/6 "/>
</bind>
</comp>

<comp id="1374" class="1004" name="sext_ln804_1_fu_1374">
<pin_list>
<pin id="1375" dir="0" index="0" bw="41" slack="0"/>
<pin id="1376" dir="1" index="1" bw="42" slack="0"/>
</pin_list>
<bind>
<opcode="sext(35) " fcode="sext"/>
<opset="sext_ln804_1/6 "/>
</bind>
</comp>

<comp id="1378" class="1004" name="sext_ln805_1_fu_1378">
<pin_list>
<pin id="1379" dir="0" index="0" bw="41" slack="0"/>
<pin id="1380" dir="1" index="1" bw="42" slack="0"/>
</pin_list>
<bind>
<opcode="sext(35) " fcode="sext"/>
<opset="sext_ln805_1/6 "/>
</bind>
</comp>

<comp id="1382" class="1004" name="add_ln804_1_fu_1382">
<pin_list>
<pin id="1383" dir="0" index="0" bw="41" slack="0"/>
<pin id="1384" dir="0" index="1" bw="41" slack="0"/>
<pin id="1385" dir="1" index="2" bw="42" slack="1"/>
</pin_list>
<bind>
<opcode="add(8) " fcode="add"/>
<opset="add_ln804_1/6 "/>
</bind>
</comp>

<comp id="1388" class="1004" name="sext_ln804_2_fu_1388">
<pin_list>
<pin id="1389" dir="0" index="0" bw="41" slack="0"/>
<pin id="1390" dir="1" index="1" bw="42" slack="0"/>
</pin_list>
<bind>
<opcode="sext(35) " fcode="sext"/>
<opset="sext_ln804_2/6 "/>
</bind>
</comp>

<comp id="1392" class="1004" name="sext_ln805_2_fu_1392">
<pin_list>
<pin id="1393" dir="0" index="0" bw="41" slack="0"/>
<pin id="1394" dir="1" index="1" bw="42" slack="0"/>
</pin_list>
<bind>
<opcode="sext(35) " fcode="sext"/>
<opset="sext_ln805_2/6 "/>
</bind>
</comp>

<comp id="1396" class="1004" name="add_ln804_2_fu_1396">
<pin_list>
<pin id="1397" dir="0" index="0" bw="41" slack="0"/>
<pin id="1398" dir="0" index="1" bw="41" slack="0"/>
<pin id="1399" dir="1" index="2" bw="42" slack="1"/>
</pin_list>
<bind>
<opcode="add(8) " fcode="add"/>
<opset="add_ln804_2/6 "/>
</bind>
</comp>

<comp id="1402" class="1004" name="sext_ln804_3_fu_1402">
<pin_list>
<pin id="1403" dir="0" index="0" bw="41" slack="0"/>
<pin id="1404" dir="1" index="1" bw="42" slack="0"/>
</pin_list>
<bind>
<opcode="sext(35) " fcode="sext"/>
<opset="sext_ln804_3/6 "/>
</bind>
</comp>

<comp id="1406" class="1004" name="sext_ln805_3_fu_1406">
<pin_list>
<pin id="1407" dir="0" index="0" bw="41" slack="0"/>
<pin id="1408" dir="1" index="1" bw="42" slack="0"/>
</pin_list>
<bind>
<opcode="sext(35) " fcode="sext"/>
<opset="sext_ln805_3/6 "/>
</bind>
</comp>

<comp id="1410" class="1004" name="add_ln804_3_fu_1410">
<pin_list>
<pin id="1411" dir="0" index="0" bw="41" slack="0"/>
<pin id="1412" dir="0" index="1" bw="41" slack="0"/>
<pin id="1413" dir="1" index="2" bw="42" slack="1"/>
</pin_list>
<bind>
<opcode="add(8) " fcode="add"/>
<opset="add_ln804_3/6 "/>
</bind>
</comp>

<comp id="1416" class="1004" name="sext_ln811_fu_1416">
<pin_list>
<pin id="1417" dir="0" index="0" bw="42" slack="1"/>
<pin id="1418" dir="1" index="1" bw="43" slack="0"/>
</pin_list>
<bind>
<opcode="sext(35) " fcode="sext"/>
<opset="sext_ln811/7 "/>
</bind>
</comp>

<comp id="1419" class="1004" name="sext_ln812_fu_1419">
<pin_list>
<pin id="1420" dir="0" index="0" bw="42" slack="1"/>
<pin id="1421" dir="1" index="1" bw="43" slack="0"/>
</pin_list>
<bind>
<opcode="sext(35) " fcode="sext"/>
<opset="sext_ln812/7 "/>
</bind>
</comp>

<comp id="1422" class="1004" name="add_ln811_fu_1422">
<pin_list>
<pin id="1423" dir="0" index="0" bw="42" slack="0"/>
<pin id="1424" dir="0" index="1" bw="42" slack="0"/>
<pin id="1425" dir="1" index="2" bw="43" slack="0"/>
</pin_list>
<bind>
<opcode="add(8) " fcode="add"/>
<opset="add_ln811/7 "/>
</bind>
</comp>

<comp id="1428" class="1004" name="sext_ln811_1_fu_1428">
<pin_list>
<pin id="1429" dir="0" index="0" bw="42" slack="1"/>
<pin id="1430" dir="1" index="1" bw="43" slack="0"/>
</pin_list>
<bind>
<opcode="sext(35) " fcode="sext"/>
<opset="sext_ln811_1/7 "/>
</bind>
</comp>

<comp id="1431" class="1004" name="sext_ln812_1_fu_1431">
<pin_list>
<pin id="1432" dir="0" index="0" bw="42" slack="1"/>
<pin id="1433" dir="1" index="1" bw="43" slack="0"/>
</pin_list>
<bind>
<opcode="sext(35) " fcode="sext"/>
<opset="sext_ln812_1/7 "/>
</bind>
</comp>

<comp id="1434" class="1004" name="add_ln811_1_fu_1434">
<pin_list>
<pin id="1435" dir="0" index="0" bw="42" slack="0"/>
<pin id="1436" dir="0" index="1" bw="42" slack="0"/>
<pin id="1437" dir="1" index="2" bw="43" slack="0"/>
</pin_list>
<bind>
<opcode="add(8) " fcode="add"/>
<opset="add_ln811_1/7 "/>
</bind>
</comp>

<comp id="1440" class="1004" name="sext_ln815_fu_1440">
<pin_list>
<pin id="1441" dir="0" index="0" bw="43" slack="0"/>
<pin id="1442" dir="1" index="1" bw="44" slack="0"/>
</pin_list>
<bind>
<opcode="sext(35) " fcode="sext"/>
<opset="sext_ln815/7 "/>
</bind>
</comp>

<comp id="1444" class="1004" name="sext_ln815_1_fu_1444">
<pin_list>
<pin id="1445" dir="0" index="0" bw="43" slack="0"/>
<pin id="1446" dir="1" index="1" bw="44" slack="0"/>
</pin_list>
<bind>
<opcode="sext(35) " fcode="sext"/>
<opset="sext_ln815_1/7 "/>
</bind>
</comp>

<comp id="1448" class="1004" name="sum_fu_1448">
<pin_list>
<pin id="1449" dir="0" index="0" bw="43" slack="0"/>
<pin id="1450" dir="0" index="1" bw="43" slack="0"/>
<pin id="1451" dir="1" index="2" bw="44" slack="1"/>
</pin_list>
<bind>
<opcode="add(8) " fcode="add"/>
<opset="sum/7 "/>
</bind>
</comp>

<comp id="1454" class="1004" name="icmp_ln821_fu_1454">
<pin_list>
<pin id="1455" dir="0" index="0" bw="5" slack="4"/>
<pin id="1456" dir="0" index="1" bw="5" slack="0"/>
<pin id="1457" dir="1" index="2" bw="1" slack="1"/>
</pin_list>
<bind>
<opcode="icmp(45) " fcode="icmp"/>
<opset="icmp_ln821/7 "/>
</bind>
</comp>

<comp id="1459" class="1004" name="add_ln822_fu_1459">
<pin_list>
<pin id="1460" dir="0" index="0" bw="5" slack="4"/>
<pin id="1461" dir="0" index="1" bw="5" slack="0"/>
<pin id="1462" dir="1" index="2" bw="5" slack="1"/>
</pin_list>
<bind>
<opcode="add(8) " fcode="add"/>
<opset="add_ln822/7 "/>
</bind>
</comp>

<comp id="1464" class="1004" name="sub_ln824_fu_1464">
<pin_list>
<pin id="1465" dir="0" index="0" bw="5" slack="0"/>
<pin id="1466" dir="0" index="1" bw="5" slack="4"/>
<pin id="1467" dir="1" index="2" bw="5" slack="0"/>
</pin_list>
<bind>
<opcode="sub(10) " fcode="sub"/>
<opset="sub_ln824/7 "/>
</bind>
</comp>

<comp id="1469" class="1004" name="sub_ln824_1_fu_1469">
<pin_list>
<pin id="1470" dir="0" index="0" bw="1" slack="0"/>
<pin id="1471" dir="0" index="1" bw="5" slack="0"/>
<pin id="1472" dir="1" index="2" bw="5" slack="1"/>
</pin_list>
<bind>
<opcode="sub(10) " fcode="sub"/>
<opset="sub_ln824_1/7 "/>
</bind>
</comp>

<comp id="1475" class="1004" name="add_ln822cast_fu_1475">
<pin_list>
<pin id="1476" dir="0" index="0" bw="5" slack="1"/>
<pin id="1477" dir="1" index="1" bw="44" slack="0"/>
</pin_list>
<bind>
<opcode="zext(34) " fcode="zext"/>
<opset="add_ln822cast/8 "/>
</bind>
</comp>

<comp id="1478" class="1004" name="scaled_1_fu_1478">
<pin_list>
<pin id="1479" dir="0" index="0" bw="44" slack="1"/>
<pin id="1480" dir="0" index="1" bw="5" slack="0"/>
<pin id="1481" dir="1" index="2" bw="44" slack="0"/>
</pin_list>
<bind>
<opcode="shl(20) " fcode="shl"/>
<opset="scaled_1/8 "/>
</bind>
</comp>

<comp id="1483" class="1004" name="tmp_fu_1483">
<pin_list>
<pin id="1484" dir="0" index="0" bw="1" slack="0"/>
<pin id="1485" dir="0" index="1" bw="5" slack="1"/>
<pin id="1486" dir="0" index="2" bw="4" slack="0"/>
<pin id="1487" dir="1" index="3" bw="1" slack="0"/>
</pin_list>
<bind>
<opcode="bitselect(1000) " fcode="bitselect"/>
<opset="tmp/8 "/>
</bind>
</comp>

<comp id="1490" class="1004" name="sext_ln824_fu_1490">
<pin_list>
<pin id="1491" dir="0" index="0" bw="5" slack="1"/>
<pin id="1492" dir="1" index="1" bw="32" slack="0"/>
</pin_list>
<bind>
<opcode="sext(35) " fcode="sext"/>
<opset="sext_ln824/8 "/>
</bind>
</comp>

<comp id="1493" class="1004" name="sext_ln824cast_fu_1493">
<pin_list>
<pin id="1494" dir="0" index="0" bw="5" slack="0"/>
<pin id="1495" dir="1" index="1" bw="44" slack="0"/>
</pin_list>
<bind>
<opcode="zext(34) " fcode="zext"/>
<opset="sext_ln824cast/8 "/>
</bind>
</comp>

<comp id="1497" class="1004" name="scaled_2_fu_1497">
<pin_list>
<pin id="1498" dir="0" index="0" bw="44" slack="1"/>
<pin id="1499" dir="0" index="1" bw="32" slack="0"/>
<pin id="1500" dir="1" index="2" bw="44" slack="0"/>
</pin_list>
<bind>
<opcode="shl(20) " fcode="shl"/>
<opset="scaled_2/8 "/>
</bind>
</comp>

<comp id="1502" class="1004" name="sub_ln824cast_fu_1502">
<pin_list>
<pin id="1503" dir="0" index="0" bw="5" slack="1"/>
<pin id="1504" dir="1" index="1" bw="44" slack="0"/>
</pin_list>
<bind>
<opcode="zext(34) " fcode="zext"/>
<opset="sub_ln824cast/8 "/>
</bind>
</comp>

<comp id="1505" class="1004" name="scaled_3_fu_1505">
<pin_list>
<pin id="1506" dir="0" index="0" bw="44" slack="1"/>
<pin id="1507" dir="0" index="1" bw="5" slack="0"/>
<pin id="1508" dir="1" index="2" bw="44" slack="0"/>
</pin_list>
<bind>
<opcode="ashr(22) " fcode="ashr"/>
<opset="scaled_3/8 "/>
</bind>
</comp>

<comp id="1510" class="1004" name="xor_ln821_fu_1510">
<pin_list>
<pin id="1511" dir="0" index="0" bw="1" slack="1"/>
<pin id="1512" dir="0" index="1" bw="1" slack="0"/>
<pin id="1513" dir="1" index="2" bw="1" slack="0"/>
</pin_list>
<bind>
<opcode="xor(25) " fcode="xor"/>
<opset="xor_ln821/8 "/>
</bind>
</comp>

<comp id="1515" class="1004" name="and_ln824_fu_1515">
<pin_list>
<pin id="1516" dir="0" index="0" bw="1" slack="0"/>
<pin id="1517" dir="0" index="1" bw="1" slack="0"/>
<pin id="1518" dir="1" index="2" bw="1" slack="0"/>
</pin_list>
<bind>
<opcode="and(23) " fcode="and"/>
<opset="and_ln824/8 "/>
</bind>
</comp>

<comp id="1521" class="1004" name="select_ln821_fu_1521">
<pin_list>
<pin id="1522" dir="0" index="0" bw="1" slack="1"/>
<pin id="1523" dir="0" index="1" bw="44" slack="0"/>
<pin id="1524" dir="0" index="2" bw="44" slack="0"/>
<pin id="1525" dir="1" index="3" bw="44" slack="0"/>
</pin_list>
<bind>
<opcode="select(49) " fcode="select"/>
<opset="select_ln821/8 "/>
</bind>
</comp>

<comp id="1528" class="1004" name="scaled_fu_1528">
<pin_list>
<pin id="1529" dir="0" index="0" bw="1" slack="0"/>
<pin id="1530" dir="0" index="1" bw="44" slack="0"/>
<pin id="1531" dir="0" index="2" bw="44" slack="0"/>
<pin id="1532" dir="1" index="3" bw="44" slack="0"/>
</pin_list>
<bind>
<opcode="select(49) " fcode="select"/>
<opset="scaled/8 "/>
</bind>
</comp>

<comp id="1536" class="1004" name="store_ln850_store_fu_1536">
<pin_list>
<pin id="1537" dir="0" index="0" bw="44" slack="0"/>
<pin id="1538" dir="0" index="1" bw="44" slack="7"/>
<pin id="1539" dir="1" index="2" bw="0" slack="2147483647"/>
</pin_list>
<bind>
<opcode="store(28) " fcode="store"/>
<opset="store_ln850/8 "/>
</bind>
</comp>

<comp id="1541" class="1004" name="group_first_half_load_load_fu_1541">
<pin_list>
<pin id="1542" dir="0" index="0" bw="44" slack="7"/>
<pin id="1543" dir="1" index="1" bw="44" slack="0"/>
</pin_list>
<bind>
<opcode="load(27) " fcode="load"/>
<opset="group_first_half_load/8 "/>
</bind>
</comp>

<comp id="1544" class="1004" name="group_dot_fu_1544">
<pin_list>
<pin id="1545" dir="0" index="0" bw="44" slack="0"/>
<pin id="1546" dir="0" index="1" bw="44" slack="0"/>
<pin id="1547" dir="1" index="2" bw="44" slack="1"/>
</pin_list>
<bind>
<opcode="add(8) " fcode="add"/>
<opset="group_dot/8 "/>
</bind>
</comp>

<comp id="1550" class="1004" name="token_dot_load_load_fu_1550">
<pin_list>
<pin id="1551" dir="0" index="0" bw="44" slack="8"/>
<pin id="1552" dir="1" index="1" bw="44" slack="0"/>
</pin_list>
<bind>
<opcode="load(27) " fcode="load"/>
<opset="token_dot_load/9 "/>
</bind>
</comp>

<comp id="1553" class="1004" name="next_dot_fu_1553">
<pin_list>
<pin id="1554" dir="0" index="0" bw="44" slack="1"/>
<pin id="1555" dir="0" index="1" bw="44" slack="0"/>
<pin id="1556" dir="1" index="2" bw="44" slack="0"/>
</pin_list>
<bind>
<opcode="add(8) " fcode="add"/>
<opset="next_dot/9 "/>
</bind>
</comp>

<comp id="1558" class="1004" name="group_dot_2_fu_1558">
<pin_list>
<pin id="1559" dir="0" index="0" bw="1" slack="6"/>
<pin id="1560" dir="0" index="1" bw="44" slack="1"/>
<pin id="1561" dir="0" index="2" bw="44" slack="0"/>
<pin id="1562" dir="1" index="3" bw="44" slack="0"/>
</pin_list>
<bind>
<opcode="select(49) " fcode="select"/>
<opset="group_dot_2/9 "/>
</bind>
</comp>

<comp id="1564" class="1004" name="store_ln851_store_fu_1564">
<pin_list>
<pin id="1565" dir="0" index="0" bw="44" slack="0"/>
<pin id="1566" dir="0" index="1" bw="44" slack="8"/>
<pin id="1567" dir="1" index="2" bw="0" slack="2147483647"/>
</pin_list>
<bind>
<opcode="store(28) " fcode="store"/>
<opset="store_ln851/9 "/>
</bind>
</comp>

<comp id="1569" class="1004" name="sext_ln915_fu_1569">
<pin_list>
<pin id="1570" dir="0" index="0" bw="44" slack="1"/>
<pin id="1571" dir="1" index="1" bw="58" slack="0"/>
</pin_list>
<bind>
<opcode="sext(35) " fcode="sext"/>
<opset="sext_ln915/10 "/>
</bind>
</comp>

<comp id="1573" class="1004" name="tmp_164_fu_1573">
<pin_list>
<pin id="1574" dir="0" index="0" bw="1" slack="0"/>
<pin id="1575" dir="0" index="1" bw="58" slack="0"/>
<pin id="1576" dir="0" index="2" bw="7" slack="0"/>
<pin id="1577" dir="1" index="3" bw="1" slack="1"/>
</pin_list>
<bind>
<opcode="bitselect(1000) " fcode="bitselect"/>
<opset="tmp_164/14 "/>
</bind>
</comp>

<comp id="1581" class="1004" name="trunc_ln915_fu_1581">
<pin_list>
<pin id="1582" dir="0" index="0" bw="58" slack="0"/>
<pin id="1583" dir="1" index="1" bw="23" slack="1"/>
</pin_list>
<bind>
<opcode="trunc(33) " fcode="trunc"/>
<opset="trunc_ln915/14 "/>
</bind>
</comp>

<comp id="1585" class="1004" name="tmp_s_fu_1585">
<pin_list>
<pin id="1586" dir="0" index="0" bw="2" slack="0"/>
<pin id="1587" dir="0" index="1" bw="58" slack="0"/>
<pin id="1588" dir="0" index="2" bw="7" slack="0"/>
<pin id="1589" dir="0" index="3" bw="7" slack="0"/>
<pin id="1590" dir="1" index="4" bw="2" slack="1"/>
</pin_list>
<bind>
<opcode="partselect(1002) " fcode="partselect"/>
<opset="tmp_s/14 "/>
</bind>
</comp>

<comp id="1595" class="1004" name="score_fu_1595">
<pin_list>
<pin id="1596" dir="0" index="0" bw="32" slack="0"/>
<pin id="1597" dir="0" index="1" bw="58" slack="1"/>
<pin id="1598" dir="0" index="2" bw="6" slack="0"/>
<pin id="1599" dir="0" index="3" bw="7" slack="0"/>
<pin id="1600" dir="1" index="4" bw="32" slack="0"/>
</pin_list>
<bind>
<opcode="partselect(1002) " fcode="partselect"/>
<opset="score/15 "/>
</bind>
</comp>

<comp id="1604" class="1004" name="tmp_165_fu_1604">
<pin_list>
<pin id="1605" dir="0" index="0" bw="1" slack="0"/>
<pin id="1606" dir="0" index="1" bw="58" slack="1"/>
<pin id="1607" dir="0" index="2" bw="6" slack="0"/>
<pin id="1608" dir="1" index="3" bw="1" slack="0"/>
</pin_list>
<bind>
<opcode="bitselect(1000) " fcode="bitselect"/>
<opset="tmp_165/15 "/>
</bind>
</comp>

<comp id="1611" class="1004" name="tmp_166_fu_1611">
<pin_list>
<pin id="1612" dir="0" index="0" bw="1" slack="0"/>
<pin id="1613" dir="0" index="1" bw="58" slack="1"/>
<pin id="1614" dir="0" index="2" bw="6" slack="0"/>
<pin id="1615" dir="1" index="3" bw="1" slack="0"/>
</pin_list>
<bind>
<opcode="bitselect(1000) " fcode="bitselect"/>
<opset="tmp_166/15 "/>
</bind>
</comp>

<comp id="1618" class="1004" name="icmp_ln915_fu_1618">
<pin_list>
<pin id="1619" dir="0" index="0" bw="23" slack="1"/>
<pin id="1620" dir="0" index="1" bw="23" slack="0"/>
<pin id="1621" dir="1" index="2" bw="1" slack="0"/>
</pin_list>
<bind>
<opcode="icmp(45) " fcode="icmp"/>
<opset="icmp_ln915/15 "/>
</bind>
</comp>

<comp id="1623" class="1004" name="tmp_167_fu_1623">
<pin_list>
<pin id="1624" dir="0" index="0" bw="1" slack="0"/>
<pin id="1625" dir="0" index="1" bw="58" slack="1"/>
<pin id="1626" dir="0" index="2" bw="7" slack="0"/>
<pin id="1627" dir="1" index="3" bw="1" slack="0"/>
</pin_list>
<bind>
<opcode="bitselect(1000) " fcode="bitselect"/>
<opset="tmp_167/15 "/>
</bind>
</comp>

<comp id="1630" class="1004" name="or_ln915_fu_1630">
<pin_list>
<pin id="1631" dir="0" index="0" bw="1" slack="0"/>
<pin id="1632" dir="0" index="1" bw="1" slack="0"/>
<pin id="1633" dir="1" index="2" bw="1" slack="0"/>
</pin_list>
<bind>
<opcode="or(24) " fcode="or"/>
<opset="or_ln915/15 "/>
</bind>
</comp>

<comp id="1636" class="1004" name="and_ln915_fu_1636">
<pin_list>
<pin id="1637" dir="0" index="0" bw="1" slack="0"/>
<pin id="1638" dir="0" index="1" bw="1" slack="0"/>
<pin id="1639" dir="1" index="2" bw="1" slack="0"/>
</pin_list>
<bind>
<opcode="and(23) " fcode="and"/>
<opset="and_ln915/15 "/>
</bind>
</comp>

<comp id="1642" class="1004" name="zext_ln915_fu_1642">
<pin_list>
<pin id="1643" dir="0" index="0" bw="1" slack="0"/>
<pin id="1644" dir="1" index="1" bw="32" slack="0"/>
</pin_list>
<bind>
<opcode="zext(34) " fcode="zext"/>
<opset="zext_ln915/15 "/>
</bind>
</comp>

<comp id="1646" class="1004" name="score_1_fu_1646">
<pin_list>
<pin id="1647" dir="0" index="0" bw="32" slack="0"/>
<pin id="1648" dir="0" index="1" bw="1" slack="0"/>
<pin id="1649" dir="1" index="2" bw="32" slack="0"/>
</pin_list>
<bind>
<opcode="add(8) " fcode="add"/>
<opset="score_1/15 "/>
</bind>
</comp>

<comp id="1652" class="1004" name="tmp_168_fu_1652">
<pin_list>
<pin id="1653" dir="0" index="0" bw="1" slack="0"/>
<pin id="1654" dir="0" index="1" bw="32" slack="0"/>
<pin id="1655" dir="0" index="2" bw="6" slack="0"/>
<pin id="1656" dir="1" index="3" bw="1" slack="0"/>
</pin_list>
<bind>
<opcode="bitselect(1000) " fcode="bitselect"/>
<opset="tmp_168/15 "/>
</bind>
</comp>

<comp id="1660" class="1004" name="xor_ln915_fu_1660">
<pin_list>
<pin id="1661" dir="0" index="0" bw="1" slack="0"/>
<pin id="1662" dir="0" index="1" bw="1" slack="0"/>
<pin id="1663" dir="1" index="2" bw="1" slack="0"/>
</pin_list>
<bind>
<opcode="xor(25) " fcode="xor"/>
<opset="xor_ln915/15 "/>
</bind>
</comp>

<comp id="1666" class="1004" name="and_ln915_1_fu_1666">
<pin_list>
<pin id="1667" dir="0" index="0" bw="1" slack="0"/>
<pin id="1668" dir="0" index="1" bw="1" slack="0"/>
<pin id="1669" dir="1" index="2" bw="1" slack="0"/>
</pin_list>
<bind>
<opcode="and(23) " fcode="and"/>
<opset="and_ln915_1/15 "/>
</bind>
</comp>

<comp id="1672" class="1004" name="icmp_ln915_1_fu_1672">
<pin_list>
<pin id="1673" dir="0" index="0" bw="2" slack="1"/>
<pin id="1674" dir="0" index="1" bw="2" slack="0"/>
<pin id="1675" dir="1" index="2" bw="1" slack="0"/>
</pin_list>
<bind>
<opcode="icmp(45) " fcode="icmp"/>
<opset="icmp_ln915_1/15 "/>
</bind>
</comp>

<comp id="1677" class="1004" name="icmp_ln915_2_fu_1677">
<pin_list>
<pin id="1678" dir="0" index="0" bw="2" slack="1"/>
<pin id="1679" dir="0" index="1" bw="2" slack="0"/>
<pin id="1680" dir="1" index="2" bw="1" slack="0"/>
</pin_list>
<bind>
<opcode="icmp(45) " fcode="icmp"/>
<opset="icmp_ln915_2/15 "/>
</bind>
</comp>

<comp id="1682" class="1004" name="select_ln915_fu_1682">
<pin_list>
<pin id="1683" dir="0" index="0" bw="1" slack="0"/>
<pin id="1684" dir="0" index="1" bw="1" slack="0"/>
<pin id="1685" dir="0" index="2" bw="1" slack="0"/>
<pin id="1686" dir="1" index="3" bw="1" slack="0"/>
</pin_list>
<bind>
<opcode="select(49) " fcode="select"/>
<opset="select_ln915/15 "/>
</bind>
</comp>

<comp id="1690" class="1004" name="tmp_169_fu_1690">
<pin_list>
<pin id="1691" dir="0" index="0" bw="1" slack="0"/>
<pin id="1692" dir="0" index="1" bw="58" slack="1"/>
<pin id="1693" dir="0" index="2" bw="7" slack="0"/>
<pin id="1694" dir="1" index="3" bw="1" slack="0"/>
</pin_list>
<bind>
<opcode="bitselect(1000) " fcode="bitselect"/>
<opset="tmp_169/15 "/>
</bind>
</comp>

<comp id="1697" class="1004" name="xor_ln915_4_fu_1697">
<pin_list>
<pin id="1698" dir="0" index="0" bw="1" slack="0"/>
<pin id="1699" dir="0" index="1" bw="1" slack="0"/>
<pin id="1700" dir="1" index="2" bw="1" slack="0"/>
</pin_list>
<bind>
<opcode="xor(25) " fcode="xor"/>
<opset="xor_ln915_4/15 "/>
</bind>
</comp>

<comp id="1703" class="1004" name="and_ln915_2_fu_1703">
<pin_list>
<pin id="1704" dir="0" index="0" bw="1" slack="1"/>
<pin id="1705" dir="0" index="1" bw="1" slack="0"/>
<pin id="1706" dir="1" index="2" bw="1" slack="0"/>
</pin_list>
<bind>
<opcode="and(23) " fcode="and"/>
<opset="and_ln915_2/15 "/>
</bind>
</comp>

<comp id="1708" class="1004" name="select_ln915_1_fu_1708">
<pin_list>
<pin id="1709" dir="0" index="0" bw="1" slack="0"/>
<pin id="1710" dir="0" index="1" bw="1" slack="0"/>
<pin id="1711" dir="0" index="2" bw="1" slack="0"/>
<pin id="1712" dir="1" index="3" bw="1" slack="0"/>
</pin_list>
<bind>
<opcode="select(49) " fcode="select"/>
<opset="select_ln915_1/15 "/>
</bind>
</comp>

<comp id="1716" class="1004" name="and_ln915_3_fu_1716">
<pin_list>
<pin id="1717" dir="0" index="0" bw="1" slack="0"/>
<pin id="1718" dir="0" index="1" bw="1" slack="0"/>
<pin id="1719" dir="1" index="2" bw="1" slack="0"/>
</pin_list>
<bind>
<opcode="and(23) " fcode="and"/>
<opset="and_ln915_3/15 "/>
</bind>
</comp>

<comp id="1722" class="1004" name="xor_ln915_1_fu_1722">
<pin_list>
<pin id="1723" dir="0" index="0" bw="1" slack="0"/>
<pin id="1724" dir="0" index="1" bw="1" slack="0"/>
<pin id="1725" dir="1" index="2" bw="1" slack="0"/>
</pin_list>
<bind>
<opcode="xor(25) " fcode="xor"/>
<opset="xor_ln915_1/15 "/>
</bind>
</comp>

<comp id="1728" class="1004" name="or_ln915_1_fu_1728">
<pin_list>
<pin id="1729" dir="0" index="0" bw="1" slack="0"/>
<pin id="1730" dir="0" index="1" bw="1" slack="0"/>
<pin id="1731" dir="1" index="2" bw="1" slack="0"/>
</pin_list>
<bind>
<opcode="or(24) " fcode="or"/>
<opset="or_ln915_1/15 "/>
</bind>
</comp>

<comp id="1734" class="1004" name="xor_ln915_2_fu_1734">
<pin_list>
<pin id="1735" dir="0" index="0" bw="1" slack="1"/>
<pin id="1736" dir="0" index="1" bw="1" slack="0"/>
<pin id="1737" dir="1" index="2" bw="1" slack="0"/>
</pin_list>
<bind>
<opcode="xor(25) " fcode="xor"/>
<opset="xor_ln915_2/15 "/>
</bind>
</comp>

<comp id="1739" class="1004" name="and_ln915_4_fu_1739">
<pin_list>
<pin id="1740" dir="0" index="0" bw="1" slack="0"/>
<pin id="1741" dir="0" index="1" bw="1" slack="0"/>
<pin id="1742" dir="1" index="2" bw="1" slack="0"/>
</pin_list>
<bind>
<opcode="and(23) " fcode="and"/>
<opset="and_ln915_4/15 "/>
</bind>
</comp>

<comp id="1745" class="1004" name="and_ln915_5_fu_1745">
<pin_list>
<pin id="1746" dir="0" index="0" bw="1" slack="0"/>
<pin id="1747" dir="0" index="1" bw="1" slack="0"/>
<pin id="1748" dir="1" index="2" bw="1" slack="0"/>
</pin_list>
<bind>
<opcode="and(23) " fcode="and"/>
<opset="and_ln915_5/15 "/>
</bind>
</comp>

<comp id="1751" class="1004" name="or_ln915_3_fu_1751">
<pin_list>
<pin id="1752" dir="0" index="0" bw="1" slack="0"/>
<pin id="1753" dir="0" index="1" bw="1" slack="0"/>
<pin id="1754" dir="1" index="2" bw="1" slack="0"/>
</pin_list>
<bind>
<opcode="or(24) " fcode="or"/>
<opset="or_ln915_3/15 "/>
</bind>
</comp>

<comp id="1757" class="1004" name="xor_ln915_3_fu_1757">
<pin_list>
<pin id="1758" dir="0" index="0" bw="1" slack="0"/>
<pin id="1759" dir="0" index="1" bw="1" slack="0"/>
<pin id="1760" dir="1" index="2" bw="1" slack="0"/>
</pin_list>
<bind>
<opcode="xor(25) " fcode="xor"/>
<opset="xor_ln915_3/15 "/>
</bind>
</comp>

<comp id="1763" class="1004" name="and_ln915_6_fu_1763">
<pin_list>
<pin id="1764" dir="0" index="0" bw="1" slack="1"/>
<pin id="1765" dir="0" index="1" bw="1" slack="0"/>
<pin id="1766" dir="1" index="2" bw="1" slack="0"/>
</pin_list>
<bind>
<opcode="and(23) " fcode="and"/>
<opset="and_ln915_6/15 "/>
</bind>
</comp>

<comp id="1768" class="1004" name="or_ln915_2_fu_1768">
<pin_list>
<pin id="1769" dir="0" index="0" bw="1" slack="0"/>
<pin id="1770" dir="0" index="1" bw="1" slack="0"/>
<pin id="1771" dir="1" index="2" bw="1" slack="1"/>
</pin_list>
<bind>
<opcode="or(24) " fcode="or"/>
<opset="or_ln915_2/15 "/>
</bind>
</comp>

<comp id="1774" class="1004" name="select_ln915_2_fu_1774">
<pin_list>
<pin id="1775" dir="0" index="0" bw="1" slack="1"/>
<pin id="1776" dir="0" index="1" bw="32" slack="0"/>
<pin id="1777" dir="0" index="2" bw="32" slack="0"/>
<pin id="1778" dir="1" index="3" bw="32" slack="0"/>
</pin_list>
<bind>
<opcode="select(49) " fcode="select"/>
<opset="select_ln915_2/16 "/>
</bind>
</comp>

<comp id="1781" class="1004" name="score_2_fu_1781">
<pin_list>
<pin id="1782" dir="0" index="0" bw="1" slack="1"/>
<pin id="1783" dir="0" index="1" bw="32" slack="0"/>
<pin id="1784" dir="0" index="2" bw="32" slack="1"/>
<pin id="1785" dir="1" index="3" bw="32" slack="0"/>
</pin_list>
<bind>
<opcode="select(49) " fcode="select"/>
<opset="score_2/16 "/>
</bind>
</comp>

<comp id="1788" class="1005" name="dot_phase_reg_1788">
<pin_list>
<pin id="1789" dir="0" index="0" bw="16" slack="0"/>
<pin id="1790" dir="1" index="1" bw="16" slack="0"/>
</pin_list>
<bind>
<opset="dot_phase "/>
</bind>
</comp>

<comp id="1795" class="1005" name="group_first_half_reg_1795">
<pin_list>
<pin id="1796" dir="0" index="0" bw="44" slack="0"/>
<pin id="1797" dir="1" index="1" bw="44" slack="0"/>
</pin_list>
<bind>
<opset="group_first_half "/>
</bind>
</comp>

<comp id="1802" class="1005" name="token_dot_reg_1802">
<pin_list>
<pin id="1803" dir="0" index="0" bw="44" slack="0"/>
<pin id="1804" dir="1" index="1" bw="44" slack="0"/>
</pin_list>
<bind>
<opset="token_dot "/>
</bind>
</comp>

<comp id="1809" class="1005" name="key_chunk_reg_1809">
<pin_list>
<pin id="1810" dir="0" index="0" bw="128" slack="1"/>
<pin id="1811" dir="1" index="1" bw="128" slack="1"/>
</pin_list>
<bind>
<opset="key_chunk "/>
</bind>
</comp>

<comp id="1815" class="1005" name="key_chunk_1_reg_1815">
<pin_list>
<pin id="1816" dir="0" index="0" bw="128" slack="1"/>
<pin id="1817" dir="1" index="1" bw="128" slack="1"/>
</pin_list>
<bind>
<opset="key_chunk_1 "/>
</bind>
</comp>

<comp id="1821" class="1005" name="key_chunk_2_reg_1821">
<pin_list>
<pin id="1822" dir="0" index="0" bw="128" slack="1"/>
<pin id="1823" dir="1" index="1" bw="128" slack="1"/>
</pin_list>
<bind>
<opset="key_chunk_2 "/>
</bind>
</comp>

<comp id="1827" class="1005" name="key_chunk_3_reg_1827">
<pin_list>
<pin id="1828" dir="0" index="0" bw="128" slack="1"/>
<pin id="1829" dir="1" index="1" bw="128" slack="1"/>
</pin_list>
<bind>
<opset="key_chunk_3 "/>
</bind>
</comp>

<comp id="1833" class="1005" name="key_chunk_4_reg_1833">
<pin_list>
<pin id="1834" dir="0" index="0" bw="128" slack="1"/>
<pin id="1835" dir="1" index="1" bw="128" slack="1"/>
</pin_list>
<bind>
<opset="key_chunk_4 "/>
</bind>
</comp>

<comp id="1839" class="1005" name="key_chunk_5_reg_1839">
<pin_list>
<pin id="1840" dir="0" index="0" bw="128" slack="1"/>
<pin id="1841" dir="1" index="1" bw="128" slack="1"/>
</pin_list>
<bind>
<opset="key_chunk_5 "/>
</bind>
</comp>

<comp id="1845" class="1005" name="key_chunk_6_reg_1845">
<pin_list>
<pin id="1846" dir="0" index="0" bw="128" slack="1"/>
<pin id="1847" dir="1" index="1" bw="128" slack="1"/>
</pin_list>
<bind>
<opset="key_chunk_6 "/>
</bind>
</comp>

<comp id="1851" class="1005" name="key_chunk_7_reg_1851">
<pin_list>
<pin id="1852" dir="0" index="0" bw="128" slack="1"/>
<pin id="1853" dir="1" index="1" bw="128" slack="1"/>
</pin_list>
<bind>
<opset="key_chunk_7 "/>
</bind>
</comp>

<comp id="1857" class="1005" name="key_shift_reg_1857">
<pin_list>
<pin id="1858" dir="0" index="0" bw="5" slack="1"/>
<pin id="1859" dir="1" index="1" bw="5" slack="1"/>
</pin_list>
<bind>
<opset="key_shift "/>
</bind>
</comp>

<comp id="1863" class="1005" name="key_shift_1_reg_1863">
<pin_list>
<pin id="1864" dir="0" index="0" bw="5" slack="1"/>
<pin id="1865" dir="1" index="1" bw="5" slack="1"/>
</pin_list>
<bind>
<opset="key_shift_1 "/>
</bind>
</comp>

<comp id="1869" class="1005" name="key_shift_2_reg_1869">
<pin_list>
<pin id="1870" dir="0" index="0" bw="5" slack="1"/>
<pin id="1871" dir="1" index="1" bw="5" slack="1"/>
</pin_list>
<bind>
<opset="key_shift_2 "/>
</bind>
</comp>

<comp id="1875" class="1005" name="key_shift_3_reg_1875">
<pin_list>
<pin id="1876" dir="0" index="0" bw="5" slack="1"/>
<pin id="1877" dir="1" index="1" bw="5" slack="1"/>
</pin_list>
<bind>
<opset="key_shift_3 "/>
</bind>
</comp>

<comp id="1881" class="1005" name="icmp_ln855_reg_1881">
<pin_list>
<pin id="1882" dir="0" index="0" bw="1" slack="14"/>
<pin id="1883" dir="1" index="1" bw="1" slack="2147483647"/>
</pin_list>
<bind>
<opset="icmp_ln855 "/>
</bind>
</comp>

<comp id="1885" class="1005" name="half_reg_1885">
<pin_list>
<pin id="1886" dir="0" index="0" bw="1" slack="2"/>
<pin id="1887" dir="1" index="1" bw="1" slack="2147483647"/>
</pin_list>
<bind>
<opset="half "/>
</bind>
</comp>

<comp id="1889" class="1005" name="phase_reg_1889">
<pin_list>
<pin id="1890" dir="0" index="0" bw="3" slack="1"/>
<pin id="1891" dir="1" index="1" bw="3" slack="1"/>
</pin_list>
<bind>
<opset="phase "/>
</bind>
</comp>

<comp id="1895" class="1005" name="icmp_ln860_reg_1895">
<pin_list>
<pin id="1896" dir="0" index="0" bw="1" slack="1"/>
<pin id="1897" dir="1" index="1" bw="1" slack="2147483647"/>
</pin_list>
<bind>
<opset="icmp_ln860 "/>
</bind>
</comp>

<comp id="1899" class="1005" name="trunc_ln_reg_1899">
<pin_list>
<pin id="1900" dir="0" index="0" bw="2" slack="2"/>
<pin id="1901" dir="1" index="1" bw="2" slack="2"/>
</pin_list>
<bind>
<opset="trunc_ln "/>
</bind>
</comp>

<comp id="1906" class="1005" name="query_0_addr_reg_1906">
<pin_list>
<pin id="1907" dir="0" index="0" bw="3" slack="1"/>
<pin id="1908" dir="1" index="1" bw="3" slack="1"/>
</pin_list>
<bind>
<opset="query_0_addr "/>
</bind>
</comp>

<comp id="1911" class="1005" name="query_1_addr_reg_1911">
<pin_list>
<pin id="1912" dir="0" index="0" bw="3" slack="1"/>
<pin id="1913" dir="1" index="1" bw="3" slack="1"/>
</pin_list>
<bind>
<opset="query_1_addr "/>
</bind>
</comp>

<comp id="1916" class="1005" name="query_2_addr_reg_1916">
<pin_list>
<pin id="1917" dir="0" index="0" bw="3" slack="1"/>
<pin id="1918" dir="1" index="1" bw="3" slack="1"/>
</pin_list>
<bind>
<opset="query_2_addr "/>
</bind>
</comp>

<comp id="1921" class="1005" name="query_3_addr_reg_1921">
<pin_list>
<pin id="1922" dir="0" index="0" bw="3" slack="1"/>
<pin id="1923" dir="1" index="1" bw="3" slack="1"/>
</pin_list>
<bind>
<opset="query_3_addr "/>
</bind>
</comp>

<comp id="1926" class="1005" name="query_4_addr_reg_1926">
<pin_list>
<pin id="1927" dir="0" index="0" bw="3" slack="1"/>
<pin id="1928" dir="1" index="1" bw="3" slack="1"/>
</pin_list>
<bind>
<opset="query_4_addr "/>
</bind>
</comp>

<comp id="1931" class="1005" name="query_5_addr_reg_1931">
<pin_list>
<pin id="1932" dir="0" index="0" bw="3" slack="1"/>
<pin id="1933" dir="1" index="1" bw="3" slack="1"/>
</pin_list>
<bind>
<opset="query_5_addr "/>
</bind>
</comp>

<comp id="1936" class="1005" name="query_6_addr_reg_1936">
<pin_list>
<pin id="1937" dir="0" index="0" bw="3" slack="1"/>
<pin id="1938" dir="1" index="1" bw="3" slack="1"/>
</pin_list>
<bind>
<opset="query_6_addr "/>
</bind>
</comp>

<comp id="1941" class="1005" name="query_7_addr_reg_1941">
<pin_list>
<pin id="1942" dir="0" index="0" bw="3" slack="1"/>
<pin id="1943" dir="1" index="1" bw="3" slack="1"/>
</pin_list>
<bind>
<opset="query_7_addr "/>
</bind>
</comp>

<comp id="1946" class="1005" name="query_8_addr_reg_1946">
<pin_list>
<pin id="1947" dir="0" index="0" bw="3" slack="1"/>
<pin id="1948" dir="1" index="1" bw="3" slack="1"/>
</pin_list>
<bind>
<opset="query_8_addr "/>
</bind>
</comp>

<comp id="1951" class="1005" name="query_9_addr_reg_1951">
<pin_list>
<pin id="1952" dir="0" index="0" bw="3" slack="1"/>
<pin id="1953" dir="1" index="1" bw="3" slack="1"/>
</pin_list>
<bind>
<opset="query_9_addr "/>
</bind>
</comp>

<comp id="1956" class="1005" name="query_10_addr_reg_1956">
<pin_list>
<pin id="1957" dir="0" index="0" bw="3" slack="1"/>
<pin id="1958" dir="1" index="1" bw="3" slack="1"/>
</pin_list>
<bind>
<opset="query_10_addr "/>
</bind>
</comp>

<comp id="1961" class="1005" name="query_11_addr_reg_1961">
<pin_list>
<pin id="1962" dir="0" index="0" bw="3" slack="1"/>
<pin id="1963" dir="1" index="1" bw="3" slack="1"/>
</pin_list>
<bind>
<opset="query_11_addr "/>
</bind>
</comp>

<comp id="1966" class="1005" name="query_12_addr_reg_1966">
<pin_list>
<pin id="1967" dir="0" index="0" bw="3" slack="1"/>
<pin id="1968" dir="1" index="1" bw="3" slack="1"/>
</pin_list>
<bind>
<opset="query_12_addr "/>
</bind>
</comp>

<comp id="1971" class="1005" name="query_13_addr_reg_1971">
<pin_list>
<pin id="1972" dir="0" index="0" bw="3" slack="1"/>
<pin id="1973" dir="1" index="1" bw="3" slack="1"/>
</pin_list>
<bind>
<opset="query_13_addr "/>
</bind>
</comp>

<comp id="1976" class="1005" name="query_14_addr_reg_1976">
<pin_list>
<pin id="1977" dir="0" index="0" bw="3" slack="1"/>
<pin id="1978" dir="1" index="1" bw="3" slack="1"/>
</pin_list>
<bind>
<opset="query_14_addr "/>
</bind>
</comp>

<comp id="1981" class="1005" name="query_15_addr_reg_1981">
<pin_list>
<pin id="1982" dir="0" index="0" bw="3" slack="1"/>
<pin id="1983" dir="1" index="1" bw="3" slack="1"/>
</pin_list>
<bind>
<opset="query_15_addr "/>
</bind>
</comp>

<comp id="1986" class="1005" name="query_raw_reg_1986">
<pin_list>
<pin id="1987" dir="0" index="0" bw="32" slack="1"/>
<pin id="1988" dir="1" index="1" bw="32" slack="1"/>
</pin_list>
<bind>
<opset="query_raw "/>
</bind>
</comp>

<comp id="1991" class="1005" name="query_raw_1_reg_1991">
<pin_list>
<pin id="1992" dir="0" index="0" bw="32" slack="1"/>
<pin id="1993" dir="1" index="1" bw="32" slack="1"/>
</pin_list>
<bind>
<opset="query_raw_1 "/>
</bind>
</comp>

<comp id="1996" class="1005" name="query_raw_2_reg_1996">
<pin_list>
<pin id="1997" dir="0" index="0" bw="32" slack="1"/>
<pin id="1998" dir="1" index="1" bw="32" slack="1"/>
</pin_list>
<bind>
<opset="query_raw_2 "/>
</bind>
</comp>

<comp id="2001" class="1005" name="query_raw_3_reg_2001">
<pin_list>
<pin id="2002" dir="0" index="0" bw="32" slack="1"/>
<pin id="2003" dir="1" index="1" bw="32" slack="1"/>
</pin_list>
<bind>
<opset="query_raw_3 "/>
</bind>
</comp>

<comp id="2006" class="1005" name="query_raw_4_reg_2006">
<pin_list>
<pin id="2007" dir="0" index="0" bw="32" slack="1"/>
<pin id="2008" dir="1" index="1" bw="32" slack="1"/>
</pin_list>
<bind>
<opset="query_raw_4 "/>
</bind>
</comp>

<comp id="2011" class="1005" name="query_raw_5_reg_2011">
<pin_list>
<pin id="2012" dir="0" index="0" bw="32" slack="1"/>
<pin id="2013" dir="1" index="1" bw="32" slack="1"/>
</pin_list>
<bind>
<opset="query_raw_5 "/>
</bind>
</comp>

<comp id="2016" class="1005" name="query_raw_6_reg_2016">
<pin_list>
<pin id="2017" dir="0" index="0" bw="32" slack="1"/>
<pin id="2018" dir="1" index="1" bw="32" slack="1"/>
</pin_list>
<bind>
<opset="query_raw_6 "/>
</bind>
</comp>

<comp id="2021" class="1005" name="query_raw_7_reg_2021">
<pin_list>
<pin id="2022" dir="0" index="0" bw="32" slack="1"/>
<pin id="2023" dir="1" index="1" bw="32" slack="1"/>
</pin_list>
<bind>
<opset="query_raw_7 "/>
</bind>
</comp>

<comp id="2026" class="1005" name="query_raw_8_reg_2026">
<pin_list>
<pin id="2027" dir="0" index="0" bw="32" slack="1"/>
<pin id="2028" dir="1" index="1" bw="32" slack="1"/>
</pin_list>
<bind>
<opset="query_raw_8 "/>
</bind>
</comp>

<comp id="2031" class="1005" name="query_raw_9_reg_2031">
<pin_list>
<pin id="2032" dir="0" index="0" bw="32" slack="1"/>
<pin id="2033" dir="1" index="1" bw="32" slack="1"/>
</pin_list>
<bind>
<opset="query_raw_9 "/>
</bind>
</comp>

<comp id="2036" class="1005" name="query_raw_10_reg_2036">
<pin_list>
<pin id="2037" dir="0" index="0" bw="32" slack="1"/>
<pin id="2038" dir="1" index="1" bw="32" slack="1"/>
</pin_list>
<bind>
<opset="query_raw_10 "/>
</bind>
</comp>

<comp id="2041" class="1005" name="query_raw_11_reg_2041">
<pin_list>
<pin id="2042" dir="0" index="0" bw="32" slack="1"/>
<pin id="2043" dir="1" index="1" bw="32" slack="1"/>
</pin_list>
<bind>
<opset="query_raw_11 "/>
</bind>
</comp>

<comp id="2046" class="1005" name="query_raw_12_reg_2046">
<pin_list>
<pin id="2047" dir="0" index="0" bw="32" slack="1"/>
<pin id="2048" dir="1" index="1" bw="32" slack="1"/>
</pin_list>
<bind>
<opset="query_raw_12 "/>
</bind>
</comp>

<comp id="2051" class="1005" name="query_raw_13_reg_2051">
<pin_list>
<pin id="2052" dir="0" index="0" bw="32" slack="1"/>
<pin id="2053" dir="1" index="1" bw="32" slack="1"/>
</pin_list>
<bind>
<opset="query_raw_13 "/>
</bind>
</comp>

<comp id="2056" class="1005" name="query_raw_14_reg_2056">
<pin_list>
<pin id="2057" dir="0" index="0" bw="32" slack="1"/>
<pin id="2058" dir="1" index="1" bw="32" slack="1"/>
</pin_list>
<bind>
<opset="query_raw_14 "/>
</bind>
</comp>

<comp id="2061" class="1005" name="query_raw_15_reg_2061">
<pin_list>
<pin id="2062" dir="0" index="0" bw="32" slack="1"/>
<pin id="2063" dir="1" index="1" bw="32" slack="1"/>
</pin_list>
<bind>
<opset="query_raw_15 "/>
</bind>
</comp>

<comp id="2066" class="1005" name="shift_reg_2066">
<pin_list>
<pin id="2067" dir="0" index="0" bw="5" slack="4"/>
<pin id="2068" dir="1" index="1" bw="5" slack="4"/>
</pin_list>
<bind>
<opset="shift "/>
</bind>
</comp>

<comp id="2073" class="1005" name="key_reg_2073">
<pin_list>
<pin id="2074" dir="0" index="0" bw="8" slack="1"/>
<pin id="2075" dir="1" index="1" bw="8" slack="1"/>
</pin_list>
<bind>
<opset="key "/>
</bind>
</comp>

<comp id="2078" class="1005" name="key_1_reg_2078">
<pin_list>
<pin id="2079" dir="0" index="0" bw="8" slack="1"/>
<pin id="2080" dir="1" index="1" bw="8" slack="1"/>
</pin_list>
<bind>
<opset="key_1 "/>
</bind>
</comp>

<comp id="2083" class="1005" name="key_2_reg_2083">
<pin_list>
<pin id="2084" dir="0" index="0" bw="8" slack="1"/>
<pin id="2085" dir="1" index="1" bw="8" slack="1"/>
</pin_list>
<bind>
<opset="key_2 "/>
</bind>
</comp>

<comp id="2088" class="1005" name="key_3_reg_2088">
<pin_list>
<pin id="2089" dir="0" index="0" bw="8" slack="1"/>
<pin id="2090" dir="1" index="1" bw="8" slack="1"/>
</pin_list>
<bind>
<opset="key_3 "/>
</bind>
</comp>

<comp id="2093" class="1005" name="key_4_reg_2093">
<pin_list>
<pin id="2094" dir="0" index="0" bw="8" slack="1"/>
<pin id="2095" dir="1" index="1" bw="8" slack="1"/>
</pin_list>
<bind>
<opset="key_4 "/>
</bind>
</comp>

<comp id="2098" class="1005" name="key_5_reg_2098">
<pin_list>
<pin id="2099" dir="0" index="0" bw="8" slack="1"/>
<pin id="2100" dir="1" index="1" bw="8" slack="1"/>
</pin_list>
<bind>
<opset="key_5 "/>
</bind>
</comp>

<comp id="2103" class="1005" name="key_6_reg_2103">
<pin_list>
<pin id="2104" dir="0" index="0" bw="8" slack="1"/>
<pin id="2105" dir="1" index="1" bw="8" slack="1"/>
</pin_list>
<bind>
<opset="key_6 "/>
</bind>
</comp>

<comp id="2108" class="1005" name="key_7_reg_2108">
<pin_list>
<pin id="2109" dir="0" index="0" bw="8" slack="1"/>
<pin id="2110" dir="1" index="1" bw="8" slack="1"/>
</pin_list>
<bind>
<opset="key_7 "/>
</bind>
</comp>

<comp id="2113" class="1005" name="key_8_reg_2113">
<pin_list>
<pin id="2114" dir="0" index="0" bw="8" slack="1"/>
<pin id="2115" dir="1" index="1" bw="8" slack="1"/>
</pin_list>
<bind>
<opset="key_8 "/>
</bind>
</comp>

<comp id="2118" class="1005" name="key_9_reg_2118">
<pin_list>
<pin id="2119" dir="0" index="0" bw="8" slack="1"/>
<pin id="2120" dir="1" index="1" bw="8" slack="1"/>
</pin_list>
<bind>
<opset="key_9 "/>
</bind>
</comp>

<comp id="2123" class="1005" name="key_10_reg_2123">
<pin_list>
<pin id="2124" dir="0" index="0" bw="8" slack="1"/>
<pin id="2125" dir="1" index="1" bw="8" slack="1"/>
</pin_list>
<bind>
<opset="key_10 "/>
</bind>
</comp>

<comp id="2128" class="1005" name="key_11_reg_2128">
<pin_list>
<pin id="2129" dir="0" index="0" bw="8" slack="1"/>
<pin id="2130" dir="1" index="1" bw="8" slack="1"/>
</pin_list>
<bind>
<opset="key_11 "/>
</bind>
</comp>

<comp id="2133" class="1005" name="key_12_reg_2133">
<pin_list>
<pin id="2134" dir="0" index="0" bw="8" slack="1"/>
<pin id="2135" dir="1" index="1" bw="8" slack="1"/>
</pin_list>
<bind>
<opset="key_12 "/>
</bind>
</comp>

<comp id="2138" class="1005" name="key_13_reg_2138">
<pin_list>
<pin id="2139" dir="0" index="0" bw="8" slack="1"/>
<pin id="2140" dir="1" index="1" bw="8" slack="1"/>
</pin_list>
<bind>
<opset="key_13 "/>
</bind>
</comp>

<comp id="2143" class="1005" name="key_14_reg_2143">
<pin_list>
<pin id="2144" dir="0" index="0" bw="8" slack="1"/>
<pin id="2145" dir="1" index="1" bw="8" slack="1"/>
</pin_list>
<bind>
<opset="key_14 "/>
</bind>
</comp>

<comp id="2148" class="1005" name="key_15_reg_2148">
<pin_list>
<pin id="2149" dir="0" index="0" bw="8" slack="1"/>
<pin id="2150" dir="1" index="1" bw="8" slack="1"/>
</pin_list>
<bind>
<opset="key_15 "/>
</bind>
</comp>

<comp id="2153" class="1005" name="icmp_ln909_reg_2153">
<pin_list>
<pin id="2154" dir="0" index="0" bw="1" slack="6"/>
<pin id="2155" dir="1" index="1" bw="1" slack="6"/>
</pin_list>
<bind>
<opset="icmp_ln909 "/>
</bind>
</comp>

<comp id="2158" class="1005" name="icmp_ln913_reg_2158">
<pin_list>
<pin id="2159" dir="0" index="0" bw="1" slack="7"/>
<pin id="2160" dir="1" index="1" bw="1" slack="2147483647"/>
</pin_list>
<bind>
<opset="icmp_ln913 "/>
</bind>
</comp>

<comp id="2162" class="1005" name="sext_ln791_reg_2162">
<pin_list>
<pin id="2163" dir="0" index="0" bw="40" slack="1"/>
<pin id="2164" dir="1" index="1" bw="40" slack="1"/>
</pin_list>
<bind>
<opset="sext_ln791 "/>
</bind>
</comp>

<comp id="2167" class="1005" name="sext_ln791_1_reg_2167">
<pin_list>
<pin id="2168" dir="0" index="0" bw="40" slack="1"/>
<pin id="2169" dir="1" index="1" bw="40" slack="1"/>
</pin_list>
<bind>
<opset="sext_ln791_1 "/>
</bind>
</comp>

<comp id="2172" class="1005" name="sext_ln791_2_reg_2172">
<pin_list>
<pin id="2173" dir="0" index="0" bw="40" slack="1"/>
<pin id="2174" dir="1" index="1" bw="40" slack="1"/>
</pin_list>
<bind>
<opset="sext_ln791_2 "/>
</bind>
</comp>

<comp id="2177" class="1005" name="sext_ln791_3_reg_2177">
<pin_list>
<pin id="2178" dir="0" index="0" bw="40" slack="1"/>
<pin id="2179" dir="1" index="1" bw="40" slack="1"/>
</pin_list>
<bind>
<opset="sext_ln791_3 "/>
</bind>
</comp>

<comp id="2182" class="1005" name="sext_ln791_4_reg_2182">
<pin_list>
<pin id="2183" dir="0" index="0" bw="40" slack="1"/>
<pin id="2184" dir="1" index="1" bw="40" slack="1"/>
</pin_list>
<bind>
<opset="sext_ln791_4 "/>
</bind>
</comp>

<comp id="2187" class="1005" name="sext_ln791_5_reg_2187">
<pin_list>
<pin id="2188" dir="0" index="0" bw="40" slack="1"/>
<pin id="2189" dir="1" index="1" bw="40" slack="1"/>
</pin_list>
<bind>
<opset="sext_ln791_5 "/>
</bind>
</comp>

<comp id="2192" class="1005" name="sext_ln791_6_reg_2192">
<pin_list>
<pin id="2193" dir="0" index="0" bw="40" slack="1"/>
<pin id="2194" dir="1" index="1" bw="40" slack="1"/>
</pin_list>
<bind>
<opset="sext_ln791_6 "/>
</bind>
</comp>

<comp id="2197" class="1005" name="sext_ln791_7_reg_2197">
<pin_list>
<pin id="2198" dir="0" index="0" bw="40" slack="1"/>
<pin id="2199" dir="1" index="1" bw="40" slack="1"/>
</pin_list>
<bind>
<opset="sext_ln791_7 "/>
</bind>
</comp>

<comp id="2202" class="1005" name="sext_ln791_8_reg_2202">
<pin_list>
<pin id="2203" dir="0" index="0" bw="40" slack="1"/>
<pin id="2204" dir="1" index="1" bw="40" slack="1"/>
</pin_list>
<bind>
<opset="sext_ln791_8 "/>
</bind>
</comp>

<comp id="2207" class="1005" name="sext_ln791_9_reg_2207">
<pin_list>
<pin id="2208" dir="0" index="0" bw="40" slack="1"/>
<pin id="2209" dir="1" index="1" bw="40" slack="1"/>
</pin_list>
<bind>
<opset="sext_ln791_9 "/>
</bind>
</comp>

<comp id="2212" class="1005" name="sext_ln791_10_reg_2212">
<pin_list>
<pin id="2213" dir="0" index="0" bw="40" slack="1"/>
<pin id="2214" dir="1" index="1" bw="40" slack="1"/>
</pin_list>
<bind>
<opset="sext_ln791_10 "/>
</bind>
</comp>

<comp id="2217" class="1005" name="sext_ln791_11_reg_2217">
<pin_list>
<pin id="2218" dir="0" index="0" bw="40" slack="1"/>
<pin id="2219" dir="1" index="1" bw="40" slack="1"/>
</pin_list>
<bind>
<opset="sext_ln791_11 "/>
</bind>
</comp>

<comp id="2222" class="1005" name="sext_ln791_12_reg_2222">
<pin_list>
<pin id="2223" dir="0" index="0" bw="40" slack="1"/>
<pin id="2224" dir="1" index="1" bw="40" slack="1"/>
</pin_list>
<bind>
<opset="sext_ln791_12 "/>
</bind>
</comp>

<comp id="2227" class="1005" name="sext_ln791_13_reg_2227">
<pin_list>
<pin id="2228" dir="0" index="0" bw="40" slack="1"/>
<pin id="2229" dir="1" index="1" bw="40" slack="1"/>
</pin_list>
<bind>
<opset="sext_ln791_13 "/>
</bind>
</comp>

<comp id="2232" class="1005" name="sext_ln791_14_reg_2232">
<pin_list>
<pin id="2233" dir="0" index="0" bw="40" slack="1"/>
<pin id="2234" dir="1" index="1" bw="40" slack="1"/>
</pin_list>
<bind>
<opset="sext_ln791_14 "/>
</bind>
</comp>

<comp id="2237" class="1005" name="sext_ln791_15_reg_2237">
<pin_list>
<pin id="2238" dir="0" index="0" bw="40" slack="1"/>
<pin id="2239" dir="1" index="1" bw="40" slack="1"/>
</pin_list>
<bind>
<opset="sext_ln791_15 "/>
</bind>
</comp>

<comp id="2242" class="1005" name="sext_ln791_16_reg_2242">
<pin_list>
<pin id="2243" dir="0" index="0" bw="40" slack="1"/>
<pin id="2244" dir="1" index="1" bw="40" slack="1"/>
</pin_list>
<bind>
<opset="sext_ln791_16 "/>
</bind>
</comp>

<comp id="2247" class="1005" name="sext_ln791_17_reg_2247">
<pin_list>
<pin id="2248" dir="0" index="0" bw="40" slack="1"/>
<pin id="2249" dir="1" index="1" bw="40" slack="1"/>
</pin_list>
<bind>
<opset="sext_ln791_17 "/>
</bind>
</comp>

<comp id="2252" class="1005" name="sext_ln791_18_reg_2252">
<pin_list>
<pin id="2253" dir="0" index="0" bw="40" slack="1"/>
<pin id="2254" dir="1" index="1" bw="40" slack="1"/>
</pin_list>
<bind>
<opset="sext_ln791_18 "/>
</bind>
</comp>

<comp id="2257" class="1005" name="sext_ln791_19_reg_2257">
<pin_list>
<pin id="2258" dir="0" index="0" bw="40" slack="1"/>
<pin id="2259" dir="1" index="1" bw="40" slack="1"/>
</pin_list>
<bind>
<opset="sext_ln791_19 "/>
</bind>
</comp>

<comp id="2262" class="1005" name="sext_ln791_20_reg_2262">
<pin_list>
<pin id="2263" dir="0" index="0" bw="40" slack="1"/>
<pin id="2264" dir="1" index="1" bw="40" slack="1"/>
</pin_list>
<bind>
<opset="sext_ln791_20 "/>
</bind>
</comp>

<comp id="2267" class="1005" name="sext_ln791_21_reg_2267">
<pin_list>
<pin id="2268" dir="0" index="0" bw="40" slack="1"/>
<pin id="2269" dir="1" index="1" bw="40" slack="1"/>
</pin_list>
<bind>
<opset="sext_ln791_21 "/>
</bind>
</comp>

<comp id="2272" class="1005" name="sext_ln791_22_reg_2272">
<pin_list>
<pin id="2273" dir="0" index="0" bw="40" slack="1"/>
<pin id="2274" dir="1" index="1" bw="40" slack="1"/>
</pin_list>
<bind>
<opset="sext_ln791_22 "/>
</bind>
</comp>

<comp id="2277" class="1005" name="sext_ln791_23_reg_2277">
<pin_list>
<pin id="2278" dir="0" index="0" bw="40" slack="1"/>
<pin id="2279" dir="1" index="1" bw="40" slack="1"/>
</pin_list>
<bind>
<opset="sext_ln791_23 "/>
</bind>
</comp>

<comp id="2282" class="1005" name="sext_ln791_24_reg_2282">
<pin_list>
<pin id="2283" dir="0" index="0" bw="40" slack="1"/>
<pin id="2284" dir="1" index="1" bw="40" slack="1"/>
</pin_list>
<bind>
<opset="sext_ln791_24 "/>
</bind>
</comp>

<comp id="2287" class="1005" name="sext_ln791_25_reg_2287">
<pin_list>
<pin id="2288" dir="0" index="0" bw="40" slack="1"/>
<pin id="2289" dir="1" index="1" bw="40" slack="1"/>
</pin_list>
<bind>
<opset="sext_ln791_25 "/>
</bind>
</comp>

<comp id="2292" class="1005" name="sext_ln791_26_reg_2292">
<pin_list>
<pin id="2293" dir="0" index="0" bw="40" slack="1"/>
<pin id="2294" dir="1" index="1" bw="40" slack="1"/>
</pin_list>
<bind>
<opset="sext_ln791_26 "/>
</bind>
</comp>

<comp id="2297" class="1005" name="sext_ln791_27_reg_2297">
<pin_list>
<pin id="2298" dir="0" index="0" bw="40" slack="1"/>
<pin id="2299" dir="1" index="1" bw="40" slack="1"/>
</pin_list>
<bind>
<opset="sext_ln791_27 "/>
</bind>
</comp>

<comp id="2302" class="1005" name="sext_ln791_28_reg_2302">
<pin_list>
<pin id="2303" dir="0" index="0" bw="40" slack="1"/>
<pin id="2304" dir="1" index="1" bw="40" slack="1"/>
</pin_list>
<bind>
<opset="sext_ln791_28 "/>
</bind>
</comp>

<comp id="2307" class="1005" name="sext_ln791_29_reg_2307">
<pin_list>
<pin id="2308" dir="0" index="0" bw="40" slack="1"/>
<pin id="2309" dir="1" index="1" bw="40" slack="1"/>
</pin_list>
<bind>
<opset="sext_ln791_29 "/>
</bind>
</comp>

<comp id="2312" class="1005" name="sext_ln791_30_reg_2312">
<pin_list>
<pin id="2313" dir="0" index="0" bw="40" slack="1"/>
<pin id="2314" dir="1" index="1" bw="40" slack="1"/>
</pin_list>
<bind>
<opset="sext_ln791_30 "/>
</bind>
</comp>

<comp id="2317" class="1005" name="sext_ln791_31_reg_2317">
<pin_list>
<pin id="2318" dir="0" index="0" bw="40" slack="1"/>
<pin id="2319" dir="1" index="1" bw="40" slack="1"/>
</pin_list>
<bind>
<opset="sext_ln791_31 "/>
</bind>
</comp>

<comp id="2322" class="1005" name="mul_ln791_reg_2322">
<pin_list>
<pin id="2323" dir="0" index="0" bw="40" slack="1"/>
<pin id="2324" dir="1" index="1" bw="40" slack="1"/>
</pin_list>
<bind>
<opset="mul_ln791 "/>
</bind>
</comp>

<comp id="2327" class="1005" name="mul_ln791_1_reg_2327">
<pin_list>
<pin id="2328" dir="0" index="0" bw="40" slack="1"/>
<pin id="2329" dir="1" index="1" bw="40" slack="1"/>
</pin_list>
<bind>
<opset="mul_ln791_1 "/>
</bind>
</comp>

<comp id="2332" class="1005" name="mul_ln791_2_reg_2332">
<pin_list>
<pin id="2333" dir="0" index="0" bw="40" slack="1"/>
<pin id="2334" dir="1" index="1" bw="40" slack="1"/>
</pin_list>
<bind>
<opset="mul_ln791_2 "/>
</bind>
</comp>

<comp id="2337" class="1005" name="mul_ln791_3_reg_2337">
<pin_list>
<pin id="2338" dir="0" index="0" bw="40" slack="1"/>
<pin id="2339" dir="1" index="1" bw="40" slack="1"/>
</pin_list>
<bind>
<opset="mul_ln791_3 "/>
</bind>
</comp>

<comp id="2342" class="1005" name="mul_ln791_4_reg_2342">
<pin_list>
<pin id="2343" dir="0" index="0" bw="40" slack="1"/>
<pin id="2344" dir="1" index="1" bw="40" slack="1"/>
</pin_list>
<bind>
<opset="mul_ln791_4 "/>
</bind>
</comp>

<comp id="2347" class="1005" name="mul_ln791_5_reg_2347">
<pin_list>
<pin id="2348" dir="0" index="0" bw="40" slack="1"/>
<pin id="2349" dir="1" index="1" bw="40" slack="1"/>
</pin_list>
<bind>
<opset="mul_ln791_5 "/>
</bind>
</comp>

<comp id="2352" class="1005" name="mul_ln791_6_reg_2352">
<pin_list>
<pin id="2353" dir="0" index="0" bw="40" slack="1"/>
<pin id="2354" dir="1" index="1" bw="40" slack="1"/>
</pin_list>
<bind>
<opset="mul_ln791_6 "/>
</bind>
</comp>

<comp id="2357" class="1005" name="mul_ln791_7_reg_2357">
<pin_list>
<pin id="2358" dir="0" index="0" bw="40" slack="1"/>
<pin id="2359" dir="1" index="1" bw="40" slack="1"/>
</pin_list>
<bind>
<opset="mul_ln791_7 "/>
</bind>
</comp>

<comp id="2362" class="1005" name="mul_ln791_8_reg_2362">
<pin_list>
<pin id="2363" dir="0" index="0" bw="40" slack="1"/>
<pin id="2364" dir="1" index="1" bw="40" slack="1"/>
</pin_list>
<bind>
<opset="mul_ln791_8 "/>
</bind>
</comp>

<comp id="2367" class="1005" name="mul_ln791_9_reg_2367">
<pin_list>
<pin id="2368" dir="0" index="0" bw="40" slack="1"/>
<pin id="2369" dir="1" index="1" bw="40" slack="1"/>
</pin_list>
<bind>
<opset="mul_ln791_9 "/>
</bind>
</comp>

<comp id="2372" class="1005" name="mul_ln791_10_reg_2372">
<pin_list>
<pin id="2373" dir="0" index="0" bw="40" slack="1"/>
<pin id="2374" dir="1" index="1" bw="40" slack="1"/>
</pin_list>
<bind>
<opset="mul_ln791_10 "/>
</bind>
</comp>

<comp id="2377" class="1005" name="mul_ln791_11_reg_2377">
<pin_list>
<pin id="2378" dir="0" index="0" bw="40" slack="1"/>
<pin id="2379" dir="1" index="1" bw="40" slack="1"/>
</pin_list>
<bind>
<opset="mul_ln791_11 "/>
</bind>
</comp>

<comp id="2382" class="1005" name="mul_ln791_12_reg_2382">
<pin_list>
<pin id="2383" dir="0" index="0" bw="40" slack="1"/>
<pin id="2384" dir="1" index="1" bw="40" slack="1"/>
</pin_list>
<bind>
<opset="mul_ln791_12 "/>
</bind>
</comp>

<comp id="2387" class="1005" name="mul_ln791_13_reg_2387">
<pin_list>
<pin id="2388" dir="0" index="0" bw="40" slack="1"/>
<pin id="2389" dir="1" index="1" bw="40" slack="1"/>
</pin_list>
<bind>
<opset="mul_ln791_13 "/>
</bind>
</comp>

<comp id="2392" class="1005" name="mul_ln791_14_reg_2392">
<pin_list>
<pin id="2393" dir="0" index="0" bw="40" slack="1"/>
<pin id="2394" dir="1" index="1" bw="40" slack="1"/>
</pin_list>
<bind>
<opset="mul_ln791_14 "/>
</bind>
</comp>

<comp id="2397" class="1005" name="mul_ln791_15_reg_2397">
<pin_list>
<pin id="2398" dir="0" index="0" bw="40" slack="1"/>
<pin id="2399" dir="1" index="1" bw="40" slack="1"/>
</pin_list>
<bind>
<opset="mul_ln791_15 "/>
</bind>
</comp>

<comp id="2402" class="1005" name="add_ln804_reg_2402">
<pin_list>
<pin id="2403" dir="0" index="0" bw="42" slack="1"/>
<pin id="2404" dir="1" index="1" bw="42" slack="1"/>
</pin_list>
<bind>
<opset="add_ln804 "/>
</bind>
</comp>

<comp id="2407" class="1005" name="add_ln804_1_reg_2407">
<pin_list>
<pin id="2408" dir="0" index="0" bw="42" slack="1"/>
<pin id="2409" dir="1" index="1" bw="42" slack="1"/>
</pin_list>
<bind>
<opset="add_ln804_1 "/>
</bind>
</comp>

<comp id="2412" class="1005" name="add_ln804_2_reg_2412">
<pin_list>
<pin id="2413" dir="0" index="0" bw="42" slack="1"/>
<pin id="2414" dir="1" index="1" bw="42" slack="1"/>
</pin_list>
<bind>
<opset="add_ln804_2 "/>
</bind>
</comp>

<comp id="2417" class="1005" name="add_ln804_3_reg_2417">
<pin_list>
<pin id="2418" dir="0" index="0" bw="42" slack="1"/>
<pin id="2419" dir="1" index="1" bw="42" slack="1"/>
</pin_list>
<bind>
<opset="add_ln804_3 "/>
</bind>
</comp>

<comp id="2422" class="1005" name="sum_reg_2422">
<pin_list>
<pin id="2423" dir="0" index="0" bw="44" slack="1"/>
<pin id="2424" dir="1" index="1" bw="44" slack="1"/>
</pin_list>
<bind>
<opset="sum "/>
</bind>
</comp>

<comp id="2429" class="1005" name="icmp_ln821_reg_2429">
<pin_list>
<pin id="2430" dir="0" index="0" bw="1" slack="1"/>
<pin id="2431" dir="1" index="1" bw="1" slack="1"/>
</pin_list>
<bind>
<opset="icmp_ln821 "/>
</bind>
</comp>

<comp id="2435" class="1005" name="add_ln822_reg_2435">
<pin_list>
<pin id="2436" dir="0" index="0" bw="5" slack="1"/>
<pin id="2437" dir="1" index="1" bw="5" slack="1"/>
</pin_list>
<bind>
<opset="add_ln822 "/>
</bind>
</comp>

<comp id="2440" class="1005" name="sub_ln824_reg_2440">
<pin_list>
<pin id="2441" dir="0" index="0" bw="5" slack="1"/>
<pin id="2442" dir="1" index="1" bw="5" slack="1"/>
</pin_list>
<bind>
<opset="sub_ln824 "/>
</bind>
</comp>

<comp id="2446" class="1005" name="sub_ln824_1_reg_2446">
<pin_list>
<pin id="2447" dir="0" index="0" bw="5" slack="1"/>
<pin id="2448" dir="1" index="1" bw="5" slack="1"/>
</pin_list>
<bind>
<opset="sub_ln824_1 "/>
</bind>
</comp>

<comp id="2451" class="1005" name="group_dot_reg_2451">
<pin_list>
<pin id="2452" dir="0" index="0" bw="44" slack="1"/>
<pin id="2453" dir="1" index="1" bw="44" slack="1"/>
</pin_list>
<bind>
<opset="group_dot "/>
</bind>
</comp>

<comp id="2457" class="1005" name="group_dot_2_reg_2457">
<pin_list>
<pin id="2458" dir="0" index="0" bw="44" slack="1"/>
<pin id="2459" dir="1" index="1" bw="44" slack="1"/>
</pin_list>
<bind>
<opset="group_dot_2 "/>
</bind>
</comp>

<comp id="2462" class="1005" name="sext_ln915_reg_2462">
<pin_list>
<pin id="2463" dir="0" index="0" bw="58" slack="1"/>
<pin id="2464" dir="1" index="1" bw="58" slack="1"/>
</pin_list>
<bind>
<opset="sext_ln915 "/>
</bind>
</comp>

<comp id="2467" class="1005" name="mul_ln916_reg_2467">
<pin_list>
<pin id="2468" dir="0" index="0" bw="58" slack="1"/>
<pin id="2469" dir="1" index="1" bw="58" slack="1"/>
</pin_list>
<bind>
<opset="mul_ln916 "/>
</bind>
</comp>

<comp id="2476" class="1005" name="tmp_164_reg_2476">
<pin_list>
<pin id="2477" dir="0" index="0" bw="1" slack="1"/>
<pin id="2478" dir="1" index="1" bw="1" slack="1"/>
</pin_list>
<bind>
<opset="tmp_164 "/>
</bind>
</comp>

<comp id="2483" class="1005" name="trunc_ln915_reg_2483">
<pin_list>
<pin id="2484" dir="0" index="0" bw="23" slack="1"/>
<pin id="2485" dir="1" index="1" bw="23" slack="1"/>
</pin_list>
<bind>
<opset="trunc_ln915 "/>
</bind>
</comp>

<comp id="2488" class="1005" name="tmp_s_reg_2488">
<pin_list>
<pin id="2489" dir="0" index="0" bw="2" slack="1"/>
<pin id="2490" dir="1" index="1" bw="2" slack="1"/>
</pin_list>
<bind>
<opset="tmp_s "/>
</bind>
</comp>

<comp id="2494" class="1005" name="score_1_reg_2494">
<pin_list>
<pin id="2495" dir="0" index="0" bw="32" slack="1"/>
<pin id="2496" dir="1" index="1" bw="32" slack="1"/>
</pin_list>
<bind>
<opset="score_1 "/>
</bind>
</comp>

<comp id="2499" class="1005" name="and_ln915_4_reg_2499">
<pin_list>
<pin id="2500" dir="0" index="0" bw="1" slack="1"/>
<pin id="2501" dir="1" index="1" bw="1" slack="1"/>
</pin_list>
<bind>
<opset="and_ln915_4 "/>
</bind>
</comp>

<comp id="2504" class="1005" name="or_ln915_2_reg_2504">
<pin_list>
<pin id="2505" dir="0" index="0" bw="1" slack="1"/>
<pin id="2506" dir="1" index="1" bw="1" slack="1"/>
</pin_list>
<bind>
<opset="or_ln915_2 "/>
</bind>
</comp>

</comp_list>

<net_list>
<net id="269"><net_src comp="42" pin="0"/><net_sink comp="266" pin=0"/></net>

<net id="273"><net_src comp="42" pin="0"/><net_sink comp="270" pin=0"/></net>

<net id="277"><net_src comp="42" pin="0"/><net_sink comp="274" pin=0"/></net>

<net id="281"><net_src comp="42" pin="0"/><net_sink comp="278" pin=0"/></net>

<net id="285"><net_src comp="42" pin="0"/><net_sink comp="282" pin=0"/></net>

<net id="289"><net_src comp="42" pin="0"/><net_sink comp="286" pin=0"/></net>

<net id="293"><net_src comp="42" pin="0"/><net_sink comp="290" pin=0"/></net>

<net id="297"><net_src comp="42" pin="0"/><net_sink comp="294" pin=0"/></net>

<net id="301"><net_src comp="42" pin="0"/><net_sink comp="298" pin=0"/></net>

<net id="305"><net_src comp="42" pin="0"/><net_sink comp="302" pin=0"/></net>

<net id="309"><net_src comp="42" pin="0"/><net_sink comp="306" pin=0"/></net>

<net id="313"><net_src comp="42" pin="0"/><net_sink comp="310" pin=0"/></net>

<net id="317"><net_src comp="42" pin="0"/><net_sink comp="314" pin=0"/></net>

<net id="321"><net_src comp="42" pin="0"/><net_sink comp="318" pin=0"/></net>

<net id="325"><net_src comp="42" pin="0"/><net_sink comp="322" pin=0"/></net>

<net id="330"><net_src comp="66" pin="0"/><net_sink comp="326" pin=0"/></net>

<net id="331"><net_src comp="0" pin="0"/><net_sink comp="326" pin=1"/></net>

<net id="336"><net_src comp="94" pin="0"/><net_sink comp="332" pin=0"/></net>

<net id="337"><net_src comp="34" pin="0"/><net_sink comp="332" pin=1"/></net>

<net id="342"><net_src comp="96" pin="0"/><net_sink comp="338" pin=0"/></net>

<net id="343"><net_src comp="36" pin="0"/><net_sink comp="338" pin=1"/></net>

<net id="348"><net_src comp="96" pin="0"/><net_sink comp="344" pin=0"/></net>

<net id="349"><net_src comp="38" pin="0"/><net_sink comp="344" pin=1"/></net>

<net id="355"><net_src comp="264" pin="0"/><net_sink comp="350" pin=0"/></net>

<net id="356"><net_src comp="40" pin="0"/><net_sink comp="350" pin=1"/></net>

<net id="362"><net_src comp="2" pin="0"/><net_sink comp="357" pin=0"/></net>

<net id="363"><net_src comp="126" pin="0"/><net_sink comp="357" pin=1"/></net>

<net id="369"><net_src comp="357" pin="3"/><net_sink comp="364" pin=0"/></net>

<net id="375"><net_src comp="4" pin="0"/><net_sink comp="370" pin=0"/></net>

<net id="376"><net_src comp="126" pin="0"/><net_sink comp="370" pin=1"/></net>

<net id="382"><net_src comp="370" pin="3"/><net_sink comp="377" pin=0"/></net>

<net id="388"><net_src comp="6" pin="0"/><net_sink comp="383" pin=0"/></net>

<net id="389"><net_src comp="126" pin="0"/><net_sink comp="383" pin=1"/></net>

<net id="395"><net_src comp="383" pin="3"/><net_sink comp="390" pin=0"/></net>

<net id="401"><net_src comp="8" pin="0"/><net_sink comp="396" pin=0"/></net>

<net id="402"><net_src comp="126" pin="0"/><net_sink comp="396" pin=1"/></net>

<net id="408"><net_src comp="396" pin="3"/><net_sink comp="403" pin=0"/></net>

<net id="414"><net_src comp="10" pin="0"/><net_sink comp="409" pin=0"/></net>

<net id="415"><net_src comp="126" pin="0"/><net_sink comp="409" pin=1"/></net>

<net id="421"><net_src comp="409" pin="3"/><net_sink comp="416" pin=0"/></net>

<net id="427"><net_src comp="12" pin="0"/><net_sink comp="422" pin=0"/></net>

<net id="428"><net_src comp="126" pin="0"/><net_sink comp="422" pin=1"/></net>

<net id="434"><net_src comp="422" pin="3"/><net_sink comp="429" pin=0"/></net>

<net id="440"><net_src comp="14" pin="0"/><net_sink comp="435" pin=0"/></net>

<net id="441"><net_src comp="126" pin="0"/><net_sink comp="435" pin=1"/></net>

<net id="447"><net_src comp="435" pin="3"/><net_sink comp="442" pin=0"/></net>

<net id="453"><net_src comp="16" pin="0"/><net_sink comp="448" pin=0"/></net>

<net id="454"><net_src comp="126" pin="0"/><net_sink comp="448" pin=1"/></net>

<net id="460"><net_src comp="448" pin="3"/><net_sink comp="455" pin=0"/></net>

<net id="466"><net_src comp="18" pin="0"/><net_sink comp="461" pin=0"/></net>

<net id="467"><net_src comp="126" pin="0"/><net_sink comp="461" pin=1"/></net>

<net id="473"><net_src comp="461" pin="3"/><net_sink comp="468" pin=0"/></net>

<net id="479"><net_src comp="20" pin="0"/><net_sink comp="474" pin=0"/></net>

<net id="480"><net_src comp="126" pin="0"/><net_sink comp="474" pin=1"/></net>

<net id="486"><net_src comp="474" pin="3"/><net_sink comp="481" pin=0"/></net>

<net id="492"><net_src comp="22" pin="0"/><net_sink comp="487" pin=0"/></net>

<net id="493"><net_src comp="126" pin="0"/><net_sink comp="487" pin=1"/></net>

<net id="499"><net_src comp="487" pin="3"/><net_sink comp="494" pin=0"/></net>

<net id="505"><net_src comp="24" pin="0"/><net_sink comp="500" pin=0"/></net>

<net id="506"><net_src comp="126" pin="0"/><net_sink comp="500" pin=1"/></net>

<net id="512"><net_src comp="500" pin="3"/><net_sink comp="507" pin=0"/></net>

<net id="518"><net_src comp="26" pin="0"/><net_sink comp="513" pin=0"/></net>

<net id="519"><net_src comp="126" pin="0"/><net_sink comp="513" pin=1"/></net>

<net id="525"><net_src comp="513" pin="3"/><net_sink comp="520" pin=0"/></net>

<net id="531"><net_src comp="28" pin="0"/><net_sink comp="526" pin=0"/></net>

<net id="532"><net_src comp="126" pin="0"/><net_sink comp="526" pin=1"/></net>

<net id="538"><net_src comp="526" pin="3"/><net_sink comp="533" pin=0"/></net>

<net id="544"><net_src comp="30" pin="0"/><net_sink comp="539" pin=0"/></net>

<net id="545"><net_src comp="126" pin="0"/><net_sink comp="539" pin=1"/></net>

<net id="551"><net_src comp="539" pin="3"/><net_sink comp="546" pin=0"/></net>

<net id="557"><net_src comp="32" pin="0"/><net_sink comp="552" pin=0"/></net>

<net id="558"><net_src comp="126" pin="0"/><net_sink comp="552" pin=1"/></net>

<net id="564"><net_src comp="552" pin="3"/><net_sink comp="559" pin=0"/></net>

<net id="633"><net_src comp="232" pin="0"/><net_sink comp="629" pin=1"/></net>

<net id="638"><net_src comp="68" pin="0"/><net_sink comp="634" pin=0"/></net>

<net id="643"><net_src comp="68" pin="0"/><net_sink comp="639" pin=0"/></net>

<net id="648"><net_src comp="70" pin="0"/><net_sink comp="644" pin=0"/></net>

<net id="656"><net_src comp="649" pin="1"/><net_sink comp="652" pin=0"/></net>

<net id="657"><net_src comp="326" pin="2"/><net_sink comp="652" pin=1"/></net>

<net id="662"><net_src comp="649" pin="1"/><net_sink comp="658" pin=0"/></net>

<net id="663"><net_src comp="72" pin="0"/><net_sink comp="658" pin=1"/></net>

<net id="667"><net_src comp="649" pin="1"/><net_sink comp="664" pin=0"/></net>

<net id="671"><net_src comp="649" pin="1"/><net_sink comp="668" pin=0"/></net>

<net id="676"><net_src comp="668" pin="1"/><net_sink comp="672" pin=0"/></net>

<net id="677"><net_src comp="88" pin="0"/><net_sink comp="672" pin=1"/></net>

<net id="684"><net_src comp="90" pin="0"/><net_sink comp="678" pin=0"/></net>

<net id="685"><net_src comp="649" pin="1"/><net_sink comp="678" pin=1"/></net>

<net id="686"><net_src comp="42" pin="0"/><net_sink comp="678" pin=2"/></net>

<net id="687"><net_src comp="92" pin="0"/><net_sink comp="678" pin=3"/></net>

<net id="692"><net_src comp="658" pin="2"/><net_sink comp="688" pin=0"/></net>

<net id="696"><net_src comp="338" pin="2"/><net_sink comp="693" pin=0"/></net>

<net id="700"><net_src comp="344" pin="2"/><net_sink comp="697" pin=0"/></net>

<net id="707"><net_src comp="98" pin="0"/><net_sink comp="701" pin=0"/></net>

<net id="708"><net_src comp="338" pin="2"/><net_sink comp="701" pin=1"/></net>

<net id="709"><net_src comp="100" pin="0"/><net_sink comp="701" pin=2"/></net>

<net id="710"><net_src comp="102" pin="0"/><net_sink comp="701" pin=3"/></net>

<net id="717"><net_src comp="98" pin="0"/><net_sink comp="711" pin=0"/></net>

<net id="718"><net_src comp="344" pin="2"/><net_sink comp="711" pin=1"/></net>

<net id="719"><net_src comp="100" pin="0"/><net_sink comp="711" pin=2"/></net>

<net id="720"><net_src comp="102" pin="0"/><net_sink comp="711" pin=3"/></net>

<net id="727"><net_src comp="98" pin="0"/><net_sink comp="721" pin=0"/></net>

<net id="728"><net_src comp="338" pin="2"/><net_sink comp="721" pin=1"/></net>

<net id="729"><net_src comp="104" pin="0"/><net_sink comp="721" pin=2"/></net>

<net id="730"><net_src comp="106" pin="0"/><net_sink comp="721" pin=3"/></net>

<net id="737"><net_src comp="98" pin="0"/><net_sink comp="731" pin=0"/></net>

<net id="738"><net_src comp="344" pin="2"/><net_sink comp="731" pin=1"/></net>

<net id="739"><net_src comp="104" pin="0"/><net_sink comp="731" pin=2"/></net>

<net id="740"><net_src comp="106" pin="0"/><net_sink comp="731" pin=3"/></net>

<net id="747"><net_src comp="98" pin="0"/><net_sink comp="741" pin=0"/></net>

<net id="748"><net_src comp="338" pin="2"/><net_sink comp="741" pin=1"/></net>

<net id="749"><net_src comp="108" pin="0"/><net_sink comp="741" pin=2"/></net>

<net id="750"><net_src comp="110" pin="0"/><net_sink comp="741" pin=3"/></net>

<net id="757"><net_src comp="98" pin="0"/><net_sink comp="751" pin=0"/></net>

<net id="758"><net_src comp="344" pin="2"/><net_sink comp="751" pin=1"/></net>

<net id="759"><net_src comp="108" pin="0"/><net_sink comp="751" pin=2"/></net>

<net id="760"><net_src comp="110" pin="0"/><net_sink comp="751" pin=3"/></net>

<net id="764"><net_src comp="332" pin="2"/><net_sink comp="761" pin=0"/></net>

<net id="771"><net_src comp="112" pin="0"/><net_sink comp="765" pin=0"/></net>

<net id="772"><net_src comp="332" pin="2"/><net_sink comp="765" pin=1"/></net>

<net id="773"><net_src comp="114" pin="0"/><net_sink comp="765" pin=2"/></net>

<net id="774"><net_src comp="116" pin="0"/><net_sink comp="765" pin=3"/></net>

<net id="781"><net_src comp="112" pin="0"/><net_sink comp="775" pin=0"/></net>

<net id="782"><net_src comp="332" pin="2"/><net_sink comp="775" pin=1"/></net>

<net id="783"><net_src comp="118" pin="0"/><net_sink comp="775" pin=2"/></net>

<net id="784"><net_src comp="120" pin="0"/><net_sink comp="775" pin=3"/></net>

<net id="791"><net_src comp="112" pin="0"/><net_sink comp="785" pin=0"/></net>

<net id="792"><net_src comp="332" pin="2"/><net_sink comp="785" pin=1"/></net>

<net id="793"><net_src comp="122" pin="0"/><net_sink comp="785" pin=2"/></net>

<net id="794"><net_src comp="124" pin="0"/><net_sink comp="785" pin=3"/></net>

<net id="799"><net_src comp="785" pin="4"/><net_sink comp="795" pin=0"/></net>

<net id="804"><net_src comp="775" pin="4"/><net_sink comp="800" pin=0"/></net>

<net id="809"><net_src comp="765" pin="4"/><net_sink comp="805" pin=0"/></net>

<net id="814"><net_src comp="761" pin="1"/><net_sink comp="810" pin=0"/></net>

<net id="819"><net_src comp="751" pin="4"/><net_sink comp="815" pin=0"/></net>

<net id="824"><net_src comp="731" pin="4"/><net_sink comp="820" pin=0"/></net>

<net id="829"><net_src comp="711" pin="4"/><net_sink comp="825" pin=0"/></net>

<net id="834"><net_src comp="697" pin="1"/><net_sink comp="830" pin=0"/></net>

<net id="839"><net_src comp="741" pin="4"/><net_sink comp="835" pin=0"/></net>

<net id="844"><net_src comp="721" pin="4"/><net_sink comp="840" pin=0"/></net>

<net id="849"><net_src comp="701" pin="4"/><net_sink comp="845" pin=0"/></net>

<net id="854"><net_src comp="693" pin="1"/><net_sink comp="850" pin=0"/></net>

<net id="858"><net_src comp="855" pin="1"/><net_sink comp="357" pin=2"/></net>

<net id="859"><net_src comp="855" pin="1"/><net_sink comp="370" pin=2"/></net>

<net id="860"><net_src comp="855" pin="1"/><net_sink comp="383" pin=2"/></net>

<net id="861"><net_src comp="855" pin="1"/><net_sink comp="396" pin=2"/></net>

<net id="862"><net_src comp="855" pin="1"/><net_sink comp="409" pin=2"/></net>

<net id="863"><net_src comp="855" pin="1"/><net_sink comp="422" pin=2"/></net>

<net id="864"><net_src comp="855" pin="1"/><net_sink comp="435" pin=2"/></net>

<net id="865"><net_src comp="855" pin="1"/><net_sink comp="448" pin=2"/></net>

<net id="866"><net_src comp="855" pin="1"/><net_sink comp="461" pin=2"/></net>

<net id="867"><net_src comp="855" pin="1"/><net_sink comp="474" pin=2"/></net>

<net id="868"><net_src comp="855" pin="1"/><net_sink comp="487" pin=2"/></net>

<net id="869"><net_src comp="855" pin="1"/><net_sink comp="500" pin=2"/></net>

<net id="870"><net_src comp="855" pin="1"/><net_sink comp="513" pin=2"/></net>

<net id="871"><net_src comp="855" pin="1"/><net_sink comp="526" pin=2"/></net>

<net id="872"><net_src comp="855" pin="1"/><net_sink comp="539" pin=2"/></net>

<net id="873"><net_src comp="855" pin="1"/><net_sink comp="552" pin=2"/></net>

<net id="931"><net_src comp="128" pin="0"/><net_sink comp="910" pin=0"/></net>

<net id="932"><net_src comp="88" pin="0"/><net_sink comp="910" pin=1"/></net>

<net id="933"><net_src comp="874" pin="1"/><net_sink comp="910" pin=2"/></net>

<net id="934"><net_src comp="130" pin="0"/><net_sink comp="910" pin=3"/></net>

<net id="935"><net_src comp="877" pin="1"/><net_sink comp="910" pin=4"/></net>

<net id="936"><net_src comp="132" pin="0"/><net_sink comp="910" pin=5"/></net>

<net id="937"><net_src comp="880" pin="1"/><net_sink comp="910" pin=6"/></net>

<net id="938"><net_src comp="134" pin="0"/><net_sink comp="910" pin=7"/></net>

<net id="939"><net_src comp="883" pin="1"/><net_sink comp="910" pin=8"/></net>

<net id="940"><net_src comp="136" pin="0"/><net_sink comp="910" pin=9"/></net>

<net id="941"><net_src comp="886" pin="1"/><net_sink comp="910" pin=10"/></net>

<net id="942"><net_src comp="138" pin="0"/><net_sink comp="910" pin=11"/></net>

<net id="943"><net_src comp="889" pin="1"/><net_sink comp="910" pin=12"/></net>

<net id="944"><net_src comp="140" pin="0"/><net_sink comp="910" pin=13"/></net>

<net id="945"><net_src comp="892" pin="1"/><net_sink comp="910" pin=14"/></net>

<net id="946"><net_src comp="142" pin="0"/><net_sink comp="910" pin=15"/></net>

<net id="947"><net_src comp="895" pin="1"/><net_sink comp="910" pin=16"/></net>

<net id="948"><net_src comp="144" pin="0"/><net_sink comp="910" pin=17"/></net>

<net id="962"><net_src comp="146" pin="0"/><net_sink comp="949" pin=0"/></net>

<net id="963"><net_src comp="148" pin="0"/><net_sink comp="949" pin=1"/></net>

<net id="964"><net_src comp="898" pin="1"/><net_sink comp="949" pin=2"/></net>

<net id="965"><net_src comp="150" pin="0"/><net_sink comp="949" pin=3"/></net>

<net id="966"><net_src comp="901" pin="1"/><net_sink comp="949" pin=4"/></net>

<net id="967"><net_src comp="152" pin="0"/><net_sink comp="949" pin=5"/></net>

<net id="968"><net_src comp="904" pin="1"/><net_sink comp="949" pin=6"/></net>

<net id="969"><net_src comp="154" pin="0"/><net_sink comp="949" pin=7"/></net>

<net id="970"><net_src comp="907" pin="1"/><net_sink comp="949" pin=8"/></net>

<net id="971"><net_src comp="156" pin="0"/><net_sink comp="949" pin=9"/></net>

<net id="975"><net_src comp="910" pin="19"/><net_sink comp="972" pin=0"/></net>

<net id="982"><net_src comp="158" pin="0"/><net_sink comp="976" pin=0"/></net>

<net id="983"><net_src comp="910" pin="19"/><net_sink comp="976" pin=1"/></net>

<net id="984"><net_src comp="160" pin="0"/><net_sink comp="976" pin=2"/></net>

<net id="985"><net_src comp="122" pin="0"/><net_sink comp="976" pin=3"/></net>

<net id="992"><net_src comp="158" pin="0"/><net_sink comp="986" pin=0"/></net>

<net id="993"><net_src comp="910" pin="19"/><net_sink comp="986" pin=1"/></net>

<net id="994"><net_src comp="162" pin="0"/><net_sink comp="986" pin=2"/></net>

<net id="995"><net_src comp="164" pin="0"/><net_sink comp="986" pin=3"/></net>

<net id="1002"><net_src comp="158" pin="0"/><net_sink comp="996" pin=0"/></net>

<net id="1003"><net_src comp="910" pin="19"/><net_sink comp="996" pin=1"/></net>

<net id="1004"><net_src comp="166" pin="0"/><net_sink comp="996" pin=2"/></net>

<net id="1005"><net_src comp="168" pin="0"/><net_sink comp="996" pin=3"/></net>

<net id="1012"><net_src comp="158" pin="0"/><net_sink comp="1006" pin=0"/></net>

<net id="1013"><net_src comp="910" pin="19"/><net_sink comp="1006" pin=1"/></net>

<net id="1014"><net_src comp="170" pin="0"/><net_sink comp="1006" pin=2"/></net>

<net id="1015"><net_src comp="172" pin="0"/><net_sink comp="1006" pin=3"/></net>

<net id="1022"><net_src comp="158" pin="0"/><net_sink comp="1016" pin=0"/></net>

<net id="1023"><net_src comp="910" pin="19"/><net_sink comp="1016" pin=1"/></net>

<net id="1024"><net_src comp="174" pin="0"/><net_sink comp="1016" pin=2"/></net>

<net id="1025"><net_src comp="176" pin="0"/><net_sink comp="1016" pin=3"/></net>

<net id="1032"><net_src comp="158" pin="0"/><net_sink comp="1026" pin=0"/></net>

<net id="1033"><net_src comp="910" pin="19"/><net_sink comp="1026" pin=1"/></net>

<net id="1034"><net_src comp="178" pin="0"/><net_sink comp="1026" pin=2"/></net>

<net id="1035"><net_src comp="180" pin="0"/><net_sink comp="1026" pin=3"/></net>

<net id="1042"><net_src comp="158" pin="0"/><net_sink comp="1036" pin=0"/></net>

<net id="1043"><net_src comp="910" pin="19"/><net_sink comp="1036" pin=1"/></net>

<net id="1044"><net_src comp="182" pin="0"/><net_sink comp="1036" pin=2"/></net>

<net id="1045"><net_src comp="184" pin="0"/><net_sink comp="1036" pin=3"/></net>

<net id="1052"><net_src comp="158" pin="0"/><net_sink comp="1046" pin=0"/></net>

<net id="1053"><net_src comp="910" pin="19"/><net_sink comp="1046" pin=1"/></net>

<net id="1054"><net_src comp="186" pin="0"/><net_sink comp="1046" pin=2"/></net>

<net id="1055"><net_src comp="188" pin="0"/><net_sink comp="1046" pin=3"/></net>

<net id="1062"><net_src comp="158" pin="0"/><net_sink comp="1056" pin=0"/></net>

<net id="1063"><net_src comp="910" pin="19"/><net_sink comp="1056" pin=1"/></net>

<net id="1064"><net_src comp="190" pin="0"/><net_sink comp="1056" pin=2"/></net>

<net id="1065"><net_src comp="192" pin="0"/><net_sink comp="1056" pin=3"/></net>

<net id="1072"><net_src comp="158" pin="0"/><net_sink comp="1066" pin=0"/></net>

<net id="1073"><net_src comp="910" pin="19"/><net_sink comp="1066" pin=1"/></net>

<net id="1074"><net_src comp="194" pin="0"/><net_sink comp="1066" pin=2"/></net>

<net id="1075"><net_src comp="196" pin="0"/><net_sink comp="1066" pin=3"/></net>

<net id="1082"><net_src comp="158" pin="0"/><net_sink comp="1076" pin=0"/></net>

<net id="1083"><net_src comp="910" pin="19"/><net_sink comp="1076" pin=1"/></net>

<net id="1084"><net_src comp="198" pin="0"/><net_sink comp="1076" pin=2"/></net>

<net id="1085"><net_src comp="200" pin="0"/><net_sink comp="1076" pin=3"/></net>

<net id="1092"><net_src comp="158" pin="0"/><net_sink comp="1086" pin=0"/></net>

<net id="1093"><net_src comp="910" pin="19"/><net_sink comp="1086" pin=1"/></net>

<net id="1094"><net_src comp="202" pin="0"/><net_sink comp="1086" pin=2"/></net>

<net id="1095"><net_src comp="204" pin="0"/><net_sink comp="1086" pin=3"/></net>

<net id="1102"><net_src comp="158" pin="0"/><net_sink comp="1096" pin=0"/></net>

<net id="1103"><net_src comp="910" pin="19"/><net_sink comp="1096" pin=1"/></net>

<net id="1104"><net_src comp="206" pin="0"/><net_sink comp="1096" pin=2"/></net>

<net id="1105"><net_src comp="208" pin="0"/><net_sink comp="1096" pin=3"/></net>

<net id="1112"><net_src comp="158" pin="0"/><net_sink comp="1106" pin=0"/></net>

<net id="1113"><net_src comp="910" pin="19"/><net_sink comp="1106" pin=1"/></net>

<net id="1114"><net_src comp="210" pin="0"/><net_sink comp="1106" pin=2"/></net>

<net id="1115"><net_src comp="212" pin="0"/><net_sink comp="1106" pin=3"/></net>

<net id="1122"><net_src comp="158" pin="0"/><net_sink comp="1116" pin=0"/></net>

<net id="1123"><net_src comp="910" pin="19"/><net_sink comp="1116" pin=1"/></net>

<net id="1124"><net_src comp="214" pin="0"/><net_sink comp="1116" pin=2"/></net>

<net id="1125"><net_src comp="216" pin="0"/><net_sink comp="1116" pin=3"/></net>

<net id="1130"><net_src comp="148" pin="0"/><net_sink comp="1126" pin=1"/></net>

<net id="1135"><net_src comp="154" pin="0"/><net_sink comp="1131" pin=1"/></net>

<net id="1139"><net_src comp="1136" pin="1"/><net_sink comp="565" pin=0"/></net>

<net id="1143"><net_src comp="1140" pin="1"/><net_sink comp="565" pin=1"/></net>

<net id="1147"><net_src comp="1144" pin="1"/><net_sink comp="569" pin=0"/></net>

<net id="1151"><net_src comp="1148" pin="1"/><net_sink comp="569" pin=1"/></net>

<net id="1155"><net_src comp="1152" pin="1"/><net_sink comp="573" pin=0"/></net>

<net id="1159"><net_src comp="1156" pin="1"/><net_sink comp="573" pin=1"/></net>

<net id="1163"><net_src comp="1160" pin="1"/><net_sink comp="577" pin=0"/></net>

<net id="1167"><net_src comp="1164" pin="1"/><net_sink comp="577" pin=1"/></net>

<net id="1171"><net_src comp="1168" pin="1"/><net_sink comp="581" pin=0"/></net>

<net id="1175"><net_src comp="1172" pin="1"/><net_sink comp="581" pin=1"/></net>

<net id="1179"><net_src comp="1176" pin="1"/><net_sink comp="585" pin=0"/></net>

<net id="1183"><net_src comp="1180" pin="1"/><net_sink comp="585" pin=1"/></net>

<net id="1187"><net_src comp="1184" pin="1"/><net_sink comp="589" pin=0"/></net>

<net id="1191"><net_src comp="1188" pin="1"/><net_sink comp="589" pin=1"/></net>

<net id="1195"><net_src comp="1192" pin="1"/><net_sink comp="593" pin=0"/></net>

<net id="1199"><net_src comp="1196" pin="1"/><net_sink comp="593" pin=1"/></net>

<net id="1203"><net_src comp="1200" pin="1"/><net_sink comp="597" pin=0"/></net>

<net id="1207"><net_src comp="1204" pin="1"/><net_sink comp="597" pin=1"/></net>

<net id="1211"><net_src comp="1208" pin="1"/><net_sink comp="601" pin=0"/></net>

<net id="1215"><net_src comp="1212" pin="1"/><net_sink comp="601" pin=1"/></net>

<net id="1219"><net_src comp="1216" pin="1"/><net_sink comp="605" pin=0"/></net>

<net id="1223"><net_src comp="1220" pin="1"/><net_sink comp="605" pin=1"/></net>

<net id="1227"><net_src comp="1224" pin="1"/><net_sink comp="609" pin=0"/></net>

<net id="1231"><net_src comp="1228" pin="1"/><net_sink comp="609" pin=1"/></net>

<net id="1235"><net_src comp="1232" pin="1"/><net_sink comp="613" pin=0"/></net>

<net id="1239"><net_src comp="1236" pin="1"/><net_sink comp="613" pin=1"/></net>

<net id="1243"><net_src comp="1240" pin="1"/><net_sink comp="617" pin=0"/></net>

<net id="1247"><net_src comp="1244" pin="1"/><net_sink comp="617" pin=1"/></net>

<net id="1251"><net_src comp="1248" pin="1"/><net_sink comp="621" pin=0"/></net>

<net id="1255"><net_src comp="1252" pin="1"/><net_sink comp="621" pin=1"/></net>

<net id="1259"><net_src comp="1256" pin="1"/><net_sink comp="625" pin=0"/></net>

<net id="1263"><net_src comp="1260" pin="1"/><net_sink comp="625" pin=1"/></net>

<net id="1274"><net_src comp="1267" pin="1"/><net_sink comp="1270" pin=0"/></net>

<net id="1275"><net_src comp="1264" pin="1"/><net_sink comp="1270" pin=1"/></net>

<net id="1286"><net_src comp="1279" pin="1"/><net_sink comp="1282" pin=0"/></net>

<net id="1287"><net_src comp="1276" pin="1"/><net_sink comp="1282" pin=1"/></net>

<net id="1298"><net_src comp="1291" pin="1"/><net_sink comp="1294" pin=0"/></net>

<net id="1299"><net_src comp="1288" pin="1"/><net_sink comp="1294" pin=1"/></net>

<net id="1310"><net_src comp="1303" pin="1"/><net_sink comp="1306" pin=0"/></net>

<net id="1311"><net_src comp="1300" pin="1"/><net_sink comp="1306" pin=1"/></net>

<net id="1322"><net_src comp="1315" pin="1"/><net_sink comp="1318" pin=0"/></net>

<net id="1323"><net_src comp="1312" pin="1"/><net_sink comp="1318" pin=1"/></net>

<net id="1334"><net_src comp="1327" pin="1"/><net_sink comp="1330" pin=0"/></net>

<net id="1335"><net_src comp="1324" pin="1"/><net_sink comp="1330" pin=1"/></net>

<net id="1346"><net_src comp="1339" pin="1"/><net_sink comp="1342" pin=0"/></net>

<net id="1347"><net_src comp="1336" pin="1"/><net_sink comp="1342" pin=1"/></net>

<net id="1358"><net_src comp="1351" pin="1"/><net_sink comp="1354" pin=0"/></net>

<net id="1359"><net_src comp="1348" pin="1"/><net_sink comp="1354" pin=1"/></net>

<net id="1363"><net_src comp="1270" pin="2"/><net_sink comp="1360" pin=0"/></net>

<net id="1367"><net_src comp="1282" pin="2"/><net_sink comp="1364" pin=0"/></net>

<net id="1372"><net_src comp="1364" pin="1"/><net_sink comp="1368" pin=0"/></net>

<net id="1373"><net_src comp="1360" pin="1"/><net_sink comp="1368" pin=1"/></net>

<net id="1377"><net_src comp="1294" pin="2"/><net_sink comp="1374" pin=0"/></net>

<net id="1381"><net_src comp="1306" pin="2"/><net_sink comp="1378" pin=0"/></net>

<net id="1386"><net_src comp="1378" pin="1"/><net_sink comp="1382" pin=0"/></net>

<net id="1387"><net_src comp="1374" pin="1"/><net_sink comp="1382" pin=1"/></net>

<net id="1391"><net_src comp="1318" pin="2"/><net_sink comp="1388" pin=0"/></net>

<net id="1395"><net_src comp="1330" pin="2"/><net_sink comp="1392" pin=0"/></net>

<net id="1400"><net_src comp="1392" pin="1"/><net_sink comp="1396" pin=0"/></net>

<net id="1401"><net_src comp="1388" pin="1"/><net_sink comp="1396" pin=1"/></net>

<net id="1405"><net_src comp="1342" pin="2"/><net_sink comp="1402" pin=0"/></net>

<net id="1409"><net_src comp="1354" pin="2"/><net_sink comp="1406" pin=0"/></net>

<net id="1414"><net_src comp="1406" pin="1"/><net_sink comp="1410" pin=0"/></net>

<net id="1415"><net_src comp="1402" pin="1"/><net_sink comp="1410" pin=1"/></net>

<net id="1426"><net_src comp="1419" pin="1"/><net_sink comp="1422" pin=0"/></net>

<net id="1427"><net_src comp="1416" pin="1"/><net_sink comp="1422" pin=1"/></net>

<net id="1438"><net_src comp="1431" pin="1"/><net_sink comp="1434" pin=0"/></net>

<net id="1439"><net_src comp="1428" pin="1"/><net_sink comp="1434" pin=1"/></net>

<net id="1443"><net_src comp="1422" pin="2"/><net_sink comp="1440" pin=0"/></net>

<net id="1447"><net_src comp="1434" pin="2"/><net_sink comp="1444" pin=0"/></net>

<net id="1452"><net_src comp="1444" pin="1"/><net_sink comp="1448" pin=0"/></net>

<net id="1453"><net_src comp="1440" pin="1"/><net_sink comp="1448" pin=1"/></net>

<net id="1458"><net_src comp="218" pin="0"/><net_sink comp="1454" pin=1"/></net>

<net id="1463"><net_src comp="220" pin="0"/><net_sink comp="1459" pin=1"/></net>

<net id="1468"><net_src comp="222" pin="0"/><net_sink comp="1464" pin=0"/></net>

<net id="1473"><net_src comp="224" pin="0"/><net_sink comp="1469" pin=0"/></net>

<net id="1474"><net_src comp="1464" pin="2"/><net_sink comp="1469" pin=1"/></net>

<net id="1482"><net_src comp="1475" pin="1"/><net_sink comp="1478" pin=1"/></net>

<net id="1488"><net_src comp="226" pin="0"/><net_sink comp="1483" pin=0"/></net>

<net id="1489"><net_src comp="228" pin="0"/><net_sink comp="1483" pin=2"/></net>

<net id="1496"><net_src comp="1490" pin="1"/><net_sink comp="1493" pin=0"/></net>

<net id="1501"><net_src comp="1493" pin="1"/><net_sink comp="1497" pin=1"/></net>

<net id="1509"><net_src comp="1502" pin="1"/><net_sink comp="1505" pin=1"/></net>

<net id="1514"><net_src comp="230" pin="0"/><net_sink comp="1510" pin=1"/></net>

<net id="1519"><net_src comp="1483" pin="3"/><net_sink comp="1515" pin=0"/></net>

<net id="1520"><net_src comp="1510" pin="2"/><net_sink comp="1515" pin=1"/></net>

<net id="1526"><net_src comp="1478" pin="2"/><net_sink comp="1521" pin=1"/></net>

<net id="1527"><net_src comp="1505" pin="2"/><net_sink comp="1521" pin=2"/></net>

<net id="1533"><net_src comp="1515" pin="2"/><net_sink comp="1528" pin=0"/></net>

<net id="1534"><net_src comp="1497" pin="2"/><net_sink comp="1528" pin=1"/></net>

<net id="1535"><net_src comp="1521" pin="3"/><net_sink comp="1528" pin=2"/></net>

<net id="1540"><net_src comp="1528" pin="3"/><net_sink comp="1536" pin=0"/></net>

<net id="1548"><net_src comp="1528" pin="3"/><net_sink comp="1544" pin=0"/></net>

<net id="1549"><net_src comp="1541" pin="1"/><net_sink comp="1544" pin=1"/></net>

<net id="1557"><net_src comp="1550" pin="1"/><net_sink comp="1553" pin=1"/></net>

<net id="1563"><net_src comp="1553" pin="2"/><net_sink comp="1558" pin=2"/></net>

<net id="1568"><net_src comp="1558" pin="3"/><net_sink comp="1564" pin=0"/></net>

<net id="1572"><net_src comp="1569" pin="1"/><net_sink comp="629" pin=0"/></net>

<net id="1578"><net_src comp="242" pin="0"/><net_sink comp="1573" pin=0"/></net>

<net id="1579"><net_src comp="629" pin="2"/><net_sink comp="1573" pin=1"/></net>

<net id="1580"><net_src comp="244" pin="0"/><net_sink comp="1573" pin=2"/></net>

<net id="1584"><net_src comp="629" pin="2"/><net_sink comp="1581" pin=0"/></net>

<net id="1591"><net_src comp="246" pin="0"/><net_sink comp="1585" pin=0"/></net>

<net id="1592"><net_src comp="629" pin="2"/><net_sink comp="1585" pin=1"/></net>

<net id="1593"><net_src comp="182" pin="0"/><net_sink comp="1585" pin=2"/></net>

<net id="1594"><net_src comp="244" pin="0"/><net_sink comp="1585" pin=3"/></net>

<net id="1601"><net_src comp="248" pin="0"/><net_sink comp="1595" pin=0"/></net>

<net id="1602"><net_src comp="166" pin="0"/><net_sink comp="1595" pin=2"/></net>

<net id="1603"><net_src comp="180" pin="0"/><net_sink comp="1595" pin=3"/></net>

<net id="1609"><net_src comp="242" pin="0"/><net_sink comp="1604" pin=0"/></net>

<net id="1610"><net_src comp="166" pin="0"/><net_sink comp="1604" pin=2"/></net>

<net id="1616"><net_src comp="242" pin="0"/><net_sink comp="1611" pin=0"/></net>

<net id="1617"><net_src comp="164" pin="0"/><net_sink comp="1611" pin=2"/></net>

<net id="1622"><net_src comp="250" pin="0"/><net_sink comp="1618" pin=1"/></net>

<net id="1628"><net_src comp="242" pin="0"/><net_sink comp="1623" pin=0"/></net>

<net id="1629"><net_src comp="180" pin="0"/><net_sink comp="1623" pin=2"/></net>

<net id="1634"><net_src comp="1604" pin="3"/><net_sink comp="1630" pin=0"/></net>

<net id="1635"><net_src comp="1618" pin="2"/><net_sink comp="1630" pin=1"/></net>

<net id="1640"><net_src comp="1630" pin="2"/><net_sink comp="1636" pin=0"/></net>

<net id="1641"><net_src comp="1611" pin="3"/><net_sink comp="1636" pin=1"/></net>

<net id="1645"><net_src comp="1636" pin="2"/><net_sink comp="1642" pin=0"/></net>

<net id="1650"><net_src comp="1595" pin="4"/><net_sink comp="1646" pin=0"/></net>

<net id="1651"><net_src comp="1642" pin="1"/><net_sink comp="1646" pin=1"/></net>

<net id="1657"><net_src comp="252" pin="0"/><net_sink comp="1652" pin=0"/></net>

<net id="1658"><net_src comp="1646" pin="2"/><net_sink comp="1652" pin=1"/></net>

<net id="1659"><net_src comp="168" pin="0"/><net_sink comp="1652" pin=2"/></net>

<net id="1664"><net_src comp="1652" pin="3"/><net_sink comp="1660" pin=0"/></net>

<net id="1665"><net_src comp="230" pin="0"/><net_sink comp="1660" pin=1"/></net>

<net id="1670"><net_src comp="1623" pin="3"/><net_sink comp="1666" pin=0"/></net>

<net id="1671"><net_src comp="1660" pin="2"/><net_sink comp="1666" pin=1"/></net>

<net id="1676"><net_src comp="154" pin="0"/><net_sink comp="1672" pin=1"/></net>

<net id="1681"><net_src comp="148" pin="0"/><net_sink comp="1677" pin=1"/></net>

<net id="1687"><net_src comp="1666" pin="2"/><net_sink comp="1682" pin=0"/></net>

<net id="1688"><net_src comp="1672" pin="2"/><net_sink comp="1682" pin=1"/></net>

<net id="1689"><net_src comp="1677" pin="2"/><net_sink comp="1682" pin=2"/></net>

<net id="1695"><net_src comp="242" pin="0"/><net_sink comp="1690" pin=0"/></net>

<net id="1696"><net_src comp="182" pin="0"/><net_sink comp="1690" pin=2"/></net>

<net id="1701"><net_src comp="1690" pin="3"/><net_sink comp="1697" pin=0"/></net>

<net id="1702"><net_src comp="230" pin="0"/><net_sink comp="1697" pin=1"/></net>

<net id="1707"><net_src comp="1697" pin="2"/><net_sink comp="1703" pin=1"/></net>

<net id="1713"><net_src comp="1666" pin="2"/><net_sink comp="1708" pin=0"/></net>

<net id="1714"><net_src comp="1703" pin="2"/><net_sink comp="1708" pin=1"/></net>

<net id="1715"><net_src comp="1672" pin="2"/><net_sink comp="1708" pin=2"/></net>

<net id="1720"><net_src comp="1666" pin="2"/><net_sink comp="1716" pin=0"/></net>

<net id="1721"><net_src comp="1672" pin="2"/><net_sink comp="1716" pin=1"/></net>

<net id="1726"><net_src comp="1682" pin="3"/><net_sink comp="1722" pin=0"/></net>

<net id="1727"><net_src comp="230" pin="0"/><net_sink comp="1722" pin=1"/></net>

<net id="1732"><net_src comp="1652" pin="3"/><net_sink comp="1728" pin=0"/></net>

<net id="1733"><net_src comp="1722" pin="2"/><net_sink comp="1728" pin=1"/></net>

<net id="1738"><net_src comp="230" pin="0"/><net_sink comp="1734" pin=1"/></net>

<net id="1743"><net_src comp="1728" pin="2"/><net_sink comp="1739" pin=0"/></net>

<net id="1744"><net_src comp="1734" pin="2"/><net_sink comp="1739" pin=1"/></net>

<net id="1749"><net_src comp="1652" pin="3"/><net_sink comp="1745" pin=0"/></net>

<net id="1750"><net_src comp="1708" pin="3"/><net_sink comp="1745" pin=1"/></net>

<net id="1755"><net_src comp="1716" pin="2"/><net_sink comp="1751" pin=0"/></net>

<net id="1756"><net_src comp="1745" pin="2"/><net_sink comp="1751" pin=1"/></net>

<net id="1761"><net_src comp="1751" pin="2"/><net_sink comp="1757" pin=0"/></net>

<net id="1762"><net_src comp="230" pin="0"/><net_sink comp="1757" pin=1"/></net>

<net id="1767"><net_src comp="1757" pin="2"/><net_sink comp="1763" pin=1"/></net>

<net id="1772"><net_src comp="1739" pin="2"/><net_sink comp="1768" pin=0"/></net>

<net id="1773"><net_src comp="1763" pin="2"/><net_sink comp="1768" pin=1"/></net>

<net id="1779"><net_src comp="258" pin="0"/><net_sink comp="1774" pin=1"/></net>

<net id="1780"><net_src comp="260" pin="0"/><net_sink comp="1774" pin=2"/></net>

<net id="1786"><net_src comp="1774" pin="3"/><net_sink comp="1781" pin=1"/></net>

<net id="1787"><net_src comp="1781" pin="3"/><net_sink comp="350" pin=2"/></net>

<net id="1791"><net_src comp="266" pin="1"/><net_sink comp="1788" pin=0"/></net>

<net id="1792"><net_src comp="1788" pin="1"/><net_sink comp="644" pin=1"/></net>

<net id="1793"><net_src comp="1788" pin="1"/><net_sink comp="649" pin=0"/></net>

<net id="1794"><net_src comp="1788" pin="1"/><net_sink comp="688" pin=1"/></net>

<net id="1798"><net_src comp="270" pin="1"/><net_sink comp="1795" pin=0"/></net>

<net id="1799"><net_src comp="1795" pin="1"/><net_sink comp="639" pin=1"/></net>

<net id="1800"><net_src comp="1795" pin="1"/><net_sink comp="1536" pin=1"/></net>

<net id="1801"><net_src comp="1795" pin="1"/><net_sink comp="1541" pin=0"/></net>

<net id="1805"><net_src comp="274" pin="1"/><net_sink comp="1802" pin=0"/></net>

<net id="1806"><net_src comp="1802" pin="1"/><net_sink comp="634" pin=1"/></net>

<net id="1807"><net_src comp="1802" pin="1"/><net_sink comp="1550" pin=0"/></net>

<net id="1808"><net_src comp="1802" pin="1"/><net_sink comp="1564" pin=1"/></net>

<net id="1812"><net_src comp="278" pin="1"/><net_sink comp="1809" pin=0"/></net>

<net id="1813"><net_src comp="1809" pin="1"/><net_sink comp="850" pin=1"/></net>

<net id="1814"><net_src comp="1809" pin="1"/><net_sink comp="874" pin=0"/></net>

<net id="1818"><net_src comp="282" pin="1"/><net_sink comp="1815" pin=0"/></net>

<net id="1819"><net_src comp="1815" pin="1"/><net_sink comp="845" pin=1"/></net>

<net id="1820"><net_src comp="1815" pin="1"/><net_sink comp="877" pin=0"/></net>

<net id="1824"><net_src comp="286" pin="1"/><net_sink comp="1821" pin=0"/></net>

<net id="1825"><net_src comp="1821" pin="1"/><net_sink comp="840" pin=1"/></net>

<net id="1826"><net_src comp="1821" pin="1"/><net_sink comp="880" pin=0"/></net>

<net id="1830"><net_src comp="290" pin="1"/><net_sink comp="1827" pin=0"/></net>

<net id="1831"><net_src comp="1827" pin="1"/><net_sink comp="835" pin=1"/></net>

<net id="1832"><net_src comp="1827" pin="1"/><net_sink comp="883" pin=0"/></net>

<net id="1836"><net_src comp="294" pin="1"/><net_sink comp="1833" pin=0"/></net>

<net id="1837"><net_src comp="1833" pin="1"/><net_sink comp="830" pin=1"/></net>

<net id="1838"><net_src comp="1833" pin="1"/><net_sink comp="886" pin=0"/></net>

<net id="1842"><net_src comp="298" pin="1"/><net_sink comp="1839" pin=0"/></net>

<net id="1843"><net_src comp="1839" pin="1"/><net_sink comp="825" pin=1"/></net>

<net id="1844"><net_src comp="1839" pin="1"/><net_sink comp="889" pin=0"/></net>

<net id="1848"><net_src comp="302" pin="1"/><net_sink comp="1845" pin=0"/></net>

<net id="1849"><net_src comp="1845" pin="1"/><net_sink comp="820" pin=1"/></net>

<net id="1850"><net_src comp="1845" pin="1"/><net_sink comp="892" pin=0"/></net>

<net id="1854"><net_src comp="306" pin="1"/><net_sink comp="1851" pin=0"/></net>

<net id="1855"><net_src comp="1851" pin="1"/><net_sink comp="815" pin=1"/></net>

<net id="1856"><net_src comp="1851" pin="1"/><net_sink comp="895" pin=0"/></net>

<net id="1860"><net_src comp="310" pin="1"/><net_sink comp="1857" pin=0"/></net>

<net id="1861"><net_src comp="1857" pin="1"/><net_sink comp="810" pin=1"/></net>

<net id="1862"><net_src comp="1857" pin="1"/><net_sink comp="898" pin=0"/></net>

<net id="1866"><net_src comp="314" pin="1"/><net_sink comp="1863" pin=0"/></net>

<net id="1867"><net_src comp="1863" pin="1"/><net_sink comp="805" pin=1"/></net>

<net id="1868"><net_src comp="1863" pin="1"/><net_sink comp="901" pin=0"/></net>

<net id="1872"><net_src comp="318" pin="1"/><net_sink comp="1869" pin=0"/></net>

<net id="1873"><net_src comp="1869" pin="1"/><net_sink comp="800" pin=1"/></net>

<net id="1874"><net_src comp="1869" pin="1"/><net_sink comp="904" pin=0"/></net>

<net id="1878"><net_src comp="322" pin="1"/><net_sink comp="1875" pin=0"/></net>

<net id="1879"><net_src comp="1875" pin="1"/><net_sink comp="795" pin=1"/></net>

<net id="1880"><net_src comp="1875" pin="1"/><net_sink comp="907" pin=0"/></net>

<net id="1884"><net_src comp="652" pin="2"/><net_sink comp="1881" pin=0"/></net>

<net id="1888"><net_src comp="664" pin="1"/><net_sink comp="1885" pin=0"/></net>

<net id="1892"><net_src comp="668" pin="1"/><net_sink comp="1889" pin=0"/></net>

<net id="1893"><net_src comp="1889" pin="1"/><net_sink comp="855" pin=0"/></net>

<net id="1894"><net_src comp="1889" pin="1"/><net_sink comp="910" pin=18"/></net>

<net id="1898"><net_src comp="672" pin="2"/><net_sink comp="1895" pin=0"/></net>

<net id="1902"><net_src comp="678" pin="4"/><net_sink comp="1899" pin=0"/></net>

<net id="1903"><net_src comp="1899" pin="1"/><net_sink comp="949" pin=10"/></net>

<net id="1904"><net_src comp="1899" pin="1"/><net_sink comp="1126" pin=0"/></net>

<net id="1905"><net_src comp="1899" pin="1"/><net_sink comp="1131" pin=0"/></net>

<net id="1909"><net_src comp="357" pin="3"/><net_sink comp="1906" pin=0"/></net>

<net id="1910"><net_src comp="1906" pin="1"/><net_sink comp="364" pin=0"/></net>

<net id="1914"><net_src comp="370" pin="3"/><net_sink comp="1911" pin=0"/></net>

<net id="1915"><net_src comp="1911" pin="1"/><net_sink comp="377" pin=0"/></net>

<net id="1919"><net_src comp="383" pin="3"/><net_sink comp="1916" pin=0"/></net>

<net id="1920"><net_src comp="1916" pin="1"/><net_sink comp="390" pin=0"/></net>

<net id="1924"><net_src comp="396" pin="3"/><net_sink comp="1921" pin=0"/></net>

<net id="1925"><net_src comp="1921" pin="1"/><net_sink comp="403" pin=0"/></net>

<net id="1929"><net_src comp="409" pin="3"/><net_sink comp="1926" pin=0"/></net>

<net id="1930"><net_src comp="1926" pin="1"/><net_sink comp="416" pin=0"/></net>

<net id="1934"><net_src comp="422" pin="3"/><net_sink comp="1931" pin=0"/></net>

<net id="1935"><net_src comp="1931" pin="1"/><net_sink comp="429" pin=0"/></net>

<net id="1939"><net_src comp="435" pin="3"/><net_sink comp="1936" pin=0"/></net>

<net id="1940"><net_src comp="1936" pin="1"/><net_sink comp="442" pin=0"/></net>

<net id="1944"><net_src comp="448" pin="3"/><net_sink comp="1941" pin=0"/></net>

<net id="1945"><net_src comp="1941" pin="1"/><net_sink comp="455" pin=0"/></net>

<net id="1949"><net_src comp="461" pin="3"/><net_sink comp="1946" pin=0"/></net>

<net id="1950"><net_src comp="1946" pin="1"/><net_sink comp="468" pin=0"/></net>

<net id="1954"><net_src comp="474" pin="3"/><net_sink comp="1951" pin=0"/></net>

<net id="1955"><net_src comp="1951" pin="1"/><net_sink comp="481" pin=0"/></net>

<net id="1959"><net_src comp="487" pin="3"/><net_sink comp="1956" pin=0"/></net>

<net id="1960"><net_src comp="1956" pin="1"/><net_sink comp="494" pin=0"/></net>

<net id="1964"><net_src comp="500" pin="3"/><net_sink comp="1961" pin=0"/></net>

<net id="1965"><net_src comp="1961" pin="1"/><net_sink comp="507" pin=0"/></net>

<net id="1969"><net_src comp="513" pin="3"/><net_sink comp="1966" pin=0"/></net>

<net id="1970"><net_src comp="1966" pin="1"/><net_sink comp="520" pin=0"/></net>

<net id="1974"><net_src comp="526" pin="3"/><net_sink comp="1971" pin=0"/></net>

<net id="1975"><net_src comp="1971" pin="1"/><net_sink comp="533" pin=0"/></net>

<net id="1979"><net_src comp="539" pin="3"/><net_sink comp="1976" pin=0"/></net>

<net id="1980"><net_src comp="1976" pin="1"/><net_sink comp="546" pin=0"/></net>

<net id="1984"><net_src comp="552" pin="3"/><net_sink comp="1981" pin=0"/></net>

<net id="1985"><net_src comp="1981" pin="1"/><net_sink comp="559" pin=0"/></net>

<net id="1989"><net_src comp="364" pin="3"/><net_sink comp="1986" pin=0"/></net>

<net id="1990"><net_src comp="1986" pin="1"/><net_sink comp="1136" pin=0"/></net>

<net id="1994"><net_src comp="377" pin="3"/><net_sink comp="1991" pin=0"/></net>

<net id="1995"><net_src comp="1991" pin="1"/><net_sink comp="1144" pin=0"/></net>

<net id="1999"><net_src comp="390" pin="3"/><net_sink comp="1996" pin=0"/></net>

<net id="2000"><net_src comp="1996" pin="1"/><net_sink comp="1152" pin=0"/></net>

<net id="2004"><net_src comp="403" pin="3"/><net_sink comp="2001" pin=0"/></net>

<net id="2005"><net_src comp="2001" pin="1"/><net_sink comp="1160" pin=0"/></net>

<net id="2009"><net_src comp="416" pin="3"/><net_sink comp="2006" pin=0"/></net>

<net id="2010"><net_src comp="2006" pin="1"/><net_sink comp="1168" pin=0"/></net>

<net id="2014"><net_src comp="429" pin="3"/><net_sink comp="2011" pin=0"/></net>

<net id="2015"><net_src comp="2011" pin="1"/><net_sink comp="1176" pin=0"/></net>

<net id="2019"><net_src comp="442" pin="3"/><net_sink comp="2016" pin=0"/></net>

<net id="2020"><net_src comp="2016" pin="1"/><net_sink comp="1184" pin=0"/></net>

<net id="2024"><net_src comp="455" pin="3"/><net_sink comp="2021" pin=0"/></net>

<net id="2025"><net_src comp="2021" pin="1"/><net_sink comp="1192" pin=0"/></net>

<net id="2029"><net_src comp="468" pin="3"/><net_sink comp="2026" pin=0"/></net>

<net id="2030"><net_src comp="2026" pin="1"/><net_sink comp="1200" pin=0"/></net>

<net id="2034"><net_src comp="481" pin="3"/><net_sink comp="2031" pin=0"/></net>

<net id="2035"><net_src comp="2031" pin="1"/><net_sink comp="1208" pin=0"/></net>

<net id="2039"><net_src comp="494" pin="3"/><net_sink comp="2036" pin=0"/></net>

<net id="2040"><net_src comp="2036" pin="1"/><net_sink comp="1216" pin=0"/></net>

<net id="2044"><net_src comp="507" pin="3"/><net_sink comp="2041" pin=0"/></net>

<net id="2045"><net_src comp="2041" pin="1"/><net_sink comp="1224" pin=0"/></net>

<net id="2049"><net_src comp="520" pin="3"/><net_sink comp="2046" pin=0"/></net>

<net id="2050"><net_src comp="2046" pin="1"/><net_sink comp="1232" pin=0"/></net>

<net id="2054"><net_src comp="533" pin="3"/><net_sink comp="2051" pin=0"/></net>

<net id="2055"><net_src comp="2051" pin="1"/><net_sink comp="1240" pin=0"/></net>

<net id="2059"><net_src comp="546" pin="3"/><net_sink comp="2056" pin=0"/></net>

<net id="2060"><net_src comp="2056" pin="1"/><net_sink comp="1248" pin=0"/></net>

<net id="2064"><net_src comp="559" pin="3"/><net_sink comp="2061" pin=0"/></net>

<net id="2065"><net_src comp="2061" pin="1"/><net_sink comp="1256" pin=0"/></net>

<net id="2069"><net_src comp="949" pin="11"/><net_sink comp="2066" pin=0"/></net>

<net id="2070"><net_src comp="2066" pin="1"/><net_sink comp="1454" pin=0"/></net>

<net id="2071"><net_src comp="2066" pin="1"/><net_sink comp="1459" pin=0"/></net>

<net id="2072"><net_src comp="2066" pin="1"/><net_sink comp="1464" pin=1"/></net>

<net id="2076"><net_src comp="972" pin="1"/><net_sink comp="2073" pin=0"/></net>

<net id="2077"><net_src comp="2073" pin="1"/><net_sink comp="1140" pin=0"/></net>

<net id="2081"><net_src comp="976" pin="4"/><net_sink comp="2078" pin=0"/></net>

<net id="2082"><net_src comp="2078" pin="1"/><net_sink comp="1148" pin=0"/></net>

<net id="2086"><net_src comp="986" pin="4"/><net_sink comp="2083" pin=0"/></net>

<net id="2087"><net_src comp="2083" pin="1"/><net_sink comp="1156" pin=0"/></net>

<net id="2091"><net_src comp="996" pin="4"/><net_sink comp="2088" pin=0"/></net>

<net id="2092"><net_src comp="2088" pin="1"/><net_sink comp="1164" pin=0"/></net>

<net id="2096"><net_src comp="1006" pin="4"/><net_sink comp="2093" pin=0"/></net>

<net id="2097"><net_src comp="2093" pin="1"/><net_sink comp="1172" pin=0"/></net>

<net id="2101"><net_src comp="1016" pin="4"/><net_sink comp="2098" pin=0"/></net>

<net id="2102"><net_src comp="2098" pin="1"/><net_sink comp="1180" pin=0"/></net>

<net id="2106"><net_src comp="1026" pin="4"/><net_sink comp="2103" pin=0"/></net>

<net id="2107"><net_src comp="2103" pin="1"/><net_sink comp="1188" pin=0"/></net>

<net id="2111"><net_src comp="1036" pin="4"/><net_sink comp="2108" pin=0"/></net>

<net id="2112"><net_src comp="2108" pin="1"/><net_sink comp="1196" pin=0"/></net>

<net id="2116"><net_src comp="1046" pin="4"/><net_sink comp="2113" pin=0"/></net>

<net id="2117"><net_src comp="2113" pin="1"/><net_sink comp="1204" pin=0"/></net>

<net id="2121"><net_src comp="1056" pin="4"/><net_sink comp="2118" pin=0"/></net>

<net id="2122"><net_src comp="2118" pin="1"/><net_sink comp="1212" pin=0"/></net>

<net id="2126"><net_src comp="1066" pin="4"/><net_sink comp="2123" pin=0"/></net>

<net id="2127"><net_src comp="2123" pin="1"/><net_sink comp="1220" pin=0"/></net>

<net id="2131"><net_src comp="1076" pin="4"/><net_sink comp="2128" pin=0"/></net>

<net id="2132"><net_src comp="2128" pin="1"/><net_sink comp="1228" pin=0"/></net>

<net id="2136"><net_src comp="1086" pin="4"/><net_sink comp="2133" pin=0"/></net>

<net id="2137"><net_src comp="2133" pin="1"/><net_sink comp="1236" pin=0"/></net>

<net id="2141"><net_src comp="1096" pin="4"/><net_sink comp="2138" pin=0"/></net>

<net id="2142"><net_src comp="2138" pin="1"/><net_sink comp="1244" pin=0"/></net>

<net id="2146"><net_src comp="1106" pin="4"/><net_sink comp="2143" pin=0"/></net>

<net id="2147"><net_src comp="2143" pin="1"/><net_sink comp="1252" pin=0"/></net>

<net id="2151"><net_src comp="1116" pin="4"/><net_sink comp="2148" pin=0"/></net>

<net id="2152"><net_src comp="2148" pin="1"/><net_sink comp="1260" pin=0"/></net>

<net id="2156"><net_src comp="1126" pin="2"/><net_sink comp="2153" pin=0"/></net>

<net id="2157"><net_src comp="2153" pin="1"/><net_sink comp="1558" pin=0"/></net>

<net id="2161"><net_src comp="1131" pin="2"/><net_sink comp="2158" pin=0"/></net>

<net id="2165"><net_src comp="1136" pin="1"/><net_sink comp="2162" pin=0"/></net>

<net id="2166"><net_src comp="2162" pin="1"/><net_sink comp="565" pin=0"/></net>

<net id="2170"><net_src comp="1140" pin="1"/><net_sink comp="2167" pin=0"/></net>

<net id="2171"><net_src comp="2167" pin="1"/><net_sink comp="565" pin=1"/></net>

<net id="2175"><net_src comp="1144" pin="1"/><net_sink comp="2172" pin=0"/></net>

<net id="2176"><net_src comp="2172" pin="1"/><net_sink comp="569" pin=0"/></net>

<net id="2180"><net_src comp="1148" pin="1"/><net_sink comp="2177" pin=0"/></net>

<net id="2181"><net_src comp="2177" pin="1"/><net_sink comp="569" pin=1"/></net>

<net id="2185"><net_src comp="1152" pin="1"/><net_sink comp="2182" pin=0"/></net>

<net id="2186"><net_src comp="2182" pin="1"/><net_sink comp="573" pin=0"/></net>

<net id="2190"><net_src comp="1156" pin="1"/><net_sink comp="2187" pin=0"/></net>

<net id="2191"><net_src comp="2187" pin="1"/><net_sink comp="573" pin=1"/></net>

<net id="2195"><net_src comp="1160" pin="1"/><net_sink comp="2192" pin=0"/></net>

<net id="2196"><net_src comp="2192" pin="1"/><net_sink comp="577" pin=0"/></net>

<net id="2200"><net_src comp="1164" pin="1"/><net_sink comp="2197" pin=0"/></net>

<net id="2201"><net_src comp="2197" pin="1"/><net_sink comp="577" pin=1"/></net>

<net id="2205"><net_src comp="1168" pin="1"/><net_sink comp="2202" pin=0"/></net>

<net id="2206"><net_src comp="2202" pin="1"/><net_sink comp="581" pin=0"/></net>

<net id="2210"><net_src comp="1172" pin="1"/><net_sink comp="2207" pin=0"/></net>

<net id="2211"><net_src comp="2207" pin="1"/><net_sink comp="581" pin=1"/></net>

<net id="2215"><net_src comp="1176" pin="1"/><net_sink comp="2212" pin=0"/></net>

<net id="2216"><net_src comp="2212" pin="1"/><net_sink comp="585" pin=0"/></net>

<net id="2220"><net_src comp="1180" pin="1"/><net_sink comp="2217" pin=0"/></net>

<net id="2221"><net_src comp="2217" pin="1"/><net_sink comp="585" pin=1"/></net>

<net id="2225"><net_src comp="1184" pin="1"/><net_sink comp="2222" pin=0"/></net>

<net id="2226"><net_src comp="2222" pin="1"/><net_sink comp="589" pin=0"/></net>

<net id="2230"><net_src comp="1188" pin="1"/><net_sink comp="2227" pin=0"/></net>

<net id="2231"><net_src comp="2227" pin="1"/><net_sink comp="589" pin=1"/></net>

<net id="2235"><net_src comp="1192" pin="1"/><net_sink comp="2232" pin=0"/></net>

<net id="2236"><net_src comp="2232" pin="1"/><net_sink comp="593" pin=0"/></net>

<net id="2240"><net_src comp="1196" pin="1"/><net_sink comp="2237" pin=0"/></net>

<net id="2241"><net_src comp="2237" pin="1"/><net_sink comp="593" pin=1"/></net>

<net id="2245"><net_src comp="1200" pin="1"/><net_sink comp="2242" pin=0"/></net>

<net id="2246"><net_src comp="2242" pin="1"/><net_sink comp="597" pin=0"/></net>

<net id="2250"><net_src comp="1204" pin="1"/><net_sink comp="2247" pin=0"/></net>

<net id="2251"><net_src comp="2247" pin="1"/><net_sink comp="597" pin=1"/></net>

<net id="2255"><net_src comp="1208" pin="1"/><net_sink comp="2252" pin=0"/></net>

<net id="2256"><net_src comp="2252" pin="1"/><net_sink comp="601" pin=0"/></net>

<net id="2260"><net_src comp="1212" pin="1"/><net_sink comp="2257" pin=0"/></net>

<net id="2261"><net_src comp="2257" pin="1"/><net_sink comp="601" pin=1"/></net>

<net id="2265"><net_src comp="1216" pin="1"/><net_sink comp="2262" pin=0"/></net>

<net id="2266"><net_src comp="2262" pin="1"/><net_sink comp="605" pin=0"/></net>

<net id="2270"><net_src comp="1220" pin="1"/><net_sink comp="2267" pin=0"/></net>

<net id="2271"><net_src comp="2267" pin="1"/><net_sink comp="605" pin=1"/></net>

<net id="2275"><net_src comp="1224" pin="1"/><net_sink comp="2272" pin=0"/></net>

<net id="2276"><net_src comp="2272" pin="1"/><net_sink comp="609" pin=0"/></net>

<net id="2280"><net_src comp="1228" pin="1"/><net_sink comp="2277" pin=0"/></net>

<net id="2281"><net_src comp="2277" pin="1"/><net_sink comp="609" pin=1"/></net>

<net id="2285"><net_src comp="1232" pin="1"/><net_sink comp="2282" pin=0"/></net>

<net id="2286"><net_src comp="2282" pin="1"/><net_sink comp="613" pin=0"/></net>

<net id="2290"><net_src comp="1236" pin="1"/><net_sink comp="2287" pin=0"/></net>

<net id="2291"><net_src comp="2287" pin="1"/><net_sink comp="613" pin=1"/></net>

<net id="2295"><net_src comp="1240" pin="1"/><net_sink comp="2292" pin=0"/></net>

<net id="2296"><net_src comp="2292" pin="1"/><net_sink comp="617" pin=0"/></net>

<net id="2300"><net_src comp="1244" pin="1"/><net_sink comp="2297" pin=0"/></net>

<net id="2301"><net_src comp="2297" pin="1"/><net_sink comp="617" pin=1"/></net>

<net id="2305"><net_src comp="1248" pin="1"/><net_sink comp="2302" pin=0"/></net>

<net id="2306"><net_src comp="2302" pin="1"/><net_sink comp="621" pin=0"/></net>

<net id="2310"><net_src comp="1252" pin="1"/><net_sink comp="2307" pin=0"/></net>

<net id="2311"><net_src comp="2307" pin="1"/><net_sink comp="621" pin=1"/></net>

<net id="2315"><net_src comp="1256" pin="1"/><net_sink comp="2312" pin=0"/></net>

<net id="2316"><net_src comp="2312" pin="1"/><net_sink comp="625" pin=0"/></net>

<net id="2320"><net_src comp="1260" pin="1"/><net_sink comp="2317" pin=0"/></net>

<net id="2321"><net_src comp="2317" pin="1"/><net_sink comp="625" pin=1"/></net>

<net id="2325"><net_src comp="565" pin="2"/><net_sink comp="2322" pin=0"/></net>

<net id="2326"><net_src comp="2322" pin="1"/><net_sink comp="1264" pin=0"/></net>

<net id="2330"><net_src comp="569" pin="2"/><net_sink comp="2327" pin=0"/></net>

<net id="2331"><net_src comp="2327" pin="1"/><net_sink comp="1267" pin=0"/></net>

<net id="2335"><net_src comp="573" pin="2"/><net_sink comp="2332" pin=0"/></net>

<net id="2336"><net_src comp="2332" pin="1"/><net_sink comp="1276" pin=0"/></net>

<net id="2340"><net_src comp="577" pin="2"/><net_sink comp="2337" pin=0"/></net>

<net id="2341"><net_src comp="2337" pin="1"/><net_sink comp="1279" pin=0"/></net>

<net id="2345"><net_src comp="581" pin="2"/><net_sink comp="2342" pin=0"/></net>

<net id="2346"><net_src comp="2342" pin="1"/><net_sink comp="1288" pin=0"/></net>

<net id="2350"><net_src comp="585" pin="2"/><net_sink comp="2347" pin=0"/></net>

<net id="2351"><net_src comp="2347" pin="1"/><net_sink comp="1291" pin=0"/></net>

<net id="2355"><net_src comp="589" pin="2"/><net_sink comp="2352" pin=0"/></net>

<net id="2356"><net_src comp="2352" pin="1"/><net_sink comp="1300" pin=0"/></net>

<net id="2360"><net_src comp="593" pin="2"/><net_sink comp="2357" pin=0"/></net>

<net id="2361"><net_src comp="2357" pin="1"/><net_sink comp="1303" pin=0"/></net>

<net id="2365"><net_src comp="597" pin="2"/><net_sink comp="2362" pin=0"/></net>

<net id="2366"><net_src comp="2362" pin="1"/><net_sink comp="1312" pin=0"/></net>

<net id="2370"><net_src comp="601" pin="2"/><net_sink comp="2367" pin=0"/></net>

<net id="2371"><net_src comp="2367" pin="1"/><net_sink comp="1315" pin=0"/></net>

<net id="2375"><net_src comp="605" pin="2"/><net_sink comp="2372" pin=0"/></net>

<net id="2376"><net_src comp="2372" pin="1"/><net_sink comp="1324" pin=0"/></net>

<net id="2380"><net_src comp="609" pin="2"/><net_sink comp="2377" pin=0"/></net>

<net id="2381"><net_src comp="2377" pin="1"/><net_sink comp="1327" pin=0"/></net>

<net id="2385"><net_src comp="613" pin="2"/><net_sink comp="2382" pin=0"/></net>

<net id="2386"><net_src comp="2382" pin="1"/><net_sink comp="1336" pin=0"/></net>

<net id="2390"><net_src comp="617" pin="2"/><net_sink comp="2387" pin=0"/></net>

<net id="2391"><net_src comp="2387" pin="1"/><net_sink comp="1339" pin=0"/></net>

<net id="2395"><net_src comp="621" pin="2"/><net_sink comp="2392" pin=0"/></net>

<net id="2396"><net_src comp="2392" pin="1"/><net_sink comp="1348" pin=0"/></net>

<net id="2400"><net_src comp="625" pin="2"/><net_sink comp="2397" pin=0"/></net>

<net id="2401"><net_src comp="2397" pin="1"/><net_sink comp="1351" pin=0"/></net>

<net id="2405"><net_src comp="1368" pin="2"/><net_sink comp="2402" pin=0"/></net>

<net id="2406"><net_src comp="2402" pin="1"/><net_sink comp="1416" pin=0"/></net>

<net id="2410"><net_src comp="1382" pin="2"/><net_sink comp="2407" pin=0"/></net>

<net id="2411"><net_src comp="2407" pin="1"/><net_sink comp="1419" pin=0"/></net>

<net id="2415"><net_src comp="1396" pin="2"/><net_sink comp="2412" pin=0"/></net>

<net id="2416"><net_src comp="2412" pin="1"/><net_sink comp="1428" pin=0"/></net>

<net id="2420"><net_src comp="1410" pin="2"/><net_sink comp="2417" pin=0"/></net>

<net id="2421"><net_src comp="2417" pin="1"/><net_sink comp="1431" pin=0"/></net>

<net id="2425"><net_src comp="1448" pin="2"/><net_sink comp="2422" pin=0"/></net>

<net id="2426"><net_src comp="2422" pin="1"/><net_sink comp="1478" pin=0"/></net>

<net id="2427"><net_src comp="2422" pin="1"/><net_sink comp="1497" pin=0"/></net>

<net id="2428"><net_src comp="2422" pin="1"/><net_sink comp="1505" pin=0"/></net>

<net id="2432"><net_src comp="1454" pin="2"/><net_sink comp="2429" pin=0"/></net>

<net id="2433"><net_src comp="2429" pin="1"/><net_sink comp="1510" pin=0"/></net>

<net id="2434"><net_src comp="2429" pin="1"/><net_sink comp="1521" pin=0"/></net>

<net id="2438"><net_src comp="1459" pin="2"/><net_sink comp="2435" pin=0"/></net>

<net id="2439"><net_src comp="2435" pin="1"/><net_sink comp="1475" pin=0"/></net>

<net id="2443"><net_src comp="1464" pin="2"/><net_sink comp="2440" pin=0"/></net>

<net id="2444"><net_src comp="2440" pin="1"/><net_sink comp="1483" pin=1"/></net>

<net id="2445"><net_src comp="2440" pin="1"/><net_sink comp="1502" pin=0"/></net>

<net id="2449"><net_src comp="1469" pin="2"/><net_sink comp="2446" pin=0"/></net>

<net id="2450"><net_src comp="2446" pin="1"/><net_sink comp="1490" pin=0"/></net>

<net id="2454"><net_src comp="1544" pin="2"/><net_sink comp="2451" pin=0"/></net>

<net id="2455"><net_src comp="2451" pin="1"/><net_sink comp="1553" pin=0"/></net>

<net id="2456"><net_src comp="2451" pin="1"/><net_sink comp="1558" pin=1"/></net>

<net id="2460"><net_src comp="1558" pin="3"/><net_sink comp="2457" pin=0"/></net>

<net id="2461"><net_src comp="2457" pin="1"/><net_sink comp="1569" pin=0"/></net>

<net id="2465"><net_src comp="1569" pin="1"/><net_sink comp="2462" pin=0"/></net>

<net id="2466"><net_src comp="2462" pin="1"/><net_sink comp="629" pin=0"/></net>

<net id="2470"><net_src comp="629" pin="2"/><net_sink comp="2467" pin=0"/></net>

<net id="2471"><net_src comp="2467" pin="1"/><net_sink comp="1595" pin=1"/></net>

<net id="2472"><net_src comp="2467" pin="1"/><net_sink comp="1604" pin=1"/></net>

<net id="2473"><net_src comp="2467" pin="1"/><net_sink comp="1611" pin=1"/></net>

<net id="2474"><net_src comp="2467" pin="1"/><net_sink comp="1623" pin=1"/></net>

<net id="2475"><net_src comp="2467" pin="1"/><net_sink comp="1690" pin=1"/></net>

<net id="2479"><net_src comp="1573" pin="3"/><net_sink comp="2476" pin=0"/></net>

<net id="2480"><net_src comp="2476" pin="1"/><net_sink comp="1703" pin=0"/></net>

<net id="2481"><net_src comp="2476" pin="1"/><net_sink comp="1734" pin=0"/></net>

<net id="2482"><net_src comp="2476" pin="1"/><net_sink comp="1763" pin=0"/></net>

<net id="2486"><net_src comp="1581" pin="1"/><net_sink comp="2483" pin=0"/></net>

<net id="2487"><net_src comp="2483" pin="1"/><net_sink comp="1618" pin=0"/></net>

<net id="2491"><net_src comp="1585" pin="4"/><net_sink comp="2488" pin=0"/></net>

<net id="2492"><net_src comp="2488" pin="1"/><net_sink comp="1672" pin=0"/></net>

<net id="2493"><net_src comp="2488" pin="1"/><net_sink comp="1677" pin=0"/></net>

<net id="2497"><net_src comp="1646" pin="2"/><net_sink comp="2494" pin=0"/></net>

<net id="2498"><net_src comp="2494" pin="1"/><net_sink comp="1781" pin=2"/></net>

<net id="2502"><net_src comp="1739" pin="2"/><net_sink comp="2499" pin=0"/></net>

<net id="2503"><net_src comp="2499" pin="1"/><net_sink comp="1774" pin=0"/></net>

<net id="2507"><net_src comp="1768" pin="2"/><net_sink comp="2504" pin=0"/></net>

<net id="2508"><net_src comp="2504" pin="1"/><net_sink comp="1781" pin=0"/></net>

</net_list>

</model> 
---------------- Datapath Model END ------------------

* FSMD analyzer results:
  - Output states:
	Port: query_0 | {}
	Port: query_1 | {}
	Port: query_2 | {}
	Port: query_3 | {}
	Port: query_4 | {}
	Port: query_5 | {}
	Port: query_6 | {}
	Port: query_7 | {}
	Port: query_8 | {}
	Port: query_9 | {}
	Port: query_10 | {}
	Port: query_11 | {}
	Port: query_12 | {}
	Port: query_13 | {}
	Port: query_14 | {}
	Port: query_15 | {}
	Port: key_metadata_stream | {}
	Port: key0_stream | {}
	Port: key1_stream | {}
	Port: score_stream | {16 }
 - Input state : 
	Port: swiftkv_process_compressed_kv_Pipeline_compressed_dot_phase_loop : total_phases | {1 }
	Port: swiftkv_process_compressed_kv_Pipeline_compressed_dot_phase_loop : query_0 | {2 3 }
	Port: swiftkv_process_compressed_kv_Pipeline_compressed_dot_phase_loop : query_1 | {2 3 }
	Port: swiftkv_process_compressed_kv_Pipeline_compressed_dot_phase_loop : query_2 | {2 3 }
	Port: swiftkv_process_compressed_kv_Pipeline_compressed_dot_phase_loop : query_3 | {2 3 }
	Port: swiftkv_process_compressed_kv_Pipeline_compressed_dot_phase_loop : query_4 | {2 3 }
	Port: swiftkv_process_compressed_kv_Pipeline_compressed_dot_phase_loop : query_5 | {2 3 }
	Port: swiftkv_process_compressed_kv_Pipeline_compressed_dot_phase_loop : query_6 | {2 3 }
	Port: swiftkv_process_compressed_kv_Pipeline_compressed_dot_phase_loop : query_7 | {2 3 }
	Port: swiftkv_process_compressed_kv_Pipeline_compressed_dot_phase_loop : query_8 | {2 3 }
	Port: swiftkv_process_compressed_kv_Pipeline_compressed_dot_phase_loop : query_9 | {2 3 }
	Port: swiftkv_process_compressed_kv_Pipeline_compressed_dot_phase_loop : query_10 | {2 3 }
	Port: swiftkv_process_compressed_kv_Pipeline_compressed_dot_phase_loop : query_11 | {2 3 }
	Port: swiftkv_process_compressed_kv_Pipeline_compressed_dot_phase_loop : query_12 | {2 3 }
	Port: swiftkv_process_compressed_kv_Pipeline_compressed_dot_phase_loop : query_13 | {2 3 }
	Port: swiftkv_process_compressed_kv_Pipeline_compressed_dot_phase_loop : query_14 | {2 3 }
	Port: swiftkv_process_compressed_kv_Pipeline_compressed_dot_phase_loop : query_15 | {2 3 }
	Port: swiftkv_process_compressed_kv_Pipeline_compressed_dot_phase_loop : key_metadata_stream | {2 }
	Port: swiftkv_process_compressed_kv_Pipeline_compressed_dot_phase_loop : key0_stream | {2 }
	Port: swiftkv_process_compressed_kv_Pipeline_compressed_dot_phase_loop : key1_stream | {2 }
	Port: swiftkv_process_compressed_kv_Pipeline_compressed_dot_phase_loop : score_stream | {}
  - Chain level:
	State 1
		store_ln851 : 1
		store_ln850 : 1
		store_ln854 : 1
		dot_phase_1 : 1
		icmp_ln855 : 2
		dot_phase_2 : 2
		br_ln854 : 3
		half : 2
		phase : 2
		icmp_ln860 : 3
		br_ln860 : 4
		trunc_ln : 2
		br_ln903 : 3
		store_ln854 : 3
	State 2
		store_ln847 : 1
		store_ln847 : 1
		store_ln847 : 1
		store_ln847 : 1
		store_ln846 : 1
		store_ln846 : 1
		store_ln846 : 1
		store_ln846 : 1
		store_ln846 : 1
		store_ln846 : 1
		store_ln846 : 1
		store_ln846 : 1
		query_0_addr : 1
		query_raw : 2
		query_1_addr : 1
		query_raw_1 : 2
		query_2_addr : 1
		query_raw_2 : 2
		query_3_addr : 1
		query_raw_3 : 2
		query_4_addr : 1
		query_raw_4 : 2
		query_5_addr : 1
		query_raw_5 : 2
		query_6_addr : 1
		query_raw_6 : 2
		query_7_addr : 1
		query_raw_7 : 2
		query_8_addr : 1
		query_raw_8 : 2
		query_9_addr : 1
		query_raw_9 : 2
		query_10_addr : 1
		query_raw_10 : 2
		query_11_addr : 1
		query_raw_11 : 2
		query_12_addr : 1
		query_raw_12 : 2
		query_13_addr : 1
		query_raw_13 : 2
		query_14_addr : 1
		query_raw_14 : 2
		query_15_addr : 1
		query_raw_15 : 2
	State 3
		compressed : 1
		shift : 1
		key : 2
		key_1 : 2
		key_2 : 2
		key_3 : 2
		key_4 : 2
		key_5 : 2
		key_6 : 2
		key_7 : 2
		key_8 : 2
		key_9 : 2
		key_10 : 2
		key_11 : 2
		key_12 : 2
		key_13 : 2
		key_14 : 2
		key_15 : 2
		br_ln913 : 1
	State 4
		mul_ln791 : 1
		mul_ln791_1 : 1
		mul_ln791_2 : 1
		mul_ln791_3 : 1
		mul_ln791_4 : 1
		mul_ln791_5 : 1
		mul_ln791_6 : 1
		mul_ln791_7 : 1
		mul_ln791_8 : 1
		mul_ln791_9 : 1
		mul_ln791_10 : 1
		mul_ln791_11 : 1
		mul_ln791_12 : 1
		mul_ln791_13 : 1
		mul_ln791_14 : 1
		mul_ln791_15 : 1
	State 5
	State 6
		add_ln797 : 1
		add_ln797_1 : 1
		add_ln797_2 : 1
		add_ln797_3 : 1
		add_ln797_4 : 1
		add_ln797_5 : 1
		add_ln797_6 : 1
		add_ln797_7 : 1
		sext_ln804 : 2
		sext_ln805 : 2
		add_ln804 : 3
		sext_ln804_1 : 2
		sext_ln805_1 : 2
		add_ln804_1 : 3
		sext_ln804_2 : 2
		sext_ln805_2 : 2
		add_ln804_2 : 3
		sext_ln804_3 : 2
		sext_ln805_3 : 2
		add_ln804_3 : 3
	State 7
		add_ln811 : 1
		add_ln811_1 : 1
		sext_ln815 : 2
		sext_ln815_1 : 2
		sum : 3
		sub_ln824_1 : 1
	State 8
		scaled_1 : 1
		sext_ln824cast : 1
		scaled_2 : 2
		scaled_3 : 1
		select_ln821 : 2
		scaled : 3
		store_ln850 : 4
		group_dot : 4
	State 9
		next_dot : 1
		group_dot_2 : 2
		store_ln851 : 3
	State 10
		mul_ln916 : 1
	State 11
	State 12
	State 13
	State 14
		specfucore_ln916 : 1
		tmp_164 : 1
		trunc_ln915 : 1
		tmp_s : 1
	State 15
		or_ln915 : 1
		and_ln915 : 1
		zext_ln915 : 1
		score_1 : 2
		tmp_168 : 3
		xor_ln915 : 4
		and_ln915_1 : 4
		select_ln915 : 4
		xor_ln915_4 : 1
		and_ln915_2 : 1
		select_ln915_1 : 4
		and_ln915_3 : 4
		xor_ln915_1 : 5
		or_ln915_1 : 5
		and_ln915_4 : 5
		and_ln915_5 : 5
		or_ln915_3 : 5
		xor_ln915_3 : 5
		and_ln915_6 : 5
		or_ln915_2 : 5
	State 16
		score_2 : 1
		rend : 1
		write_ln917 : 2


============================================================
+ Verbose Summary: Datapath Resource usage 
============================================================

* Functional unit list:
|----------|-------------------------------|---------|---------|---------|
| Operation|        Functional Unit        |   DSP   |    FF   |   LUT   |
|----------|-------------------------------|---------|---------|---------|
|          |           grp_fu_565          |    2    |   165   |    49   |
|          |           grp_fu_569          |    2    |   165   |    49   |
|          |           grp_fu_573          |    2    |   165   |    49   |
|          |           grp_fu_577          |    2    |   165   |    49   |
|          |           grp_fu_581          |    2    |   165   |    49   |
|          |           grp_fu_585          |    2    |   165   |    49   |
|          |           grp_fu_589          |    2    |   165   |    49   |
|          |           grp_fu_593          |    2    |   165   |    49   |
|    mul   |           grp_fu_597          |    2    |   165   |    49   |
|          |           grp_fu_601          |    2    |   165   |    49   |
|          |           grp_fu_605          |    2    |   165   |    49   |
|          |           grp_fu_609          |    2    |   165   |    49   |
|          |           grp_fu_613          |    2    |   165   |    49   |
|          |           grp_fu_617          |    2    |   165   |    49   |
|          |           grp_fu_621          |    2    |   165   |    49   |
|          |           grp_fu_625          |    2    |   165   |    49   |
|          |           grp_fu_629          |    2    |    99   |    93   |
|----------|-------------------------------|---------|---------|---------|
|          |       dot_phase_2_fu_658      |    0    |    0    |    23   |
|          |       add_ln797_fu_1270       |    0    |    0    |    47   |
|          |      add_ln797_1_fu_1282      |    0    |    0    |    47   |
|          |      add_ln797_2_fu_1294      |    0    |    0    |    47   |
|          |      add_ln797_3_fu_1306      |    0    |    0    |    47   |
|          |      add_ln797_4_fu_1318      |    0    |    0    |    47   |
|          |      add_ln797_5_fu_1330      |    0    |    0    |    47   |
|          |      add_ln797_6_fu_1342      |    0    |    0    |    47   |
|          |      add_ln797_7_fu_1354      |    0    |    0    |    47   |
|    add   |       add_ln804_fu_1368       |    0    |    0    |    48   |
|          |      add_ln804_1_fu_1382      |    0    |    0    |    48   |
|          |      add_ln804_2_fu_1396      |    0    |    0    |    48   |
|          |      add_ln804_3_fu_1410      |    0    |    0    |    48   |
|          |       add_ln811_fu_1422       |    0    |    0    |    49   |
|          |      add_ln811_1_fu_1434      |    0    |    0    |    49   |
|          |          sum_fu_1448          |    0    |    0    |    50   |
|          |       add_ln822_fu_1459       |    0    |    0    |    12   |
|          |       group_dot_fu_1544       |    0    |    0    |    51   |
|          |        next_dot_fu_1553       |    0    |    0    |    51   |
|          |        score_1_fu_1646        |    0    |    0    |    39   |
|----------|-------------------------------|---------|---------|---------|
|    shl   |        scaled_1_fu_1478       |    0    |    0    |   141   |
|          |        scaled_2_fu_1497       |    0    |    0    |   141   |
|----------|-------------------------------|---------|---------|---------|
|          |      select_ln821_fu_1521     |    0    |    0    |    44   |
|          |         scaled_fu_1528        |    0    |    0    |    44   |
|          |      group_dot_2_fu_1558      |    0    |    0    |    44   |
|  select  |      select_ln915_fu_1682     |    0    |    0    |    2    |
|          |     select_ln915_1_fu_1708    |    0    |    0    |    2    |
|          |     select_ln915_2_fu_1774    |    0    |    0    |    32   |
|          |        score_2_fu_1781        |    0    |    0    |    32   |
|----------|-------------------------------|---------|---------|---------|
|   ashr   |        scaled_3_fu_1505       |    0    |    0    |   141   |
|----------|-------------------------------|---------|---------|---------|
|          |       icmp_ln855_fu_652       |    0    |    0    |    23   |
|          |       icmp_ln860_fu_672       |    0    |    0    |    10   |
|          |       icmp_ln909_fu_1126      |    0    |    0    |    9    |
|   icmp   |       icmp_ln913_fu_1131      |    0    |    0    |    9    |
|          |       icmp_ln821_fu_1454      |    0    |    0    |    12   |
|          |       icmp_ln915_fu_1618      |    0    |    0    |    30   |
|          |      icmp_ln915_1_fu_1672     |    0    |    0    |    9    |
|          |      icmp_ln915_2_fu_1677     |    0    |    0    |    9    |
|----------|-------------------------------|---------|---------|---------|
| sparsemux|       compressed_fu_910       |    0    |    0    |    43   |
|          |          shift_fu_949         |    0    |    0    |    20   |
|----------|-------------------------------|---------|---------|---------|
|    sub   |       sub_ln824_fu_1464       |    0    |    0    |    12   |
|          |      sub_ln824_1_fu_1469      |    0    |    0    |    12   |
|----------|-------------------------------|---------|---------|---------|
|          |       and_ln824_fu_1515       |    0    |    0    |    2    |
|          |       and_ln915_fu_1636       |    0    |    0    |    2    |
|          |      and_ln915_1_fu_1666      |    0    |    0    |    2    |
|    and   |      and_ln915_2_fu_1703      |    0    |    0    |    2    |
|          |      and_ln915_3_fu_1716      |    0    |    0    |    2    |
|          |      and_ln915_4_fu_1739      |    0    |    0    |    2    |
|          |      and_ln915_5_fu_1745      |    0    |    0    |    2    |
|          |      and_ln915_6_fu_1763      |    0    |    0    |    2    |
|----------|-------------------------------|---------|---------|---------|
|          |       xor_ln821_fu_1510       |    0    |    0    |    2    |
|          |       xor_ln915_fu_1660       |    0    |    0    |    2    |
|    xor   |      xor_ln915_4_fu_1697      |    0    |    0    |    2    |
|          |      xor_ln915_1_fu_1722      |    0    |    0    |    2    |
|          |      xor_ln915_2_fu_1734      |    0    |    0    |    2    |
|          |      xor_ln915_3_fu_1757      |    0    |    0    |    2    |
|----------|-------------------------------|---------|---------|---------|
|          |        or_ln915_fu_1630       |    0    |    0    |    2    |
|    or    |       or_ln915_1_fu_1728      |    0    |    0    |    2    |
|          |       or_ln915_3_fu_1751      |    0    |    0    |    2    |
|          |       or_ln915_2_fu_1768      |    0    |    0    |    2    |
|----------|-------------------------------|---------|---------|---------|
|          | total_phases_read_read_fu_326 |    0    |    0    |    0    |
|   read   |      metadata_read_fu_332     |    0    |    0    |    0    |
|          |     packed_k0_read_fu_338     |    0    |    0    |    0    |
|          |     packed_k1_read_fu_344     |    0    |    0    |    0    |
|----------|-------------------------------|---------|---------|---------|
|   write  |    write_ln917_write_fu_350   |    0    |    0    |    0    |
|----------|-------------------------------|---------|---------|---------|
|          |          half_fu_664          |    0    |    0    |    0    |
|          |          phase_fu_668         |    0    |    0    |    0    |
|          |      key_chunk_13_fu_693      |    0    |    0    |    0    |
|   trunc  |      key_chunk_14_fu_697      |    0    |    0    |    0    |
|          |       key_shift_6_fu_761      |    0    |    0    |    0    |
|          |           key_fu_972          |    0    |    0    |    0    |
|          |      trunc_ln915_fu_1581      |    0    |    0    |    0    |
|----------|-------------------------------|---------|---------|---------|
|          |        trunc_ln_fu_678        |    0    |    0    |    0    |
|          |      key_chunk_15_fu_701      |    0    |    0    |    0    |
|          |       key_chunk_8_fu_711      |    0    |    0    |    0    |
|          |       key_chunk_9_fu_721      |    0    |    0    |    0    |
|          |      key_chunk_10_fu_731      |    0    |    0    |    0    |
|          |      key_chunk_11_fu_741      |    0    |    0    |    0    |
|          |      key_chunk_12_fu_751      |    0    |    0    |    0    |
|          |       key_shift_7_fu_765      |    0    |    0    |    0    |
|          |       key_shift_4_fu_775      |    0    |    0    |    0    |
|          |       key_shift_5_fu_785      |    0    |    0    |    0    |
|          |          key_1_fu_976         |    0    |    0    |    0    |
|          |          key_2_fu_986         |    0    |    0    |    0    |
|          |          key_3_fu_996         |    0    |    0    |    0    |
|partselect|         key_4_fu_1006         |    0    |    0    |    0    |
|          |         key_5_fu_1016         |    0    |    0    |    0    |
|          |         key_6_fu_1026         |    0    |    0    |    0    |
|          |         key_7_fu_1036         |    0    |    0    |    0    |
|          |         key_8_fu_1046         |    0    |    0    |    0    |
|          |         key_9_fu_1056         |    0    |    0    |    0    |
|          |         key_10_fu_1066        |    0    |    0    |    0    |
|          |         key_11_fu_1076        |    0    |    0    |    0    |
|          |         key_12_fu_1086        |    0    |    0    |    0    |
|          |         key_13_fu_1096        |    0    |    0    |    0    |
|          |         key_14_fu_1106        |    0    |    0    |    0    |
|          |         key_15_fu_1116        |    0    |    0    |    0    |
|          |         tmp_s_fu_1585         |    0    |    0    |    0    |
|          |         score_fu_1595         |    0    |    0    |    0    |
|----------|-------------------------------|---------|---------|---------|
|          |       zext_ln897_fu_855       |    0    |    0    |    0    |
|          |     add_ln822cast_fu_1475     |    0    |    0    |    0    |
|   zext   |     sext_ln824cast_fu_1493    |    0    |    0    |    0    |
|          |     sub_ln824cast_fu_1502     |    0    |    0    |    0    |
|          |       zext_ln915_fu_1642      |    0    |    0    |    0    |
|----------|-------------------------------|---------|---------|---------|
|          |       sext_ln791_fu_1136      |    0    |    0    |    0    |
|          |      sext_ln791_1_fu_1140     |    0    |    0    |    0    |
|          |      sext_ln791_2_fu_1144     |    0    |    0    |    0    |
|          |      sext_ln791_3_fu_1148     |    0    |    0    |    0    |
|          |      sext_ln791_4_fu_1152     |    0    |    0    |    0    |
|          |      sext_ln791_5_fu_1156     |    0    |    0    |    0    |
|          |      sext_ln791_6_fu_1160     |    0    |    0    |    0    |
|          |      sext_ln791_7_fu_1164     |    0    |    0    |    0    |
|          |      sext_ln791_8_fu_1168     |    0    |    0    |    0    |
|          |      sext_ln791_9_fu_1172     |    0    |    0    |    0    |
|          |     sext_ln791_10_fu_1176     |    0    |    0    |    0    |
|          |     sext_ln791_11_fu_1180     |    0    |    0    |    0    |
|          |     sext_ln791_12_fu_1184     |    0    |    0    |    0    |
|          |     sext_ln791_13_fu_1188     |    0    |    0    |    0    |
|          |     sext_ln791_14_fu_1192     |    0    |    0    |    0    |
|          |     sext_ln791_15_fu_1196     |    0    |    0    |    0    |
|          |     sext_ln791_16_fu_1200     |    0    |    0    |    0    |
|          |     sext_ln791_17_fu_1204     |    0    |    0    |    0    |
|          |     sext_ln791_18_fu_1208     |    0    |    0    |    0    |
|          |     sext_ln791_19_fu_1212     |    0    |    0    |    0    |
|          |     sext_ln791_20_fu_1216     |    0    |    0    |    0    |
|          |     sext_ln791_21_fu_1220     |    0    |    0    |    0    |
|          |     sext_ln791_22_fu_1224     |    0    |    0    |    0    |
|          |     sext_ln791_23_fu_1228     |    0    |    0    |    0    |
|          |     sext_ln791_24_fu_1232     |    0    |    0    |    0    |
|          |     sext_ln791_25_fu_1236     |    0    |    0    |    0    |
|          |     sext_ln791_26_fu_1240     |    0    |    0    |    0    |
|          |     sext_ln791_27_fu_1244     |    0    |    0    |    0    |
|          |     sext_ln791_28_fu_1248     |    0    |    0    |    0    |
|          |     sext_ln791_29_fu_1252     |    0    |    0    |    0    |
|          |     sext_ln791_30_fu_1256     |    0    |    0    |    0    |
|   sext   |     sext_ln791_31_fu_1260     |    0    |    0    |    0    |
|          |       sext_ln797_fu_1264      |    0    |    0    |    0    |
|          |       sext_ln798_fu_1267      |    0    |    0    |    0    |
|          |      sext_ln797_1_fu_1276     |    0    |    0    |    0    |
|          |      sext_ln798_1_fu_1279     |    0    |    0    |    0    |
|          |      sext_ln797_2_fu_1288     |    0    |    0    |    0    |
|          |      sext_ln798_2_fu_1291     |    0    |    0    |    0    |
|          |      sext_ln797_3_fu_1300     |    0    |    0    |    0    |
|          |      sext_ln798_3_fu_1303     |    0    |    0    |    0    |
|          |      sext_ln797_4_fu_1312     |    0    |    0    |    0    |
|          |      sext_ln798_4_fu_1315     |    0    |    0    |    0    |
|          |      sext_ln797_5_fu_1324     |    0    |    0    |    0    |
|          |      sext_ln798_5_fu_1327     |    0    |    0    |    0    |
|          |      sext_ln797_6_fu_1336     |    0    |    0    |    0    |
|          |      sext_ln798_6_fu_1339     |    0    |    0    |    0    |
|          |      sext_ln797_7_fu_1348     |    0    |    0    |    0    |
|          |      sext_ln798_7_fu_1351     |    0    |    0    |    0    |
|          |       sext_ln804_fu_1360      |    0    |    0    |    0    |
|          |       sext_ln805_fu_1364      |    0    |    0    |    0    |
|          |      sext_ln804_1_fu_1374     |    0    |    0    |    0    |
|          |      sext_ln805_1_fu_1378     |    0    |    0    |    0    |
|          |      sext_ln804_2_fu_1388     |    0    |    0    |    0    |
|          |      sext_ln805_2_fu_1392     |    0    |    0    |    0    |
|          |      sext_ln804_3_fu_1402     |    0    |    0    |    0    |
|          |      sext_ln805_3_fu_1406     |    0    |    0    |    0    |
|          |       sext_ln811_fu_1416      |    0    |    0    |    0    |
|          |       sext_ln812_fu_1419      |    0    |    0    |    0    |
|          |      sext_ln811_1_fu_1428     |    0    |    0    |    0    |
|          |      sext_ln812_1_fu_1431     |    0    |    0    |    0    |
|          |       sext_ln815_fu_1440      |    0    |    0    |    0    |
|          |      sext_ln815_1_fu_1444     |    0    |    0    |    0    |
|          |       sext_ln824_fu_1490      |    0    |    0    |    0    |
|          |       sext_ln915_fu_1569      |    0    |    0    |    0    |
|----------|-------------------------------|---------|---------|---------|
|          |          tmp_fu_1483          |    0    |    0    |    0    |
|          |        tmp_164_fu_1573        |    0    |    0    |    0    |
|          |        tmp_165_fu_1604        |    0    |    0    |    0    |
| bitselect|        tmp_166_fu_1611        |    0    |    0    |    0    |
|          |        tmp_167_fu_1623        |    0    |    0    |    0    |
|          |        tmp_168_fu_1652        |    0    |    0    |    0    |
|          |        tmp_169_fu_1690        |    0    |    0    |    0    |
|----------|-------------------------------|---------|---------|---------|
|   Total  |                               |    34   |   2739  |   2626  |
|----------|-------------------------------|---------|---------|---------|

Memories:
N/A

* Register list:
+-------------------------+--------+
|                         |   FF   |
+-------------------------+--------+
|   add_ln804_1_reg_2407  |   42   |
|   add_ln804_2_reg_2412  |   42   |
|   add_ln804_3_reg_2417  |   42   |
|    add_ln804_reg_2402   |   42   |
|    add_ln822_reg_2435   |    5   |
|   and_ln915_4_reg_2499  |    1   |
|    dot_phase_reg_1788   |   16   |
|   group_dot_2_reg_2457  |   44   |
|    group_dot_reg_2451   |   44   |
|group_first_half_reg_1795|   44   |
|      half_reg_1885      |    1   |
|   icmp_ln821_reg_2429   |    1   |
|   icmp_ln855_reg_1881   |    1   |
|   icmp_ln860_reg_1895   |    1   |
|   icmp_ln909_reg_2153   |    1   |
|   icmp_ln913_reg_2158   |    1   |
|     key_10_reg_2123     |    8   |
|     key_11_reg_2128     |    8   |
|     key_12_reg_2133     |    8   |
|     key_13_reg_2138     |    8   |
|     key_14_reg_2143     |    8   |
|     key_15_reg_2148     |    8   |
|      key_1_reg_2078     |    8   |
|      key_2_reg_2083     |    8   |
|      key_3_reg_2088     |    8   |
|      key_4_reg_2093     |    8   |
|      key_5_reg_2098     |    8   |
|      key_6_reg_2103     |    8   |
|      key_7_reg_2108     |    8   |
|      key_8_reg_2113     |    8   |
|      key_9_reg_2118     |    8   |
|   key_chunk_1_reg_1815  |   128  |
|   key_chunk_2_reg_1821  |   128  |
|   key_chunk_3_reg_1827  |   128  |
|   key_chunk_4_reg_1833  |   128  |
|   key_chunk_5_reg_1839  |   128  |
|   key_chunk_6_reg_1845  |   128  |
|   key_chunk_7_reg_1851  |   128  |
|    key_chunk_reg_1809   |   128  |
|       key_reg_2073      |    8   |
|   key_shift_1_reg_1863  |    5   |
|   key_shift_2_reg_1869  |    5   |
|   key_shift_3_reg_1875  |    5   |
|    key_shift_reg_1857   |    5   |
|  mul_ln791_10_reg_2372  |   40   |
|  mul_ln791_11_reg_2377  |   40   |
|  mul_ln791_12_reg_2382  |   40   |
|  mul_ln791_13_reg_2387  |   40   |
|  mul_ln791_14_reg_2392  |   40   |
|  mul_ln791_15_reg_2397  |   40   |
|   mul_ln791_1_reg_2327  |   40   |
|   mul_ln791_2_reg_2332  |   40   |
|   mul_ln791_3_reg_2337  |   40   |
|   mul_ln791_4_reg_2342  |   40   |
|   mul_ln791_5_reg_2347  |   40   |
|   mul_ln791_6_reg_2352  |   40   |
|   mul_ln791_7_reg_2357  |   40   |
|   mul_ln791_8_reg_2362  |   40   |
|   mul_ln791_9_reg_2367  |   40   |
|    mul_ln791_reg_2322   |   40   |
|    mul_ln916_reg_2467   |   58   |
|   or_ln915_2_reg_2504   |    1   |
|      phase_reg_1889     |    3   |
|  query_0_addr_reg_1906  |    3   |
|  query_10_addr_reg_1956 |    3   |
|  query_11_addr_reg_1961 |    3   |
|  query_12_addr_reg_1966 |    3   |
|  query_13_addr_reg_1971 |    3   |
|  query_14_addr_reg_1976 |    3   |
|  query_15_addr_reg_1981 |    3   |
|  query_1_addr_reg_1911  |    3   |
|  query_2_addr_reg_1916  |    3   |
|  query_3_addr_reg_1921  |    3   |
|  query_4_addr_reg_1926  |    3   |
|  query_5_addr_reg_1931  |    3   |
|  query_6_addr_reg_1936  |    3   |
|  query_7_addr_reg_1941  |    3   |
|  query_8_addr_reg_1946  |    3   |
|  query_9_addr_reg_1951  |    3   |
|  query_raw_10_reg_2036  |   32   |
|  query_raw_11_reg_2041  |   32   |
|  query_raw_12_reg_2046  |   32   |
|  query_raw_13_reg_2051  |   32   |
|  query_raw_14_reg_2056  |   32   |
|  query_raw_15_reg_2061  |   32   |
|   query_raw_1_reg_1991  |   32   |
|   query_raw_2_reg_1996  |   32   |
|   query_raw_3_reg_2001  |   32   |
|   query_raw_4_reg_2006  |   32   |
|   query_raw_5_reg_2011  |   32   |
|   query_raw_6_reg_2016  |   32   |
|   query_raw_7_reg_2021  |   32   |
|   query_raw_8_reg_2026  |   32   |
|   query_raw_9_reg_2031  |   32   |
|    query_raw_reg_1986   |   32   |
|     score_1_reg_2494    |   32   |
|  sext_ln791_10_reg_2212 |   40   |
|  sext_ln791_11_reg_2217 |   40   |
|  sext_ln791_12_reg_2222 |   40   |
|  sext_ln791_13_reg_2227 |   40   |
|  sext_ln791_14_reg_2232 |   40   |
|  sext_ln791_15_reg_2237 |   40   |
|  sext_ln791_16_reg_2242 |   40   |
|  sext_ln791_17_reg_2247 |   40   |
|  sext_ln791_18_reg_2252 |   40   |
|  sext_ln791_19_reg_2257 |   40   |
|  sext_ln791_1_reg_2167  |   40   |
|  sext_ln791_20_reg_2262 |   40   |
|  sext_ln791_21_reg_2267 |   40   |
|  sext_ln791_22_reg_2272 |   40   |
|  sext_ln791_23_reg_2277 |   40   |
|  sext_ln791_24_reg_2282 |   40   |
|  sext_ln791_25_reg_2287 |   40   |
|  sext_ln791_26_reg_2292 |   40   |
|  sext_ln791_27_reg_2297 |   40   |
|  sext_ln791_28_reg_2302 |   40   |
|  sext_ln791_29_reg_2307 |   40   |
|  sext_ln791_2_reg_2172  |   40   |
|  sext_ln791_30_reg_2312 |   40   |
|  sext_ln791_31_reg_2317 |   40   |
|  sext_ln791_3_reg_2177  |   40   |
|  sext_ln791_4_reg_2182  |   40   |
|  sext_ln791_5_reg_2187  |   40   |
|  sext_ln791_6_reg_2192  |   40   |
|  sext_ln791_7_reg_2197  |   40   |
|  sext_ln791_8_reg_2202  |   40   |
|  sext_ln791_9_reg_2207  |   40   |
|   sext_ln791_reg_2162   |   40   |
|   sext_ln915_reg_2462   |   58   |
|      shift_reg_2066     |    5   |
|   sub_ln824_1_reg_2446  |    5   |
|    sub_ln824_reg_2440   |    5   |
|       sum_reg_2422      |   44   |
|     tmp_164_reg_2476    |    1   |
|      tmp_s_reg_2488     |    2   |
|    token_dot_reg_1802   |   44   |
|   trunc_ln915_reg_2483  |   23   |
|    trunc_ln_reg_1899    |    2   |
+-------------------------+--------+
|          Total          |  4263  |
+-------------------------+--------+

* Multiplexer (MUX) list: 
|-------------------|------|------|------|--------||---------||---------|
|        Comp       |  Pin | Size |  BW  | S x BW ||  Delay  ||   LUT   |
|-------------------|------|------|------|--------||---------||---------|
| grp_access_fu_364 |  p0  |   2  |   3  |    6   ||    9    |
| grp_access_fu_377 |  p0  |   2  |   3  |    6   ||    9    |
| grp_access_fu_390 |  p0  |   2  |   3  |    6   ||    9    |
| grp_access_fu_403 |  p0  |   2  |   3  |    6   ||    9    |
| grp_access_fu_416 |  p0  |   2  |   3  |    6   ||    9    |
| grp_access_fu_429 |  p0  |   2  |   3  |    6   ||    9    |
| grp_access_fu_442 |  p0  |   2  |   3  |    6   ||    9    |
| grp_access_fu_455 |  p0  |   2  |   3  |    6   ||    9    |
| grp_access_fu_468 |  p0  |   2  |   3  |    6   ||    9    |
| grp_access_fu_481 |  p0  |   2  |   3  |    6   ||    9    |
| grp_access_fu_494 |  p0  |   2  |   3  |    6   ||    9    |
| grp_access_fu_507 |  p0  |   2  |   3  |    6   ||    9    |
| grp_access_fu_520 |  p0  |   2  |   3  |    6   ||    9    |
| grp_access_fu_533 |  p0  |   2  |   3  |    6   ||    9    |
| grp_access_fu_546 |  p0  |   2  |   3  |    6   ||    9    |
| grp_access_fu_559 |  p0  |   2  |   3  |    6   ||    9    |
|     grp_fu_565    |  p0  |   2  |  32  |   64   ||    9    |
|     grp_fu_565    |  p1  |   2  |   8  |   16   ||    9    |
|     grp_fu_569    |  p0  |   2  |  32  |   64   ||    9    |
|     grp_fu_569    |  p1  |   2  |   8  |   16   ||    9    |
|     grp_fu_573    |  p0  |   2  |  32  |   64   ||    9    |
|     grp_fu_573    |  p1  |   2  |   8  |   16   ||    9    |
|     grp_fu_577    |  p0  |   2  |  32  |   64   ||    9    |
|     grp_fu_577    |  p1  |   2  |   8  |   16   ||    9    |
|     grp_fu_581    |  p0  |   2  |  32  |   64   ||    9    |
|     grp_fu_581    |  p1  |   2  |   8  |   16   ||    9    |
|     grp_fu_585    |  p0  |   2  |  32  |   64   ||    9    |
|     grp_fu_585    |  p1  |   2  |   8  |   16   ||    9    |
|     grp_fu_589    |  p0  |   2  |  32  |   64   ||    9    |
|     grp_fu_589    |  p1  |   2  |   8  |   16   ||    9    |
|     grp_fu_593    |  p0  |   2  |  32  |   64   ||    9    |
|     grp_fu_593    |  p1  |   2  |   8  |   16   ||    9    |
|     grp_fu_597    |  p0  |   2  |  32  |   64   ||    9    |
|     grp_fu_597    |  p1  |   2  |   8  |   16   ||    9    |
|     grp_fu_601    |  p0  |   2  |  32  |   64   ||    9    |
|     grp_fu_601    |  p1  |   2  |   8  |   16   ||    9    |
|     grp_fu_605    |  p0  |   2  |  32  |   64   ||    9    |
|     grp_fu_605    |  p1  |   2  |   8  |   16   ||    9    |
|     grp_fu_609    |  p0  |   2  |  32  |   64   ||    9    |
|     grp_fu_609    |  p1  |   2  |   8  |   16   ||    9    |
|     grp_fu_613    |  p0  |   2  |  32  |   64   ||    9    |
|     grp_fu_613    |  p1  |   2  |   8  |   16   ||    9    |
|     grp_fu_617    |  p0  |   2  |  32  |   64   ||    9    |
|     grp_fu_617    |  p1  |   2  |   8  |   16   ||    9    |
|     grp_fu_621    |  p0  |   2  |  32  |   64   ||    9    |
|     grp_fu_621    |  p1  |   2  |   8  |   16   ||    9    |
|     grp_fu_625    |  p0  |   2  |  32  |   64   ||    9    |
|     grp_fu_625    |  p1  |   2  |   8  |   16   ||    9    |
|     grp_fu_629    |  p0  |   2  |  44  |   88   ||    9    |
|-------------------|------|------|------|--------||---------||---------|
|       Total       |      |      |      |  1464  ||  18.963 ||   441   |
|-------------------|------|------|------|--------||---------||---------|



* Summary:
+-----------+--------+--------+--------+--------+
|           |   DSP  |  Delay |   FF   |   LUT  |
+-----------+--------+--------+--------+--------+
|  Function |   34   |    -   |  2739  |  2626  |
|   Memory  |    -   |    -   |    -   |    -   |
|Multiplexer|    -   |   18   |    -   |   441  |
|  Register |    -   |    -   |  4263  |    -   |
+-----------+--------+--------+--------+--------+
|   Total   |   34   |   18   |  7002  |  3067  |
+-----------+--------+--------+--------+--------+
